"anio_acci","nro_acci","fecha","desc_dia","fecha_aprox","hora_aprox","desc_ruta","km","cant_participantes","desc_participante","calle_avenida_km","total","heridos_leves","heridos_graves","heridos_gravisimos","ilesos","fallecidos","sin_datos","posicion_XY","desc_tipo_via","desc_ruta_ori","desc_loc","desc_dpto","desc_tipo_calzada","desc_tipo_banquina","desc_unidad_regional","desc_lugar_calzada","desc_zona","desc_prioridad","desc_estado_semaforo","desc_lugar_via","desc_estado_via","desc_estado_visibilidad","desc_luminosidad","desc_estado_clima","desc_tipo_colision","desc_tipo_atropello","desc_tipo_hecho","desc_pres_calzada","desc_senializacion","desc_separacion_via","desc_restriccion"
2015,139,01/01/2015,"Jueves",0,07:25:00,,"0.0",2,"Automóvil,Automóvil","Candioti Y Luciano Molinas",2,1,0,0,1,0,0,,"S/D",,"SANTA FE","La Capital","Asfalto","S/D","I","S/D","Urbana","S/D","S/D","Intersección","Bueno","S/D","Diurna","Lluvia","Lateral","S/D","Colisión","Agua","S/D","S/D","S/D"
2015,140,05/01/2015,"Lunes",0,,,"0.0",2,"Moto/Ciclomotor,Bicicleta","Av Freyre 2719",2,1,0,0,1,0,0,"-31.642111111111,-60.717333333333","Avenida",,"SANTA FE","La Capital","Asfalto","S/D","I","S/D","Urbana","S/D","S/D","Recta","S/D","S/D","S/D","S/D","S/D","S/D","Atropello","S/D","S/D","S/D","S/D"
2015,141,11/01/2015,"Domingo",0,21:00:00,,"0.0",2,"Moto/Ciclomotor,Moto/Ciclomotor","Av Blas Parera 6500",2,2,0,0,0,0,0,,"Avenida",,"SANTA FE","La Capital","Asfalto","No existe","I","Dentro","Urbana","Ninguna","No existe","Recta","Bueno","Buena","Nocturna,Con luz artificial","Buen Tiempo","Lateral","S/D","Colisión","S/D","S/D","Cordón divisorio","Sin restricción"
2015,142,23/01/2015,"Viernes",0,11:40:00,,"0.0",2,"Peatón,Automóvil","Bv Galvez Y Las Heras",2,1,0,0,1,0,0,"-31.636888888889,-60.697638888889","Avenida",,"SANTA FE","La Capital","S/D","S/D","I","S/D","Urbana","S/D","S/D","Intersección","S/D","S/D","Diurna","S/D","S/D","S/D","Atropello","S/D","S/D","S/D","S/D"
2015,143,27/01/2015,"Martes",0,04:20:00,"Autopista Provincial Brigadier E.López","0.0",2,"Moto/Ciclomotor,Camión","Autopista Santa Fe_Rosario 153",3,2,0,0,1,0,0,,"Autopista","Brigadier E.López","SANTO TOMÉ","La Capital","Asfalto","Natural","I","S/D","Rural","Ninguna","No existe","Recta","Bueno","Buena","Nocturna","Buen Tiempo","Lateral","S/D","Colisión","Ninguna","Faltante","Guardarrail","Sin restricción"
2015,144,05/01/2015,"Lunes",0,,,"0.0",2,"Automóvil,Moto/Ciclomotor","Candido Pujato Y Saavedra",2,1,0,0,1,0,0,,"Calle",,"SANTA FE","La Capital","Asfalto","S/D","I","S/D","Urbana","S/D","S/D","Intersección","S/D","S/D","S/D","S/D","S/D","S/D","Colisión","S/D","S/D","S/D","S/D"
2015,145,12/01/2015,"Lunes",0,09:50:00,,"0.0",2,"Moto/Ciclomotor,Automóvil","Vieytes Y Bernardo de Irigoyen",3,2,0,0,1,0,0,,"Calle",,"SANTA FE","La Capital","Asfalto","Natural","I","Dentro","Urbana","Ninguna","No existe","Intersección","Bueno","Buena","Diurna","Buen Tiempo","Lateral","S/D","Colisión","Agua","Faltante","Ninguna","Sin restricción"
2015,146,08/01/2015,"Jueves",0,20:05:00,"Ruta Nacional 19","96.0",1,"Automóvil"," ",2,1,0,0,1,0,0,,"Ruta",19,"ESTACIÓN CLUCELLAS","Castellanos","Asfalto","Natural","V","Fuera","S/D","Ninguna","No existe","Recta","Bueno","Buena","Atardecer","Buen Tiempo","Contra objeto fijo","S/D","Colisión","Ninguna","S/D","Guardarrail","Sin restricción"
2015,147,12/01/2015,"Lunes",0,21:15:00,,"0.0",2,"Moto/Ciclomotor,Pickup/Utilitario","Gdor. Candioti Y 9 de Julio",2,1,0,0,1,0,0,,"Calle",,"NELSON","La Capital","Tierra","No existe","I","Dentro","Urbana","Ninguna","No existe","Intersección","Bueno","Buena","Nocturna,Con luz artificial","Buen Tiempo","Lateral","S/D","Colisión","Otro","Faltante","Ninguna","Sin restricción"
2015,148,09/01/2015,"Viernes",0,23:00:00,,"0.0",2,"Moto/Ciclomotor,Automóvil","Estanislao Zeballos Y Sebastian Gaboto",2,1,0,0,1,0,0,,"Calle",,"SANTA FE","La Capital","Hormigón","Pavimento","I","Dentro","Urbana","Ninguna","No existe","Intersección","Bueno","Buena","Nocturna,Con luz artificial","Buen Tiempo","Lateral","S/D","Colisión","S/D","Faltante","Ninguna","Sin restricción"
2015,149,09/01/2015,"Viernes",0,02:00:00,,"0.0",2,"Transporte de Pasajeros Larga Distancia (Doble Piso),Automóvil","Av Brasil Y Tucuman",2,1,0,0,1,0,0,,"Calle",,"RAFAELA","Castellanos","Asfalto","S/D","V","S/D","Urbana","Semáforo","Intermitente","Intersección","Bueno","Buena","Nocturna","Lluvia","Lateral","S/D","Colisión","Agua","S/D","Ninguna","Sin restricción"
2015,150,18/01/2015,"Domingo",0,18:30:00,"Ruta Nacional 11","0.0",2,"Moto/Ciclomotor,Automóvil","Ruta Prov 4 ",3,1,0,0,2,0,0,,"Ruta",11,"NELSON","La Capital","Asfalto","Pavimento","I","Dentro","Rural","Ninguna","No existe","Cruce","Con baches","Buena","Diurna","Buen Tiempo","Lateral","S/D","Colisión","Otro","S/D","Ninguna","Sin restricción"
2015,151,14/01/2015,"Miercoles",0,12:45:00,,"0.0",2,"Automóvil,Moto/Ciclomotor","La Plata Y Jorge Newbery",2,0,1,0,1,0,0,,"Calle",,"RAFAELA","Castellanos","Asfalto","No existe","V","S/D","Urbana","S/D","No existe","Intersección","Bueno","Buena","Diurna","Buen Tiempo","Lateral","S/D","Colisión","Ninguna","Faltante","S/D","Sin restricción"
2015,152,21/01/2015,"Miercoles",0,01:05:00,,"0.0",2,"Moto/Ciclomotor,Automóvil","Belgrano Y Balcarce",2,1,0,0,1,0,0,,"Calle",,"SANTA FE","La Capital","S/D","S/D","I","S/D","Urbana","S/D","S/D","Intersección","S/D","S/D","S/D","S/D","Lateral","S/D","Colisión","S/D","S/D","S/D","S/D"
2015,153,06/01/2015,"Martes",0,17:30:00,,"0.0",2,"Moto/Ciclomotor,Automóvil","Hipolito Vieytes Y Colectora De Las Casas",2,1,0,0,1,0,0,,"Avenida",,"RAFAELA","Castellanos","Asfalto,Ripio","S/D","V","Dentro","Urbana","Otra Señal","No existe","Intersección","Con baches","Buena","Diurna","Buen Tiempo","Lateral","S/D","Colisión","Ninguna","Horizontal,Vertical","Cordón divisorio","S/D"
2015,154,19/01/2015,"Lunes",0,09:45:00,"Ruta Nacional 11","483.0",2,"Moto/Ciclomotor,Automóvil","Ruta Nacional 11 483",2,0,0,0,0,0,2,,"Ruta",11,"RECREO","La Capital","S/D","S/D","I","S/D","S/D","S/D","S/D","S/D","S/D","S/D","Diurna","S/D","S/D","S/D","S/D","S/D","S/D","S/D","S/D"
2015,155,08/01/2015,"Jueves",0,05:50:00,,"0.0",2,"Moto/Ciclomotor,Automóvil","Av Blas Parera Y Vieytes",3,2,0,0,1,0,0,,"Avenida",,"SANTA FE","La Capital","Asfalto","No existe","I","Dentro","Urbana","Semáforo","Funciona","Intersección","Bueno","Buena","Amanecer","Buen Tiempo","Lateral","S/D","Colisión","S/D","Horizontal,Vertical","Cordón divisorio","Sin restricción"
2015,156,10/01/2015,"Sabado",0,00:30:00,,"0.0",2,"Moto/Ciclomotor,Taxi/Remis","Av 7 de marzo Y J Macia",3,2,0,0,1,0,0,,"Avenida",,"SANTO TOMÉ","La Capital","Asfalto","No existe","I","Dentro","Urbana","Semáforo","Funciona","Intersección","Bueno","Buena","Nocturna,Con luz artificial","Buen Tiempo","Lateral","S/D","Colisión","S/D","S/D","Línea divisoria pintada","Sin restricción"
2015,157,07/01/2015,"Miercoles",0,22:30:00,,"0.0",2,"Moto/Ciclomotor,Moto/Ciclomotor","J Castelli 5480",2,2,0,0,0,0,0,,"Calle",,"SANTA FE","La Capital","Tierra","Natural","I","Dentro","Urbana","Ninguna","No existe","Recta","Deteriorada","Reducida","Nocturna,Con luz artificial","Buen Tiempo","Lateral","S/D","Colisión","S/D","Faltante","Ninguna","Sin restricción"
2015,158,07/01/2015,"Miercoles",0,20:15:00,,"0.0",2,"Moto/Ciclomotor,Automóvil","Av Blas Parera Y French",2,1,0,0,1,0,0,,"Avenida",,"SANTA FE","La Capital","Asfalto","S/D","I","Dentro","Urbana","Ninguna","No existe","Intersección","Bueno","Buena","Nocturna,Con luz artificial","Buen Tiempo","Lateral","S/D","Colisión","S/D","Horizontal,Vertical","Ninguna","Sin restricción"
2015,159,05/01/2015,"Lunes",0,08:00:00,,"0.0",2,"Moto/Ciclomotor,Automóvil","Av Peñaloza 6500",2,1,0,0,1,0,0,,"Avenida",,"SANTA FE","La Capital","Asfalto","S/D","I","Dentro","Urbana","Ninguna","No existe","Recta","Bueno","Buena","Diurna","Buen Tiempo","Lateral","S/D","Colisión","S/D","Faltante","Cordón divisorio","Sin restricción"
2015,160,04/01/2015,"Domingo",0,10:00:00,,"0.0",2,"Moto/Ciclomotor,Automóvil","Av Blas Parera Y Ayacucho",2,1,0,0,1,0,0,,"Avenida",,"SANTA FE","La Capital","Asfalto","S/D","I","Dentro","Urbana","Semáforo","Funciona","Intersección","Bueno","Buena","Diurna","Buen Tiempo","Lateral","S/D","Colisión","S/D","Horizontal,Vertical","Cordón divisorio","Sin restricción"
2015,161,03/01/2015,"Sabado",0,10:30:00,,"0.0",1,"Transporte de Pasajeros Urbano (> 8 asientos)","Av Blas Parera Y J Castelli",2,1,0,0,1,0,0,,"Avenida",,"SANTA FE","La Capital","Asfalto","Pavimento","I","Dentro","Urbana","Semáforo","Funciona","Intersección","Deteriorada","Buena","Diurna","Buen Tiempo","S/D","S/D","Caída ocupante","S/D","Horizontal,Vertical","Cordón divisorio","Sin restricción"
2015,162,17/01/2015,"Sabado",0,11:00:00,,"0.0",2,"Moto/Ciclomotor,Automóvil","Alberdi Y Calchines",2,1,0,0,1,0,0,,"S/D",,"SANTA FE","La Capital","Asfalto","No existe","I","S/D","Urbana","S/D","No existe","Intersección","Bueno","S/D","Diurna","S/D","Lateral","S/D","Colisión","S/D","Faltante","S/D","S/D"
2015,163,16/01/2015,"Viernes",0,10:10:00,,"0.0",2,"Moto/Ciclomotor,Automóvil","Candioti Y Balcarce",2,1,0,0,1,0,0,,"Calle",,"SANTA FE","La Capital","Asfalto","S/D","I","S/D","Urbana","Semáforo","Funciona","Intersección","S/D","S/D","Diurna","S/D","Lateral","S/D","Colisión","S/D","Vertical","S/D","Sin restricción"
2015,164,26/01/2015,"Lunes",0,15:45:00,,"0.0",2,"Moto/Ciclomotor,Automóvil","Sebastian Gaboto Y Salta",2,1,0,0,1,0,0,,"Calle",,"SANTO TOMÉ","La Capital","Asfalto","Pavimento","I","Dentro","Urbana","Ninguna","No existe","Intersección","S/D","Buena","Diurna","Buen Tiempo","Lateral","S/D","Colisión","S/D","S/D","Ninguna","Sin restricción"
2015,165,14/01/2015,"Miercoles",0,05:50:00,,"0.0",2,"Moto/Ciclomotor,Automóvil","Av 7 de marzo Y Avenida General Bartolome Mitr",2,1,0,0,1,0,0,,"Avenida",,"SANTO TOMÉ","La Capital","Asfalto","Pavimento","I","Dentro","Urbana","S/D","S/D","Intersección","Bueno","S/D","Amanecer,Con luz artificial","Buen Tiempo","Lateral","S/D","Colisión","S/D","S/D","Ninguna","Sin restricción"
2015,166,14/01/2015,"Miercoles",0,14:10:00,,"0.0",2,"Bicicleta,Automóvil","J M Zuviria Y Belgrano",2,1,0,0,1,0,0,"-31.618277777778,-60.693305555556","Calle",,"SANTA FE","La Capital","Asfalto","S/D","I","Dentro","Urbana","Ninguna","S/D","Intersección","Bueno","S/D","Diurna","S/D","Lateral","S/D","Atropello","S/D","S/D","Ninguna","Sin restricción"
2015,167,12/01/2015,"Lunes",0,21:45:00,"Ruta Nacional 11","450.0",2,"Automóvil,Automóvil"," ",2,1,0,0,1,0,0,,"Ruta",11,"SAUCE VIEJO","La Capital","Asfalto","Natural","I","S/D","S/D","Ninguna","No existe","Recta","Bueno","Buena","Nocturna,Con luz artificial","Buen Tiempo","De alcance","S/D","Colisión","S/D","Faltante","Línea divisoria pintada","Sin restricción"
2015,168,12/01/2015,"Lunes",0,18:20:00,,"0.0",2,"Moto/Ciclomotor,Automóvil","Pizzorno Y J Castelli",3,2,0,0,1,0,0,,"Calle",,"SANTA FE","La Capital","Asfalto","Pavimento","I","Dentro","Urbana","Ninguna","No existe","Intersección","Bueno","Buena","Diurna","Buen Tiempo","Lateral","S/D","Colisión","S/D","Faltante","Ninguna","Sin restricción"
2015,169,11/01/2015,"Domingo",0,13:30:00,"Ruta Nacional 11","0.0",2,"Automóvil,Moto/Ciclomotor","RTA. NAC.11  Y JUJUY",2,1,0,0,1,0,0,,"Ruta",11,"SAUCE VIEJO","La Capital","Asfalto","Natural","I","S/D","S/D","Ninguna","No existe","Recta","Bueno","Buena","Diurna","Buen Tiempo","Frontal","S/D","Colisión","S/D","Faltante","Línea divisoria pintada","Sin restricción"
2015,170,15/01/2015,"Jueves",0,19:50:00,,"0.0",2,"Pickup/Utilitario,Moto/Ciclomotor","Av Galicia Y Belgrano",3,1,0,0,2,0,0,,"Calle",,"SANTA FE","La Capital","Asfalto","S/D","I","S/D","Urbana","S/D","S/D","Intersección","Bueno","Buena","Diurna","S/D","Lateral","S/D","Colisión","S/D","S/D","S/D","S/D"
2015,171,12/01/2015,"Lunes",0,21:00:00,,"0.0",2,"Moto/Ciclomotor,Automóvil","Las Heras Y Pedro Centeno",2,1,0,0,1,0,0,,"Calle",,"SANTA FE","La Capital","Asfalto","No existe","I","S/D","Urbana","S/D","No existe","Intersección","Bueno","S/D","Nocturna","S/D","Lateral","S/D","Colisión","S/D","Faltante","Ninguna","Sin restricción"
2015,172,29/01/2015,"Jueves",0,19:30:00,"Ruta Nacional 19","0.0",2,"Moto/Ciclomotor,Automóvil","Azcuenaga ",2,1,0,0,1,0,0,,"Ruta",19,"SANTO TOMÉ","La Capital","Asfalto","Pavimento","I","S/D","Urbana","Semáforo","Funciona","Intersección","Bueno","Buena","Atardecer","Buen Tiempo","Lateral","S/D","Colisión","S/D","S/D","Línea divisoria pintada","Sin restricción"
2015,173,05/01/2015,"Lunes",0,09:55:00,,"0.0",2,"Automóvil,Moto/Ciclomotor","Grl Brig Estanislao Lopez Y Avenida Nuestra Señora del Luj",2,1,0,0,1,0,0,,"Avenida",,"SANTO TOMÉ","La Capital","Asfalto","S/D","I","S/D","Urbana","S/D","Funciona","Intersección","Bueno","Buena","Diurna","Buen Tiempo","Lateral","S/D","Colisión","S/D","Vertical","Línea divisoria pintada","Sin restricción"
2015,174,14/01/2015,"Miercoles",0,05:50:00,,"0.0",2,"Automóvil,Moto/Ciclomotor","Av 7 de marzo Y Avenida General Bartolome Mitr",2,1,0,0,1,0,0,,"Avenida",,"SANTO TOMÉ","La Capital","Asfalto","S/D","I","S/D","Urbana","Ninguna","No existe","Intersección","Bueno","Buena","Amanecer","Buen Tiempo","Lateral","S/D","Colisión","S/D","Vertical","Línea divisoria pintada","Sin restricción"
2015,175,29/01/2015,"Jueves",0,19:30:00,,"0.0",2,"Moto/Ciclomotor,Automóvil","Libertad Y Pres Domingo Faustino Sarmient",2,1,0,0,1,0,0,,"Calle",,"SANTO TOMÉ","La Capital","Asfalto","S/D","I","Dentro","Urbana","Ninguna","No existe","Intersección","Con baches","Buena","Atardecer","Buen Tiempo","Lateral","S/D","Colisión","S/D","S/D","Ninguna","Sin restricción"
2015,176,12/01/2015,"Lunes",0,04:30:00,,"0.0",1,,"Presidente Bernardino Rivadavi Y Pasaje Almte Guillermo Brown",2,1,0,0,1,0,0,,"Calle",,"SANTO TOMÉ","La Capital","Asfalto","No existe","I","Dentro","Urbana","Ninguna","No existe","Intersección","Bueno","Buena","Nocturna","Buen Tiempo","Lateral","S/D","Colisión","S/D","Faltante","Ninguna","Sin restricción"
2015,177,20/01/2015,"Martes",0,14:00:00,,"0.0",2,"Bicicleta,Automóvil","Guemes Y Luciano Molinas",2,1,0,0,1,0,0,"-31.634888888889,-60.687972222222","Calle",,"SANTA FE","La Capital","Asfalto","S/D","I","Dentro","Urbana","S/D","S/D","Intersección","S/D","S/D","Diurna","Buen Tiempo","S/D","S/D","Atropello","S/D","S/D","S/D","Sin restricción"
2015,178,22/01/2015,"Jueves",0,13:15:00,,"0.0",2,"Automóvil,Automóvil","Balcarce Y Belgrano",2,1,0,0,1,0,0,,"Calle",,"SANTA FE","La Capital","S/D","S/D","I","Dentro","Urbana","S/D","S/D","Intersección","S/D","S/D","Diurna","S/D","Lateral","S/D","Colisión","S/D","S/D","S/D","S/D"
2015,179,10/01/2015,"Sabado",0,21:30:00,,"0.0",2,"Moto/Ciclomotor,Automóvil","PUENTE CARRETERO 1 ARCO SANTO TOME ",3,2,0,0,1,0,0,,"Calle",,"SANTO TOMÉ","La Capital","Asfalto","No existe","I","S/D","Urbana","Ninguna","No existe","Puente","Bueno","Buena","Nocturna","Buen Tiempo","De alcance","S/D","Colisión","Otro","Faltante","Línea divisoria pintada","Sin restricción"
2015,180,26/01/2015,"Lunes",0,15:45:00,,"0.0",2,"Automóvil,Moto/Ciclomotor","Sebastian Gaboto Y Salta",2,1,0,0,1,0,0,,"Calle",,"SANTA FE","La Capital","Asfalto","No existe","I","S/D","Urbana","Ninguna","No existe","Intersección","Bueno","Buena","Diurna","Buen Tiempo","Lateral","S/D","Colisión","S/D","Faltante","Ninguna","Sin restricción"
2015,181,14/01/2015,"Miercoles",0,19:00:00,,"0.0",2,"Moto/Ciclomotor,Automóvil","Avenida Nuestra Señora del Luj Y Avenida Del Trabajo",2,1,0,0,1,0,0,,"Avenida",,"SANTO TOMÉ","La Capital","Asfalto","No existe","I","S/D","Urbana","Ninguna","No existe","Intersección","Bueno","Buena","Atardecer","Buen Tiempo","Lateral","S/D","Colisión","S/D","S/D","Ninguna","Sin restricción"
2015,182,23/01/2015,"Viernes",0,09:30:00,,"0.0",2,"Moto/Ciclomotor,Pickup/Utilitario","Francia Y Moreno",2,0,0,0,0,0,2,,"Calle",,"SANTA FE","La Capital","Asfalto","S/D","I","S/D","Urbana","S/D","S/D","Intersección","S/D","S/D","Diurna","S/D","S/D","S/D","Colisión","S/D","S/D","S/D","S/D"
2015,183,03/01/2015,"Sabado",0,13:35:00,,"0.0",2,"Moto/Ciclomotor,Automóvil","Bv C Pellegrini Y Gral Urquiza",2,1,0,0,1,0,0,,"Calle",,"SAN JUSTO","San Justo","Asfalto","No existe","XVI","Dentro","Urbana","Ninguna","No existe","Intersección","Bueno","Buena","Diurna","Buen Tiempo","Lateral","S/D","Colisión","Ninguna","Horizontal","Ninguna","Sin restricción"
2015,184,19/01/2015,"Lunes",0,09:00:00,,"0.0",1,"Transporte de Pasajeros Urbano (> 8 asientos)","Av Freyre Y Monseñor Zaspe",2,0,1,0,0,0,1,,"S/D",,"SANTA FE","La Capital","Asfalto","S/D","I","S/D","S/D","S/D","S/D","Intersección","S/D","S/D","Diurna","S/D","S/D","S/D","Otro","S/D","S/D","S/D","S/D"
2015,185,06/01/2015,"Martes",0,12:50:00,,"0.0",1,"Automóvil","ARISTOBULO DEL VALLE 11100",1,0,1,0,0,0,0,,"Avenida",,"ANGEL GALLARDO","La Capital","Hormigón","Natural","I","Fuera","Rural","Ninguna","No existe","Recta","Bueno","Buena","Diurna","Buen Tiempo","S/D","S/D","Despiste","Ninguna","S/D","Ninguna","Sin restricción"
2015,186,15/01/2015,"Jueves",0,14:20:00,,"0.0",2,"Moto/Ciclomotor,Ambulancia","Alvear Y Castellanos",3,1,0,0,2,0,0,,"Calle",,"SANTA FE","La Capital","Asfalto","No existe","I","Dentro","Urbana","Ninguna","No existe","Intersección","Bueno","Buena","Diurna","S/D","Lateral","S/D","Colisión","S/D","Faltante","S/D","Sin restricción"
2015,187,06/01/2015,"Martes",0,10:00:00,,"0.0",2,"Automóvil,Moto/Ciclomotor","Belgrano Y B de Tucuman",2,0,1,0,1,0,0,,"Calle",,"SAN JUSTO","San Justo","Hormigón","No existe","XVI","Dentro","Urbana","Ninguna","No existe","Intersección","Bueno","Buena","Diurna","Buen Tiempo","Lateral","S/D","Colisión","Ninguna","Vertical","Ninguna","Sin restricción"
2015,188,16/01/2015,"Viernes",0,13:30:00,,"0.0",2,"Automóvil,Moto/Ciclomotor","Yapeyu Y Rivadavia",2,1,0,0,1,0,0,,"Calle",,"ROMANG","San Javier","Tierra","No existe","XIV","Dentro","Urbana","Ninguna","No existe","Intersección","Con baches","Buena","Diurna","Buen Tiempo","Lateral","S/D","Colisión","Ninguna","Faltante","Ninguna","Sin restricción"
2015,189,31/01/2015,"Sabado",0,20:40:00,,"0.0",2,"Automóvil,Moto/Ciclomotor","Caseros ",2,1,0,0,1,0,0,,"Calle",,"SAN CRISTÓBAL","San Cristóbal","Asfalto","S/D","XIII","Dentro","Urbana","Ninguna","No existe","Intersección","Bueno","Buena","Nocturna","Buen Tiempo","Frontal","S/D","Colisión","Ninguna","Faltante","Ninguna","Sin restricción"
2015,190,18/01/2015,"Domingo",0,10:35:00,,"0.0",2,"Moto/Ciclomotor,Otros","J J Paso Y Av Urquiza",2,0,0,0,0,0,2,,"Calle",,"SANTA FE","La Capital","Asfalto","S/D","I","S/D","Urbana","S/D","S/D","Intersección","S/D","S/D","Diurna","S/D","S/D","S/D","Colisión","S/D","S/D","S/D","S/D"
2015,191,28/01/2015,"Miercoles",0,10:00:00,,"0.0",2,"Automóvil,Automóvil","Monseñor Zaspe Y Saavedra",2,1,0,0,0,0,1,,"Calle",,"SANTA FE","La Capital","Asfalto","S/D","I","S/D","Urbana","S/D","S/D","Intersección","S/D","S/D","Diurna","S/D","S/D","S/D","Colisión","S/D","S/D","S/D","S/D"
2015,192,24/01/2015,"Sabado",0,16:40:00,"Ruta Nacional 11","0.0",2,"Automóvil,Automóvil"," ",2,1,0,0,1,0,0,,"Ruta",11,"SANTA FE","La Capital","Asfalto","S/D","I","Dentro","Urbana","S/D","S/D","Intersección","Bueno","S/D","Diurna","Buen Tiempo","Frontal","S/D","Colisión","S/D","S/D","Cordón divisorio,Línea divisoria pintada","S/D"
2015,193,16/01/2015,"Viernes",0,18:30:00,,"0.0",2,"Moto/Ciclomotor,Automóvil","Monseñor Zaspe Y Francia",2,0,0,0,0,0,2,,"Calle",,"SANTA FE","La Capital","S/D","S/D","I","S/D","Urbana","S/D","S/D","S/D","S/D","S/D","Atardecer","S/D","S/D","S/D","Colisión","S/D","S/D","S/D","S/D"
2015,194,29/01/2015,"Jueves",0,19:45:00,,"0.0",1,"Moto/Ciclomotor","Pringles 1400",1,1,0,0,0,0,0,,"Calle",,"SAN CRISTÓBAL","San Cristóbal","Ripio","No existe","XIII","Dentro","Urbana","Ninguna","No existe","Recta","Con baches,Deteriorada","Buena","Diurna","Buen Tiempo","S/D","S/D","Caída ocupante","Agua","Faltante","Ninguna","Sin restricción"
2015,195,25/01/2015,"Domingo",0,20:30:00,,"0.0",2,"Pickup/Utilitario,Bicicleta","C Ramseyer Y A Illia",3,2,0,0,1,0,0,,"Calle",,"ROMANG","San Javier","Tierra","No existe","XIV","Dentro","Urbana","Ninguna","No existe","Recta","Bueno","Reducida","Nocturna","Buen Tiempo","S/D","S/D","Atropello","Ninguna","Faltante","Ninguna","Sin restricción"
2015,196,06/01/2015,"Martes",0,18:15:00,,"0.0",2,"Automóvil,Automóvil","R E De San Martin Y Belgrano",4,4,0,0,0,0,0,,"Calle",,"SAN JUSTO","San Justo","Hormigón","No existe","XVI","Dentro","Urbana","Ninguna","No existe","Intersección","Bueno","Buena","Diurna","Buen Tiempo","Frontal,Lateral","S/D","Colisión","Ninguna","Faltante","Ninguna","Sin restricción"
2015,197,10/01/2015,"Sabado",0,20:10:00,,"0.0",2,"Moto/Ciclomotor,Automóvil","Cordoba Y Pres Domingo Faustino Sarmient",3,2,0,0,1,0,0,,"Calle",,"SANTO TOMÉ","La Capital","Asfalto","Pavimento","I","S/D","Urbana","Marca Vial","No existe","Intersección","Con baches","Buena","Atardecer","Buen Tiempo","Lateral","S/D","Colisión","Agua","Faltante","Ninguna","Sin restricción"
2015,198,17/01/2015,"Sabado",0,19:00:00,,"0.0",1,"Moto/Ciclomotor","Avenida Nuestra Señora del Luj Y Primera Junta",2,1,0,0,1,0,0,,"Avenida",,"SANTO TOMÉ","La Capital","Asfalto","Pavimento","I","Dentro","Urbana","S/D","No existe","Intersección","Bueno","Buena","Atardecer","S/D","Contra objeto fijo","S/D","Colisión","S/D","S/D","S/D","S/D"
2015,199,23/01/2015,"Viernes",0,05:45:00,"Ruta Nacional 34","248.0",2,"Automóvil,Camión"," ",7,6,0,0,1,0,0,,"Ruta",34,"ATALIVA","Castellanos","Asfalto","Natural","V","S/D","Rural","Ninguna","No existe","Curva","Bueno","Buena","Amanecer","Buen Tiempo","Lateral","S/D","Colisión","Ninguna","Horizontal,Vertical","Línea divisoria pintada","S/D"
2015,200,16/01/2015,"Viernes",0,14:10:00,,"0.0",2,"Moto/Ciclomotor,Automóvil","Dr Zavalla Y San Juan",2,1,0,0,0,0,1,,"Calle",,"SANTA FE","La Capital","Asfalto","S/D","I","S/D","Urbana","S/D","S/D","Intersección","S/D","S/D","S/D","S/D","S/D","S/D","Colisión","S/D","S/D","S/D","S/D"
2015,201,24/01/2015,"Sabado",0,16:00:00,,"0.0",1,"Moto/Ciclomotor","Alberdi Y E Lopez",1,0,1,0,0,0,0,,"Calle",,"SAN CRISTÓBAL","San Cristóbal","Ripio","No existe","XIII","Dentro","Urbana","Ninguna","No existe","Intersección","Bueno","Buena","Diurna","Buen Tiempo","Otro","S/D","Caída ocupante","Ninguna","Faltante","Ninguna","S/D"
2015,202,27/01/2015,"Martes",0,19:55:00,,"0.0",2,"Moto/Ciclomotor,Pickup/Utilitario","A Illia ",3,2,0,0,1,0,0,,"Calle",,"ROMANG","San Javier","Tierra","S/D","XIV","S/D","Urbana","Ninguna","No existe","Intersección","Bueno","Buena","Atardecer","Buen Tiempo","Lateral","S/D","Colisión","Ninguna","Faltante","Ninguna","S/D"
2015,203,16/01/2015,"Viernes",0,22:30:00,,"0.0",1,"Moto/Ciclomotor","Rca Oriental del Uruguay Y Mariano Candioti",1,1,0,0,0,0,0,,"Calle",,"SANTO TOMÉ","La Capital","Asfalto","No existe","I","Dentro","Urbana","S/D","No existe","Intersección","Bueno","Buena","Nocturna","Buen Tiempo","Atropello animal","S/D","Colisión","S/D","Faltante","Ninguna","Sin restricción"
2015,204,02/01/2015,"Viernes",0,21:00:00,,"0.0",2,"Moto/Ciclomotor,Automóvil","Hernandarias 4100",2,1,0,0,1,0,0,,"Calle",,"SANTA FE","La Capital","Asfalto","Pavimento","I","Dentro","Urbana","Ninguna","No existe","Recta","Deteriorada","Reducida","Nocturna","Buen Tiempo","De alcance","S/D","Colisión","S/D","Faltante","Ninguna","Sin restricción"
2015,205,06/01/2015,"Martes",0,15:30:00,,"0.0",2,"Automóvil,Moto/Ciclomotor","Av Gral Lopez Y Dr Zavalla",3,1,0,0,0,0,2,,"S/D",,"SANTA FE","La Capital","Asfalto","S/D","I","S/D","Urbana","S/D","S/D","Intersección","S/D","S/D","S/D","S/D","S/D","S/D","Colisión","S/D","S/D","S/D","S/D"