"anio_acci","nro_acci","fecha","desc_dia","fecha_aprox","hora_aprox","desc_ruta","km","cant_participantes","desc_participante","calle_avenida_km","total","heridos_leves","heridos_graves","heridos_gravisimos","ilesos","fallecidos","sin_datos","posicion_XY","desc_tipo_via","desc_ruta_ori","desc_loc","desc_dpto","desc_tipo_calzada","desc_tipo_banquina","desc_unidad_regional","desc_lugar_calzada","desc_zona","desc_prioridad","desc_estado_semaforo","desc_lugar_via","desc_estado_via","desc_estado_visibilidad","desc_luminosidad","desc_estado_clima","desc_tipo_colision","desc_tipo_atropello","desc_tipo_hecho","desc_pres_calzada","desc_senializacion","desc_separacion_via","desc_restriccion"
2015,206,15/01/2015,"Jueves",0,09:30:00,,"0.0",1,"Bicicleta","Avenida Nuestra Señora del Luj Y 12 de septiembre",1,1,0,0,0,0,0,"-31.679416666667,-60.774194444444","Calle",,"SANTO TOMÉ","La Capital","Asfalto","S/D","I","Dentro","Urbana","S/D","Funciona","Intersección","Bueno","S/D","Diurna","Buen Tiempo","S/D","S/D","Atropello","S/D","S/D","S/D","Sin restricción"
2015,207,16/01/2015,"Viernes",0,15:50:00,,"0.0",2,"Moto/Ciclomotor,Automóvil","Italia Y Bv R S Pe±a",2,1,0,0,1,0,0,,"Calle",,"SAN JUSTO","San Justo","Hormigón","No existe","XVI","Dentro","Urbana","Ninguna","No existe","Intersección","Bueno","Buena","Diurna","Buen Tiempo","Frontal","S/D","Colisión","Ninguna","Faltante","Vegetación","Sin restricción"
2015,208,25/01/2015,"Domingo",0,19:30:00,,"0.0",2,"Automóvil,Moto/Ciclomotor","Hector Estela 1243",3,1,1,0,1,0,0,,"S/D",,"TOSTADO","9 de Julio","Ripio","No existe","XII","S/D","Urbana","Ninguna","No existe","Recta","Bueno","Buena","Diurna","Buen Tiempo","Lateral","S/D","Colisión","Ninguna","S/D","Ninguna","Sin restricción"
2015,209,15/01/2015,"Jueves",0,18:50:00,,"0.0",2,"Moto/Ciclomotor,Automóvil","Moreno Y Sarmiento",2,1,0,0,1,0,0,,"Calle",,"GÁLVEZ","San Jerónimo","Asfalto","S/D","XV","Dentro","Urbana","Ninguna","No existe","Intersección","Bueno","Buena","Diurna","Buen Tiempo","Frontal","S/D","Colisión","S/D","S/D","Ninguna","Sin restricción"
2015,210,31/01/2015,"Sabado",0,17:30:00,,"0.0",2,"Moto/Ciclomotor,Automóvil","Av Malvinas Argentinas Y Lisandro de La Torre",2,1,0,0,0,0,1,,"Avenida",,"SANTO TOMÉ","La Capital","Tierra","No existe","I","Dentro","Urbana","S/D","No existe","Intersección","Bueno","Buena","Diurna","Buen Tiempo","Lateral","S/D","Colisión","Otro","Faltante","Ninguna","Sin restricción"
2015,211,01/01/2015,"Jueves",1,16:30:00,,"0.0",2,"Pickup/Utilitario,Moto/Ciclomotor","Corrientes Y Dr Zavalla",3,1,0,0,0,0,2,,"Calle",,"SANTA FE","La Capital","Asfalto","S/D","I","S/D","Urbana","S/D","S/D","Intersección","S/D","S/D","Diurna","S/D","S/D","S/D","Colisión","S/D","S/D","S/D","S/D"
2015,213,31/01/2015,"Sabado",0,14:45:00,,"0.0",2,"Moto/Ciclomotor,Pickup/Utilitario","José Pedroni Y Rio Negro bis",2,0,1,0,1,0,0,,"Calle",,"GÁLVEZ","San Jerónimo","Asfalto","No existe","XV","Dentro","Urbana","Ninguna","No existe","Intersección","Bueno","Buena","Diurna","Buen Tiempo","Lateral","S/D","Colisión","S/D","Vertical","Ninguna","Sin restricción"
2015,214,23/01/2015,"Viernes",0,19:05:00,,"0.0",2,"Automóvil,Moto/Ciclomotor","Av Eduardo Minetti Y Bernardino Rivadavia",2,1,0,0,1,0,0,,"Calle",,"VILLA MINETTI","9 de Julio","Ripio","No existe","XII","Dentro","Urbana","Ninguna","No existe","Intersección","Resbaladiza","S/D","Diurna","Buen Tiempo","Lateral","S/D","Colisión","Material Suelto","Faltante","Vegetación","Sin restricción"
2015,215,18/01/2015,"Domingo",0,,,"0.0",2,"Automóvil,Moto/Ciclomotor","Avenida de Mayo Y Avenida Chacabuco",7,1,1,0,5,0,0,,"Avenida",,"CERES","San Cristóbal","Hormigón","No existe","XIII","Dentro","Urbana","Ninguna","No existe","Rotonda","Bueno","Buena","Nocturna,Con luz artificial","Buen Tiempo","Frontal","S/D","Colisión","S/D","Faltante","Ninguna","Sin restricción"
2015,216,20/01/2015,"Martes",0,11:45:00,"Ruta Nacional 34","327.0",1,"Camión"," ",2,2,0,0,0,0,0,,"Ruta",34,"CURUPAITY","San Cristóbal","Asfalto","Natural","XIII","Dentro","Urbana","S/D","No existe","Cruce","Bueno","Buena","Diurna","Buen Tiempo","S/D","S/D","Vuelco","Ninguna","Horizontal","Línea divisoria pintada","S/D"
2015,217,16/01/2015,"Viernes",0,11:30:00,,"0.0",2,"Moto/Ciclomotor,Automóvil","1ro de Mayo Y Gral Urquiza",2,1,0,0,1,0,0,,"Calle",,"SAN JUSTO","San Justo","Hormigón","No existe","XVI","Dentro","Urbana","Ninguna","No existe","Recta","Bueno","Buena","Diurna","Buen Tiempo","Frontal","S/D","Colisión","Ninguna","Faltante","Ninguna","Sin restricción"
2015,218,24/01/2015,"Sabado",0,07:00:00,,"0.0",2,"Automóvil,Moto/Ciclomotor","Dr Hector Lopez Y Lopez y Planes",4,1,0,0,0,0,3,,"Calle",,"CORONDA","San Jerónimo","Arena","Natural","XV","Dentro","Urbana","Ninguna","No existe","Intersección","Con baches","Buena","Amanecer","Buen Tiempo","Frontal","S/D","Despiste","Ninguna","Faltante","Vegetación","Sin restricción"
2015,219,10/01/2015,"Sabado",0,21:45:00,,"0.0",2,"Moto/Ciclomotor,Automóvil","CATAMARCA Y CONSTITUCIÓN",2,0,1,0,1,0,0,,"Calle",,"SAN VICENTE.","Castellanos","Asfalto","No existe","V","Dentro","Urbana","Ninguna","No existe","Intersección","Bueno","Reducida","Nocturna,Con luz artificial","Lluvia","Lateral","S/D","Colisión","Agua","Faltante","Ninguna","Sin restricción"
2015,220,28/01/2015,"Miercoles",0,09:00:00,,"0.0",2,"Moto/Ciclomotor,Automóvil","CALLE L.LELOIR Y J. BUSANICHE",2,1,0,0,1,0,0,,"Calle",,"SANTA FE","La Capital","Hormigón","Pavimento","I","Dentro","Urbana","Otra Señal","No existe","Intersección","Bueno","Buena","Diurna","Buen Tiempo","Frontal","S/D","Colisión","Otro","Faltante","Ninguna","Sin restricción"
2015,221,09/01/2015,"Viernes",0,11:30:00,,"0.0",2,"Moto/Ciclomotor,Automóvil","3 de febrero Y 12 de septiembre",2,1,0,0,1,0,0,,"Calle",,"SANTO TOMÉ","La Capital","Ripio","No existe","I","Dentro","Urbana","S/D","No existe","Intersección","Bueno","Buena","Diurna","Buen Tiempo","Lateral","S/D","Colisión","Otro","Faltante","S/D","Sin restricción"
2015,222,06/01/2015,"Martes",0,20:20:00,,"0.0",1,"Moto/Ciclomotor"," ",1,1,0,0,0,0,0,,"S/D",,"VILLA MINETTI","9 de Julio","Asfalto","No existe","XII","Dentro","Urbana","Ninguna","No existe","Recta","Bueno,Resbaladiza","Reducida","Nocturna,Con luz artificial","Buen Tiempo","S/D","S/D","Caída ocupante","Material Suelto","Faltante","Cordón divisorio","Sin restricción"
2015,223,17/01/2015,"Sabado",0,07:15:00,,"0.0",2,"Pickup/Utilitario,Moto/Ciclomotor","Av 7 de marzo Y Simon de Iriondo",4,1,0,0,3,0,0,,"Avenida",,"SANTO TOMÉ","La Capital","Asfalto","No existe","I","S/D","Urbana","Ninguna","Funciona","Intersección","Bueno","Buena","Amanecer","Buen Tiempo","De alcance","S/D","Colisión","S/D","Vertical","Línea divisoria pintada","Sin restricción"
2015,224,25/01/2015,"Domingo",0,05:00:00,,"0.0",2,"Automóvil,Moto/Ciclomotor","7 de marzo Y Salta",3,1,1,0,1,0,0,,"Calle",,"SANTO TOMÉ","La Capital","Asfalto","S/D","I","Dentro","Urbana","S/D","No existe","Recta","Bueno","Buena","Nocturna","S/D","Lateral","S/D","Colisión","S/D","S/D","S/D","S/D"
2015,225,03/01/2015,"Sabado",0,13:00:00,,"0.0",2,"Moto/Ciclomotor,Automóvil","Saavedra ",2,1,0,0,0,0,1,,"Calle",,"TOSTADO","9 de Julio","Asfalto","S/D","XII","S/D","Urbana","Ninguna","No existe","Intersección","Bueno","Buena","Diurna","Buen Tiempo","Lateral","S/D","Colisión","Ninguna","S/D","Ninguna","Sin restricción"
2015,226,17/01/2015,"Sabado",0,12:05:00,,"0.0",2,"Moto/Ciclomotor,Automóvil","Irigoyen Freyre Y R Godoy",2,1,0,0,1,0,0,,"Calle",,"SANTA FE","La Capital","S/D","S/D","I","S/D","Urbana","S/D","S/D","S/D","S/D","S/D","Diurna","S/D","S/D","S/D","Colisión","S/D","S/D","S/D","S/D"
2015,227,22/01/2015,"Jueves",0,08:15:00,,"0.0",2,"Moto/Ciclomotor,Moto/Ciclomotor","Independencia Y Haiti",2,2,0,0,0,0,0,,"Calle",,"TOSTADO","9 de Julio","Ripio","Natural","XII","S/D","Urbana","Ninguna","No existe","Intersección","Bueno","Buena","Diurna","Buen Tiempo","Otro","S/D","Colisión","Ninguna","Faltante","Ninguna","Sin restricción"
2015,228,14/01/2015,"Miercoles",0,16:30:00,,"0.0",1,"Moto/Ciclomotor","Cornelio Saavedra Y Azcuenaga",1,0,1,0,0,0,0,,"Calle",,"CERES","San Cristóbal","Asfalto","S/D","XIII","Dentro","Urbana","Ninguna","No existe","Intersección","Resbaladiza","S/D","Diurna","Buen Tiempo","S/D","S/D","Caída ocupante","Material Suelto","S/D","S/D","Sin restricción"
2015,229,15/01/2015,"Jueves",0,08:50:00,"Ruta Provincial 23","0.0",2,"Automóvil,Automóvil","Angela de la Casa ",4,3,0,0,1,0,0,,"Ruta",23,"SAN GUILLERMO","San Cristóbal","Asfalto","Natural","XIII","Dentro","Urbana","Ninguna","No existe","Recta","Bueno","Buena","Diurna","Buen Tiempo","Frontal","S/D","Colisión","S/D","S/D","Ninguna","Sin restricción"
2015,230,25/01/2015,"Domingo",0,23:50:00,,"0.0",2,"Moto/Ciclomotor,Automóvil","Avenida Rivadavia Y 12 de Octubre",5,1,0,0,0,0,4,,"Avenida",,"TOSTADO","9 de Julio","Asfalto","S/D","XII","S/D","Urbana","Ninguna","No existe","Intersección","Bueno","Buena","Nocturna","Buen Tiempo","Lateral","S/D","Colisión","Ninguna","Horizontal","Ninguna","S/D"
2015,231,14/01/2015,"Miercoles",0,19:40:00,,"0.0",1,"Moto/Ciclomotor","Alberdi Y Sarmiento",1,0,1,0,0,0,0,,"Calle",,"SAN CRISTÓBAL","San Cristóbal","Ripio","S/D","XIII","Dentro","Urbana","Ninguna","No existe","Intersección","Bueno","Buena","Atardecer","Buen Tiempo","Atropello animal","S/D","Colisión","Ninguna","Faltante","Ninguna","Sin restricción"
2015,232,13/01/2015,"Martes",0,10:00:00,,"0.0",2,"Moto/Ciclomotor,Automóvil","Bv San Martin Y Hipolito Irigoyen",2,1,0,0,1,0,0,,"Calle",,"SAN CRISTÓBAL","San Cristóbal","Asfalto","Natural","XIII","S/D","Urbana","Ninguna","No existe","Intersección","Bueno","Buena","Diurna","Buen Tiempo","Lateral","S/D","Colisión","Ninguna","Faltante","Ninguna","Sin restricción"
2015,233,05/01/2015,"Lunes",0,,,"0.0",2,"Pickup/Utilitario,Moto/Ciclomotor","Av Freyre Y Obispo Gelabert",2,1,0,0,1,0,0,,"Avenida",,"SANTA FE","La Capital","Asfalto","S/D","I","S/D","Urbana","S/D","S/D","Intersección","S/D","S/D","S/D","S/D","S/D","S/D","Colisión","S/D","S/D","S/D","S/D"
2015,234,23/01/2015,"Viernes",0,07:15:00,,"0.0",2,"Moto/Ciclomotor,Pickup/Utilitario","Julio A Roca Y Carlos Silvestre Begnis",2,1,0,0,1,0,0,,"Calle",,"TOSTADO","9 de Julio","Asfalto","No existe","XII","S/D","S/D","Ninguna","No existe","Intersección","Bueno","Buena","Diurna","Buen Tiempo","Frontal","S/D","Colisión","Ninguna","Faltante","Cordón divisorio","Sin restricción"
2015,235,17/01/2015,"Sabado",0,15:35:00,"Ruta Nacional 11","384.0",2,"Automóvil,Moto/Ciclomotor"," ",5,2,0,0,3,0,0,,"Ruta",11,"BARRANCAS","San Jerónimo","Asfalto","S/D","XV","S/D","Rural","Ninguna","No existe","Recta","Bueno","Buena","Diurna","Buen Tiempo","Otro","S/D","Colisión","S/D","S/D","Línea divisoria pintada","S/D"
2015,236,17/01/2015,"Sabado",0,23:10:00,"Ruta Secundaria 80-s","0.0",2,"Automóvil,Automóvil","RUTA PROVINCIAL 80S Y CIRCUNVALACIÓN",7,5,0,0,2,0,0,,"Ruta","80-s","GÁLVEZ","San Jerónimo","Asfalto","No existe","XV","Dentro","Urbana","Ninguna","No existe","Cruce","Bueno","Reducida","Nocturna","Buen Tiempo","Frontal,Lateral","S/D","Colisión","S/D","S/D","Ninguna","Sin restricción"
2015,237,05/01/2015,"Lunes",0,08:45:00,,"0.0",2,"Moto/Ciclomotor,Camión","Lamadrid 2558",2,1,0,0,1,0,0,,"Calle",,"SANTA FE","La Capital","Asfalto","S/D","I","S/D","Urbana","S/D","S/D","Recta","S/D","S/D","S/D","S/D","S/D","S/D","Colisión","S/D","S/D","S/D","S/D"
2015,238,19/01/2015,"Lunes",0,19:40:00,,"0.0",2,"Automóvil,Moto/Ciclomotor","Caseros Y Gral Alvear",5,0,2,0,1,0,2,,"Calle",,"SAN CRISTÓBAL","San Cristóbal","Asfalto","Pavimento","XIII","Dentro","Urbana","Ninguna","Funciona","Intersección","Bueno","Buena","Diurna","Buen Tiempo","Frontal","S/D","Colisión","Ninguna","Faltante","Ninguna","Sin restricción"
2015,239,28/01/2015,"Miercoles",0,17:50:00,,"0.0",2,"Automóvil,Automóvil","J P Lopez 1800",3,2,0,0,1,0,0,,"Calle",,"SANTA FE","La Capital","Asfalto","S/D","I","S/D","Urbana","Ninguna","No existe","Intersección","Bueno","Buena","Atardecer","Buen Tiempo","S/D","S/D","Colisión","S/D","S/D","S/D","Sin restricción"
2015,240,09/01/2015,"Viernes",0,10:00:00,,"0.0",2,"Automóvil,Moto/Ciclomotor","Cordoba Y Juan Diaz De Solis",2,0,1,0,1,0,0,,"Calle",,"SANTO TOMÉ","La Capital","Asfalto","S/D","I","Dentro","Urbana","Ninguna","No existe","Intersección","Bueno","Buena","Diurna","Buen Tiempo","Lateral","S/D","Colisión","S/D","S/D","Ninguna","S/D"
2015,241,26/01/2015,"Lunes",0,05:40:00,,"0.0",2,"Pickup/Utilitario,Moto/Ciclomotor"," ",3,0,1,0,2,0,0,,"Camino Rural",,"PALACIOS","San Cristóbal","Tierra","Natural","XIII","S/D","Rural","Ninguna","S/D","Intersección","S/D","Buena","Diurna","Buen Tiempo","Lateral","S/D","Colisión","Ninguna","S/D","Ninguna","S/D"
2015,242,03/01/2015,"Sabado",0,19:05:00,,"0.0",2,"Automóvil,Moto/Ciclomotor","J P Lopez Y Rivadavia",4,2,0,0,2,0,0,,"Calle",,"SANTA FE","La Capital","Asfalto","No existe","I","Dentro","Urbana","Ninguna","No existe","Intersección","Bueno","Buena","Diurna","Buen Tiempo","Lateral","S/D","Colisión","S/D","S/D","Ninguna","Sin restricción"
2015,243,14/01/2015,"Miercoles",0,16:30:00,"Ruta Nacional 11","0.0",3,"Automóvil,Moto/Ciclomotor,Peatón","Estación de servicio Shell ",4,3,0,0,1,0,0,,"Ruta",11,"CORONDA","San Jerónimo","Hormigón","Natural","XV","Dentro","Urbana","Ninguna","No existe","Recta","Bueno","Buena","Amanecer","Buen Tiempo","S/D","S/D","Colisión","S/D","Faltante","Vegetación","Sin restricción"
2015,244,12/01/2015,"Lunes",0,11:00:00,,"0.0",2,"Automóvil,Moto/Ciclomotor","Av Iriondo 2850",2,1,0,0,1,0,0,,"Avenida",,"SAN JUSTO","San Justo","Asfalto","No existe","XVI","S/D","Urbana","Ninguna","No existe","Recta","Bueno","Buena","Diurna","Buen Tiempo","Lateral","S/D","Colisión","Ninguna","Horizontal","Ninguna","Sin restricción"
2015,245,25/01/2015,"Domingo",0,22:30:00,"Ruta Nacional 95","877.0",1,"Automóvil"," ",3,2,0,0,1,0,0,,"Ruta",95,"SANTA MARGARITA","9 de Julio","Asfalto","Natural","XII","Fuera","Rural","Ninguna","S/D","Recta","Bueno","Reducida","Nocturna","Buen Tiempo","S/D","S/D","Despiste","S/D","S/D","Cordón divisorio","S/D"
2015,246,22/01/2015,"Jueves",0,20:20:00,,"0.0",2,"Moto/Ciclomotor,Automóvil","Bv C Pellegrini Y Gral Urquiza",2,1,0,0,1,0,0,,"Calle",,"SAN JUSTO","San Justo","Asfalto","No existe","XVI","Dentro","Urbana","Ninguna","No existe","Intersección","Bueno","Buena","Nocturna","Buen Tiempo","De alcance","S/D","Colisión","Ninguna","Faltante","Cordón divisorio","Sin restricción"
2015,247,02/01/2015,"Viernes",0,22:50:00,,"0.0",1,"Moto/Ciclomotor","Aristobulo del Valle 300",1,0,1,0,0,0,0,,"Calle",,"BARRANCAS","San Jerónimo","Hormigón","Pavimento","XV","S/D","Urbana","Ninguna","No existe","Recta","Bueno","Buena","Nocturna,Con luz artificial","Buen Tiempo","S/D","S/D","Caída ocupante","Ninguna","S/D","Ninguna","S/D"
2015,248,02/01/2015,"Viernes",0,20:45:00,"Ruta Provincial 1","2.8",2,"Moto/Ciclomotor,Automóvil"," ",2,1,0,0,0,0,1,,"Ruta",1,"COLASTINE","La Capital","Asfalto","Ripio","I","Dentro","Urbana","Marca Vial","No existe","Recta","Bueno","Buena","Nocturna","Buen Tiempo","S/D","S/D","Colisión","Ninguna","Horizontal","Línea divisoria pintada","Sin restricción"
2015,249,01/01/2015,"Jueves",0,21:00:00,,"0.0",2,"Peatón,Automóvil","Sarmiento Y Belgrano",2,0,1,0,1,0,0,,"Calle",,"GÁLVEZ","San Jerónimo","Asfalto","No existe","XV","S/D","Urbana","Ninguna","No existe","Intersección","Bueno","Buena","Nocturna","Buen Tiempo","S/D","S/D","Atropello","S/D","S/D","Ninguna","Sin restricción"
2015,250,09/01/2015,"Viernes",0,14:20:00,,"0.0",2,"Moto/Ciclomotor,Automóvil","Avenida Nuestra Señora del Luj Y Hernandarias",3,2,0,0,1,0,0,,"Avenida",,"SANTO TOMÉ","La Capital","Asfalto","No existe","I","Dentro","Urbana","Semáforo","Funciona","Intersección","Bueno","Buena","Diurna","Buen Tiempo","Lateral","S/D","Colisión","S/D","S/D","S/D","S/D"
2015,251,27/01/2015,"Martes",0,19:00:00,,"0.0",2,"Moto/Ciclomotor,Automóvil","San Jose Y La Rioja",2,1,0,0,1,0,0,,"Calle",,"SANTA FE","La Capital","S/D","S/D","I","S/D","Urbana","S/D","S/D","Intersección","S/D","S/D","Atardecer","S/D","S/D","S/D","Colisión","S/D","S/D","S/D","S/D"
2015,252,05/01/2015,"Lunes",0,19:30:00,,"0.0",2,"Moto/Ciclomotor,Automóvil","CORONDAES ",2,1,0,0,0,0,1,,"Calle",,"COLASTINE","La Capital","Tierra","No existe","I","Dentro","S/D","Ninguna","No existe","Recta","Con baches","Buena","Atardecer","Buen Tiempo","S/D","S/D","Colisión","S/D","Faltante","Ninguna","Sin restricción"
2015,253,23/01/2015,"Viernes",0,05:05:00,"Ruta Nacional 168","0.0",2,"Taxi/Remis,Automóvil","Ruta Nac 168 ",5,2,0,0,3,0,0,,"Ruta",168,"SANTA FE","La Capital","S/D","S/D","I","S/D","Urbana","S/D","S/D","Recta","S/D","S/D","Nocturna","S/D","Frontal","S/D","Colisión","S/D","S/D","S/D","S/D"
2015,254,14/01/2015,"Miercoles",0,17:30:00,"Ruta Provincial 1","999.9",1,"Moto/Ciclomotor"," ",2,1,0,0,0,0,1,,"Ruta",1,"COLASTINE","La Capital","Asfalto","S/D","I","Dentro","Urbana","Ninguna","S/D","Recta","S/D","Buena","Diurna","Buen Tiempo","S/D","S/D","Colisión","S/D","S/D","Ninguna","Sin restricción"
2015,255,10/01/2015,"Sabado",0,04:00:00,,"0.0",2,"Moto/Ciclomotor,Automóvil","Bv Mariano Moreno 500",2,1,0,0,1,0,0,,"Avenida",,"SAN CRISTÓBAL","San Cristóbal","Asfalto","No existe","XIII","Dentro","Urbana","Ninguna","No existe","Recta","Bueno","Buena","Nocturna,Con luz artificial","Buen Tiempo","De alcance","S/D","Colisión","Ninguna","Faltante","Ninguna","Sin restricción"
2015,256,18/01/2015,"Domingo",0,00:05:00,,"0.0",1,"Automóvil","Madame Curie Y Pedro Rolando",1,0,1,0,0,0,0,,"Calle",,"ARMSTRONG","Belgrano","Asfalto","No existe","III","S/D","Urbana","Ninguna","No existe","Intersección","Bueno","Buena","Nocturna","Buen Tiempo","Contra objeto fijo","S/D","Colisión","Ninguna","S/D","Ninguna","Sin restricción"
2015,257,12/01/2015,"Lunes",0,09:30:00,,"0.0",2,"Moto/Ciclomotor,Taxi/Remis","Alvear Y Cordoba",2,1,0,0,1,0,0,,"Calle",,"SANTO TOMÉ","La Capital","Asfalto","Pavimento","I","Dentro","Urbana","Paso Peatonal","No existe","Intersección","Bueno","Buena","Diurna","Buen Tiempo","Lateral","S/D","Colisión","S/D","Faltante","Barrera de hormigón","S/D"
2015,258,30/01/2015,"Viernes",0,,,"0.0",2,"Moto/Ciclomotor,Moto/Ciclomotor","Chubut Y 12 de Octubre",4,2,0,0,2,0,0,,"Calle",,"VILLA CONSTITUCIÓN","Constitución","Asfalto","S/D","VI","Dentro","Urbana","S/D","S/D","Intersección","Bueno","S/D","S/D","Buen Tiempo","Frontal","S/D","Colisión","S/D","S/D","S/D","S/D"
2015,259,20/01/2015,"Martes",0,18:00:00,"Ruta Provincial 1","2.0",2,"Moto/Ciclomotor,Automóvil"," ",2,1,0,0,0,0,1,,"Ruta",1,"COLASTINE","La Capital","Asfalto","S/D","I","S/D","Urbana","S/D","S/D","Recta","S/D","Buena","Diurna","Buen Tiempo","S/D","S/D","Colisión","S/D","S/D","Línea divisoria pintada","S/D"
2015,260,10/01/2015,"Sabado",0,08:30:00,,"0.0",2,"Moto/Ciclomotor,Pickup/Utilitario","San Martin ",2,1,0,0,1,0,0,,"Calle",,"VILLA CONSTITUCIÓN","Constitución","Asfalto","S/D","VI","Dentro","Urbana","S/D","S/D","Recta","Bueno","Buena","Diurna","Buen Tiempo","Contra objeto fijo","S/D","Colisión","S/D","S/D","S/D","S/D"
2015,261,26/01/2015,"Lunes",0,10:50:00,,"0.0",2,"Automóvil,Moto/Ciclomotor","Independencia Y Formosa",4,3,0,0,1,0,0,,"Calle",,"VILLA CONSTITUCIÓN","Constitución","Asfalto","Pavimento","VI","S/D","Urbana","Ninguna","No existe","Intersección","Bueno","Buena","Diurna","Buen Tiempo","Otro","S/D","Colisión","Ninguna","S/D","Ninguna","Sin restricción"
2015,262,01/01/2015,"Jueves",0,18:00:00,,"0.0",2,"Moto/Ciclomotor,Otros"," ",2,1,0,0,1,0,0,,"S/D",,"SANTA FE","La Capital","S/D","S/D","I","S/D","Urbana","S/D","S/D","Intersección","S/D","S/D","Diurna","S/D","Lateral","S/D","Colisión","S/D","S/D","S/D","S/D"
2015,263,06/01/2015,"Martes",0,06:05:00,,"0.0",2,"Automóvil,Moto/Ciclomotor","Espa±a Y Jose de San Martin",3,0,0,0,2,0,1,,"Calle",,"CORONDA","San Jerónimo","Asfalto","S/D","XV","Dentro","Urbana","Ninguna","No existe","Intersección","Bueno","Buena","Amanecer","Buen Tiempo","Lateral","S/D","Colisión","S/D","S/D","Cordón divisorio","Sin restricción"
2015,264,09/01/2015,"Viernes",0,19:25:00,,"0.0",2,"Moto/Ciclomotor,Automóvil","CAMINO RURAL ",2,1,0,0,1,0,0,,"Calle",,"MONTE OSCURIDAD","San Cristóbal","Tierra","No existe","XIII","Dentro","Rural","Ninguna","No existe","Intersección","Bueno","Buena","Atardecer","Buen Tiempo","Lateral","S/D","Colisión","S/D","Faltante","Ninguna","Sin restricción"
2015,265,10/01/2015,"Sabado",0,22:30:00,,"0.0",2,"Automóvil,Moto/Ciclomotor"," ",2,1,0,0,1,0,0,,"Calle",,"SANTA FE","La Capital","Tierra","No existe","I","S/D","Urbana","S/D","No existe","Intersección","Con baches","S/D","Nocturna","S/D","Lateral","S/D","Colisión","Ninguna","S/D","S/D","S/D"
2015,266,23/01/2015,"Viernes",0,19:10:00,"Ruta Nacional 11","0.0",2,"Taxi/Remis,Moto/Ciclomotor"," ",3,1,0,0,0,0,2,,"Ruta",11,"CORONDA","San Jerónimo","Hormigón","Ripio","XV","Dentro","Urbana","Semáforo","Funciona","Intersección","Bueno","Buena","Diurna","Buen Tiempo","Lateral","S/D","Colisión","Ninguna","Faltante","Vegetación","Sin restricción"
2015,267,09/01/2015,"Viernes",0,13:20:00,"Ruta Provincial 2","0.0",2,"Automóvil,Pickup/Utilitario","Ruta 2 Y Ruta Provincial 39",2,1,0,0,1,0,0,,"Ruta",2,"SAN CRISTÓBAL","San Cristóbal","Asfalto","Ripio","XIII","Fuera","Urbana","Ninguna","Intermitente","Cruce","Bueno","Buena","Diurna","Buen Tiempo","S/D","S/D","Colisión,Despiste","Ninguna","Faltante","Ninguna","Sin restricción"
2015,268,12/01/2015,"Lunes",0,11:15:00,,"0.0",2,"Pickup/Utilitario,Moto/Ciclomotor","Avenida 21 ",2,1,0,0,1,0,0,,"S/D",,"LAS PAREJAS","Belgrano","Asfalto","S/D","III","S/D","Urbana","Ninguna","No existe","Recta","Bueno","Buena","Diurna","Buen Tiempo","De alcance","S/D","Colisión","Ninguna","S/D","Ninguna","Sin restricción"
2015,269,08/01/2015,"Jueves",0,23:45:00,,"0.0",1,"Moto/Ciclomotor","Avenida J D Peron Grl Pres Y Vera",2,2,0,0,0,0,0,,"Calle",,"CERES","San Cristóbal","Arena","No existe","XIII","S/D","Urbana","Ninguna","No existe","Intersección","Bueno","Buena","Diurna","Buen Tiempo","S/D","S/D","Caída ocupante","S/D","S/D","Ninguna","Sin restricción"
2015,270,07/01/2015,"Miercoles",0,21:25:00,,"0.0",1,"Transporte de Pasajeros Urbano (> 8 asientos)","Bv Galvez Y Dorrego",2,1,0,0,1,0,0,,"Avenida",,"SANTA FE","La Capital","Asfalto","S/D","I","S/D","Urbana","S/D","Funciona","Recta","S/D","S/D","Nocturna","S/D","S/D","S/D","Caída ocupante","S/D","Vertical","S/D","S/D"
2015,271,31/01/2015,"Sabado",0,,,"0.0",2,"Automóvil,Moto/Ciclomotor","Bartolome Mitre Y 25 de Mayo",2,1,0,0,1,0,0,,"Calle",,"SUARDI","San Cristóbal","Asfalto","Pavimento","XIII","Dentro","Urbana","Ninguna","No existe","Intersección","Bueno","Buena","Atardecer","Buen Tiempo","Lateral","S/D","Colisión","S/D","S/D","Ninguna","Sin restricción"
2015,272,28/01/2015,"Miercoles",0,12:15:00,,"0.0",2,"Automóvil,Bicicleta","Dr Ricardo Fischer Y Bv Tortugas",2,1,0,0,1,0,0,,"Calle",,"ARMSTRONG","Belgrano","Asfalto","No existe","III","S/D","Urbana","Ninguna","No existe","Intersección","Bueno","Buena","Diurna","Buen Tiempo","S/D","S/D","Atropello","S/D","S/D","Ninguna","Sin restricción"
2015,273,05/01/2015,"Lunes",0,15:40:00,,"0.0",2,"Automóvil,Moto/Ciclomotor","Presidente Bernardino Rivadavi Y Pasaje Almte Guillermo Brown",2,1,0,0,1,0,0,,"Calle",,"SANTO TOMÉ","La Capital","Asfalto","Pavimento","I","Dentro","Urbana","Paso Peatonal","No existe","Intersección","Con baches","Buena","Diurna","Buen Tiempo","Lateral","S/D","Colisión","S/D","Faltante","Ninguna","Sin restricción"
2015,274,23/01/2015,"Viernes",0,22:10:00,,"0.0",2,"Moto/Ciclomotor,Automóvil","J S Sosa Y Jose Moran",3,2,0,0,1,0,0,,"Calle",,"RUFINO","General López","Asfalto","No existe","VIII","Dentro","Urbana","Ninguna","No existe","Intersección","S/D","S/D","Nocturna,Con luz artificial","S/D","S/D","S/D","Colisión","S/D","S/D","Ninguna","Sin restricción"