"anio_acci","nro_acci","fecha","desc_dia","fecha_aprox","hora_aprox","desc_ruta","km","cant_participantes","desc_participante","calle_avenida_km","total","heridos_leves","heridos_graves","heridos_gravisimos","ilesos","fallecidos","sin_datos","posicion_XY","desc_tipo_via","desc_ruta_ori","desc_loc","desc_dpto","desc_tipo_calzada","desc_tipo_banquina","desc_unidad_regional","desc_lugar_calzada","desc_zona","desc_prioridad","desc_estado_semaforo","desc_lugar_via","desc_estado_via","desc_estado_visibilidad","desc_luminosidad","desc_estado_clima","desc_tipo_colision","desc_tipo_atropello","desc_tipo_hecho","desc_pres_calzada","desc_senializacion","desc_separacion_via","desc_restriccion"
2015,275,27/01/2015,"Martes",0,12:40:00,,"0.0",2,"Bicicleta,Pickup/Utilitario","Pte Juan Domingo Peron Y Garay",2,1,0,0,1,0,0,,"Calle",,"RUFINO","General López","Asfalto","S/D","VIII","Dentro","Urbana","Ninguna","No existe","Intersección","S/D","Buena","Diurna","Buen Tiempo","S/D","S/D","Atropello","Ninguna","S/D","Ninguna","Sin restricción"
2015,276,08/01/2015,"Jueves",0,14:30:00,"Ruta Secundaria 28-s","0.0",1,"Moto/Ciclomotor","Ruta 178 Y Calle 10",1,1,0,0,0,0,0,,"Ruta","28-s","LAS PAREJAS","Belgrano","Asfalto","Ripio","III","Dentro","Rural","Señal Ceda el Paso","No existe","Intersección","Bueno","Buena","Diurna","Buen Tiempo","S/D","S/D","Caída ocupante","Fluidos","Horizontal","Barrera de hormigón","Sin restricción"
2015,277,14/01/2015,"Miercoles",0,20:30:00,"Ruta Provincial 13","1.0",1,"Moto/Ciclomotor"," ",2,2,0,0,0,0,0,,"Ruta",13,"LAS ROSAS","Belgrano","S/D","Natural","III","Dentro","Rural","Ninguna","No existe","Recta","Bueno","Buena","Atardecer","Buen Tiempo","Atropello animal","S/D","Colisión","Ninguna","Faltante","Ninguna","Sin restricción"
2015,278,15/01/2015,"Jueves",0,19:00:00,,"0.0",2,"Automóvil,Moto/Ciclomotor","San Martin Y Tucuman",2,1,0,0,1,0,0,,"Calle",,"CALCHAQUÍ","Vera","Asfalto","S/D","XIX","S/D","Urbana","S/D","No existe","Intersección","Bueno","S/D","Atardecer","S/D","S/D","S/D","S/D","S/D","S/D","S/D","S/D"
2015,279,30/01/2015,"Viernes",0,21:15:00,,"0.0",2,"Automóvil,Automóvil"," ",3,1,0,0,2,0,0,,"Calle",,"VILLA CONSTITUCIÓN","Constitución","Asfalto","S/D","VI","S/D","Urbana","S/D","S/D","Intersección","Bueno","Buena","Nocturna,Con luz artificial","Buen Tiempo","Frontal","S/D","Colisión","S/D","S/D","S/D","S/D"
2015,280,04/01/2015,"Domingo",0,09:35:00,,"0.0",2,"Moto/Ciclomotor,Automóvil","Gral Belgrano Y Azcuenaga",2,1,0,0,1,0,0,,"Calle",,"SAN CRISTÓBAL","San Cristóbal","S/D","S/D","XIII","Dentro","Urbana","Ninguna","No existe","Intersección","Deteriorada","Buena","Diurna","Buen Tiempo","S/D","S/D","Colisión","Ninguna","Faltante","Ninguna","Sin restricción"
2015,281,25/01/2015,"Domingo",0,19:45:00,,"0.0",2,"Moto/Ciclomotor,Automóvil"," ",3,2,0,0,1,0,0,,"Calle",,"SANTA FE","La Capital","S/D","S/D","I","S/D","Urbana","Ninguna","S/D","Recta","S/D","S/D","Diurna","S/D","Frontal","S/D","Colisión","S/D","S/D","Línea divisoria pintada","Sin restricción"
2015,282,25/01/2015,"Domingo",0,07:05:00,"Ruta Provincial 38","7.5",1,"Automóvil"," ",3,2,0,0,1,0,0,,"Ruta",38,"CALCHAQUÍ","Vera","S/D","S/D","XIX","S/D","Rural","S/D","S/D","S/D","S/D","S/D","Diurna","S/D","S/D","S/D","S/D","S/D","S/D","S/D","S/D"
2015,283,01/01/2015,"Jueves",0,00:40:00,,"0.0",1,"Moto/Ciclomotor","PASAJE RUFINO ROSSA- PASO A NIVEL NORTE ",1,1,0,0,0,0,0,,"S/D",,"HERSILIA","San Cristóbal","Asfalto","S/D","XIII","Dentro","Urbana","Señal Pare","No existe","Recta","Bueno","Reducida","Nocturna","Buen Tiempo","S/D","S/D","Caída ocupante","S/D","Horizontal","S/D","Sin restricción"
2015,284,12/01/2015,"Lunes",0,21:00:00,,"0.0",2,"Moto/Ciclomotor,Moto/Ciclomotor","Bv 25 de Mayo Y Berutti",2,1,0,0,1,0,0,,"Avenida",,"RUFINO","General López","Tierra","No existe","VIII","Dentro","Urbana","Ninguna","No existe","Intersección","Deteriorada","S/D","Nocturna,Con luz artificial","S/D","S/D","S/D","Colisión","S/D","S/D","Ninguna","Sin restricción"
2015,285,25/01/2015,"Domingo",0,06:30:00,"Ruta Nacional 11","0.0",1,"Moto/Ciclomotor"," ",2,1,0,0,1,0,0,,"Ruta",11,"CORONDA","San Jerónimo","Hormigón","S/D","XV","Dentro","Urbana","Semáforo","Funciona","Recta","Bueno","Buena","Diurna","Buen Tiempo","Contra objeto fijo","S/D","Colisión","Ninguna","Faltante","Vegetación","Sin restricción"
2015,286,15/01/2015,"Jueves",0,13:00:00,,"0.0",2,"Moto/Ciclomotor,Peatón","Manuel Dorrego Y Santiago del Estero",2,0,0,0,0,0,2,,"Avenida",,"VILLA CONSTITUCIÓN","Constitución","Asfalto","Pavimento","VI","S/D","Urbana","Ninguna","No existe","Intersección","Bueno","Buena","Diurna","Buen Tiempo","S/D","S/D","Atropello","S/D","S/D","Ninguna","Sin restricción"
2015,287,27/01/2015,"Martes",0,15:00:00,"Ruta Nacional 11","0.0",4,"Automóvil,Pickup/Utilitario,Pickup/Utilitario,Camión","Ruta Nacional 11 Y Bv Belgrano",7,1,0,0,6,0,0,,"Ruta",11,"CALCHAQUÍ","Vera","Asfalto","S/D","XIX","Dentro","Urbana","Semáforo","Funciona","Cruce","Bueno","Buena","Diurna","Buen Tiempo","Múltiple","S/D","Colisión","S/D","S/D","Línea divisoria pintada","Sin restricción"
2015,288,22/01/2015,"Jueves",0,14:40:00,,"0.0",2,"Pickup/Utilitario,Moto/Ciclomotor"," ",3,1,1,0,1,0,0,,"Camino Rural",,"SAN GUILLERMO","San Cristóbal","Tierra","Natural","XIII","S/D","Rural","Ninguna","No existe","Intersección","Otro","Reducida p/ objetos","Diurna","Buen Tiempo","S/D","S/D","Colisión","S/D","S/D","S/D","S/D"
2015,289,03/01/2015,"Sabado",0,16:15:00,"Ruta Nacional 11","0.0",2,"Moto/Ciclomotor,Moto/Ciclomotor","Av L de la Torre-Ruta Nac 11 Y Consejal Horacio Gagliano",2,2,0,0,0,0,0,,"Ruta",11,"CORONDA","San Jerónimo","Hormigón","Natural","XV","Dentro","Urbana","Ninguna","No existe","Recta","Bueno","Buena","Diurna","Buen Tiempo","Frontal","S/D","Colisión","Ninguna","Faltante","Vegetación","Sin restricción"
2015,290,04/01/2015,"Domingo",0,02:00:00,"Ruta Provincial 23","0.0",2,"Automóvil,Automóvil"," ",5,2,3,0,0,0,0,,"Ruta",23,"SAN GUILLERMO","San Cristóbal","Asfalto","Natural","XIII","S/D","Rural","Ninguna","S/D","Recta","Bueno","Buena","Nocturna,Con luz artificial","Buen Tiempo","S/D","S/D","Colisión","S/D","S/D","Ninguna","Sin restricción"
2015,291,12/01/2015,"Lunes",0,15:45:00,,"0.0",2,"Automóvil,Moto/Ciclomotor","Acevedo Y Islas Malvinas",3,1,0,0,0,0,2,,"Calle",,"VILLA CONSTITUCIÓN","Constitución","Asfalto","Pavimento","VI","S/D","Urbana","Ninguna","S/D","Intersección","Bueno","Buena","Diurna","Buen Tiempo","S/D","S/D","Colisión","S/D","S/D","S/D","Sin restricción"
2015,292,10/01/2015,"Sabado",0,,,"0.0",2,"Automóvil,Moto/Ciclomotor","Santiago del Estero Y Belgrano",3,0,0,0,0,0,3,,"Calle",,"VILLA CONSTITUCIÓN","Constitución","Asfalto","S/D","I","S/D","Urbana","S/D","S/D","Intersección","Bueno","S/D","S/D","Buen Tiempo","S/D","S/D","Colisión","Ninguna","S/D","S/D","S/D"
2015,293,08/01/2015,"Jueves",0,21:40:00,,"0.0",2,"Automóvil,Moto/Ciclomotor","Manuel Dorrego Y 9 de Julio",3,1,0,0,0,0,2,,"Calle",,"VILLA CONSTITUCIÓN","Constitución","Asfalto","S/D","VI","S/D","Urbana","Ninguna","No existe","Intersección","Bueno","Reducida","Nocturna","Buen Tiempo","Otro","S/D","Colisión","Ninguna","S/D","Ninguna","Sin restricción"
2015,294,02/01/2015,"Viernes",0,12:20:00,,"0.0",2,"Bicicleta,Moto/Ciclomotor","San Martin Y Salta",2,2,0,0,0,0,0,,"Calle",,"VILLA CONSTITUCIÓN","Constitución","Asfalto","Pavimento","VI","S/D","Urbana","Ninguna","No existe","Intersección","Bueno","Buena","Diurna","Buen Tiempo","S/D","S/D","Atropello","Ninguna","S/D","Ninguna","Sin restricción"
2015,295,13/01/2015,"Martes",0,23:45:00,"Ruta Nacional 19","0.0",2,"Automóvil,Automóvil","Avenida Nuestra Señora del Luj ",3,2,0,0,1,0,0,,"Ruta",19,"SANTO TOMÉ","La Capital","Asfalto","Pavimento","I","Dentro","Urbana","Paso Peatonal","Funciona","Recta","Bueno","Buena","Nocturna,Con luz artificial","Buen Tiempo","Lateral","S/D","Colisión","S/D","Vertical","Línea divisoria pintada","Sin restricción"
2015,296,03/01/2015,"Sabado",0,,,"0.0",2,"Automóvil,Moto/Ciclomotor","Sarmiento Y Hipolito Irigoyen",2,1,0,0,0,0,1,,"Calle",,"VILLA CONSTITUCIÓN","Constitución","Asfalto","No existe","VI","S/D","Urbana","Ninguna","No existe","Intersección","Bueno","S/D","S/D","Otro","Otro","S/D","Colisión","Ninguna","S/D","Ninguna","Sin restricción"
2015,297,03/01/2015,"Sabado",0,,,"0.0",2,"Automóvil,Moto/Ciclomotor","Pbro D Segundo Y 14 de Febrero",2,1,0,0,0,0,1,,"Avenida",,"VILLA CONSTITUCIÓN","Constitución","Asfalto","No existe","VI","S/D","Urbana","Semáforo","Funciona","Intersección","Bueno","S/D","S/D","S/D","Otro","S/D","Colisión","Ninguna","S/D","Ninguna","Sin restricción"
2015,298,03/01/2015,"Sabado",0,,,"0.0",2,"Automóvil,Moto/Ciclomotor","San Martin Y Rivadavia",3,0,0,0,0,0,3,,"Calle",,"VILLA CONSTITUCIÓN","Constitución","Asfalto","Pavimento","VI","S/D","Urbana","Ninguna","No existe","Recta","Bueno","S/D","S/D","Otro","Otro","S/D","Colisión","Ninguna","Faltante","Ninguna","Sin restricción"
2015,299,04/01/2015,"Domingo",0,,,"0.0",2,"Moto/Ciclomotor,Automóvil","Almafuerte Y Guillermo Brown",3,0,0,0,0,0,3,,"Calle",,"VILLA CONSTITUCIÓN","Constitución","Asfalto","No existe","VI","Dentro","Urbana","S/D","No existe","Intersección","S/D","S/D","S/D","S/D","Lateral","S/D","Colisión","Ninguna","S/D","Ninguna","Sin restricción"
2015,300,02/01/2015,"Viernes",0,19:40:00,,"0.0",2,"Moto/Ciclomotor,Automóvil","Belgrano Y Mitre",2,1,0,0,1,0,0,,"Calle",,"CORONDA","San Jerónimo","Asfalto","No existe","XV","Dentro","Urbana","Semáforo","Funciona","Intersección","Bueno","Buena","Diurna","Buen Tiempo","Lateral","S/D","Colisión","S/D","Faltante","Cordón divisorio","Sin restricción"
2015,301,05/01/2015,"Lunes",0,15:00:00,,"0.0",3,"Moto/Ciclomotor,Automóvil,Pickup/Utilitario","San Martin Y San Luis",3,0,0,0,0,0,3,,"Calle",,"VILLA CONSTITUCIÓN","Constitución","Asfalto","Pavimento","VI","Dentro","Urbana","S/D","S/D","Intersección","Bueno","Buena","Diurna","S/D","Múltiple","S/D","Colisión","Ninguna","S/D","S/D","Sin restricción"
2015,302,01/01/2015,"Jueves",0,03:10:00,,"0.0",1,"Moto/Ciclomotor","Dr Hector Lopez ",2,1,1,0,0,0,0,,"Calle",,"CORONDA","San Jerónimo","Ripio","No existe","XV","Dentro","Urbana","Ninguna","No existe","Intersección","Con baches","Reducida","Nocturna","Buen Tiempo","S/D","S/D","Caída ocupante","S/D","Faltante","S/D","Sin restricción"
2015,303,08/01/2015,"Jueves",0,21:05:00,"Ruta Provincial 21","0.0",2,"Moto/Ciclomotor,Moto/Ciclomotor"," ",3,0,0,0,0,0,3,,"Ruta",21,"VILLA CONSTITUCIÓN","Constitución","Asfalto","S/D","VI","Dentro","Urbana","S/D","S/D","Recta","S/D","Reducida","Nocturna","S/D","S/D","S/D","Colisión","S/D","S/D","S/D","S/D"
2015,304,10/01/2015,"Sabado",0,08:30:00,,"0.0",2,"Moto/Ciclomotor,Pickup/Utilitario","San Martin ",2,1,0,0,1,0,0,,"Calle",,"VILLA CONSTITUCIÓN","Constitución","Asfalto","S/D","VI","Dentro","Urbana","S/D","S/D","Recta","Bueno","Buena","Diurna","Buen Tiempo","Contra objeto fijo","S/D","Colisión","S/D","S/D","S/D","S/D"
2015,305,30/01/2015,"Viernes",0,,,"0.0",2,"Moto/Ciclomotor,Moto/Ciclomotor","12 de Octubre Y Chubut",3,2,0,0,1,0,0,,"Calle",,"VILLA CONSTITUCIÓN","Constitución","Asfalto","S/D","VI","Dentro","Urbana","S/D","S/D","Intersección","Bueno","S/D","S/D","Buen Tiempo","Lateral","S/D","Colisión","S/D","S/D","S/D","S/D"
2015,306,30/01/2015,"Viernes",0,21:15:00,,"0.0",2,"Automóvil,Automóvil","Rivadavia Y Bolivia",3,1,0,0,2,0,0,,"Calle",,"VILLA CONSTITUCIÓN","Constitución","Asfalto","S/D","VI","Dentro","Urbana","S/D","S/D","Intersección","Bueno","S/D","Nocturna","Buen Tiempo","Lateral","S/D","Colisión","S/D","S/D","S/D","S/D"
2015,307,14/01/2015,"Miercoles",0,18:30:00,,"0.0",2,"Bicicleta,Moto/Ciclomotor","General Manuel Belgrano Y 12 de septiembre",2,1,0,0,1,0,0,"-31.681166666667,-60.764055555556","Calle",,"SANTO TOMÉ","La Capital","Asfalto","S/D","XV","S/D","Urbana","Ninguna","S/D","Intersección","S/D","Buena","Atardecer","Buen Tiempo","S/D","S/D","Atropello","S/D","Faltante","Ninguna","S/D"
2015,308,11/01/2015,"Domingo",0,23:00:00,,"0.0",2,"Bicicleta,Moto/Ciclomotor","Cordoba 3700",3,1,0,0,1,0,1,"-31.680722222222,-60.771888888889","Calle",,"SANTO TOMÉ","La Capital","Ripio","No existe","I","S/D","Urbana","Ninguna","No existe","Recta","Bueno","Buena","Nocturna","Buen Tiempo","S/D","S/D","Atropello","Ninguna","Faltante","S/D","Sin restricción"
2015,309,16/01/2015,"Viernes",0,18:00:00,"Ruta Provincial 18","32.0",2,"Automóvil,Automóvil"," ",3,2,1,0,0,0,0,,"Ruta",18,"PAVÓN ARRIBA","Constitución","Asfalto","Natural","VI","Dentro","Rural","Señal Pare","No existe","Intersección","Bueno","Buena","Diurna","Buen Tiempo","Lateral","S/D","Colisión","S/D","Vertical","Ninguna","Sin restricción"
2015,310,21/01/2015,"Miercoles",0,21:10:00,,"0.0",2,"Moto/Ciclomotor,Moto/Ciclomotor","Brown Y Calle sin nombre",2,2,0,0,0,0,0,,"Calle",,"LA GALLARETA","Vera","Tierra","No existe","XIX","Dentro","Urbana","Ninguna","No existe","Recta","Con baches","Buena","Nocturna","Buen Tiempo","Frontal","S/D","Colisión","S/D","Faltante","Ninguna","Sin restricción"
2015,311,13/01/2015,"Martes",0,08:00:00,,"0.0",2,"Automóvil,Moto/Ciclomotor","Nicolas Avellaneda Y Sabroso Hilario",2,1,0,0,1,0,0,,"Calle",,"SANTO TOMÉ","La Capital","Asfalto","Pavimento","I","Dentro","Urbana","Paso Peatonal","No existe","Intersección","Con baches","Buena","Diurna","Buen Tiempo","Lateral","S/D","Colisión","Otro","Faltante","Ninguna","Sin restricción"
2015,312,22/01/2015,"Jueves",0,01:30:00,,"0.0",2,"Bicicleta,Pickup/Utilitario","Nicolas Avellaneda Y Entre Rios",2,1,0,0,1,0,0,"-31.661388888889,-60.769527777778","Calle",,"SANTO TOMÉ","La Capital","Asfalto","Pavimento","I","Dentro","Urbana","Paso Peatonal","No existe","Intersección","Bueno","Buena","Nocturna","Buen Tiempo","S/D","S/D","Atropello","S/D","Faltante","Ninguna","Sin restricción"
2015,313,10/01/2015,"Sabado",0,05:15:00,,"0.0",1,"Pickup/Utilitario","25 de Mayo Y Sgto Cabral",2,1,0,0,1,0,0,,"Calle",,"CALCHAQUÍ","Vera","Asfalto","No existe","XIX","Dentro","Urbana","S/D","No existe","Intersección","Con baches","S/D","Nocturna","S/D","S/D","S/D","Caída ocupante","Agua","S/D","Ninguna","S/D"
2015,314,24/01/2015,"Sabado",0,22:10:00,,"0.0",2,"Peatón,Moto/Ciclomotor","Rivadavia Y Corrientes",2,1,0,0,1,0,0,,"Calle",,"VERA","Vera","Asfalto","No existe","XIX","Dentro","Urbana","Ninguna","No existe","Intersección","Bueno","Buena","Nocturna,Con luz artificial","Buen Tiempo","S/D","S/D","Atropello","S/D","Faltante","Ninguna","S/D"
2015,315,04/01/2015,"Domingo",0,18:15:00,,"0.0",2,"Moto/Ciclomotor,Automóvil","Moreno Y E Aleman",2,1,0,0,1,0,0,,"Calle",,"VERA","Vera","Asfalto","No existe","XIX","Dentro","Urbana","Ninguna","No existe","Intersección","Bueno","Buena","Diurna","Buen Tiempo","Lateral","S/D","Colisión","S/D","Faltante","Ninguna","Sin restricción"
2015,316,12/01/2015,"Lunes",0,11:30:00,,"0.0",2,"Automóvil,Moto/Ciclomotor","Rivadavia Y 25 de Mayo",3,2,0,0,1,0,0,,"Calle",,"VERA","Vera","Asfalto","Pavimento","XIX","Dentro","Urbana","Ninguna","No existe","Intersección","Bueno","Buena","Diurna","Buen Tiempo","Lateral","S/D","Colisión","S/D","Faltante","Ninguna","S/D"
2015,317,05/01/2015,"Lunes",0,09:50:00,,"0.0",2,"Pickup/Utilitario,Moto/Ciclomotor","Avenida Vicente Casares Y Almirante Brown",3,1,0,0,2,0,0,,"Avenida",,"CERES","San Cristóbal","Asfalto","No existe","XIII","S/D","Urbana","S/D","No existe","Intersección","Bueno","Buena","Diurna","Buen Tiempo","Lateral","S/D","Colisión","S/D","S/D","Cordón divisorio","Sin restricción"
2015,318,04/01/2015,"Domingo",0,20:00:00,"Ruta Provincial 1","9.0",2,"Automóvil,Automóvil","Ruta Provincial 1 9",4,3,0,0,1,0,0,,"Ruta",1,"SAN JOSÉ DEL RINCÓN","La Capital","Asfalto","Natural","I","S/D","Urbana","Ninguna","No existe","Recta","Bueno","Buena","Diurna","Buen Tiempo","Lateral","S/D","Colisión","Ninguna","Faltante","Ninguna","Sin restricción"
2015,319,26/01/2015,"Lunes",0,20:10:00,"Ruta Provincial 1","5.0",2,"Peatón,Automóvil","Ruta Provincial 1 5",2,1,0,0,1,0,0,,"Ruta",1,"SAN JOSÉ DEL RINCÓN","La Capital","Asfalto","Natural","I","S/D","Urbana","Ninguna","No existe","Recta","Bueno","Buena","Diurna","Buen Tiempo","S/D","S/D","Atropello","Ninguna","Faltante","Línea divisoria pintada","Sin restricción"
2015,320,13/01/2015,"Martes",0,07:45:00,"Ruta Provincial 1","7.0",2,"Automóvil,Pickup/Utilitario","Ruta Provincial 1 ",6,2,0,0,4,0,0,,"Ruta",1,"SAN JOSÉ DEL RINCÓN","La Capital","Asfalto","Natural","I","S/D","Urbana","Ninguna","Intermitente","Recta","Bueno","Buena","Diurna","Buen Tiempo","S/D","S/D","S/D","Ninguna","Faltante","Línea divisoria pintada","Sin restricción"
2015,321,11/01/2015,"Domingo",0,15:30:00,"Ruta Provincial 1","5.0",2,"Automóvil,Moto/Ciclomotor","Ruta Provincial 1 5",3,2,0,0,1,0,0,,"Ruta",1,"SAN JOSÉ DEL RINCÓN","La Capital","Asfalto","Natural","I","Dentro","Urbana","Ninguna","Intermitente","Recta","Bueno","Buena","Diurna","Buen Tiempo","Lateral","S/D","Colisión","Otro","Faltante","Línea divisoria pintada","Sin restricción"
2015,322,12/01/2015,"Lunes",0,16:50:00,"Ruta Provincial 1","5.5",2,"Automóvil,Moto/Ciclomotor","Ruta Provincial 1 5.5",4,3,0,0,1,0,0,,"Ruta",1,"SAN JOSÉ DEL RINCÓN","La Capital","Asfalto","Natural","I","Dentro","Urbana","Ninguna","Intermitente","Recta","Bueno","Buena","Diurna","Buen Tiempo","Otro","S/D","Colisión","Ninguna","Faltante","Línea divisoria pintada","Sin restricción"
2015,323,11/01/2015,"Domingo",0,20:00:00,,"0.0",2,"Moto/Ciclomotor,Automóvil","Ayolas Y San Martin",3,2,0,0,1,0,0,,"Calle",,"ROSARIO","Rosario","Asfalto","Pavimento","II","S/D","Urbana","Semáforo","Funciona","Intersección","Bueno","Buena","Atardecer","Buen Tiempo","Lateral","S/D","Colisión","Ninguna","Vertical","Cordón divisorio","Sin restricción"
2015,324,03/01/2015,"Sabado",0,06:20:00,,"0.0",2,"Automóvil,Automóvil","Rioja Y Ricchieri",2,1,0,0,1,0,0,,"Calle",,"ROSARIO","Rosario","S/D","S/D","II","Dentro","Urbana","S/D","S/D","S/D","S/D","S/D","Amanecer","S/D","S/D","S/D","Colisión","S/D","S/D","S/D","S/D"
2015,325,07/01/2015,"Miercoles",0,12:15:00,,"0.0",2,"Cuatriciclo,Pickup/Utilitario","Bv. Segui Y Sarmiento",4,3,0,0,1,0,0,,"Calle",,"ROSARIO","Rosario","Asfalto","No existe","II","Dentro","Urbana","Ninguna","No existe","Intersección","Bueno","Buena","Diurna","Buen Tiempo","De alcance","S/D","Colisión","S/D","Faltante","S/D","Sin restricción"
2015,326,04/01/2015,"Domingo",0,22:15:00,,"0.0",2,"Moto/Ciclomotor,Pickup/Utilitario","San Martin 4800",3,2,0,0,1,0,0,,"Calle",,"ROSARIO","Rosario","Asfalto","No existe","II","Dentro","Urbana","Ninguna","No existe","Intersección","Bueno","Buena","Nocturna","Buen Tiempo","De alcance","S/D","Colisión","Ninguna","Faltante","Ninguna","Sin restricción"
2015,327,12/01/2015,"Lunes",0,,,"0.0",2,"Automóvil,Peatón","Jose Ingenieros Y Mejico",2,1,0,0,0,0,1,,"S/D",,"ROSARIO","Rosario","Asfalto","No existe","II","S/D","S/D","Ninguna","No existe","Recta","Bueno","Buena","Diurna","Buen Tiempo","S/D","S/D","Atropello","Otro","Faltante","Ninguna","Sin restricción"
2015,328,23/01/2015,"Viernes",0,01:45:00,,"0.0",2,"Moto/Ciclomotor,Automóvil","Caballito Criollo Y Rawson Bis",3,2,0,0,1,0,0,,"Avenida",,"ROSARIO","Rosario","Asfalto","No existe","II","S/D","Urbana","Ninguna","No existe","Intersección","Bueno","Buena","Nocturna","Buen Tiempo","Otro","S/D","Colisión","Ninguna","S/D","S/D","Sin restricción"
2015,329,02/01/2015,"Viernes",0,13:40:00,,"0.0",2,"Moto/Ciclomotor,Moto/Ciclomotor","Abanderado Grandoli Y 24 de Setiembre Bis",2,1,0,0,1,0,0,,"Calle",,"ROSARIO","Rosario","Asfalto","No existe","II","Dentro","Urbana","Marca Vial","No existe","Intersección","Bueno","Buena","Diurna","Buen Tiempo","Lateral","S/D","Colisión","Ninguna","Vertical","Línea divisoria pintada","Sin restricción"
2015,330,17/01/2015,"Sabado",0,15:15:00,,"0.0",2,"Automóvil,Moto/Ciclomotor","San Sebastian Y Santa Fe",2,1,0,0,1,0,0,,"Calle",,"FUNES","Rosario","Asfalto","S/D","II","Dentro","Urbana","Ninguna","S/D","Cruce","Bueno","Buena","Diurna","Buen Tiempo","Lateral","S/D","Despeñamiento","S/D","S/D","Ninguna","S/D"
2015,331,28/01/2015,"Miercoles",0,19:30:00,,"0.0",2,"Automóvil,Moto/Ciclomotor","Santa Fe 8100",3,1,0,0,2,0,0,,"Calle",,"ROSARIO","Rosario","Asfalto","No existe","II","Dentro","Urbana","S/D","S/D","S/D","Bueno","S/D","Atardecer","S/D","S/D","S/D","Colisión","S/D","S/D","S/D","S/D"
2015,332,12/01/2015,"Lunes",0,06:30:00,,"0.0",2,"Automóvil,Automóvil","Chacabuco Y Bv. Segui",3,1,0,0,2,0,0,,"Calle",,"ROSARIO","Rosario","Asfalto","No existe","II","S/D","Urbana","Otra Señal","No existe","Intersección","Otro","Buena","Diurna","Buen Tiempo","Lateral","S/D","Colisión","Ninguna","Horizontal","Cordón divisorio","Sin restricción"
2015,333,04/01/2015,"Domingo",0,17:30:00,,"0.0",1,"Moto/Ciclomotor","AV ALBERDI Y SAN MARTIN",1,1,0,0,0,0,0,,"Avenida",,"PUEBLO ESTHER","Rosario","S/D","Pavimento","II","Dentro","Urbana","Ninguna","No existe","Recta","Con baches","Buena","Diurna","Buen Tiempo","S/D","S/D","Caída ocupante","Ninguna","Faltante","Línea divisoria pintada","Sin restricción"
2015,334,16/01/2015,"Viernes",0,08:35:00,,"0.0",2,"Peatón,Moto/Ciclomotor","Bv. Oroño Y Av. Ponce",2,2,0,0,0,0,0,,"Avenida",,"ROSARIO","Rosario","Asfalto","S/D","II","Dentro","Urbana","S/D","S/D","Intersección","Bueno","Buena","Diurna","Buen Tiempo","S/D","S/D","Atropello","S/D","S/D","S/D","S/D"
2015,335,21/01/2015,"Miercoles",0,10:55:00,,"0.0",2,"Automóvil,Peatón","Cafferata Y San Lorenzo",2,1,0,0,1,0,0,,"Calle",,"ROSARIO","Rosario","Asfalto","No existe","II","S/D","Urbana","Semáforo","Funciona","Recta","Otro","Buena","Diurna","Buen Tiempo","S/D","S/D","Atropello","Otro","Horizontal","Ninguna","Sin restricción"
2015,336,19/01/2015,"Lunes",0,22:20:00,,"0.0",2,"Taxi/Remis,Taxi/Remis"," ",2,1,0,0,0,0,1,,"Calle",,"ROSARIO","Rosario","S/D","S/D","II","Dentro","Urbana","S/D","S/D","S/D","S/D","S/D","Nocturna","S/D","S/D","S/D","Colisión","S/D","S/D","S/D","S/D"
2015,337,08/01/2015,"Jueves",0,12:00:00,,"0.0",2,"Taxi/Remis,Automóvil","Bv. Oroño 4500",3,1,0,0,2,0,0,,"Calle",,"ROSARIO","Rosario","Asfalto","S/D","II","Dentro","Urbana","Otra Señal","No existe","Intersección","Bueno","Buena","Diurna","Buen Tiempo","De alcance","S/D","Colisión","S/D","Faltante","S/D","Sin restricción"
2015,338,05/01/2015,"Lunes",0,,,"0.0",1,"Automóvil","Av. Circunvalacion ",1,1,0,0,0,0,0,,"Avenida",,"ROSARIO","Rosario","Hormigón","No existe","II","S/D","Urbana","Ninguna","No existe","Curva","Bueno","Buena","Diurna","Buen Tiempo","Otro","S/D","Colisión","Otro","Vertical","S/D","Sin restricción"
2015,339,08/01/2015,"Jueves",0,15:30:00,,"0.0",2,"Automóvil,Automóvil","Chacabuco Y Gaboto",3,1,0,0,2,0,0,,"Calle",,"ROSARIO","Rosario","Asfalto","No existe","II","Dentro","Urbana","Marca Vial","No existe","Intersección","Bueno","Buena","Diurna","Buen Tiempo","Lateral","S/D","Colisión","Ninguna","Vertical","Línea divisoria pintada","Sin restricción"
2015,340,18/01/2015,"Domingo",0,10:45:00,,"0.0",2,"Moto/Ciclomotor,Automóvil","Mendoza Y Av. Circunvalacion",4,2,0,0,2,0,0,,"Calle",,"ROSARIO","Rosario","Asfalto","No existe","II","Fuera","Urbana","Semáforo","Funciona","S/D","Bueno","Buena","Diurna","Buen Tiempo","Frontal","S/D","Colisión","Ninguna","Faltante","S/D","S/D"
2015,341,07/01/2015,"Miercoles",0,07:00:00,"Ruta Provincial 21","0.0",2,"Pickup/Utilitario,Automóvil","RUTA 21 Y RIVADAVIA",2,1,0,0,1,0,0,,"Ruta",21,"PUEBLO ESTHER","Rosario","Asfalto","Natural","II","Dentro","Urbana","Ninguna","No existe","Intersección","Bueno","Buena","Diurna","Buen Tiempo","De alcance","S/D","Colisión","Ninguna","Faltante","Línea divisoria pintada","Sin restricción"