"anio_acci","nro_acci","fecha","desc_dia","fecha_aprox","hora_aprox","desc_ruta","km","cant_participantes","desc_participante","calle_avenida_km","total","heridos_leves","heridos_graves","heridos_gravisimos","ilesos","fallecidos","sin_datos","posicion_XY","desc_tipo_via","desc_ruta_ori","desc_loc","desc_dpto","desc_tipo_calzada","desc_tipo_banquina","desc_unidad_regional","desc_lugar_calzada","desc_zona","desc_prioridad","desc_estado_semaforo","desc_lugar_via","desc_estado_via","desc_estado_visibilidad","desc_luminosidad","desc_estado_clima","desc_tipo_colision","desc_tipo_atropello","desc_tipo_hecho","desc_pres_calzada","desc_senializacion","desc_separacion_via","desc_restriccion"
2015,342,12/01/2015,"Lunes",0,16:20:00,,"0.0",2,"Automóvil,Automóvil","Av. Pellegrini Y Alvear",2,1,0,0,1,0,0,,"Calle",,"ROSARIO","Rosario","Asfalto","S/D","II","Dentro","Urbana","Semáforo","Funciona","Recta","Bueno","Buena","Diurna","Buen Tiempo","Lateral","S/D","Colisión","S/D","Vertical","S/D","S/D"
2015,343,12/01/2015,"Lunes",0,18:50:00,,"0.0",2,"Moto/Ciclomotor,Automóvil","Bv. Segui Y L.N.Alem",2,1,0,0,1,0,0,,"Avenida",,"ROSARIO","Rosario","Asfalto","Pavimento","II","S/D","Urbana","Ninguna","No existe","Intersección","Bueno","Buena","Atardecer","Buen Tiempo","De alcance","S/D","Colisión","Ninguna","Horizontal","Vegetación","Sin restricción"
2015,344,11/01/2015,"Domingo",0,,,"0.0",2,"Automóvil,Automóvil","J.J.Paso Y Av. Provincias Unidas",3,1,0,0,2,0,0,,"Avenida",,"ROSARIO","Rosario","Asfalto","No existe","II","S/D","Urbana","Ninguna","No existe","Curva","Bueno","Buena","Nocturna","Lluvia","S/D","S/D","Colisión","Otro","Vertical","Ninguna","Sin restricción"
2015,345,15/01/2015,"Jueves",0,09:30:00,,"0.0",2,"Automóvil,Automóvil","Callao Y Santa Fe",2,1,0,0,1,0,0,,"Calle",,"ROSARIO","Rosario","S/D","No existe","II","S/D","Urbana","Semáforo","Funciona","Recta","Otro","Buena","Diurna","Buen Tiempo","Otro","S/D","Colisión","Otro","Vertical","Ninguna","Sin restricción"
2015,346,31/01/2015,"Sabado",0,14:57:00,,"0.0",2,"Taxi/Remis,Automóvil","Urquiza Y Castellanos",2,1,0,0,1,0,0,,"Calle",,"ROSARIO","Rosario","Asfalto","No existe","II","S/D","Urbana","Ninguna","No existe","Recta","Bueno","Buena","Diurna","Buen Tiempo","Otro","S/D","Colisión","Otro","Faltante","Ninguna","Sin restricción"
2015,347,14/01/2015,"Miercoles",0,18:20:00,,"0.0",2,"Automóvil,Automóvil","Mitre ",2,1,0,0,1,0,0,,"Avenida",,"ROSARIO","Rosario","Asfalto","S/D","II","S/D","Urbana","Ninguna","S/D","Recta","Bueno","Buena","Nocturna","Buen Tiempo","Lateral","S/D","Colisión","S/D","S/D","Ninguna","Sin restricción"
2015,348,10/01/2015,"Sabado",0,20:45:00,,"0.0",1,"Moto/Ciclomotor","SIMON BOLIVAR  1400",1,0,1,0,0,0,0,,"Calle",,"PUEBLO ESTHER","Rosario","Ripio","No existe","II","Dentro","Urbana","Ninguna","No existe","Recta","Ahuellamiento","Buena","Nocturna","Buen Tiempo","S/D","S/D","Caída ocupante","Ninguna","Faltante","Ninguna","Sin restricción"
2015,349,12/01/2015,"Lunes",0,08:10:00,,"0.0",2,"Pickup/Utilitario,Automóvil","Bv. 27 De Febrero Y Mariano Moreno",3,2,0,0,1,0,0,,"Avenida",,"ROSARIO","Rosario","Asfalto","S/D","II","Dentro","Urbana","Semáforo","Funciona","Recta","Bueno","Buena","Diurna","Buen Tiempo","De alcance","S/D","Colisión","S/D","Vertical","S/D","S/D"
2015,350,13/01/2015,"Martes",0,15:30:00,,"0.0",2,"Moto/Ciclomotor,Automóvil","Pte.Quintana Y Beruti",2,1,0,0,1,0,0,,"Calle",,"ROSARIO","Rosario","Asfalto","Pavimento","II","S/D","Urbana","Ninguna","No existe","Intersección","Deteriorada","Buena","Diurna","Buen Tiempo","Lateral","S/D","Colisión","Ninguna","Horizontal","Cordón divisorio","Sin restricción"
2015,351,26/01/2015,"Lunes",0,18:00:00,,"0.0",2,"Automóvil,Moto/Ciclomotor","Av. Provincias Unidas B 600 ",2,1,0,0,1,0,0,,"Avenida",,"ROSARIO","Rosario","Asfalto","S/D","II","S/D","Urbana","Ninguna","S/D","Recta","Bueno","S/D","Atardecer","Buen Tiempo","Lateral","S/D","Colisión","Otro","Faltante","Ninguna","Sin restricción"
2015,352,10/01/2015,"Sabado",0,,,"0.0",2,"Moto/Ciclomotor,Camión","Necochea Y Amenabar",2,1,0,0,1,0,0,,"Calle",,"ROSARIO","Rosario","Asfalto","No existe","II","S/D","Urbana","Otra Señal","No existe","Intersección","Bueno","Buena","S/D","Buen Tiempo","De alcance","S/D","Colisión","Ninguna","Horizontal","Línea divisoria pintada","Sin restricción"
2015,353,30/01/2015,"Viernes",0,09:45:00,,"0.0",2,"Moto/Ciclomotor,Taxi/Remis","Av. Ovidio Lagos Y Tucuman",3,2,0,0,1,0,0,,"Calle",,"ROSARIO","Rosario","Asfalto","No existe","II","S/D","Urbana","Semáforo","Funciona","Recta","Bueno","Buena","Diurna","Buen Tiempo","Otro","S/D","Colisión","Otro","Vertical","Ninguna","Sin restricción"
2015,354,18/01/2015,"Domingo",0,12:40:00,,"0.0",2,"Automóvil,Moto/Ciclomotor","Av. Eva Peron Y Bv. Avellaneda",2,1,0,0,0,0,1,,"Calle",,"ROSARIO","Rosario","S/D","S/D","II","Dentro","Urbana","S/D","S/D","S/D","S/D","S/D","Diurna","S/D","S/D","S/D","Colisión","S/D","S/D","S/D","S/D"
2015,355,15/01/2015,"Jueves",0,18:30:00,,"0.0",2,"Moto/Ciclomotor,Automóvil","Castellanos Y Catamarca",2,1,0,0,1,0,0,,"Calle",,"ROSARIO","Rosario","Asfalto","No existe","II","S/D","Urbana","Ninguna","No existe","Recta","Bueno","Buena","Diurna","Buen Tiempo","Otro","S/D","Colisión","S/D","S/D","Ninguna","Sin restricción"
2015,356,11/01/2015,"Domingo",0,19:30:00,"Ruta Nacional 9","0.0",2,"Automóvil,Moto/Ciclomotor","Suipacha Y Ruta Nacional 9",2,1,0,0,1,0,0,,"Ruta",9,"FUNES","Rosario","Asfalto","S/D","II","S/D","Urbana","Ninguna","S/D","Intersección","Bueno","Buena","Atardecer","Buen Tiempo","Lateral","S/D","Colisión","S/D","S/D","Ninguna","Sin restricción"
2015,357,11/01/2015,"Domingo",0,,,"0.0",1,"Peatón","Bv. 27 De Febrero Y Bv. Oroño",2,1,0,0,1,0,0,,"Avenida",,"ROSARIO","Rosario","Asfalto","S/D","II","Dentro","Urbana","Semáforo","Funciona","Recta","Bueno","Buena","S/D","S/D","S/D","S/D","Atropello","S/D","Vertical","S/D","S/D"
2015,358,03/01/2015,"Sabado",0,19:00:00,,"0.0",2,"Taxi/Remis,Moto/Ciclomotor","Pje. Gral.Savio Y San Martin",2,1,0,0,1,0,0,,"Calle",,"ROSARIO","Rosario","Asfalto","S/D","II","Dentro","Urbana","Ninguna","S/D","Intersección","Bueno","Buena","Atardecer","Buen Tiempo","De alcance","S/D","Colisión","S/D","S/D","S/D","Sin restricción"
2015,359,09/01/2015,"Viernes",0,21:30:00,,"0.0",1,"Moto/Ciclomotor","Sgto Cabral Y San Martin",1,1,0,0,0,0,0,,"Calle",,"ROSARIO","Rosario","Hormigón","S/D","II","S/D","Urbana","Ninguna","S/D","Recta","Bueno","S/D","Nocturna","Buen Tiempo","S/D","S/D","Caída ocupante","S/D","Faltante","Ninguna","Sin restricción"
2015,360,12/01/2015,"Lunes",0,16:00:00,,"0.0",1,"Moto/Ciclomotor","San Lorenzo Y Pueyrredon",2,1,1,0,0,0,0,,"Calle",,"ROSARIO","Rosario","Asfalto","S/D","II","S/D","Urbana","Ninguna","S/D","Recta","Bueno","Buena","Diurna","Buen Tiempo","Otro","S/D","Caída ocupante","S/D","S/D","Ninguna","Sin restricción"
2015,361,14/01/2015,"Miercoles",0,20:00:00,,"0.0",2,"Moto/Ciclomotor,Automóvil","Laprida Y Pje. Casablanca",2,1,0,0,1,0,0,,"Calle",,"ROSARIO","Rosario","Asfalto","No existe","II","S/D","Urbana","Otra Señal","No existe","Intersección","Bueno","Buena","Nocturna","Buen Tiempo","Lateral","S/D","Colisión","Ninguna","Horizontal","Ninguna","Sin restricción"
2015,362,08/01/2015,"Jueves",0,19:00:00,,"0.0",2,"Pickup/Utilitario,Moto/Ciclomotor","San Martin Y Ocampo",4,2,0,0,2,0,0,,"Avenida",,"ROSARIO","Rosario","Asfalto","S/D","II","Dentro","Urbana","S/D","S/D","Intersección","Bueno","Buena","Atardecer","Buen Tiempo","Lateral","S/D","Colisión","S/D","S/D","S/D","S/D"
2015,363,09/01/2015,"Viernes",0,10:30:00,,"0.0",2,"Moto/Ciclomotor,Automóvil","Alberdi Y Reconquista",3,1,0,0,2,0,0,,"Calle",,"ROSARIO","Rosario","Asfalto","Pavimento","II","S/D","Urbana","Ninguna","No existe","Intersección","Bueno","Buena","Diurna","Buen Tiempo","De alcance","S/D","Colisión","Ninguna","Horizontal","Cordón divisorio","Sin restricción"
2015,364,17/01/2015,"Sabado",0,02:45:00,,"0.0",2,"Transporte de Pasajeros Larga Distancia (> 8 asientos),Moto/Ciclomotor","Cafferata Y Mendoza",2,1,0,0,1,0,0,,"Calle",,"ROSARIO","Rosario","S/D","S/D","II","Dentro","Urbana","S/D","S/D","S/D","S/D","S/D","Nocturna","S/D","S/D","S/D","Colisión","S/D","S/D","S/D","S/D"
2015,365,19/01/2015,"Lunes",0,12:30:00,,"0.0",2,"Automóvil,Camión","Juarez Celman Y San Nicolas",2,1,0,0,1,0,0,,"Calle",,"ROSARIO","Rosario","Hormigón","S/D","II","S/D","Urbana","Ninguna","S/D","Intersección","Bueno","S/D","Diurna","Buen Tiempo","S/D","S/D","Colisión","S/D","Faltante","Ninguna","Sin restricción"
2015,366,10/01/2015,"Sabado",0,02:20:00,,"0.0",2,"Moto/Ciclomotor,Peatón","Vera Mujica Y Urquiza",3,2,0,0,1,0,0,,"Calle",,"ROSARIO","Rosario","Asfalto","S/D","II","S/D","Urbana","Semáforo","Funciona","Recta","Bueno","S/D","Nocturna","Buen Tiempo","S/D","S/D","Atropello","S/D","Vertical","Ninguna","Sin restricción"
2015,367,04/01/2015,"Domingo",0,04:55:00,"Ruta Nacional 9","0.0",2,"Automóvil,Transporte de Pasajeros Urbano (> 8 asientos)","Ruta Nacional 9 Y El Mortero",2,1,0,0,1,0,0,,"Ruta",9,"FUNES","Rosario","Asfalto","Natural","II","S/D","Urbana","S/D","S/D","Recta","Bueno","Buena","Amanecer","Buen Tiempo","S/D","S/D","Colisión","S/D","S/D","Ninguna","S/D"
2015,368,15/01/2015,"Jueves",0,13:13:00,,"0.0",2,"Moto/Ciclomotor,Pickup/Utilitario","Bv. Segui Y L.N.Alem",2,1,0,0,1,0,0,,"Avenida",,"ROSARIO","Rosario","Asfalto","No existe","II","S/D","Urbana","Ninguna","No existe","Intersección","Bueno","Buena","Diurna","Buen Tiempo","Lateral","S/D","Colisión","Ninguna","Faltante","Ninguna","Sin restricción"
2015,369,31/01/2015,"Sabado",1,,,"0.0",1,"Taxi/Remis"," ",2,1,0,0,0,0,1,,"S/D",,"ROSARIO","Rosario","S/D","S/D","II","S/D","S/D","S/D","S/D","S/D","S/D","S/D","S/D","S/D","S/D","S/D","S/D","S/D","S/D","S/D","S/D"
2015,370,10/01/2015,"Sabado",0,18:40:00,,"0.0",2,"Automóvil,Cuatriciclo","San Martin Y Av. Uriburu",2,1,0,0,1,0,0,,"Calle",,"ROSARIO","Rosario","Asfalto","No existe","II","Dentro","Urbana","Semáforo","Funciona","Intersección","Bueno","Buena","Diurna","Buen Tiempo","De alcance","S/D","Colisión","S/D","Horizontal","Ninguna","Sin restricción"
2015,371,09/01/2015,"Viernes",0,,,"0.0",2,"Moto/Ciclomotor,Automóvil","Santa Fe Y Lavalle",3,1,0,0,2,0,0,,"Calle",,"ROSARIO","Rosario","Asfalto","Pavimento","II","S/D","Urbana","Semáforo","Funciona","Recta","Bueno","Buena","S/D","Buen Tiempo","De alcance","S/D","Colisión","Ninguna","Horizontal","Cordón divisorio","Sin restricción"
2015,372,15/01/2015,"Jueves",0,18:25:00,,"0.0",2,"Pickup/Utilitario,Peatón","San Juan Y Iriondo",2,1,0,0,1,0,0,,"Calle",,"ROSARIO","Rosario","S/D","S/D","II","Dentro","Urbana","S/D","S/D","S/D","S/D","S/D","Atardecer","S/D","S/D","S/D","Atropello","S/D","S/D","S/D","S/D"
2015,373,17/01/2015,"Sabado",0,22:30:00,,"0.0",2,"Moto/Ciclomotor,Automóvil","Dr.Rivas Y Buenos Aires",2,1,0,0,1,0,0,,"Calle",,"ROSARIO","Rosario","Asfalto","No existe","II","S/D","Urbana","Ninguna","No existe","Intersección","Bueno","Buena","Nocturna","Buen Tiempo","Lateral","S/D","Colisión","Ninguna","Faltante","Ninguna","Sin restricción"
2015,374,01/01/2015,"Jueves",0,01:15:00,"Autopista Nacional Rosario -Cordoba","311.0",1,"Automóvil"," ",3,3,0,0,0,0,0,,"Autopista","Rosario -Cordoba","FUNES","Rosario","Asfalto","S/D","II","S/D","S/D","S/D","No existe","Recta","Bueno","Buena","Nocturna","Buen Tiempo","Atropello animal","S/D","Colisión","S/D","S/D","Vegetación","Sin restricción"
2015,375,27/01/2015,"Martes",0,10:30:00,,"0.0",2,"Automóvil,Otros","Av. Ovidio Lagos Y San Lorenzo",2,1,0,0,0,0,1,,"Calle",,"ROSARIO","Rosario","Asfalto","No existe","II","S/D","Urbana","Semáforo","Funciona","Recta","Otro","Buena","Diurna","Buen Tiempo","Otro","S/D","Colisión","Otro","Vertical","Ninguna","Sin restricción"
2015,376,01/01/2015,"Jueves",0,18:00:00,,"0.0",2,"Moto/Ciclomotor,Automóvil","San Nicolas Y Tucuman",2,1,0,0,1,0,0,,"Calle",,"ROSARIO","Rosario","Asfalto","S/D","II","S/D","Urbana","Señal Pare","No existe","Recta","Bueno","Buena","Diurna","Buen Tiempo","Otro","S/D","Colisión","S/D","Vertical","S/D","Sin restricción"
2015,377,17/01/2015,"Sabado",0,12:00:00,,"0.0",2,"Automóvil,Automóvil","Av. Pte.Peron ",3,2,0,0,1,0,0,,"Calle",,"ROSARIO","Rosario","Asfalto","S/D","II","Dentro","Urbana","S/D","S/D","Recta","Bueno","S/D","Diurna","Buen Tiempo","S/D","S/D","S/D","S/D","S/D","S/D","S/D"
2015,378,15/01/2015,"Jueves",0,16:00:00,,"0.0",2,"Automóvil,Moto/Ciclomotor","Marcos Paz Y Servando Bayo",2,1,0,0,1,0,0,,"Calle",,"ROSARIO","Rosario","S/D","S/D","II","Dentro","Urbana","S/D","S/D","S/D","S/D","S/D","Diurna","S/D","S/D","S/D","Colisión","S/D","S/D","S/D","S/D"
2015,379,10/01/2015,"Sabado",0,19:30:00,,"0.0",2,"Moto/Ciclomotor,Automóvil","Virasoro Y Ayacucho",2,1,0,0,1,0,0,,"Calle",,"ROSARIO","Rosario","Asfalto","Pavimento","II","S/D","Urbana","Paso Peatonal","No existe","Intersección","Deteriorada","Buena","Atardecer","Buen Tiempo","Frontal","S/D","Colisión","Ninguna","Horizontal","Línea divisoria pintada","Sin restricción"
2015,380,26/01/2015,"Lunes",0,19:00:00,,"0.0",2,"Moto/Ciclomotor,Moto/Ciclomotor","Matheu Y Robles",2,1,0,0,1,0,0,,"Calle",,"ROSARIO","Rosario","Asfalto","No existe","II","Fuera","Urbana","Ninguna","No funciona","Cruce","Bueno","Buena","Atardecer","Buen Tiempo","Lateral","S/D","Colisión","Ninguna","Horizontal","Ninguna","Sin restricción"
2015,381,19/01/2015,"Lunes",0,00:50:00,,"0.0",2,"Moto/Ciclomotor,Automóvil","J.M.de Rosas Y Ayolas",2,1,0,0,1,0,0,,"Calle",,"ROSARIO","Rosario","Asfalto","No existe","II","S/D","Urbana","Ninguna","No existe","Intersección","Bueno","Buena","Nocturna","Buen Tiempo","Lateral","S/D","Colisión","Ninguna","Faltante","Ninguna","Sin restricción"
2015,382,16/01/2015,"Viernes",0,23:45:00,,"0.0",2,"Automóvil,Moto/Ciclomotor","Av. Genova Y Venezuela",2,1,0,0,1,0,0,,"Calle",,"ROSARIO","Rosario","Asfalto","S/D","II","S/D","Urbana","S/D","S/D","Recta","Bueno","S/D","Nocturna","S/D","S/D","S/D","S/D","S/D","S/D","S/D","S/D"
2015,383,30/01/2015,"Viernes",0,12:20:00,,"0.0",2,"Automóvil,Bicicleta","AV ALBERDI  1900",2,1,0,0,1,0,0,,"Avenida",,"PUEBLO ESTHER","Rosario","Asfalto","S/D","II","Dentro","Urbana","Ninguna","No existe","Recta","Bueno","Buena","Diurna","Buen Tiempo","S/D","S/D","Atropello","Ninguna","Faltante","Línea divisoria pintada","Sin restricción"
2015,384,11/01/2015,"Domingo",0,15:30:00,,"0.0",2,"Moto/Ciclomotor,Automóvil","Buenos Aires Y Bv. Segui",3,2,0,0,1,0,0,,"Calle",,"ROSARIO","Rosario","Asfalto","Pavimento","II","S/D","Urbana","Paso Peatonal","No existe","Intersección","Bueno","Buena","Diurna","Buen Tiempo","Lateral","S/D","Colisión","Ninguna","Horizontal","Cordón divisorio","Sin restricción"
2015,385,15/01/2015,"Jueves",0,10:20:00,,"0.0",2,"Automóvil,Moto/Ciclomotor","Lima Y 9 De Julio",2,1,0,0,1,0,0,,"Calle",,"ROSARIO","Rosario","S/D","S/D","II","Dentro","Urbana","S/D","S/D","S/D","S/D","S/D","Diurna","S/D","S/D","S/D","Colisión","S/D","S/D","S/D","S/D"
2015,386,14/01/2015,"Miercoles",0,17:00:00,,"0.0",2,"Taxi/Remis,Moto/Ciclomotor","Dr.Maradona Y La Republica",2,2,0,0,0,0,0,,"Calle",,"ROSARIO","Rosario","Asfalto","Pavimento","II","Dentro","Urbana","Ninguna","S/D","Recta","Bueno","Buena","Diurna","Buen Tiempo","Frontal","S/D","Colisión","S/D","Horizontal","Ninguna","S/D"
2015,387,18/01/2015,"Domingo",0,20:30:00,,"0.0",2,"Automóvil,Automóvil","Laprida Y Amenabar",2,1,0,0,1,0,0,,"Calle",,"ROSARIO","Rosario","Asfalto","No existe","II","S/D","Urbana","Ninguna","No existe","Intersección","Bueno","Buena","Nocturna","Buen Tiempo","Lateral","S/D","Colisión","Ninguna","Faltante","Ninguna","Sin restricción"
2015,388,12/01/2015,"Lunes",0,16:00:00,,"0.0",2,"Moto/Ciclomotor,Automóvil","Sarmiento Y Bv. Segui",3,2,0,0,1,0,0,,"Calle",,"ROSARIO","Rosario","Asfalto","No existe","II","Dentro","Urbana","Ninguna","No existe","Intersección","Bueno","Buena","Diurna","Buen Tiempo","De alcance","S/D","Colisión","S/D","Faltante","Ninguna","Sin restricción"
2015,389,26/01/2015,"Lunes",0,19:30:00,,"0.0",2,"Moto/Ciclomotor,Bicicleta","Candelaria Y Santa Fe",3,3,0,0,0,0,0,,"Calle",,"FUNES","Rosario","Asfalto","S/D","II","S/D","Urbana","Ninguna","S/D","Intersección","Bueno","Buena","Diurna","Buen Tiempo","S/D","S/D","Atropello","S/D","S/D","Ninguna","Sin restricción"
2015,390,19/01/2015,"Lunes",0,21:40:00,,"0.0",2,"Automóvil,Moto/Ciclomotor","Acevedo Bis Y Morrison",2,1,0,0,1,0,0,,"Calle",,"ROSARIO","Rosario","Asfalto","Pavimento","II","S/D","Urbana","Ninguna","Funciona","Recta","Bueno","Buena","Nocturna","Buen Tiempo","Frontal","S/D","Colisión","Otro","Horizontal","Ninguna","S/D"
2015,391,24/01/2015,"Sabado",0,06:00:00,"Ruta Nacional A012","0.0",2,"Camión,Automóvil"," ",2,1,0,0,1,0,0,,"Ruta","A012","ALVEAR","Rosario","Asfalto","Natural","II","Dentro","Urbana","Ninguna","No existe","Puente","S/D","Buena","Amanecer","Buen Tiempo","Lateral","S/D","Colisión","S/D","Vertical","Línea divisoria pintada","Sin restricción"
2015,392,08/01/2015,"Jueves",0,11:30:00,,"0.0",2,"Moto/Ciclomotor,Automóvil","Av. Pellegrini Y Av. Ovidio Lagos",2,0,1,0,1,0,0,,"Avenida",,"ROSARIO","Rosario","Asfalto","S/D","II","Dentro","Urbana","Semáforo","Funciona","Intersección","Bueno","Buena","Diurna","Buen Tiempo","Lateral","S/D","Colisión","S/D","Vertical","S/D","S/D"
2015,393,12/01/2015,"Lunes",0,16:40:00,,"0.0",2,"Automóvil,Moto/Ciclomotor","Bv. Avellaneda Y 3 De Febrero",2,1,0,0,1,0,0,,"Calle",,"ROSARIO","Rosario","S/D","S/D","II","Dentro","Urbana","S/D","S/D","S/D","S/D","S/D","Diurna","S/D","S/D","S/D","Colisión","S/D","S/D","S/D","S/D"
2015,394,07/01/2015,"Miercoles",0,11:40:00,,"0.0",2,"Automóvil,Moto/Ciclomotor","Chassaing Y Juez Zuviria",3,3,0,0,0,0,0,,"Calle",,"ROSARIO","Rosario","Asfalto","Pavimento","II","S/D","Urbana","Ninguna","S/D","Recta","Bueno","Buena","Diurna","Lluvia","Frontal","S/D","Colisión","Agua","Faltante","Ninguna","S/D"
2015,395,23/01/2015,"Viernes",0,10:00:00,,"0.0",2,"Moto/Ciclomotor,Pickup/Utilitario","Buenos Aires Y Rueda",2,1,0,0,1,0,0,,"Calle",,"ROSARIO","Rosario","Asfalto","No existe","II","S/D","Urbana","Ninguna","No existe","Intersección","Bueno","Buena","Diurna","Buen Tiempo","Lateral","S/D","Colisión","Ninguna","Faltante","Ninguna","Sin restricción"
2015,396,27/01/2015,"Martes",0,17:30:00,,"0.0",2,"Automóvil,Automóvil","Bv San diego Y Av Gral San Martin",2,1,0,0,1,0,0,,"Avenida",,"VILLA GOBERNADOR GÁLVEZ","Rosario","Asfalto","No existe","II","Dentro","Urbana","Semáforo","Funciona","Intersección","Bueno","Buena","Diurna","Buen Tiempo","Lateral","S/D","Colisión","S/D","Vertical","Cordón divisorio","Sin restricción"
2015,397,01/01/2015,"Jueves",0,22:30:00,,"0.0",2,"Moto/Ciclomotor,Automóvil","Virasoro Y Bv. Rondeau",2,1,0,0,1,0,0,,"Calle",,"ROSARIO","Rosario","Asfalto","Pavimento","II","S/D","Urbana","S/D","Funciona","Recta","Bueno","Buena","Nocturna,Con luz artificial","Buen Tiempo","De alcance","S/D","Colisión","Otro","Horizontal","Cordón divisorio","Sin restricción"
2015,398,14/01/2015,"Miercoles",0,18:30:00,,"0.0",2,"Automóvil,Bicicleta","Dean Funes Y Dorrego",3,2,0,0,1,0,0,,"Calle",,"ROSARIO","Rosario","Asfalto","No existe","II","Dentro","Urbana","Ninguna","No existe","Intersección","Bueno","Buena","Diurna","Buen Tiempo","De alcance","S/D","Atropello","S/D","Faltante","Ninguna","Sin restricción"
2015,399,08/01/2015,"Jueves",0,18:30:00,,"0.0",2,"Moto/Ciclomotor,Automóvil","Rueda Y Av. Corrientes",3,2,0,0,1,0,0,,"Calle",,"ROSARIO","Rosario","Asfalto","S/D","II","Dentro","Urbana","S/D","S/D","Intersección","Bueno","Buena","Diurna","Buen Tiempo","Lateral","S/D","Colisión","S/D","S/D","S/D","S/D"
2015,400,18/01/2015,"Domingo",0,18:00:00,,"0.0",2,"Moto/Ciclomotor,Peatón","Fontana Y Grandoli",2,1,0,0,1,0,0,,"Calle",,"ROSARIO","Rosario","Asfalto","No existe","II","S/D","Urbana","Semáforo","Funciona","Rotonda","Bueno","Buena","Diurna","Lluvia","S/D","S/D","Atropello","Otro","Vertical","Ninguna","Sin restricción"
2015,401,17/01/2015,"Sabado",0,20:55:00,,"0.0",2,"Moto/Ciclomotor,Peatón","Solis Y Casilda",3,1,0,0,2,0,0,,"Calle",,"ROSARIO","Rosario","S/D","No existe","II","Dentro","Urbana","Ninguna","No existe","Recta","S/D","Reducida","Nocturna","S/D","S/D","S/D","Atropello","S/D","Faltante","Ninguna","Sin restricción"
2015,402,31/01/2015,"Sabado",0,08:30:00,,"0.0",2,"Moto/Ciclomotor,Automóvil","Mendoza Y Av. Francia",2,1,0,0,1,0,0,,"Calle",,"ROSARIO","Rosario","S/D","S/D","II","Dentro","Urbana","S/D","S/D","S/D","S/D","S/D","Diurna","S/D","S/D","S/D","Colisión","S/D","S/D","S/D","S/D"
2015,403,08/01/2015,"Jueves",0,11:50:00,,"0.0",1,"Automóvil","Av. Pte.Peron Y Suipacha",3,1,0,0,2,0,0,,"Avenida",,"ROSARIO","Rosario","Asfalto","S/D","II","Dentro","Urbana","S/D","Funciona","Intersección","Bueno","Buena","Diurna","Buen Tiempo","Lateral","S/D","Colisión","S/D","Vertical","S/D","S/D"
2015,404,05/01/2015,"Lunes",0,05:50:00,,"0.0",2,"Automóvil,Moto/Ciclomotor","Av. Ntra.Sra.del Rosario Y Ayacucho",2,1,0,0,1,0,0,,"Calle",,"ROSARIO","Rosario","Asfalto","Pavimento","II","S/D","Urbana","Ninguna","Intermitente","Intersección","Bueno","Buena","Nocturna","Buen Tiempo","S/D","S/D","Colisión","Ninguna","Vertical","Ninguna","S/D"
2015,405,22/01/2015,"Jueves",0,15:00:00,,"0.0",2,"Taxi/Remis,Moto/Ciclomotor","Villa del Parque 4000",2,1,0,0,1,0,0,,"Calle",,"ROSARIO","Rosario","Asfalto","No existe","II","Dentro","Urbana","Ninguna","No existe","Recta","Con baches","Buena","Diurna","Buen Tiempo","Frontal","S/D","Colisión","Ninguna","Faltante","Ninguna","Sin restricción"
2015,406,24/01/2015,"Sabado",0,12:15:00,,"0.0",2,"Moto/Ciclomotor,Automóvil","L.N.Alem Y Ayolas",2,1,0,0,1,0,0,,"Calle",,"ROSARIO","Rosario","Asfalto","No existe","II","Dentro","Urbana","Semáforo","Funciona","Intersección","Bueno","Buena","Diurna","Buen Tiempo","Lateral","S/D","Colisión","Ninguna","Vertical","Ninguna","Sin restricción"
2015,407,31/01/2015,"Sabado",0,06:00:00,"Autopista Nacional Gral. Juan Jose Valle","269.0",2,"Automóvil,Pickup/Utilitario"," ",4,1,0,0,3,0,0,,"Autopista","Gral. Juan Jose Valle","ROSARIO","Rosario","Asfalto","Natural","II","S/D","Rural","Señal Ceda el Paso","No existe","Recta","Bueno","Buena","Diurna","Buen Tiempo","Frontal","S/D","Colisión","S/D","Faltante","Vegetación","Sin restricción"
2015,408,05/01/2015,"Lunes",0,19:40:00,,"0.0",2,"Automóvil,Automóvil","Grandoli Y Av. Uriburu",2,1,0,0,1,0,0,,"Avenida",,"ROSARIO","Rosario","Asfalto","No existe","II","Dentro","Urbana","Ninguna","Funciona","Intersección","Bueno","Buena","Diurna","Buen Tiempo","Lateral","S/D","Colisión","Ninguna","Vertical","Ninguna","S/D"
2015,409,09/01/2015,"Viernes",0,,,"0.0",2,"Moto/Ciclomotor,Automóvil","Bv. Rondeau 4156",2,1,0,0,1,0,0,,"Avenida",,"ROSARIO","Rosario","Asfalto","Pavimento","II","S/D","Urbana","Semáforo","Funciona","Recta","Bueno","Buena","S/D","Buen Tiempo","De alcance","S/D","Colisión","Ninguna","Horizontal","Cordón divisorio","Sin restricción"
2015,410,19/01/2015,"Lunes",0,08:40:00,,"0.0",2,"Automóvil,Moto/Ciclomotor","Av. Corrientes Y Bv. Segui",3,2,0,0,1,0,0,,"Calle",,"ROSARIO","Rosario","Asfalto","No existe","II","Dentro","Urbana","Ninguna","No existe","Intersección","Bueno","Buena","Diurna","Buen Tiempo","De alcance","S/D","Colisión","S/D","Faltante","Ninguna","Sin restricción"
2015,411,27/01/2015,"Martes",0,09:00:00,,"0.0",2,"Automóvil,Automóvil","Roullon Y Pje. Minetti",2,1,0,0,1,0,0,,"Calle",,"ROSARIO","Rosario","Asfalto","No existe","II","S/D","Urbana","Ninguna","No existe","Intersección","S/D","Buena","Diurna","S/D","Lateral","S/D","Colisión","S/D","Faltante","Ninguna","Sin restricción"