"anio_acci","nro_acci","fecha","desc_dia","fecha_aprox","hora_aprox","desc_ruta","km","cant_participantes","desc_participante","calle_avenida_km","total","heridos_leves","heridos_graves","heridos_gravisimos","ilesos","fallecidos","sin_datos","posicion_XY","desc_tipo_via","desc_ruta_ori","desc_loc","desc_dpto","desc_tipo_calzada","desc_tipo_banquina","desc_unidad_regional","desc_lugar_calzada","desc_zona","desc_prioridad","desc_estado_semaforo","desc_lugar_via","desc_estado_via","desc_estado_visibilidad","desc_luminosidad","desc_estado_clima","desc_tipo_colision","desc_tipo_atropello","desc_tipo_hecho","desc_pres_calzada","desc_senializacion","desc_separacion_via","desc_restriccion"
2015,412,28/01/2015,"Miercoles",0,13:45:00,,"0.0",2,"Automóvil,Automóvil","Baigorria 1500",3,1,0,0,0,0,2,,"Calle",,"ROSARIO","Rosario","Asfalto","No existe","II","Dentro","Urbana","S/D","S/D","Intersección","Bueno","Buena","Diurna","S/D","S/D","S/D","S/D","Otro","Vertical","S/D","S/D"
2015,413,12/01/2015,"Lunes",0,,,"0.0",2,"Moto/Ciclomotor,Automóvil","Bv. Segui Y Laprida",3,2,0,0,1,0,0,,"S/D",,"ROSARIO","Rosario","Asfalto","No existe","II","S/D","S/D","Ninguna","No existe","Intersección","Bueno","Buena","Diurna","Buen Tiempo","Lateral","S/D","Colisión","Ninguna","S/D","Ninguna","Sin restricción"
2015,414,20/01/2015,"Martes",0,20:30:00,,"0.0",2,"Moto/Ciclomotor,Automóvil","Av. Corrientes Y Pte.Quintana",2,1,0,0,1,0,0,,"Calle",,"ROSARIO","Rosario","Asfalto","No existe","II","Dentro","Urbana","Ninguna","No existe","Intersección","Bueno","Buena","Atardecer","Buen Tiempo","De alcance","S/D","Colisión","S/D","Faltante","Ninguna","Sin restricción"
2015,415,09/01/2015,"Viernes",0,16:30:00,,"0.0",2,"Bicicleta,Taxi/Remis","Larrea Y San Lorenzo",2,1,0,0,1,0,0,,"Calle",,"ROSARIO","Rosario","S/D","No existe","II","S/D","Urbana","Ninguna","No existe","Intersección","S/D","S/D","Diurna","S/D","S/D","S/D","Atropello","S/D","Faltante","Ninguna","Sin restricción"
2015,416,09/01/2015,"Viernes",0,11:37:00,,"0.0",2,"Moto/Ciclomotor,Pickup/Utilitario","J.J.Paso 5520",3,2,0,0,1,0,0,,"Avenida",,"ROSARIO","Rosario","S/D","No existe","II","Fuera","Urbana","Ninguna","No existe","Recta","S/D","S/D","Diurna","Otro","Frontal","S/D","Colisión","S/D","Faltante","Ninguna","Sin restricción"
2015,417,07/01/2015,"Miercoles",0,20:00:00,,"0.0",2,"Automóvil,Taxi/Remis","Darragueira Y Valle Hermoso",2,1,0,0,1,0,0,,"Calle",,"ROSARIO","Rosario","Asfalto","No existe","II","S/D","Urbana","Ninguna","S/D","Recta","Bueno","Buena","Nocturna,Con luz artificial","Buen Tiempo","De alcance","S/D","Colisión","Ninguna","Faltante","Ninguna","Sin restricción"
2015,418,09/02/2015,"Lunes",0,18:00:00,,"0.0",2,"Automóvil,Moto/Ciclomotor","Bv. J.Granel 2800",2,1,0,0,1,0,0,,"Calle",,"ROSARIO","Rosario","Asfalto","Natural","II","Dentro","Urbana","Ninguna","No existe","Recta","Bueno","Buena","Diurna","Buen Tiempo","Frontal","S/D","Colisión","Ninguna","Faltante","Ninguna","Sin restricción"
2015,419,20/01/2015,"Martes",0,15:00:00,,"0.0",2,"Automóvil,Automóvil","Gaboto Y Entre Rios",2,1,0,0,1,0,0,,"Calle",,"ROSARIO","Rosario","Asfalto","No existe","II","Dentro","Urbana","Ninguna","No existe","Recta","Bueno","Buena","Diurna","Buen Tiempo","De alcance","S/D","Colisión","S/D","Faltante","Ninguna","Sin restricción"
2015,420,03/01/2015,"Sabado",0,22:40:00,,"0.0",3,"Peatón,Peatón,Automóvil","Larrea Y Junin",3,2,0,0,1,0,0,,"Calle",,"ROSARIO","Rosario","Asfalto","No existe","II","S/D","Urbana","S/D","No existe","Recta","S/D","S/D","Nocturna","S/D","S/D","S/D","Atropello","S/D","Faltante","S/D","Sin restricción"
2015,421,21/01/2015,"Miercoles",0,08:30:00,,"0.0",2,"Moto/Ciclomotor,Moto/Ciclomotor","San Martin Y Esteban de Luca",2,2,0,0,0,0,0,,"Calle",,"ROSARIO","Rosario","Asfalto","No existe","II","Dentro","Urbana","Semáforo","Funciona","Intersección","Bueno","Buena","Diurna","Buen Tiempo","De alcance","S/D","Colisión","S/D","Vertical","Ninguna","Sin restricción"
2015,422,20/01/2015,"Martes",0,15:30:00,,"0.0",2,"Automóvil,Moto/Ciclomotor","J.Colombres Y Gurruchaga",2,1,0,0,1,0,0,,"Avenida",,"ROSARIO","Rosario","Asfalto","No existe","II","S/D","Urbana","Semáforo","Funciona","Recta","Bueno","Buena","Diurna","Buen Tiempo","De alcance","S/D","Colisión","Ninguna","Horizontal","Cordón divisorio","Sin restricción"
2015,423,07/01/2015,"Miercoles",0,21:40:00,,"0.0",2,"Peatón,Automóvil","Sarmiento Y Pasco",2,1,0,0,1,0,0,,"Calle",,"ROSARIO","Rosario","Asfalto","S/D","II","Dentro","Urbana","S/D","S/D","Recta","Bueno","Buena","Nocturna","Buen Tiempo","S/D","S/D","Atropello","S/D","S/D","S/D","S/D"
2015,424,22/01/2015,"Jueves",0,20:40:00,,"0.0",2,"Moto/Ciclomotor,Automóvil","Bv. Segui Y San Martin",2,1,0,0,1,0,0,,"Calle",,"ROSARIO","Rosario","Asfalto","No existe","II","Dentro","Urbana","Semáforo","Funciona","Intersección","Bueno","Buena","Atardecer","Buen Tiempo","De alcance","S/D","Colisión","S/D","Horizontal","Ninguna","Sin restricción"
2015,425,11/01/2015,"Domingo",0,16:40:00,,"0.0",2,"Moto/Ciclomotor,Automóvil","MONYFELDS ",3,1,0,0,0,0,2,,"Calle",,"ROSARIO","Rosario","Asfalto","S/D","II","S/D","Urbana","S/D","S/D","Recta","S/D","S/D","S/D","S/D","S/D","S/D","Colisión","S/D","S/D","S/D","S/D"
2015,426,25/01/2015,"Domingo",0,08:30:00,,"0.0",2,"Moto/Ciclomotor,Automóvil","Saavedra Y Buenos Aires",3,1,0,0,2,0,0,,"Calle",,"ROSARIO","Rosario","Asfalto","No existe","II","Dentro","Urbana","Ninguna","No existe","Intersección","Bueno","Buena","Diurna","Buen Tiempo","De alcance","S/D","Colisión","Ninguna","Faltante","Ninguna","Sin restricción"
2015,427,06/01/2015,"Martes",0,11:30:00,,"0.0",2,"Automóvil,Pickup/Utilitario","E.Zeballos Y Lima",2,1,0,0,0,0,1,,"Calle",,"ROSARIO","Rosario","S/D","S/D","II","Dentro","Urbana","S/D","S/D","S/D","S/D","S/D","Diurna","S/D","S/D","S/D","Colisión","S/D","S/D","S/D","S/D"
2015,428,03/01/2015,"Sabado",0,13:00:00,,"0.0",2,"Pickup/Utilitario,Moto/Ciclomotor","9 de Julio Y Juarez Celman",3,2,0,0,1,0,0,,"Calle",,"ARROYO SECO","Rosario","Hormigón","Pavimento","II","S/D","Urbana","Ninguna","No existe","Intersección","Bueno","Buena","Diurna","Buen Tiempo","Lateral","S/D","Colisión","S/D","Faltante","Ninguna","Sin restricción"
2015,429,23/01/2015,"Viernes",0,19:30:00,,"0.0",2,"Moto/Ciclomotor,Automóvil","San Martin Y Bv. Segui",2,1,0,0,1,0,0,,"Calle",,"ROSARIO","Rosario","Asfalto","No existe","II","Dentro","Urbana","Semáforo","Funciona","Intersección","Bueno","Buena","Atardecer","Buen Tiempo","De alcance","S/D","Colisión","S/D","Horizontal","Ninguna","Sin restricción"
2015,430,15/01/2015,"Jueves",0,11:00:00,,"0.0",2,"Bicicleta,Automóvil","Castagnino Y Zelaya",2,1,0,0,1,0,0,,"Calle",,"ROSARIO","Rosario","Asfalto","S/D","II","S/D","Urbana","Policía de tránsito","No existe","Intersección","Bueno","Buena","Diurna","Buen Tiempo","S/D","S/D","Atropello","Ninguna","Vertical","Ninguna","Sin restricción"
2015,431,09/01/2015,"Viernes",0,13:30:00,,"0.0",2,"Moto/Ciclomotor,Automóvil","Av. Bermudez Y Pje. Pelikan",2,1,0,0,1,0,0,,"Calle",,"ROSARIO","Rosario","Asfalto","No existe","II","Dentro","Urbana","Ninguna","No funciona","Intersección","Bueno","Buena","Diurna","Buen Tiempo","Lateral","S/D","Colisión","Ninguna","Faltante","Ninguna","Sin restricción"
2015,432,05/01/2015,"Lunes",0,23:30:00,,"0.0",2,"Automóvil,Moto/Ciclomotor","Av. Pellegrini Y Bv. Avellaneda",2,1,0,0,1,0,0,,"Calle",,"ROSARIO","Rosario","S/D","S/D","II","Dentro","Urbana","S/D","S/D","S/D","S/D","S/D","Nocturna","S/D","S/D","S/D","Colisión","S/D","S/D","S/D","S/D"
2015,433,23/01/2015,"Viernes",0,23:00:00,,"0.0",2,"Pickup/Utilitario,Moto/Ciclomotor","Bv. Segui Y Sarmiento",2,1,0,0,1,0,0,,"Calle",,"ROSARIO","Rosario","Asfalto","No existe","II","Dentro","Urbana","Ninguna","No existe","Intersección","Bueno","Buena","Nocturna","Buen Tiempo","De alcance","S/D","Colisión","S/D","Faltante","Ninguna","Sin restricción"
2015,434,20/01/2015,"Martes",0,19:15:00,,"0.0",2,"Automóvil,Automóvil","Cochabamba Y L.N.Alem",3,2,0,0,1,0,0,,"Calle",,"ROSARIO","Rosario","Asfalto","No existe","II","Dentro","Urbana","Ninguna","No existe","Recta","Bueno","Buena","Atardecer","Buen Tiempo","Frontal","S/D","Colisión","Ninguna","Horizontal","Cordón divisorio","Sin restricción"
2015,435,05/01/2015,"Lunes",0,23:15:00,,"0.0",2,"Automóvil,Moto/Ciclomotor"," ",2,1,0,0,1,0,0,,"Calle",,"ROSARIO","Rosario","S/D","S/D","II","Dentro","Urbana","S/D","S/D","S/D","S/D","S/D","Nocturna","S/D","S/D","S/D","Colisión","S/D","S/D","S/D","S/D"
2015,436,05/01/2015,"Lunes",0,12:45:00,,"0.0",2,"Moto/Ciclomotor,Automóvil","Sarmiento Y Cochabamba",2,1,0,0,1,0,0,,"Calle",,"ROSARIO","Rosario","Asfalto","S/D","II","Dentro","Urbana","S/D","S/D","Recta","Bueno","Buena","Diurna","Buen Tiempo","Lateral","S/D","Colisión","S/D","S/D","S/D","S/D"
2015,437,17/01/2015,"Sabado",0,09:30:00,,"0.0",2,"Moto/Ciclomotor,Automóvil","Ayacucho Y Lainez",2,1,0,0,1,0,0,,"Calle",,"ROSARIO","Rosario","Asfalto","No existe","II","Dentro","Urbana","Ninguna","No existe","Intersección","Bueno","Buena","Diurna","Buen Tiempo","Lateral","S/D","Colisión","Ninguna","Faltante","Ninguna","Sin restricción"
2015,438,02/01/2015,"Viernes",0,18:00:00,,"0.0",2,"Automóvil,Automóvil","Av. Pellegrini 2700",2,1,0,0,1,0,0,,"Avenida",,"ROSARIO","Rosario","Asfalto","S/D","II","Dentro","Urbana","Semáforo","Funciona","Recta","Bueno","Buena","Diurna","Buen Tiempo","De alcance","S/D","Colisión","S/D","S/D","S/D","S/D"
2015,439,25/01/2015,"Domingo",0,19:35:00,"Autopista Nacional Gral. Juan Jose Valle","268.0",2,"Automóvil,Automóvil"," ",6,0,0,0,4,0,2,,"Autopista","Gral. Juan Jose Valle","ARROYO SECO","Rosario","Asfalto","Natural","II","Dentro","Urbana","Ninguna","No existe","Recta","Bueno","Buena","Atardecer","Buen Tiempo","Lateral","S/D","Colisión","Otro","Vertical","Línea divisoria pintada","Sin restricción"
2015,440,10/01/2015,"Sabado",0,01:30:00,,"0.0",2,"Moto/Ciclomotor,Automóvil","L.N.Alem Y Viamonte",2,1,0,0,1,0,0,,"Calle",,"ROSARIO","Rosario","Asfalto","No existe","II","Dentro","Urbana","Ninguna","No existe","Recta","Bueno","Buena","Nocturna","Buen Tiempo","Frontal","S/D","Colisión","Ninguna","Faltante","Cordón divisorio","Sin restricción"
2015,441,26/01/2015,"Lunes",0,17:50:00,,"0.0",2,"Moto/Ciclomotor,Automóvil","L.N.Alem Y Bv. Segui",2,1,0,0,1,0,0,,"S/D",,"ROSARIO","Rosario","Asfalto","Pavimento","II","S/D","Urbana","Otra Señal","No existe","Intersección","Bueno","Buena","Diurna","Buen Tiempo","Lateral","S/D","Colisión","Ninguna","Horizontal","Cordón divisorio","Sin restricción"
2015,442,09/01/2015,"Viernes",0,18:20:00,,"0.0",2,"Automóvil,Moto/Ciclomotor","Necochea Y La Paz",3,1,0,0,2,0,0,,"Calle",,"ROSARIO","Rosario","Asfalto","No existe","II","Dentro","Urbana","Ninguna","No existe","Recta","Bueno","Buena","Atardecer","Buen Tiempo","Frontal","S/D","Colisión","Ninguna","Horizontal","Cordón divisorio","Sin restricción"
2015,443,24/01/2015,"Sabado",0,21:45:00,,"0.0",2,"Moto/Ciclomotor,Automóvil","Entre Rios Y Uruguay",2,1,0,0,1,0,0,,"Calle",,"ROSARIO","Rosario","Asfalto","No existe","II","Dentro","Urbana","Semáforo","Funciona","Intersección","Bueno","Buena","Nocturna","Buen Tiempo","De alcance","S/D","Colisión","S/D","Horizontal","Ninguna","Sin restricción"
2015,444,24/01/2015,"Sabado",0,,,"0.0",2,"Automóvil,Moto/Ciclomotor","Av. Irigoyen Y Zelaya",3,2,0,0,1,0,0,,"Calle",,"ROSARIO","Rosario","Asfalto","No existe","II","S/D","Urbana","Otra Señal","No existe","Recta","Deteriorada","Buena","Diurna","Buen Tiempo","De alcance","S/D","Colisión","Ninguna","Horizontal,Vertical","Ninguna","Sin restricción"
2015,445,05/01/2015,"Lunes",0,,,"0.0",2,"Automóvil,Automóvil","Montevideo Y Av. Francia",2,1,0,0,1,0,0,,"Calle",,"ROSARIO","Rosario","S/D","S/D","II","Dentro","Urbana","S/D","S/D","S/D","S/D","S/D","S/D","S/D","S/D","S/D","Colisión","S/D","S/D","S/D","S/D"
2015,446,26/01/2015,"Lunes",0,13:15:00,,"0.0",2,"Moto/Ciclomotor,Automóvil","España Y 24 De Setiembre",2,1,0,0,1,0,0,,"Calle",,"ROSARIO","Rosario","Asfalto","No existe","II","Dentro","Urbana","Ninguna","No existe","Intersección","Bueno","Buena","Diurna","Buen Tiempo","De alcance","S/D","Colisión","S/D","Faltante","Ninguna","Sin restricción"
2015,447,21/01/2015,"Miercoles",0,19:50:00,,"0.0",2,"Moto/Ciclomotor,Automóvil","J.Chapo Bis ",2,1,0,0,1,0,0,,"Calle",,"ROSARIO","Rosario","Asfalto","Pavimento","II","S/D","Urbana","Ninguna","No existe","Intersección","Bueno","Buena","Diurna","Buen Tiempo","Lateral","S/D","Colisión","S/D","Faltante","Ninguna","Sin restricción"
2015,448,04/01/2015,"Domingo",0,16:20:00,,"0.0",2,"Automóvil,Moto/Ciclomotor","Av. Francia Y Rioja",2,1,0,0,1,0,0,,"Calle",,"ROSARIO","Rosario","S/D","S/D","II","Dentro","Urbana","S/D","S/D","S/D","S/D","S/D","Diurna","S/D","S/D","S/D","Colisión","S/D","S/D","S/D","S/D"
2015,449,24/01/2015,"Sabado",0,16:00:00,,"0.0",2,"Moto/Ciclomotor,Automóvil","Gral Manuel Belgrano Y San Nicolas",3,2,0,0,1,0,0,,"Calle",,"ARROYO SECO","Rosario","Asfalto","No existe","II","Dentro","Urbana","Ninguna","No existe","Intersección","Bueno","Buena","Nocturna","Buen Tiempo","Lateral","S/D","Colisión","S/D","Faltante","Cordón divisorio","S/D"
2015,450,22/01/2015,"Jueves",0,16:40:00,,"0.0",2,"Automóvil,Automóvil","Bv. Avellaneda Y Av. Genova",4,1,0,0,3,0,0,,"Avenida",,"ROSARIO","Rosario","Asfalto","S/D","II","S/D","Urbana","S/D","S/D","Recta","Bueno","S/D","Diurna","Buen Tiempo","De alcance","S/D","Colisión","S/D","S/D","S/D","S/D"
2015,451,28/01/2015,"Miercoles",0,18:45:00,,"0.0",2,"Bicicleta,Automóvil","Cochabamba 800",3,2,0,0,1,0,0,,"Calle",,"ROSARIO","Rosario","Asfalto","S/D","II","Dentro","Urbana","S/D","S/D","Recta","Bueno","Buena","Atardecer","Buen Tiempo","S/D","S/D","Atropello","S/D","S/D","S/D","S/D"
2015,452,02/01/2015,"Viernes",0,12:45:00,,"0.0",2,"Moto/Ciclomotor,Automóvil","San Juan Y Pascual Rosas",2,1,0,0,1,0,0,,"Calle",,"ROSARIO","Rosario","S/D","S/D","II","Dentro","Urbana","S/D","S/D","S/D","S/D","S/D","Diurna","S/D","S/D","S/D","Colisión","S/D","S/D","S/D","S/D"
2015,453,27/01/2015,"Martes",0,08:40:00,,"0.0",2,"Bicicleta,Automóvil","Buenos Aires Y Dean Funes",2,1,0,0,1,0,0,,"S/D",,"ROSARIO","Rosario","Asfalto","S/D","II","S/D","Urbana","Señal Ceda el Paso","No existe","Recta","Bueno","Buena","Diurna","Buen Tiempo","S/D","S/D","Atropello","Agua","Horizontal","Línea divisoria pintada","Sin restricción"
2015,454,09/01/2015,"Viernes",0,19:30:00,,"0.0",2,"Moto/Ciclomotor,Automóvil","Alberdi Y Av. Luis Carballo",2,1,0,0,1,0,0,,"Avenida",,"ROSARIO","Rosario","Asfalto","S/D","II","S/D","Urbana","S/D","S/D","Intersección","S/D","S/D","S/D","S/D","S/D","S/D","Colisión","S/D","S/D","S/D","S/D"
2015,455,23/01/2015,"Viernes",0,19:05:00,,"0.0",2,"Automóvil,Moto/Ciclomotor","Entre Rios Y Galvez",2,1,0,0,1,0,0,,"Calle",,"ROSARIO","Rosario","Asfalto","S/D","II","Dentro","Urbana","S/D","S/D","Intersección","Bueno","Buena","Diurna","Buen Tiempo","Lateral","S/D","Colisión","S/D","S/D","S/D","S/D"
2015,456,28/01/2015,"Miercoles",0,12:30:00,,"0.0",2,"Moto/Ciclomotor,Automóvil","Entre Rios Y 24 De Setiembre",2,1,0,0,1,0,0,,"Calle",,"ROSARIO","Rosario","Asfalto","No existe","II","Dentro","Urbana","Ninguna","No existe","Intersección","Bueno","Buena","Diurna","Buen Tiempo","De alcance","S/D","Colisión","S/D","Faltante","Ninguna","Sin restricción"
2015,457,06/01/2015,"Martes",0,15:00:00,,"0.0",2,"Moto/Ciclomotor,Automóvil","Albert Sabin Y Bv. Avellaneda",2,1,0,0,0,0,1,,"Calle",,"ROSARIO","Rosario","Asfalto","S/D","II","S/D","Urbana","S/D","S/D","Intersección","S/D","S/D","S/D","S/D","S/D","S/D","Colisión","S/D","S/D","S/D","S/D"
2015,458,12/01/2015,"Lunes",0,21:50:00,,"0.0",2,"Automóvil,Bicicleta","Av. Genova Y Victor Mercante",2,1,0,0,1,0,0,,"Avenida",,"ROSARIO","Rosario","Asfalto","S/D","II","S/D","Urbana","S/D","No existe","Intersección","Bueno","Buena","Nocturna,Con luz artificial","Buen Tiempo","S/D","S/D","Atropello","S/D","Faltante","Cordón divisorio","Sin restricción"
2015,459,27/01/2015,"Martes",0,10:00:00,,"0.0",2,"Moto/Ciclomotor,Automóvil","Maipu Y Ayolas",2,1,0,0,1,0,0,,"Calle",,"ROSARIO","Rosario","Asfalto","No existe","II","S/D","Urbana","Semáforo","Funciona","Recta","Bueno","Buena","Diurna","Buen Tiempo","De alcance","S/D","Colisión","Ninguna","Vertical","Cordón divisorio","Sin restricción"
2015,460,22/01/2015,"Jueves",0,18:00:00,,"0.0",2,"Automóvil,Moto/Ciclomotor","Dorrego Y Riobamba",2,1,0,0,1,0,0,,"Calle",,"ROSARIO","Rosario","Asfalto","No existe","II","S/D","Urbana","S/D","S/D","Intersección","Bueno","S/D","Diurna","Buen Tiempo","Lateral","S/D","Colisión","S/D","S/D","S/D","S/D"
2015,461,02/01/2015,"Viernes",0,13:00:00,,"0.0",2,"Moto/Ciclomotor,Automóvil","Av. Alberdi Bis Y Gorriti",2,1,0,0,1,0,0,,"Calle",,"ROSARIO","Rosario","Asfalto","S/D","II","S/D","Urbana","S/D","S/D","Intersección","S/D","S/D","S/D","S/D","S/D","S/D","Colisión","S/D","S/D","S/D","S/D"
2015,462,30/01/2015,"Viernes",0,08:00:00,,"0.0",2,"Automóvil,Automóvil","Bv. Oroño Y Tucuman",2,1,0,0,1,0,0,,"Avenida",,"ROSARIO","Rosario","Asfalto","No existe","II","Dentro","Urbana","Marca Vial","No existe","Intersección","Bueno","Buena","Diurna","Buen Tiempo","Lateral","S/D","Colisión","Ninguna","Vertical","Línea divisoria pintada","Sin restricción"
2015,463,19/01/2015,"Lunes",0,13:25:00,,"0.0",2,"Moto/Ciclomotor,Automóvil","Mar del Plata Y Pje. Oria",2,1,0,0,1,0,0,,"S/D",,"ROSARIO","Rosario","Asfalto","No existe","II","S/D","Urbana","Ninguna","No existe","Intersección","Bueno","Buena","Diurna","Buen Tiempo","S/D","S/D","Colisión","Ninguna","Faltante","Ninguna","Sin restricción"
2015,464,24/02/2015,"Martes",0,18:30:00,,"0.0",2,"Otros,Otros","Palestina Y Gambartes",3,0,1,0,0,0,2,,"Calle",,"ROSARIO","Rosario","Asfalto","No existe","II","Dentro","Urbana","Ninguna","No existe","Intersección","Bueno","Buena","Diurna","Buen Tiempo","Lateral","S/D","Colisión","Ninguna","Faltante","Ninguna","Sin restricción"
2015,465,26/01/2015,"Lunes",0,00:00:00,,"0.0",2,"Moto/Ciclomotor,Automóvil","LIBERTAD Y MENDOZA",3,2,0,0,1,0,0,,"Calle",,"VILLA GOBERNADOR GÁLVEZ","Rosario","Asfalto","No existe","II","Dentro","Urbana","Ninguna","No existe","Intersección","Bueno","Buena","Nocturna","Buen Tiempo","Lateral","S/D","Colisión","S/D","Faltante","Ninguna","Sin restricción"
2015,466,05/01/2015,"Lunes",0,21:00:00,,"0.0",2,"Moto/Ciclomotor,Moto/Ciclomotor","Cochabamba Y Necochea",2,1,0,0,1,0,0,,"Calle",,"ROSARIO","Rosario","Asfalto","No existe","II","Dentro","Urbana","Ninguna","No existe","Recta","Bueno","Buena","Nocturna","Buen Tiempo","Lateral","S/D","Colisión","Ninguna","Horizontal","Cordón divisorio","Sin restricción"
2015,467,28/01/2015,"Miercoles",0,07:30:00,,"0.0",2,"Automóvil,Automóvil","Bv. Oroño ",2,1,0,0,1,0,0,,"Calle",,"ROSARIO","Rosario","Asfalto","S/D","II","Dentro","Urbana","Otra Señal","No existe","Recta","Bueno","Buena","Diurna","Buen Tiempo","De alcance","S/D","Colisión","S/D","Faltante","S/D","Sin restricción"
2015,468,23/02/2015,"Lunes",0,11:30:00,,"0.0",2,"Camión,Moto/Ciclomotor","Casiano Casas Y Larrechea",2,1,0,0,1,0,0,,"Calle",,"ROSARIO","Rosario","Asfalto","No existe","II","S/D","Urbana","Ninguna","No existe","Intersección","Bueno","Buena","Diurna","Buen Tiempo","Lateral","S/D","Colisión","Otro","Faltante","Ninguna","Sin restricción"
2015,469,21/01/2015,"Miercoles",0,12:25:00,,"0.0",1,"Moto/Ciclomotor","Av. Francia Y Av. Pellegrini",2,1,0,0,1,0,0,,"Avenida",,"ROSARIO","Rosario","Asfalto","S/D","II","Dentro","Urbana","Semáforo","Funciona","Recta","Bueno","Buena","Diurna","Buen Tiempo","Lateral","S/D","Colisión","S/D","S/D","S/D","S/D"
2015,470,07/01/2015,"Miercoles",0,12:45:00,,"0.0",2,"Automóvil,Automóvil","Bv. 27 De Febrero Y Necochea",3,1,0,0,2,0,0,,"S/D",,"ROSARIO","Rosario","Asfalto","No existe","II","Dentro","Urbana","Semáforo","Funciona","Recta","Bueno","Buena","Diurna","Buen Tiempo","Lateral","S/D","Colisión","Ninguna","Horizontal","Línea divisoria pintada","Sin restricción"
2015,471,07/01/2015,"Miercoles",0,09:20:00,,"0.0",2,"Automóvil,Automóvil","Necochea Y Cerrito",3,2,0,0,1,0,0,,"Calle",,"ROSARIO","Rosario","Asfalto","No existe","II","S/D","Urbana","Ninguna","No existe","Recta","Bueno","Buena","Diurna","Buen Tiempo","De alcance","S/D","Colisión","Ninguna","Horizontal","Cordón divisorio","Sin restricción"
2015,472,21/02/2015,"Sabado",0,11:00:00,"Autopista Provincial Brigadier E.López","0.0",2,"Transporte de Pasajeros Urbano (> 8 asientos),Moto/Ciclomotor","Autopista Rosario - Santa Fe ",3,1,1,0,1,0,0,,"Autopista","Brigadier E.López","ROSARIO","Rosario","Asfalto","Pavimento","II","Dentro","Urbana","Ninguna","No existe","Recta","Bueno","Buena","Diurna","Buen Tiempo","Lateral","S/D","Colisión","Ninguna","S/D","Línea divisoria pintada","Sin restricción"
2015,473,24/01/2015,"Sabado",0,11:00:00,,"0.0",3,"Pickup/Utilitario,Automóvil,Pickup/Utilitario","Av Gral San Martin Y Bv San diego",3,2,0,0,1,0,0,,"Avenida",,"VILLA GOBERNADOR GÁLVEZ","Rosario","Asfalto","No existe","II","Dentro","Urbana","Semáforo","Funciona","Intersección","Bueno","Buena","Diurna","Buen Tiempo","Múltiple","S/D","Colisión","S/D","Vertical","Cordón divisorio","Sin restricción"
2015,474,19/01/2015,"Lunes",0,17:30:00,,"0.0",2,"Peatón,Camión","Bv. Oroño Y Galvez",2,1,0,0,1,0,0,,"Avenida",,"ROSARIO","Rosario","Asfalto","No existe","II","Dentro","Urbana","S/D","S/D","Recta","Bueno","Buena","Diurna","Buen Tiempo","S/D","S/D","Atropello","S/D","S/D","S/D","S/D"
2015,475,17/01/2015,"Sabado",0,04:00:00,,"0.0",2,"Automóvil,Moto/Ciclomotor","Sarmiento Y Virasoro",4,2,0,0,2,0,0,,"Calle",,"ROSARIO","Rosario","Asfalto","No existe","II","Dentro","Urbana","S/D","S/D","Intersección","Bueno","Buena","Nocturna,Con luz artificial","Buen Tiempo","Lateral","S/D","Colisión","S/D","S/D","S/D","S/D"
2015,476,28/02/2015,"Sabado",0,13:45:00,,"0.0",2,"Moto/Ciclomotor,Cuatriciclo","Diaz Velez Y Iguazu",2,1,0,0,1,0,0,,"Calle",,"ROSARIO","Rosario","Asfalto","S/D","II","S/D","Urbana","S/D","S/D","Recta","S/D","S/D","Diurna","S/D","S/D","S/D","Colisión","S/D","S/D","S/D","S/D"
2015,477,23/01/2015,"Viernes",0,09:00:00,,"0.0",2,"Automóvil,Transporte de Pasajeros Urbano (> 8 asientos)","Garay Y Av Juan Domingo Peron",2,1,0,0,1,0,0,,"Avenida",,"VILLA GOBERNADOR GÁLVEZ","Rosario","Asfalto","No existe","II","Dentro","Urbana","Ninguna","No existe","Intersección","Con baches","Buena","Diurna","Buen Tiempo","Lateral","S/D","Colisión","S/D","Faltante","Cordón divisorio","Sin restricción"
2015,478,02/01/2015,"Viernes",0,13:50:00,,"0.0",2,"Automóvil,Automóvil","Av. Ovidio Lagos Y Rueda",2,1,0,0,1,0,0,,"Calle",,"ROSARIO","Rosario","Asfalto","S/D","II","Dentro","Urbana","Semáforo","Funciona","Intersección","Bueno","Buena","Diurna","Buen Tiempo","Lateral","S/D","Colisión","S/D","Vertical","S/D","S/D"
2015,479,16/01/2015,"Viernes",0,17:40:00,,"0.0",2,"Moto/Ciclomotor,Automóvil","Bv. Oroño Y Av. Pellegrini",2,1,0,0,1,0,0,,"Avenida",,"ROSARIO","Rosario","Asfalto","No existe","II","Dentro","Urbana","Semáforo","Funciona","Rotonda","Bueno","Buena","Diurna","Buen Tiempo","Lateral","S/D","Colisión","S/D","Vertical","S/D","Sin restricción"
2015,480,23/01/2015,"Viernes",0,13:15:00,,"0.0",2,"Moto/Ciclomotor,Camión","J A Roca Y Andreu",2,1,0,0,1,0,0,,"Calle",,"VILLA GOBERNADOR GÁLVEZ","Rosario","Asfalto","No existe","II","Dentro","Urbana","Ninguna","No existe","Intersección","Con baches","Buena","Diurna","Buen Tiempo","Lateral","S/D","Colisión","S/D","Faltante","Ninguna","Sin restricción"
2015,481,21/02/2015,"Sabado",0,09:00:00,,"0.0",2,"Moto/Ciclomotor,Pickup/Utilitario","Bv. Rondeau Y Marull",2,1,0,0,1,0,0,,"Calle",,"ROSARIO","Rosario","Asfalto","No existe","II","Dentro","Urbana","Ninguna","No existe","Intersección","Bueno","Buena","Diurna","Buen Tiempo","De alcance","S/D","Colisión","Otro","S/D","Ninguna","Sin restricción"