"anio_acci","nro_acci","fecha","desc_dia","fecha_aprox","hora_aprox","desc_ruta","km","cant_participantes","desc_participante","calle_avenida_km","total","heridos_leves","heridos_graves","heridos_gravisimos","ilesos","fallecidos","sin_datos","posicion_XY","desc_tipo_via","desc_ruta_ori","desc_loc","desc_dpto","desc_tipo_calzada","desc_tipo_banquina","desc_unidad_regional","desc_lugar_calzada","desc_zona","desc_prioridad","desc_estado_semaforo","desc_lugar_via","desc_estado_via","desc_estado_visibilidad","desc_luminosidad","desc_estado_clima","desc_tipo_colision","desc_tipo_atropello","desc_tipo_hecho","desc_pres_calzada","desc_senializacion","desc_separacion_via","desc_restriccion"
2015,482,13/01/2015,"Martes",0,14:15:00,,"0.0",2,"Moto/Ciclomotor,Automóvil"," ",2,1,0,0,1,0,0,,"Calle",,"VILLA GOBERNADOR GÁLVEZ","Rosario","Asfalto","No existe","II","Dentro","Urbana","Ninguna","Funciona","Intersección","Bueno","Buena","Diurna","Buen Tiempo","Lateral","S/D","Colisión","Agua","S/D","Ninguna","Sin restricción"
2015,483,13/01/2015,"Martes",0,11:10:00,,"0.0",2,"Moto/Ciclomotor,Automóvil","J A Roca Y San Luis",2,1,0,0,1,0,0,,"Calle",,"VILLA GOBERNADOR GÁLVEZ","Rosario","Ripio","S/D","II","Dentro","Urbana","Ninguna","No existe","Intersección","Bueno","Buena","Diurna","Buen Tiempo","Lateral","S/D","Colisión","S/D","Faltante","Ninguna","Sin restricción"
2015,484,04/02/2015,"Miercoles",0,10:00:00,,"0.0",2,"Automóvil,Automóvil","Pueyrredon Y Urquiza",2,1,0,0,1,0,0,,"Calle",,"ROSARIO","Rosario","S/D","No existe","II","S/D","Urbana","Ninguna","No existe","Recta","S/D","Buena","Diurna","Buen Tiempo","S/D","S/D","Colisión","S/D","Faltante","S/D","Sin restricción"
2015,485,10/01/2015,"Sabado",0,17:00:00,,"0.0",2,"Moto/Ciclomotor,Automóvil","J A Roca Y Andreu",2,1,0,0,1,0,0,,"Calle",,"VILLA GOBERNADOR GÁLVEZ","Rosario","Ripio","No existe","II","Dentro","Urbana","Ninguna","No existe","Intersección","Bueno","Buena","Diurna","Buen Tiempo","Lateral","S/D","Colisión","S/D","Faltante","Ninguna","Sin restricción"
2015,486,02/02/2015,"Lunes",0,00:30:00,,"0.0",2,"Automóvil,Automóvil","Bv. Avellaneda Y San Lorenzo",2,1,0,0,1,0,0,,"Avenida",,"ROSARIO","Rosario","Asfalto","No existe","II","Dentro","Urbana","Semáforo","Funciona","Recta","S/D","Buena","Nocturna","Buen Tiempo","S/D","S/D","Colisión","S/D","Vertical","Ninguna","Sin restricción"
2015,487,07/01/2015,"Miercoles",0,16:30:00,,"0.0",2,"Automóvil,Moto/Ciclomotor","Victor Hugo Y I A Edison",2,2,0,0,0,0,0,,"Calle",,"VILLA GOBERNADOR GÁLVEZ","Rosario","Asfalto","No existe","II","Dentro","Urbana","Ninguna","No existe","Intersección","Bueno","Buena","Diurna","Buen Tiempo","Lateral","S/D","Colisión","S/D","Faltante","Ninguna","Sin restricción"
2015,488,22/02/2015,"Domingo",0,19:30:00,,"0.0",2,"Automóvil,Automóvil","Escauriza Y G.Carrasco",2,1,0,0,1,0,0,,"Calle",,"ROSARIO","Rosario","Asfalto","No existe","II","Dentro","Urbana","Otra Señal","No existe","Rotonda","Bueno","Buena","Atardecer","Buen Tiempo","De alcance","S/D","Colisión","Otro","Horizontal","Ninguna","Sin restricción"
2015,489,04/01/2015,"Domingo",0,18:00:00,,"0.0",2,"Moto/Ciclomotor,Automóvil","25 de Mayo Y Iglesias",3,2,0,0,1,0,0,,"Calle",,"VILLA GOBERNADOR GÁLVEZ","Rosario","Asfalto","No existe","II","Dentro","Urbana","Ninguna","No existe","Intersección","Bueno","Buena","Diurna","Buen Tiempo","Lateral","S/D","Colisión","S/D","Faltante","Cordón divisorio","Sin restricción"
2015,490,31/01/2015,"Sabado",0,19:00:00,,"0.0",2,"Moto/Ciclomotor,Automóvil","Buenos Aires Y Gaboto",3,2,0,0,1,0,0,,"Calle",,"ROSARIO","Rosario","Asfalto","No existe","II","Dentro","Urbana","Marca Vial","No existe","Intersección","Bueno","Buena","Atardecer","Buen Tiempo","Lateral","S/D","Colisión","Agua","Vertical","Línea divisoria pintada","Sin restricción"
2015,491,11/02/2015,"Miercoles",0,08:50:00,,"0.0",2,"Moto/Ciclomotor,Automóvil","Av. Ovidio Lagos Y Brown",2,1,0,0,1,0,0,,"Avenida",,"ROSARIO","Rosario","Asfalto","No existe","II","S/D","Urbana","Semáforo","Funciona","Recta","S/D","Buena","Diurna","Buen Tiempo","S/D","S/D","Colisión","S/D","Vertical","Ninguna","Sin restricción"
2015,492,04/02/2015,"Miercoles",0,00:06:00,,"0.0",2,"Automóvil,Moto/Ciclomotor","J.J.Paso Y Solis",2,1,0,0,1,0,0,,"Avenida",,"ROSARIO","Rosario","Asfalto","No existe","II","Dentro","Urbana","S/D","S/D","Recta","Bueno","S/D","S/D","S/D","S/D","S/D","S/D","Otro","Horizontal","S/D","S/D"
2015,493,05/02/2015,"Jueves",0,18:15:00,,"0.0",2,"Moto/Ciclomotor,Bicicleta","Av. Circunvalacion Y Av. Jorge Newbery",2,1,0,0,1,0,0,,"S/D",,"ROSARIO","Rosario","Asfalto","No existe","II","S/D","S/D","Señal Ceda el Paso","S/D","Puente","Bueno","Buena","Diurna","Buen Tiempo","S/D","S/D","Atropello","S/D","Vertical","S/D","S/D"
2015,494,09/02/2015,"Lunes",0,08:45:00,,"0.0",2,"Moto/Ciclomotor,Pickup/Utilitario","Casiano Casas Y Pavlov",2,1,0,0,1,0,0,,"Calle",,"ROSARIO","Rosario","Asfalto","No existe","II","Dentro","Urbana","Ninguna","Funciona","Recta","Bueno","Buena","Diurna","Buen Tiempo","S/D","S/D","Colisión","Ninguna","Horizontal","Barrera de hormigón","Sin restricción"
2015,495,24/01/2015,"Sabado",0,,,"0.0",2,"Automóvil,Moto/Ciclomotor","Lima Y E.Zeballos",3,2,0,0,1,0,0,,"S/D",,"ROSARIO","Rosario","S/D","S/D","II","Dentro","Urbana","S/D","S/D","S/D","S/D","S/D","S/D","S/D","S/D","S/D","S/D","S/D","S/D","S/D","S/D"
2015,496,19/02/2015,"Jueves",0,18:00:00,,"0.0",2,"Transporte de Pasajeros Urbano (> 8 asientos),Moto/Ciclomotor","Av. Provincias Unidas Y Rueda",3,2,0,0,1,0,0,,"Calle",,"ROSARIO","Rosario","Asfalto","Pavimento","II","Dentro","Urbana","Ninguna","No existe","Intersección","Bueno","Buena","Atardecer","Buen Tiempo","De alcance","S/D","Colisión","S/D","Faltante","Cordón divisorio","Sin restricción"
2015,497,17/01/2015,"Sabado",0,13:30:00,,"0.0",2,"Moto/Ciclomotor,Pickup/Utilitario","G Lopez 500",3,2,0,0,1,0,0,,"Calle",,"VILLA GOBERNADOR GÁLVEZ","Rosario","Asfalto","No existe","II","Dentro","Urbana","Ninguna","No existe","Recta","Bueno","Buena","Diurna","Buen Tiempo","Otro","S/D","Colisión","S/D","Faltante","Línea divisoria pintada","Sin restricción"
2015,498,23/01/2015,"Viernes",0,18:30:00,,"0.0",2,"Automóvil,Moto/Ciclomotor","San Nicolas Y Ricchieri",3,1,0,0,2,0,0,,"S/D",,"ROSARIO","Rosario","S/D","S/D","II","Dentro","Urbana","S/D","S/D","S/D","S/D","S/D","Atardecer","S/D","S/D","S/D","S/D","S/D","S/D","S/D","S/D"
2015,499,20/02/2015,"Viernes",0,18:00:00,,"0.0",2,"Peatón,Automóvil","Av. Provincias Unidas Y Viamonte",2,1,0,0,1,0,0,,"Calle",,"ROSARIO","Rosario","Asfalto","Pavimento","II","Dentro","Urbana","Semáforo","Funciona","Recta","Bueno","Buena","Atardecer","Buen Tiempo","Lateral","S/D","Atropello","S/D","Vertical","Cordón divisorio","Sin restricción"
2015,500,05/01/2015,"Lunes",0,13:50:00,,"0.0",2,"Automóvil,Automóvil","Cordoba Y Av Juan Domingo Peron",2,1,0,0,1,0,0,,"Calle",,"VILLA GOBERNADOR GÁLVEZ","Rosario","Asfalto","No existe","II","Dentro","Urbana","Ninguna","No existe","Recta","Deteriorada","Buena","Diurna","Buen Tiempo","De alcance","S/D","Colisión","S/D","Faltante","Cordón divisorio","Sin restricción"
2015,501,01/01/2015,"Jueves",1,09:40:00,,"0.0",2,"Automóvil,Moto/Ciclomotor","Marcos Paz Y Alsina",3,2,0,0,1,0,0,,"Calle",,"ROSARIO","Rosario","S/D","S/D","II","Dentro","Urbana","S/D","S/D","S/D","S/D","S/D","S/D","S/D","S/D","S/D","S/D","S/D","S/D","S/D","S/D"
2015,502,26/02/2015,"Jueves",0,18:40:00,,"0.0",2,"Taxi/Remis,Camión","Garay Y Av Juan Domingo Peron",2,1,0,0,1,0,0,,"Calle",,"VILLA GOBERNADOR GÁLVEZ","Rosario","Asfalto","No existe","II","Dentro","Urbana","Ninguna","No existe","Recta","Bueno","Buena","Diurna","Buen Tiempo","Lateral","S/D","Colisión","Otro","Faltante","Ninguna","Sin restricción"
2015,503,21/02/2015,"Sabado",0,16:30:00,,"0.0",2,"Moto/Ciclomotor,Moto/Ciclomotor","Pje. Volta Y Bolivia",2,2,0,0,0,0,0,,"Calle",,"ROSARIO","Rosario","Asfalto","No existe","II","Dentro","Urbana","Ninguna","No existe","Intersección","Bueno","Buena","Diurna","Buen Tiempo","Lateral","S/D","Colisión","S/D","Faltante","Ninguna","Sin restricción"
2015,504,07/02/2015,"Sabado",0,,,"0.0",2,"Moto/Ciclomotor,Automóvil","Washington Y Union",3,2,0,0,1,0,0,,"Calle",,"ROSARIO","Rosario","Asfalto","No existe","II","Dentro","Urbana","Ninguna","No existe","Intersección","Bueno","Buena","Diurna","Buen Tiempo","Lateral","S/D","Colisión","S/D","Faltante","Ninguna","S/D"
2015,505,02/01/2015,"Viernes",0,21:00:00,,"0.0",2,"Moto/Ciclomotor,Automóvil","Paraguay Y Av Gral San Martin",3,2,0,0,1,0,0,,"Avenida",,"VILLA GOBERNADOR GÁLVEZ","Rosario","Asfalto","Ripio","II","Dentro","Urbana","Ninguna","No existe","Intersección","Bueno","Buena","Nocturna","Buen Tiempo","Lateral","S/D","Colisión","S/D","Faltante","Ninguna","Sin restricción"
2015,506,23/02/2015,"Lunes",0,07:45:00,,"0.0",2,"Bicicleta,Moto/Ciclomotor","Velez Sarsfield Y Rivadavia",2,1,0,0,1,0,0,,"Calle",,"ROSARIO","Rosario","Asfalto","No existe","II","Dentro","Urbana","Ninguna","No existe","Recta","Bueno","Buena","Diurna","Buen Tiempo","S/D","S/D","Atropello","Otro","Faltante","Ninguna","Sin restricción"
2015,507,03/01/2015,"Sabado",0,12:20:00,,"0.0",2,"Moto/Ciclomotor,Automóvil","Andreu Y T A Edison bis",2,1,0,0,1,0,0,,"Calle",,"VILLA GOBERNADOR GÁLVEZ","Rosario","Asfalto","No existe","II","Dentro","Urbana","Ninguna","No existe","Recta","Deteriorada","Buena","Diurna","Buen Tiempo","De alcance","S/D","Colisión","S/D","Faltante","Ninguna","Sin restricción"
2015,508,14/01/2015,"Miercoles",0,12:50:00,,"0.0",2,"Automóvil,Moto/Ciclomotor","3 De Febrero Y Suipacha",3,2,0,0,1,0,0,,"S/D",,"ROSARIO","Rosario","S/D","S/D","II","Dentro","Urbana","S/D","S/D","S/D","S/D","S/D","Diurna","S/D","S/D","S/D","S/D","S/D","S/D","S/D","S/D"
2015,509,21/02/2015,"Sabado",0,17:15:00,,"0.0",1,"Moto/Ciclomotor","Fornieles 700",1,1,0,0,0,0,0,,"Calle",,"VILLA GOBERNADOR GÁLVEZ","Rosario","Asfalto","No existe","II","Dentro","Urbana","Ninguna","No existe","Recta","Deteriorada","Buena","Diurna","Buen Tiempo","Contra objeto fijo","S/D","Colisión","Otro","Faltante","Ninguna","Sin restricción"
2015,510,21/02/2015,"Sabado",0,21:00:00,,"0.0",2,"Moto/Ciclomotor,Automóvil","Av. Pte.Peron Y Av. Provincias Unidas",3,3,0,0,0,0,0,,"Calle",,"ROSARIO","Rosario","Asfalto","Pavimento","II","Dentro","Urbana","Semáforo","Funciona","Intersección","Bueno","Buena","Atardecer","Buen Tiempo","Lateral","S/D","Colisión","S/D","Vertical","Cordón divisorio","Sin restricción"
2015,511,13/01/2015,"Martes",0,22:00:00,"Ruta Provincial 21","287.0",2,"Automóvil,Automóvil"," ",4,1,0,0,3,0,0,,"Ruta",21,"ALVEAR","Rosario","Asfalto","Natural","II","Dentro","Rural","Ninguna","Intermitente","Intersección","Bueno","Buena","Nocturna,Con luz artificial","Buen Tiempo","Lateral","S/D","Colisión","Otro","Vertical","Ninguna","Sin restricción"
2015,512,14/01/2015,"Miercoles",0,13:30:00,,"0.0",2,"Moto/Ciclomotor,Automóvil","San Juan Y Ricchieri",3,1,0,0,2,0,0,,"S/D",,"ROSARIO","Rosario","S/D","S/D","II","Dentro","Urbana","S/D","S/D","S/D","S/D","S/D","Diurna","S/D","S/D","S/D","S/D","S/D","S/D","S/D","S/D"
2015,513,18/01/2015,"Domingo",0,,,"0.0",2,"Automóvil,Moto/Ciclomotor","Soldado Aguirre Y Magallanes",2,1,0,0,1,0,0,,"Calle",,"VILLA GOBERNADOR GÁLVEZ","Rosario","S/D","No existe","II","S/D","Urbana","Ninguna","No existe","Recta","Otro","Buena","Nocturna","Otro","Otro","S/D","Otro","Ninguna","Faltante","Ninguna","Sin restricción"
2015,514,21/02/2015,"Sabado",0,21:50:00,,"0.0",2,"Moto/Ciclomotor,Automóvil","Av. Pte.Peron Y Biedma",2,1,0,0,1,0,0,,"Calle",,"ROSARIO","Rosario","Asfalto","Pavimento","II","Dentro","Urbana","Semáforo","Funciona","Intersección","Bueno","Buena","Nocturna","Buen Tiempo","Lateral","S/D","Colisión","S/D","Vertical","Cordón divisorio","Sin restricción"
2015,515,11/02/2015,"Miercoles",0,18:00:00,,"0.0",2,"Camión,Automóvil","Av Gral San Martin Y Paraguay",2,1,0,0,1,0,0,,"Calle",,"VILLA GOBERNADOR GÁLVEZ","Rosario","Asfalto","No existe","II","Dentro","Urbana","Ninguna","S/D","Recta","Bueno","Buena","Diurna","Buen Tiempo","Otro","S/D","Colisión","Otro","Faltante","Ninguna","Sin restricción"
2015,516,05/01/2015,"Lunes",0,12:50:00,,"0.0",2,"Pickup/Utilitario,Pickup/Utilitario","3 De Febrero Y Crespo",5,2,0,0,3,0,0,,"Calle",,"ROSARIO","Rosario","S/D","S/D","II","Dentro","Urbana","S/D","S/D","S/D","S/D","S/D","Diurna","S/D","S/D","S/D","S/D","S/D","S/D","S/D","S/D"
2015,517,18/01/2015,"Domingo",0,,,"0.0",3,"Automóvil,Peatón,Peatón","J J Paso Y Juan B Justo",3,1,0,0,2,0,0,,"Calle",,"VILLA GOBERNADOR GÁLVEZ","Rosario","S/D","No existe","II","S/D","Urbana","Ninguna","No existe","Otro","Otro","Buena","Nocturna","Otro","S/D","S/D","Atropello","Ninguna","Faltante","Ninguna","Sin restricción"
2015,518,10/02/2015,"Martes",0,17:00:00,,"0.0",2,"Moto/Ciclomotor,Automóvil","Av Gral San Martin 1700",2,1,0,0,1,0,0,,"Avenida",,"VILLA GOBERNADOR GÁLVEZ","Rosario","Asfalto","No existe","II","Dentro","Urbana","Ninguna","No existe","Recta","Bueno","Buena","Diurna","Buen Tiempo","Lateral","S/D","Colisión","Otro","Faltante","Ninguna","Sin restricción"
2015,519,22/02/2015,"Domingo",0,08:10:00,,"0.0",2,"Moto/Ciclomotor,Moto/Ciclomotor","Bertole Y J.Colombres",3,3,0,0,0,0,0,,"Calle",,"ROSARIO","Rosario","Asfalto","No existe","II","Dentro","Urbana","Ninguna","No existe","Intersección","Deteriorada","Buena","Diurna","Buen Tiempo","Lateral","S/D","Colisión","S/D","Faltante","Ninguna","Sin restricción"
2015,520,10/01/2015,"Sabado",0,,,"0.0",2,"Moto/Ciclomotor,Transporte de Pasajeros Urbano (> 8 asientos)","Av del Libertador Y Caseros",3,2,0,0,1,0,0,,"Calle",,"VILLA GOBERNADOR GÁLVEZ","Rosario","S/D","No existe","II","S/D","Urbana","Ninguna","No existe","Otro","Otro","Buena","Nocturna","Otro","Otro","S/D","Otro","Ninguna","Faltante","Ninguna","Sin restricción"
2015,521,06/01/2015,"Martes",0,13:15:00,,"0.0",2,"Automóvil,Moto/Ciclomotor","San Lorenzo Y Rio De Janeiro",4,1,0,0,3,0,0,,"S/D",,"ROSARIO","Rosario","S/D","No existe","II","S/D","Urbana","Ninguna","No existe","Intersección","S/D","S/D","Diurna","S/D","Lateral","S/D","Colisión","S/D","Faltante","Ninguna","Sin restricción"
2015,522,16/02/2015,"Lunes",0,18:30:00,,"0.0",2,"Automóvil,Moto/Ciclomotor","CAMINO RURAL A BOERO ",3,2,0,0,1,0,0,,"Camino Rural",,"ALVEAR","Rosario","Ripio","No existe","II","S/D","Rural","Ninguna","No existe","Recta","Bueno","Reducida polvo","Atardecer","Buen Tiempo","Otro","S/D","Colisión","Otro","Faltante","Ninguna","Sin restricción"
2015,523,15/02/2015,"Domingo",0,13:45:00,,"0.0",2,"Automóvil,Automóvil","I A Edison Y Av Gral San Martin",2,1,0,0,1,0,0,,"Avenida",,"VILLA GOBERNADOR GÁLVEZ","Rosario","Asfalto","No existe","II","Dentro","Urbana","Ninguna","No existe","Recta","Bueno","Buena","Diurna","Buen Tiempo","Lateral","S/D","Colisión","Otro","Faltante","Ninguna","Sin restricción"
2015,524,17/02/2015,"Martes",0,06:20:00,"Ruta Nacional 11","611.0",2,"Bicicleta,Automóvil"," ",2,0,1,0,1,0,0,,"Ruta",11,"SILVA","San Justo","Asfalto","Natural","XVI","S/D","Rural","Ninguna","No existe","Recta","Bueno","Reducida","Amanecer","Niebla","S/D","S/D","Atropello","Ninguna","Faltante","Línea divisoria pintada","Sin restricción"
2015,525,22/02/2015,"Domingo",0,18:10:00,,"0.0",2,"Pickup/Utilitario,Moto/Ciclomotor","Rivarola ",2,1,0,0,1,0,0,,"Calle",,"ROSARIO","Rosario","Asfalto","Pavimento","II","Dentro","Urbana","Ninguna","No existe","Intersección","Bueno","Buena","Diurna","Buen Tiempo","Lateral","S/D","Colisión","S/D","Faltante","Cordón divisorio","Sin restricción"
2015,526,08/01/2015,"Jueves",0,,,"0.0",2,"Moto/Ciclomotor,Automóvil","Av Filipini Y Jaures",2,1,0,0,1,0,0,,"Avenida",,"VILLA GOBERNADOR GÁLVEZ","Rosario","Asfalto","No existe","II","S/D","Urbana","Ninguna","No existe","Recta","Bueno","Buena","Nocturna","Buen Tiempo","S/D","S/D","Otro","Ninguna","Faltante","Ninguna","Sin restricción"
2015,527,10/01/2015,"Sabado",0,,,"0.0",2,"Automóvil,Peatón","Belgrano Y Alberdi",2,1,0,0,1,0,0,,"Calle",,"VILLA GOBERNADOR GÁLVEZ","Rosario","S/D","No existe","II","S/D","Urbana","Ninguna","No existe","Otro","Otro","Buena","Diurna","Otro","S/D","S/D","Atropello","Ninguna","Faltante","Ninguna","Sin restricción"
2015,528,08/01/2015,"Jueves",0,16:45:00,,"0.0",2,"Moto/Ciclomotor,Automóvil","Tucuman Y Av. Corrientes",2,1,0,0,1,0,0,,"Calle",,"ROSARIO","Rosario","Asfalto","No existe","II","Dentro","Urbana","Semáforo","Funciona","Recta","Bueno","Buena","Diurna","Buen Tiempo","De alcance","S/D","Colisión","S/D","Vertical","Ninguna","Sin restricción"
2015,529,23/02/2015,"Lunes",0,18:30:00,,"0.0",2,"Camión,Moto/Ciclomotor","Av. Circunvalacion Y Rivarola",2,1,0,0,1,0,0,,"Calle",,"ROSARIO","Rosario","Asfalto","Pavimento","II","Dentro","Urbana","Ninguna","No existe","Recta","Bueno","Buena","Atardecer","Buen Tiempo","De alcance","S/D","Colisión","S/D","Faltante","Ninguna","Sin restricción"
2015,530,13/02/2015,"Viernes",0,18:30:00,,"0.0",2,"Automóvil,Moto/Ciclomotor","9 de Julio Y 25 de Mayo",2,1,0,0,1,0,0,,"Calle",,"SAN JUSTO","San Justo","Asfalto","No existe","XVI","Dentro","Urbana","Ninguna","No existe","Intersección","Bueno","Buena","Atardecer","Buen Tiempo","De alcance","S/D","Colisión","S/D","Vertical","Cordón divisorio","Sin restricción"
2015,531,08/02/2015,"Domingo",0,17:00:00,,"0.0",2,"Automóvil,Automóvil","Gregoria Matorras Y Albert Sabin",2,1,0,0,1,0,0,,"Calle",,"ROSARIO","Rosario","Asfalto","S/D","II","Dentro","Urbana","S/D","S/D","Recta","Bueno","Buena","Diurna","Buen Tiempo","Frontal","S/D","Colisión","S/D","S/D","S/D","S/D"
2015,532,28/01/2015,"Miercoles",0,10:00:00,,"0.0",2,"Moto/Ciclomotor,Moto/Ciclomotor","Nogues Y Thompson",2,1,0,0,0,0,1,,"S/D",,"VILLA GOBERNADOR GÁLVEZ","Rosario","Asfalto","No existe","II","S/D","Urbana","Ninguna","No existe","Recta","Con baches","Buena","Diurna","Buen Tiempo","De alcance","S/D","Colisión","S/D","Faltante","Ninguna","Sin restricción"
2015,533,25/01/2015,"Domingo",0,,,"0.0",2,"Moto/Ciclomotor,Automóvil","Mitre Y P Opicci",3,2,0,0,1,0,0,,"Calle",,"VILLA GOBERNADOR GÁLVEZ","Rosario","S/D","No existe","II","S/D","Urbana","Ninguna","Funciona","Otro","S/D","Buena","Nocturna","S/D","S/D","S/D","S/D","Ninguna","Faltante","Ninguna","Sin restricción"
2015,534,20/02/2015,"Viernes",0,18:30:00,,"0.0",1,"Pickup/Utilitario","Av Gral San Martin 1200",1,1,0,0,0,0,0,,"Avenida",,"VILLA GOBERNADOR GÁLVEZ","Rosario","Asfalto","No existe","II","Dentro","Urbana","Ninguna","No existe","Recta","Bueno","Buena","Diurna","Buen Tiempo","S/D","S/D","Vuelco","Otro","Faltante","Ninguna","Sin restricción"
2015,535,09/02/2015,"Lunes",0,20:00:00,,"0.0",2,"Moto/Ciclomotor,Automóvil","Rodriguez Y Urquiza",2,1,0,0,1,0,0,,"Calle",,"ROSARIO","Rosario","Asfalto","No existe","II","S/D","Urbana","Ninguna","S/D","Recta","Bueno","Buena","Nocturna","Buen Tiempo","S/D","S/D","S/D","S/D","S/D","Ninguna","Sin restricción"
2015,536,31/01/2015,"Sabado",0,,,"0.0",2,"Moto/Ciclomotor,Automóvil","Av Juan Domingo Peron Y Santiago del Estero",2,1,0,0,1,0,0,,"Avenida",,"VILLA GOBERNADOR GÁLVEZ","Rosario","Asfalto","No existe","II","S/D","Urbana","Ninguna","No existe","Recta","Con baches","Buena","Nocturna,Con luz artificial","Buen Tiempo","Frontal","S/D","Colisión","S/D","Faltante","Ninguna","Sin restricción"
2015,537,13/02/2015,"Viernes",0,09:50:00,,"0.0",2,"Pickup/Utilitario,Moto/Ciclomotor","9 de Julio Y Santa Fe",2,1,0,0,1,0,0,,"Calle",,"SAN JUSTO","San Justo","Asfalto","No existe","XVI","Dentro","Urbana","Ninguna","No existe","Intersección","Bueno","Buena","Diurna","Buen Tiempo","De alcance","S/D","Colisión","Ninguna","Vertical","Ninguna","Sin restricción"
2015,538,04/02/2015,"Miercoles",0,,"Ruta Provincial 18","11.5",2,"Automóvil,Automóvil"," ",5,2,0,0,3,0,0,,"Ruta",18,"ÁLVAREZ","Rosario","Asfalto","Ripio","II","Dentro","Rural","Ninguna","No existe","Recta","Bueno","Buena","Diurna","Buen Tiempo","Lateral","S/D","Colisión","Otro","Horizontal","Línea divisoria pintada","Sin restricción"
2015,539,19/02/2015,"Jueves",0,00:50:00,,"0.0",2,"Bicicleta,Automóvil","Salta Y San Nicolas",2,1,0,0,1,0,0,,"Calle",,"ROSARIO","Rosario","Asfalto","S/D","II","Dentro","Urbana","Semáforo","Intermitente","Recta","Bueno","Buena","Nocturna","Buen Tiempo","S/D","S/D","Atropello","S/D","Vertical","Ninguna","Sin restricción"
2015,540,29/01/2015,"Jueves",0,15:30:00,,"0.0",1,"Moto/Ciclomotor","Av Los Talas Y Guillermo Hudson",2,2,0,0,0,0,0,,"Calle",,"PEREZ","Rosario","Tierra","No existe","II","Dentro","Urbana","Ninguna","No existe","Recta","Otro","Buena","Diurna","Buen Tiempo","Otro","S/D","Caída ocupante","S/D","S/D","Ninguna","S/D"
2015,541,16/02/2015,"Lunes",0,16:00:00,,"0.0",2,"Automóvil,Moto/Ciclomotor","Rivarola 6900",2,1,0,0,1,0,0,,"Calle",,"ROSARIO","Rosario","Asfalto","No existe","II","Dentro","Urbana","Ninguna","No existe","Recta","Bueno","Buena","Diurna","Buen Tiempo","Lateral","S/D","Colisión","S/D","Faltante","Ninguna","Sin restricción"
2015,542,05/01/2015,"Lunes",0,,,"0.0",2,"Peatón,Moto/Ciclomotor","Magallanes Y Bolivar",2,1,0,0,1,0,0,,"Calle",,"VILLA GOBERNADOR GÁLVEZ","Rosario","S/D","No existe","II","S/D","Urbana","Ninguna","No existe","Otro","S/D","Reducida","Nocturna","Otro","S/D","S/D","S/D","Ninguna","Faltante","Ninguna","Sin restricción"
2015,543,22/02/2015,"Domingo",0,14:40:00,,"0.0",2,"Automóvil,Automóvil","Av. Francia Y Jujuy",2,1,0,0,1,0,0,,"Calle",,"ROSARIO","Rosario","Asfalto","No existe","II","S/D","Urbana","Semáforo","Funciona","Recta","Bueno","Buena","Nocturna","Buen Tiempo","S/D","S/D","S/D","S/D","Vertical","Ninguna","Sin restricción"
2015,544,07/02/2015,"Sabado",0,19:10:00,,"0.0",2,"Automóvil,Moto/Ciclomotor","Montevideo Y Barra",2,1,0,0,1,0,0,,"Calle",,"ROSARIO","Rosario","Asfalto","No existe","II","Dentro","Urbana","Marca Vial","No existe","Intersección","Bueno","Buena","Diurna","Buen Tiempo","Frontal","S/D","Colisión","Otro","Faltante","Cordón divisorio","Sin restricción"
2015,545,18/01/2015,"Domingo",0,15:00:00,,"0.0",2,"Moto/Ciclomotor,Transporte de Pasajeros Urbano (> 8 asientos)","Av Juan Domingo Peron Y 3 de Febrero",2,1,0,0,1,0,0,,"Avenida",,"VILLA GOBERNADOR GÁLVEZ","Rosario","Asfalto","No existe","II","Dentro","Urbana","Ninguna","No existe","Intersección","Con baches","Buena","Diurna","Buen Tiempo","De alcance","S/D","Colisión","S/D","Faltante","Ninguna","Sin restricción"
2015,546,07/02/2015,"Sabado",0,18:45:00,,"0.0",2,"Automóvil,Moto/Ciclomotor","P Opicci Y Lavalle",3,2,0,0,1,0,0,,"Calle",,"VILLA GOBERNADOR GÁLVEZ","Rosario","Asfalto","No existe","II","S/D","Urbana","Ninguna","No existe","Intersección","Bueno","Buena","Atardecer","Buen Tiempo","S/D","S/D","Colisión","Ninguna","Faltante","Ninguna","Sin restricción"
2015,547,14/02/2015,"Sabado",0,20:55:00,,"0.0",2,"Automóvil,Automóvil","Magallanes Y La Paz",3,2,0,0,1,0,0,,"S/D",,"ROSARIO","Rosario","Asfalto","No existe","II","Dentro","Urbana","Marca Vial","No existe","Intersección","Bueno","Buena","Nocturna","Buen Tiempo","Lateral","S/D","Colisión","Otro","Faltante","Cordón divisorio","Sin restricción"
2015,548,23/02/2015,"Lunes",0,14:45:00,,"0.0",2,"Taxi/Remis,Bicicleta","Urquiza Y Pueyrredon",2,1,0,0,1,0,0,,"Calle",,"ROSARIO","Rosario","Asfalto","S/D","II","S/D","Urbana","Señal Pare","No existe","Recta","Bueno","Buena","Diurna","Buen Tiempo","S/D","S/D","Atropello","S/D","Vertical","Ninguna","Sin restricción"
2015,549,15/02/2015,"Domingo",0,18:00:00,,"0.0",2,"Moto/Ciclomotor,Moto/Ciclomotor","Rivarola Y Av. Circunvalacion",4,4,0,0,0,0,0,,"Calle",,"ROSARIO","Rosario","Asfalto","Pavimento","II","Dentro","Urbana","Ninguna","No existe","Recta","Bueno","Buena","Diurna","Buen Tiempo","Lateral","S/D","Colisión","S/D","Faltante","Ninguna","Sin restricción"