"anio_acci","nro_acci","fecha","desc_dia","fecha_aprox","hora_aprox","desc_ruta","km","cant_participantes","desc_participante","calle_avenida_km","total","heridos_leves","heridos_graves","heridos_gravisimos","ilesos","fallecidos","sin_datos","posicion_XY","desc_tipo_via","desc_ruta_ori","desc_loc","desc_dpto","desc_tipo_calzada","desc_tipo_banquina","desc_unidad_regional","desc_lugar_calzada","desc_zona","desc_prioridad","desc_estado_semaforo","desc_lugar_via","desc_estado_via","desc_estado_visibilidad","desc_luminosidad","desc_estado_clima","desc_tipo_colision","desc_tipo_atropello","desc_tipo_hecho","desc_pres_calzada","desc_senializacion","desc_separacion_via","desc_restriccion"
2015,550,21/01/2015,"Miercoles",0,17:30:00,,"0.0",2,"Moto/Ciclomotor,Automóvil","Av Juan Domingo Peron Y Cordoba",2,1,0,0,1,0,0,,"Avenida",,"VILLA GOBERNADOR GÁLVEZ","Rosario","Asfalto","S/D","II","S/D","Urbana","Ninguna","S/D","Recta","Deteriorada","Buena","Diurna","Buen Tiempo","De alcance","S/D","Colisión","S/D","Faltante","Ninguna","Sin restricción"
2015,551,05/02/2015,"Jueves",0,21:40:00,,"0.0",2,"Automóvil,Moto/Ciclomotor","Liniers Y Zuviria",2,1,0,0,1,0,0,,"Calle",,"ROSARIO","Rosario","Asfalto","No existe","II","S/D","Urbana","Marca Vial","No existe","Intersección","Bueno","Buena","Nocturna","Buen Tiempo","Lateral","S/D","Colisión","Otro","Faltante","Cordón divisorio","Sin restricción"
2015,552,24/01/2015,"Sabado",0,,,"0.0",2,"Moto/Ciclomotor,Moto/Ciclomotor","Belgrano 2500",4,4,0,0,0,0,0,,"Calle",,"VILLA GOBERNADOR GÁLVEZ","Rosario","S/D","No existe","II","S/D","Urbana","Ninguna","No existe","Otro","S/D","Reducida","Nocturna","Otro","Otro","S/D","Otro","Ninguna","Faltante","Ninguna","Sin restricción"
2015,553,31/01/2015,"Sabado",0,18:00:00,,"0.0",2,"Automóvil,Moto/Ciclomotor","Bv. 27 De Febrero Y Av. Provincias Unidas",2,1,0,0,1,0,0,,"Calle",,"ROSARIO","Rosario","Asfalto","Pavimento","II","Dentro","Urbana","Semáforo","S/D","Intersección","Bueno","Buena","Diurna","Buen Tiempo","Lateral","S/D","Colisión","S/D","Vertical","Cordón divisorio","Sin restricción"
2015,554,06/02/2015,"Viernes",0,19:30:00,,"0.0",2,"Automóvil,Moto/Ciclomotor","Campbell Y Cochabamba",3,1,0,0,2,0,0,,"Calle",,"ROSARIO","Rosario","Asfalto","No existe","II","S/D","Urbana","Marca Vial","No existe","Intersección","Bueno","Buena","Atardecer","Buen Tiempo","Lateral","S/D","Colisión","Otro","Faltante","Cordón divisorio","Sin restricción"
2015,555,10/02/2015,"Martes",0,13:10:00,,"0.0",2,"Moto/Ciclomotor,Automóvil","9 de Julio Y Santa Fe",2,0,1,0,1,0,0,,"Calle",,"SAN JUSTO","San Justo","Asfalto","No existe","XVI","Dentro","Urbana","Ninguna","No existe","Intersección","Resbaladiza","Reducida","Diurna","Lluvia","Lateral","S/D","Colisión","Agua","Vertical","Ninguna","Sin restricción"
2015,556,26/02/2015,"Jueves",0,14:06:00,,"0.0",2,"Camión,Moto/Ciclomotor","Bv. Avellaneda Y San Lorenzo",2,1,0,0,1,0,0,,"Calle",,"ROSARIO","Rosario","Asfalto","Pavimento","II","S/D","Urbana","Semáforo","Funciona","Recta","Bueno","Buena","Diurna","Buen Tiempo","S/D","S/D","Colisión","S/D","Vertical","Línea divisoria pintada","Sin restricción"
2015,557,31/01/2015,"Sabado",0,21:00:00,,"0.0",2,"Peatón,Automóvil","Bertole Y Calle 1724",2,1,0,0,1,0,0,,"Calle",,"ROSARIO","Rosario","Asfalto","No existe","II","Dentro","Urbana","Ninguna","No existe","Intersección","Bueno","Buena","Nocturna","Buen Tiempo","Lateral","S/D","Atropello","S/D","Faltante","Ninguna","Sin restricción"
2015,558,20/02/2015,"Viernes",0,20:45:00,,"0.0",2,"Moto/Ciclomotor,Moto/Ciclomotor","Av. Provincias Unidas Y Viamonte",2,1,0,0,1,0,0,,"S/D",,"ROSARIO","Rosario","Asfalto","No existe","II","Dentro","Urbana","S/D","S/D","Intersección","Bueno","Buena","Nocturna","Buen Tiempo","Lateral","S/D","Colisión","Ninguna","Faltante","Cordón divisorio","Sin restricción"
2015,559,06/02/2015,"Viernes",0,17:00:00,,"0.0",2,"Bicicleta,Moto/Ciclomotor","Av. Luis Carballo ",2,1,0,0,1,0,0,,"Avenida",,"ROSARIO","Rosario","Asfalto","No existe","II","Dentro","Urbana","S/D","S/D","Recta","Bueno","Buena","Diurna","Buen Tiempo","S/D","S/D","Atropello","Ninguna","S/D","S/D","S/D"
2015,560,05/02/2015,"Jueves",0,19:00:00,,"0.0",2,"Moto/Ciclomotor,Pickup/Utilitario","9 de Julio Y Santa Fe",3,2,0,0,1,0,0,,"Calle",,"SAN JUSTO","San Justo","Asfalto","No existe","XVI","Dentro","Urbana","Ninguna","No existe","Intersección","Bueno","Buena","Atardecer","Buen Tiempo","Lateral","S/D","Colisión","Ninguna","Vertical","Ninguna","Sin restricción"
2015,561,20/02/2015,"Viernes",0,18:15:00,,"0.0",2,"Moto/Ciclomotor,Automóvil","Campbell Y Mendoza",2,1,0,0,1,0,0,,"Calle",,"ROSARIO","Rosario","Asfalto","No existe","II","S/D","Urbana","Semáforo","Funciona","Intersección","Bueno","Buena","Diurna","Buen Tiempo","Lateral","S/D","Colisión","Otro","Vertical","Cordón divisorio","Sin restricción"
2015,562,28/02/2015,"Sabado",0,15:10:00,,"0.0",2,"Taxi/Remis,Automóvil","San Lorenzo Y Pueyrredon",3,1,0,0,2,0,0,,"Calle",,"ROSARIO","Rosario","Asfalto","No existe","II","S/D","Urbana","Ninguna","No existe","Recta","Bueno","Buena","Diurna","Buen Tiempo","S/D","S/D","Colisión","S/D","Faltante","Ninguna","Sin restricción"
2015,563,11/02/2015,"Miercoles",0,13:00:00,,"0.0",2,"Moto/Ciclomotor,Automóvil","Av. Luis Carballo Y Rawson Bis",2,1,0,0,1,0,0,,"Avenida",,"ROSARIO","Rosario","Asfalto","No existe","II","Dentro","Urbana","S/D","S/D","Intersección","Bueno","Buena","Diurna","S/D","Lateral","S/D","Colisión","Ninguna","S/D","S/D","S/D"
2015,564,14/02/2015,"Sabado",0,21:10:00,,"0.0",2,"Moto/Ciclomotor,Automóvil","Bv. 27 De Febrero Y Campbell",2,1,0,0,1,0,0,,"Calle",,"ROSARIO","Rosario","Asfalto","No existe","II","Dentro","Urbana","Ninguna","No existe","Intersección","Bueno","Buena","Nocturna","Buen Tiempo","Lateral","S/D","Colisión","S/D","Faltante","Ninguna","Sin restricción"
2015,565,11/02/2015,"Miercoles",0,10:00:00,,"0.0",2,"Bicicleta,Automóvil","Velez Sarsfield Y Bahia Blanca Bis",2,1,0,0,1,0,0,,"Calle",,"ROSARIO","Rosario","Asfalto","No existe","II","Dentro","Urbana","S/D","No existe","Intersección","Bueno","Buena","Diurna","Buen Tiempo","S/D","S/D","Atropello","Ninguna","S/D","S/D","Sin restricción"
2015,566,08/02/2015,"Domingo",0,05:50:00,,"0.0",1,"Moto/Ciclomotor","B I Iturraspe Y Av Dr E Salva",2,2,0,0,0,0,0,,"Avenida",,"RAFAELA","Castellanos","Asfalto","S/D","V","S/D","Urbana","S/D","No existe","Intersección","Bueno","Buena","Nocturna","S/D","S/D","S/D","S/D","Ninguna","S/D","S/D","S/D"
2015,567,15/02/2015,"Domingo",0,09:20:00,,"0.0",2,"Moto/Ciclomotor,Automóvil","Av. Ovidio Lagos Y Salta",2,1,0,0,1,0,0,,"Avenida",,"ROSARIO","Rosario","Asfalto","No existe","II","Dentro","Urbana","Semáforo","Funciona","Recta","Bueno","Buena","Diurna","Buen Tiempo","Lateral","S/D","Colisión","S/D","Vertical","S/D","S/D"
2015,568,16/02/2015,"Lunes",0,12:00:00,,"0.0",2,"Moto/Ciclomotor,Automóvil","Av. Genova 3745",3,1,0,0,2,0,0,,"Avenida",,"ROSARIO","Rosario","S/D","S/D","II","Dentro","Urbana","S/D","S/D","S/D","S/D","Buena","Diurna","Buen Tiempo","Contra objeto fijo","S/D","Colisión","S/D","S/D","S/D","S/D"
2015,569,10/02/2015,"Martes",0,,,"0.0",2,"Automóvil,Moto/Ciclomotor","Av Juan Domingo Peron Y Cordoba",2,1,0,0,1,0,0,,"Calle",,"VILLA GOBERNADOR GÁLVEZ","Rosario","Asfalto","S/D","II","Dentro","Urbana","Ninguna","S/D","Recta","Deteriorada","Buena","Diurna","Buen Tiempo","De alcance","S/D","Colisión","S/D","Faltante","S/D","Sin restricción"
2015,570,22/02/2015,"Domingo",0,12:15:00,,"0.0",2,"Moto/Ciclomotor,Otros","Dr.Rivas Y Liniers",2,1,0,0,0,0,1,,"Calle",,"ROSARIO","Rosario","Asfalto","No existe","II","Dentro","Urbana","Ninguna","No existe","Intersección","Bueno","Buena","Diurna","Buen Tiempo","Lateral","S/D","Colisión","S/D","Faltante","Ninguna","Sin restricción"
2015,571,31/01/2015,"Sabado",0,11:00:00,,"0.0",2,"Moto/Ciclomotor,Automóvil","Tte.Agneta 3100",2,1,0,0,1,0,0,,"Calle",,"ROSARIO","Rosario","Asfalto","No existe","II","Dentro","Urbana","S/D","No existe","Recta","Bueno","Buena","Diurna","Buen Tiempo","De alcance","S/D","Colisión","S/D","Vertical","Línea divisoria pintada","Sin restricción"
2015,572,05/01/2015,"Lunes",0,17:50:00,,"0.0",2,"Moto/Ciclomotor,Camión","Av Brasil Y Santa Rosa",3,1,0,0,2,0,0,,"Calle",,"RAFAELA","Castellanos","Hormigón","No existe","V","Dentro","Urbana","Ninguna","No existe","Intersección","Bueno","Buena","Atardecer","Buen Tiempo","Lateral","S/D","Colisión","Ninguna","Faltante","Ninguna","Sin restricción"
2015,573,22/02/2015,"Domingo",0,17:00:00,,"0.0",2,"Moto/Ciclomotor,Automóvil","Bv. 27 De Febrero Y Matienzo",2,1,0,0,1,0,0,,"Calle",,"ROSARIO","Rosario","Asfalto","Natural","II","Dentro","Urbana","Semáforo","Funciona","Intersección","Bueno","Buena","Atardecer","Buen Tiempo","Lateral","S/D","Colisión","Otro","Vertical","Cordón divisorio","Sin restricción"
2015,574,09/02/2015,"Lunes",0,19:00:00,,"0.0",2,"Moto/Ciclomotor,Automóvil","Av Filipini Y Lavalle",3,2,0,0,0,0,1,,"Avenida",,"VILLA GOBERNADOR GÁLVEZ","Rosario","Asfalto","No existe","II","S/D","Urbana","Ninguna","No existe","Intersección","Bueno","Buena","Atardecer","Buen Tiempo","Otro","S/D","Colisión","Ninguna","Faltante","Ninguna","Sin restricción"
2015,575,23/02/2015,"Lunes",0,12:35:00,,"0.0",2,"Automóvil,Pickup/Utilitario","J.J.Paso Y Mejico",3,1,0,0,1,0,1,,"S/D",,"ROSARIO","Rosario","S/D","S/D","II","S/D","S/D","S/D","S/D","S/D","S/D","Buena","Atardecer","S/D","S/D","S/D","Colisión","S/D","S/D","S/D","S/D"
2015,576,19/01/2015,"Lunes",0,10:00:00,,"0.0",2,"Taxi/Remis,Camión","Av. Pellegrini 300",2,1,0,0,1,0,0,,"Calle",,"ROSARIO","Rosario","Asfalto","S/D","II","Dentro","Urbana","Semáforo","Funciona","Recta","Bueno","Buena","Diurna","Buen Tiempo","S/D","S/D","Colisión","S/D","S/D","Cordón divisorio","S/D"
2015,577,01/01/2015,"Jueves",0,06:15:00,,"0.0",2,"Peatón,Automóvil","Av. Arijon Y Entre Rios",2,1,0,0,1,0,0,,"Calle",,"ROSARIO","Rosario","Asfalto","No existe","II","Dentro","Urbana","Semáforo","Funciona","Recta","Bueno","Buena","Diurna","Buen Tiempo","S/D","S/D","Atropello","S/D","S/D","S/D","S/D"
2015,578,02/01/2015,"Viernes",0,04:25:00,,"0.0",2,"Pickup/Utilitario,Automóvil","Av. Corrientes 2800",2,1,0,0,1,0,0,,"Calle",,"ROSARIO","Rosario","Asfalto","No existe","II","Dentro","Urbana","Ninguna","No existe","Recta","Bueno","Buena","Diurna","Buen Tiempo","Lateral","S/D","Colisión","S/D","S/D","S/D","Sin restricción"
2015,579,01/01/2015,"Jueves",0,00:45:00,,"0.0",2,"Moto/Ciclomotor,Automóvil","Bv. Segui Y Entre Rios",2,1,0,0,1,0,0,,"Avenida",,"ROSARIO","Rosario","Asfalto","No existe","II","Dentro","Urbana","Ninguna","No existe","Recta","Bueno","Buena","Diurna","Buen Tiempo","Lateral","S/D","Colisión","Ninguna","S/D","Ninguna","S/D"
2015,580,08/01/2015,"Jueves",0,16:20:00,,"0.0",2,"Automóvil,Taxi/Remis","Catamarca Y Mariano Moreno",2,2,0,0,0,0,0,,"Calle",,"ROSARIO","Rosario","Asfalto","No existe","II","Dentro","Urbana","Ninguna","No existe","Intersección","Bueno","Buena","Diurna","Buen Tiempo","Lateral","S/D","Colisión","S/D","Faltante","Ninguna","Sin restricción"
2015,581,07/01/2015,"Miercoles",0,08:30:00,"Ruta Nacional 33","0.0",3,"Automóvil,Automóvil,Automóvil","RTA. 33 Y CERVANTES",4,4,0,0,0,0,0,,"Ruta",33,"PEREZ","Rosario","S/D","Ripio","II","Dentro","Urbana","Ninguna","No existe","Intersección","Otro","Buena","Diurna","Otro","Múltiple","S/D","Colisión","Otro","Faltante","Línea divisoria pintada","Sin restricción"
2015,582,22/02/2015,"Domingo",0,00:25:00,,"0.0",2,"Transporte de Pasajeros Urbano (> 8 asientos),Moto/Ciclomotor","Darragueira Y P.Araoz",3,2,0,0,1,0,0,,"Calle",,"ROSARIO","Rosario","Asfalto","No existe","II","Fuera","Urbana","Ninguna","No existe","Intersección","Bueno","Buena","Nocturna","Buen Tiempo","Lateral","S/D","Colisión","Otro","Faltante","Ninguna","Sin restricción"
2015,583,01/01/2015,"Jueves",0,,,"0.0",2,"Automóvil,Automóvil","San Luis Y Av. Avellaneda B",4,1,0,0,3,0,0,,"Calle",,"ROSARIO","Rosario","S/D","S/D","II","Dentro","Urbana","S/D","S/D","S/D","S/D","S/D","S/D","S/D","S/D","S/D","S/D","S/D","S/D","S/D","S/D"
2015,584,13/02/2015,"Viernes",0,21:30:00,,"0.0",2,"Moto/Ciclomotor,Moto/Ciclomotor","Av Filipini Y Ing Mosconi",3,0,0,0,0,0,3,,"Calle",,"VILLA GOBERNADOR GÁLVEZ","Rosario","Asfalto","No existe","II","S/D","Urbana","Semáforo","Funciona","Intersección","Bueno","Buena","Nocturna","Buen Tiempo","S/D","S/D","Colisión","Ninguna","Faltante","Ninguna","Sin restricción"
2015,585,29/01/2015,"Jueves",0,15:10:00,,"0.0",2,"Automóvil,Peatón","Brown Y Dorrego",3,2,0,0,1,0,0,,"Calle",,"ROSARIO","Rosario","Asfalto","No existe","II","Dentro","Urbana","Señal Pare","No existe","Intersección","Bueno","S/D","Diurna","Buen Tiempo","S/D","S/D","Atropello","S/D","Vertical","Ninguna","Sin restricción"
2015,586,24/02/2015,"Martes",0,18:10:00,,"0.0",2,"Bicicleta,Automóvil","Av Juan Domingo Peron Y I A Edison",2,1,0,0,1,0,0,,"Calle",,"VILLA GOBERNADOR GÁLVEZ","Rosario","Asfalto","No existe","II","S/D","Urbana","Ninguna","No existe","Recta","Otro","Buena","Diurna","Buen Tiempo","S/D","S/D","Atropello","Otro","Faltante","Ninguna","Sin restricción"
2015,587,13/01/2015,"Martes",0,23:30:00,,"0.0",3,"Automóvil,Taxi/Remis,Automóvil","Mariano Moreno Y Jujuy",4,3,0,0,1,0,0,,"Calle",,"ROSARIO","Rosario","Asfalto","No existe","II","Dentro","Urbana","Ninguna","No existe","Intersección","Bueno","Buena","Nocturna","Buen Tiempo","Múltiple","S/D","Colisión","S/D","Faltante","Ninguna","Sin restricción"
2015,588,01/02/2015,"Domingo",0,,,"0.0",2,"Moto/Ciclomotor,Otros","Pellegrini 2806",3,2,0,0,0,0,1,,"Calle",,"VILLA GOBERNADOR GÁLVEZ","Rosario","Asfalto","No existe","II","S/D","Urbana","Ninguna","No existe","Recta","Deteriorada","Buena","Nocturna","S/D","S/D","S/D","Colisión","Otro","Faltante","Ninguna","Sin restricción"
2015,589,05/02/2015,"Jueves",0,20:00:00,,"0.0",2,"Bicicleta,Moto/Ciclomotor","Soldado Aguirre Y Av Caferata",2,1,0,0,1,0,0,,"Avenida",,"VILLA GOBERNADOR GÁLVEZ","Rosario","Tierra","No existe","II","S/D","Urbana","Ninguna","No existe","Intersección","Con baches","Buena","Nocturna,Con luz artificial","Buen Tiempo","S/D","S/D","Atropello","Ninguna","Faltante","Ninguna","Sin restricción"
2015,590,03/01/2015,"Sabado",0,20:50:00,,"0.0",2,"Moto/Ciclomotor,Automóvil","Av Belgrano 1800",3,1,0,0,2,0,0,,"Calle",,"PEREZ","Rosario","S/D","No existe","II","Dentro","Urbana","S/D","No existe","Recta","Otro","Buena","Nocturna,Con luz artificial","Otro","De alcance","S/D","Colisión","Otro","Faltante","Ninguna","Sin restricción"
2015,591,06/02/2015,"Viernes",0,,,"0.0",2,"Automóvil,Moto/Ciclomotor","G Mainardi Y B I Iturraspe",2,1,0,0,1,0,0,,"Calle",,"RAFAELA","Castellanos","S/D","No existe","V","S/D","Urbana","Policía de tránsito","S/D","Intersección","S/D","S/D","S/D","S/D","Lateral","S/D","Colisión","Ninguna","Faltante","Ninguna","Sin restricción"
2015,592,05/01/2015,"Lunes",0,07:15:00,"Ruta Provincial 18","1.5",2,"Moto/Ciclomotor,Pickup/Utilitario"," ",2,0,1,0,1,0,0,,"Ruta",18,"PIÑERO","Rosario","Asfalto","Ripio","II","Dentro","Rural","Ninguna","No existe","Recta","Bueno","Buena","Diurna","Buen Tiempo","Frontal","S/D","Colisión","Ninguna","Vertical","Línea divisoria pintada","Sin restricción"
2015,593,10/01/2015,"Sabado",0,20:30:00,,"0.0",2,"Otros,Moto/Ciclomotor","25 de Mayo Y Luis Maggi",2,1,0,0,0,0,1,,"Calle",,"RAFAELA","Castellanos","Hormigón","S/D","V","S/D","Urbana","Ninguna","No existe","Intersección","Bueno","Buena","Nocturna,Con luz artificial","Buen Tiempo","Frontal","S/D","Colisión","Ninguna","S/D","S/D","Sin restricción"
2015,594,10/02/2015,"Martes",0,19:30:00,,"0.0",2,"Bicicleta,Automóvil","Av Luis Fanti Y Corrientes",5,1,0,0,4,0,0,,"Avenida",,"RAFAELA","Castellanos","Asfalto","No existe","V","Dentro","Urbana","Ninguna","No existe","Intersección","Bueno","Buena","Diurna","Buen Tiempo","S/D","S/D","Atropello","Ninguna","S/D","Ninguna","Sin restricción"
2015,595,25/01/2015,"Domingo",0,08:00:00,"Ruta Provincial 18","22.4",1,"Automóvil"," ",4,2,0,0,2,0,0,,"Ruta",18,"CARMEN DEL SAUCE","Rosario","Asfalto","Natural","II","Fuera","Rural","Ninguna","No existe","Recta","Bueno","Buena","Diurna","Buen Tiempo","Otro","S/D","Vuelco","Ninguna","Horizontal","Línea divisoria pintada","Sin restricción"
2015,596,31/01/2015,"Sabado",0,,,"0.0",2,"Moto/Ciclomotor,Automóvil","Bv Santa Fe Y Dorrego",2,0,1,0,0,0,1,,"Calle",,"RAFAELA","Castellanos","Asfalto","No existe","V","S/D","Urbana","Semáforo","Funciona","Intersección","Bueno","Buena","Diurna","Buen Tiempo","S/D","S/D","Colisión","Ninguna","Faltante","Ninguna","Sin restricción"
2015,597,20/02/2015,"Viernes",0,19:30:00,"Ruta Nacional 34","0.0",3,"Moto/Ciclomotor,Automóvil,Automóvil","Av Luis Fanti Y Ruta Nac 34 Gral Guemes",4,1,0,0,3,0,0,,"Ruta",34,"RAFAELA","Castellanos","Asfalto","No existe","II","Fuera","Urbana","Semáforo","Funciona","Intersección","Bueno","Buena","Diurna","Buen Tiempo","De alcance,Lateral","S/D","Colisión","Ninguna","S/D","Cordón divisorio","Sin restricción"
2015,598,02/02/2015,"Lunes",0,14:00:00,,"0.0",2,"Moto/Ciclomotor,Automóvil","Bv Santa Fe Y Pueyrredon",2,1,0,0,1,0,0,,"Calle",,"RAFAELA","Castellanos","Asfalto","No existe","V","S/D","Urbana","S/D","No existe","Intersección","Bueno","Buena","Diurna","Buen Tiempo","S/D","S/D","Colisión","Ninguna","S/D","S/D","S/D"
2015,599,14/01/2015,"Miercoles",0,23:30:00,,"0.0",2,"Moto/Ciclomotor,Moto/Ciclomotor","B Geuna Y Carlos Gardel",2,2,0,0,0,0,0,,"Calle",,"RAFAELA","Castellanos","Asfalto","Pavimento","V","S/D","Urbana","Policía de tránsito","No existe","Intersección","Bueno","Reducida","Nocturna","Buen Tiempo","Frontal","S/D","Colisión","Ninguna","Faltante","Ninguna","Accidente Previo"
2015,600,03/02/2015,"Martes",0,04:00:00,"Ruta Provincial 18","1.5",1,"Pickup/Utilitario"," ",2,1,1,0,0,0,0,,"Ruta",18,"PIÑERO","Rosario","Asfalto","Ripio","II","Fuera","Rural","Ninguna","No existe","Recta","Bueno","Buena","Nocturna","Buen Tiempo","Otro","S/D","Vuelco","Ninguna","Faltante","Ninguna","Sin restricción"
2015,601,19/02/2015,"Jueves",0,19:00:00,,"0.0",2,"Moto/Ciclomotor,Pickup/Utilitario","Sarmiento Y Guemes",2,0,1,0,1,0,0,,"Calle",,"RAFAELA","Castellanos","S/D","No existe","V","Dentro","Urbana","Ninguna","No funciona","Intersección","Bueno","Buena","Diurna","Buen Tiempo","Frontal","S/D","Colisión","Ninguna","Faltante","Ninguna","Sin restricción"
2015,602,14/02/2015,"Sabado",0,22:45:00,,"0.0",2,"Automóvil,Moto/Ciclomotor","J.J.Paso Y Olavarria Bis",2,1,0,0,1,0,0,,"Calle",,"ROSARIO","Rosario","Asfalto","S/D","II","Dentro","Urbana","S/D","S/D","Recta","Bueno","Buena","Nocturna","Buen Tiempo","Lateral","S/D","Colisión","S/D","Horizontal,Vertical","S/D","S/D"
2015,603,19/02/2015,"Jueves",0,17:30:00,,"0.0",2,"Moto/Ciclomotor,Automóvil","Saavedra Y J M Estrada",2,1,0,0,1,0,0,,"Calle",,"RAFAELA","Castellanos","Hormigón","No existe","V","Dentro","Urbana","Ninguna","No existe","Intersección","Bueno","Buena","Diurna","Buen Tiempo","Lateral","S/D","Colisión","Ninguna","S/D","Ninguna","Sin restricción"
2015,604,17/01/2015,"Sabado",0,09:45:00,,"0.0",2,"Automóvil,Peatón","CALLE INTERNA PLAZA 25 DE MAYO ",2,1,0,0,1,0,0,,"Calle",,"RAFAELA","Castellanos","Hormigón","No existe","V","S/D","Urbana","Policía de tránsito","No existe","Plaza","Bueno","Buena","Amanecer","Buen Tiempo","S/D","S/D","Atropello","Ninguna","Horizontal","Cordón divisorio","Desvío Provisorio"
2015,605,04/02/2015,"Miercoles",0,21:20:00,,"0.0",2,"Moto/Ciclomotor,Peatón","Av. Pellegrini Y Barra",2,0,0,0,1,1,0,"-32.948485, -60.706454","Avenida",,"ROSARIO","Rosario","Asfalto","No existe","II","S/D","Urbana","S/D","S/D","Intersección","Bueno","Buena","Nocturna","Buen Tiempo","S/D","S/D","Atropello","Otro","S/D","Cordón divisorio","Sin restricción"
2015,606,24/02/2015,"Martes",0,17:20:00,,"0.0",2,"Bicicleta,Otros","Cordoba 5400",2,1,0,0,1,0,0,,"Avenida",,"ROSARIO","Rosario","Asfalto","No existe","II","Dentro","Urbana","S/D","S/D","Recta","Bueno","Buena","Diurna","Buen Tiempo","S/D","S/D","Atropello","Otro","Faltante","Cordón divisorio","Sin restricción"
2015,607,28/02/2015,"Sabado",0,12:30:00,,"0.0",3,"Automóvil,Bicicleta,Automóvil","Matienzo 1200",4,1,0,0,3,0,0,,"S/D",,"ROSARIO","Rosario","Asfalto","No existe","II","S/D","Urbana","Marca Vial","No existe","Recta","Bueno","Buena","Diurna","Buen Tiempo","Lateral,Múltiple","S/D","Colisión,Atropello","Otro","Faltante","Cordón divisorio","Sin restricción"
2015,608,19/02/2015,"Jueves",0,09:20:00,,"0.0",2,"Automóvil,Moto/Ciclomotor","Balcarce ",2,1,0,0,1,0,0,,"Calle",,"RAFAELA","Castellanos","Hormigón","No existe","V","Dentro","Urbana","Marca Vial","No existe","Recta","Bueno","Buena","Diurna","Buen Tiempo","Lateral","S/D","Colisión","Ninguna","Faltante","Cordón divisorio","Sin restricción"
2015,609,13/01/2015,"Martes",0,06:00:00,,"0.0",2,"Moto/Ciclomotor,Automóvil","Colon Y Velez Sarfield",3,2,0,0,0,0,1,,"Calle",,"RAFAELA","Castellanos","Asfalto","S/D","V","S/D","Urbana","S/D","No existe","Intersección","Bueno","Buena","Diurna","Buen Tiempo","S/D","S/D","Caída ocupante,Colisión","Ninguna","S/D","S/D","Sin restricción"
2015,610,09/02/2015,"Lunes",0,07:30:00,,"0.0",2,"Moto/Ciclomotor,Moto/Ciclomotor","J M Williner Y Viamonte",2,1,0,0,1,0,0,,"Calle",,"RAFAELA","Castellanos","Asfalto","No existe","V","S/D","Urbana","S/D","No existe","Intersección","Bueno","Buena","Diurna","Buen Tiempo","De alcance","S/D","Colisión","Ninguna","S/D","Cordón divisorio","Sin restricción"
2015,611,10/02/2015,"Martes",0,11:10:00,,"0.0",2,"Moto/Ciclomotor,Taxi/Remis","Pje. Asuncion Y Barra",2,1,0,0,1,0,0,,"Calle",,"ROSARIO","Rosario","Asfalto","No existe","II","S/D","Urbana","Marca Vial","No existe","Intersección","Bueno","Buena","Diurna","Buen Tiempo","Lateral","S/D","Colisión","Ninguna","Faltante","Cordón divisorio","Sin restricción"
2015,612,06/02/2015,"Viernes",0,08:50:00,,"0.0",2,"Automóvil,Moto/Ciclomotor","Santa Fe Y Av. Provincias Unidas",2,1,0,0,1,0,0,,"Avenida",,"ROSARIO","Rosario","Asfalto","No existe","II","S/D","Urbana","S/D","S/D","Intersección","Bueno","Buena","Diurna","Buen Tiempo","Lateral","S/D","Colisión","Otro","S/D","Cordón divisorio","Sin restricción"
2015,613,13/02/2015,"Viernes",0,13:00:00,,"0.0",2,"Moto/Ciclomotor,Automóvil","Av. Provincias Unidas Y Rio Negro",3,2,0,0,1,0,0,,"Avenida",,"ROSARIO","Rosario","Asfalto","No existe","II","Dentro","Urbana","S/D","S/D","Intersección","Bueno","Buena","Diurna","Buen Tiempo","Frontal","S/D","Colisión","Otro","Faltante","Cordón divisorio","Sin restricción"
2015,614,27/01/2015,"Martes",0,10:30:00,,"0.0",2,"Taxi/Remis,Ambulancia","Av. Pellegrini Y 1 de Mayo",5,3,0,0,2,0,0,,"Calle",,"ROSARIO","Rosario","Asfalto","S/D","II","Dentro","Urbana","Semáforo","Funciona","Intersección","Bueno","Buena","Diurna","Buen Tiempo","Lateral","S/D","Colisión","S/D","Vertical","Cordón divisorio","Sin restricción"
2015,615,27/01/2015,"Martes",0,10:00:00,"Ruta Nacional 34","230.0",2,"Moto/Ciclomotor,Pickup/Utilitario"," ",3,1,1,0,1,0,0,,"Ruta",34,"ROSARIO","Rosario","Asfalto","Ripio","V","Dentro","Rural","Marca Vial","S/D","Curva","Bueno","Buena","Diurna","Buen Tiempo","Lateral","S/D","Colisión","S/D","Horizontal,Vertical","Línea divisoria pintada","Sin restricción"
2015,616,02/02/2015,"Lunes",0,18:00:00,,"0.0",2,"Automóvil,Otros","Ramon y Cajal Y A Marini",2,1,1,0,0,0,0,,"Calle",,"RAFAELA","Castellanos","Asfalto","No existe","V","Dentro","Urbana","Ninguna","No existe","Intersección","Deteriorada","Buena","Diurna,Con luz artificial","Buen Tiempo","Frontal","S/D","Colisión","S/D","Faltante","Ninguna","Sin restricción"