"anio_acci","nro_acci","fecha","desc_dia","fecha_aprox","hora_aprox","desc_ruta","km","cant_participantes","desc_participante","calle_avenida_km","total","heridos_leves","heridos_graves","heridos_gravisimos","ilesos","fallecidos","sin_datos","posicion_XY","desc_tipo_via","desc_ruta_ori","desc_loc","desc_dpto","desc_tipo_calzada","desc_tipo_banquina","desc_unidad_regional","desc_lugar_calzada","desc_zona","desc_prioridad","desc_estado_semaforo","desc_lugar_via","desc_estado_via","desc_estado_visibilidad","desc_luminosidad","desc_estado_clima","desc_tipo_colision","desc_tipo_atropello","desc_tipo_hecho","desc_pres_calzada","desc_senializacion","desc_separacion_via","desc_restriccion"
2015,617,04/01/2015,"Domingo",0,05:40:00,,"0.0",2,"Peatón,Automóvil","Av Angela de las Casa Y J J Paso",2,1,0,0,1,0,0,,"Calle",,"RAFAELA","Castellanos","Asfalto","Pavimento","V","Dentro","Urbana","Ninguna","No existe","Intersección","Bueno","Buena","Amanecer","Buen Tiempo","Otro","S/D","Atropello","Ninguna","Faltante","Cordón divisorio","Sin restricción"
2015,618,26/02/2015,"Jueves",0,16:30:00,,"0.0",2,"Automóvil,Moto/Ciclomotor","Av Italia Y Av Brasil",2,1,0,0,1,0,0,,"Avenida",,"RAFAELA","Castellanos","Asfalto","No existe","V","Dentro","Urbana","Semáforo","Funciona","Intersección","Bueno","Buena","Diurna","Buen Tiempo","Frontal","S/D","Colisión","Ninguna","Faltante","Cordón divisorio","Accidente Previo"
2015,619,01/02/2015,"Domingo",0,17:00:00,"Ruta Nacional 34","258.0",2,"Automóvil,Peatón"," ",3,1,0,0,0,0,2,,"Ruta",34,"SUNCHALES","Castellanos","Asfalto","Ripio","V","Dentro","Urbana","Ninguna","No existe","Curva","Bueno","Buena","Diurna","Buen Tiempo","S/D","S/D","Atropello","Ninguna","Vertical","Ninguna","Sin restricción"
2015,620,31/01/2015,"Sabado",0,,,"0.0",2,"Moto/Ciclomotor,Moto/Ciclomotor","Camino Interprovincial Y Calle 88",3,2,1,0,0,0,0,,"Calle",,"FRONTERA","Castellanos","Asfalto","No existe","V","Dentro","Urbana","Ninguna","No existe","Intersección","Bueno","Buena","Nocturna","Buen Tiempo","Lateral","S/D","Colisión","Ninguna","Vertical","Ninguna","Sin restricción"
2015,621,02/01/2015,"Viernes",0,11:00:00,,"0.0",2,"Transporte de Pasajeros Urbano (> 8 asientos),Moto/Ciclomotor","Miguel de Azcuenaga Y Antonio Podio",2,1,0,0,1,0,0,,"Calle",,"RAFAELA","Castellanos","Asfalto","No existe","V","Dentro","Urbana","Ninguna","No existe","Intersección","Bueno","Buena","Diurna","Buen Tiempo","Lateral","S/D","Colisión","Ninguna","Vertical","Ninguna","Sin restricción"
2015,622,25/01/2015,"Domingo",0,20:30:00,,"0.0",1,"Moto/Ciclomotor","Antonio Podio Y Velez Sarfield",3,1,0,0,2,0,0,,"Avenida",,"RAFAELA","Castellanos","Hormigón","No existe","I","Dentro","Urbana","Ninguna","No existe","Recta","Bueno","Buena","Nocturna,Con luz artificial","Buen Tiempo","Frontal","S/D","Colisión","Ninguna","S/D","S/D","Sin restricción"
2015,623,24/02/2015,"Martes",0,18:00:00,,"0.0",2,"Camión,Moto/Ciclomotor","Coronel Pringles Y R Casabella",2,1,0,0,1,0,0,,"Calle",,"RAFAELA","Castellanos","Asfalto","No existe","V","S/D","Urbana","Ninguna","No existe","Intersección","Bueno","Buena","Diurna","Buen Tiempo","S/D","S/D","Colisión","Ninguna","S/D","Ninguna","Sin restricción"
2015,624,10/01/2015,"Sabado",0,22:30:00,,"0.0",2,"Automóvil,Moto/Ciclomotor","Ayacucho Y G Mainardi",2,1,0,0,1,0,0,,"Calle",,"RAFAELA","Castellanos","Asfalto","S/D","V","Dentro","Urbana","Otra Señal","S/D","Intersección","Bueno","S/D","Nocturna","S/D","S/D","S/D","Colisión","S/D","S/D","S/D","Sin restricción"
2015,625,21/01/2015,"Miercoles",0,12:00:00,,"0.0",2,"Moto/Ciclomotor,Automóvil","SAN MARTIN Y PBRO SCOTTO",2,1,0,0,0,0,1,,"Calle",,"TACURAL","Castellanos","Asfalto","No existe","V","Dentro","Urbana","Ninguna","No existe","Cruce","Bueno","Buena","Diurna","Buen Tiempo","Lateral","S/D","Colisión","Ninguna","S/D","Cordón divisorio","Sin restricción"
2015,626,14/01/2015,"Miercoles",0,14:00:00,,"0.0",1,"Moto/Ciclomotor","Av Doctor E Salva Y J Galvez",1,0,1,0,0,0,0,,"Avenida",,"RAFAELA","Castellanos","Asfalto","S/D","V","Dentro","Urbana","S/D","No existe","Intersección","Bueno","Buena","Diurna","Buen Tiempo","S/D","S/D","Colisión","S/D","S/D","S/D","S/D"
2015,627,09/01/2015,"Viernes",0,19:00:00,,"0.0",2,"Moto/Ciclomotor,Moto/Ciclomotor","Crespo Y Lainez",2,2,0,0,0,0,0,,"Calle",,"SUNCHALES","Castellanos","Asfalto","No existe","V","S/D","Urbana","Ninguna","No existe","Intersección","Bueno","Buena","Diurna","Buen Tiempo","S/D","S/D","Colisión","Ninguna","Faltante","Ninguna","Sin restricción"
2015,628,10/02/2015,"Martes",0,,,"0.0",1,"Moto/Ciclomotor","B Geuna 2600",2,0,1,0,1,0,0,,"Calle",,"RAFAELA","Castellanos","Ripio","S/D","V","Dentro","Urbana","S/D","S/D","Recta","Con baches","S/D","S/D","S/D","S/D","S/D","Caída ocupante","Material Suelto","S/D","S/D","S/D"
2015,629,10/02/2015,"Martes",0,08:00:00,,"0.0",2,"Automóvil,Moto/Ciclomotor","Antonio Podio Y Av Luis Fanti",3,0,1,0,2,0,0,,"Avenida",,"RAFAELA","Castellanos","Asfalto","No existe","V","Dentro","Urbana","Ninguna","No existe","Intersección","Bueno","Buena","Diurna","Buen Tiempo","Otro","S/D","Colisión","Ninguna","S/D","S/D","Sin restricción"
2015,630,06/02/2015,"Viernes",0,19:40:00,,"0.0",2,"Automóvil,Moto/Ciclomotor","Av Aristobulo del Valle Y Cordoba",2,1,0,0,1,0,0,,"Avenida",,"RAFAELA","Castellanos","Asfalto","No existe","I","Dentro","Urbana","Ninguna","No existe","Intersección","Bueno","Buena","Atardecer","Buen Tiempo","Lateral","S/D","Colisión","Ninguna","Vertical","Ninguna","Sin restricción"
2015,631,27/02/2015,"Viernes",0,12:00:00,,"0.0",2,"Otros,Moto/Ciclomotor","Av Luis Fanti ",2,1,0,0,0,0,1,,"Calle",,"RAFAELA","Castellanos","Asfalto","Pavimento","V","Dentro","Urbana","Semáforo","Funciona","Recta","Bueno","Buena","Diurna","Buen Tiempo","Lateral","S/D","Colisión","S/D","S/D","Línea divisoria pintada","Sin restricción"
2015,632,17/01/2015,"Sabado",0,08:30:00,,"0.0",2,"Moto/Ciclomotor,Bicicleta","Camino Interprovincial Y Uruguay-Calle 70",2,1,0,0,1,0,0,,"Calle",,"FRONTERA","Castellanos","Asfalto","No existe","V","Dentro","Urbana","Ninguna","No existe","Recta","Bueno","Buena","Diurna","Buen Tiempo","Otro","S/D","Colisión","Ninguna","Vertical","Ninguna","Sin restricción"
2015,633,12/02/2015,"Jueves",0,22:45:00,,"0.0",2,"Moto/Ciclomotor,Moto/Ciclomotor","Calle 5 ",3,2,1,0,0,0,0,,"Calle",,"FRONTERA","Castellanos","Asfalto","No existe","V","Dentro","Urbana","Ninguna","No existe","Intersección","Bueno","Buena","Nocturna","Buen Tiempo","Lateral","S/D","Colisión","Otro","Horizontal","Ninguna","Sin restricción"
2015,634,05/02/2015,"Jueves",0,00:10:00,,"0.0",3,"Pickup/Utilitario,Moto/Ciclomotor,Moto/Ciclomotor","Remedios de Escalada Y Padre Dimas Mateo",4,0,1,0,3,0,0,,"Calle",,"RAFAELA","Castellanos","Asfalto","No existe","V","Dentro","Urbana","Ninguna","No existe","Intersección","Bueno","Buena","Con luz artificial","Buen Tiempo","Múltiple","S/D","Colisión","Ninguna","Vertical","Ninguna","Sin restricción"
2015,635,11/01/2015,"Domingo",0,23:00:00,"Ruta Nacional 19","0.0",1,"Moto/Ciclomotor"," ",3,1,1,0,1,0,0,,"Ruta",19,"JOSEFINA","Castellanos","Asfalto","Ripio","V","Dentro","Urbana","Ninguna","No existe","Intersección","Bueno","Buena","Nocturna,Con luz artificial","Buen Tiempo","Lateral","S/D","Colisión","Ninguna","Horizontal","Línea divisoria pintada","Sin restricción"
2015,636,17/01/2015,"Sabado",0,,,"0.0",2,"Moto/Ciclomotor,Automóvil","Pascual Brusco Y L R Balbi",2,0,1,0,1,0,0,,"Calle",,"RAFAELA","Castellanos","Ripio","S/D","V","Dentro","Urbana","S/D","No existe","Intersección","Bueno","Buena","Diurna","Buen Tiempo","Frontal","S/D","Colisión","Ninguna","S/D","S/D","S/D"
2015,637,15/02/2015,"Domingo",0,18:10:00,"Ruta Nacional 19","127.0",2,"Otros,Otros"," ",2,0,2,0,0,0,0,,"Ruta",19,"FRONTERA","Castellanos","Asfalto","Pavimento","V","Dentro","Urbana","Ninguna","No existe","Recta","Bueno","Buena","Diurna","Buen Tiempo","S/D","S/D","S/D","Otro","Vertical","Barrera de hormigón","Obra en Construcción"
2015,638,12/02/2015,"Jueves",0,10:50:00,,"0.0",2,"Automóvil,Moto/Ciclomotor","MITRE Y AVELLANEDA",2,1,0,0,1,0,0,,"Calle",,"RAMONA","Castellanos","Hormigón","No existe","V","S/D","Urbana","Ninguna","No existe","Intersección","Bueno","Buena","Diurna","Buen Tiempo","Lateral","S/D","Colisión","Ninguna","Faltante","Ninguna","Sin restricción"
2015,639,22/01/2015,"Jueves",0,21:00:00,,"0.0",2,"Automóvil,Moto/Ciclomotor","Bv G L Lhemann Y Uruguay",2,1,0,0,1,0,0,,"Avenida",,"RAFAELA","Castellanos","Asfalto","No existe","V","Dentro","Urbana","Ninguna","No existe","Intersección","Bueno","Buena","Diurna","Buen Tiempo","Lateral","S/D","Colisión","Ninguna","Vertical","Ninguna","Sin restricción"
2015,640,22/02/2015,"Domingo",0,09:40:00,"Ruta Nacional 34","0.0",2,"Automóvil,Camión"," ",3,1,0,0,2,0,0,,"Ruta",34,"RAFAELA","Castellanos","Asfalto","S/D","V","Dentro","Urbana","Semáforo","S/D","Intersección","Bueno","Buena","Diurna","Buen Tiempo","Lateral","S/D","Colisión","S/D","S/D","S/D","Sin restricción"
2015,641,10/02/2015,"Martes",0,20:10:00,,"0.0",2,"Moto/Ciclomotor,Moto/Ciclomotor","Av. Genova Y Mariano Cabal Bis",2,1,0,0,1,0,0,,"Avenida",,"ROSARIO","Rosario","Asfalto","No existe","II","Dentro","Urbana","S/D","Funciona","Intersección","Bueno","S/D","Nocturna","S/D","Lateral","S/D","Colisión","S/D","Vertical","S/D","S/D"
2015,642,10/01/2015,"Sabado",0,,,"0.0",2,"Automóvil,Moto/Ciclomotor","Av Italia 2500",2,1,0,0,1,0,0,,"Calle",,"RAFAELA","Castellanos","Ripio","S/D","V","Fuera","Urbana","S/D","S/D","Intersección","Bueno","Buena","S/D","S/D","S/D","S/D","Colisión","Ninguna","S/D","S/D","S/D"
2015,643,18/02/2015,"Miercoles",0,12:30:00,,"0.0",2,"Vehículo Oficial,Moto/Ciclomotor","Calle 5 Y Uruguay-Calle 70",2,1,0,0,1,0,0,,"Calle",,"FRONTERA","Castellanos","Asfalto","No existe","V","Dentro","Urbana","Ninguna","No existe","Intersección","Bueno","Buena","Diurna","Buen Tiempo","Lateral","S/D","Colisión","Otro","Horizontal","Ninguna","Sin restricción"
2015,644,05/01/2015,"Lunes",0,11:30:00,,"0.0",2,"Taxi/Remis,Transporte de Pasajeros Urbano (> 8 asientos)","Mitre Y San Lorenzo",2,1,0,0,1,0,0,,"Calle",,"ROSARIO","Rosario","Asfalto","No existe","II","Dentro","Urbana","Ninguna","No existe","Intersección","Bueno","Buena","Diurna","Buen Tiempo","Lateral","S/D","Colisión","S/D","Vertical","Ninguna","Sin restricción"
2015,645,10/02/2015,"Martes",0,,,"0.0",1,"Moto/Ciclomotor","Francia Y  David MAZZI",1,1,0,0,0,0,0,,"Calle",,"RAFAELA","Castellanos","S/D","S/D","V","Dentro","Urbana","S/D","S/D","Recta","Bueno","Buena","Diurna","Buen Tiempo","S/D","S/D","Caída ocupante","Ninguna","S/D","S/D","S/D"
2015,646,29/01/2015,"Jueves",0,09:30:00,,"0.0",2,"Moto/Ciclomotor,Automóvil","Velez Sarfield Y M Quiros",2,1,0,0,1,0,0,,"Calle",,"RAFAELA","Castellanos","Hormigón","No existe","V","Dentro","Urbana","Ninguna","No existe","Intersección","Bueno","Buena","Diurna","Buen Tiempo","Lateral","S/D","Colisión","S/D","Vertical","Ninguna","Sin restricción"
2015,647,31/01/2015,"Sabado",0,20:30:00,,"0.0",2,"Camión,Moto/Ciclomotor","Bv Jaime Ferre Y C Bolliger",3,1,0,1,0,0,1,,"Calle",,"RAFAELA","Castellanos","Asfalto","No existe","V","Dentro","Urbana","Ninguna","No existe","Intersección","Bueno","Buena","Nocturna","Buen Tiempo","Lateral","S/D","Colisión","Ninguna","S/D","Ninguna","S/D"
2015,648,07/02/2015,"Sabado",0,06:40:00,"Ruta Provincial 21","14.0",3,"Otros,Automóvil,Camión"," ",8,2,1,0,5,0,0,,"Ruta",21,"GENERAL LAGOS","Rosario","Asfalto","Natural","II","Dentro","Rural","Ninguna","No existe","Recta","Bueno","Buena","Diurna","Buen Tiempo","Múltiple","S/D","Colisión","S/D","Faltante","Ninguna","Sin restricción"
2015,649,06/01/2015,"Martes",0,22:30:00,,"0.0",2,"Moto/Ciclomotor,Pickup/Utilitario","San Martin ",2,0,1,0,1,0,0,,"Avenida",,"MARIA JUANA","Castellanos","Asfalto","No existe","V","Dentro","Urbana","Ninguna","No existe","Intersección","Bueno","Reducida","Nocturna","Lluvia","Frontal","S/D","Colisión","Agua","S/D","Ninguna","Sin restricción"
2015,650,30/01/2015,"Viernes",0,,,"0.0",3,"Moto/Ciclomotor,Automóvil,Bicicleta","Luis Maggi Y Nicanor Alvarez",3,1,0,0,2,0,0,,"Calle",,"RAFAELA","Castellanos","Asfalto","S/D","V","S/D","Urbana","S/D","S/D","Intersección","Bueno","S/D","S/D","S/D","S/D","S/D","Colisión,Atropello","S/D","S/D","Ninguna","S/D"
2015,651,10/01/2015,"Sabado",0,18:30:00,,"0.0",2,"Moto/Ciclomotor,Automóvil","Calle 7 Y Chaco-Calle 68",3,0,2,0,1,0,0,,"Calle",,"FRONTERA","Castellanos","Asfalto","No existe","V","Dentro","Urbana","Ninguna","No existe","Intersección","Bueno","Buena","Diurna","Buen Tiempo","Lateral","S/D","Colisión","Ninguna","Horizontal","Ninguna","Sin restricción"
2015,652,19/02/2015,"Jueves",0,16:00:00,,"0.0",2,"Pickup/Utilitario,Bicicleta","Calle 9 Y Calle 56",2,0,1,0,1,0,0,,"Calle",,"FRONTERA","Castellanos","Asfalto","No existe","V","Dentro","Urbana","Ninguna","No existe","Recta","Bueno","Buena","Diurna","Buen Tiempo","S/D","S/D","Atropello","S/D","Faltante","Ninguna","Sin restricción"
2015,653,05/02/2015,"Jueves",0,23:10:00,,"0.0",2,"Bicicleta,Otros","Santa Fe Y Mitre",2,1,0,0,0,0,1,,"Calle",,"MARIA JUANA","Castellanos","Asfalto","No existe","V","Dentro","Urbana","Ninguna","No existe","Intersección","Bueno","Buena","Diurna","Buen Tiempo","S/D","S/D","Atropello","Ninguna","S/D","Ninguna","Sin restricción"
2015,654,05/01/2015,"Lunes",0,20:00:00,,"0.0",2,"Automóvil,Moto/Ciclomotor","Av Sastre Y Calle 11",2,1,0,0,1,0,0,,"Calle",,"FRONTERA","Castellanos","Asfalto","No existe","V","Dentro","Urbana","Ninguna","Funciona","Recta","Bueno","Buena","Atardecer","Buen Tiempo","Lateral","S/D","Colisión","Ninguna","Vertical","Ninguna","Sin restricción"
2015,655,11/02/2015,"Miercoles",0,13:00:00,,"0.0",2,"Moto/Ciclomotor,Automóvil","Bv Santa Fe Y Victor Manuel",2,1,0,0,1,0,0,,"Calle",,"RAFAELA","Castellanos","Hormigón","No existe","V","Dentro","Urbana","Ninguna","No existe","Intersección","Bueno","Buena","Diurna","Buen Tiempo","Lateral","S/D","Colisión","S/D","S/D","Línea divisoria pintada","Sin restricción"
2015,656,15/02/2015,"Domingo",0,18:10:00,"Autovía Nacional 19","127.0",2,"Otros,Otros"," ",2,0,2,0,0,0,0,,"Autovía",19,"FRONTERA","Castellanos","Asfalto","Pavimento","V","Dentro","Urbana","Ninguna","No existe","Recta","Bueno","Buena","Atardecer","Buen Tiempo","Otro","S/D","Otro","S/D","Vertical","Barrera de hormigón","Sin restricción"
2015,657,24/02/2015,"Martes",0,01:25:00,,"0.0",2,"Pickup/Utilitario,Moto/Ciclomotor","Calle 98 Y Calle 11",3,2,0,0,1,0,0,,"Calle",,"FRONTERA","Castellanos","Hormigón","No existe","V","S/D","Urbana","Ninguna","No existe","Intersección","Bueno","Buena","Nocturna,Con luz artificial","Buen Tiempo","Frontal","S/D","Colisión","S/D","Faltante","Ninguna","Sin restricción"
2015,658,06/02/2015,"Viernes",0,,,"0.0",3,"Automóvil,Moto/Ciclomotor,Moto/Ciclomotor","Av Italia ",3,2,0,0,1,0,0,,"Avenida",,"RAFAELA","Castellanos","Asfalto","Pavimento","V","S/D","Urbana","Ninguna","S/D","Recta","Bueno","Buena","Con luz artificial","Buen Tiempo","Frontal","S/D","Colisión","Ninguna","Faltante","Ninguna","Sin restricción"
2015,659,05/02/2015,"Jueves",0,14:30:00,,"0.0",2,"Moto/Ciclomotor,Moto/Ciclomotor","Suipacha Av Y 24 de Octubre",5,5,0,0,0,0,0,,"Avenida",,"RAFAELA","Castellanos","Asfalto","No existe","V","Dentro","Urbana","Ninguna","No existe","Intersección","Bueno","Buena","Diurna","Buen Tiempo","Lateral","S/D","Colisión","Ninguna","S/D","Ninguna","Sin restricción"
2015,660,27/02/2015,"Viernes",0,14:10:00,,"0.0",1,"Moto/Ciclomotor","Calle 94 ",1,0,1,0,0,0,0,,"Avenida",,"FRONTERA","Castellanos","Asfalto","S/D","V","S/D","Urbana","Ninguna","Funciona","Intersección","Bueno","Buena","Diurna","Buen Tiempo","S/D","S/D","Caída ocupante","S/D","S/D","Ninguna","Sin restricción"
2015,661,26/01/2015,"Lunes",0,07:15:00,,"0.0",2,"Moto/Ciclomotor,Pickup/Utilitario","CAMINO RURAL 7 KM AL SUROESTE DE LA LOCALIDAD ",2,0,1,0,1,0,0,,"Calle",,"COLONIA ALDAO","Castellanos","Tierra","No existe","V","Dentro","Rural","Ninguna","No existe","Recta","Ahuellamiento","Reducida polvo","Diurna","Buen Tiempo","De alcance","S/D","Colisión","Ninguna","Faltante","Ninguna","Sin restricción"
2015,662,11/02/2015,"Miercoles",0,21:00:00,,"0.0",2,"Pickup/Utilitario,Moto/Ciclomotor","Dr A Giraldez Y Sarmiendo",2,1,0,0,1,0,0,,"Calle",,"MARIA JUANA","Castellanos","Asfalto","No existe","V","Dentro","Urbana","Paso Peatonal","No existe","Intersección","Bueno","Buena","Atardecer","Buen Tiempo","Lateral","S/D","Colisión","Ninguna","S/D","S/D","Sin restricción"
2015,663,20/01/2015,"Martes",0,05:45:00,"Ruta Nacional A012","11.8",1,"Otros"," ",4,0,1,0,3,0,0,,"Ruta","A012","PIÑERO","Rosario","Asfalto","Natural","II","Fuera","Rural","Ninguna","No existe","Recta","Bueno","Buena","Diurna","Buen Tiempo","S/D","S/D","Vuelco","Ninguna","S/D","Línea divisoria pintada","Sin restricción"
2015,664,01/01/2015,"Jueves",0,08:30:00,,"0.0",3,"Moto/Ciclomotor,Moto/Ciclomotor,Automóvil","Fdo Fader Y Saavedra",3,2,0,0,1,0,0,,"Calle",,"RAFAELA","Castellanos","Hormigón","No existe","V","Dentro","Urbana","Ninguna","No existe","Intersección","Bueno","Buena","Diurna","Buen Tiempo","Múltiple","S/D","Colisión","Ninguna","Faltante","Ninguna","Sin restricción"
2015,665,16/01/2015,"Viernes",0,20:05:00,,"0.0",2,"Moto/Ciclomotor,Moto/Ciclomotor","Aaron Castellanos Y Almirante Brown",2,2,0,0,0,0,0,,"Calle",,"ESPERANZA","Las Colonias","Asfalto","Pavimento","XI","Dentro","Urbana","Ninguna","No existe","Intersección","Bueno","Buena","Atardecer","Buen Tiempo","S/D","S/D","Colisión","Ninguna","S/D","Línea divisoria pintada","Sin restricción"
2015,666,05/02/2015,"Jueves",0,17:30:00,,"0.0",2,"Bicicleta,Moto/Ciclomotor","Avenida 17 Y Calle 6",2,1,0,0,1,0,0,,"Avenida",,"LAS PAREJAS","Belgrano","Asfalto","No existe","III","Dentro","Urbana","S/D","No existe","Intersección","Bueno","Buena","Diurna","Buen Tiempo","S/D","S/D","Atropello","S/D","S/D","Ninguna","Sin restricción"
2015,667,09/01/2015,"Viernes",0,20:45:00,,"0.0",2,"Moto/Ciclomotor,Bicicleta","Av Los Colonizadores Y Pujol Bis Gdor",2,1,0,0,1,0,0,,"Avenida",,"ESPERANZA","Las Colonias","Asfalto","Pavimento","XI","Dentro","Urbana","Ninguna","No existe","Intersección","Bueno","Buena","Atardecer","Buen Tiempo","S/D","S/D","Atropello","Ninguna","S/D","Línea divisoria pintada","Sin restricción"
2015,668,10/02/2015,"Martes",0,20:10:00,"Ruta Provincial 20","0.0",1,"Automóvil"," ",1,1,0,0,0,0,0,,"Ruta",20,"BOUQUET","Belgrano","Tierra","No existe","III","Fuera","Rural","Ninguna","No existe","Recta","Ahuellamiento","Buena","Atardecer","Buen Tiempo","S/D","S/D","Vuelco","Ninguna","Faltante","Ninguna","Sin restricción"
2015,669,14/02/2015,"Sabado",0,21:05:00,,"0.0",2,"Bicicleta,Moto/Ciclomotor","Genral Lopez Y San Lorenzo",2,2,0,0,0,0,0,,"Calle",,"LAS ROSAS","Belgrano","Ripio","Ripio","III","S/D","Urbana","Ninguna","No existe","Intersección","Bueno","Reducida","Nocturna","Buen Tiempo","S/D","S/D","Atropello","Ninguna","Faltante","Cordón divisorio","Sin restricción"
2015,670,19/02/2015,"Jueves",0,11:00:00,,"0.0",1,"Automóvil","CAMINO RURAL ",1,0,1,0,0,0,0,,"Camino Rural",,"BOUQUET","Belgrano","Tierra","No existe","III","S/D","Rural","Ninguna","No existe","Recta","Resbaladiza","Reducida","Diurna","Lluvia","S/D","S/D","Caída ocupante","Agua","Faltante","Ninguna","Sin restricción"
2015,671,09/01/2015,"Viernes",0,12:15:00,,"0.0",1,"Pickup/Utilitario","Aldo Bustos 2147",2,1,0,0,1,0,0,,"Calle",,"HUMBOLDT","Las Colonias","Hormigón","No existe","XI","Dentro","Urbana","Ninguna","No existe","Recta","Bueno","Buena","Diurna","Buen Tiempo","Lateral","S/D","Colisión","Ninguna","S/D","Ninguna","Sin restricción"
2015,672,06/02/2015,"Viernes",0,10:30:00,,"0.0",2,"Bicicleta,Automóvil","San Lorenzo Y Tucuman",2,0,1,0,1,0,0,,"Calle",,"LAS ROSAS","Belgrano","Hormigón","No existe","III","S/D","Urbana","Ninguna","No existe","Recta","Bueno","Buena","Diurna","Buen Tiempo","Frontal","S/D","Colisión","Ninguna","Horizontal","Ninguna","Sin restricción"
2015,673,15/02/2015,"Domingo",0,18:30:00,,"0.0",2,"Automóvil,Automóvil","A Illia Y S de Iriondo",2,1,0,0,1,0,0,,"Calle",,"ROMANG","San Javier","Asfalto,Ripio","No existe","XIV","S/D","Urbana","Ninguna","No existe","Intersección","Bueno","Buena","Diurna","Buen Tiempo","Lateral","S/D","Colisión","Ninguna","Faltante","Ninguna","Sin restricción"
2015,674,12/02/2015,"Jueves",0,11:15:00,,"0.0",2,"Bicicleta,Moto/Ciclomotor","Moreno 1600",2,1,1,0,0,0,0,,"Calle",,"ROMANG","San Javier","Asfalto","No existe","XIV","Dentro","Urbana","Ninguna","No existe","Recta","Bueno","Buena","Diurna","Buen Tiempo","S/D","S/D","Atropello","Ninguna","Faltante","Ninguna","Sin restricción"
2015,675,07/02/2015,"Sabado",0,06:40:00,"Ruta Provincial 21","14.0",3,"Automóvil,Automóvil,Camión"," ",8,2,1,0,5,0,0,,"Ruta",21,"GENERAL LAGOS","Rosario","Asfalto","Natural","II","Dentro","Rural","Ninguna","No existe","Recta","Bueno","Buena","Diurna","Buen Tiempo","De alcance,Múltiple","S/D","Colisión","S/D","Faltante","Ninguna","Sin restricción"
2015,676,21/02/2015,"Sabado",0,04:30:00,,"0.0",1,"Automóvil","San Lorenzo ",2,2,0,0,0,0,0,,"Calle",,"ALEJANDRA","San Javier","Tierra","No existe","XIV","S/D","Urbana","Ninguna","No existe","Intersección","Bueno","Buena","Nocturna","Buen Tiempo","S/D","S/D","Vuelco","S/D","Faltante","Ninguna","Sin restricción"
2015,677,15/01/2015,"Jueves",0,14:00:00,,"0.0",2,"Moto/Ciclomotor,Camión","Belgrano Y 9 De Julio",2,1,0,0,1,0,0,,"Calle",,"SANTO DOMINGO","Las Colonias","Ripio","No existe","XI","Dentro","Urbana","Ninguna","No existe","Intersección","Bueno","Buena","Diurna","Buen Tiempo","Lateral","S/D","Colisión","Material Suelto","Vertical","Ninguna","Sin restricción"
2015,678,18/02/2015,"Miercoles",0,10:40:00,,"0.0",2,"Moto/Ciclomotor,Automóvil","G Kaufmann Y A Illia",2,1,0,0,1,0,0,,"Calle",,"ROMANG","San Javier","Tierra","No existe","XIV","Dentro","Urbana","Ninguna","No existe","Intersección","Bueno","Buena","Diurna","Buen Tiempo","Lateral","S/D","Colisión","Ninguna","S/D","Ninguna","Sin restricción"
2015,679,17/02/2015,"Martes",0,19:50:00,,"0.0",2,"Moto/Ciclomotor,Automóvil","Catamarca Y Dr Zavalla",2,1,0,0,1,0,0,,"Calle",,"SANTA FE","La Capital","Asfalto","S/D","I","S/D","Urbana","S/D","S/D","Intersección","S/D","S/D","Diurna","S/D","S/D","S/D","Colisión","S/D","S/D","S/D","S/D"
2015,680,17/01/2015,"Sabado",0,23:45:00,"Ruta Provincial 4","0.0",1,"Moto/Ciclomotor"," ",1,0,1,0,0,0,0,,"Ruta",4,"CULULÚ","Las Colonias","Asfalto","Natural","XI","Dentro","Rural","Ninguna","S/D","Curva","Deteriorada","Reducida","Nocturna","Buen Tiempo","S/D","S/D","Caída ocupante","S/D","S/D","Línea divisoria pintada","Sin restricción"
2015,681,11/02/2015,"Miercoles",0,11:40:00,,"0.0",2,"Moto/Ciclomotor,Automóvil","Santiago del Estero Y Francia",2,1,0,0,1,0,0,,"Calle",,"SANTA FE","La Capital","Asfalto","S/D","I","Dentro","Urbana","S/D","S/D","Intersección","S/D","S/D","Diurna","S/D","S/D","S/D","Otro","S/D","S/D","S/D","S/D"
2015,682,18/02/2015,"Miercoles",0,15:40:00,,"0.0",2,"Moto/Ciclomotor,Automóvil","Francia Y Catamarca",2,1,0,0,1,0,0,,"Calle",,"SANTA FE","La Capital","Asfalto","S/D","I","S/D","Urbana","S/D","S/D","Intersección","S/D","S/D","Diurna","S/D","S/D","S/D","Colisión","S/D","S/D","S/D","S/D"
2015,683,17/01/2015,"Sabado",0,10:45:00,"Ruta Secundaria 81-s","0.0",2,"Camión,Pickup/Utilitario"," ",6,3,2,0,1,0,0,,"Ruta","81-s","COLONIA FIDELA","Castellanos","Arena","No existe","V","S/D","Rural","Ninguna","No existe","Cruce","Bueno","Reducida p/ objetos","Diurna","Buen Tiempo","Lateral","S/D","Colisión","Ninguna","Horizontal","Ninguna","Sin restricción"