"anio_acci","nro_acci","fecha","desc_dia","fecha_aprox","hora_aprox","desc_ruta","km","cant_participantes","desc_participante","calle_avenida_km","total","heridos_leves","heridos_graves","heridos_gravisimos","ilesos","fallecidos","sin_datos","posicion_XY","desc_tipo_via","desc_ruta_ori","desc_loc","desc_dpto","desc_tipo_calzada","desc_tipo_banquina","desc_unidad_regional","desc_lugar_calzada","desc_zona","desc_prioridad","desc_estado_semaforo","desc_lugar_via","desc_estado_via","desc_estado_visibilidad","desc_luminosidad","desc_estado_clima","desc_tipo_colision","desc_tipo_atropello","desc_tipo_hecho","desc_pres_calzada","desc_senializacion","desc_separacion_via","desc_restriccion"
2015,684,19/02/2015,"Jueves",0,16:10:00,,"0.0",2,"Automóvil,Moto/Ciclomotor"," ",2,1,0,0,1,0,0,,"Calle",,"ESPERANZA","Las Colonias","Asfalto","No existe","XI","Dentro","Urbana","Ninguna","No existe","Intersección","Bueno","Buena","Diurna","Buen Tiempo","S/D","S/D","Colisión","Ninguna","Horizontal","Ninguna","Sin restricción"
2015,685,21/02/2015,"Sabado",0,,,"0.0",2,"Moto/Ciclomotor,Automóvil","Av Urquiza Y Obispo Gelabert",2,1,0,0,1,0,0,,"Calle",,"SANTA FE","La Capital","Asfalto","S/D","I","S/D","Urbana","S/D","S/D","Intersección","S/D","S/D","S/D","S/D","S/D","S/D","Colisión","S/D","S/D","S/D","S/D"
2015,686,06/02/2015,"Viernes",0,,"Ruta Secundaria 62-s","0.0",1,"Automóvil"," ",2,1,0,0,1,0,0,,"Ruta","62-s","PROVIDENCIA","Las Colonias","Asfalto","Natural","XI","Dentro","Rural","Ninguna","No existe","Recta","Bueno","Reducida","Nocturna","Buen Tiempo","Atropello animal","S/D","Colisión","S/D","S/D","Línea divisoria pintada","Sin restricción"
2015,687,20/02/2015,"Viernes",0,10:20:00,,"0.0",2,"Moto/Ciclomotor,Automóvil","Av Facundo Zuviria Y Domingo Silva",3,2,0,0,1,0,0,,"Avenida",,"SANTA FE","La Capital","Asfalto","No existe","I","Dentro","Urbana","Semáforo","Funciona","Intersección","Bueno","Buena","Diurna","Buen Tiempo","Lateral","S/D","Colisión","Ninguna","Vertical","Ninguna","Sin restricción"
2015,688,27/02/2015,"Viernes",0,18:00:00,,"0.0",2,"Automóvil,Moto/Ciclomotor"," ",3,1,0,0,2,0,0,,"Calle",,"ESPERANZA","Las Colonias","Asfalto","No existe","XI","Dentro","Urbana","Ninguna","No existe","Intersección","Bueno","Buena","Diurna","Buen Tiempo","S/D","S/D","Colisión","Ninguna","Horizontal","Ninguna","Sin restricción"
2015,689,13/02/2015,"Viernes",0,21:40:00,,"0.0",2,"Moto/Ciclomotor,Automóvil","Naciones Unidas Y Roque Saenz Peña",3,1,0,0,2,0,0,,"S/D",,"SANTA FE","La Capital","Asfalto","Pavimento","I","Dentro","Urbana","Ninguna","No existe","Intersección","Bueno","Reducida","Nocturna","S/D","Lateral","S/D","Colisión","S/D","Faltante","Cordón divisorio","Sin restricción"
2015,690,28/02/2015,"Sabado",0,18:25:00,,"0.0",2,"Automóvil,Bicicleta","Calle 4 Y Calle 29",2,1,0,0,1,0,0,,"Calle",,"LAS PAREJAS","Belgrano","Ripio","Natural","III","Dentro","Urbana","Ninguna","No existe","Recta","Bueno","Buena","Diurna","Buen Tiempo","S/D","S/D","Atropello","Ninguna","S/D","Ninguna","Sin restricción"
2015,691,19/02/2015,"Jueves",0,14:00:00,,"0.0",2,"Moto/Ciclomotor,Automóvil","Salta Y San Jose",2,1,0,0,1,0,0,,"Calle",,"SANTA FE","La Capital","Asfalto","S/D","I","S/D","Urbana","S/D","S/D","Intersección","S/D","S/D","Diurna","S/D","S/D","S/D","Colisión","S/D","S/D","S/D","S/D"
2015,692,02/02/2015,"Lunes",0,18:00:00,,"0.0",2,"Pickup/Utilitario,Moto/Ciclomotor","Domingo Silva 2400",3,1,0,0,2,0,0,,"Calle",,"SANTA FE","La Capital","Hormigón","No existe","I","Dentro","Urbana","Ninguna","No existe","Recta","Bueno","Buena","Diurna","Buen Tiempo","Lateral","S/D","Colisión","S/D","Faltante","Ninguna","Sin restricción"
2015,693,27/02/2015,"Viernes",0,14:25:00,,"0.0",2,"Automóvil,Moto/Ciclomotor"," ",3,1,0,0,2,0,0,,"Calle",,"ESPERANZA","Las Colonias","Asfalto","No existe","XI","Dentro","Urbana","Ninguna","No existe","Intersección","Bueno","Buena","Diurna","Buen Tiempo","S/D","S/D","Colisión","Ninguna","Horizontal","Ninguna","Sin restricción"
2015,694,19/02/2015,"Jueves",0,18:40:00,,"0.0",2,"Moto/Ciclomotor,Moto/Ciclomotor"," ",2,2,0,0,0,0,0,,"Calle",,"ESPERANZA","Las Colonias","Asfalto","No existe","XI","Dentro","Urbana","Ninguna","No existe","Intersección","Bueno","Buena","Diurna","Buen Tiempo","S/D","S/D","Colisión","Ninguna","Horizontal","Ninguna","Sin restricción"
2015,695,15/02/2015,"Domingo",0,06:20:00,,"0.0",2,"Automóvil,Moto/Ciclomotor","Bv Pellegrini Y Francia",2,1,0,0,1,0,0,,"Avenida",,"SANTA FE","La Capital","Asfalto","S/D","I","S/D","Urbana","S/D","S/D","Intersección","S/D","S/D","Amanecer","S/D","S/D","S/D","Colisión","S/D","S/D","S/D","S/D"
2015,696,25/02/2015,"Miercoles",0,22:00:00,,"0.0",2,"Moto/Ciclomotor,Automóvil","Av Freyre Y Salta",2,1,0,0,1,0,0,,"Avenida",,"SANTA FE","La Capital","Asfalto","S/D","I","S/D","Urbana","S/D","S/D","Intersección","S/D","S/D","Nocturna,Con luz artificial","S/D","S/D","S/D","Colisión","S/D","S/D","S/D","S/D"
2015,697,07/02/2015,"Sabado",0,05:45:00,,"0.0",2,"Moto/Ciclomotor,Automóvil","Junin Y Saavedra",3,1,0,0,2,0,0,,"Calle",,"SANTA FE","La Capital","Asfalto","S/D","I","S/D","Urbana","S/D","S/D","Intersección","S/D","S/D","Nocturna","S/D","S/D","S/D","Colisión","S/D","S/D","S/D","S/D"
2015,698,23/02/2015,"Lunes",0,20:00:00,,"0.0",1,"Transporte de Pasajeros Urbano (> 8 asientos)","Fray Mamerto Esquiu 2600",3,2,0,0,1,0,0,,"Calle",,"SANTA FE","La Capital","Asfalto","No existe","I","Dentro","Urbana","Ninguna","No existe","Recta","Con baches","Buena","Atardecer,Con luz artificial","Buen Tiempo","S/D","S/D","Caída ocupante","Ninguna","Faltante","Ninguna","Sin restricción"
2015,699,24/02/2015,"Martes",0,20:20:00,,"0.0",2,"Moto/Ciclomotor,Automóvil","Mendoza Y Lamadrid",2,1,0,0,1,0,0,,"Calle",,"SANTA FE","La Capital","Asfalto","S/D","I","S/D","Urbana","S/D","S/D","Intersección","S/D","S/D","Nocturna","S/D","S/D","S/D","Colisión","S/D","S/D","S/D","S/D"
2015,700,15/02/2015,"Domingo",0,17:30:00,,"0.0",2,"Moto/Ciclomotor,Peatón","Av Lopez y Planes 3500",2,1,0,0,1,0,0,"-31.633166666667,-60.71375","Avenida",,"SANTA FE","La Capital","Asfalto","S/D","I","S/D","Urbana","S/D","S/D","Recta","S/D","S/D","Diurna","S/D","S/D","S/D","Atropello","S/D","S/D","S/D","S/D"
2015,701,27/02/2015,"Viernes",0,07:50:00,"Ruta Nacional 178","0.0",2,"Camión,Moto/Ciclomotor","Ruta 178 Y Avenida 13",2,0,1,0,1,0,0,,"Ruta",178,"LAS PAREJAS","Belgrano","Asfalto","Ripio","III","S/D","Urbana","Semáforo","Funciona","Intersección","Bueno","Buena","Diurna","Buen Tiempo","Lateral","S/D","Colisión","Ninguna","Vertical","Línea divisoria pintada","Sin restricción"
2015,702,07/02/2015,"Sabado",0,06:35:00,,"0.0",2,"Moto/Ciclomotor,Automóvil","Av Freyre Y Mendoza",2,1,0,0,1,0,0,,"Avenida",,"SANTA FE","La Capital","Asfalto","S/D","I","S/D","Urbana","S/D","S/D","Intersección","S/D","S/D","Amanecer","S/D","S/D","S/D","Colisión","S/D","S/D","S/D","S/D"
2015,703,22/02/2015,"Domingo",0,08:15:00,,"0.0",2,"Moto/Ciclomotor,Automóvil","San Jeronimo Y Quintana",2,1,0,0,1,0,0,,"Calle",,"SANTA FE","La Capital","Hormigón","No existe","I","Dentro","Urbana","Ninguna","No existe","Intersección","Bueno","Buena","Diurna","S/D","S/D","S/D","Colisión","S/D","Faltante","Ninguna","S/D"
2015,704,02/02/2015,"Lunes",0,20:40:00,,"0.0",2,"Moto/Ciclomotor,Peatón","La Rioja Y San Jose",2,1,0,0,1,0,0,"-31.641916666667,-60.721805555556","Calle",,"SANTA FE","La Capital","Asfalto","S/D","I","S/D","Urbana","S/D","S/D","Intersección","S/D","S/D","Nocturna","S/D","S/D","S/D","Atropello","S/D","S/D","S/D","S/D"
2015,705,16/02/2015,"Lunes",0,06:35:00,,"0.0",2,"Moto/Ciclomotor,Automóvil","Av Lopez y Planes Y Bv Pellegrini",3,2,0,0,1,0,0,,"Avenida",,"SANTA FE","La Capital","Asfalto","S/D","I","S/D","Urbana","S/D","S/D","Intersección","S/D","S/D","Amanecer","S/D","S/D","S/D","Colisión","S/D","S/D","S/D","S/D"
2015,706,04/02/2015,"Miercoles",0,02:45:00,,"0.0",2,"Moto/Ciclomotor,Pickup/Utilitario","Av Freyre Y Bv Pellegrini",3,2,0,0,1,0,0,,"Avenida",,"SANTA FE","La Capital","Asfalto","S/D","I","S/D","Urbana","S/D","S/D","Intersección","S/D","S/D","Nocturna","S/D","S/D","S/D","Colisión","S/D","S/D","S/D","S/D"
2015,707,14/02/2015,"Sabado",0,18:50:00,,"0.0",2,"Moto/Ciclomotor,Transporte Escolar","Dr Galvez Y Almirante Brown",3,2,0,0,1,0,0,,"Calle",,"ESPERANZA","Las Colonias","Asfalto","No existe","XI","S/D","Urbana","Ninguna","No existe","Intersección","Bueno","S/D","Diurna","Buen Tiempo","Frontal","S/D","Colisión","Ninguna","Vertical","Ninguna","Sin restricción"
2015,708,03/02/2015,"Martes",0,19:40:00,,"0.0",2,"Moto/Ciclomotor,Automóvil","Primera Junta Y San Lorenzo",2,1,0,0,1,0,0,,"Calle",,"SANTA FE","La Capital","Asfalto","S/D","I","S/D","Urbana","S/D","S/D","Intersección","S/D","S/D","Atardecer","S/D","S/D","S/D","Colisión","S/D","S/D","S/D","S/D"
2015,709,07/02/2015,"Sabado",0,09:30:00,,"0.0",2,"Pickup/Utilitario,Moto/Ciclomotor","Av Freyre Y Vera",2,1,0,0,1,0,0,,"Avenida",,"SANTA FE","La Capital","Asfalto","S/D","I","S/D","Urbana","S/D","S/D","Intersección","S/D","S/D","Diurna","S/D","S/D","S/D","Colisión","S/D","S/D","S/D","S/D"
2015,710,05/02/2015,"Jueves",0,07:00:00,,"0.0",2,"Moto/Ciclomotor,Automóvil","Bv Pellegrini Y Av Urquiza",2,1,0,0,1,0,0,,"Avenida",,"SANTA FE","La Capital","Asfalto","S/D","I","S/D","Urbana","S/D","S/D","Intersección","S/D","S/D","Diurna","S/D","S/D","S/D","Colisión","S/D","S/D","S/D","S/D"
2015,711,17/02/2015,"Martes",0,13:00:00,,"0.0",2,"Moto/Ciclomotor,Moto/Ciclomotor","Mendoza 3765",2,1,0,0,1,0,0,,"Calle",,"SANTA FE","La Capital","Asfalto","S/D","I","S/D","Urbana","S/D","S/D","Recta","S/D","S/D","Diurna","S/D","S/D","S/D","Colisión","S/D","S/D","S/D","S/D"
2015,712,07/02/2015,"Sabado",0,15:50:00,,"0.0",2,"Pickup/Utilitario,Moto/Ciclomotor","Bartolome Mitre Y G Lehmann",2,0,1,0,1,0,0,,"Calle",,"ESPERANZA","Las Colonias","Asfalto","No existe","XI","Dentro","Urbana","Ninguna","No existe","Intersección","Bueno","Buena","Diurna","Buen Tiempo","Lateral","S/D","Colisión","Ninguna","Vertical","Ninguna","Sin restricción"
2015,713,12/02/2015,"Jueves",0,12:30:00,,"0.0",3,"Automóvil,Automóvil,Taxi/Remis","Av Facundo Zuviria Y Pedro Ferre",4,1,0,0,2,0,1,,"Avenida",,"SANTA FE","La Capital","Asfalto","No existe","I","Dentro","Urbana","Semáforo","Funciona","Recta","Con baches","Buena","Diurna","Buen Tiempo","De alcance,Múltiple","S/D","Colisión","Ninguna","Vertical","Ninguna","Sin restricción"
2015,714,12/02/2015,"Jueves",0,21:55:00,,"0.0",2,"Camión,Moto/Ciclomotor","Av A del Valle 10000",3,2,0,0,1,0,0,,"Avenida",,"SANTA FE","La Capital","Asfalto","No existe","I","Dentro","Urbana","Ninguna","No existe","Recta","Deteriorada","Reducida","Nocturna","Buen Tiempo","Lateral","S/D","Colisión","Ninguna","Faltante","Ninguna","Sin restricción"
2015,715,08/02/2015,"Domingo",0,18:15:00,,"0.0",2,"Moto/Ciclomotor,Taxi/Remis","Av Freyre Y Hipolito Yrigoyen",2,1,0,0,1,0,0,,"Avenida",,"SANTA FE","La Capital","Asfalto","S/D","I","S/D","Urbana","S/D","S/D","Intersección","S/D","S/D","Diurna","S/D","S/D","S/D","Colisión","S/D","S/D","S/D","S/D"
2015,716,22/02/2015,"Domingo",0,08:40:00,,"0.0",2,"Moto/Ciclomotor,Pickup/Utilitario","9 de Julio Y Mariano Moreno",2,1,0,0,1,0,0,,"Calle",,"ESPERANZA","Las Colonias","Asfalto","No existe","XI","S/D","Urbana","Ninguna","No existe","Intersección","Bueno","Buena","Diurna","Buen Tiempo","Lateral","S/D","Colisión","Ninguna","Vertical","Ninguna","Sin restricción"
2015,717,08/02/2015,"Domingo",0,18:45:00,,"0.0",2,"Pickup/Utilitario,Moto/Ciclomotor","Av A del Valle Y French",3,1,0,0,2,0,0,,"Avenida",,"SANTA FE","La Capital","Asfalto","No existe","I","Dentro","Urbana","Semáforo","Funciona","Intersección","Deteriorada","Buena","Atardecer","Otro","Frontal","S/D","Colisión","Ninguna","Horizontal,Vertical","Ninguna","Sin restricción"
2015,718,12/02/2015,"Jueves",0,14:40:00,,"0.0",2,"Moto/Ciclomotor,Automóvil","Bv Pellegrini Y Av Urquiza",2,1,0,0,1,0,0,,"Avenida",,"SANTA FE","La Capital","Asfalto","S/D","I","S/D","Urbana","S/D","S/D","Intersección","S/D","S/D","Diurna","S/D","S/D","S/D","Colisión","S/D","S/D","S/D","S/D"
2015,719,28/02/2015,"Sabado",0,22:00:00,,"0.0",2,"Automóvil,Bicicleta","Bartolome Mitre Y Aaron Castellanos",2,1,0,0,1,0,0,,"Calle",,"ESPERANZA","Las Colonias","Asfalto","No existe","XI","Dentro","Urbana","Ninguna","No existe","Intersección","Bueno","Buena","Nocturna","Buen Tiempo","S/D","S/D","Atropello","Ninguna","Faltante","Ninguna","Sin restricción"
2015,720,02/02/2015,"Lunes",0,21:00:00,,"0.0",2,"Automóvil,Moto/Ciclomotor","Av A del Valle Y Gorriti",3,2,0,0,1,0,0,,"Avenida",,"SANTA FE","La Capital","Asfalto","No existe","I","Dentro","Urbana","Semáforo","Funciona","Intersección","Bueno","Buena","Nocturna","Buen Tiempo","De alcance","S/D","Colisión","Ninguna","Horizontal,Vertical","Ninguna","Sin restricción"
2015,721,13/02/2015,"Viernes",0,17:40:00,,"0.0",2,"Taxi/Remis,Automóvil","Gdor Crespo Y Francia",2,1,0,0,1,0,0,,"Calle",,"SANTA FE","La Capital","Asfalto","S/D","I","S/D","Urbana","S/D","S/D","Intersección","S/D","S/D","Diurna","S/D","S/D","S/D","Colisión","S/D","S/D","S/D","S/D"
2015,722,15/02/2015,"Domingo",0,01:45:00,,"0.0",2,"Automóvil,Automóvil","Juan Del Campillo Y San Jeronimo",4,2,0,0,2,0,0,,"Calle",,"SANTA FE","La Capital","Hormigón","No existe","I","Dentro","Urbana","Ninguna","No existe","Intersección","Otro","Buena","Nocturna,Con luz artificial","Buen Tiempo","Lateral","S/D","Colisión","Ninguna","Faltante","Ninguna","Sin restricción"
2015,723,28/02/2015,"Sabado",0,22:30:00,,"0.0",2,"Automóvil,Moto/Ciclomotor","Chacabuco Y Pujol Bis Gdor",2,1,0,0,1,0,0,,"Calle",,"ESPERANZA","Las Colonias","Ripio","No existe","XI","Dentro","Urbana","Ninguna","No existe","Intersección","Bueno","Reducida","Nocturna","Buen Tiempo","Frontal","S/D","Colisión","Ninguna","Faltante","Ninguna","Sin restricción"
2015,724,02/02/2015,"Lunes",0,15:15:00,,"0.0",2,"Moto/Ciclomotor,Otros"," ",2,1,0,0,1,0,0,,"S/D",,"ESPERANZA","Las Colonias","Asfalto","No existe","XI","S/D","Urbana","Ninguna","No existe","Recta","Bueno","Buena","Diurna","Buen Tiempo","S/D","S/D","Colisión","Ninguna","Horizontal","Barrera de hormigón,Cordón divisorio","Sin restricción"
2015,725,07/02/2015,"Sabado",0,,,"0.0",2,"Moto/Ciclomotor,Bicicleta","Mendoza Y Lamadrid",2,2,0,0,0,0,0,"-31.643833333333,-60.727944444444","Calle",,"SANTA FE","La Capital","Asfalto","S/D","I","S/D","Urbana","S/D","S/D","Intersección","S/D","S/D","S/D","S/D","S/D","S/D","Atropello","S/D","S/D","S/D","S/D"
2015,726,23/02/2015,"Lunes",0,15:30:00,,"0.0",2,"Moto/Ciclomotor,Automóvil","Saavedra 3400",2,1,0,0,1,0,0,,"Calle",,"SANTA FE","La Capital","Asfalto","S/D","I","S/D","Urbana","S/D","S/D","Recta","S/D","S/D","Diurna","S/D","S/D","S/D","Colisión","S/D","S/D","S/D","S/D"
2015,727,09/02/2015,"Lunes",0,09:15:00,,"0.0",2,"Automóvil,Moto/Ciclomotor","Av A del Valle Y Iturraspe",2,0,1,0,1,0,0,,"Avenida",,"SANTA FE","La Capital","Asfalto","No existe","I","Dentro","Urbana","Ninguna","No existe","Intersección","Con baches","Buena","Diurna","Buen Tiempo","Lateral","S/D","Colisión","Ninguna","Faltante","Ninguna","Sin restricción"
2015,728,06/02/2015,"Viernes",0,18:15:00,,"0.0",1,"Moto/Ciclomotor","Av Facundo Zuviria Y Espora",2,1,0,0,1,0,0,,"Calle",,"SANTA FE","La Capital","Asfalto","No existe","I","Dentro","Urbana","Ninguna","No existe","Intersección","Bueno","Buena","Diurna","Buen Tiempo","Lateral","S/D","Colisión","Ninguna","Faltante","Ninguna","Sin restricción"
2015,729,11/02/2015,"Miercoles",0,15:10:00,,"0.0",2,"Bicicleta,Moto/Ciclomotor"," ",2,1,0,0,1,0,0,,"S/D",,"ESPERANZA","Las Colonias","Asfalto","No existe","XI","Dentro","Urbana","Ninguna","No existe","Recta","Bueno","Buena","Diurna","Buen Tiempo","S/D","S/D","Atropello","Ninguna","Horizontal","Ninguna","Sin restricción"
2015,730,02/02/2015,"Lunes",0,13:10:00,,"0.0",2,"Moto/Ciclomotor,Automóvil","Av A del Valle Y Lavaisse",2,1,0,0,1,0,0,,"Avenida",,"SANTA FE","La Capital","Asfalto","No existe","I","Dentro","Urbana","Semáforo","Funciona","Intersección","Bueno","Buena","Diurna","S/D","Lateral","S/D","Colisión","S/D","Vertical","Ninguna","Sin restricción"
2015,731,12/02/2015,"Jueves",0,07:00:00,,"0.0",2,"Automóvil,Automóvil"," ",2,1,0,0,1,0,0,,"S/D",,"ESPERANZA","Las Colonias","Asfalto","No existe","XI","S/D","Urbana","Ninguna","No existe","Intersección","Bueno","Buena","Diurna","Buen Tiempo","S/D","S/D","Colisión","Ninguna","Horizontal","Ninguna","Sin restricción"
2015,732,27/02/2015,"Viernes",0,20:30:00,,"0.0",2,"Automóvil,Moto/Ciclomotor","J J Paso ",2,0,0,0,0,0,2,,"Calle",,"SANTA FE","La Capital","Asfalto","S/D","I","S/D","Urbana","S/D","S/D","Rotonda","S/D","S/D","S/D","S/D","S/D","S/D","Colisión","S/D","S/D","S/D","S/D"
2015,733,07/02/2015,"Sabado",0,14:25:00,,"0.0",2,"Automóvil,Automóvil","Av Urquiza Y Eva Peron",2,1,0,0,1,0,0,,"Calle",,"SANTA FE","La Capital","Asfalto","S/D","I","S/D","Urbana","S/D","S/D","Intersección","S/D","S/D","Diurna","S/D","S/D","S/D","Colisión","S/D","S/D","S/D","S/D"
2015,734,19/02/2015,"Jueves",0,05:50:00,,"0.0",2,"Moto/Ciclomotor,Automóvil"," ",2,1,0,0,1,0,0,,"S/D",,"ESPERANZA","Las Colonias","Asfalto","No existe","XI","Dentro","Urbana","Ninguna","No existe","Intersección","Bueno","Buena","Diurna","Buen Tiempo","S/D","S/D","Colisión","Ninguna","Horizontal","Ninguna","Sin restricción"
2015,735,24/02/2015,"Martes",0,23:30:00,,"0.0",2,"Pickup/Utilitario,Automóvil","Saavedra Y Monseñor Zaspe",2,0,0,0,0,0,2,,"Calle",,"SANTA FE","La Capital","S/D","S/D","I","S/D","Urbana","S/D","S/D","Intersección","S/D","S/D","S/D","S/D","S/D","S/D","Colisión","S/D","S/D","S/D","S/D"
2015,736,08/02/2015,"Domingo",0,17:40:00,,"0.0",2,"Moto/Ciclomotor,Automóvil","Vera Y Dr Zavalla",2,1,0,0,1,0,0,,"Calle",,"SANTA FE","La Capital","Asfalto","S/D","I","S/D","Urbana","S/D","S/D","Intersección","S/D","Buena","Diurna","S/D","S/D","S/D","Colisión","S/D","S/D","S/D","S/D"
2015,737,20/02/2015,"Viernes",0,13:00:00,,"0.0",2,"Camión,Moto/Ciclomotor","J J Paso Y Dr Zavalla",2,0,0,0,0,0,2,,"Avenida",,"SANTA FE","La Capital","Asfalto","S/D","I","S/D","Urbana","S/D","S/D","Intersección","S/D","S/D","S/D","S/D","S/D","S/D","Colisión","S/D","S/D","S/D","S/D"
2015,738,05/01/2015,"Lunes",0,12:10:00,,"0.0",2,"Pickup/Utilitario,Moto/Ciclomotor","Bartolome Mitre Y Guemes",2,1,0,0,1,0,0,,"Calle",,"ESPERANZA","Las Colonias","Asfalto","No existe","XI","Dentro","Urbana","Ninguna","No existe","Intersección","Bueno","Buena","Diurna","Buen Tiempo","Lateral","S/D","Colisión","Ninguna","Vertical","Ninguna","Sin restricción"
2015,739,22/02/2015,"Domingo",0,16:00:00,,"0.0",2,"Moto/Ciclomotor,Automóvil","Av Cordoba Y Mariano Moreno",5,1,0,0,4,0,0,,"Avenida",,"ESPERANZA","Las Colonias","Asfalto","No existe","XI","S/D","Urbana","Ninguna","No existe","Intersección","Bueno","Buena","Diurna","Buen Tiempo","Frontal","S/D","Colisión","Ninguna","Vertical","Ninguna","Sin restricción"
2015,740,12/02/2015,"Jueves",0,22:15:00,,"0.0",2,"Bicicleta,Moto/Ciclomotor","Boassi 1800",2,2,0,0,0,0,0,,"Calle",,"LAGUNA PAIVA","La Capital","Hormigón","No existe","I","Dentro","Urbana","Ninguna","No existe","Recta","Bueno","Buena","Nocturna,Con luz artificial","Buen Tiempo","S/D","S/D","Atropello","Ninguna","Vertical","Ninguna","Sin restricción"
2015,741,27/02/2015,"Viernes",0,09:20:00,,"0.0",4,"Taxi/Remis,Camión,Automóvil,Automóvil","Av A del Valle Y Fray Mamerto Esquiu",7,3,0,0,4,0,0,,"Avenida",,"SANTA FE","La Capital","Hormigón","No existe","I","Dentro","Urbana","Semáforo","Funciona","Recta","Bueno","Buena","Diurna","Buen Tiempo","De alcance,Múltiple","S/D","Colisión","Ninguna","Vertical","Ninguna","Sin restricción"
2015,742,08/01/2015,"Jueves",0,21:30:00,,"0.0",2,"Moto/Ciclomotor,Peatón","Mariano Moreno 344",2,1,0,0,1,0,0,,"Calle",,"ESPERANZA","Las Colonias","Asfalto","No existe","XI","Dentro","Urbana","Ninguna","No existe","Recta","Bueno","Buena","Nocturna,Con luz artificial","Buen Tiempo","Otro","S/D","Atropello","Ninguna","Vertical","Ninguna","Sin restricción"
2015,743,05/02/2015,"Jueves",0,21:15:00,,"0.0",2,"Pickup/Utilitario,Moto/Ciclomotor","Av Freyre Y Gdor Crespo",2,1,0,0,1,0,0,,"Avenida",,"SANTA FE","La Capital","Asfalto","S/D","I","S/D","Urbana","S/D","S/D","Intersección","S/D","S/D","Nocturna","S/D","S/D","S/D","Colisión","S/D","S/D","S/D","S/D"
2015,744,01/02/2015,"Domingo",0,00:20:00,,"0.0",2,"Moto/Ciclomotor,Automóvil","Av L de la Torre 3334",2,1,0,0,1,0,0,,"S/D",,"LAGUNA PAIVA","La Capital","Asfalto","Natural","I","Dentro","Urbana","Ninguna","No existe","Recta","Bueno","Buena","Nocturna,Con luz artificial","Buen Tiempo","De alcance","S/D","Colisión","S/D","Faltante","Ninguna","Sin restricción"
2015,745,12/02/2015,"Jueves",0,18:30:00,,"0.0",2,"Moto/Ciclomotor,Pickup/Utilitario","Av A del Valle Y Luciano Torrent",2,1,0,0,1,0,0,,"Calle",,"SANTA FE","La Capital","Asfalto","No existe","I","Dentro","Urbana","Ninguna","No existe","Intersección","Con baches","Buena","Diurna","Buen Tiempo","Lateral","S/D","Colisión","Ninguna","Faltante","Ninguna","Sin restricción"
2015,746,02/01/2015,"Viernes",0,20:05:00,,"0.0",2,"Moto/Ciclomotor,Bicicleta","Simon de Iriondo 4100",2,0,2,0,0,0,0,,"Calle",,"ESPERANZA","Las Colonias","Asfalto","No existe","XI","Dentro","Urbana","Ninguna","No existe","Recta","Bueno","Buena","Atardecer","Buen Tiempo","Otro","S/D","Atropello","Ninguna","Vertical","Ninguna","Sin restricción"
2015,747,06/02/2015,"Viernes",0,10:50:00,,"0.0",2,"Automóvil,Pickup/Utilitario","Vera Y Santiago de Chile",3,1,0,0,2,0,0,,"Calle",,"SANTA FE","La Capital","Asfalto","S/D","I","S/D","Urbana","S/D","S/D","Intersección","S/D","S/D","Diurna","S/D","S/D","S/D","Colisión","S/D","S/D","S/D","S/D"
2015,748,27/02/2015,"Viernes",0,08:05:00,"Ruta Provincial 1","13.0",2,"Moto/Ciclomotor,Pickup/Utilitario"," ",2,1,0,0,1,0,0,,"Ruta",1,"ARROYO LEYES","La Capital","Asfalto","Natural","I","S/D","Rural","Marca Vial","No existe","Recta","Bueno","Buena","Diurna","Buen Tiempo","De alcance","S/D","Colisión","Ninguna","Faltante","Línea divisoria pintada","Sin restricción"
2015,749,12/02/2015,"Jueves",0,11:50:00,,"0.0",2,"Moto/Ciclomotor,Automóvil","Av A del Valle Y Espora",2,1,0,0,1,0,0,,"Avenida",,"SANTA FE","La Capital","Asfalto","No existe","I","Dentro","Urbana","Ninguna","No existe","Intersección","Bueno","Buena","Diurna","Buen Tiempo","S/D","S/D","Colisión","Ninguna","Faltante","Ninguna","Sin restricción"
2015,750,20/02/2015,"Viernes",0,20:30:00,,"0.0",2,"Moto/Ciclomotor,Automóvil","J J Paso Y Dr Zavalla",2,0,0,0,0,0,2,,"Avenida",,"SANTA FE","La Capital","Asfalto","S/D","I","S/D","Urbana","S/D","S/D","Intersección","S/D","S/D","S/D","S/D","S/D","S/D","Colisión","S/D","S/D","S/D","S/D"
2015,751,09/02/2015,"Lunes",0,20:30:00,,"0.0",2,"Moto/Ciclomotor,Automóvil","Pje Alvear Y Pastor Barrios",3,1,0,0,1,0,1,,"Avenida",,"LAGUNA PAIVA","La Capital","Tierra","No existe","I","Dentro","Urbana","Ninguna","No existe","Recta","Deteriorada","Buena","Atardecer","Buen Tiempo","Lateral","S/D","Colisión","Material Suelto","Faltante","Ninguna","Sin restricción"
2015,752,10/01/2015,"Sabado",0,,,"0.0",1,"Moto/Ciclomotor","Gobernador Crespo Y Almafuerte",1,0,1,0,0,0,0,,"Calle",,"ESPERANZA","Las Colonias","Asfalto","No existe","XI","Dentro","Urbana","Ninguna","No existe","Recta","Bueno","Buena","Amanecer","Buen Tiempo","Contra objeto fijo","S/D","Colisión","Ninguna","Horizontal","Cordón divisorio","Sin restricción"
2015,753,18/02/2015,"Miercoles",0,20:50:00,,"0.0",1,,"Av Gral Lopez 3500",3,0,0,0,0,0,3,,"Avenida",,"SANTA FE","La Capital","Asfalto","S/D","I","S/D","Urbana","S/D","S/D","Recta","S/D","S/D","S/D","S/D","S/D","S/D","Colisión","S/D","S/D","S/D","S/D"