"anio_acci","nro_acci","fecha","desc_dia","fecha_aprox","hora_aprox","desc_ruta","km","cant_participantes","desc_participante","calle_avenida_km","total","heridos_leves","heridos_graves","heridos_gravisimos","ilesos","fallecidos","sin_datos","posicion_XY","desc_tipo_via","desc_ruta_ori","desc_loc","desc_dpto","desc_tipo_calzada","desc_tipo_banquina","desc_unidad_regional","desc_lugar_calzada","desc_zona","desc_prioridad","desc_estado_semaforo","desc_lugar_via","desc_estado_via","desc_estado_visibilidad","desc_luminosidad","desc_estado_clima","desc_tipo_colision","desc_tipo_atropello","desc_tipo_hecho","desc_pres_calzada","desc_senializacion","desc_separacion_via","desc_restriccion"
2015,754,18/02/2015,"Miercoles",0,20:50:00,,"0.0",2,"Automóvil,Moto/Ciclomotor","Av Gral Lopez 3500",3,0,0,0,0,0,3,,"Avenida",,"SANTA FE","La Capital","Asfalto","S/D","I","S/D","Urbana","S/D","S/D","Recta","S/D","S/D","S/D","S/D","S/D","S/D","Colisión","S/D","S/D","S/D","S/D"
2015,755,12/02/2015,"Jueves",0,13:00:00,"Ruta Provincial 1","10.5",2,"Automóvil,Automóvil","Callejon Vidal Y Calle s/n",2,2,0,0,0,0,0,,"Ruta",1,"SAN JOSÉ DEL RINCÓN","La Capital","Tierra","No existe","I","S/D","Urbana","Ninguna","No existe","Intersección","Resbaladiza","Buena","Diurna","Buen Tiempo","Lateral","S/D","Colisión","Ninguna","S/D","Ninguna","Sin restricción"
2015,756,21/02/2015,"Sabado",0,23:15:00,,"0.0",2,"Moto/Ciclomotor,Automóvil","Avenida Nuestra Señora del Luj Y Rca Oriental del Uruguay",2,1,0,0,1,0,0,,"Avenida",,"SANTO TOMÉ","La Capital","Asfalto","No existe","I","Dentro","Urbana","Semáforo","Funciona","Recta","Bueno","Buena","Nocturna,Con luz artificial","Buen Tiempo","De alcance","S/D","Colisión","S/D","Vertical","Línea divisoria pintada","S/D"
2015,757,13/02/2015,"Viernes",0,08:30:00,,"0.0",2,"Moto/Ciclomotor,Automóvil","Dr Zavalla 1400",2,0,0,0,0,0,2,,"Avenida",,"SANTA FE","La Capital","Asfalto","S/D","I","S/D","Urbana","S/D","S/D","Recta","S/D","S/D","S/D","S/D","S/D","S/D","Colisión","S/D","S/D","S/D","S/D"
2015,758,05/02/2015,"Jueves",0,19:45:00,,"0.0",2,"Taxi/Remis,Moto/Ciclomotor","Buenos Aires Y Rca Oriental del Uruguay",2,1,0,0,1,0,0,,"Calle",,"SANTO TOMÉ","La Capital","Asfalto","No existe","I","Dentro","Urbana","S/D","No existe","Intersección","Bueno","Buena","Nocturna,Con luz artificial","Buen Tiempo","Lateral","S/D","Colisión","S/D","Faltante","S/D","S/D"
2015,759,24/02/2015,"Martes",0,15:20:00,"Ruta Provincial 2","35.0",2,"Moto/Ciclomotor,Automóvil"," ",2,1,0,0,1,0,0,,"Ruta",2,"LAGUNA PAIVA","La Capital","Asfalto","Natural","I","Dentro","Rural","Ninguna","No existe","Curva","Bueno","Buena","Diurna","Buen Tiempo","Lateral","S/D","Colisión","Ninguna","Faltante","Ninguna","Sin restricción"
2015,760,21/01/2015,"Miercoles",0,,,"0.0",2,"Moto/Ciclomotor,Moto/Ciclomotor","Mariano Moreno Y Pringles",3,2,0,0,1,0,0,,"Calle",,"ESPERANZA","Las Colonias","Asfalto","No existe","XI","Dentro","Urbana","Ninguna","No existe","Intersección","Bueno","Buena","Nocturna","Buen Tiempo","Lateral","S/D","Colisión","Ninguna","Horizontal","Cordón divisorio","Sin restricción"
2015,761,26/02/2015,"Jueves",0,20:15:00,,"0.0",2,"Automóvil,Moto/Ciclomotor","Constituyentes Y Jose de San Martin",2,1,0,0,1,0,0,,"Calle",,"SAN JOSÉ DEL RINCÓN","La Capital","Arena","No existe","I","Dentro","Urbana","Ninguna","No existe","Intersección","Ahuellamiento","Reducida","Nocturna","Buen Tiempo","Lateral","S/D","Colisión","Material Suelto","Faltante","Ninguna","Sin restricción"
2015,762,12/02/2015,"Jueves",0,11:30:00,,"0.0",2,"Bicicleta,Moto/Ciclomotor","Pedro Centeno Y San Jeronimo",2,1,0,0,1,0,0,,"Calle",,"SANTA FE","La Capital","Asfalto","No existe","I","Dentro","Urbana","Ninguna","No existe","Intersección","Con baches","Buena","Diurna","Buen Tiempo","S/D","S/D","Atropello","Ninguna","Faltante","Ninguna","Sin restricción"
2015,763,13/02/2015,"Viernes",0,21:40:00,"Ruta Nacional 11","0.0",1,"Moto/Ciclomotor"," ",2,0,0,0,0,0,2,,"Ruta",11,"SANTA FE","La Capital","Asfalto","S/D","I","S/D","Urbana","S/D","S/D","Recta","S/D","S/D","S/D","S/D","S/D","S/D","Colisión","S/D","S/D","S/D","S/D"
2015,764,03/02/2015,"Martes",0,14:15:00,"Ruta Nacional 11","479.0",2,"Pickup/Utilitario,Automóvil","Ruta Nacional 11 479",3,2,0,0,1,0,0,,"Ruta",11,"RECREO","La Capital","Asfalto","Ripio","I","S/D","Urbana","Ninguna","No existe","S/D","Bueno","Buena","Diurna","Lluvia","Lateral","S/D","Colisión","Ninguna","Horizontal","Línea divisoria pintada","Sin restricción"
2015,765,07/02/2015,"Sabado",0,08:15:00,,"0.0",2,"Moto/Ciclomotor,Automóvil","Rivadavia Y Obrero",2,0,1,0,1,0,0,,"Calle",,"LAGUNA PAIVA","La Capital","Hormigón","No existe","I","Dentro","Urbana","Ninguna","No existe","Intersección","Bueno","Buena","Diurna","Buen Tiempo","Lateral","S/D","Colisión","Ninguna","Horizontal,Vertical","Ninguna","Sin restricción"
2015,766,10/02/2015,"Martes",0,17:00:00,,"0.0",2,"Automóvil,Moto/Ciclomotor","Av A del Valle 7000",2,1,0,0,1,0,0,,"Avenida",,"SANTA FE","La Capital","Hormigón","No existe","I","Dentro","Urbana","Ninguna","No existe","Intersección","Bueno","Buena","Diurna","Buen Tiempo","Lateral","S/D","Colisión","Ninguna","Faltante","Ninguna","Sin restricción"
2015,767,11/02/2015,"Miercoles",0,00:15:00,,"0.0",2,"Automóvil,Moto/Ciclomotor","Dr Zavalla Y J J Paso",3,0,0,0,0,0,3,,"Avenida",,"SANTA FE","La Capital","Asfalto","S/D","I","S/D","Urbana","S/D","S/D","Intersección","S/D","S/D","S/D","S/D","S/D","S/D","Colisión","S/D","S/D","S/D","S/D"
2015,768,11/02/2015,"Miercoles",0,15:30:00,,"0.0",2,"Moto/Ciclomotor,Automóvil","Av A del Valle Y Vieytes",2,1,0,0,1,0,0,,"Avenida",,"SANTA FE","La Capital","Asfalto","No existe","I","Dentro","Urbana","Ninguna","No existe","Intersección","Bueno,Con baches","Buena","Diurna","Buen Tiempo","Lateral","S/D","Colisión","Ninguna","Faltante","Ninguna","Sin restricción"
2015,769,09/02/2015,"Lunes",0,11:00:00,,"0.0",2,"Moto/Ciclomotor,Automóvil","3 de Febrero 3700",2,0,0,0,0,0,2,,"Calle",,"SANTA FE","La Capital","Asfalto","S/D","I","S/D","Urbana","S/D","S/D","Recta","S/D","S/D","S/D","S/D","S/D","S/D","Colisión","S/D","S/D","S/D","S/D"
2015,770,13/02/2015,"Viernes",0,14:40:00,"Ruta Nacional 11","0.0",2,"Automóvil,Moto/Ciclomotor","Juan de Garay Y Jorge Luis Borges",3,2,0,0,1,0,0,,"Ruta",11,"RECREO","La Capital","Asfalto","Ripio","I","S/D","Urbana","Ninguna","No existe","Intersección","Bueno","Buena","Diurna","Buen Tiempo","Lateral","S/D","Colisión","Ninguna","Horizontal","Línea divisoria pintada","Sin restricción"
2015,771,03/02/2015,"Martes",0,11:00:00,,"0.0",2,"Peatón,Moto/Ciclomotor","Av Pte Peron Y Candido Pujato",2,1,0,0,1,0,0,"-31.631083333333,-60.717611111111","Avenida",,"SANTA FE","La Capital","Asfalto","No existe","I","Dentro","Urbana","Ninguna","No existe","Intersección","Bueno","Buena","Diurna","Buen Tiempo","S/D","S/D","Atropello","S/D","Faltante","Cordón divisorio","Sin restricción"
2015,772,06/02/2015,"Viernes",0,08:00:00,,"0.0",2,"Automóvil,Moto/Ciclomotor","Av Gral Lopez Y Dr Zavalla",2,2,0,0,0,0,0,,"Avenida",,"SANTA FE","La Capital","Asfalto","S/D","I","S/D","Urbana","S/D","S/D","Intersección","S/D","S/D","S/D","S/D","S/D","S/D","Colisión","S/D","S/D","S/D","S/D"
2015,773,07/02/2015,"Sabado",0,16:00:00,"Ruta Nacional 11","0.0",2,"Camión,Moto/Ciclomotor"," ",2,1,0,0,1,0,0,,"Ruta",11,"SANTA FE","La Capital","Asfalto","S/D","I","S/D","Urbana","S/D","S/D","Curva","S/D","S/D","S/D","S/D","S/D","S/D","Colisión","S/D","S/D","S/D","S/D"
2015,774,18/01/2015,"Domingo",0,10:00:00,,"0.0",2,"Automóvil,Moto/Ciclomotor","Simon de Iriondo 4000",2,1,0,0,1,0,0,,"Calle",,"ESPERANZA","Las Colonias","Asfalto","No existe","XI","Dentro","Urbana","Ninguna","No existe","Recta","Bueno","Buena","Diurna","Buen Tiempo","Lateral","S/D","Colisión","Ninguna","Horizontal","Cordón divisorio","Sin restricción"
2015,775,07/02/2015,"Sabado",0,11:00:00,,"0.0",2,"Automóvil,Bicicleta","Av Pte Peron 3400",2,1,0,0,1,0,0,"-31.633666666667,-60.717694444444","Avenida",,"SANTA FE","La Capital","Asfalto","No existe","I","Dentro","Urbana","Ninguna","No existe","Recta","Bueno","Buena","Diurna","Buen Tiempo","S/D","S/D","Atropello","S/D","Faltante","Cordón divisorio","Sin restricción"
2015,776,07/02/2015,"Sabado",0,21:00:00,,"0.0",2,"Automóvil,Moto/Ciclomotor","Av Freyre Y Monseñor Zaspe",2,1,0,0,1,0,0,,"Avenida",,"SANTA FE","La Capital","Asfalto","S/D","I","S/D","Urbana","S/D","S/D","Intersección","S/D","S/D","S/D","S/D","S/D","S/D","Colisión","S/D","S/D","S/D","S/D"
2015,777,24/02/2015,"Martes",0,20:30:00,,"0.0",2,"Moto/Ciclomotor,Automóvil","Misiones Y Carlos Eduardo Carranza",2,1,0,0,1,0,0,,"Calle",,"SANTA FE","La Capital","Asfalto","No existe","I","Dentro","Urbana","Ninguna","No existe","Intersección","Con baches","Buena","Nocturna","Buen Tiempo","Lateral","S/D","Colisión","S/D","Vertical","Ninguna","Sin restricción"
2015,778,21/02/2015,"Sabado",0,15:20:00,,"0.0",2,"Moto/Ciclomotor,Automóvil","12 de Octubre Y Chaco",2,1,0,0,1,0,0,,"Calle",,"SANTA FE","La Capital","Asfalto","No existe","I","Dentro","Urbana","Otra Señal","No existe","Intersección","Con baches","Buena","Diurna","Buen Tiempo","Lateral","S/D","Colisión","Ninguna","Vertical","Cordón divisorio","Sin restricción"
2015,779,13/02/2015,"Viernes",0,14:10:00,"Ruta Nacional 11","0.0",2,"Automóvil,Automóvil","Juan de Garay Y Ayacucho",6,3,0,0,1,0,2,,"Ruta",11,"RECREO","La Capital","Asfalto","Ripio","I","S/D","Urbana","Ninguna","No existe","Intersección","Bueno","Buena","Diurna","Buen Tiempo","S/D","S/D","Colisión","Ninguna","Horizontal","Línea divisoria pintada","Sin restricción"
2015,780,10/02/2015,"Martes",0,15:35:00,"Ruta Nacional 11","0.0",2,"Automóvil,Pickup/Utilitario","Ruta Nac 11 Y Brasil",2,1,0,0,1,0,0,,"Ruta",11,"SAUCE VIEJO","La Capital","S/D","S/D","I","Dentro","Urbana","S/D","S/D","Recta","S/D","S/D","Diurna","S/D","S/D","S/D","S/D","S/D","S/D","Línea divisoria pintada","S/D"
2015,781,19/02/2015,"Jueves",0,13:40:00,,"0.0",1,"Moto/Ciclomotor","Guemes Y Moreno",2,1,0,0,1,0,0,,"Calle",,"LAGUNA PAIVA","La Capital","Asfalto","No existe","I","Dentro","Urbana","Ninguna","No existe","Intersección","Con baches","Buena","Diurna","Buen Tiempo","S/D","S/D","Caída ocupante","Ninguna","Faltante","Ninguna","Sin restricción"
2015,782,05/02/2015,"Jueves",0,22:30:00,"Ruta Provincial 1","0.0",2,"Moto/Ciclomotor,Automóvil"," ",2,1,0,0,1,0,0,,"Ruta",1,"COLASTINE","La Capital","Asfalto","S/D","I","S/D","S/D","Semáforo","S/D","Recta","Bueno","S/D","Nocturna","Buen Tiempo","Lateral","S/D","Colisión","Ninguna","Vertical","Línea divisoria pintada","Sin restricción"
2015,783,04/02/2015,"Miercoles",0,07:10:00,,"0.0",2,"Automóvil,Automóvil","Luciano Molinas Y Gdor Candioti",2,1,0,0,1,0,0,,"Calle",,"SANTA FE","La Capital","S/D","S/D","I","S/D","Urbana","S/D","S/D","Intersección","S/D","S/D","S/D","S/D","S/D","S/D","Colisión","S/D","S/D","S/D","S/D"
2015,784,07/02/2015,"Sabado",0,13:30:00,,"0.0",2,"Moto/Ciclomotor,Taxi/Remis","Alberdi Y Calchines",2,1,0,0,1,0,0,,"Calle",,"SANTA FE","La Capital","S/D","S/D","I","S/D","Urbana","S/D","S/D","Intersección","S/D","S/D","S/D","S/D","Lateral","S/D","Colisión","S/D","S/D","S/D","S/D"
2015,785,11/02/2015,"Miercoles",0,08:30:00,,"0.0",2,"Moto/Ciclomotor,Automóvil","Av Gral Paz Y Cordoba",2,1,0,0,1,0,0,,"Avenida",,"SANTA FE","La Capital","S/D","S/D","I","S/D","Urbana","S/D","S/D","Intersección","S/D","S/D","S/D","S/D","Lateral","S/D","Colisión","S/D","S/D","S/D","S/D"
2015,786,04/02/2015,"Miercoles",0,,,"0.0",2,"Moto/Ciclomotor,Otros","Artigas Y Av Pte Peron",3,0,0,0,1,0,2,,"Calle",,"SANTA FE","La Capital","Asfalto","Natural","I","S/D","Urbana","Ninguna","S/D","Intersección","Bueno","S/D","S/D","S/D","Frontal","S/D","Colisión","S/D","S/D","Ninguna","S/D"
2015,787,02/02/2015,"Lunes",0,10:55:00,"Ruta Provincial 1","6.0",1,"Transporte de Pasajeros Urbano (> 8 asientos)","Ruta Provincial 1 Y Brig. Gral. Estanislao Lopez",2,1,0,0,1,0,0,,"Ruta",1,"SAN JOSÉ DEL RINCÓN","La Capital","Asfalto","Natural","I","Dentro","Urbana","Ninguna","No existe","Recta","Bueno","Buena","Diurna","Buen Tiempo","S/D","S/D","Otro","Ninguna","Faltante","Línea divisoria pintada","Sin restricción"
2015,788,18/02/2015,"Miercoles",0,05:45:00,,"0.0",2,"Automóvil,Automóvil","Av Blas Parera Y Reg 12 de Infanteria",2,1,0,0,1,0,0,,"Avenida",,"SANTA FE","La Capital","Hormigón","Pavimento","I","Dentro","Urbana","Ninguna","No existe","Intersección","Bueno","Buena","Amanecer,Con luz artificial","Buen Tiempo","Lateral","S/D","Colisión","S/D","Faltante","Cordón divisorio","Sin restricción"
2015,789,01/02/2015,"Domingo",0,20:30:00,"Ruta Provincial 1","10.0",2,"Automóvil,Moto/Ciclomotor"," ",2,1,0,0,1,0,0,,"Ruta",1,"SAN JOSÉ DEL RINCÓN","La Capital","Asfalto","Natural","I","Dentro","Urbana","Ninguna","No existe","Intersección","Bueno","Reducida","Nocturna","Buen Tiempo","Lateral","S/D","Colisión","Material Suelto","Faltante","Línea divisoria pintada","Sin restricción"
2015,790,14/02/2015,"Sabado",0,01:45:00,,"0.0",2,"Moto/Ciclomotor,Automóvil","Bv Pellegrini Y San Lorenzo",4,2,1,0,1,0,0,,"Avenida",,"SANTA FE","La Capital","Asfalto","S/D","I","S/D","Urbana","S/D","S/D","Intersección","S/D","S/D","Nocturna","S/D","S/D","S/D","Colisión","S/D","S/D","S/D","S/D"
2015,791,08/02/2015,"Domingo",0,20:10:00,"Ruta Provincial 1","10.0",2,"Moto/Ciclomotor,Automóvil"," ",3,1,0,0,2,0,0,,"Ruta",1,"ARROYO LEYES","La Capital","Asfalto","Natural","I","Dentro","Urbana","Otra Señal","No existe","Intersección","Bueno","Buena","Nocturna,Con luz artificial","Buen Tiempo","Lateral","S/D","Colisión","Ninguna","Horizontal","Línea divisoria pintada","Sin restricción"
2015,792,17/02/2015,"Martes",0,07:20:00,,"0.0",2,"Moto/Ciclomotor,Automóvil","Av Blas Parera Y Gorostiaga",3,2,0,0,1,0,0,,"Avenida",,"SANTA FE","La Capital","Hormigón","Pavimento","I","Dentro","Urbana","Ninguna","No existe","Rotonda","Bueno","Buena","Diurna","Buen Tiempo","Lateral","S/D","Colisión","Material Suelto","Horizontal,Vertical","Cordón divisorio","Sin restricción"
2015,793,02/02/2015,"Lunes",0,06:25:00,"Ruta Provincial 1","19.0",1,"Automóvil"," ",3,2,0,0,1,0,0,,"Ruta",1,"ARROYO LEYES","La Capital","Asfalto","Natural","I","Dentro","Rural","S/D","No existe","Recta","Bueno","Buena","Amanecer","Buen Tiempo","Atropello animal","S/D","Colisión","S/D","S/D","Línea divisoria pintada","Sin restricción"
2015,794,01/02/2015,"Domingo",0,22:05:00,"Ruta Nacional 11","450.0",2,"Pickup/Utilitario,Bicicleta"," ",2,1,0,0,1,0,0,,"Ruta",11,"SAUCE VIEJO","La Capital","Asfalto","Ripio","I","Dentro","Urbana","Marca Vial","No existe","Recta","Bueno","Buena","Nocturna","Buen Tiempo","S/D","S/D","Atropello","S/D","Horizontal","Línea divisoria pintada","Sin restricción"
2015,795,19/02/2015,"Jueves",0,22:50:00,,"0.0",2,"Automóvil,Automóvil","J Castelli Y Estrada",3,1,0,0,2,0,0,,"Calle",,"SANTA FE","La Capital","Hormigón","Pavimento","I","Dentro","Urbana","Ninguna","No existe","Intersección","Bueno","Buena","Diurna","Buen Tiempo","Lateral","S/D","Colisión","Agua","Vertical","Ninguna","Sin restricción"
2015,796,27/02/2015,"Viernes",0,12:30:00,,"0.0",2,"Moto/Ciclomotor,Automóvil","Lisandro de La Torre Y Cornelio de Saavedra",2,1,0,0,1,0,0,,"Calle",,"SANTO TOMÉ","La Capital","Asfalto","No existe","I","S/D","Urbana","Ninguna","S/D","Intersección","S/D","Buena","Diurna","Buen Tiempo","Otro","S/D","Colisión","Otro","S/D","S/D","Sin restricción"
2015,797,13/02/2015,"Viernes",0,22:50:00,,"0.0",2,"Moto/Ciclomotor,Automóvil","Av Peñaloza Y Gorriti",2,1,0,0,1,0,0,,"Avenida",,"SANTA FE","La Capital","Hormigón","Pavimento","I","Dentro","Urbana","Ninguna","Intermitente","Intersección","Bueno","Buena","Nocturna,Con luz artificial","Buen Tiempo","Lateral","S/D","Colisión","S/D","Vertical","Cordón divisorio","Sin restricción"
2015,798,07/02/2015,"Sabado",0,04:50:00,,"0.0",2,"Moto/Ciclomotor,Automóvil","Bv Galvez Y Avellaneda",2,1,0,0,1,0,0,,"Calle",,"SANTA FE","La Capital","S/D","S/D","I","S/D","Urbana","S/D","Funciona","Intersección","S/D","S/D","S/D","S/D","Lateral","S/D","Colisión","S/D","Vertical","S/D","S/D"
2015,799,07/02/2015,"Sabado",0,13:20:00,,"0.0",2,"Pickup/Utilitario,Moto/Ciclomotor","Hungria Y Suecia",2,1,0,0,1,0,0,,"Calle",,"SAUCE VIEJO","La Capital","Ripio","No existe","I","Dentro","Urbana","Ninguna","No existe","Intersección","Bueno","Buena","Diurna","Buen Tiempo","De alcance","S/D","Colisión","S/D","Faltante","Ninguna","Sin restricción"
2015,800,21/02/2015,"Sabado",0,23:00:00,,"0.0",2,"Pickup/Utilitario,Automóvil","Gorriti Y Hipolito Yrigoyen",2,1,0,0,1,0,0,,"Avenida",,"SANTA FE","La Capital","Asfalto","Pavimento","I","Dentro","Urbana","Ninguna","Intermitente","Intersección","Bueno","Buena","Nocturna,Con luz artificial","Buen Tiempo","Lateral","S/D","Colisión","S/D","Vertical","Cordón divisorio","Sin restricción"
2015,801,12/02/2015,"Jueves",0,16:00:00,,"0.0",2,"Peatón,Moto/Ciclomotor","Av Peñaloza Y Gorostiaga",2,1,0,0,1,0,0,"-31.608111111111,-60.71325","Avenida",,"SANTA FE","La Capital","Asfalto","Pavimento","I","Dentro","Urbana","Ninguna","No existe","Intersección","Deteriorada","Buena","Diurna","Buen Tiempo","S/D","S/D","Atropello","Material Suelto","Faltante","Cordón divisorio","Sin restricción"
2015,802,08/02/2015,"Domingo",0,02:30:00,,"0.0",1,"Moto/Ciclomotor","La Rioja Y Buenos Aires",3,2,0,0,1,0,0,,"Calle",,"SANTO TOMÉ","La Capital","Asfalto","No existe","I","Dentro","Urbana","Ninguna","No existe","Recta","Bueno","Buena","Nocturna","Buen Tiempo","S/D","S/D","Caída ocupante","S/D","Faltante","Ninguna","Sin restricción"
2015,803,16/02/2015,"Lunes",0,21:30:00,,"0.0",2,"Moto/Ciclomotor,Bicicleta","Juan Bautista Alberdi Y General Manuel Belgrano",5,4,0,0,1,0,0,"-31.681972222222,-60.76425","Calle",,"SANTO TOMÉ","La Capital","Asfalto","No existe","I","S/D","Urbana","Ninguna","No existe","Intersección","Bueno","Buena","Nocturna","Buen Tiempo","Lateral","S/D","Colisión","Otro","Faltante","S/D","Sin restricción"
2015,804,07/02/2015,"Sabado",0,18:15:00,,"0.0",2,"Moto/Ciclomotor,Moto/Ciclomotor","Pres Domingo Faustino Sarmient 2900",4,3,0,0,1,0,0,,"Calle",,"SANTO TOMÉ","La Capital","Asfalto","No existe","I","Dentro","Urbana","Ninguna","No existe","Recta","Bueno","Buena","Atardecer","Buen Tiempo","De alcance","S/D","Colisión","Otro","Faltante","Ninguna","Sin restricción"
2015,805,05/02/2015,"Jueves",0,18:00:00,,"0.0",2,"Automóvil,Moto/Ciclomotor","Mariano Candioti Y Cristobal Colon",2,1,0,0,1,0,0,,"Calle",,"SANTO TOMÉ","La Capital","Asfalto","S/D","I","S/D","Urbana","Ninguna","No existe","Intersección","Bueno","S/D","Diurna","Buen Tiempo","S/D","S/D","Colisión","S/D","S/D","Ninguna","Sin restricción"
2015,806,13/02/2015,"Viernes",0,11:30:00,,"0.0",2,"Moto/Ciclomotor,Automóvil","Avenida Nuestra Señora del Luj Y Aritobulo del Valle",2,1,0,0,1,0,0,,"Avenida",,"SANTO TOMÉ","La Capital","Asfalto","No existe","I","S/D","Urbana","Ninguna","No existe","Intersección","Bueno","Buena","Diurna","Buen Tiempo","Frontal","S/D","Colisión","Otro","Faltante","S/D","Sin restricción"
2015,807,18/02/2015,"Miercoles",0,11:30:00,,"0.0",2,"Moto/Ciclomotor,Moto/Ciclomotor","Mariano Candioti 4500",3,2,0,0,1,0,0,,"Calle",,"SANTO TOMÉ","La Capital","Ripio","No existe","I","Dentro","Urbana","Ninguna","No existe","Recta","Bueno","Buena","Diurna","Buen Tiempo","De alcance","S/D","Colisión","Otro","Faltante","Ninguna","Sin restricción"
2015,808,08/02/2015,"Domingo",0,10:00:00,,"0.0",2,"Moto/Ciclomotor,Automóvil","Av Blas Parera Y Vieytes",2,1,0,0,1,0,0,,"Avenida",,"SANTA FE","La Capital","Asfalto","Pavimento","I","Dentro","Urbana","Semáforo","Funciona","Intersección","Bueno","Buena","Diurna","Buen Tiempo","Lateral","S/D","Colisión","S/D","Horizontal,Vertical","Cordón divisorio","Sin restricción"
2015,809,06/02/2015,"Viernes",0,10:50:00,,"0.0",2,"Moto/Ciclomotor,Automóvil","Avenida Nuestra Señora del Luj Y La Rioja",3,1,0,0,2,0,0,,"Calle",,"SANTO TOMÉ","La Capital","Asfalto","No existe","I","S/D","Urbana","Semáforo","Funciona","Intersección","Bueno","Buena","Diurna","Buen Tiempo","Frontal","S/D","Colisión","S/D","Horizontal","S/D","Sin restricción"
2015,810,12/02/2015,"Jueves",0,13:30:00,,"0.0",2,"Moto/Ciclomotor,Moto/Ciclomotor","Cafferata Y Callejon Mendez",2,1,0,0,1,0,0,,"Calle",,"SANTA FE","La Capital","Asfalto","No existe","I","S/D","Urbana","Ninguna","No existe","Intersección","Bueno","Buena","Diurna","Buen Tiempo","Lateral","S/D","Colisión","Ninguna","Faltante","Ninguna","Sin restricción"
2015,811,26/02/2015,"Jueves",0,,,"0.0",1,"Pickup/Utilitario","Av Pte Peron Y Artigas",1,1,0,0,0,0,0,,"Calle",,"SANTA FE","La Capital","Asfalto","S/D","I","S/D","Urbana","Ninguna","S/D","Otro","Bueno","Buena","S/D","Otro","S/D","S/D","S/D","Otro","S/D","S/D","S/D"
2015,812,07/02/2015,"Sabado",0,08:50:00,,"0.0",2,"Moto/Ciclomotor,Taxi/Remis","Ignacio Crespo Y French",2,1,0,0,1,0,0,,"Calle",,"SANTA FE","La Capital","Asfalto","Natural","I","Dentro","Urbana","Ninguna","No existe","Intersección","Deteriorada","Buena","Diurna","Buen Tiempo","Lateral","S/D","Colisión","S/D","S/D","Ninguna","Sin restricción"
2015,813,19/02/2015,"Jueves",0,15:40:00,,"0.0",2,"Moto/Ciclomotor,Automóvil","Av Blas Parera Y French",2,1,0,0,1,0,0,,"Avenida",,"SANTA FE","La Capital","Asfalto","Pavimento","I","Dentro","Urbana","Ninguna","No existe","Intersección","Bueno","Buena","Nocturna,Con luz artificial","Buen Tiempo","Lateral","S/D","Colisión","S/D","Faltante","Cordón divisorio","Sin restricción"
2015,814,19/02/2015,"Jueves",0,22:50:00,,"0.0",2,"Bicicleta,Automóvil","J Castelli Y Lamadrid",2,1,0,0,1,0,0,"-31.601888888889,-60.715444444444","Calle",,"SANTA FE","La Capital","S/D","S/D","I","Dentro","Urbana","S/D","S/D","Intersección","S/D","S/D","Nocturna","Buen Tiempo","S/D","S/D","Atropello","S/D","S/D","S/D","Sin restricción"
2015,815,07/02/2015,"Sabado",0,05:40:00,,"0.0",2,"Bicicleta,Moto/Ciclomotor","Av Peñaloza Y J Castelli",2,2,0,0,0,0,0,"-31.6025,-60.712638888889","Avenida",,"SANTA FE","La Capital","Hormigón","Pavimento","I","Dentro","Urbana","Ninguna","Intermitente","Intersección","Bueno","Buena","Amanecer,Con luz artificial","Buen Tiempo","S/D","S/D","Atropello","S/D","Vertical","Cordón divisorio","S/D"
2015,816,24/02/2015,"Martes",0,05:50:00,,"0.0",2,"Moto/Ciclomotor,Automóvil","Gorriti 4600",2,1,0,0,1,0,0,,"Avenida",,"SANTA FE","La Capital","Asfalto","Pavimento","I","Dentro","Urbana","Ninguna","No existe","Recta","Bueno","Buena","Con luz artificial","Buen Tiempo","Lateral","S/D","Colisión","Agua","Vertical","Ninguna","Sin restricción"
2015,817,05/02/2015,"Jueves",0,,,"0.0",2,"Bicicleta,Moto/Ciclomotor","Necochea Y Iturraspe",4,3,0,0,1,0,0,"-31.631055555556,-60.6925","Calle",,"SANTA FE","La Capital","S/D","S/D","I","S/D","Urbana","S/D","S/D","Intersección","S/D","S/D","S/D","S/D","S/D","S/D","Atropello","S/D","S/D","S/D","S/D"
2015,818,05/02/2015,"Jueves",0,22:30:00,,"0.0",2,"Bicicleta,Automóvil","J Castelli Y Estrada",2,1,0,0,1,0,0,"-31.601305555556,-60.718111111111","Calle",,"SANTA FE","La Capital","Asfalto","Pavimento","I","Dentro","Urbana","Ninguna","No existe","Intersección","Deteriorada","Buena","Nocturna,Con luz artificial","Buen Tiempo","S/D","S/D","Atropello","S/D","S/D","Ninguna","Sin restricción"
2015,819,21/02/2015,"Sabado",0,13:00:00,,"0.0",2,"Moto/Ciclomotor,Automóvil","Hernandarias Y Chaco",3,3,0,0,0,0,0,,"Calle",,"SANTO TOMÉ","La Capital","Asfalto","No existe","I","S/D","Urbana","Ninguna","No existe","Intersección","Bueno","Buena","Diurna","Buen Tiempo","Otro","S/D","Colisión","S/D","S/D","S/D","Sin restricción"