"anio_acci","nro_acci","fecha","desc_dia","fecha_aprox","hora_aprox","desc_ruta","km","cant_participantes","desc_participante","calle_avenida_km","total","heridos_leves","heridos_graves","heridos_gravisimos","ilesos","fallecidos","sin_datos","posicion_XY","desc_tipo_via","desc_ruta_ori","desc_loc","desc_dpto","desc_tipo_calzada","desc_tipo_banquina","desc_unidad_regional","desc_lugar_calzada","desc_zona","desc_prioridad","desc_estado_semaforo","desc_lugar_via","desc_estado_via","desc_estado_visibilidad","desc_luminosidad","desc_estado_clima","desc_tipo_colision","desc_tipo_atropello","desc_tipo_hecho","desc_pres_calzada","desc_senializacion","desc_separacion_via","desc_restriccion"
2015,820,02/02/2015,"Lunes",0,18:30:00,,"0.0",2,"Moto/Ciclomotor,Peatón","Doctor Paredes Y French",2,2,0,0,0,0,0,"-31.596842, -60.671412","Calle",,"SANTA FE","La Capital","Asfalto","S/D","I","Dentro","Urbana","Ninguna","No existe","Intersección","Bueno","Buena","Atardecer","Buen Tiempo","S/D","S/D","Atropello","Ninguna","S/D","Cordón divisorio","Sin restricción"
2015,821,05/02/2015,"Jueves",0,20:50:00,,"0.0",2,"Automóvil,Automóvil","Chiclana Y Larrea",3,2,0,0,1,0,0,,"Calle",,"SANTA FE","La Capital","Asfalto,Tierra","Natural","I","Dentro","Urbana","Ninguna","No existe","Intersección","Deteriorada","Buena","Nocturna,Con luz artificial","S/D","Lateral","S/D","Colisión","Agua,Material Suelto","Faltante","Ninguna","Obra en Construcción"
2015,822,07/02/2015,"Sabado",0,17:15:00,,"0.0",2,"Automóvil,Moto/Ciclomotor","Av Freyre Y Vera",4,2,0,0,2,0,0,,"Avenida",,"SANTA FE","La Capital","Asfalto","S/D","I","S/D","Urbana","S/D","S/D","Intersección","S/D","S/D","Diurna","S/D","S/D","S/D","Colisión","S/D","S/D","S/D","S/D"
2015,823,22/02/2015,"Domingo",0,,,"0.0",2,"Moto/Ciclomotor,Transporte de Pasajeros Urbano (> 8 asientos)","Hipolito Irigoyen Y Rosario",2,1,0,0,1,0,0,,"Calle",,"SANTO TOMÉ","La Capital","Asfalto","No existe","I","S/D","Urbana","Ninguna","No existe","Intersección","Bueno","Buena","Diurna","Buen Tiempo","Frontal","S/D","Colisión","Otro","Faltante","S/D","Sin restricción"
2015,824,26/02/2015,"Jueves",0,23:10:00,,"0.0",2,"Moto/Ciclomotor,Pickup/Utilitario","Av Blas Parera Y Ayacucho",2,1,0,0,1,0,0,,"Avenida",,"SANTA FE","La Capital","Asfalto","No existe","I","Dentro","Urbana","Ninguna","Intermitente","Intersección","Bueno","Buena","Nocturna,Con luz artificial","Buen Tiempo","Lateral","S/D","Colisión","Material Suelto","Horizontal,Vertical","Cordón divisorio","Sin restricción"
2015,825,12/02/2015,"Jueves",0,12:00:00,"Ruta Provincial 1","1.3",2,"Automóvil,Moto/Ciclomotor"," ",2,1,0,0,1,0,0,,"Ruta",1,"COLASTINE","La Capital","Asfalto","S/D","I","S/D","Urbana","Ninguna","S/D","Recta","Bueno","S/D","Diurna","Buen Tiempo","Lateral","S/D","Colisión","Ninguna","Vertical","Línea divisoria pintada","Sin restricción"
2015,826,18/02/2015,"Miercoles",0,19:30:00,,"0.0",2,"Moto/Ciclomotor,Taxi/Remis","Av Facundo Zuviria Y J P Lopez",3,0,0,0,0,0,3,,"S/D",,"SANTA FE","La Capital","S/D","S/D","I","S/D","S/D","S/D","S/D","S/D","S/D","S/D","S/D","S/D","S/D","S/D","S/D","S/D","S/D","S/D","S/D"
2015,827,21/02/2015,"Sabado",0,17:55:00,,"0.0",2,"Moto/Ciclomotor,Automóvil","Mariano Candioti Y Juan Bautista Alberdi",3,2,0,0,1,0,0,,"Calle",,"SANTO TOMÉ","La Capital","Asfalto","Pavimento","I","S/D","Urbana","S/D","Funciona","Intersección","Bueno","Buena","Diurna","Buen Tiempo","Otro","S/D","Colisión","S/D","S/D","S/D","S/D"
2015,828,13/02/2015,"Viernes",0,20:30:00,"Ruta Provincial 1","0.0",2,"Automóvil,Moto/Ciclomotor"," ",2,1,0,0,1,0,0,,"Ruta",1,"COLASTINE","La Capital","Asfalto","S/D","I","S/D","Urbana","Ninguna","S/D","Recta","Bueno","S/D","Nocturna","Buen Tiempo","Lateral","S/D","Colisión","Ninguna","Vertical","S/D","Sin restricción"
2015,829,19/02/2015,"Jueves",0,10:50:00,,"0.0",1,"Bicicleta","Av Facundo Zuviria Y Pedro de Cevallos",1,0,0,0,0,0,1,"-31.603722222222,-60.702666666667","S/D",,"SANTA FE","La Capital","S/D","S/D","I","S/D","S/D","S/D","S/D","S/D","S/D","S/D","S/D","S/D","S/D","S/D","S/D","S/D","S/D","S/D","S/D"
2015,830,12/02/2015,"Jueves",0,20:30:00,"Ruta Provincial 1","2.8",2,"Automóvil,Moto/Ciclomotor"," ",2,1,0,0,1,0,0,,"Ruta",1,"COLASTINE","La Capital","Asfalto","S/D","I","Dentro","Urbana","Semáforo","Funciona","Recta","Bueno","Buena","Nocturna","Buen Tiempo","Lateral","S/D","Colisión","Ninguna","Vertical","Línea divisoria pintada","Sin restricción"
2015,831,23/02/2015,"Lunes",0,20:40:00,,"0.0",1,"Moto/Ciclomotor","Hipolito Irigoyen Y Misiones",2,1,0,0,1,0,0,,"Calle",,"SANTO TOMÉ","La Capital","Asfalto","S/D","I","S/D","Urbana","Ninguna","S/D","Intersección","Con baches","Buena","Nocturna,Con luz artificial","Buen Tiempo","Frontal","S/D","Colisión","S/D","S/D","S/D","Sin restricción"
2015,832,22/02/2015,"Domingo",0,15:00:00,,"0.0",2,"Moto/Ciclomotor,Automóvil","Av Facundo Zuviria Y Pje Quiroga",3,0,0,0,0,0,3,,"S/D",,"SANTA FE","La Capital","S/D","S/D","I","S/D","S/D","S/D","S/D","S/D","S/D","S/D","S/D","S/D","S/D","S/D","S/D","S/D","S/D","S/D","S/D"
2015,833,23/02/2015,"Lunes",0,09:20:00,,"0.0",2,"Otros,Transporte de Pasajeros Urbano (> 8 asientos)","Fray Mamerto Esquiu 2600",3,2,0,0,0,0,1,,"S/D",,"SANTA FE","La Capital","S/D","S/D","I","S/D","S/D","S/D","S/D","S/D","S/D","S/D","S/D","S/D","S/D","S/D","S/D","S/D","S/D","S/D","S/D"
2015,834,13/02/2015,"Viernes",0,11:40:00,,"0.0",2,"Camión,Camión","Av Blas Parera Y Teniente Loza",2,1,0,0,1,0,0,,"Avenida",,"SANTA FE","La Capital","Hormigón","No existe","I","Dentro","Urbana","Semáforo","Funciona","Intersección","Con baches","Buena","Diurna","Buen Tiempo","De alcance","S/D","Colisión","Ninguna","Horizontal,Vertical","Guardarrail","Sin restricción"
2015,835,07/02/2015,"Sabado",0,05:35:00,,"0.0",2,"Automóvil,Automóvil","Dr E Puccio 6052",3,2,0,0,0,0,1,,"Calle",,"MONTE VERA","La Capital","Ripio","No existe","I","Dentro","Urbana","Ninguna","No existe","Recta","Bueno","Buena","Nocturna,Con luz artificial","Buen Tiempo","S/D","S/D","Colisión","Ninguna","S/D","Ninguna","Sin restricción"
2015,836,01/02/2015,"Domingo",0,06:30:00,,"0.0",2,"Automóvil,Peatón","Av Blas Parera 9950",2,1,0,0,1,0,0,"-31.566583333333,-60.730083333333","Calle",,"SANTA FE","La Capital","Asfalto","Natural","I","Dentro","Urbana","Ninguna","No existe","Curva","Bueno","Buena","Amanecer","Buen Tiempo","S/D","S/D","Atropello","Ninguna","Faltante","Ninguna","Sin restricción"
2015,837,17/02/2015,"Martes",0,22:00:00,"Ruta Provincial 2","11.0",2,"Moto/Ciclomotor,Automóvil","AV A DEL VALLE Y RUTA 2",4,3,0,0,1,0,0,,"Ruta",2,"ANGEL GALLARDO","La Capital","Asfalto","Natural","I","Dentro","Urbana","Ninguna","No existe","Intersección","Bueno","Buena","Nocturna,Con luz artificial","Buen Tiempo","Lateral","S/D","Colisión","Ninguna","S/D","Cordón divisorio","Sin restricción"
2015,838,26/02/2015,"Jueves",0,19:30:00,,"0.0",2,"Moto/Ciclomotor,Pickup/Utilitario","Av Peñaloza Y J P Lopez",2,1,0,0,1,0,0,,"Avenida",,"SANTA FE","La Capital","Hormigón","Pavimento","I","Dentro","Urbana","Ninguna","No existe","Intersección","Bueno","Buena","Atardecer,Con luz artificial","Buen Tiempo","Lateral","S/D","Colisión","S/D","Faltante","Cordón divisorio","Sin restricción"
2015,839,03/02/2015,"Martes",0,19:30:00,,"0.0",2,"Moto/Ciclomotor,Automóvil","Av Peñaloza Y J Castelli",2,1,0,0,1,0,0,,"Avenida",,"SANTA FE","La Capital","Hormigón","Pavimento","I","Dentro","Urbana","Semáforo","Funciona","Intersección","Bueno","Buena","Atardecer","Buen Tiempo","Lateral","S/D","Colisión","S/D","Vertical","Cordón divisorio","Sin restricción"
2015,840,02/02/2015,"Lunes",0,08:00:00,,"0.0",2,"Moto/Ciclomotor,Pickup/Utilitario","Azopardo Y Florencio Sanchez",2,1,0,0,1,0,0,,"Calle",,"SANTA FE","La Capital","Hormigón","Natural","I","Dentro","Urbana","Ninguna","No existe","Intersección","Bueno","Buena","Diurna","Buen Tiempo","Lateral","S/D","Colisión","S/D","Faltante","Ninguna","Sin restricción"
2015,841,04/02/2015,"Miercoles",0,18:00:00,,"0.0",1,"Peatón","Pedro Espinosa 5520",2,1,0,0,1,0,0,"-31.565833333333,-60.722111111111","Calle",,"SANTA FE","La Capital","Tierra","No existe","I","Dentro","Urbana","Ninguna","No existe","Recta","Con baches","Buena","Atardecer","Buen Tiempo","S/D","S/D","Atropello","Ninguna","Faltante","Ninguna","Sin restricción"
2015,842,21/02/2015,"Sabado",0,00:50:00,,"0.0",2,"Moto/Ciclomotor,Automóvil","Monseñor Rodriguez Y Av Blas Parera",3,1,1,0,1,0,0,,"Avenida",,"SANTA FE","La Capital","Hormigón","Natural","I","Dentro","Urbana","Semáforo","Intermitente","Intersección","Con baches","Buena","Amanecer","Buen Tiempo","Lateral","S/D","Colisión","Ninguna","Horizontal","Ninguna","Sin restricción"
2015,843,03/02/2015,"Martes",0,05:45:00,,"0.0",2,"Bicicleta,Automóvil","Av Blas Parera Y Boneo",2,1,0,0,1,0,0,"-31.598888888889,-60.722166666667","Avenida",,"SANTA FE","La Capital","Hormigón","Pavimento","I","Dentro","Urbana","Ninguna","No existe","Intersección","Bueno","Buena","Amanecer","Buen Tiempo","S/D","S/D","Atropello","S/D","Vertical","Cordón divisorio","Sin restricción"
2015,844,23/02/2015,"Lunes",0,18:50:00,,"0.0",2,"Moto/Ciclomotor,Moto/Ciclomotor","Rio Negro Y Dr E Puccio",3,3,0,0,0,0,0,,"Calle",,"MONTE VERA","La Capital","Ripio","No existe","I","Dentro","Urbana","Ninguna","No existe","Intersección","Bueno","Buena","Atardecer","Buen Tiempo","Lateral","S/D","Colisión","Ninguna","S/D","Ninguna","Sin restricción"
2015,845,11/02/2015,"Miercoles",0,08:15:00,"Ruta Provincial 1","6.5",2,"Pickup/Utilitario,Moto/Ciclomotor","Ruta Provincial 1 ",2,1,0,0,1,0,0,,"Ruta",1,"SAN JOSÉ DEL RINCÓN","La Capital","Asfalto","Natural","I","Dentro","Urbana","S/D","No existe","Recta","Bueno","Buena","Diurna","Buen Tiempo","S/D","S/D","Colisión","Ninguna","Vertical","Ninguna","Sin restricción"
2015,846,08/02/2015,"Domingo",0,13:30:00,,"0.0",2,"Automóvil,Moto/Ciclomotor","Beruti Y Pje Norte",3,2,0,0,1,0,0,,"Calle",,"SANTA FE","La Capital","Asfalto","No existe","I","S/D","Urbana","Ninguna","No existe","Recta","Bueno","Buena","Diurna","Buen Tiempo","Lateral","S/D","Colisión","Ninguna","Faltante","Ninguna","Sin restricción"
2015,847,01/02/2015,"Domingo",0,07:40:00,,"0.0",2,"Moto/Ciclomotor,Automóvil","Av Blas Parera Y Callejon Aguirre",2,1,0,0,1,0,0,,"Avenida",,"SANTA FE","La Capital","Asfalto","No existe","I","S/D","Urbana","Semáforo","Funciona","Recta","Bueno","Buena","Diurna","Buen Tiempo","S/D","S/D","Colisión","Ninguna","Faltante","Ninguna","Sin restricción"
2015,848,25/02/2015,"Miercoles",0,07:00:00,,"0.0",2,"Taxi/Remis,Moto/Ciclomotor","Martin Zapata Y Pje Quiroga",2,1,0,0,0,0,1,,"S/D",,"SANTA FE","La Capital","S/D","S/D","I","S/D","S/D","S/D","S/D","S/D","S/D","S/D","S/D","S/D","S/D","S/D","S/D","S/D","S/D","S/D","S/D"
2015,849,10/02/2015,"Martes",0,22:00:00,,"0.0",2,"Automóvil,Moto/Ciclomotor","Av Blas Parera Y Callejon Aguirre",2,1,0,0,1,0,0,,"Avenida",,"SANTA FE","La Capital","Asfalto","No existe","I","Dentro","Urbana","Ninguna","No existe","Recta","Bueno","Reducida","Nocturna","Buen Tiempo","De alcance","S/D","Colisión","Ninguna","Faltante","Ninguna","Sin restricción"
2015,850,01/01/2015,"Jueves",0,04:40:00,"Ruta Provincial 70","25.0",2,"Automóvil,Automóvil"," ",10,4,0,0,6,0,0,,"Ruta",70,"ESPERANZA","Las Colonias","Asfalto","Natural","XI","S/D","Rural","Ninguna","No existe","Recta","Bueno","Buena","Nocturna","Buen Tiempo","S/D","S/D","Colisión","Ninguna","S/D","Línea divisoria pintada","Sin restricción"
2015,851,28/02/2015,"Sabado",0,09:00:00,,"0.0",2,"Moto/Ciclomotor,Automóvil","Candioti Y R de Castro",2,1,0,0,1,0,0,,"Calle",,"SANTA FE","La Capital","S/D","S/D","I","S/D","Urbana","S/D","S/D","Intersección","S/D","S/D","Diurna","S/D","Lateral","S/D","Colisión","S/D","S/D","S/D","S/D"
2015,852,23/02/2015,"Lunes",0,19:50:00,,"0.0",2,"Moto/Ciclomotor,Automóvil","Av Leandro Alem Y Sarmiento",3,2,0,0,1,0,0,,"Calle",,"SANTA FE","La Capital","S/D","S/D","I","S/D","Urbana","S/D","S/D","Intersección","S/D","S/D","Atardecer","S/D","Lateral","S/D","Colisión","S/D","S/D","S/D","S/D"
2015,853,01/02/2015,"Domingo",0,22:55:00,"Ruta Provincial 1","8.0",4,"Automóvil,Automóvil,Pickup/Utilitario,Automóvil"," ",7,3,0,0,4,0,0,,"Ruta",1,"RINCÓN POTRERO","La Capital","Asfalto","Natural","I","Dentro","Urbana","Ninguna","No existe","Recta","Bueno","Reducida","Nocturna","Buen Tiempo","De alcance,Múltiple","S/D","Colisión","Ninguna","Faltante","Línea divisoria pintada","Sin restricción"
2015,854,18/02/2015,"Miercoles",0,17:40:00,,"0.0",2,"Automóvil,Automóvil","Guemes Y Luciano Molinas",3,1,0,0,2,0,0,,"Calle",,"SANTA FE","La Capital","S/D","S/D","I","S/D","Urbana","S/D","S/D","Intersección","S/D","S/D","Diurna","S/D","Lateral","S/D","Colisión","S/D","S/D","S/D","S/D"
2015,855,25/02/2015,"Miercoles",0,00:55:00,,"0.0",2,"Moto/Ciclomotor,Automóvil","Av Peñaloza Y Llerena",2,0,0,0,0,0,2,,"S/D",,"SANTA FE","La Capital","S/D","S/D","I","S/D","S/D","S/D","S/D","S/D","S/D","S/D","S/D","S/D","S/D","S/D","S/D","S/D","S/D","S/D","S/D"
2015,856,12/02/2015,"Jueves",0,14:45:00,,"0.0",2,"Moto/Ciclomotor,Moto/Ciclomotor","Lavalle Y Pedro Ferre",2,1,0,0,1,0,0,,"Calle",,"SANTA FE","La Capital","S/D","No existe","I","S/D","Urbana","S/D","S/D","Intersección","S/D","S/D","Diurna","S/D","Lateral","S/D","Colisión","S/D","S/D","S/D","S/D"
2015,857,12/02/2015,"Jueves",0,15:30:00,,"0.0",1,"Moto/Ciclomotor","Guemes 4346",1,1,0,0,0,0,0,,"Calle",,"SANTA FE","La Capital","S/D","No existe","I","S/D","Urbana","S/D","S/D","Recta","S/D","S/D","Diurna","S/D","Atropello animal","S/D","Colisión","S/D","S/D","S/D","S/D"
2015,858,19/02/2015,"Jueves",0,07:30:00,,"0.0",2,"Moto/Ciclomotor,Automóvil","ROTONDA COSTANERA ",3,2,0,0,1,0,0,,"Calle",,"SANTA FE","La Capital","Asfalto","No existe","I","S/D","Urbana","S/D","S/D","Rotonda","S/D","S/D","Diurna","S/D","Lateral","S/D","Colisión","S/D","S/D","S/D","S/D"
2015,859,01/02/2015,"Domingo",0,14:25:00,,"0.0",2,"Automóvil,Moto/Ciclomotor","Av Facundo Zuviria 5300",2,1,0,0,0,0,1,,"Avenida",,"SANTA FE","La Capital","S/D","S/D","I","S/D","S/D","S/D","S/D","S/D","S/D","S/D","S/D","S/D","S/D","S/D","S/D","S/D","S/D","S/D","S/D"
2015,860,05/02/2015,"Jueves",0,09:50:00,,"0.0",2,"Moto/Ciclomotor,Automóvil"," ",3,0,0,0,0,0,3,,"S/D",,"SANTA FE","La Capital","S/D","S/D","I","S/D","S/D","S/D","S/D","S/D","S/D","S/D","S/D","S/D","S/D","S/D","S/D","S/D","S/D","S/D","S/D"
2015,861,07/02/2015,"Sabado",0,15:10:00,,"0.0",2,"Moto/Ciclomotor,Automóvil","Hernandarias Y Gdor Freyre",2,0,0,0,0,0,2,,"S/D",,"SANTA FE","La Capital","S/D","S/D","I","S/D","S/D","S/D","S/D","S/D","S/D","S/D","S/D","S/D","S/D","S/D","S/D","S/D","S/D","S/D","S/D"
2015,862,09/02/2015,"Lunes",0,16:45:00,,"0.0",2,"Automóvil,Bicicleta","J Castelli Y Gdor Freyre",2,1,0,0,0,0,1,"-31.603833333333,-60.706472222222","Calle",,"SANTA FE","La Capital","S/D","S/D","I","S/D","S/D","S/D","S/D","S/D","S/D","S/D","S/D","S/D","S/D","S/D","Atropello","S/D","S/D","S/D","S/D"
2015,863,17/02/2015,"Martes",0,13:00:00,,"0.0",2,"Moto/Ciclomotor,Automóvil","Saavedra Y Martin Zapata",3,0,0,0,0,0,3,,"S/D",,"SANTA FE","La Capital","S/D","S/D","I","S/D","S/D","S/D","S/D","S/D","S/D","S/D","S/D","S/D","S/D","S/D","S/D","S/D","S/D","S/D","S/D"
2015,864,21/02/2015,"Sabado",0,09:00:00,,"0.0",2,"Automóvil,Moto/Ciclomotor","Av Blas Parera Y Beruti",2,1,0,0,1,0,0,,"Calle",,"SANTA FE","La Capital","Asfalto","No existe","I","S/D","Urbana","Ninguna","No existe","Intersección","Bueno","Buena","Diurna","Buen Tiempo","De alcance","S/D","Colisión","Ninguna","Faltante","Ninguna","Sin restricción"
2015,865,10/01/2015,"Sabado",0,11:30:00,,"0.0",2,"Automóvil,Moto/Ciclomotor","Eva Peron Y 9 de Julio",2,1,0,0,1,0,0,,"Calle",,"FRAY LUIS BELTRÁN","San Lorenzo","Ripio","No existe","XVII","Dentro","Urbana","Ninguna","No existe","Intersección","Bueno","Buena","Diurna","Buen Tiempo","Lateral","S/D","Colisión","S/D","Faltante","S/D","Sin restricción"
2015,866,10/01/2015,"Sabado",0,12:20:00,,"0.0",2,"Moto/Ciclomotor,Pickup/Utilitario","General Guemes Y Belgrano",2,1,0,0,1,0,0,,"Calle",,"VILLA OCAMPO","General Obligado","Hormigón","Pavimento","IX","Dentro","Urbana","Ninguna","No existe","Intersección","Bueno","Buena","Diurna","Buen Tiempo","Frontal","S/D","Colisión","Otro","Faltante","Ninguna","Sin restricción"
2015,868,07/01/2015,"Miercoles",0,16:00:00,,"0.0",2,"Pickup/Utilitario,Moto/Ciclomotor","Las Heras Y Av Gral Lopez",2,1,0,0,1,0,0,,"Avenida",,"CAPITÁN BERMÚDEZ","San Lorenzo","Asfalto","No existe","XVII","Dentro","Urbana","S/D","No existe","Intersección","Bueno","Buena","Diurna","Buen Tiempo","Frontal","S/D","Colisión","S/D","Faltante","Ninguna","S/D"
2015,870,07/01/2015,"Miercoles",0,20:40:00,,"0.0",2,"Moto/Ciclomotor,Moto/Ciclomotor","Moreno Y Monteagudo",2,2,0,0,0,0,0,,"Calle",,"FRAY LUIS BELTRÁN","San Lorenzo","Asfalto","No existe","XVII","Dentro","Urbana","Ninguna","No existe","Intersección","Bueno","Buena","Nocturna","Buen Tiempo","Lateral","S/D","Colisión","S/D","Faltante","Ninguna","Sin restricción"
2015,871,28/02/2015,"Sabado",0,13:30:00,,"0.0",2,"Moto/Ciclomotor,Automóvil","General Lopez Y Artigas",2,1,0,0,1,0,0,,"Calle",,"SAN LORENZO","San Lorenzo","S/D","S/D","XVII","Dentro","Urbana","S/D","S/D","S/D","S/D","S/D","Diurna","S/D","S/D","S/D","Colisión","S/D","S/D","S/D","S/D"
2015,874,24/01/2015,"Sabado",0,13:30:00,,"0.0",2,"Automóvil,Bicicleta","General Guemes Y Belgrano",2,1,0,0,1,0,0,,"Calle",,"VILLA OCAMPO","General Obligado","Hormigón","Pavimento","IX","Dentro","Urbana","Ninguna","No existe","Recta","Bueno","Buena","Diurna","Buen Tiempo","S/D","S/D","Atropello","Otro","Faltante","Ninguna","Sin restricción"
2015,875,02/01/2015,"Viernes",0,12:45:00,,"0.0",2,"Moto/Ciclomotor,Automóvil","Belgrano ",2,1,0,0,1,0,0,,"Calle",,"PUERTO SAN MARTÍN","San Lorenzo","Asfalto","No existe","XVII","Dentro","Urbana","S/D","No existe","Recta","Bueno","Buena","Diurna","Buen Tiempo","De alcance","S/D","Colisión","Ninguna","Horizontal","Ninguna","Sin restricción"
2015,876,01/02/2015,"Domingo",0,11:50:00,,"0.0",2,"Automóvil,Pickup/Utilitario","Independencia Y Santa Fe",2,1,0,0,1,0,0,,"Calle",,"ROLDÁN","San Lorenzo","Hormigón","No existe","XVII","Dentro","Urbana","Ninguna","No existe","Intersección","Bueno","Buena","Diurna","Buen Tiempo","Lateral","S/D","Colisión","S/D","Vertical","Ninguna","Sin restricción"
2015,877,12/02/2015,"Jueves",0,07:20:00,,"0.0",2,"Transporte de Pasajeros Urbano (> 8 asientos),Moto/Ciclomotor","Falucho Y Av San Martin",2,1,0,0,1,0,0,,"Calle",,"FRAY LUIS BELTRÁN","San Lorenzo","Asfalto","Ripio","XVII","Dentro","Urbana","Ninguna","No existe","Intersección","Bueno","Buena","Diurna","Buen Tiempo","Frontal","S/D","Colisión","S/D","Faltante","Ninguna","Sin restricción"
2015,879,15/01/2015,"Jueves",0,21:20:00,,"0.0",2,"Moto/Ciclomotor,Moto/Ciclomotor","Sgto Cabral Y Buenos Aires",3,3,0,0,0,0,0,,"Calle",,"PUERTO SAN MARTÍN","San Lorenzo","Asfalto","No existe","XVII","Dentro","Urbana","Ninguna","No existe","Intersección","Bueno","Buena","Nocturna","Buen Tiempo","Lateral","S/D","Colisión","Ninguna","Horizontal","Ninguna","Sin restricción"
2015,880,27/01/2015,"Martes",0,15:00:00,,"0.0",2,"Moto/Ciclomotor,Pickup/Utilitario","Rivadavia 1900",2,1,0,0,1,0,0,,"Calle",,"PUERTO SAN MARTÍN","San Lorenzo","Asfalto","No existe","XVII","Dentro","Urbana","Ninguna","No existe","Recta","Bueno","Buena","Diurna","Buen Tiempo","Contra objeto fijo","S/D","Colisión","S/D","Horizontal","Ninguna","Sin restricción"
2015,881,07/02/2015,"Sabado",0,13:00:00,,"0.0",2,"Moto/Ciclomotor,Automóvil","Corrientes Y Rivadavia",2,0,1,0,1,0,0,,"Calle",,"ROLDÁN","San Lorenzo","Hormigón","No existe","XVII","Dentro","Urbana","Ninguna","No existe","Intersección","Bueno","Buena","Diurna","Buen Tiempo","Lateral","S/D","Colisión","S/D","Vertical","Ninguna","Sin restricción"
2015,882,07/01/2015,"Miercoles",0,15:10:00,,"0.0",2,"Moto/Ciclomotor,Automóvil","J V Gonzalez Y Eva Peron",2,1,0,0,1,0,0,,"Avenida",,"CAPITÁN BERMÚDEZ","San Lorenzo","Asfalto","S/D","XVII","Dentro","Urbana","S/D","No existe","Intersección","Bueno","Buena","Diurna","Buen Tiempo","Frontal","S/D","Colisión","S/D","S/D","S/D","S/D"
2015,883,18/01/2015,"Domingo",0,20:40:00,"Ruta Provincial 32","0.0",2,"Bicicleta,Moto/Ciclomotor"," ",2,2,0,0,0,0,0,,"Ruta",32,"VILLA ADELA","General Obligado","Asfalto","Pavimento","IX","S/D","S/D","Ninguna","No existe","Recta","Bueno","Reducida","Nocturna","Buen Tiempo","S/D","S/D","Atropello","Otro","Faltante","Ninguna","Sin restricción"
2015,884,12/01/2015,"Lunes",0,18:50:00,,"0.0",2,"Moto/Ciclomotor,Automóvil","Cordoba Y Reconquista",2,1,0,0,1,0,0,,"Calle",,"PUERTO SAN MARTÍN","San Lorenzo","Asfalto","No existe","XVII","Dentro","Urbana","Ninguna","No existe","Intersección","Bueno","Buena","Atardecer","Buen Tiempo","Lateral","S/D","Colisión","Ninguna","Horizontal","Ninguna","Sin restricción"
2015,885,25/01/2015,"Domingo",0,13:05:00,,"0.0",2,"Moto/Ciclomotor,Automóvil","Cordoba Y Pte Hipolito Irigoyen",2,1,0,0,1,0,0,,"Avenida",,"PUERTO SAN MARTÍN","San Lorenzo","Asfalto","No existe","XVII","Dentro","Urbana","Ninguna","No existe","Intersección","Bueno","Buena","Diurna","Buen Tiempo","Lateral","S/D","Colisión","Ninguna","Horizontal","Ninguna","Sin restricción"
2015,886,11/02/2015,"Miercoles",0,11:00:00,,"0.0",2,"Pickup/Utilitario,Moto/Ciclomotor","Moreno Y Monteagudo",2,1,0,0,1,0,0,,"Calle",,"FRAY LUIS BELTRÁN","San Lorenzo","Ripio","No existe","XVII","Dentro","Urbana","Ninguna","No existe","Intersección","Resbaladiza","Buena","Diurna","Buen Tiempo","Lateral","S/D","Colisión","S/D","S/D","Ninguna","Sin restricción"
2015,887,06/01/2015,"Martes",0,14:30:00,,"0.0",2,"Peatón,Automóvil","Mendoza Y 25 de Mayo",3,1,0,0,2,0,0,,"Calle",,"PUERTO SAN MARTÍN","San Lorenzo","Asfalto","No existe","XVII","Dentro","Urbana","Ninguna","No existe","Intersección","Bueno","Buena","Diurna","Buen Tiempo","S/D","S/D","Atropello","Ninguna","Horizontal","Ninguna","Sin restricción"
2015,888,14/02/2015,"Sabado",0,20:30:00,,"0.0",2,"Moto/Ciclomotor,Automóvil","Galvez Y Independencia",3,1,1,0,1,0,0,,"Calle",,"ROLDÁN","San Lorenzo","Tierra","No existe","XVII","Dentro","Urbana","Ninguna","No existe","Intersección","Resbaladiza","Reducida","Nocturna","Buen Tiempo","Lateral","S/D","Colisión","S/D","Vertical","Ninguna","Sin restricción"
2015,889,06/01/2015,"Martes",0,12:20:00,,"0.0",1,,"Rioja Y Piton",2,1,0,0,1,0,0,,"Calle",,"PUERTO SAN MARTÍN","San Lorenzo","Asfalto","No existe","XVII","Dentro","Urbana","Ninguna","No existe","Intersección","Bueno","Buena","Diurna","Buen Tiempo","Lateral","S/D","Colisión","Ninguna","Horizontal","Ninguna","Sin restricción"
2015,890,06/01/2015,"Martes",0,12:20:00,,"0.0",2,"Moto/Ciclomotor,Automóvil","Rioja Y Piton",2,1,0,0,1,0,0,,"Calle",,"PUERTO SAN MARTÍN","San Lorenzo","Asfalto","No existe","XVII","Dentro","Urbana","Ninguna","No existe","Intersección","Bueno","Buena","Diurna","Buen Tiempo","Lateral","S/D","Colisión","Ninguna","Horizontal","Ninguna","Sin restricción"
2015,891,28/02/2015,"Sabado",0,11:00:00,"Ruta Provincial 1","72.0",1,"Moto/Ciclomotor"," ",1,1,0,0,0,0,0,,"Ruta",1,"CAYASTA","Garay","Asfalto","Natural","VII","Dentro","Urbana","Ninguna","No existe","Recta","Bueno","Buena","Nocturna","Buen Tiempo","Atropello animal","S/D","Colisión","Otro","Faltante","Ninguna","Sin restricción"
2015,893,17/01/2015,"Sabado",0,16:00:00,,"0.0",2,"Moto/Ciclomotor,Automóvil","Cordoba Y L N Alem",2,1,0,0,1,0,0,,"Calle",,"PUERTO SAN MARTÍN","San Lorenzo","Asfalto","No existe","XVII","Dentro","Urbana","Ninguna","No existe","Intersección","Bueno","Buena","Diurna","Buen Tiempo","Lateral","S/D","Colisión","Ninguna","Horizontal","Ninguna","Sin restricción"