"anio_acci","nro_acci","fecha","desc_dia","fecha_aprox","hora_aprox","desc_ruta","km","cant_participantes","desc_participante","calle_avenida_km","total","heridos_leves","heridos_graves","heridos_gravisimos","ilesos","fallecidos","sin_datos","posicion_XY","desc_tipo_via","desc_ruta_ori","desc_loc","desc_dpto","desc_tipo_calzada","desc_tipo_banquina","desc_unidad_regional","desc_lugar_calzada","desc_zona","desc_prioridad","desc_estado_semaforo","desc_lugar_via","desc_estado_via","desc_estado_visibilidad","desc_luminosidad","desc_estado_clima","desc_tipo_colision","desc_tipo_atropello","desc_tipo_hecho","desc_pres_calzada","desc_senializacion","desc_separacion_via","desc_restriccion"
2015,894,24/02/2015,"Martes",0,08:30:00,,"0.0",2,"Moto/Ciclomotor,Automóvil","Bv San Martin Y Rivadavia",2,0,1,0,1,0,0,,"Calle",,"ROLDÁN","San Lorenzo","Hormigón","No existe","XVII","Dentro","Urbana","Ninguna","No existe","Intersección","Bueno","Buena","Diurna","Buen Tiempo","Lateral","S/D","Colisión","S/D","Vertical","Ninguna","Sin restricción"
2015,895,24/01/2015,"Sabado",0,10:20:00,,"0.0",2,"Automóvil,Moto/Ciclomotor","Bv Sarmiento Y Fray Luis Beltran",2,1,0,0,1,0,0,,"Calle",,"VILLA OCAMPO","General Obligado","Hormigón","Pavimento","IX","Dentro","Urbana","Otra Señal","No existe","Cruce","Bueno","Buena","Diurna","Buen Tiempo","Lateral","S/D","Colisión","Otro","Vertical","Vegetación","Sin restricción"
2015,896,02/01/2015,"Viernes",0,11:20:00,"Autopista Provincial Brigadier E.López","22.0",1,"Automóvil"," ",3,1,0,0,2,0,0,,"Autopista","Brigadier E.López","PUERTO SAN MARTÍN","San Lorenzo","Asfalto","Natural","XVII","Dentro","Rural","Ninguna","No existe","Recta","Bueno","Buena","Diurna","Buen Tiempo","S/D","S/D","Atropello","Ninguna","S/D","Ninguna","Sin restricción"
2015,897,02/02/2015,"Lunes",0,02:30:00,,"0.0",2,"Cuatriciclo,Automóvil","Buenos Aires Y Primera Junta",4,4,0,0,0,0,0,,"Calle",,"SANTA ROSA DE CALCHINES","Garay","Asfalto","No existe","VII","Dentro","Urbana","Ninguna","No existe","Intersección","Bueno","Buena","Nocturna","Buen Tiempo","Frontal,Lateral","S/D","Colisión","S/D","Faltante","Ninguna","Sin restricción"
2015,898,01/01/2015,"Jueves",1,17:45:00,,"0.0",2,"Moto/Ciclomotor,Automóvil","Cordoba Y Rioja",2,1,0,0,1,0,0,,"Calle",,"PUERTO SAN MARTÍN","San Lorenzo","Asfalto","No existe","XVII","Dentro","Urbana","Ninguna","No existe","Intersección","Bueno","Buena","Diurna","Buen Tiempo","De alcance","S/D","Colisión","Ninguna","Horizontal","Ninguna","Sin restricción"
2015,899,08/01/2015,"Jueves",0,15:00:00,,"0.0",2,"Automóvil,Moto/Ciclomotor","Belgrano Y Entre Rios",2,0,1,0,1,0,0,,"Calle",,"ROLDÁN","San Lorenzo","Hormigón","No existe","XVII","Dentro","Urbana","Ninguna","No existe","Intersección","Deteriorada","Buena","Diurna","Buen Tiempo","Lateral","S/D","Colisión","S/D","Vertical","Ninguna","Sin restricción"
2015,900,28/02/2015,"Sabado",0,11:40:00,,"0.0",2,"Automóvil,Moto/Ciclomotor","Bv Estanislao Lopez Y Fleming",2,0,1,0,1,0,0,,"Calle",,"ROLDÁN","San Lorenzo","Hormigón","S/D","XVII","Dentro","Urbana","Ninguna","No existe","Intersección","Bueno","Buena","Diurna","Buen Tiempo","Lateral","S/D","Colisión","S/D","Vertical","Ninguna","Sin restricción"
2015,901,16/01/2015,"Viernes",0,13:20:00,,"0.0",2,"Pickup/Utilitario,Moto/Ciclomotor","Rivadavia 1800",2,1,0,0,1,0,0,,"Calle",,"PUERTO SAN MARTÍN","San Lorenzo","Asfalto","No existe","XVII","Dentro","Urbana","Ninguna","No existe","Recta","Bueno","Buena","Diurna","Buen Tiempo","De alcance","S/D","Colisión","Ninguna","Horizontal","Ninguna","Sin restricción"
2015,902,26/02/2015,"Jueves",0,16:30:00,,"0.0",2,"Automóvil,Moto/Ciclomotor","Dr Alvarez Y Santa Fe",3,0,1,0,2,0,0,,"Calle",,"CHAÑAR LADEADO","Caseros","Asfalto","No existe","IV","Dentro","Urbana","Ninguna","No existe","Intersección","Bueno","Buena","Diurna","Buen Tiempo","Frontal","S/D","Colisión","S/D","Vertical","Ninguna","Sin restricción"
2015,903,07/01/2015,"Miercoles",0,20:35:00,,"0.0",2,"Automóvil,Bicicleta","Calle 15-Pcio. Diez Y Calle 10-Ludue±a",2,1,0,0,1,0,0,,"Calle",,"RECONQUISTA","General Obligado","Asfalto","No existe","IX","Dentro","Urbana","Ninguna","No existe","Intersección","Bueno","Reducida","Nocturna","Buen Tiempo","S/D","S/D","Atropello","Ninguna","Faltante","Ninguna","Sin restricción"
2015,904,07/01/2015,"Miercoles",0,16:30:00,"Ruta Nacional 33","0.0",2,"Moto/Ciclomotor,Camión","Bv Raul Rodriguez 131",2,1,0,0,1,0,0,,"Ruta",33,"PUJATO","San Lorenzo","Ripio","Natural","XVII","Dentro","Urbana","Ninguna","No existe","Recta","Bueno","Buena","Diurna","Buen Tiempo","De alcance","S/D","Colisión","Ninguna","Faltante","Ninguna","Sin restricción"
2015,905,21/01/2015,"Miercoles",0,13:55:00,,"0.0",2,"Automóvil,Moto/Ciclomotor","Uspallata Y Onas",2,1,0,0,1,0,0,,"Calle",,"ROLDÁN","San Lorenzo","Tierra","No existe","XVII","Dentro","Urbana","Ninguna","No existe","Intersección","Bueno","Buena","Diurna","Buen Tiempo","Lateral","S/D","Colisión","S/D","Faltante","S/D","Sin restricción"
2015,906,31/01/2015,"Sabado",0,09:30:00,,"0.0",1,"Moto/Ciclomotor","Avenida Carlos Pellegrini Y Avenida Las Colonias",2,2,0,0,0,0,0,,"Avenida",,"SAN JOSÉ DE LA ESQUINA","Caseros","Asfalto","No existe","IV","Dentro","Urbana","Ninguna","No existe","Intersección","Bueno","Buena","Diurna","Buen Tiempo","S/D","S/D","Vuelco","Ninguna","Horizontal,Vertical","Cordón divisorio,Vegetación","Sin restricción"
2015,907,03/02/2015,"Martes",0,11:20:00,,"0.0",1,"Moto/Ciclomotor","Avenida Colon Y Sarmiento",2,0,1,0,1,0,0,,"Avenida",,"SAN JOSÉ DE LA ESQUINA","Caseros","Asfalto","No existe","IV","Dentro","Urbana","Señal Pare","No existe","Intersección","Bueno","Buena","Diurna","Buen Tiempo","S/D","S/D","Caída ocupante","Ninguna","Horizontal,Vertical","Vegetación","Sin restricción"
2015,908,24/01/2015,"Sabado",0,01:25:00,"Autopista Nacional Rosario -Cordoba","316.0",2,"Automóvil,Automóvil"," ",3,1,0,0,2,0,0,,"Autopista","Rosario -Cordoba","ROLDÁN","San Lorenzo","Asfalto","Natural","XVII","Dentro","Rural","Ninguna","No existe","Recta","Bueno","Reducida","Nocturna","Buen Tiempo","De alcance","S/D","Colisión","S/D","Vertical","Ninguna","Sin restricción"
2015,909,04/02/2015,"Miercoles",0,11:30:00,,"0.0",2,"Moto/Ciclomotor,Bicicleta","Jujuy Y San Luis",2,1,0,0,1,0,0,,"Calle",,"PUERTO SAN MARTÍN","San Lorenzo","Asfalto","Pavimento","XVII","Dentro","Urbana","Ninguna","No existe","Intersección","Bueno","Buena","Diurna","Buen Tiempo","De alcance","S/D","Atropello","S/D","Faltante","Ninguna","Sin restricción"
2015,910,03/02/2015,"Martes",0,15:50:00,"Ruta Nacional A012","0.0",2,"Automóvil,Moto/Ciclomotor"," ",2,1,0,0,1,0,0,,"Ruta","A012","SAN LORENZO","San Lorenzo","S/D","S/D","XVII","S/D","S/D","S/D","S/D","S/D","S/D","S/D","Diurna","S/D","S/D","S/D","Colisión","S/D","S/D","S/D","S/D"
2015,911,29/01/2015,"Jueves",0,17:15:00,,"0.0",2,"Moto/Ciclomotor,Camión","Calle 21-Gdor. iriondo Y Calle 12 San Martin",4,2,0,0,2,0,0,,"Calle",,"RECONQUISTA","General Obligado","Asfalto","No existe","IX","Dentro","Urbana","Otra Señal","No existe","Intersección","Bueno","S/D","Atardecer","Buen Tiempo","De alcance","S/D","Colisión","Ninguna","S/D","Ninguna","Sin restricción"
2015,912,21/01/2015,"Miercoles",0,19:10:00,,"0.0",2,"Automóvil,Moto/Ciclomotor","Centenario Y Pirrozzi",2,2,0,0,0,0,0,,"Calle",,"CAPITÁN BERMÚDEZ","San Lorenzo","Asfalto","Natural","XVII","Dentro","Urbana","S/D","No existe","Intersección","Bueno","Buena","Nocturna","Buen Tiempo","Frontal","S/D","Colisión","S/D","S/D","S/D","Sin restricción"
2015,914,04/02/2015,"Miercoles",0,,,"0.0",2,"Automóvil,Moto/Ciclomotor","General Lopez Y Rivadavia",3,2,0,0,1,0,0,,"S/D",,"SAN LORENZO","San Lorenzo","S/D","S/D","XVII","S/D","S/D","S/D","S/D","S/D","S/D","S/D","S/D","S/D","S/D","S/D","Colisión","S/D","S/D","S/D","S/D"
2015,915,29/01/2015,"Jueves",0,00:30:00,,"0.0",2,"Automóvil,Automóvil","9 de Julio Y Av San Martin",4,2,0,0,2,0,0,,"Calle",,"CHAÑAR LADEADO","Caseros","Asfalto","No existe","IV","Dentro","Urbana","Ninguna","No existe","Intersección","Bueno","Buena","Nocturna,Con luz artificial","Buen Tiempo","Frontal","S/D","Colisión","Ninguna","Vertical","Ninguna","Sin restricción"
2015,917,23/01/2015,"Viernes",0,20:00:00,"Ruta Nacional 11","0.0",2,"Automóvil,Moto/Ciclomotor","Av San Lorenzo Y Tucuman",2,0,1,0,1,0,0,,"Ruta",11,"CAPITÁN BERMÚDEZ","San Lorenzo","Asfalto","S/D","XVII","Dentro","Urbana","S/D","S/D","Intersección","Bueno","Buena","Nocturna","Buen Tiempo","Frontal","S/D","Colisión","S/D","S/D","S/D","S/D"
2015,918,24/02/2015,"Martes",0,19:30:00,,"0.0",2,"Automóvil,Moto/Ciclomotor","Las Heras Y M Moreno",2,1,0,0,1,0,0,,"Calle",,"CAPITÁN BERMÚDEZ","San Lorenzo","S/D","Pavimento","XVII","Dentro","Urbana","S/D","S/D","Intersección","Bueno","Buena","Atardecer","Buen Tiempo","Frontal","S/D","Colisión","Otro","S/D","S/D","S/D"
2015,920,17/02/2015,"Martes",0,22:30:00,"Ruta Nacional 11","0.0",2,"Automóvil,Moto/Ciclomotor","Av San Lorenzo Y Juan de Garay",2,1,0,0,1,0,0,,"Ruta",11,"CAPITÁN BERMÚDEZ","San Lorenzo","Asfalto","No existe","XVII","Dentro","Urbana","S/D","S/D","Intersección","Bueno","Buena","Nocturna","Buen Tiempo","Frontal","S/D","Colisión","S/D","S/D","S/D","Sin restricción"
2015,921,18/02/2015,"Miercoles",0,18:10:00,,"0.0",2,"Moto/Ciclomotor,Automóvil","Rondeau Y Velez Sarfield",3,0,2,0,1,0,0,,"Calle",,"SAN JOSÉ DE LA ESQUINA","Caseros","Asfalto","No existe","IV","Dentro","Urbana","Ninguna","No existe","Intersección","Bueno","Buena","Diurna","Buen Tiempo","Lateral","S/D","Colisión","Ninguna","Horizontal,Vertical","Ninguna","Sin restricción"
2015,922,04/02/2015,"Miercoles",0,22:40:00,,"0.0",2,"Automóvil,Moto/Ciclomotor","Richieri Y Dorrego",3,1,1,0,1,0,0,,"Calle",,"SAN LORENZO","San Lorenzo","S/D","S/D","XVII","S/D","Urbana","S/D","S/D","S/D","S/D","S/D","Nocturna","S/D","S/D","S/D","Colisión","S/D","S/D","S/D","S/D"
2015,923,21/01/2015,"Miercoles",0,15:50:00,"Autopista Nacional Rosario -Cordoba","0.0",2,"Automóvil,Automóvil"," ",7,2,0,0,5,0,0,,"Autopista","Rosario -Cordoba","SAN JERÓNIMO SUR","San Lorenzo","Asfalto","Natural","XVII","Dentro","Rural","Ninguna","No existe","Recta","Con baches","Buena","Diurna","Buen Tiempo","Lateral","S/D","Colisión","S/D","Faltante","Línea divisoria pintada","Sin restricción"
2015,924,28/02/2015,"Sabado",0,10:35:00,,"0.0",2,"Moto/Ciclomotor,Automóvil","Dorrego Y Artigas",2,1,0,0,1,0,0,,"S/D",,"SAN LORENZO","San Lorenzo","S/D","S/D","XVII","S/D","S/D","S/D","S/D","S/D","S/D","S/D","Diurna","S/D","S/D","S/D","Colisión","S/D","S/D","S/D","S/D"
2015,925,04/01/2015,"Domingo",0,09:48:00,,"0.0",1,"Moto/Ciclomotor","Madrid 441",2,2,0,0,0,0,0,,"Calle",,"CHAÑAR LADEADO","Caseros","Asfalto","No existe","IV","Dentro","Urbana","Ninguna","No existe","Recta","Bueno","S/D","Diurna","Buen Tiempo","Contra objeto fijo","S/D","Colisión","S/D","Vertical","Ninguna","Sin restricción"
2015,926,13/02/2015,"Viernes",0,11:30:00,,"0.0",2,"Pickup/Utilitario,Moto/Ciclomotor"," ",2,1,0,0,1,0,0,,"Calle",,"PUERTO SAN MARTÍN","San Lorenzo","Asfalto","Pavimento","XVII","Dentro","Urbana","Policía de tránsito","No existe","Intersección","Bueno","Buena","Diurna","Buen Tiempo","De alcance","S/D","Colisión","S/D","Faltante","Ninguna","Sin restricción"
2015,927,20/01/2015,"Martes",0,22:00:00,"Autopista Nacional Rosario -Cordoba","323.0",1,"Automóvil"," ",1,1,0,0,0,0,0,,"Autopista","Rosario -Cordoba","SAN JERÓNIMO SUR","San Lorenzo","Hormigón","Natural","XVII","Fuera","Rural","Ninguna","No existe","Recta","Con baches","Buena","Nocturna","Buen Tiempo","Otro","S/D","Despiste","S/D","Faltante","Línea divisoria pintada","Sin restricción"
2015,928,15/02/2015,"Domingo",0,00:20:00,,"0.0",2,"Moto/Ciclomotor,Automóvil","R Rodriguez Y Tucuman",2,1,0,0,1,0,0,,"Calle",,"PUERTO SAN MARTÍN","San Lorenzo","Asfalto","S/D","XVII","Dentro","Urbana","Ninguna","No existe","Intersección","Bueno","Buena","Nocturna","Buen Tiempo","De alcance","S/D","Colisión","S/D","Faltante","Ninguna","Sin restricción"
2015,929,20/01/2015,"Martes",0,20:30:00,"Autopista Nacional Rosario -Cordoba","325.0",1,"Automóvil"," ",1,1,0,0,0,0,0,,"Autopista","Rosario -Cordoba","SAN JERÓNIMO SUR","San Lorenzo","Asfalto","Natural","XVII","Fuera","Rural","Ninguna","No existe","Curva","Con baches","Buena","Atardecer","Buen Tiempo","Múltiple","S/D","Vuelco","S/D","Faltante","Línea divisoria pintada","Sin restricción"
2015,930,18/02/2015,"Miercoles",0,11:30:00,,"0.0",2,"Transporte de Pasajeros Larga Distancia (> 8 asientos),Camión","Cordoba Y Pte Hipolito Irigoyen",4,2,0,0,2,0,0,,"Calle",,"PUERTO SAN MARTÍN","San Lorenzo","Asfalto","Pavimento","XVII","Dentro","Urbana","Ninguna","No existe","Intersección","Bueno","Buena","Diurna","S/D","De alcance","S/D","Colisión","S/D","Faltante","Ninguna","Sin restricción"
2015,931,11/01/2015,"Domingo",0,21:05:00,"Ruta Nacional 178","81.5",2,"Automóvil,Moto/Ciclomotor","Ruta Nac 178 ",5,2,0,0,3,0,0,,"Ruta",178,"BIGAND","Caseros","Asfalto","Natural","IV","Dentro","Rural","S/D","No existe","Recta","Bueno","Buena","Nocturna","Buen Tiempo","S/D","S/D","Colisión","S/D","Vertical","Línea divisoria pintada","S/D"
2015,932,12/02/2015,"Jueves",0,13:00:00,,"0.0",2,"Moto/Ciclomotor,Camión","Urquiza Y Terzaghi",3,2,0,0,1,0,0,,"Calle",,"SAN LORENZO","San Lorenzo","S/D","No existe","XVII","S/D","Urbana","S/D","S/D","S/D","S/D","S/D","Diurna","S/D","S/D","S/D","Colisión","S/D","S/D","S/D","S/D"
2015,933,18/02/2015,"Miercoles",0,21:20:00,"Ruta Provincial 1","80.0",1,"Automóvil"," ",2,1,0,0,1,0,0,,"Ruta",1,"HELVECIA","Garay","Asfalto","Natural","VII","Fuera","Rural","Ninguna","No existe","Curva","S/D","Reducida","Nocturna","Buen Tiempo","S/D","S/D","Despiste","Ninguna","Faltante","Ninguna","Sin restricción"
2015,934,09/02/2015,"Lunes",0,,"Ruta Provincial 21","10.0",2,"Moto/Ciclomotor,Moto/Ciclomotor","San Martin Y Chaco",3,3,0,0,0,0,0,,"Ruta",21,"VILLA CONSTITUCIÓN","Constitución","Asfalto","Pavimento","VI","S/D","Urbana","Ninguna","No existe","Intersección","S/D","S/D","S/D","S/D","Otro","S/D","Colisión","Ninguna","Faltante","Línea divisoria pintada","Sin restricción"
2015,935,19/02/2015,"Jueves",0,13:40:00,,"0.0",2,"Pickup/Utilitario,Moto/Ciclomotor","Belgrano ",2,1,0,0,1,0,0,,"Calle",,"PUERTO SAN MARTÍN","San Lorenzo","S/D","S/D","XVII","Dentro","Urbana","S/D","S/D","S/D","S/D","S/D","S/D","S/D","S/D","S/D","S/D","S/D","S/D","S/D","S/D"
2015,936,11/01/2015,"Domingo",0,06:40:00,"Ruta Provincial 1","49.0",1,"Automóvil"," ",2,2,0,0,0,0,0,,"Ruta",1,"SANTA ROSA DE CALCHINES","Garay","Tierra","Natural","VII","Fuera","Rural","Ninguna","No existe","Recta","Ahuellamiento","Reducida","Amanecer","Lluvia","S/D","S/D","Despiste","Agua","S/D","Ninguna","Sin restricción"
2015,937,19/01/2015,"Lunes",0,22:05:00,,"0.0",2,"Moto/Ciclomotor,Automóvil","Calle 32 - Amenabar Y Calle 27-Gdor Freyre",2,1,0,0,0,0,1,,"Calle",,"RECONQUISTA","General Obligado","Asfalto","Pavimento","IX","Dentro","Urbana","Ninguna","No existe","Intersección","Bueno","Buena","Nocturna","Buen Tiempo","De alcance","S/D","Colisión","Ninguna","Faltante","Ninguna","Sin restricción"
2015,938,15/01/2015,"Jueves",0,03:00:00,"Ruta Nacional 11","0.0",2,"Automóvil,Automóvil","Gustavo Fillol Y Av San Lorenzo",3,1,0,0,2,0,0,,"Ruta",11,"CAPITÁN BERMÚDEZ","San Lorenzo","Asfalto","Pavimento","XVII","Dentro","Urbana","S/D","S/D","Intersección","Bueno","Buena","Nocturna","Buen Tiempo","Frontal","S/D","Colisión","S/D","S/D","S/D","S/D"
2015,939,13/02/2015,"Viernes",0,08:10:00,,"0.0",2,"Pickup/Utilitario,Moto/Ciclomotor","L N Alem Y Dorrego",3,2,0,0,1,0,0,,"Calle",,"SAN LORENZO","San Lorenzo","S/D","No existe","XVII","S/D","Urbana","S/D","S/D","S/D","S/D","S/D","Diurna","S/D","S/D","S/D","Colisión","S/D","S/D","S/D","S/D"
2015,940,22/02/2015,"Domingo",0,12:30:00,,"0.0",2,"Moto/Ciclomotor,Pickup/Utilitario","25 de Mayo Y San Martin",2,0,1,0,1,0,0,,"S/D",,"CALCHAQUÍ","Vera","S/D","S/D","XIX","S/D","S/D","S/D","S/D","Intersección","S/D","S/D","S/D","S/D","S/D","S/D","Colisión","S/D","S/D","S/D","S/D"
2015,941,15/02/2015,"Domingo",0,03:06:00,"Ruta Nacional 98","50.0",1,"Automóvil"," ",3,2,0,0,1,0,0,,"Ruta",98,"VERA","Vera","Asfalto","Natural","XIX","Fuera","Rural","Ninguna","No existe","Recta","Con baches","Reducida","Nocturna","Buen Tiempo","S/D","S/D","Vuelco","S/D","Faltante","Línea divisoria pintada","S/D"
2015,942,09/02/2015,"Lunes",0,11:10:00,,"0.0",2,"Moto/Ciclomotor,Moto/Ciclomotor","Bv Belgrano Y Estanislao Lopez",2,2,0,0,0,0,0,,"Calle",,"CALCHAQUÍ","Vera","Asfalto","S/D","XIX","S/D","Urbana","S/D","S/D","Recta","S/D","S/D","S/D","S/D","S/D","S/D","S/D","S/D","S/D","Barrera de hormigón","S/D"
2015,943,05/01/2015,"Lunes",0,19:55:00,"Ruta Provincial 1","130.0",2,"Automóvil,Ambulancia"," ",2,0,1,0,1,0,0,,"Ruta",1,"COLONIA SAN JOAQUIN","Garay","Asfalto","Natural","VII","Dentro","Rural","Ninguna","No existe","Recta","Bueno","S/D","Atardecer","Buen Tiempo","Lateral","S/D","Colisión","Ninguna","Horizontal","Línea divisoria pintada","Sin restricción"
2015,944,07/02/2015,"Sabado",0,,,"0.0",2,"Moto/Ciclomotor,Moto/Ciclomotor","Bartolome Mitre Y Colon",3,3,0,0,0,0,0,,"Calle",,"VILLA CONSTITUCIÓN","Constitución","S/D","S/D","XIX","S/D","Urbana","S/D","S/D","S/D","S/D","S/D","S/D","S/D","S/D","S/D","Colisión","S/D","S/D","S/D","S/D"
2015,946,24/01/2015,"Sabado",0,01:00:00,"Ruta Provincial 1","0.0",2,"Automóvil,Moto/Ciclomotor"," ",2,2,0,0,0,0,0,,"Ruta",1,"CAYASTA","Garay","Asfalto","Natural","VII","S/D","Urbana","Ninguna","No existe","Recta","Bueno","Reducida","Nocturna","Otro","De alcance","S/D","Colisión","S/D","Faltante","Ninguna","Sin restricción"
2015,947,07/01/2015,"Miercoles",0,15:15:00,"Ruta Nacional 9","0.0",2,"Automóvil,Moto/Ciclomotor","Ruta Nac 9 Y Chacabuco",2,1,0,0,1,0,0,,"Ruta",9,"CARCARAÑÁ","San Lorenzo","Asfalto","Natural","XVII","Dentro","Urbana","Ninguna","No existe","Recta","Bueno","Buena","Diurna","Buen Tiempo","De alcance","S/D","Colisión","Ninguna","Faltante","Línea divisoria pintada","Sin restricción"
2015,948,23/02/2015,"Lunes",0,19:15:00,,"0.0",2,"Automóvil,Moto/Ciclomotor"," ",2,1,0,0,1,0,0,,"Calle",,"PUERTO SAN MARTÍN","San Lorenzo","S/D","S/D","XVII","Dentro","Urbana","S/D","S/D","S/D","S/D","S/D","Diurna","S/D","S/D","S/D","S/D","S/D","S/D","S/D","S/D"
2015,949,19/01/2015,"Lunes",0,13:00:00,,"0.0",2,"Pickup/Utilitario,Moto/Ciclomotor","Belgrano Y Rivadavia",2,1,0,0,1,0,0,,"Calle",,"CARCARAÑÁ","San Lorenzo","Hormigón","No existe","XVII","Dentro","Urbana","Ninguna","S/D","Intersección","Bueno","S/D","Diurna","Buen Tiempo","S/D","S/D","Colisión","S/D","S/D","Ninguna","Sin restricción"
2015,950,14/01/2015,"Miercoles",0,19:15:00,,"0.0",2,"Automóvil,Peatón","Juan de Garay Y Diego de Zarate",2,0,1,0,1,0,0,,"Calle",,"CAYASTA","Garay","Tierra","S/D","VII","S/D","Urbana","Ninguna","No existe","Recta","Otro","Buena","Atardecer","Buen Tiempo","S/D","S/D","Atropello","S/D","Faltante","Ninguna","Sin restricción"
2015,951,19/01/2015,"Lunes",0,18:40:00,,"0.0",2,"Automóvil,Moto/Ciclomotor","Calle 29-Alte Brown Y Calle 18-Belgrano",4,2,0,0,2,0,0,,"Calle",,"RECONQUISTA","General Obligado","Asfalto","Pavimento","IX","Dentro","Urbana","Ninguna","No existe","Intersección","Bueno","Buena","Atardecer","Buen Tiempo","De alcance","S/D","Colisión","Ninguna","Faltante","Ninguna","Sin restricción"
2015,952,29/01/2015,"Jueves",0,12:20:00,,"0.0",2,"Moto/Ciclomotor,Pickup/Utilitario","Rosario Y Mendoza",2,1,0,0,1,0,0,,"Calle",,"FRAY LUIS BELTRÁN","San Lorenzo","Ripio","No existe","XVII","Dentro","Rural","Ninguna","No existe","Intersección","Deteriorada","Buena","Diurna","Buen Tiempo","Lateral","S/D","Colisión","S/D","Faltante","Ninguna","Sin restricción"
2015,953,23/01/2015,"Viernes",0,13:55:00,,"0.0",2,"Automóvil,Moto/Ciclomotor","Maestra Barragan - Ex Bs.As. Y Sarmiento",2,1,0,0,1,0,0,,"Calle",,"FRAY LUIS BELTRÁN","San Lorenzo","Asfalto","No existe","XVII","S/D","Urbana","Ninguna","No existe","Intersección","Bueno","Buena","Diurna","Buen Tiempo","Lateral","S/D","Colisión","S/D","S/D","Ninguna","Sin restricción"
2015,954,13/02/2015,"Viernes",0,,,"0.0",2,"Moto/Ciclomotor,Automóvil"," ",2,1,0,0,1,0,0,,"S/D",,"SAN LORENZO","San Lorenzo","S/D","S/D","XVII","S/D","S/D","S/D","S/D","S/D","S/D","S/D","S/D","S/D","S/D","S/D","Colisión","S/D","S/D","S/D","S/D"
2015,955,11/02/2015,"Miercoles",0,,,"0.0",2,"Automóvil,Moto/Ciclomotor","Genaro Roldan Y Peru",3,0,1,0,2,0,0,,"Calle",,"SAN LORENZO","San Lorenzo","Hormigón","S/D","XVII","Dentro","Urbana","S/D","S/D","Intersección","S/D","S/D","S/D","S/D","S/D","S/D","S/D","S/D","S/D","S/D","S/D"
2015,956,19/02/2015,"Jueves",0,18:00:00,,"0.0",2,"Vehículo Oficial,Bicicleta","Bv B Mitre Y Clemente Albelo",2,2,0,0,0,0,0,,"Calle",,"SAN LORENZO","San Lorenzo","Tierra","S/D","XVII","Dentro","Urbana","S/D","S/D","Intersección","S/D","S/D","Diurna","S/D","S/D","S/D","S/D","S/D","S/D","S/D","S/D"
2015,957,19/02/2015,"Jueves",0,18:30:00,,"0.0",1,"Moto/Ciclomotor","9 de Julio Y San Martin",1,1,0,0,0,0,0,,"Calle",,"CALCHAQUÍ","Vera","Asfalto","S/D","XIX","Dentro","Urbana","S/D","S/D","Recta","S/D","S/D","S/D","S/D","S/D","S/D","Caída ocupante","S/D","S/D","S/D","S/D"
2015,958,10/01/2015,"Sabado",0,20:15:00,"Ruta Provincial 93","0.0",1,"Automóvil"," ",2,1,1,0,0,0,0,"-33.362342,-61.759880","Ruta",93,"LOS QUIRQUINCHOS","Caseros","Asfalto","Natural","IV","S/D","Rural","Ninguna","No existe","Recta","Bueno","Reducida","Con luz artificial","Lluvia","S/D","S/D","Vuelco","Agua","Horizontal","Línea divisoria pintada","Sin restricción"
2015,959,15/02/2015,"Domingo",0,11:50:00,,"0.0",2,"Moto/Ciclomotor,Peatón","Av San Martin Y Francia",2,2,0,0,0,0,0,,"Calle",,"SAN LORENZO","San Lorenzo","Hormigón","S/D","XVII","Dentro","Urbana","S/D","S/D","Recta","S/D","S/D","Diurna","S/D","S/D","S/D","Atropello","S/D","S/D","S/D","S/D"
2015,960,19/01/2015,"Lunes",0,,,"0.0",1,"Moto/Ciclomotor","Guido Spano Y Monteagudo",1,1,0,0,0,0,0,,"Calle",,"FRAY LUIS BELTRÁN","San Lorenzo","Asfalto,Hormigón","No existe","XVII","Dentro","Urbana","Ninguna","No existe","Recta","Resbaladiza","Buena","Diurna","Buen Tiempo","Atropello animal","S/D","Colisión","S/D","Faltante","S/D","Sin restricción"
2015,961,03/01/2015,"Sabado",0,12:45:00,,"0.0",2,"Moto/Ciclomotor,Automóvil"," ",2,1,0,0,1,0,0,,"Calle",,"RECONQUISTA","General Obligado","Asfalto","No existe","IX","Dentro","Urbana","Ninguna","No existe","Intersección","Bueno","Buena","Diurna","Buen Tiempo","Lateral","S/D","Colisión","Otro","Vertical","Cordón divisorio","Sin restricción"
2015,962,19/02/2015,"Jueves",0,12:30:00,,"0.0",2,"Automóvil,Moto/Ciclomotor","General Lopez Y 3 de Febrero",2,1,0,0,1,0,0,,"Calle",,"SAN LORENZO","San Lorenzo","S/D","S/D","XVII","S/D","Urbana","S/D","S/D","S/D","S/D","S/D","Diurna","S/D","S/D","S/D","Colisión","S/D","S/D","S/D","S/D"
2015,963,12/01/2015,"Lunes",0,,,"0.0",2,"Automóvil,Moto/Ciclomotor","Av San Martin Y Teniente Agneta",2,1,0,0,1,0,0,,"Avenida",,"FRAY LUIS BELTRÁN","San Lorenzo","S/D","Ripio","XVII","S/D","Urbana","Ninguna","S/D","Intersección","Bueno","Buena","Diurna","S/D","Lateral","S/D","Colisión","S/D","Horizontal","Ninguna","Sin restricción"
2015,964,06/01/2015,"Martes",0,22:00:00,,"0.0",2,"Moto/Ciclomotor,Moto/Ciclomotor","BV IRIGOYEN Y GENERAL LOPEZ",2,1,0,0,1,0,0,,"Avenida",,"RECONQUISTA","General Obligado","Asfalto","Pavimento","IX","Dentro","Urbana","Ninguna","No existe","Recta","Bueno","Buena","Nocturna","Buen Tiempo","Lateral","S/D","Colisión","Otro","Faltante","Cordón divisorio","Sin restricción"
2015,965,14/02/2015,"Sabado",0,17:00:00,,"0.0",2,"Moto/Ciclomotor,Automóvil","Cerrito Y Liniers",3,1,0,0,2,0,0,,"Calle",,"EMPALME VILLA CONSTITUCIÓN","Constitución","Hormigón","Natural","VI","Dentro","Urbana","Ninguna","No existe","Intersección","Con baches","Buena","Diurna","Buen Tiempo","Lateral","S/D","Colisión","Ninguna","Horizontal","Ninguna","Sin restricción"