"anio_acci","nro_acci","fecha","desc_dia","fecha_aprox","hora_aprox","desc_ruta","km","cant_participantes","desc_participante","calle_avenida_km","total","heridos_leves","heridos_graves","heridos_gravisimos","ilesos","fallecidos","sin_datos","posicion_XY","desc_tipo_via","desc_ruta_ori","desc_loc","desc_dpto","desc_tipo_calzada","desc_tipo_banquina","desc_unidad_regional","desc_lugar_calzada","desc_zona","desc_prioridad","desc_estado_semaforo","desc_lugar_via","desc_estado_via","desc_estado_visibilidad","desc_luminosidad","desc_estado_clima","desc_tipo_colision","desc_tipo_atropello","desc_tipo_hecho","desc_pres_calzada","desc_senializacion","desc_separacion_via","desc_restriccion"
2015,966,08/03/2015,"Domingo",0,10:30:00,"Ruta Nacional 11","839.5",2,"Camión,Automóvil"," ",4,3,1,0,0,0,0,,"Ruta",11,"ARROYO CEIBAL","General Obligado","Asfalto","Natural","IX","Dentro","Rural","Ninguna","No existe","Recta","Bueno","Buena","Diurna","Buen Tiempo","Lateral","S/D","Colisión","S/D","S/D","Línea divisoria pintada","Sin restricción"
2015,967,12/01/2015,"Lunes",0,10:45:00,,"0.0",2,"Moto/Ciclomotor,Moto/Ciclomotor","Calle 11-Alvear 1075",2,1,0,0,1,0,0,,"Calle",,"RECONQUISTA","General Obligado","Asfalto","No existe","IX","Dentro","Urbana","Ninguna","No existe","Recta","Bueno","Buena","Diurna","Buen Tiempo","Lateral","S/D","Colisión","Otro","Faltante","Cordón divisorio","Sin restricción"
2015,968,14/02/2015,"Sabado",0,19:20:00,,"0.0",2,"Moto/Ciclomotor,Moto/Ciclomotor","Bartolome Mitre Y Juan de Garay",2,0,2,0,0,0,0,,"Calle",,"VILLA OCAMPO","General Obligado","Asfalto","Pavimento","IX","S/D","Urbana","Ninguna","No existe","Intersección","Bueno","Reducida","Nocturna","Buen Tiempo","Lateral","S/D","Colisión","Otro","Faltante","Ninguna","Sin restricción"
2015,969,30/01/2015,"Viernes",0,22:00:00,,"0.0",2,"Moto/Ciclomotor,Otros","Calle 16-Obligado Y Calle 17-Bartolome Mitre",4,3,0,0,1,0,0,,"Calle",,"RECONQUISTA","General Obligado","Asfalto","No existe","IX","S/D","Urbana","Ninguna","No existe","Intersección","Bueno","Buena","Nocturna,Con luz artificial","Buen Tiempo","S/D","S/D","Caída ocupante,Atropello","Ninguna","Faltante","Ninguna","Sin restricción"
2015,970,14/02/2015,"Sabado",0,20:45:00,"Ruta Nacional 11","870.0",2,"Bicicleta,Automóvil"," ",3,0,1,0,2,0,0,,"Ruta",11,"VILLA OCAMPO","General Obligado","Asfalto","Natural","IX","S/D","Urbana","Marca Vial","No existe","Recta","Bueno","Buena","Nocturna,Con luz artificial","Buen Tiempo","S/D","S/D","Atropello","Otro","Vertical","Línea divisoria pintada","Sin restricción"
2015,971,08/02/2015,"Domingo",0,,,"0.0",2,"Moto/Ciclomotor,Moto/Ciclomotor","SAN MARTIN Y EVA PERON",3,3,0,0,0,0,0,,"Avenida",,"VILLA CONSTITUCIÓN","Constitución","Asfalto","S/D","VI","S/D","Urbana","Ninguna","No existe","Intersección","Bueno","S/D","S/D","S/D","Otro","S/D","Colisión","Ninguna","S/D","Línea divisoria pintada","Sin restricción"
2015,972,11/02/2015,"Miercoles",0,22:30:00,"Ruta Nacional 11","393.0",2,"Bicicleta,Moto/Ciclomotor"," ",2,1,1,0,0,0,0,,"Ruta",11,"BARRANCAS","San Jerónimo","Asfalto","Natural","XV","S/D","Urbana","Ninguna","S/D","Recta","Bueno","Buena","Nocturna","Buen Tiempo","S/D","S/D","Atropello","Ninguna","S/D","Ninguna","S/D"
2015,973,21/02/2015,"Sabado",0,05:40:00,,"0.0",1,"Moto/Ciclomotor","La Pampa Y San Juan",1,1,0,0,0,0,0,,"Calle",,"TOSTADO","9 de Julio","Ripio","Natural","XII","Dentro","Urbana","Ninguna","No existe","Recta","Bueno","Reducida","Amanecer","Buen Tiempo","S/D","S/D","Caída ocupante","S/D","Faltante","Ninguna","Sin restricción"
2015,974,11/02/2015,"Miercoles",0,,,"0.0",2,"Moto/Ciclomotor,Moto/Ciclomotor","Manuel Dorrego Y Berutti",3,1,0,0,0,0,2,,"Calle",,"VILLA CONSTITUCIÓN","Constitución","Asfalto","No existe","VI","S/D","Urbana","Ninguna","No existe","Intersección","S/D","S/D","S/D","S/D","Otro","S/D","Colisión","Ninguna","Faltante","Línea divisoria pintada","Sin restricción"
2015,975,20/02/2015,"Viernes",0,08:45:00,,"0.0",2,"Automóvil,Automóvil","Avenida San Martin Y Bv General Obligado",3,1,0,0,2,0,0,,"Avenida",,"VILLA OCAMPO","General Obligado","Hormigón","S/D","IX","S/D","Urbana","Ninguna","S/D","Intersección","Bueno","S/D","Diurna","Buen Tiempo","Lateral","S/D","Colisión","Otro","Faltante","S/D","Sin restricción"
2015,977,13/02/2015,"Viernes",0,11:20:00,"Ruta Provincial 21","0.0",2,"Moto/Ciclomotor,Automóvil","San Martin Y Perrissol",2,1,0,0,0,0,1,,"Ruta",21,"VILLA CONSTITUCIÓN","Constitución","Asfalto","Natural","VI","Dentro","Urbana","Semáforo","Funciona","Intersección","Bueno","Buena","Diurna","Buen Tiempo","Lateral","S/D","Caída ocupante","S/D","S/D","S/D","S/D"
2015,978,29/01/2015,"Jueves",0,11:50:00,,"0.0",2,"Moto/Ciclomotor,Automóvil","Calle 7-Sarmiento Y Calle 30-Lucas Funes",2,1,0,0,1,0,0,,"Calle",,"RECONQUISTA","General Obligado","Hormigón,Tierra","No existe","IX","Dentro","Urbana","Ninguna","No existe","Intersección","Bueno","Buena","Nocturna","S/D","Frontal","S/D","Colisión","S/D","Horizontal","Ninguna","Sin restricción"
2015,979,02/02/2015,"Lunes",0,20:30:00,"Ruta Nacional 11","0.0",2,"Moto/Ciclomotor,Bicicleta","Av L de la Torre-Ruta Nac 11 Y Consejal Horacio Gagliano",2,2,0,0,0,0,0,,"Ruta",11,"CORONDA","San Jerónimo","Hormigón","Natural","XV","Dentro","Urbana","Ninguna","No existe","Intersección","Bueno","Reducida","Nocturna","Lluvia","S/D","S/D","Atropello","Ninguna","Faltante","Vegetación","Sin restricción"
2015,980,04/03/2015,"Miercoles",0,20:30:00,,"0.0",1,"Moto/Ciclomotor","Bartolome Mitre 2200",1,1,0,0,0,0,0,,"Calle",,"VILLA OCAMPO","General Obligado","Asfalto","Natural","IX","S/D","Urbana","Ninguna","No existe","Recta","Bueno","Buena","Nocturna,Con luz artificial","Buen Tiempo","Atropello animal","S/D","Atropello","Otro","Faltante","Ninguna","Sin restricción"
2015,981,25/02/2015,"Miercoles",0,18:30:00,,"0.0",2,"Automóvil,Moto/Ciclomotor","Calle 20-9 de Julio Y Calle 15-Pcio. Diez",2,1,0,0,1,0,0,,"Calle",,"RECONQUISTA","General Obligado","Hormigón","No existe","IX","Dentro","Urbana","Ninguna","No existe","Intersección","Bueno","Buena","Diurna","Lluvia","Frontal","S/D","Colisión","S/D","Horizontal","Ninguna","Sin restricción"
2015,982,20/02/2015,"Viernes",0,21:45:00,,"0.0",2,"Automóvil,Moto/Ciclomotor","9 de Julio Y La Rioja",2,1,0,0,1,0,0,,"S/D",,"SAN LORENZO","San Lorenzo","S/D","S/D","XVII","S/D","S/D","S/D","S/D","S/D","S/D","S/D","Nocturna","S/D","S/D","S/D","S/D","S/D","S/D","S/D","S/D"
2015,983,31/01/2015,"Sabado",0,12:30:00,,"0.0",2,"Automóvil,Automóvil","Cordoba Y 25 de Mayo",4,1,0,0,3,0,0,,"Calle",,"BIGAND","Caseros","Asfalto","Natural","IV","S/D","Urbana","Ninguna","No existe","Intersección","Bueno","Buena","Diurna","Buen Tiempo","Frontal","S/D","Colisión","S/D","Vertical","Ninguna","S/D"
2015,984,04/02/2015,"Miercoles",0,21:00:00,"Ruta Nacional 9","336.5",2,"Moto/Ciclomotor,Moto/Ciclomotor"," ",2,2,0,0,0,0,0,,"Ruta",9,"SAN JERÓNIMO SUR","San Lorenzo","Asfalto","Natural","XVII","Dentro","Rural","Ninguna","No existe","Recta","Bueno","Reducida","Nocturna","Buen Tiempo","De alcance","S/D","Colisión","S/D","S/D","Línea divisoria pintada","Sin restricción"
2015,985,22/02/2015,"Domingo",0,20:15:00,,"0.0",2,"Moto/Ciclomotor,Automóvil"," ",2,1,0,0,1,0,0,,"Calle",,"RECONQUISTA","General Obligado","Asfalto","Pavimento","IX","Dentro","Urbana","Ninguna","No existe","Recta","Bueno","Buena","Diurna","Buen Tiempo","Lateral","S/D","Colisión","Otro","Vertical","Cordón divisorio","Sin restricción"
2015,986,05/01/2015,"Lunes",0,17:05:00,,"0.0",2,"Moto/Ciclomotor,Camión","Pasaje 55-57 Y Calle 44-27 de Abril",3,0,2,0,1,0,0,,"Calle",,"RECONQUISTA","General Obligado","Tierra","Natural","IX","S/D","Urbana","Ninguna","No existe","Intersección","Bueno","Buena","Diurna","Buen Tiempo","Frontal","S/D","Colisión","Ninguna","Vertical","Ninguna","Sin restricción"
2015,987,24/02/2015,"Martes",0,07:30:00,,"0.0",2,"Pickup/Utilitario,Moto/Ciclomotor"," ",2,2,0,0,0,0,0,,"Calle",,"RECONQUISTA","General Obligado","Asfalto","No existe","IX","Dentro","Urbana","Ninguna","No existe","Intersección","Bueno","Buena","Diurna","Buen Tiempo","Frontal","S/D","Colisión","Ninguna","Faltante","Cordón divisorio","Sin restricción"
2015,988,07/02/2015,"Sabado",0,,,"0.0",1,"Moto/Ciclomotor","Narciso Laprida Y Antartida Argentina",1,0,1,0,0,0,0,,"S/D",,"VILLA CONSTITUCIÓN","Constitución","Asfalto","S/D","VI","S/D","Urbana","Ninguna","No existe","Recta","Bueno","S/D","S/D","S/D","Atropello animal","S/D","Atropello","Ninguna","S/D","Línea divisoria pintada","S/D"
2015,989,22/02/2015,"Domingo",0,16:25:00,,"0.0",2,"Automóvil,Moto/Ciclomotor","Jose Ingenieros Y La Rioja",2,1,0,0,1,0,0,,"S/D",,"SAN LORENZO","San Lorenzo","S/D","S/D","XVII","S/D","S/D","S/D","S/D","S/D","S/D","S/D","Diurna","S/D","S/D","S/D","S/D","S/D","S/D","S/D","S/D"
2015,990,28/02/2015,"Sabado",0,,,"0.0",2,"Moto/Ciclomotor,Pickup/Utilitario","12 de Octubre Y Misiones",2,1,0,0,0,0,1,,"Calle",,"VILLA CONSTITUCIÓN","Constitución","Asfalto","No existe","VI","S/D","Urbana","Ninguna","No existe","Recta","Bueno","S/D","S/D","S/D","S/D","S/D","Colisión","S/D","S/D","Línea divisoria pintada","Sin restricción"
2015,991,21/02/2015,"Sabado",0,05:20:00,"Ruta Nacional 11","438.0",2,"Peatón,Moto/Ciclomotor"," ",2,1,1,0,0,0,0,,"Ruta",11,"DESVÍO ARIJÓN","San Jerónimo","Asfalto","Natural","XV","Dentro","Rural","Ninguna","No existe","Recta","Bueno","Reducida","Nocturna","Buen Tiempo","S/D","S/D","Atropello","Ninguna","S/D","Vegetación","S/D"
2015,992,27/02/2015,"Viernes",0,10:25:00,,"0.0",2,"Bicicleta,Automóvil","Dorrego Y Artigas",2,1,0,0,1,0,0,,"S/D",,"SAN LORENZO","San Lorenzo","S/D","S/D","XVII","S/D","S/D","S/D","S/D","S/D","S/D","S/D","Diurna","S/D","S/D","S/D","Atropello","S/D","S/D","S/D","S/D"
2015,993,27/02/2015,"Viernes",0,11:00:00,,"0.0",2,"Automóvil,Moto/Ciclomotor"," ",3,2,0,0,1,0,0,,"S/D",,"SAN LORENZO","San Lorenzo","S/D","S/D","XVII","S/D","S/D","S/D","S/D","S/D","S/D","S/D","Diurna","S/D","S/D","S/D","S/D","S/D","S/D","S/D","S/D"
2015,994,07/02/2015,"Sabado",0,13:50:00,,"0.0",2,"Moto/Ciclomotor,Automóvil","Sarmiento Y Saavedra",2,0,1,0,1,0,0,,"Calle",,"CORONDA","San Jerónimo","Tierra","S/D","XV","Dentro","Urbana","Ninguna","No existe","Intersección","Con baches","Buena","Diurna","Buen Tiempo","Lateral","S/D","Colisión","S/D","Faltante","Ninguna","Sin restricción"
2015,995,27/02/2015,"Viernes",0,19:20:00,"Autopista Provincial Brigadier E.López","17.0",1,"Automóvil"," ",5,3,2,0,0,0,0,,"Autopista","Brigadier E.López","SAN LORENZO","San Lorenzo","S/D","S/D","XVII","S/D","S/D","S/D","S/D","S/D","S/D","S/D","Atardecer","S/D","S/D","S/D","Vuelco","S/D","S/D","S/D","S/D"
2015,996,31/01/2015,"Sabado",0,06:20:00,"Ruta Nacional 11","0.0",1,"Moto/Ciclomotor"," ",1,0,0,1,0,0,0,,"Ruta",11,"RECONQUISTA","General Obligado","Hormigón","No existe","IX","Dentro","Urbana","Ninguna","No existe","Recta","Bueno","Buena","Diurna","Buen Tiempo","Contra objeto fijo","S/D","Colisión","Ninguna","Faltante","Guardarrail","Sin restricción"
2015,997,26/02/2015,"Jueves",0,13:30:00,,"0.0",1,"Moto/Ciclomotor","Moreno 970",1,1,0,0,0,0,0,,"Calle",,"BIGAND","Caseros","Asfalto","Natural","IV","Dentro","Urbana","Ninguna","No existe","Recta","Bueno","Buena","Diurna","Buen Tiempo","Contra objeto fijo","S/D","Colisión","S/D","Vertical","Ninguna","S/D"
2015,998,18/02/2015,"Miercoles",0,23:00:00,"Ruta Nacional 11","0.0",1,"Moto/Ciclomotor","Av L de la Torre-Ruta Nac 11 Y Av. Peron",1,1,0,0,0,0,0,,"Ruta",11,"CORONDA","San Jerónimo","Asfalto","Pavimento","XV","Dentro","Urbana","S/D","No existe","Recta","Bueno","Buena","Diurna","Buen Tiempo","S/D","S/D","Caída ocupante","S/D","S/D","Línea divisoria pintada","Sin restricción"
2015,1000,26/02/2015,"Jueves",0,12:15:00,,"0.0",1,"Moto/Ciclomotor","Avda Jorge Newbery bis Y Av Republica",1,1,0,0,0,0,0,,"Avenida",,"GÁLVEZ","San Jerónimo","Asfalto","No existe","XV","Dentro","Urbana","Ninguna","No existe","Intersección","Bueno","Buena","Diurna","Buen Tiempo","S/D","S/D","Caída ocupante","S/D","S/D","Ninguna","Sin restricción"
2015,1001,13/02/2015,"Viernes",0,11:00:00,,"0.0",2,"Peatón,Automóvil","PASAJE ILLIA Y AV DEL TRABAJO",2,1,0,0,0,0,1,,"Calle",,"VILLA CONSTITUCIÓN","Constitución","Asfalto","S/D","VI","Dentro","Urbana","S/D","S/D","Intersección","Bueno","S/D","S/D","Buen Tiempo","S/D","S/D","Atropello","S/D","S/D","S/D","S/D"
2015,1002,26/02/2015,"Jueves",0,22:00:00,,"0.0",2,"Moto/Ciclomotor,Automóvil","Moreno Y Av. del Trabajo",3,2,0,0,0,0,1,,"Calle",,"VILLA CONSTITUCIÓN","Constitución","Asfalto","S/D","VI","Dentro","Urbana","S/D","S/D","Intersección","Bueno","Buena","Diurna","S/D","Lateral","S/D","Colisión","S/D","S/D","S/D","S/D"
2015,1003,21/02/2015,"Sabado",0,,,"0.0",2,"Moto/Ciclomotor,Moto/Ciclomotor","San Martin Y Chaco",2,1,0,0,0,0,1,,"S/D",,"VILLA CONSTITUCIÓN","Constitución","Asfalto","Pavimento","VI","S/D","Urbana","S/D","No existe","Recta","Bueno","S/D","S/D","S/D","S/D","S/D","Colisión","Ninguna","Faltante","S/D","S/D"
2015,1004,20/02/2015,"Viernes",0,,,"0.0",2,"Moto/Ciclomotor,Otros","Acevedo Y Sarmiento",2,1,0,0,0,0,1,,"Calle",,"VILLA CONSTITUCIÓN","Constitución","Asfalto","No existe","VI","S/D","Urbana","S/D","No existe","Intersección","Otro","S/D","S/D","S/D","Lateral","S/D","Colisión","Ninguna","S/D","Línea divisoria pintada","Sin restricción"
2015,1005,15/02/2015,"Domingo",0,,,"0.0",2,"Automóvil,Moto/Ciclomotor","San Martin Y Hipolito Irigoyen",3,0,0,0,0,0,3,,"Calle",,"VILLA CONSTITUCIÓN","Constitución","Asfalto","No existe","VI","S/D","Urbana","Semáforo","Funciona","Intersección","Bueno","Buena","S/D","S/D","Otro","S/D","Colisión","Ninguna","S/D","Línea divisoria pintada","Sin restricción"
2015,1006,13/02/2015,"Viernes",0,,,"0.0",2,"Moto/Ciclomotor,Pickup/Utilitario","San Martin Y Acevedo",2,1,0,0,0,0,1,,"Avenida",,"VILLA CONSTITUCIÓN","Constitución","Asfalto","No existe","VI","S/D","Urbana","Ninguna","No existe","Recta","Bueno","S/D","S/D","S/D","Otro","S/D","Colisión","Ninguna","S/D","Línea divisoria pintada","Sin restricción"
2015,1007,15/02/2015,"Domingo",0,,,"0.0",2,"Automóvil,Moto/Ciclomotor","Lisandro de la Torre Y Rivadavia",2,1,0,0,0,0,1,,"S/D",,"VILLA CONSTITUCIÓN","Constitución","Asfalto","Pavimento","VI","S/D","S/D","Ninguna","No existe","Intersección","Bueno","Buena","S/D","S/D","Otro","S/D","Colisión","Ninguna","S/D","Línea divisoria pintada","Sin restricción"
2015,1008,02/02/2015,"Lunes",0,13:30:00,,"0.0",2,"Moto/Ciclomotor,Automóvil","San Luis ",3,0,0,0,0,0,3,,"Calle",,"VILLA CONSTITUCIÓN","Constitución","Asfalto","No existe","VI","S/D","Urbana","Ninguna","No existe","Recta","Bueno","S/D","Diurna","Otro","Lateral","S/D","Colisión","Ninguna","S/D","Línea divisoria pintada","Sin restricción"
2015,1009,03/02/2015,"Martes",0,,,"0.0",2,"Automóvil,Moto/Ciclomotor","Santiago del Estero Y Martin Miguel de Guemes",3,0,0,0,0,0,3,,"Calle",,"VILLA CONSTITUCIÓN","Constitución","Asfalto","No existe","VI","S/D","Urbana","Ninguna","No existe","Intersección","Bueno","S/D","S/D","Otro","S/D","S/D","Colisión","Ninguna","S/D","Línea divisoria pintada","Sin restricción"
2015,1010,23/02/2015,"Lunes",0,12:00:00,,"0.0",1,,"Calle 20 9 de Julio Y Calle 7-Sarmiento",2,1,0,0,0,0,1,,"Calle",,"RECONQUISTA","General Obligado","Asfalto","No existe","IX","S/D","Urbana","Ninguna","No existe","Intersección","Bueno","Buena","Nocturna","Buen Tiempo","S/D","S/D","Atropello","Ninguna","Faltante","Ninguna","Sin restricción"
2015,1011,23/02/2015,"Lunes",0,12:00:00,,"0.0",2,"Peatón,Moto/Ciclomotor","Calle 20 9 de Julio Y Calle 7-Sarmiento",2,1,0,0,0,0,1,,"Calle",,"RECONQUISTA","General Obligado","Asfalto","No existe","IX","S/D","Urbana","Ninguna","No existe","Intersección","Bueno","Buena","Nocturna","Buen Tiempo","S/D","S/D","Atropello","Ninguna","Faltante","Ninguna","Sin restricción"
2015,1012,23/02/2015,"Lunes",0,12:00:00,,"0.0",1,,"Calle 20 9 de Julio Y Calle 7-Sarmiento",2,1,0,0,0,0,1,,"Calle",,"RECONQUISTA","General Obligado","Asfalto","No existe","IX","S/D","Urbana","Ninguna","No existe","Intersección","Bueno","Buena","Nocturna","Buen Tiempo","S/D","S/D","Atropello","Ninguna","Faltante","Ninguna","Sin restricción"
2015,1013,06/02/2015,"Viernes",0,19:00:00,,"0.0",2,"Peatón,Automóvil","Fray Rossi Y Lisandro de la Torre",2,1,0,0,1,0,0,,"Calle",,"RECONQUISTA","General Obligado","Asfalto","Natural","IX","Dentro","Urbana","Ninguna","No existe","Intersección","Bueno","Reducida","Atardecer","Otro","S/D","S/D","Atropello","Ninguna","Faltante","Ninguna","Sin restricción"
2015,1014,10/02/2015,"Martes",0,18:00:00,,"0.0",2,"Moto/Ciclomotor,Automóvil","BV. PERON ",2,1,0,0,1,0,0,,"Avenida",,"RECONQUISTA","General Obligado","Asfalto","Natural","II","Dentro","Urbana","Ninguna","No existe","Recta","S/D","Buena","Diurna","Otro","S/D","S/D","Colisión","Ninguna","Faltante","Ninguna","Sin restricción"
2015,1015,27/02/2015,"Viernes",0,20:45:00,,"0.0",2,"Moto/Ciclomotor,Automóvil","Belgrano Y Lisandro de la Torre",3,0,1,0,2,0,0,,"Calle",,"GÁLVEZ","San Jerónimo","Asfalto","No existe","XV","Dentro","Urbana","Ninguna","No existe","Intersección","Bueno","Buena","Nocturna,Con luz artificial","Buen Tiempo","Lateral","S/D","Colisión","S/D","Horizontal","Ninguna","Sin restricción"
2015,1016,02/02/2015,"Lunes",0,20:25:00,,"0.0",2,"Automóvil,Moto/Ciclomotor","BV IRIGOYEN Y GRAL LOPEZ",3,2,0,0,1,0,0,,"Calle",,"RECONQUISTA","General Obligado","Hormigón","No existe","IX","S/D","Urbana","Ninguna","No existe","Recta","Bueno","Buena","Nocturna","Buen Tiempo","Lateral","S/D","Colisión,Despiste","Ninguna","Horizontal","Ninguna","Sin restricción"
2015,1017,21/02/2015,"Sabado",0,19:30:00,"Ruta Provincial 64","0.0",2,"Bicicleta,Automóvil"," ",3,1,0,0,2,0,0,,"Ruta",64,"CORONDA","San Jerónimo","Asfalto","Natural","XV","Dentro","S/D","S/D","No existe","Recta","Bueno","Buena","Atardecer","Buen Tiempo","S/D","S/D","Atropello","S/D","S/D","Línea divisoria pintada","S/D"
2015,1018,13/02/2015,"Viernes",0,09:30:00,,"0.0",2,"Bicicleta,Pickup/Utilitario"," ",2,1,0,0,1,0,0,,"Calle",,"RECONQUISTA","General Obligado","Asfalto","Pavimento","IX","Dentro","Urbana","Ninguna","No existe","Intersección","Bueno","S/D","Diurna","Buen Tiempo","Frontal","S/D","Atropello","S/D","S/D","Cordón divisorio","Sin restricción"
2015,1019,07/02/2015,"Sabado",0,14:25:00,,"0.0",2,"Moto/Ciclomotor,Automóvil","Jose de San Martin Y Alberdi",3,1,0,0,2,0,0,,"Calle",,"CORONDA","San Jerónimo","Asfalto","No existe","XV","S/D","Urbana","Ninguna","No existe","Intersección","Bueno","Buena","Diurna","Buen Tiempo","Lateral","S/D","Colisión","S/D","S/D","Ninguna","Sin restricción"
2015,1020,28/02/2015,"Sabado",0,09:50:00,,"0.0",2,"Camión,Moto/Ciclomotor","Cnel Rodriguez Y Alberdi",3,1,1,0,1,0,0,,"Calle",,"CORONDA","San Jerónimo","Asfalto","S/D","XV","S/D","Urbana","S/D","S/D","Intersección","Bueno","S/D","S/D","S/D","Lateral","S/D","Colisión","S/D","Vertical","S/D","S/D"
2015,1021,20/01/2015,"Martes",0,18:00:00,,"0.0",2,"Moto/Ciclomotor,Automóvil"," ",3,2,0,0,0,0,1,,"Calle",,"RECONQUISTA","General Obligado","Asfalto","No existe","IX","Dentro","Urbana","Ninguna","No existe","Intersección","Bueno","Buena","Diurna","Buen Tiempo","Lateral","S/D","Colisión","Ninguna","Faltante","Cordón divisorio","Sin restricción"
2015,1022,20/02/2015,"Viernes",0,14:00:00,"Ruta Nacional 11","0.0",2,"Automóvil,Moto/Ciclomotor"," ",3,2,0,0,1,0,0,,"Ruta",11,"RECONQUISTA","General Obligado","Asfalto","Ripio","IX","Dentro","Urbana","Ninguna","No existe","Recta","Bueno","Buena","Diurna","Buen Tiempo","Lateral","S/D","Colisión,Despiste","Ninguna","Horizontal","Línea divisoria pintada","Sin restricción"
2015,1023,20/02/2015,"Viernes",0,22:00:00,,"0.0",2,"Automóvil,Bicicleta","Calle 16-Obligado Y Calle 31-Newbery",2,1,0,0,1,0,0,,"Calle",,"RECONQUISTA","General Obligado","Asfalto","No existe","IX","Dentro","Urbana","Ninguna","No existe","Intersección","Bueno","Buena","Nocturna,Con luz artificial","Buen Tiempo","S/D","S/D","Atropello","Ninguna","Faltante","Ninguna","Sin restricción"
2015,1024,16/02/2015,"Lunes",0,15:45:00,"Autopista Provincial Brigadier E.López","76.0",1,"Automóvil"," ",4,2,0,0,2,0,0,,"Autopista","Brigadier E.López","BARRANCAS","San Jerónimo","Asfalto","Pavimento","XV","S/D","S/D","Ninguna","No existe","Recta","Bueno","Buena","Diurna","Buen Tiempo","S/D","S/D","Vuelco","Ninguna","Faltante","Línea divisoria pintada","Sin restricción"
2015,1025,11/02/2015,"Miercoles",0,,,"0.0",2,"Moto/Ciclomotor,Automóvil","BV IRIGOYEN Y CALLE 15- PATRICIO DIEZ",4,2,0,0,2,0,0,,"Calle",,"RECONQUISTA","General Obligado","Hormigón","Pavimento","IX","Dentro","Urbana","Semáforo","Funciona","Intersección","Bueno","Buena","Diurna","Buen Tiempo","Lateral","S/D","Colisión","Otro","Vertical","Cordón divisorio","Sin restricción"
2015,1026,06/01/2015,"Martes",0,19:30:00,,"0.0",2,"Moto/Ciclomotor,Automóvil","Calle 47-Islas Malvinas Y Calle 38-Corrientes",2,1,0,0,1,0,0,,"Calle",,"RECONQUISTA","General Obligado","Asfalto","Natural","IX","Dentro","Urbana","Ninguna","No existe","Intersección","Bueno","Reducida","Atardecer","Otro","Otro","S/D","Colisión","Otro","Faltante","Ninguna","Sin restricción"
2015,1027,05/02/2015,"Jueves",0,,,"0.0",2,"Moto/Ciclomotor,Automóvil"," ",2,1,0,0,1,0,0,,"S/D",,"SAN LORENZO","San Lorenzo","S/D","S/D","XVII","S/D","S/D","S/D","S/D","S/D","S/D","S/D","S/D","S/D","S/D","S/D","S/D","S/D","S/D","S/D","S/D"
2015,1028,22/02/2015,"Domingo",0,03:50:00,,"0.0",2,"Automóvil,Moto/Ciclomotor"," ",2,1,0,0,1,0,0,,"Calle",,"RECONQUISTA","General Obligado","Asfalto","No existe","IX","Dentro","Urbana","Ninguna","No existe","Intersección","Bueno","Buena","Nocturna","Buen Tiempo","Frontal","S/D","Colisión","Ninguna","Faltante","Cordón divisorio","Sin restricción"
2015,1029,11/02/2015,"Miercoles",0,13:00:00,,"0.0",2,"Moto/Ciclomotor,Automóvil","Sargento Cabral Y Moreno",2,1,0,0,1,0,0,,"S/D",,"SAN LORENZO","San Lorenzo","S/D","S/D","XVII","S/D","S/D","S/D","S/D","S/D","S/D","S/D","S/D","S/D","S/D","S/D","S/D","S/D","S/D","S/D","S/D"
2015,1030,01/02/2015,"Domingo",1,,"Autopista Provincial Brigadier E.López","17.0",1,"Pickup/Utilitario"," ",2,1,0,0,0,0,1,,"Autopista","Brigadier E.López","SAN LORENZO","San Lorenzo","S/D","S/D","XVII","S/D","S/D","S/D","S/D","S/D","S/D","S/D","S/D","S/D","S/D","S/D","S/D","S/D","S/D","S/D","S/D"
2015,1031,10/02/2015,"Martes",0,18:00:00,,"0.0",2,"Moto/Ciclomotor,Pickup/Utilitario","Gral Lopez Y Pampa",2,1,0,0,0,0,1,,"Calle",,"VILLA CONSTITUCIÓN","Constitución","Ripio","No existe","VI","S/D","Urbana","Ninguna","No existe","Intersección","Otro","S/D","Diurna","S/D","S/D","S/D","Colisión","Ninguna","S/D","S/D","Sin restricción"
2015,1032,09/02/2015,"Lunes",0,04:00:00,,"0.0",4,"Moto/Ciclomotor,Moto/Ciclomotor,Moto/Ciclomotor,Moto/Ciclomotor"," ",4,4,0,0,0,0,0,,"S/D",,"TOSTADO","9 de Julio","S/D","Pavimento","XII","Fuera","Rural","Ninguna","No existe","Otro","Otro","Reducida","Nocturna","Buen Tiempo","Otro","S/D","Otro","Ninguna","Horizontal","Ninguna","Sin restricción"
2015,1033,12/02/2015,"Jueves",0,18:30:00,,"0.0",2,"Moto/Ciclomotor,Moto/Ciclomotor","Ruta A-009 Y Calle 85",4,3,0,0,1,0,0,,"Calle",,"RECONQUISTA","General Obligado","Tierra","Natural","II","Dentro","Urbana","Ninguna","No existe","Intersección","Otro","Buena","Atardecer","Otro","Otro","S/D","Colisión","Ninguna","Faltante","Ninguna","Sin restricción"
2015,1034,13/02/2015,"Viernes",0,16:00:00,,"0.0",2,"Peatón,Automóvil","Calle 43 Y Calle 48",2,1,0,0,1,0,0,,"Calle",,"RECONQUISTA","General Obligado","Tierra","Natural","II","Dentro","Urbana","Ninguna","No existe","Intersección","Otro","Buena","Diurna","Otro","S/D","S/D","Atropello","Otro","Faltante","Ninguna","Sin restricción"