"anio_acci","nro_acci","fecha","desc_dia","fecha_aprox","hora_aprox","desc_ruta","km","cant_participantes","desc_participante","calle_avenida_km","total","heridos_leves","heridos_graves","heridos_gravisimos","ilesos","fallecidos","sin_datos","posicion_XY","desc_tipo_via","desc_ruta_ori","desc_loc","desc_dpto","desc_tipo_calzada","desc_tipo_banquina","desc_unidad_regional","desc_lugar_calzada","desc_zona","desc_prioridad","desc_estado_semaforo","desc_lugar_via","desc_estado_via","desc_estado_visibilidad","desc_luminosidad","desc_estado_clima","desc_tipo_colision","desc_tipo_atropello","desc_tipo_hecho","desc_pres_calzada","desc_senializacion","desc_separacion_via","desc_restriccion"
2015,1035,04/02/2015,"Miercoles",0,22:30:00,,"0.0",1,"Moto/Ciclomotor","Calle 47-Islas Malvinas Y Calle 54",1,1,0,0,0,0,0,,"Calle",,"RECONQUISTA","General Obligado","Asfalto","Natural","IX","Dentro","Urbana","Ninguna","No existe","Recta","Bueno","Reducida","Nocturna","Buen Tiempo","S/D","S/D","Caída ocupante","Otro","Faltante","Ninguna","Sin restricción"
2015,1036,20/02/2015,"Viernes",0,09:10:00,,"0.0",2,"Automóvil,Moto/Ciclomotor","Calle 87 Y Calle 12 San Martin",2,1,0,0,1,0,0,,"Calle",,"RECONQUISTA","General Obligado","S/D","Natural","IX","Dentro","Urbana","Ninguna","No existe","Intersección","Bueno","Buena","Diurna","Buen Tiempo","Otro","S/D","Colisión","Ninguna","Faltante","Ninguna","Sin restricción"
2015,1037,14/02/2015,"Sabado",0,10:30:00,"Ruta Nacional 34","85.0",2,"Pickup/Utilitario,Automóvil"," ",6,1,0,0,5,0,0,,"Ruta",34,"SAN GENARO","San Jerónimo","Asfalto","Pavimento","XV","Dentro","Rural","Ninguna","No existe","Cruce","Bueno","Buena","Diurna","Buen Tiempo","Lateral","S/D","Colisión","Ninguna","Horizontal,Vertical","Cordón divisorio","Sin restricción"
2015,1038,27/02/2015,"Viernes",0,07:20:00,"Ruta Nacional 11","0.0",2,"Moto/Ciclomotor,Moto/Ciclomotor","Calle 45-Islas Georgias del S Y Ruta Nacional 11",2,1,0,0,1,0,0,,"Ruta",11,"RECONQUISTA","General Obligado","Asfalto","Natural","IX","Dentro","Urbana","Ninguna","No existe","Intersección","Bueno","Buena","Diurna","Buen Tiempo","Otro","S/D","Colisión","Agua","Faltante","Ninguna","Sin restricción"
2015,1039,07/03/2015,"Sabado",0,07:00:00,,"0.0",1,"Moto/Ciclomotor","Cordoba ",2,2,0,0,0,0,0,,"Avenida",,"PUERTO SAN MARTÍN","San Lorenzo","Asfalto","No existe","XVII","Dentro","Urbana","Ninguna","No existe","Recta","Bueno","Buena","Diurna","Buen Tiempo","S/D","S/D","Caída ocupante","Ninguna","Horizontal","Ninguna","Sin restricción"
2015,1040,20/02/2015,"Viernes",0,20:30:00,,"0.0",2,"Bicicleta,Pickup/Utilitario","Bv C Pellegrini Y Gdor Cabal",2,1,0,0,1,0,0,,"Avenida",,"SAN JUSTO","San Justo","Asfalto","No existe","XVI","Dentro","Urbana","Ninguna","No existe","Intersección","Bueno","Buena","Atardecer","Buen Tiempo","Otro","S/D","Atropello","Ninguna","Horizontal","Ninguna","Sin restricción"
2015,1041,07/03/2015,"Sabado",0,22:30:00,,"0.0",2,"Automóvil,Moto/Ciclomotor"," ",4,2,0,0,2,0,0,,"S/D",,"SAN LORENZO","San Lorenzo","S/D","S/D","XVII","S/D","S/D","S/D","S/D","S/D","S/D","S/D","Nocturna","S/D","S/D","S/D","S/D","S/D","S/D","S/D","S/D"
2015,1042,10/03/2015,"Martes",0,12:15:00,"Ruta Nacional Rosario -Cordoba","0.0",2,"Camión,Otros"," ",3,1,0,0,2,0,0,,"Ruta","Rosario -Cordoba","CARCARAÑÁ","San Lorenzo","Asfalto","Pavimento","XVII","Dentro","Rural","Ninguna","No existe","Recta","Bueno","Buena","Diurna","Buen Tiempo","S/D","S/D","Colisión","S/D","Faltante","Cordón divisorio","Sin restricción"
2015,1043,18/03/2015,"Miercoles",0,12:05:00,,"0.0",1,"Pickup/Utilitario","CAMINO RURAL HACIA SANTA MA. NORTE ",2,1,1,0,0,0,0,,"Camino Rural",,"SAN JERÓNIMO NORTE","Las Colonias","Ripio","Natural","XI","Dentro","Rural","Ninguna","No existe","Recta","Resbaladiza","Reducida polvo","Diurna","Buen Tiempo","S/D","S/D","Vuelco","Material Suelto","Faltante","Ninguna","Sin restricción"
2015,1044,10/03/2015,"Martes",0,06:50:00,,"0.0",2,"Automóvil,Moto/Ciclomotor","Cordoba Y Rioja",4,1,0,0,3,0,0,,"Calle",,"PUERTO SAN MARTÍN","San Lorenzo","Asfalto","No existe","XVII","S/D","Urbana","Ninguna","No existe","Intersección","Bueno","Buena","Diurna","Buen Tiempo","Lateral","S/D","Colisión","Ninguna","Horizontal","Ninguna","Sin restricción"
2015,1045,01/03/2015,"Domingo",0,15:50:00,,"0.0",2,"Moto/Ciclomotor,Automóvil","F S M de Oro Y Arenales",2,1,0,0,1,0,0,,"Calle",,"FRAY LUIS BELTRÁN","San Lorenzo","Asfalto","No existe","XVII","Dentro","Urbana","Ninguna","No existe","Intersección","Deteriorada","Buena","Diurna","Buen Tiempo","Lateral","S/D","Colisión","S/D","Faltante","Ninguna","Sin restricción"
2015,1046,07/03/2015,"Sabado",0,06:55:00,,"0.0",2,"Moto/Ciclomotor,Automóvil","9 de Julio Y 25 de Mayo",2,1,0,0,1,0,0,,"Calle",,"SAN JUSTO","San Justo","Asfalto","No existe","XVI","Dentro","Urbana","Ninguna","No existe","Intersección","Bueno","Buena","Diurna","Buen Tiempo","Frontal","S/D","Colisión","S/D","Vertical","Ninguna","Sin restricción"
2015,1047,18/03/2015,"Miercoles",0,09:40:00,,"0.0",2,"Automóvil,Bicicleta","Pueyrredon Y Suipacha",3,1,0,0,2,0,0,,"Calle",,"SAN CARLOS CENTRO","Las Colonias","Asfalto","No existe","XI","Dentro","Urbana","Ninguna","No existe","Intersección","Bueno","S/D","Diurna","Buen Tiempo","S/D","S/D","Atropello","S/D","S/D","Ninguna","Sin restricción"
2015,1048,10/03/2015,"Martes",0,17:30:00,,"0.0",2,"Cuatriciclo,Bicicleta","ANTONIO BONINI  100",2,0,1,0,1,0,0,,"Calle",,"RAFAELA","Castellanos","Asfalto","S/D","V","S/D","Urbana","Ninguna","S/D","Recta","Bueno","Buena","Diurna","Buen Tiempo","S/D","S/D","Atropello","Ninguna","Faltante","Ninguna","Sin restricción"
2015,1049,15/03/2015,"Domingo",0,19:00:00,,"0.0",2,"Moto/Ciclomotor,Automóvil","Reconquista Y G Kirk",2,1,0,0,1,0,0,,"Calle",,"PUERTO SAN MARTÍN","San Lorenzo","Asfalto","No existe","XVII","S/D","Urbana","Ninguna","No existe","Intersección","Bueno","Buena","Atardecer","Buen Tiempo","Lateral","S/D","Colisión","Ninguna","Horizontal","Ninguna","Sin restricción"
2015,1050,09/03/2015,"Lunes",0,21:30:00,,"0.0",2,"Moto/Ciclomotor,Camión","Urquiza Y Sargento Cabral",3,2,0,0,1,0,0,,"Calle",,"SAN LORENZO","San Lorenzo","S/D","S/D","XVII","Dentro","Urbana","S/D","S/D","Intersección","S/D","Buena","Nocturna","S/D","Lateral","S/D","Colisión","S/D","S/D","S/D","S/D"
2015,1051,01/03/2015,"Domingo",0,21:05:00,,"0.0",2,"Moto/Ciclomotor,Vehículo Oficial","Av San Martin Y Alvear",2,1,0,0,1,0,0,,"Calle",,"FRAY LUIS BELTRÁN","San Lorenzo","Asfalto","Natural","XVII","Dentro","Urbana","Ninguna","No existe","Recta","Bueno","Buena","Diurna","Buen Tiempo","Frontal","S/D","Colisión","S/D","S/D","Ninguna","Sin restricción"
2015,1052,07/03/2015,"Sabado",0,,,"0.0",2,"Bicicleta,Moto/Ciclomotor","America Y Neuquen",2,1,0,0,1,0,0,,"Calle",,"ESPERANZA","Las Colonias","Ripio","No existe","XI","S/D","Urbana","Ninguna","No existe","Intersección","Resbaladiza","Reducida","Nocturna","Buen Tiempo","S/D","S/D","Atropello","Material Suelto","Faltante","Ninguna","Sin restricción"
2015,1053,08/03/2015,"Domingo",0,03:00:00,"Ruta Provincial 2","0.0",1,"Moto/Ciclomotor"," ",2,2,0,0,0,0,0,,"Ruta",2,"SAN JUSTO","San Justo","Tierra","Natural","XVI","S/D","Rural","Ninguna","No existe","Recta","Otro","Reducida polvo","Nocturna","Buen Tiempo","S/D","S/D","Despiste","Material Suelto","S/D","Ninguna","Sin restricción"
2015,1054,18/03/2015,"Miercoles",0,13:30:00,,"0.0",2,"Moto/Ciclomotor,Automóvil","Urquiza Y Manuel Belgrano",2,0,1,0,1,0,0,,"Calle",,"BARRANCAS","San Jerónimo","S/D","No existe","XV","S/D","Urbana","Ninguna","No existe","Intersección","S/D","Buena","Diurna","Buen Tiempo","Lateral","S/D","Colisión","Ninguna","Faltante","Ninguna","Sin restricción"
2015,1055,28/03/2015,"Sabado",0,22:50:00,,"0.0",1,"Moto/Ciclomotor","Avda. Jorge Newbery Y Av Republica",1,0,1,0,0,0,0,,"Avenida",,"GÁLVEZ","San Jerónimo","Asfalto","No existe","XV","Dentro","Urbana","Ninguna","No existe","Intersección","Bueno","Buena","Nocturna","Buen Tiempo","S/D","S/D","Caída ocupante","S/D","S/D","Cordón divisorio","Sin restricción"
2015,1056,17/03/2015,"Martes",0,22:00:00,,"0.0",2,"Moto/Ciclomotor,Pickup/Utilitario","Cordoba Y 9 de Julio",3,1,0,0,2,0,0,,"Calle",,"PUERTO SAN MARTÍN","San Lorenzo","Asfalto","No existe","XVII","Dentro","Urbana","Ninguna","No existe","Intersección","Bueno","Buena","Nocturna","Buen Tiempo","Lateral","S/D","Colisión","Ninguna","Horizontal","Ninguna","Sin restricción"
2015,1057,12/03/2015,"Jueves",0,23:50:00,,"0.0",2,"Automóvil,Moto/Ciclomotor","Las Heras Y Blas Parera",2,1,0,0,1,0,0,,"Calle",,"FRAY LUIS BELTRÁN","San Lorenzo","Hormigón","No existe","XVII","Dentro","Urbana","Ninguna","No existe","Intersección","Bueno","Reducida","Nocturna","Buen Tiempo","Lateral","S/D","Colisión","S/D","Faltante","Ninguna","Sin restricción"
2015,1058,01/03/2015,"Domingo",0,06:30:00,,"0.0",1,"Moto/Ciclomotor","Domingo Faustino Sarmiento Y Aaron Castellanos",2,1,1,0,0,0,0,,"Calle",,"ESPERANZA","Las Colonias","Asfalto","No existe","XI","S/D","Urbana","Ninguna","No existe","Intersección","Bueno","Buena","Diurna","Buen Tiempo","S/D","S/D","Despiste","Ninguna","Faltante","Ninguna","Sin restricción"
2015,1059,12/03/2015,"Jueves",0,18:30:00,,"0.0",2,"Pickup/Utilitario,Moto/Ciclomotor","Av San Martin Y Santa Fe",2,1,0,0,1,0,0,,"Calle",,"FRAY LUIS BELTRÁN","San Lorenzo","S/D","S/D","XVII","Dentro","Urbana","S/D","S/D","S/D","S/D","S/D","Diurna","S/D","S/D","S/D","S/D","S/D","S/D","S/D","S/D"
2015,1060,24/03/2015,"Martes",0,21:15:00,,"0.0",2,"Moto/Ciclomotor,Automóvil"," ",2,1,0,0,0,0,1,,"Avenida",,"RAFAELA","Castellanos","Asfalto","S/D","V","S/D","Urbana","Ninguna","S/D","Intersección","S/D","S/D","Diurna","Buen Tiempo","Frontal","S/D","Colisión","S/D","Horizontal","Ninguna","Sin restricción"
2015,1061,01/03/2015,"Domingo",0,05:40:00,,"0.0",2,"Moto/Ciclomotor,Moto/Ciclomotor","Av Cordoba Y Gobernador Crespo",3,2,1,0,0,0,0,,"Avenida",,"ESPERANZA","Las Colonias","Asfalto","No existe","XI","Dentro","Urbana","Ninguna","No existe","Intersección","Bueno","Buena","Nocturna","Buen Tiempo","Frontal,Lateral","S/D","Colisión","Ninguna","Faltante","Ninguna","Sin restricción"
2015,1062,09/03/2015,"Lunes",0,09:00:00,,"0.0",2,"Moto/Ciclomotor,Pickup/Utilitario","Bv R S Pe±a Y Fco Angeloni",2,1,0,0,1,0,0,,"Calle",,"SAN JUSTO","San Justo","Asfalto","No existe","XVI","S/D","Urbana","Ninguna","No existe","Intersección","Bueno","Buena","Diurna","Buen Tiempo","Otro","S/D","Colisión","S/D","Vertical","Ninguna","Sin restricción"
2015,1063,13/03/2015,"Viernes",0,17:20:00,,"0.0",1,"Moto/Ciclomotor","San Roque Y Av Belgrano",1,1,0,0,0,0,0,,"Avenida",,"CAPITÁN BERMÚDEZ","San Lorenzo","Asfalto","S/D","XVII","Dentro","Urbana","S/D","S/D","Intersección","Bueno","Buena","Diurna","S/D","S/D","S/D","Caída ocupante","S/D","S/D","S/D","S/D"
2015,1064,24/03/2015,"Martes",0,20:00:00,,"0.0",2,"Moto/Ciclomotor,Automóvil","Rioja Y Sarmiento",2,1,0,0,1,0,0,,"Calle",,"PUERTO SAN MARTÍN","San Lorenzo","Asfalto","No existe","XVII","Dentro","Urbana","Ninguna","No existe","Intersección","Bueno","Buena","Nocturna","Buen Tiempo","Lateral","S/D","Colisión","Ninguna","Horizontal","Ninguna","Sin restricción"
2015,1065,09/03/2015,"Lunes",0,19:40:00,,"0.0",2,"Bicicleta,Pickup/Utilitario"," ",2,1,0,0,1,0,0,,"Calle",,"SAN JUSTO","San Justo","Hormigón","No existe","XVI","Dentro","Urbana","Ninguna","No existe","Intersección","Bueno","Buena","Atardecer,Con luz artificial","Buen Tiempo","S/D","S/D","Atropello","Ninguna","Vertical","Ninguna","Sin restricción"
2015,1066,20/03/2015,"Viernes",0,05:50:00,,"0.0",1,"Moto/Ciclomotor","AV PODIO 440",1,0,1,0,0,0,0,,"Avenida",,"RAFAELA","Castellanos","Asfalto","Pavimento","V","S/D","Urbana","Ninguna","No existe","Recta","Bueno","Buena","Nocturna","Buen Tiempo","Contra objeto fijo","S/D","Caída ocupante,Colisión","S/D","S/D","Línea divisoria pintada","Sin restricción"
2015,1067,16/03/2015,"Lunes",0,11:45:00,,"0.0",2,"Moto/Ciclomotor,Taxi/Remis","Mitre Y Santa Fe",2,1,0,0,1,0,0,,"Calle",,"FRAY LUIS BELTRÁN","San Lorenzo","Asfalto","No existe","XVII","Dentro","Urbana","Ninguna","No existe","Intersección","Bueno","Buena","Diurna","Buen Tiempo","Lateral","S/D","Colisión","S/D","Faltante","Ninguna","Sin restricción"
2015,1068,28/03/2015,"Sabado",0,23:50:00,,"0.0",1,"Moto/Ciclomotor","N Laprida Y De Pinedo",1,1,0,0,0,0,0,,"Calle",,"GÁLVEZ","San Jerónimo","Tierra","Ripio","XV","S/D","Urbana","Ninguna","No existe","Intersección","Con baches","Buena","Nocturna","Buen Tiempo","Atropello animal","S/D","Colisión","Material Suelto","S/D","S/D","Sin restricción"
2015,1069,29/03/2015,"Domingo",0,06:00:00,,"0.0",2,"Transporte de Pasajeros Urbano (> 8 asientos),Automóvil","General Richieri Y Av San Martin",2,1,0,0,1,0,0,,"Calle",,"FRAY LUIS BELTRÁN","San Lorenzo","Asfalto","Ripio","XVII","Dentro","Urbana","Semáforo","No existe","Recta","Bueno","Buena","Nocturna,Con luz artificial","Buen Tiempo","Frontal","S/D","Colisión","S/D","Vertical","Ninguna","Sin restricción"
2015,1070,07/03/2015,"Sabado",0,19:50:00,"Ruta Nacional 9","333.0",2,"Pickup/Utilitario,Bicicleta","Ruta Nacional 9 ",2,0,0,1,1,0,0,,"Ruta",9,"ROLDÁN","San Lorenzo","Asfalto","Natural","XVII","Dentro","Rural","Ninguna","No existe","Recta","Bueno","Reducida","Atardecer","Buen Tiempo","S/D","S/D","Atropello","S/D","Vertical","Ninguna","Sin restricción"
2015,1071,20/03/2015,"Viernes",0,13:40:00,,"0.0",2,"Automóvil,Moto/Ciclomotor","Av San Lorenzo Y Rosario",2,1,0,0,1,0,0,,"Avenida",,"CAPITÁN BERMÚDEZ","San Lorenzo","Asfalto","S/D","XVII","Dentro","Urbana","S/D","S/D","Intersección","Bueno","Buena","Diurna","Buen Tiempo","Lateral","S/D","Colisión","S/D","S/D","S/D","S/D"
2015,1072,10/03/2015,"Martes",0,12:30:00,,"0.0",2,"Moto/Ciclomotor,Automóvil","Rivadavia Y Marcos Avellaneda",4,1,0,0,3,0,0,,"Calle",,"ESPERANZA","Las Colonias","Asfalto","No existe","XI","Dentro","Urbana","Ninguna","No existe","Intersección","Bueno","Buena","Diurna","Buen Tiempo","Frontal,Lateral","S/D","Colisión","Ninguna","Faltante","Ninguna","Sin restricción"
2015,1073,11/01/2015,"Domingo",0,21:00:00,"Ruta Nacional 34","147.0",2,"Camión,Bicicleta","Ruta Nacional 34 147",3,2,0,0,1,0,0,,"Ruta",34,"SAN MARTIN DE LAS ESCOBAS","San Martín","Asfalto","Natural","XVIII","Fuera","Rural","Ninguna","No existe","Recta","Bueno","Reducida","Nocturna","Buen Tiempo","Otro","S/D","Atropello","Ninguna","Faltante","Línea divisoria pintada","Sin restricción"
2015,1074,15/03/2015,"Domingo",0,16:25:00,"Ruta Nacional 11","594.0",2,"Automóvil,Moto/Ciclomotor"," ",4,2,0,0,2,0,0,,"Ruta",11,"MARCELINO ESCALADA","San Justo","Asfalto","Natural","XVI","Dentro","Rural","Marca Vial","No existe","Recta","Bueno","Buena","Diurna","Buen Tiempo","Lateral","S/D","Colisión","Ninguna","Vertical","Línea divisoria pintada","Sin restricción"
2015,1075,03/03/2015,"Martes",0,17:15:00,,"0.0",2,"Automóvil,Automóvil","Benavidez Y Bv San Martin",5,1,0,0,4,0,0,,"Calle",,"BARRANCAS","San Jerónimo","S/D","S/D","XV","S/D","Urbana","Ninguna","No existe","Intersección","S/D","Buena","Nocturna,Con luz artificial","Buen Tiempo","Lateral","S/D","Colisión","Ninguna","Faltante","Ninguna","Sin restricción"
2015,1076,07/03/2015,"Sabado",0,17:00:00,"Ruta Nacional 9","0.0",2,"Moto/Ciclomotor,Automóvil","Ruta Nacional 9 Y Mario Boye",2,1,0,0,1,0,0,,"Ruta",9,"ROLDÁN","San Lorenzo","Asfalto","Natural","XVII","Dentro","Urbana","Ninguna","No existe","Intersección","Bueno","Buena","Diurna","Buen Tiempo","Lateral","S/D","Colisión","S/D","Vertical","Ninguna","Sin restricción"
2015,1077,16/03/2015,"Lunes",0,13:20:00,,"0.0",2,"Automóvil,Peatón","Av San Lorenzo Y Remedios de Escalada",2,1,0,0,1,0,0,,"Avenida",,"CAPITÁN BERMÚDEZ","San Lorenzo","Asfalto","S/D","XVII","Dentro","Urbana","S/D","S/D","Intersección","Bueno","S/D","Diurna","Buen Tiempo","S/D","S/D","Atropello","S/D","S/D","S/D","Sin restricción"
2015,1078,13/03/2015,"Viernes",0,11:40:00,"Ruta Provincial 70","0.0",2,"Moto/Ciclomotor,Camión","A Aufranc 2800",3,1,0,0,2,0,0,,"Ruta",70,"ESPERANZA","Las Colonias","Asfalto","Natural","XI","S/D","Urbana","Ninguna","Funciona","Intersección","Bueno","Buena","Diurna","Buen Tiempo","Lateral","S/D","Colisión","Ninguna","Horizontal","Línea divisoria pintada","Sin restricción"
2015,1079,14/01/2015,"Miercoles",0,12:00:00,"Ruta Nacional 34","0.0",2,"Pickup/Utilitario,Camión","Ruta Nacional 34 52",2,1,0,0,1,0,0,,"Ruta",34,"SAN MARTIN DE LAS ESCOBAS","San Martín","Asfalto","Natural","XVIII","Dentro","Urbana","Señal Ceda el Paso","No existe","Intersección","Bueno","Buena","Diurna","Buen Tiempo","De alcance","S/D","Colisión","Ninguna","Vertical","Línea divisoria pintada","Sin restricción"
2015,1080,30/03/2015,"Lunes",0,11:30:00,,"0.0",2,"Automóvil,Moto/Ciclomotor","Av San Martin Y Maestra Barragan - Ex Bs.As.",2,1,0,0,1,0,0,,"Calle",,"FRAY LUIS BELTRÁN","San Lorenzo","Asfalto","Ripio","XVII","Dentro","Urbana","Ninguna","No existe","Intersección","Bueno","Buena","Diurna","Buen Tiempo","Frontal","S/D","Colisión","S/D","Faltante","Ninguna","Sin restricción"
2015,1082,22/03/2015,"Domingo",0,19:00:00,,"0.0",2,"Moto/Ciclomotor,Automóvil","Rodriguez Peña Y Guemes",3,1,0,0,2,0,0,,"Calle",,"ESPERANZA","Las Colonias","Asfalto","No existe","XI","Dentro","Urbana","Ninguna","No existe","Intersección","Bueno","Buena","Diurna","Buen Tiempo","Frontal,Lateral","S/D","Colisión","Ninguna","Faltante","Ninguna","Sin restricción"
2015,1083,24/03/2015,"Martes",0,17:45:00,"Ruta Nacional A012","40.0",2,"Camión,Camión"," ",3,0,1,0,2,0,0,,"Ruta","A012","ROLDÁN","San Lorenzo","Asfalto","Natural","XVII","S/D","Rural","Ninguna","No existe","Recta","Bueno","Buena","Diurna","Buen Tiempo","Lateral","S/D","Colisión","Ninguna","Vertical","Ninguna","Sin restricción"
2015,1084,19/03/2015,"Jueves",0,20:50:00,,"0.0",2,"Moto/Ciclomotor,Automóvil","AV PODIO Y J.P. LOPEZ",3,2,0,0,1,0,0,,"Avenida",,"RAFAELA","Castellanos","Asfalto","Pavimento","V","S/D","Urbana","Ninguna","No existe","Intersección","Bueno","Buena","Nocturna","Buen Tiempo","S/D","S/D","Colisión","Ninguna","S/D","S/D","Sin restricción"
2015,1085,20/03/2015,"Viernes",0,21:30:00,,"0.0",2,"Automóvil,Moto/Ciclomotor","AV. SAN MARTIN  Y P. GUTIERREZ",2,0,1,0,1,0,0,,"Avenida",,"VIDELA","San Justo","Asfalto","Natural","XVI","Dentro","Urbana","Ninguna","No existe","Intersección","Bueno","Buena","Nocturna,Con luz artificial","Buen Tiempo","Lateral","S/D","Colisión","Otro","Horizontal","Vegetación","Sin restricción"
2015,1086,21/02/2015,"Sabado",0,16:00:00,,"0.0",2,"Bicicleta,Moto/Ciclomotor","Mariano Moreno ",2,2,0,0,0,0,0,,"Calle",,"VILLA MINETTI","9 de Julio","S/D","S/D","XII","Fuera","Urbana","S/D","No existe","Otro","S/D","Buena","Diurna","S/D","S/D","S/D","Atropello","S/D","S/D","S/D","S/D"
2015,1087,22/03/2015,"Domingo",0,07:15:00,"Ruta Provincial 70","0.0",2,"Automóvil,Moto/Ciclomotor","A Aufranc 3600",2,1,0,0,1,0,0,,"Ruta",70,"ESPERANZA","Las Colonias","Asfalto","Natural","XI","Dentro","Urbana","Semáforo","Funciona","Recta","Bueno","Buena","Diurna","Buen Tiempo","De alcance","S/D","Colisión","Ninguna","Horizontal","Línea divisoria pintada","Sin restricción"
2015,1088,29/03/2015,"Domingo",0,12:30:00,"Ruta Nacional Rosario -Cordoba","324.0",1,"Automóvil"," ",4,0,1,0,3,0,0,,"Ruta","Rosario -Cordoba","SAN JERÓNIMO SUR","San Lorenzo","Asfalto","S/D","XVII","Dentro","Rural","S/D","S/D","Recta","Bueno","Buena","Diurna","Buen Tiempo","S/D","S/D","Vuelco","S/D","S/D","S/D","S/D"
2015,1089,25/03/2015,"Miercoles",0,20:55:00,,"0.0",2,"Moto/Ciclomotor,Automóvil"," ",2,1,0,0,1,0,0,,"S/D",,"CAPITÁN BERMÚDEZ","San Lorenzo","Asfalto","S/D","XVII","S/D","Urbana","S/D","S/D","Intersección","S/D","Buena","Nocturna","Buen Tiempo","Lateral","S/D","Colisión","S/D","S/D","S/D","S/D"
2015,1090,20/03/2015,"Viernes",0,20:30:00,"Ruta Nacional 9","0.0",2,"Automóvil,Automóvil","Catamarca Y Urquiza",4,2,0,0,2,0,0,,"Ruta",9,"ROLDÁN","San Lorenzo","Asfalto","Natural","XVII","Dentro","Urbana","Ninguna","Funciona","Intersección","Bueno","Reducida","Nocturna","Buen Tiempo","Lateral","S/D","Colisión","S/D","Vertical","Ninguna","Sin restricción"
2015,1091,23/03/2015,"Lunes",0,08:25:00,,"0.0",2,"Moto/Ciclomotor,Pickup/Utilitario","L N Alem 2900",1,1,0,0,0,0,0,,"Calle",,"SAN JUSTO","San Justo","Asfalto","No existe","XVI","Dentro","Urbana","Ninguna","No existe","Recta","Bueno","Buena","Diurna","Buen Tiempo","Contra objeto fijo","S/D","Colisión","S/D","Horizontal","Ninguna","Sin restricción"
2015,1092,08/03/2015,"Domingo",0,02:35:00,,"0.0",2,"Automóvil,Moto/Ciclomotor","Av San Lorenzo Y 9 de Julio",2,1,0,0,1,0,0,,"Avenida",,"CAPITÁN BERMÚDEZ","San Lorenzo","Asfalto","S/D","XVII","Dentro","Urbana","S/D","S/D","Intersección","Bueno","Buena","Nocturna","Buen Tiempo","Lateral","S/D","Colisión","S/D","S/D","S/D","S/D"
2015,1093,25/03/2015,"Miercoles",0,17:15:00,,"0.0",2,"Moto/Ciclomotor,Pickup/Utilitario","Rivadavia 2600",2,1,0,0,1,0,0,,"Calle",,"ESPERANZA","Las Colonias","Asfalto","Pavimento","XI","Dentro","Urbana","Ninguna","No existe","Intersección","Bueno","Buena","Diurna","Buen Tiempo","Lateral","S/D","Colisión","Ninguna","Vertical","Ninguna","Sin restricción"
2015,1094,12/03/2015,"Jueves",0,,,"0.0",2,"Camión,Moto/Ciclomotor","Bv Europa Y Cortada La Rioja",2,0,1,0,1,0,0,,"Calle",,"EL TRÉBOL","San Martín","Ripio","No existe","XVIII","S/D","Rural","Ninguna","S/D","Intersección","Bueno","Buena","Diurna","Buen Tiempo","De alcance","S/D","Colisión","S/D","S/D","Ninguna","Sin restricción"
2015,1095,18/03/2015,"Miercoles",0,12:05:00,,"0.0",2,"Pickup/Utilitario,Moto/Ciclomotor","25 de Mayo Y Juan de Garay",2,1,0,0,1,0,0,,"Calle",,"VILLA MINETTI","9 de Julio","Ripio","No existe","XII","Dentro","Urbana","Ninguna","No existe","Intersección","Resbaladiza","Buena","Diurna","Buen Tiempo","Lateral","S/D","Colisión","Material Suelto","Faltante","Ninguna","Sin restricción"
2015,1096,27/03/2015,"Viernes",0,22:45:00,,"0.0",2,"Moto/Ciclomotor,Pickup/Utilitario","Av Los Colonizadores Y Almirante Brown",3,1,0,0,2,0,0,,"Avenida",,"ESPERANZA","Las Colonias","Asfalto","No existe","XI","S/D","Urbana","Ninguna","No existe","Intersección","Bueno","Buena","Nocturna,Con luz artificial","Buen Tiempo","Lateral","S/D","Colisión","Ninguna","Horizontal,Vertical","Cordón divisorio","Sin restricción"
2015,1097,26/01/2015,"Lunes",0,12:00:00,,"0.0",2,"Pickup/Utilitario,Peatón","Rivadavia Y Dante Alighieri",2,1,0,0,1,0,0,,"Calle",,"RAFAELA","Castellanos","Hormigón","No existe","V","S/D","Urbana","Ninguna","No existe","Intersección","Bueno","Buena","Diurna","Buen Tiempo","S/D","S/D","Atropello","Ninguna","S/D","Cordón divisorio","Accidente Previo"
2015,1098,19/03/2015,"Jueves",0,20:35:00,,"0.0",2,"Automóvil,Moto/Ciclomotor","Cordoba ",3,2,0,0,1,0,0,,"Calle",,"VILLA MINETTI","9 de Julio","Tierra","Natural","XII","Dentro","Urbana","Ninguna","No existe","Recta","Deteriorada","Reducida","Nocturna","Buen Tiempo","Lateral","S/D","Colisión","Otro","Faltante","Ninguna","Sin restricción"
2015,1099,21/03/2015,"Sabado",0,13:25:00,,"0.0",2,"Moto/Ciclomotor,Moto/Ciclomotor","Av Paganini 400",3,2,0,0,1,0,0,,"Avenida",,"BARRANCAS","San Jerónimo","Asfalto","No existe","XV","S/D","Urbana","Ninguna","No existe","Recta","S/D","Buena","Diurna","Buen Tiempo","Lateral","S/D","Colisión","S/D","Faltante","Ninguna","Sin restricción"
2015,1100,26/03/2015,"Jueves",0,19:10:00,"Ruta Nacional 9","337.0",1,"Moto/Ciclomotor"," ",2,2,0,0,0,0,0,,"Ruta",9,"SAN JERÓNIMO SUR","San Lorenzo","Asfalto","S/D","XVII","Dentro","Rural","S/D","S/D","Recta","Bueno","Buena","Diurna","Buen Tiempo","S/D","S/D","Caída ocupante","S/D","S/D","S/D","S/D"