"anio_acci","nro_acci","fecha","desc_dia","fecha_aprox","hora_aprox","desc_ruta","km","cant_participantes","desc_participante","calle_avenida_km","total","heridos_leves","heridos_graves","heridos_gravisimos","ilesos","fallecidos","sin_datos","posicion_XY","desc_tipo_via","desc_ruta_ori","desc_loc","desc_dpto","desc_tipo_calzada","desc_tipo_banquina","desc_unidad_regional","desc_lugar_calzada","desc_zona","desc_prioridad","desc_estado_semaforo","desc_lugar_via","desc_estado_via","desc_estado_visibilidad","desc_luminosidad","desc_estado_clima","desc_tipo_colision","desc_tipo_atropello","desc_tipo_hecho","desc_pres_calzada","desc_senializacion","desc_separacion_via","desc_restriccion"
2015,1101,23/03/2015,"Lunes",0,18:55:00,,"0.0",1,"Moto/Ciclomotor","Manuel Belgrano Y Pje. s/n",1,0,1,0,0,0,0,,"Calle",,"EL TRÉBOL","San Martín","Ripio","No existe","XVIII","S/D","Urbana","Ninguna","No existe","Intersección","Bueno","Buena","Diurna","Buen Tiempo","Atropello animal","S/D","Colisión","S/D","Faltante","Ninguna","Sin restricción"
2015,1102,06/02/2015,"Viernes",0,20:50:00,,"0.0",2,"Moto/Ciclomotor,Moto/Ciclomotor","Calle sin nombre ",3,2,0,0,1,0,0,,"Camino Rural",,"SANTA MARGARITA","9 de Julio","Tierra","Natural","XII","S/D","Rural","Ninguna","No existe","Otro","Resbaladiza","Reducida polvo","Nocturna","Buen Tiempo","Frontal","S/D","Colisión","Agua","Faltante","Ninguna","Sin restricción"
2015,1103,16/03/2015,"Lunes",0,22:00:00,,"0.0",1,"Automóvil","Calle sin nombre ",5,4,1,0,0,0,0,,"Camino Rural",,"GESSLER","San Jerónimo","Tierra","Natural","XV","Fuera","Rural","Ninguna","No existe","Intersección","Otro","Reducida","Nocturna","Buen Tiempo","S/D","S/D","Vuelco","Ninguna","Faltante","Ninguna","Sin restricción"
2015,1104,16/01/2015,"Viernes",0,13:00:00,,"0.0",2,"Bicicleta,Automóvil","Simon Bolivar Y 3 de Febrero",2,1,0,0,1,0,0,,"Calle",,"RAFAELA","Castellanos","Hormigón","No existe","V","S/D","Urbana","Ninguna","No existe","Intersección","Bueno","Buena","Diurna","Buen Tiempo","S/D","S/D","Atropello","Ninguna","S/D","Cordón divisorio","Accidente Previo"
2015,1105,29/03/2015,"Domingo",0,12:15:00,,"0.0",2,"Moto/Ciclomotor,Moto/Ciclomotor","Dr Hector Lopez Y Lopez y Planes",2,2,0,0,0,0,0,,"Calle",,"CORONDA","San Jerónimo","Arena","Natural","XV","S/D","Urbana","Ninguna","No existe","Intersección","Bueno","Buena","Diurna","Buen Tiempo","Frontal","S/D","Colisión","S/D","Faltante","Ninguna","Sin restricción"
2015,1106,21/03/2015,"Sabado",0,11:35:00,"Ruta Nacional 11","0.0",2,"Automóvil,Bicicleta","Av San Martin 3000",2,1,0,0,1,0,0,,"Ruta",11,"SAN LORENZO","San Lorenzo","Hormigón","No existe","XVII","S/D","Urbana","Semáforo","Funciona","Recta","Bueno","Buena","Diurna","Buen Tiempo","S/D","S/D","Atropello","Ninguna","Vertical","S/D","S/D"
2015,1107,10/03/2015,"Martes",0,,,"0.0",2,"Pickup/Utilitario,Moto/Ciclomotor","Peru Y Luna",3,2,0,0,1,0,0,,"Calle",,"SAN LORENZO","San Lorenzo","S/D","S/D","XVII","S/D","Urbana","S/D","S/D","Intersección","S/D","Buena","S/D","S/D","S/D","S/D","Colisión","S/D","S/D","S/D","S/D"
2015,1108,11/03/2015,"Miercoles",0,15:40:00,"Ruta Nacional 11","0.0",2,"Moto/Ciclomotor,Automóvil","Jose de San Martin ",5,1,0,0,4,0,0,,"Ruta",11,"CORONDA","San Jerónimo","Asfalto","No existe","XV","Dentro","Rural","Ninguna","No existe","Intersección","Bueno","Buena","Diurna","Buen Tiempo","Lateral","S/D","Colisión","S/D","S/D","Ninguna","S/D"
2015,1109,07/03/2015,"Sabado",0,04:30:00,,"0.0",2,"Moto/Ciclomotor,Automóvil","Av Los Colonizadores 100",2,1,0,0,1,0,0,,"Calle",,"ESPERANZA","Las Colonias","Asfalto","No existe","XI","Dentro","Urbana","Ninguna","No existe","Recta","Bueno","Buena","Nocturna","Buen Tiempo","De alcance","S/D","Colisión","Ninguna","Horizontal","Cordón divisorio","Sin restricción"
2015,1110,27/03/2015,"Viernes",0,14:00:00,"Ruta Nacional 11","420.0",2,"Moto/Ciclomotor,Moto/Ciclomotor"," ",3,3,0,0,0,0,0,,"Ruta",11,"CORONDA","San Jerónimo","Asfalto","Natural","XV","Dentro","Rural","Ninguna","No existe","Recta","Bueno","Buena","Diurna","Buen Tiempo","Lateral","S/D","Colisión","S/D","Faltante","Línea divisoria pintada","Sin restricción"
2015,1111,27/03/2015,"Viernes",0,21:50:00,,"0.0",2,"Moto/Ciclomotor,Moto/Ciclomotor","Los Andes Y 25 de Mayo",3,2,1,0,0,0,0,,"Calle",,"TOSTADO","9 de Julio","Asfalto","Pavimento","XII","Fuera","Urbana","Ninguna","No existe","Intersección","Bueno","Buena","Nocturna,Con luz artificial","Buen Tiempo","Lateral","S/D","Colisión","Ninguna","Faltante","Ninguna","Sin restricción"
2015,1112,29/03/2015,"Domingo",0,04:30:00,,"0.0",1,"Moto/Ciclomotor","Sarmiento 1255",1,1,0,0,0,0,0,,"Calle",,"CENTENO","San Jerónimo","Asfalto","S/D","XV","Dentro","Urbana","S/D","S/D","Recta","Bueno","Buena","Nocturna","Buen Tiempo","Contra objeto fijo","S/D","Colisión","S/D","S/D","Ninguna","Sin restricción"
2015,1113,12/03/2015,"Jueves",0,19:45:00,"Autopista Nacional Rosario -Cordoba","40.0",2,"Automóvil,Automóvil"," ",3,3,0,0,0,0,0,,"Autopista","Rosario -Cordoba","ROLDÁN","San Lorenzo","Asfalto","Natural","XVII","Dentro","Rural","Ninguna","No existe","Recta","Bueno","Reducida","Atardecer","Buen Tiempo","Frontal","S/D","Colisión","S/D","Vertical","Ninguna","Sin restricción"
2015,1114,13/03/2015,"Viernes",0,10:30:00,,"0.0",2,"Automóvil,Moto/Ciclomotor","25 de Mayo Y Guemes",3,1,1,0,1,0,0,,"Calle",,"TOSTADO","9 de Julio","Asfalto,Ripio","Natural","XII","S/D","Urbana","Ninguna","No existe","Intersección","Bueno","Buena","Diurna","Buen Tiempo","Frontal","S/D","Colisión","Ninguna","Faltante","Ninguna","Sin restricción"
2015,1115,08/03/2015,"Domingo",0,,"Ruta Provincial 2","348.0",2,"Moto/Ciclomotor,Pickup/Utilitario"," ",4,2,1,0,0,0,1,,"Ruta",2,"TOSTADO","9 de Julio","Asfalto","S/D","XII","S/D","Rural","Ninguna","S/D","Recta","Bueno","Reducida","Nocturna","Buen Tiempo","Lateral","S/D","Colisión","Ninguna","Horizontal","Línea divisoria pintada","S/D"
2015,1116,30/03/2015,"Lunes",0,20:10:00,"Ruta Nacional 11","0.0",2,"Automóvil,Moto/Ciclomotor","Av L de la Torre-Ruta Nac 11 ",3,0,0,0,1,0,2,,"Ruta",11,"CORONDA","San Jerónimo","Asfalto","Natural","XV","Dentro","Urbana","Marca Vial","No existe","Recta","Bueno","Buena","Nocturna,Con luz artificial","Buen Tiempo","Lateral","S/D","Colisión","S/D","Horizontal,Vertical","Cordón divisorio,Línea divisoria pintada","Sin restricción"
2015,1117,11/03/2015,"Miercoles",0,10:00:00,,"0.0",2,"Pickup/Utilitario,Moto/Ciclomotor","Bv Oroño ",3,2,0,0,1,0,0,,"Calle",,"SAN LORENZO","San Lorenzo","Asfalto","No existe","XVII","S/D","Urbana","S/D","S/D","Recta","Bueno","Buena","Diurna","Buen Tiempo","Otro","S/D","Colisión","Ninguna","Vertical","Cordón divisorio","S/D"
2015,1118,13/03/2015,"Viernes",0,12:00:00,"Ruta Nacional 11","0.0",2,"Automóvil,Moto/Ciclomotor","Av San Martin 3800",3,2,0,0,1,0,0,,"Ruta",11,"SAN LORENZO","San Lorenzo","Hormigón","No existe","XVII","S/D","Urbana","S/D","No existe","Recta","Bueno","Buena","Diurna","Buen Tiempo","S/D","S/D","Otro","Ninguna","Horizontal","Ninguna","S/D"
2015,1119,25/03/2015,"Miercoles",0,15:45:00,"Ruta Nacional 9","338.0",1,"Automóvil"," ",2,2,0,0,0,0,0,,"Ruta",9,"SAN JERÓNIMO SUR","San Lorenzo","Asfalto","Natural","XVII","Dentro","Rural","S/D","S/D","Recta","Bueno","Buena","Diurna","Buen Tiempo","S/D","S/D","Vuelco","S/D","S/D","S/D","Sin restricción"
2015,1120,12/03/2015,"Jueves",0,13:40:00,"Autopista Provincial Brigadier E.López","89.0",1,"Pickup/Utilitario"," ",2,1,1,0,0,0,0,,"Autopista","Brigadier E.López","SAN FABIÁN","San Jerónimo","Asfalto","Natural","XV","Dentro","Rural","Ninguna","No existe","Recta","Bueno","Buena","Diurna","Buen Tiempo","S/D","S/D","Vuelco,Despiste","S/D","Vertical","Vegetación,Línea divisoria pintada","Sin restricción"
2015,1121,16/03/2015,"Lunes",0,17:30:00,,"0.0",2,"Bicicleta,Automóvil","Avda 25 de Mayo Y Falucho",2,1,0,0,1,0,0,,"Avenida",,"GÁLVEZ","San Jerónimo","Asfalto","No existe","XV","Dentro","Urbana","Semáforo","Funciona","Intersección","Bueno","Buena","Diurna","Buen Tiempo","S/D","S/D","Atropello","S/D","S/D","Ninguna","Sin restricción"
2015,1122,22/03/2015,"Domingo",0,20:15:00,"Ruta Nacional 11","0.0",2,"Moto/Ciclomotor,Moto/Ciclomotor","Av San Martin 3100",4,2,0,0,2,0,0,,"Ruta",11,"SAN LORENZO","San Lorenzo","Hormigón","No existe","XVII","S/D","Urbana","Semáforo","Funciona","Recta","Bueno","Buena","Nocturna,Con luz artificial","Buen Tiempo","Frontal","S/D","Colisión","Ninguna","Vertical","S/D","S/D"
2015,1123,23/03/2015,"Lunes",0,12:15:00,"Ruta Nacional Rosario -Cordoba","322.0",1,"Automóvil"," ",2,2,0,0,0,0,0,,"Ruta","Rosario -Cordoba","SAN JERÓNIMO SUR","San Lorenzo","Asfalto","Natural","XVII","Dentro","Urbana","Ninguna","No existe","Recta","Bueno","Buena","Diurna","Buen Tiempo","S/D","S/D","Vuelco","S/D","S/D","S/D","Sin restricción"
2015,1124,06/03/2015,"Viernes",0,20:20:00,"Ruta Provincial 95","0.0",1,"Moto/Ciclomotor"," ",2,2,0,0,0,0,0,,"Ruta",95,"GABOTO","San Jerónimo","Asfalto","Natural","XV","Fuera","Rural","Ninguna","No existe","Recta","Con baches","Reducida","Nocturna","Buen Tiempo","S/D","S/D","Despiste","Ninguna","Faltante","Línea divisoria pintada","Sin restricción"
2015,1125,30/03/2015,"Lunes",0,12:15:00,,"0.0",2,"Moto/Ciclomotor,Moto/Ciclomotor","Dorrego 2600",2,0,1,0,1,0,0,,"Calle",,"SAN LORENZO","San Lorenzo","Asfalto","No existe","XVII","S/D","Urbana","Ninguna","No existe","Recta","Bueno","Buena","Diurna","Buen Tiempo","Otro","S/D","Colisión","Ninguna","Vertical","S/D","Sin restricción"
2015,1126,21/03/2015,"Sabado",0,18:20:00,"Ruta Nacional Rosario -Cordoba","322.0",1,"Automóvil"," ",1,1,0,0,0,0,0,,"Ruta","Rosario -Cordoba","SAN JERÓNIMO SUR","San Lorenzo","Asfalto","Natural","XVII","Dentro","Urbana","S/D","S/D","Recta","Bueno","Buena","Diurna","Buen Tiempo","S/D","S/D","Despiste","S/D","S/D","S/D","S/D"
2015,1127,28/01/2015,"Miercoles",0,,,"0.0",2,"Bicicleta,Pickup/Utilitario"," ",2,1,0,0,1,0,0,,"Calle",,"GÁLVEZ","San Jerónimo","Asfalto","No existe","XV","Dentro","Urbana","Ninguna","No existe","Intersección","Bueno","Buena","Diurna","Buen Tiempo","S/D","S/D","Atropello","Otro","Vertical","Ninguna","Sin restricción"
2015,1128,14/02/2015,"Sabado",0,19:10:00,,"0.0",2,"Automóvil,Moto/Ciclomotor","Guemes Y 25 de Mayo",2,0,1,0,1,0,0,,"Calle",,"CORONDA","San Jerónimo","Asfalto","No existe","XIV","Dentro","Urbana","Ninguna","No existe","Intersección","Bueno","Buena","Atardecer","Buen Tiempo","Múltiple","S/D","Colisión","S/D","S/D","S/D","Sin restricción"
2015,1129,16/01/2015,"Viernes",0,23:30:00,,"0.0",2,"Automóvil,Moto/Ciclomotor","Bv Pte Roca Y 25 de Mayo",2,1,0,0,1,0,0,,"Calle",,"RAFAELA","Castellanos","Hormigón","No existe","V","S/D","Urbana","Ninguna","No existe","Intersección","Bueno","Buena","Nocturna","Buen Tiempo","S/D","S/D","Colisión","Ninguna","S/D","Cordón divisorio","S/D"
2015,1130,19/03/2015,"Jueves",0,17:50:00,,"0.0",2,"Automóvil,Bicicleta","Bv San Martin Y Belgrano",3,1,0,0,2,0,0,,"Calle",,"PUERTO SAN MARTÍN","San Lorenzo","Asfalto","Natural","XVII","Dentro","Urbana","Ninguna","No existe","Intersección","Bueno","Buena","Diurna","Buen Tiempo","De alcance","S/D","Colisión","Ninguna","Horizontal","Ninguna","Sin restricción"
2015,1131,22/02/2015,"Domingo",0,06:40:00,"Ruta Provincial 1","75.0",1,"Automóvil"," ",1,1,0,0,0,0,0,,"Ruta",1,"CAMPO DEL MEDIO","Garay","Asfalto","Natural","VII","Fuera","Urbana","Ninguna","No existe","Recta","Bueno","Reducida","Amanecer","Buen Tiempo","S/D","S/D","Vuelco","Ninguna","Faltante","Línea divisoria pintada","Sin restricción"
2015,1132,09/03/2015,"Lunes",0,20:40:00,"Ruta Provincial 64","0.0",2,"Bicicleta,Moto/Ciclomotor"," ",2,0,2,0,0,0,0,,"Ruta",64,"CORONDA","San Jerónimo","Asfalto","Natural","XV","Dentro","Rural","Ninguna","No existe","Recta","Bueno","Reducida","Nocturna","Buen Tiempo","S/D","S/D","Atropello","S/D","Faltante","Línea divisoria pintada","Sin restricción"
2015,1133,23/01/2015,"Viernes",0,02:30:00,,"0.0",2,"Automóvil,Moto/Ciclomotor","Mariano Moreno Y Lisandro de la Torre",2,1,0,0,1,0,0,,"Calle",,"RAFAELA","Castellanos","Hormigón","No existe","V","S/D","Urbana","Ninguna","No existe","Intersección","Bueno","Buena","Nocturna","Buen Tiempo","S/D","S/D","Colisión","Ninguna","S/D","Cordón divisorio","Accidente Previo"
2015,1134,15/03/2015,"Domingo",0,22:40:00,"Ruta Provincial 1","121.0",1,"Moto/Ciclomotor"," ",1,1,0,0,0,0,0,,"Ruta",1,"COLONIA MASCIAS","Garay","Asfalto","Natural","VII","Dentro","Urbana","Ninguna","No existe","Recta","Bueno","Buena","Nocturna","Buen Tiempo","S/D","S/D","Caída ocupante","Ninguna","Horizontal,Vertical","Línea divisoria pintada","Sin restricción"
2015,1135,27/03/2015,"Viernes",0,17:00:00,,"0.0",3,"Automóvil,Automóvil,Peatón","Cordoba Y Reconquista",3,1,0,0,1,0,1,,"Calle",,"PUERTO SAN MARTÍN","San Lorenzo","Asfalto","Pavimento","XVII","Dentro","Urbana","Ninguna","No existe","Intersección","Bueno","Buena","Diurna","Buen Tiempo","Lateral","S/D","Colisión,Atropello","Ninguna","Horizontal","Ninguna","Sin restricción"
2015,1136,13/03/2015,"Viernes",0,16:30:00,"Ruta Provincial 1","28.0",1,"Pickup/Utilitario"," ",2,1,0,0,1,0,0,,"Ruta",1,"LOS ZAPALLOS","Garay","Asfalto","Natural","VII","Fuera","Rural","Marca Vial","No existe","Recta","Bueno","Buena","Diurna","Buen Tiempo","S/D","S/D","Despiste","S/D","Horizontal","Vegetación","Sin restricción"
2015,1137,05/03/2015,"Jueves",0,18:00:00,,"0.0",2,"Moto/Ciclomotor,Automóvil","Velez Sarfield Y M Quiros",2,1,0,0,1,0,0,,"Calle",,"RAFAELA","Castellanos","Asfalto","No existe","V","S/D","Urbana","Ninguna","No existe","Intersección","Bueno","Buena","Diurna","Buen Tiempo","S/D","S/D","Colisión","Ninguna","S/D","Cordón divisorio","Sin restricción"
2015,1138,25/03/2015,"Miercoles",0,12:45:00,,"0.0",2,"Automóvil,Moto/Ciclomotor","Belgrano Y Saavedra",2,1,0,0,1,0,0,,"Calle",,"RAFAELA","Castellanos","Hormigón","No existe","V","Dentro","Urbana","Ninguna","No existe","Intersección","Bueno","Buena","Diurna","Buen Tiempo","Frontal","S/D","Colisión","Ninguna","Faltante","Cordón divisorio","Accidente Previo"
2015,1139,09/03/2015,"Lunes",0,,,"0.0",2,"Automóvil,Moto/Ciclomotor","Peru Y Carlos Pellegrini",4,1,0,0,3,0,0,,"Calle",,"RAFAELA","Castellanos","Asfalto","No existe","V","Dentro","Urbana","Ninguna","No existe","Intersección","Bueno","Buena","Diurna","Buen Tiempo","Lateral","S/D","Colisión","S/D","Vertical","Ninguna","Sin restricción"
2015,1140,01/02/2015,"Domingo",0,03:00:00,"Ruta Provincial 1","90.0",1,"Automóvil"," ",2,1,0,0,1,0,0,,"Ruta",1,"HELVECIA","Garay","Asfalto","Natural","VII","S/D","Urbana","Ninguna","No existe","Recta","Bueno","Reducida","Nocturna","Buen Tiempo","Atropello animal","S/D","Colisión","Ninguna","Faltante","Línea divisoria pintada","Sin restricción"
2015,1141,20/03/2015,"Viernes",0,21:30:00,"Ruta Provincial 1","76.0",1,"Pickup/Utilitario"," ",2,1,0,0,1,0,0,,"Ruta",1,"CAMPO DEL MEDIO","Garay","Asfalto","Natural","VII","Fuera","Rural","Ninguna","No existe","Recta","Bueno","Reducida","Nocturna","Buen Tiempo","Atropello animal","S/D","Colisión","Ninguna","Faltante","Línea divisoria pintada","Sin restricción"
2015,1142,25/03/2015,"Miercoles",0,20:50:00,"Ruta Provincial 1","90.0",2,"Pickup/Utilitario,Moto/Ciclomotor"," ",4,2,0,0,2,0,0,,"Ruta",1,"HELVECIA","Garay","Asfalto","Natural","VII","S/D","Urbana","Ninguna","No existe","Recta","Bueno","Reducida","Nocturna","Buen Tiempo","Frontal","S/D","Colisión","Ninguna","Faltante","Línea divisoria pintada","Sin restricción"
2015,1143,30/03/2015,"Lunes",0,19:00:00,"Ruta Nacional 34","0.0",2,"Automóvil,Peatón","Ruta Nacional A012 Y San Lorenzo",2,1,0,0,1,0,0,,"Ruta",34,"RICARDONE","San Lorenzo","Asfalto","S/D","XVII","Dentro","Rural","Ninguna","No existe","Intersección","Bueno","Buena","Diurna","Buen Tiempo","S/D","S/D","Atropello","Ninguna","S/D","S/D","S/D"
2015,1144,23/03/2015,"Lunes",0,00:40:00,,"0.0",2,"Peatón,Moto/Ciclomotor","HILARIOS TRONCOSO Y ELEURECIO CEJAS",2,1,0,0,1,0,0,,"Calle",,"HELVECIA","Garay","Tierra","Natural","VII","S/D","Urbana","Ninguna","No existe","Intersección","Bueno","Reducida","Con luz artificial","Buen Tiempo","S/D","S/D","Atropello","Ninguna","Faltante","Ninguna","Sin restricción"
2015,1145,10/03/2015,"Martes",0,17:00:00,,"0.0",2,"Automóvil,Pickup/Utilitario","DON ORIONE Y SARGENTO CABRAL",3,1,0,0,2,0,0,,"Calle",,"RAFAELA","Castellanos","Asfalto","No existe","V","Dentro","Urbana","Ninguna","No existe","Intersección","Bueno","Reducida","Atardecer","Buen Tiempo","Lateral","S/D","Colisión","Otro","Faltante","Ninguna","Sin restricción"
2015,1146,03/03/2015,"Martes",0,01:00:00,,"0.0",1,"Moto/Ciclomotor","Entre Rios Y A Williams",1,1,0,0,0,0,0,,"S/D",,"SAN LORENZO","San Lorenzo","S/D","S/D","XVII","S/D","S/D","S/D","S/D","S/D","S/D","S/D","Nocturna","S/D","S/D","S/D","S/D","S/D","S/D","S/D","S/D"
2015,1147,02/03/2015,"Lunes",0,03:00:00,,"0.0",2,"Automóvil,Moto/Ciclomotor","Entre Rios Y General Lopez",2,1,0,0,1,0,0,,"S/D",,"SAN LORENZO","San Lorenzo","S/D","S/D","XVII","S/D","S/D","S/D","S/D","S/D","S/D","S/D","Nocturna","S/D","S/D","S/D","S/D","S/D","S/D","S/D","S/D"
2015,1148,18/02/2015,"Miercoles",0,22:00:00,"Ruta Provincial 1","80.0",1,"Automóvil"," ",2,1,0,0,1,0,0,,"Ruta",1,"CAMPO DEL MEDIO","Garay","Asfalto","Natural","VII","S/D","Rural","Ninguna","No existe","Recta","Resbaladiza","Reducida","Nocturna","Lluvia","S/D","S/D","Despiste","Agua","Faltante","Línea divisoria pintada","Sin restricción"
2015,1149,07/03/2015,"Sabado",0,23:30:00,"Ruta Provincial 64","0.0",1,"Automóvil"," ",2,1,1,0,0,0,0,,"Ruta",64,"CORONDA","San Jerónimo","Asfalto","Natural","XV","S/D","Rural","Ninguna","No existe","Recta","Bueno","Reducida","Nocturna","Buen Tiempo","S/D","S/D","Vuelco","S/D","Faltante","Línea divisoria pintada","Sin restricción"
2015,1150,19/03/2015,"Jueves",0,05:30:00,"Ruta Provincial 1","131.0",2,"Camión,Automóvil"," ",3,0,1,0,2,0,0,,"Ruta",1,"COLONIA SAN JOAQUIN","Garay","Asfalto","Natural","VII","Dentro","Rural","Ninguna","No existe","Recta","Bueno","Buena","Nocturna,Con luz artificial","Buen Tiempo","Frontal","S/D","Colisión","Ninguna","Horizontal","Línea divisoria pintada","Sin restricción"
2015,1152,15/03/2015,"Domingo",0,21:20:00,,"0.0",2,"Automóvil,Moto/Ciclomotor","Centenario Y Ferrocarril Belgrano",2,1,0,0,1,0,0,,"Calle",,"CAPITÁN BERMÚDEZ","San Lorenzo","Asfalto","S/D","XVII","Dentro","Urbana","S/D","S/D","Intersección","Bueno","Buena","Nocturna","Buen Tiempo","Lateral","S/D","Colisión","S/D","Faltante","Línea divisoria pintada","S/D"
2015,1153,16/03/2015,"Lunes",0,07:20:00,,"0.0",2,"Automóvil,Peatón","Av San Lorenzo Y Cervantes",2,0,1,0,1,0,0,,"Avenida",,"CAPITÁN BERMÚDEZ","San Lorenzo","Asfalto","Pavimento","XVII","Dentro","Urbana","Ninguna","S/D","Intersección","Bueno","Buena","Amanecer","Buen Tiempo","S/D","S/D","Atropello","S/D","S/D","Ninguna","Sin restricción"
2015,1154,12/03/2015,"Jueves",0,18:45:00,,"0.0",2,"Moto/Ciclomotor,Automóvil","Moreno Y San Carlos",3,2,0,0,1,0,0,,"Calle",,"SAN LORENZO","San Lorenzo","S/D","S/D","XVII","Dentro","Urbana","S/D","S/D","Intersección","S/D","S/D","Atardecer","S/D","Lateral","S/D","Colisión","S/D","S/D","S/D","S/D"
2015,1155,13/03/2015,"Viernes",0,16:00:00,,"0.0",1,,"General Lopez Y Tucuman",2,1,0,0,1,0,0,,"Calle",,"SAN LORENZO","San Lorenzo","S/D","S/D","XVII","Dentro","Urbana","S/D","S/D","Intersección","S/D","S/D","Diurna","S/D","Lateral","S/D","Colisión","S/D","S/D","S/D","S/D"
2015,1156,13/03/2015,"Viernes",0,16:00:00,,"0.0",2,"Taxi/Remis,Moto/Ciclomotor","General Lopez Y Tucuman",2,1,0,0,1,0,0,,"Calle",,"SAN LORENZO","San Lorenzo","S/D","S/D","XVII","Dentro","Urbana","S/D","S/D","Intersección","S/D","S/D","Diurna","S/D","Lateral","S/D","Colisión","S/D","S/D","S/D","S/D"
2015,1157,11/03/2015,"Miercoles",0,09:10:00,,"0.0",2,"Automóvil,Camión","Santa Fe Y Pbro Marozi",5,1,0,0,4,0,0,,"Calle",,"SANTA ROSA DE CALCHINES","Garay","Hormigón","No existe","VII","S/D","Urbana","Ninguna","No existe","Intersección","Bueno","Buena","Diurna","Buen Tiempo","Frontal","S/D","Colisión","Ninguna","Faltante","Ninguna","Sin restricción"
2015,1158,28/02/2015,"Sabado",0,21:50:00,,"0.0",2,"Pickup/Utilitario,Moto/Ciclomotor","CALLE 1 Y CALLE68",3,1,0,0,0,0,2,,"Calle",,"FRONTERA","Castellanos","Hormigón","S/D","V","S/D","Urbana","Ninguna","S/D","Intersección","Bueno","Buena","Nocturna","Buen Tiempo","Frontal","S/D","Colisión","Otro","S/D","Ninguna","Sin restricción"
2015,1159,25/03/2015,"Miercoles",0,06:30:00,"Ruta Nacional 34","0.0",2,"Camión,Automóvil","Domingo Matheu ",6,1,0,0,5,0,0,,"Ruta",34,"RAFAELA","Castellanos","Asfalto","Pavimento","V","Dentro","Urbana","Semáforo","Funciona","Recta","Bueno","Buena","Amanecer","Buen Tiempo","S/D","S/D","Colisión","S/D","Horizontal","S/D","Sin restricción"
2015,1160,26/03/2015,"Jueves",0,11:40:00,,"0.0",2,"Moto/Ciclomotor,Automóvil","Urquiza Y Uriburu",2,1,0,0,0,0,1,,"S/D",,"SAN LORENZO","San Lorenzo","S/D","S/D","XVII","S/D","S/D","S/D","S/D","S/D","S/D","S/D","S/D","S/D","S/D","S/D","S/D","S/D","S/D","S/D","S/D"
2015,1161,16/03/2015,"Lunes",0,09:00:00,,"0.0",2,"Bicicleta,Automóvil","Velez Sarfield Y M Quiros",2,1,0,0,1,0,0,,"Calle",,"RAFAELA","Castellanos","Asfalto","Pavimento","V","Dentro","Urbana","Ninguna","No existe","Curva","Bueno","Buena","Diurna","Buen Tiempo","S/D","S/D","Atropello","S/D","Horizontal","Ninguna","Sin restricción"
2015,1163,18/03/2015,"Miercoles",0,,"Ruta Nacional A012","0.0",2,"Moto/Ciclomotor,Automóvil","Z Martinez Y A Fernandez",2,1,0,0,1,0,0,,"Ruta","A012","SAN LORENZO","San Lorenzo","S/D","S/D","XVII","S/D","S/D","S/D","S/D","S/D","S/D","S/D","S/D","S/D","S/D","S/D","S/D","S/D","S/D","S/D","S/D"
2015,1164,17/03/2015,"Martes",0,,,"0.0",2,"Moto/Ciclomotor,Automóvil","Av San Martin Y L N Alem",3,1,0,0,2,0,0,,"S/D",,"SAN LORENZO","San Lorenzo","S/D","S/D","XII","S/D","S/D","S/D","S/D","S/D","S/D","S/D","S/D","S/D","S/D","S/D","Colisión","S/D","S/D","S/D","S/D"
2015,1165,17/03/2015,"Martes",0,18:00:00,"Ruta Nacional 9","393.0",3,"Automóvil,Automóvil,Automóvil"," ",3,2,0,0,1,0,0,,"Ruta",9,"ARMSTRONG","Belgrano","Asfalto","No existe","III","Dentro","Rural","Ninguna","No existe","Curva","Bueno","Buena","Diurna","Buen Tiempo","Múltiple","S/D","Colisión","Ninguna","S/D","Ninguna","Sin restricción"
2015,1166,20/03/2015,"Viernes",0,19:00:00,"Ruta Provincial 13","0.0",2,"Pickup/Utilitario,Moto/Ciclomotor"," ",3,1,0,0,2,0,0,,"Ruta",13,"ESTACIÓN CLUCELLAS","Castellanos","Asfalto","Natural","V","Dentro","Urbana","S/D","No existe","Recta","Bueno","Buena","Atardecer","Buen Tiempo","Frontal","S/D","Colisión","Material Suelto","Horizontal,Vertical","Guardarrail,Línea divisoria pintada","Sin restricción"
2015,1167,23/03/2015,"Lunes",0,18:30:00,,"0.0",2,"Pickup/Utilitario,Moto/Ciclomotor","Saavedra Y Guemes",3,1,0,0,1,0,1,,"Calle",,"CORONDA","San Jerónimo","Tierra","No existe","XV","S/D","S/D","Ninguna","No existe","Intersección","Bueno","Buena","Atardecer","Buen Tiempo","Lateral","S/D","Colisión","S/D","Faltante","Ninguna","Sin restricción"
2015,1168,30/03/2015,"Lunes",0,12:50:00,,"0.0",1,"Otros","Velez Sarfield Y A Lincoln",1,1,0,0,0,0,0,,"Calle",,"RAFAELA","Castellanos","Asfalto","Pavimento","V","Dentro","Urbana","Ninguna","No existe","Intersección","Bueno","Buena","Diurna","Buen Tiempo","Atropello animal","S/D","Colisión","S/D","Faltante","Ninguna","Sin restricción"
2015,1169,04/03/2015,"Miercoles",0,09:50:00,,"0.0",2,"Automóvil,Automóvil","Santa Fe Y Mendoza",2,2,0,0,0,0,0,,"Calle",,"LAS ROSAS","Belgrano","Asfalto","No existe","III","Dentro","Urbana","Ninguna","S/D","Intersección","Bueno","Buena","Diurna","Buen Tiempo","Lateral","S/D","Colisión","Ninguna","Vertical","Ninguna","S/D"