"anio_acci","nro_acci","fecha","desc_dia","fecha_aprox","hora_aprox","desc_ruta","km","cant_participantes","desc_participante","calle_avenida_km","total","heridos_leves","heridos_graves","heridos_gravisimos","ilesos","fallecidos","sin_datos","posicion_XY","desc_tipo_via","desc_ruta_ori","desc_loc","desc_dpto","desc_tipo_calzada","desc_tipo_banquina","desc_unidad_regional","desc_lugar_calzada","desc_zona","desc_prioridad","desc_estado_semaforo","desc_lugar_via","desc_estado_via","desc_estado_visibilidad","desc_luminosidad","desc_estado_clima","desc_tipo_colision","desc_tipo_atropello","desc_tipo_hecho","desc_pres_calzada","desc_senializacion","desc_separacion_via","desc_restriccion"
2015,1170,16/03/2015,"Lunes",0,12:15:00,,"0.0",2,"Moto/Ciclomotor,Pickup/Utilitario","Santa Cruz Y Luis Braille",3,0,1,0,2,0,0,,"S/D",,"SAN LORENZO","San Lorenzo","S/D","S/D","XII","S/D","S/D","S/D","S/D","S/D","S/D","S/D","Diurna","S/D","S/D","S/D","Colisión","S/D","S/D","S/D","S/D"
2015,1171,16/03/2015,"Lunes",0,12:10:00,,"0.0",2,"Moto/Ciclomotor,Automóvil","Sarmiento 848",3,2,0,0,1,0,0,,"Calle",,"GÁLVEZ","San Jerónimo","Asfalto","No existe","XV","Dentro","Urbana","Ninguna","No existe","Recta","Bueno","Buena","Diurna","Buen Tiempo","Frontal","S/D","Colisión","S/D","S/D","Ninguna","Sin restricción"
2015,1172,13/03/2015,"Viernes",0,12:00:00,,"0.0",2,"Automóvil,Pickup/Utilitario"," ",2,1,0,0,1,0,0,,"Calle",,"RAFAELA","Castellanos","Asfalto","No existe","V","S/D","Urbana","S/D","No existe","Intersección","Bueno","Buena","Diurna","Buen Tiempo","Frontal","S/D","Colisión","Ninguna","Vertical","Ninguna","Sin restricción"
2015,1173,22/03/2015,"Domingo",0,19:45:00,"Ruta Nacional 11","341.0",2,"Moto/Ciclomotor,Automóvil"," ",2,1,0,0,1,0,0,,"Ruta",11,"TIMBÚES","San Lorenzo","Asfalto","Natural","XVII","S/D","Urbana","Ninguna","No existe","Recta","Bueno","Buena","Nocturna","Buen Tiempo","S/D","S/D","Inmersión","Otro","Vertical","Línea divisoria pintada","S/D"
2015,1174,13/03/2015,"Viernes",0,20:50:00,"Ruta Nacional 178","0.0",1,"Moto/Ciclomotor","Avenida 17 ",1,1,0,0,0,0,0,,"Ruta",178,"LAS PAREJAS","Belgrano","Asfalto","Ripio","III","Dentro","Urbana","Ninguna","No existe","Recta","Bueno","Buena","Nocturna","Buen Tiempo","Atropello animal","S/D","Colisión","Ninguna","Horizontal","Línea divisoria pintada","Sin restricción"
2015,1175,28/03/2015,"Sabado",0,07:45:00,"Ruta Nacional 178","0.0",1,"Automóvil","RUTA NACIONAL 178 Y RUTA NACIONAL 9",1,0,1,0,0,0,0,,"Ruta",178,"ARMSTRONG","Belgrano","Asfalto","S/D","III","S/D","Rural","Ninguna","S/D","Recta","Bueno","Buena","Nocturna","Buen Tiempo","S/D","S/D","Despiste","Ninguna","S/D","Ninguna","Sin restricción"
2015,1176,24/03/2015,"Martes",0,23:30:00,,"0.0",2,"Moto/Ciclomotor,Automóvil","Miguel de Azcuenaga Y R Casabella",5,1,0,0,4,0,0,,"Calle",,"RAFAELA","Castellanos","Asfalto","Pavimento","V","Dentro","Urbana","Ninguna","No existe","Intersección","Bueno","Buena","Nocturna","Buen Tiempo","S/D","S/D","Colisión","S/D","S/D","S/D","Sin restricción"
2015,1177,19/03/2015,"Jueves",0,06:10:00,,"0.0",2,"Automóvil,Moto/Ciclomotor","Dorrego Y Salta",3,1,0,0,2,0,0,,"S/D",,"SAN LORENZO","San Lorenzo","S/D","S/D","XVII","S/D","S/D","S/D","S/D","S/D","S/D","S/D","Diurna","S/D","S/D","S/D","S/D","S/D","S/D","S/D","S/D"
2015,1178,10/03/2015,"Martes",0,13:30:00,,"0.0",2,"Automóvil,Moto/Ciclomotor","San Lorenzo Y General Manuel Belgrano",3,1,0,0,2,0,0,,"Calle",,"BOUQUET","Belgrano","Asfalto","Pavimento","III","Dentro","Urbana","Ninguna","No existe","Intersección","Bueno","Buena","Diurna","Buen Tiempo","Lateral","S/D","Colisión","Ninguna","Horizontal","Ninguna","Sin restricción"
2015,1179,02/03/2015,"Lunes",0,02:50:00,"Autopista Provincial Brigadier E.López","28.0",2,"Automóvil,Camión"," ",3,2,0,0,1,0,0,,"Autopista","Brigadier E.López","TIMBÚES","San Lorenzo","Asfalto","Natural","XVII","S/D","Urbana","Ninguna","No existe","Recta","Bueno","S/D","Nocturna","Buen Tiempo","Lateral","S/D","Colisión","Otro","Vertical","Línea divisoria pintada","S/D"
2015,1180,13/02/2015,"Viernes",0,18:50:00,,"0.0",1,,"Calle 20 Y Calle 23",2,1,0,0,1,0,0,,"Calle",,"LAS PAREJAS","Belgrano","Asfalto","No existe","III","Dentro","Urbana","Ninguna","No existe","Intersección","Bueno","Buena","Diurna","Buen Tiempo","Frontal","S/D","Colisión","Ninguna","Horizontal","Ninguna","Sin restricción"
2015,1181,31/03/2015,"Martes",0,17:36:00,"Ruta Nacional A012","64.0",2,"Moto/Ciclomotor,Automóvil"," ",2,1,0,0,1,0,0,,"Ruta","A012","SAN LORENZO","San Lorenzo","S/D","S/D","XVII","S/D","S/D","S/D","S/D","S/D","S/D","S/D","S/D","S/D","S/D","S/D","S/D","S/D","S/D","S/D","S/D"
2015,1182,28/03/2015,"Sabado",0,15:00:00,,"0.0",2,"Moto/Ciclomotor,Automóvil","Sargento Cabral Y Tucuman",3,2,0,0,1,0,0,,"Calle",,"SAN LORENZO","San Lorenzo","S/D","S/D","XVII","S/D","S/D","S/D","S/D","S/D","S/D","S/D","Diurna","S/D","S/D","S/D","S/D","S/D","S/D","S/D","S/D"
2015,1183,16/03/2015,"Lunes",0,,,"0.0",2,"Moto/Ciclomotor,Moto/Ciclomotor","Av 9 de Julio Y Lavalle Juan",2,1,1,0,0,0,0,,"Avenida",,"ATALIVA","Castellanos","Hormigón","Pavimento","V","Dentro","Urbana","Ninguna","No existe","Intersección","Bueno","Buena","Diurna","Buen Tiempo","Lateral","S/D","Colisión","Ninguna","Faltante","Cordón divisorio","Sin restricción"
2015,1184,13/03/2015,"Viernes",0,18:50:00,,"0.0",2,"Automóvil,Moto/Ciclomotor","Calle 20 Y Calle 23",2,1,0,0,1,0,0,,"Calle",,"LAS PAREJAS","Belgrano","Asfalto","No existe","III","Dentro","Urbana","Ninguna","No existe","Intersección","Bueno","Buena","Diurna","Buen Tiempo","Frontal","S/D","Colisión","Ninguna","Horizontal","Ninguna","Sin restricción"
2015,1185,23/03/2015,"Lunes",0,18:15:00,"Ruta Nacional 9","388.0",3,"Camión,Camión,Pickup/Utilitario"," ",5,2,1,0,2,0,0,,"Ruta",9,"TORTUGAS","Belgrano","Hormigón","Pavimento","III","Dentro","Rural","Ninguna","No existe","Recta","Bueno","Buena","Diurna","Buen Tiempo","Múltiple","S/D","Colisión","S/D","Horizontal","Vegetación","Sin restricción"
2015,1186,16/03/2015,"Lunes",0,12:00:00,,"0.0",3,"Moto/Ciclomotor,Automóvil,Automóvil","Simon Bolivar 500",3,1,0,0,2,0,0,,"Calle",,"RAFAELA","Castellanos","Asfalto","Pavimento","V","Dentro","Urbana","S/D","No existe","Recta","Bueno","Buena","Diurna","Buen Tiempo","Múltiple","S/D","Colisión","S/D","Horizontal","S/D","Sin restricción"
2015,1187,21/03/2015,"Sabado",0,08:00:00,,"0.0",2,"Automóvil,Moto/Ciclomotor","Av Italia Y Luis Santi",3,1,0,0,2,0,0,,"Avenida",,"RAFAELA","Castellanos","Asfalto","Pavimento","V","S/D","Urbana","Ninguna","S/D","S/D","Bueno","Buena","Diurna","Buen Tiempo","Lateral","S/D","Colisión","Ninguna","Faltante","Ninguna","S/D"
2015,1188,13/03/2015,"Viernes",0,12:10:00,,"0.0",2,"Moto/Ciclomotor,Automóvil","Boulevard Ocampo Y Brigadier General E Lopez",4,1,0,0,3,0,0,,"Calle",,"HELVECIA","Garay","Asfalto","Natural","VII","Dentro","Urbana","Ninguna","No existe","Recta","Bueno","Buena","Diurna","Buen Tiempo","Lateral","S/D","Colisión","Ninguna","Horizontal,Vertical","Línea divisoria pintada","Sin restricción"
2015,1189,09/03/2015,"Lunes",0,19:30:00,,"0.0",2,"Moto/Ciclomotor,Peatón","Mitre Y G Brown",3,3,0,0,0,0,0,,"Calle",,"CORONDA","San Jerónimo","Asfalto","S/D","XV","S/D","Urbana","S/D","No existe","Intersección","Bueno","Buena","Atardecer","Buen Tiempo","S/D","S/D","Caída ocupante","S/D","Faltante","Ninguna","Sin restricción"
2015,1190,01/03/2015,"Domingo",0,00:40:00,"Ruta Provincial 4","0.0",2,"Moto/Ciclomotor,Moto/Ciclomotor","RUTA PROVINCIAL N&#186;4 Y P.P.P.SELLARES",4,4,0,0,0,0,0,,"Ruta",4,"HELVECIA","Garay","Asfalto","Natural","VII","Dentro","Urbana","Ninguna","No existe","Intersección","Bueno","Buena","Nocturna,Con luz artificial","Buen Tiempo","Frontal","S/D","Colisión","Ninguna","Horizontal","Ninguna","Sin restricción"
2015,1191,12/03/2015,"Jueves",0,,,"0.0",2,"Bicicleta,Moto/Ciclomotor","Paso de los Andes Y Lavalle",2,0,1,0,1,0,0,,"Calle",,"LAS ROSAS","Belgrano","Asfalto","No existe","III","S/D","Urbana","Ninguna","No existe","Intersección","Bueno","Buena","Diurna","Buen Tiempo","S/D","S/D","Atropello","S/D","S/D","Cordón divisorio","Sin restricción"
2015,1192,27/03/2015,"Viernes",0,23:50:00,,"0.0",3,"Automóvil,Moto/Ciclomotor,Automóvil","B I Iturraspe Y Mensajero Donna",4,1,0,0,3,0,0,,"Calle",,"RAFAELA","Castellanos","Hormigón","No existe","V","S/D","Urbana","Ninguna","No existe","Intersección","Bueno","Buena","Nocturna","Buen Tiempo","Múltiple","S/D","Colisión","Ninguna","S/D","Cordón divisorio","Sin restricción"
2015,1193,30/03/2015,"Lunes",0,11:30:00,,"0.0",2,"Pickup/Utilitario,Bicicleta","Santa Fe Y Juan de Garay",2,1,0,0,1,0,0,,"Calle",,"LAS ROSAS","Belgrano","Asfalto","No existe","III","Dentro","Urbana","Ninguna","No existe","Recta","Bueno","Buena","Diurna","Buen Tiempo","S/D","S/D","Atropello","Ninguna","Faltante","Ninguna","Sin restricción"
2015,1194,06/02/2015,"Viernes",0,12:30:00,"Ruta Provincial 91","0.0",2,"Pickup/Utilitario,Moto/Ciclomotor","San Martin Y Ballesteros",2,1,0,0,1,0,0,,"Ruta",91,"CAÑADA DE GÓMEZ","Iriondo","Asfalto","No existe","X","Dentro","Urbana","Ninguna","No existe","Intersección","Bueno","Buena","Diurna","Buen Tiempo","Lateral","S/D","Colisión","Ninguna","Faltante","Ninguna","Sin restricción"
2015,1195,03/02/2015,"Martes",0,21:30:00,,"0.0",2,"Moto/Ciclomotor,Automóvil","MARIANO MORENO Y ESPAÑA",2,0,1,0,1,0,0,,"Calle",,"SERODINO","Iriondo","Asfalto","Pavimento","X","Dentro","Urbana","Ninguna","No existe","Intersección","Bueno","Buena","Nocturna","Buen Tiempo","Frontal","S/D","Colisión","S/D","Vertical","Ninguna","S/D"
2015,1196,12/01/2015,"Lunes",0,10:15:00,,"0.0",2,"Automóvil,Bicicleta","Bv. Lopez Y Edison",2,1,0,0,1,0,0,,"Calle",,"CAÑADA DE GÓMEZ","Iriondo","Hormigón","No existe","X","S/D","Urbana","Ninguna","No existe","Rotonda","Bueno","Buena","Diurna","Buen Tiempo","S/D","S/D","Atropello","Ninguna","Vertical","Ninguna","Sin restricción"
2015,1197,06/02/2015,"Viernes",0,19:40:00,,"0.0",2,"Automóvil,Moto/Ciclomotor","Rivadavia Y Moreno",2,1,0,0,1,0,0,,"Calle",,"CAÑADA DE GÓMEZ","Iriondo","Asfalto","No existe","X","Dentro","Urbana","Ninguna","No existe","Intersección","Bueno","Buena","Diurna","Buen Tiempo","Lateral","S/D","Colisión","Ninguna","Faltante","Ninguna","Sin restricción"
2015,1198,10/01/2015,"Sabado",0,18:30:00,,"0.0",2,"Automóvil,Moto/Ciclomotor","J M de Rosas Y Molina",2,1,0,0,1,0,0,,"Calle",,"CORREA","Iriondo","Asfalto","Pavimento","X","Dentro","Urbana","Ninguna","No existe","Intersección","Bueno","Buena","Diurna","Buen Tiempo","Lateral","S/D","Colisión","S/D","Horizontal","Línea divisoria pintada","Sin restricción"
2015,1199,08/02/2015,"Domingo",0,09:40:00,,"0.0",2,"Moto/Ciclomotor,Automóvil","Caseros 1490",2,0,1,0,1,0,0,,"Calle",,"SAN CRISTÓBAL","San Cristóbal","Asfalto","Pavimento","XIII","Dentro","Rural","Ninguna","No funciona","Recta","Bueno","Buena","Diurna","Buen Tiempo","Lateral","S/D","Colisión","S/D","S/D","Ninguna","Sin restricción"
2015,1200,12/03/2015,"Jueves",0,10:30:00,,"0.0",2,"Automóvil,Moto/Ciclomotor","Alberti Y Pueyrredon",2,1,0,0,1,0,0,,"Calle",,"SAN CRISTÓBAL","San Cristóbal","Asfalto","Pavimento","XIII","Dentro","Rural","Ninguna","No existe","Intersección","Bueno","Buena","Diurna","Buen Tiempo","Lateral","S/D","Colisión","S/D","S/D","Ninguna","Sin restricción"
2015,1201,12/02/2015,"Jueves",0,18:00:00,"Ruta Nacional 9","377.2",2,"Moto/Ciclomotor,Moto/Ciclomotor","Av. Santa Fe Y Independencia",2,2,0,0,0,0,0,,"Ruta",9,"CAÑADA DE GÓMEZ","Iriondo","Asfalto","Pavimento","X","Dentro","Urbana","Ninguna","No existe","Recta","Bueno","Buena","Diurna","Otro","Lateral","S/D","Colisión","Ninguna","Vertical","S/D","Sin restricción"
2015,1202,13/03/2015,"Viernes",0,09:00:00,,"0.0",2,"Moto/Ciclomotor,Pickup/Utilitario","Caseros Y Bv San Martin",2,1,0,0,1,0,0,,"Calle",,"SAN CRISTÓBAL","San Cristóbal","Asfalto","Pavimento","XIII","Dentro","Urbana","Ninguna","No existe","Intersección","Bueno","Buena","Diurna","Buen Tiempo","Lateral","S/D","Colisión","S/D","S/D","Ninguna","Sin restricción"
2015,1203,18/03/2015,"Miercoles",0,17:30:00,"Ruta Nacional 11","0.0",2,"Moto/Ciclomotor,Transporte de Pasajeros Larga Distancia (> 8 asientos)","Urquiza Y Buenos Aires",61,6,0,0,55,0,0,,"Ruta",11,"OLIVEROS","Iriondo","Asfalto","S/D","X","Dentro","Urbana","Ninguna","No existe","Recta","Bueno","Buena","Diurna","Buen Tiempo","Frontal","S/D","Colisión","Otro","Faltante","Ninguna","Sin restricción"
2015,1204,28/03/2015,"Sabado",0,18:30:00,,"0.0",1,"Moto/Ciclomotor"," ",2,2,0,0,0,0,0,,"Calle",,"VILLA ELOÍSA","Iriondo","Tierra","Natural","X","S/D","S/D","Ninguna","No existe","Curva","Resbaladiza","Reducida polvo","Diurna","Buen Tiempo","Otro","S/D","Caída ocupante","Agua","Vertical","Ninguna","Sin restricción"
2015,1205,25/03/2015,"Miercoles",0,13:30:00,,"0.0",2,"Automóvil,Peatón","San Juan Y Sarmiento",2,1,0,0,1,0,0,,"Calle",,"ROSARIO","Rosario","Asfalto","S/D","II","Dentro","Urbana","Ninguna","No existe","Intersección","S/D","Buena","Diurna","Buen Tiempo","S/D","S/D","Atropello","S/D","Faltante","Cordón divisorio","Sin restricción"
2015,1206,21/02/2015,"Sabado",0,19:35:00,,"0.0",2,"Automóvil,Moto/Ciclomotor","Bv Centenario B Y España",2,1,0,0,1,0,0,,"Calle",,"CAÑADA DE GÓMEZ","Iriondo","Asfalto","No existe","X","Dentro","Urbana","Ninguna","No existe","Intersección","Bueno","Buena","Diurna","Buen Tiempo","Lateral","S/D","Colisión","Ninguna","Faltante","Cordón divisorio","Sin restricción"
2015,1207,13/01/2015,"Martes",0,20:30:00,,"0.0",2,"Moto/Ciclomotor,Automóvil","Moreno Y Santa Fe",2,1,0,0,1,0,0,,"Calle",,"CORREA","Iriondo","Asfalto","No existe","X","Dentro","Urbana","Ninguna","No existe","Intersección","Bueno","Buena","Nocturna","Lluvia","Lateral","S/D","Colisión","Agua","Horizontal","Línea divisoria pintada","Sin restricción"
2015,1208,20/03/2015,"Viernes",0,20:00:00,"Ruta Provincial 4","133.0",3,"Camión,Bicicleta,Bicicleta"," ",4,1,2,0,1,0,0,,"Ruta",4,"SAN CRISTÓBAL","San Cristóbal","Asfalto","Natural","XIII","Dentro","Rural","S/D","No existe","Recta","S/D","Reducida","Nocturna","Buen Tiempo","S/D","S/D","Atropello","S/D","S/D","Ninguna","Sin restricción"
2015,1209,26/03/2015,"Jueves",0,11:45:00,,"0.0",2,"Peatón,Automóvil","Cordoba Y Mariano Moreno",2,1,0,0,1,0,0,,"Calle",,"ROSARIO","Rosario","Asfalto","S/D","II","Dentro","Urbana","Ninguna","No existe","Intersección","Bueno","Buena","Diurna","Buen Tiempo","S/D","S/D","Atropello","S/D","Faltante","Cordón divisorio","Sin restricción"
2015,1210,25/03/2015,"Miercoles",0,18:50:00,,"0.0",1,"Moto/Ciclomotor","Rosario Y Callao",1,1,0,0,0,0,0,,"Calle",,"CAÑADA DE GÓMEZ","Iriondo","Asfalto,Ripio","No existe","X","Dentro","Urbana","Ninguna","No existe","Intersección","Bueno","Buena","Atardecer","Buen Tiempo","Atropello animal","S/D","Colisión","S/D","Faltante","Ninguna","Sin restricción"
2015,1211,25/03/2015,"Miercoles",0,12:25:00,,"0.0",2,"Moto/Ciclomotor,Automóvil","Ovidio Lagos 150",2,1,0,0,1,0,0,,"Calle",,"CAÑADA DE GÓMEZ","Iriondo","Asfalto","No existe","X","Dentro","Urbana","Ninguna","No existe","Recta","Bueno","Buena","Diurna","Buen Tiempo","Lateral","S/D","Colisión","S/D","Faltante","Ninguna","Sin restricción"
2015,1212,22/02/2015,"Domingo",0,07:05:00,"Ruta Nacional 9","0.0",2,"Automóvil,Automóvil","Av. Santa Fe Y Mitre",3,1,0,0,2,0,0,,"Ruta",9,"CAÑADA DE GÓMEZ","Iriondo","Asfalto","Ripio","X","Dentro","Urbana","Semáforo","Funciona","Recta","Bueno","Buena","Diurna","Buen Tiempo","Otro","S/D","Colisión","Ninguna","Vertical","Línea divisoria pintada","Sin restricción"
2015,1213,13/01/2015,"Martes",0,13:30:00,,"0.0",2,"Pickup/Utilitario,Moto/Ciclomotor","25 de Mayo Y Moreno",2,1,0,0,1,0,0,,"Calle",,"CORREA","Iriondo","Asfalto","Pavimento","X","Dentro","Urbana","Ninguna","S/D","Intersección","Bueno","Buena","Diurna","Lluvia","Lateral","S/D","Colisión","Agua","Horizontal","Línea divisoria pintada","Sin restricción"
2015,1214,21/03/2015,"Sabado",0,03:55:00,"Ruta Provincial 23","0.0",1,"Automóvil"," ",1,1,0,0,0,0,0,,"Ruta",23,"SUARDI","San Cristóbal","Asfalto","Natural","XIII","Dentro","Urbana","Ninguna","No existe","Rotonda","Bueno","Reducida","Nocturna,Con luz artificial","Buen Tiempo","Contra objeto fijo","S/D","Colisión","S/D","Faltante","S/D","Sin restricción"
2015,1215,18/03/2015,"Miercoles",0,18:50:00,,"0.0",2,"Peatón,Moto/Ciclomotor","Bolivia 200",2,1,0,0,1,0,0,,"S/D",,"CAÑADA DE GÓMEZ","Iriondo","Asfalto","No existe","X","Dentro","Urbana","Ninguna","No existe","Recta","Bueno","Buena","Atardecer","Buen Tiempo","S/D","S/D","Atropello","S/D","Faltante","Ninguna","Sin restricción"
2015,1216,22/03/2015,"Domingo",0,20:00:00,"Ruta Nacional 34","0.0",1,"Moto/Ciclomotor"," ",1,0,1,0,0,0,0,,"Ruta",34,"CERES","San Cristóbal","Tierra","S/D","XIII","Dentro","Urbana","Ninguna","No existe","Recta","Con baches","Reducida","Nocturna,Con luz artificial","Buen Tiempo","S/D","S/D","Caída ocupante","S/D","Faltante","Ninguna","Sin restricción"
2015,1217,16/03/2015,"Lunes",0,16:30:00,,"0.0",1,"Moto/Ciclomotor","Venezuela Y Bolivar",2,1,0,0,1,0,0,,"Calle",,"CAÑADA DE GÓMEZ","Iriondo","Asfalto","No existe","X","Dentro","Urbana","Ninguna","No existe","Intersección","Bueno","Buena","Diurna","Buen Tiempo","Lateral","S/D","Colisión","S/D","Faltante","Ninguna","Sin restricción"
2015,1218,17/02/2015,"Martes",0,04:30:00,"Ruta Nacional 9","371.5",2,"Automóvil,Moto/Ciclomotor"," ",4,2,0,0,2,0,0,,"Ruta",9,"CAÑADA DE GÓMEZ","Iriondo","Asfalto","Natural","X","Dentro","Rural","Ninguna","No existe","Recta","Bueno","Buena","Nocturna","Buen Tiempo","S/D","S/D","Colisión","Ninguna","Faltante","Ninguna","Sin restricción"
2015,1219,06/03/2015,"Viernes",0,02:00:00,"Autopista Provincial Brigadier E.López","0.0",2,"Camión,Camión"," ",2,1,0,0,1,0,0,,"Autopista","Brigadier E.López","OLIVEROS","Iriondo","Asfalto","Natural","X","Dentro","Rural","Ninguna","No existe","Recta","Bueno","Buena","Nocturna","Buen Tiempo","De alcance","S/D","Colisión","S/D","S/D","Ninguna","Sin restricción"
2015,1220,17/01/2015,"Sabado",0,07:55:00,,"0.0",2,"Automóvil,Bicicleta","Suipacha 700",2,1,0,0,1,0,0,,"Calle",,"CAÑADA DE GÓMEZ","Iriondo","Asfalto","S/D","X","S/D","Urbana","Ninguna","S/D","Recta","Con baches","S/D","Diurna","Buen Tiempo","S/D","S/D","Atropello","S/D","S/D","Ninguna","Sin restricción"
2015,1221,09/03/2015,"Lunes",0,22:40:00,"Autopista Nacional Rosario -Cordoba","366.0",2,"Camión,Camión"," ",2,1,0,0,1,0,0,,"Autopista","Rosario -Cordoba","CAÑADA DE GÓMEZ","Iriondo","Asfalto","Pavimento","X","Dentro","Rural","Ninguna","No existe","Recta","Bueno","Reducida","Nocturna","Buen Tiempo","De alcance","S/D","Colisión","S/D","Vertical","Vegetación","Sin restricción"
2015,1222,26/03/2015,"Jueves",0,18:25:00,,"0.0",2,"Pickup/Utilitario,Moto/Ciclomotor","Brigadier Lopez ",3,2,0,0,1,0,0,,"Calle",,"AMBROSETTI","San Cristóbal","Ripio","No existe","VIII","Dentro","Urbana","Ninguna","No existe","Intersección","Bueno","Buena","Atardecer","Buen Tiempo","Frontal","S/D","Colisión","S/D","Vertical","Ninguna","Sin restricción"
2015,1223,11/01/2015,"Domingo",0,10:40:00,"Ruta Secundaria 26-s","1.2",2,"Automóvil,Camión"," ",2,1,0,0,1,0,0,,"Ruta","26-s","ANDINO","Iriondo","Asfalto","Natural","X","S/D","Rural","Ninguna","No existe","Recta","Bueno","Buena","Diurna","Buen Tiempo","De alcance","S/D","Colisión","S/D","Horizontal","Línea divisoria pintada","Sin restricción"
2015,1224,08/03/2015,"Domingo",0,02:00:00,"Ruta Nacional 11","0.0",2,"Moto/Ciclomotor,Automóvil","Mitre Y Tucuman",3,2,0,0,1,0,0,,"Ruta",11,"OLIVEROS","Iriondo","Asfalto","No existe","X","S/D","Urbana","Ninguna","No existe","Intersección","Bueno","S/D","Nocturna","Buen Tiempo","S/D","S/D","Colisión","Otro","Faltante","Ninguna","Sin restricción"
2015,1225,11/01/2015,"Domingo",0,21:20:00,,"0.0",2,"Automóvil,Bicicleta","Las Heras Y Boulevard Belgrano",2,0,1,0,1,0,0,,"Calle",,"TOTORAS","Iriondo","Asfalto","No existe","X","Dentro","Urbana","Ninguna","No existe","Intersección","Bueno","Buena","Nocturna,Con luz artificial","Buen Tiempo","Otro","S/D","Atropello","Ninguna","Horizontal","Ninguna","Sin restricción"
2015,1226,13/02/2015,"Viernes",0,17:50:00,,"0.0",2,"Automóvil,Moto/Ciclomotor","Sarmiento Y Almte. Brown",2,1,0,0,1,0,0,,"Calle",,"CAÑADA DE GÓMEZ","Iriondo","Asfalto","No existe","X","Dentro","Urbana","Ninguna","No existe","Intersección","Bueno","S/D","Diurna","Buen Tiempo","S/D","S/D","Colisión","Ninguna","Faltante","Ninguna","Sin restricción"
2015,1227,01/03/2015,"Domingo",0,07:30:00,,"0.0",1,"Moto/Ciclomotor","Bolivar Y Rawson",1,1,0,0,0,0,0,,"Calle",,"CAÑADA DE GÓMEZ","Iriondo","Asfalto","No existe","X","Dentro","Urbana","Otra Señal","No existe","Recta","Bueno","Buena","Diurna","Buen Tiempo","Contra objeto fijo","S/D","Caída ocupante","S/D","Vertical","Ninguna","Sin restricción"
2015,1228,22/03/2015,"Domingo",0,02:15:00,"Ruta Nacional 11","344.7",2,"Moto/Ciclomotor,Automóvil","Buenos Aires ",3,1,0,0,2,0,0,,"Ruta",11,"OLIVEROS","Iriondo","Asfalto","Ripio","X","Dentro","Urbana","Ninguna","No existe","Recta","Bueno","Buena","Nocturna","Buen Tiempo","De alcance","S/D","Colisión","Otro","Faltante","Ninguna","Sin restricción"
2015,1229,02/03/2015,"Lunes",0,09:30:00,,"0.0",2,"Moto/Ciclomotor,Automóvil","9 de Julio Y San Martin",3,2,0,0,0,0,1,,"Calle",,"MOISÉS VILLE","San Cristóbal","Asfalto","Pavimento","XIII","Dentro","Urbana","Ninguna","No existe","Recta","Bueno","Buena","Diurna","Buen Tiempo","Frontal","S/D","Colisión","Ninguna","Faltante","Ninguna","Sin restricción"
2015,1230,05/03/2015,"Jueves",0,15:02:00,,"0.0",2,"Moto/Ciclomotor,Automóvil","San lorenzo Y Boulevard Belgrano",2,1,0,0,1,0,0,,"Calle",,"TOTORAS","Iriondo","Asfalto","S/D","X","S/D","Urbana","Ninguna","No existe","Intersección","Bueno","Buena","Diurna","Buen Tiempo","Lateral","S/D","Colisión","S/D","Horizontal,Vertical","S/D","S/D"
2015,1231,02/03/2015,"Lunes",0,08:45:00,"Ruta Provincial 39","0.0",1,"Moto/Ciclomotor"," ",1,0,1,0,0,0,0,,"Ruta",39,"ARRUFÓ","San Cristóbal","Asfalto","Natural","XIII","Dentro","Rural","Ninguna","No existe","Recta","Con baches","Buena","Diurna","Buen Tiempo","S/D","S/D","Vuelco","S/D","Faltante","S/D","Sin restricción"
2015,1232,28/03/2015,"Sabado",0,00:40:00,,"0.0",2,"Automóvil,Moto/Ciclomotor","Caseros Y Falucho",2,1,0,0,1,0,0,,"Calle",,"SAN CRISTÓBAL","San Cristóbal","Asfalto","Pavimento","XIII","Dentro","Urbana","Ninguna","No existe","Intersección","Bueno","Buena","Nocturna,Con luz artificial","Buen Tiempo","Lateral","S/D","Colisión","S/D","S/D","Ninguna","Sin restricción"
2015,1233,04/03/2015,"Miercoles",0,15:05:00,,"0.0",2,"Bicicleta,Moto/Ciclomotor","Roque Saenz Peña Y San Martin",2,1,0,0,1,0,0,,"Calle",,"SUARDI","San Cristóbal","Hormigón","No existe","XIII","S/D","Urbana","Ninguna","No existe","Intersección","Bueno","Buena","Diurna","Buen Tiempo","S/D","S/D","Atropello","Material Suelto","Vertical","Ninguna","Sin restricción"
2015,1234,26/02/2015,"Jueves",0,20:15:00,,"0.0",2,"Moto/Ciclomotor,Automóvil","Alberdi Y Almte. Brown",2,1,0,0,1,0,0,,"Calle",,"CAÑADA DE GÓMEZ","Iriondo","Asfalto","No existe","X","Dentro","Urbana","Ninguna","No existe","Intersección","Bueno","Buena","Nocturna","Buen Tiempo","S/D","S/D","Colisión","Agua","Vertical","S/D","Sin restricción"
2015,1235,14/02/2015,"Sabado",0,19:30:00,,"0.0",2,"Moto/Ciclomotor,Automóvil","7 de Octubre Y Belgrano",2,1,0,0,1,0,0,,"Calle",,"CAÑADA DE GÓMEZ","Iriondo","Asfalto","S/D","X","S/D","Urbana","Ninguna","No existe","Intersección","Bueno","Buena","Diurna","Buen Tiempo","Lateral","S/D","Colisión","Agua","Vertical","Ninguna","Sin restricción"