"anio_acci","nro_acci","fecha","desc_dia","fecha_aprox","hora_aprox","desc_ruta","km","cant_participantes","desc_participante","calle_avenida_km","total","heridos_leves","heridos_graves","heridos_gravisimos","ilesos","fallecidos","sin_datos","posicion_XY","desc_tipo_via","desc_ruta_ori","desc_loc","desc_dpto","desc_tipo_calzada","desc_tipo_banquina","desc_unidad_regional","desc_lugar_calzada","desc_zona","desc_prioridad","desc_estado_semaforo","desc_lugar_via","desc_estado_via","desc_estado_visibilidad","desc_luminosidad","desc_estado_clima","desc_tipo_colision","desc_tipo_atropello","desc_tipo_hecho","desc_pres_calzada","desc_senializacion","desc_separacion_via","desc_restriccion"
2015,1236,04/01/2015,"Domingo",0,20:15:00,,"0.0",2,"Peatón,Automóvil","Boulevard Belgrano Y Boulevard Colon",2,1,0,0,1,0,0,,"Avenida",,"TOTORAS","Iriondo","Asfalto","No existe","X","Dentro","Urbana","Ninguna","No existe","Intersección","Bueno","Buena","Atardecer","Buen Tiempo","S/D","S/D","Atropello","Ninguna","Faltante","Cordón divisorio","Sin restricción"
2015,1237,21/02/2015,"Sabado",0,12:30:00,,"0.0",2,"Automóvil,Moto/Ciclomotor","Boulevard Belgrano Y Las Heras",2,1,0,0,1,0,0,,"Avenida",,"TOTORAS","Iriondo","Asfalto","Pavimento","X","Dentro","Urbana","S/D","No existe","Intersección","Bueno","Buena","Diurna","Buen Tiempo","Lateral","S/D","Colisión","S/D","Horizontal","S/D","S/D"
2015,1238,01/03/2015,"Domingo",0,07:50:00,"Ruta Provincial 17","0.0",1,"Automóvil"," ",4,2,0,0,2,0,0,,"Ruta",17,"CERES","San Cristóbal","Tierra","Natural","XIII","Fuera","S/D","Ninguna","No existe","Otro","Resbaladiza","Buena","Diurna","Buen Tiempo","Contra objeto fijo","S/D","Colisión","Agua","Faltante","Ninguna","Sin restricción"
2015,1239,14/02/2015,"Sabado",0,11:05:00,,"0.0",2,"Moto/Ciclomotor,Automóvil","Suipacha Y Derqui",4,1,0,0,3,0,0,,"S/D",,"CAÑADA DE GÓMEZ","Iriondo","Asfalto","S/D","X","S/D","Urbana","Ninguna","No existe","Intersección","Con baches","Buena","Diurna","Buen Tiempo","Lateral","S/D","Colisión","Agua","Vertical","S/D","Sin restricción"
2015,1240,02/01/2015,"Viernes",0,20:50:00,,"0.0",2,"Moto/Ciclomotor,Bicicleta","Sarmiento 1100",2,1,0,0,1,0,0,,"Calle",,"TOTORAS","Iriondo","Asfalto","No existe","X","Dentro","Urbana","Ninguna","No existe","Recta","Bueno","Buena","Diurna","Buen Tiempo","S/D","S/D","Atropello","Ninguna","Horizontal","Ninguna","Sin restricción"
2015,1241,08/03/2015,"Domingo",0,07:15:00,"Ruta Provincial 23","0.0",2,"Pickup/Utilitario,Automóvil"," ",5,1,0,0,4,0,0,,"Ruta",23,"SAN GUILLERMO","San Cristóbal","Asfalto","Natural","XIII","S/D","Rural","Ninguna","No existe","Recta","Bueno","Buena","Diurna","Buen Tiempo","S/D","S/D","Colisión","S/D","S/D","S/D","Sin restricción"
2015,1242,09/02/2015,"Lunes",0,13:00:00,,"0.0",2,"Moto/Ciclomotor,Automóvil","Boulevard Belgrano Y Falucho",2,1,0,0,0,0,1,,"Calle",,"TOTORAS","Iriondo","Asfalto","Pavimento","X","S/D","Urbana","Ninguna","No existe","Intersección","Bueno","Buena","Diurna","Buen Tiempo","Lateral","S/D","Colisión","S/D","S/D","Cordón divisorio","Sin restricción"
2015,1243,06/01/2015,"Martes",0,18:50:00,"Ruta Nacional 9","383.0",1,"Moto/Ciclomotor"," ",1,1,0,0,0,0,0,,"Ruta",9,"CAÑADA DE GÓMEZ","Iriondo","Asfalto","Ripio","X","S/D","S/D","Ninguna","No existe","Recta","Bueno","Reducida","Diurna","Lluvia","Otro","S/D","Despiste","Agua","Horizontal,Vertical","Línea divisoria pintada","Sin restricción"
2015,1244,14/02/2015,"Sabado",0,23:55:00,"Ruta Nacional 9","0.0",2,"Automóvil,Moto/Ciclomotor","Av. Santa Fe Y Mitre",2,1,0,0,1,0,0,,"Ruta",9,"CAÑADA DE GÓMEZ","Iriondo","Asfalto","Pavimento","X","S/D","Urbana","Semáforo","Intermitente","Recta","Bueno","Buena","Nocturna,Con luz artificial","Buen Tiempo","S/D","S/D","Colisión","Ninguna","Horizontal,Vertical","Línea divisoria pintada","Sin restricción"
2015,1245,09/01/2015,"Viernes",0,21:20:00,,"0.0",2,"Automóvil,Moto/Ciclomotor","Sarmiento Y Jorge Newbery",3,1,0,0,2,0,0,,"Calle",,"CAÑADA DE GÓMEZ","Iriondo","Hormigón","No existe","X","Dentro","Urbana","S/D","No existe","Intersección","Con baches","Buena","Con luz artificial","S/D","S/D","S/D","Colisión","Ninguna","Vertical","S/D","S/D"
2015,1246,16/03/2015,"Lunes",0,02:20:00,,"0.0",2,"Taxi/Remis,Moto/Ciclomotor","9 De Julio Y Av. Corrientes",3,2,0,0,1,0,0,,"Calle",,"ROSARIO","Rosario","Asfalto","S/D","II","Dentro","Urbana","S/D","No existe","Intersección","Bueno","Reducida","Nocturna,Con luz artificial","Buen Tiempo","Lateral","S/D","Colisión","S/D","Faltante","Cordón divisorio","Sin restricción"
2015,1247,07/02/2015,"Sabado",0,19:00:00,,"0.0",2,"Moto/Ciclomotor,Automóvil","Colon 1700",2,1,0,0,1,0,0,,"Calle",,"OLIVEROS","Iriondo","Asfalto","No existe","X","Dentro","Urbana","Ninguna","No existe","Recta","Bueno","Buena","Diurna","Buen Tiempo","Otro","S/D","Colisión","Otro","Vertical","Ninguna","Sin restricción"
2015,1248,13/03/2015,"Viernes",0,13:00:00,,"0.0",2,"Taxi/Remis,Automóvil","San Juan 1500",2,1,0,0,1,0,0,,"Calle",,"ROSARIO","Rosario","Asfalto","S/D","II","Dentro","Urbana","Ninguna","No existe","Recta","Bueno","Buena","Diurna","Buen Tiempo","De alcance","S/D","Colisión","S/D","Faltante","Cordón divisorio","Sin restricción"
2015,1249,31/03/2015,"Martes",0,16:20:00,,"0.0",2,"Automóvil,Moto/Ciclomotor","CARLOS PELLEGRINI Y INDEPENDENCIA",2,1,0,0,1,0,0,,"Calle",,"SAN CRISTÓBAL","San Cristóbal","Asfalto","No existe","XIII","Dentro","Urbana","Ninguna","No existe","Intersección","Bueno","Buena","Diurna","Buen Tiempo","Frontal","S/D","Colisión","S/D","S/D","Cordón divisorio","Sin restricción"
2015,1250,12/03/2015,"Jueves",0,14:20:00,,"0.0",2,"Automóvil,Taxi/Remis","Av. Pellegrini 1300",2,1,0,0,1,0,0,,"Avenida",,"ROSARIO","Rosario","Asfalto","S/D","II","Dentro","Urbana","S/D","No existe","Recta","Bueno","Buena","Diurna","Buen Tiempo","De alcance","S/D","Colisión","S/D","Faltante","Cordón divisorio","Sin restricción"
2015,1251,22/02/2015,"Domingo",0,10:30:00,"Ruta Nacional A012","0.0",2,"Pickup/Utilitario,Automóvil"," ",2,2,0,0,0,0,0,,"Ruta","A012","PIÑERO","Rosario","Asfalto","Natural","II","Dentro","Urbana","S/D","No existe","Recta","Bueno","Buena","Diurna","Buen Tiempo","Frontal","S/D","Colisión","S/D","S/D","Ninguna","Sin restricción"
2015,1252,28/02/2015,"Sabado",0,18:00:00,,"0.0",2,"Automóvil,Automóvil","Alsina Y Montevideo",2,1,0,0,1,0,0,,"S/D",,"ROSARIO","Rosario","Asfalto","S/D","II","S/D","Urbana","S/D","S/D","S/D","S/D","S/D","S/D","S/D","S/D","S/D","Colisión","S/D","S/D","S/D","S/D"
2015,1253,04/03/2015,"Miercoles",0,18:00:00,,"0.0",3,"Automóvil,Automóvil,Automóvil","Cordoba 2750",3,1,0,0,2,0,0,,"S/D",,"ROSARIO","Rosario","Asfalto","S/D","II","S/D","Urbana","S/D","S/D","S/D","S/D","S/D","S/D","S/D","Múltiple","S/D","Colisión","S/D","S/D","S/D","S/D"
2015,1254,05/03/2015,"Jueves",0,17:30:00,,"0.0",2,"Bicicleta,Automóvil","Las Casuarinas Y Hernandarias",2,1,0,0,1,0,0,,"Calle",,"PEREZ","Rosario","Ripio","No existe","II","Dentro","Urbana","Ninguna","No existe","Intersección","Deteriorada","Buena","Diurna","Buen Tiempo","Frontal","S/D","Atropello","S/D","Faltante","Ninguna","Sin restricción"
2015,1255,12/01/2015,"Lunes",0,09:00:00,,"0.0",2,"Pickup/Utilitario,Moto/Ciclomotor","Av L N Alem 670",2,1,0,0,1,0,0,,"Avenida",,"CAÑADA DE GÓMEZ","Iriondo","Hormigón","No existe","X","S/D","Urbana","Ninguna","No existe","Recta","Bueno","Buena","Diurna","Buen Tiempo","Lateral","S/D","Otro","Ninguna","Vertical","Ninguna","Sin restricción"
2015,1256,17/03/2015,"Martes",0,12:15:00,,"0.0",2,"Moto/Ciclomotor,Automóvil","E.Zeballos 1000",4,3,0,0,1,0,0,,"Calle",,"ROSARIO","Rosario","Asfalto","S/D","II","Dentro","Urbana","Ninguna","No existe","Recta","Bueno","Buena","Diurna","Buen Tiempo","Frontal","S/D","Colisión","S/D","Faltante","Cordón divisorio","Sin restricción"
2015,1257,10/01/2015,"Sabado",0,00:35:00,,"0.0",2,"Automóvil,Moto/Ciclomotor","Bv. Balcarce Y España",2,1,0,0,1,0,0,,"Calle",,"CAÑADA DE GÓMEZ","Iriondo","Hormigón","No existe","X","S/D","Urbana","Ninguna","No existe","Intersección","Bueno","Buena","Nocturna,Con luz artificial","Buen Tiempo","Lateral","S/D","Colisión","Ninguna","Vertical","Ninguna","Sin restricción"
2015,1258,10/03/2015,"Martes",0,,,"0.0",2,"Automóvil,Automóvil","Av. Pellegrini Y Av. Ovidio Lagos",2,1,0,0,1,0,0,,"Avenida",,"ROSARIO","Rosario","Asfalto","S/D","II","S/D","Urbana","S/D","S/D","S/D","S/D","S/D","Atardecer","S/D","S/D","S/D","Colisión","S/D","S/D","S/D","S/D"
2015,1259,08/02/2015,"Domingo",0,07:00:00,,"0.0",2,"Moto/Ciclomotor,Automóvil","25 de Mayo Y Balcarce",2,1,0,0,1,0,0,,"Calle",,"TOTORAS","Iriondo","Asfalto","No existe","X","Dentro","Urbana","Ninguna","No existe","Intersección","Bueno","Buena","Diurna","Buen Tiempo","Lateral","S/D","Colisión","S/D","Horizontal","Ninguna","Sin restricción"
2015,1260,12/03/2015,"Jueves",0,13:00:00,,"0.0",2,"Taxi/Remis,Automóvil","Dorrego Y San Luis",2,1,0,0,1,0,0,,"Calle",,"ROSARIO","Rosario","Asfalto","S/D","II","Dentro","Urbana","Ninguna","No existe","Intersección","Bueno","Buena","Diurna","Buen Tiempo","Lateral","S/D","Colisión","S/D","Faltante","Cordón divisorio","Sin restricción"
2015,1261,12/03/2015,"Jueves",0,07:30:00,,"0.0",1,"Bicicleta","Bv. Avellaneda Y Mendoza",2,1,0,0,1,0,0,,"Calle",,"ROSARIO","Rosario","Asfalto","S/D","II","S/D","Urbana","S/D","S/D","S/D","S/D","S/D","Diurna","S/D","S/D","S/D","Atropello","S/D","S/D","S/D","S/D"
2015,1262,15/03/2015,"Domingo",0,08:00:00,,"0.0",2,"Automóvil,Automóvil","Castellanos Y Rioja",4,4,0,0,0,0,0,,"Calle",,"ROSARIO","Rosario","Asfalto","S/D","II","S/D","Urbana","S/D","S/D","S/D","S/D","S/D","Diurna","S/D","S/D","S/D","Colisión","S/D","S/D","S/D","S/D"
2015,1263,10/03/2015,"Martes",0,17:00:00,,"0.0",2,"Moto/Ciclomotor,Peatón","Paraguay 800",2,0,0,0,1,1,0,"-32.945496,-60.643755","Calle",,"ROSARIO","Rosario","Asfalto","S/D","II","Dentro","Urbana","Ninguna","S/D","Recta","Bueno","Buena","Diurna","Buen Tiempo","S/D","Peatón","Atropello","S/D","Faltante","Cordón divisorio","Sin restricción"
2015,1264,16/03/2015,"Lunes",0,05:50:00,,"0.0",2,"Moto/Ciclomotor,Taxi/Remis","San Luis Y Ricchieri",2,1,0,0,1,0,0,,"S/D",,"ROSARIO","Rosario","Asfalto","S/D","II","S/D","Urbana","S/D","S/D","S/D","S/D","S/D","Nocturna","S/D","S/D","S/D","Colisión","S/D","S/D","S/D","S/D"
2015,1265,17/03/2015,"Martes",0,12:30:00,,"0.0",2,"Moto/Ciclomotor,Automóvil","Cordoba Y Av. Francia",3,2,0,0,1,0,0,,"Calle",,"ROSARIO","Rosario","Asfalto","S/D","II","Dentro","Urbana","S/D","S/D","S/D","S/D","S/D","Diurna","S/D","S/D","S/D","Colisión","S/D","S/D","S/D","S/D"
2015,1266,17/03/2015,"Martes",0,23:50:00,,"0.0",2,"Automóvil,Moto/Ciclomotor","Pueyrredon Y 3 De Febrero",2,1,0,0,1,0,0,,"Calle",,"ROSARIO","Rosario","Asfalto","S/D","II","Dentro","Urbana","S/D","S/D","S/D","S/D","S/D","Nocturna","S/D","S/D","S/D","Colisión","S/D","S/D","S/D","S/D"
2015,1267,14/03/2015,"Sabado",0,18:30:00,,"0.0",1,"Moto/Ciclomotor","General San Martin Y Santa Fe",1,1,0,0,0,0,0,,"Calle",,"BUSTINZA","Iriondo","Asfalto","No existe","X","Dentro","Urbana","Ninguna","No existe","Intersección","Bueno","Reducida","Atardecer","Lluvia","Otro","S/D","S/D","S/D","Vertical","Ninguna","Sin restricción"
2015,1268,05/03/2015,"Jueves",0,,,"0.0",2,"Pickup/Utilitario,Moto/Ciclomotor","Montevideo Y Iriondo",2,1,0,0,1,0,0,,"S/D",,"ROSARIO","Rosario","S/D","S/D","II","S/D","Urbana","S/D","S/D","S/D","S/D","S/D","S/D","S/D","S/D","S/D","Colisión","S/D","S/D","S/D","S/D"
2015,1269,06/03/2015,"Viernes",0,16:15:00,,"0.0",2,"Taxi/Remis,Automóvil","Suipacha Y San Juan",2,1,0,0,1,0,0,,"Calle",,"ROSARIO","Rosario","Asfalto","S/D","II","S/D","Urbana","S/D","S/D","S/D","S/D","S/D","S/D","S/D","S/D","S/D","Colisión","S/D","S/D","S/D","S/D"
2015,1270,15/03/2015,"Domingo",0,,,"0.0",1,"Moto/Ciclomotor","Necochea Y Nicasio Oroño",1,1,0,0,0,0,0,,"Calle",,"CAÑADA DE GÓMEZ","Iriondo","Asfalto","No existe","X","Dentro","Urbana","S/D","No existe","Intersección","Bueno","Buena","Diurna","Buen Tiempo","S/D","S/D","S/D","Ninguna","Faltante","Ninguna","S/D"
2015,1271,03/03/2015,"Martes",0,19:00:00,,"0.0",2,"Automóvil,Bicicleta","Carlos Pellegrini Y 25 de Mayo",2,1,0,0,0,0,1,,"Calle",,"TOTORAS","Iriondo","Asfalto","No existe","X","Dentro","Urbana","Ninguna","No existe","Curva","Bueno","Buena","Diurna","Buen Tiempo","S/D","S/D","Atropello","Otro","Faltante","Ninguna","Sin restricción"
2015,1272,20/03/2015,"Viernes",0,12:40:00,,"0.0",4,"Automóvil,Automóvil,Automóvil,Pickup/Utilitario","3 De Febrero Y Balcarce",4,1,0,0,3,0,0,,"Calle",,"ROSARIO","Rosario","Asfalto","S/D","II","Dentro","Urbana","Ninguna","No existe","Recta","Bueno","Buena","Diurna","Buen Tiempo","Múltiple","S/D","Colisión","S/D","Faltante","Cordón divisorio","Sin restricción"
2015,1273,17/03/2015,"Martes",0,12:40:00,,"0.0",2,"Automóvil,Bicicleta","Rivadavia Y Moreno",2,1,0,0,1,0,0,,"Avenida",,"CAÑADA DE GÓMEZ","Iriondo","Asfalto","No existe","X","Dentro","Urbana","Ninguna","No existe","Intersección","Bueno","Buena","Diurna","Buen Tiempo","Lateral","S/D","Atropello","Otro","Faltante","Ninguna","Sin restricción"
2015,1274,20/03/2015,"Viernes",0,11:20:00,,"0.0",2,"Moto/Ciclomotor,Automóvil","Av. Pellegrini 1300",2,1,0,0,1,0,0,,"Calle",,"ROSARIO","Rosario","Asfalto","S/D","II","Dentro","Urbana","Ninguna","No existe","Recta","Bueno","Buena","Diurna","Buen Tiempo","Frontal","S/D","Colisión","S/D","Faltante","Cordón divisorio","Sin restricción"
2015,1275,11/03/2015,"Miercoles",0,,,"0.0",2,"Automóvil,Bicicleta","Gutenberg Y 9 De Julio",2,0,1,0,1,0,0,,"Calle",,"ROSARIO","Rosario","Asfalto","S/D","II","S/D","Urbana","S/D","S/D","S/D","S/D","S/D","S/D","S/D","S/D","S/D","Atropello","S/D","S/D","S/D","S/D"
2015,1276,23/03/2015,"Lunes",0,07:30:00,,"0.0",2,"Taxi/Remis,Moto/Ciclomotor","Balcarce Y Santa Fe",2,1,0,0,1,0,0,,"Calle",,"ROSARIO","Rosario","Asfalto","S/D","II","Dentro","Urbana","Semáforo","Funciona","Intersección","Bueno","Buena","Diurna","Buen Tiempo","Lateral","S/D","Colisión","S/D","Vertical","Cordón divisorio","Sin restricción"
2015,1277,01/03/2015,"Domingo",0,22:10:00,,"0.0",2,"Moto/Ciclomotor,Automóvil","Cafferata Y Montevideo",2,1,0,0,1,0,0,,"Calle",,"ROSARIO","Rosario","Asfalto","S/D","II","Dentro","Urbana","S/D","S/D","Intersección","S/D","S/D","Nocturna,Con luz artificial","S/D","Lateral","S/D","Colisión","S/D","S/D","S/D","S/D"
2015,1278,01/03/2015,"Domingo",0,18:00:00,,"0.0",2,"Taxi/Remis,Automóvil","San Luis Y Av. Francia",2,1,0,0,1,0,0,,"Avenida",,"ROSARIO","Rosario","S/D","S/D","II","Dentro","Urbana","S/D","S/D","Intersección","S/D","S/D","Diurna","S/D","Lateral","S/D","Colisión","S/D","S/D","S/D","S/D"
2015,1279,02/03/2015,"Lunes",0,16:00:00,,"0.0",2,"Automóvil,Moto/Ciclomotor","3 De Febrero Y Santiago",2,1,0,0,1,0,0,,"Calle",,"ROSARIO","Rosario","Asfalto","S/D","II","Dentro","Urbana","S/D","S/D","Intersección","S/D","S/D","Diurna","S/D","Lateral","S/D","Colisión","S/D","S/D","S/D","S/D"
2015,1280,20/03/2015,"Viernes",0,10:20:00,,"0.0",1,"Moto/Ciclomotor","San Martin Y 7 de Octubre",3,2,0,0,1,0,0,,"Calle",,"CAÑADA DE GÓMEZ","Iriondo","Asfalto","No existe","X","Dentro","Urbana","Ninguna","No existe","Intersección","Bueno","Buena","Diurna","Buen Tiempo","Otro","S/D","Otro","Ninguna","Faltante","Ninguna","Sin restricción"
2015,1281,02/03/2015,"Lunes",0,17:15:00,,"0.0",2,"Automóvil,Moto/Ciclomotor","Valparaiso Y Montevideo",2,1,0,0,1,0,0,,"Calle",,"ROSARIO","Rosario","Asfalto","S/D","II","Dentro","Urbana","S/D","S/D","Intersección","S/D","S/D","Diurna","S/D","Lateral","S/D","Colisión","S/D","S/D","S/D","S/D"
2015,1282,16/03/2015,"Lunes",0,16:30:00,,"0.0",2,"Automóvil,Automóvil","Suipacha Y Rioja",2,1,0,0,1,0,0,,"Calle",,"ROSARIO","Rosario","S/D","S/D","II","Dentro","Urbana","S/D","S/D","Intersección","S/D","S/D","Diurna","S/D","Lateral","S/D","Colisión","S/D","S/D","S/D","S/D"
2015,1283,03/03/2015,"Martes",0,09:00:00,,"0.0",2,"Automóvil,Automóvil","3 De Febrero 2970",2,1,0,0,1,0,0,,"Calle",,"ROSARIO","Rosario","S/D","S/D","II","Dentro","Urbana","S/D","S/D","Intersección","S/D","S/D","Diurna","S/D","De alcance","S/D","Colisión","S/D","S/D","S/D","S/D"
2015,1284,24/03/2015,"Martes",0,11:25:00,,"0.0",2,"Automóvil,Moto/Ciclomotor","San Martin Y Primera Junta",2,1,0,0,1,0,0,,"Calle",,"CAÑADA DE GÓMEZ","Iriondo","Hormigón","No existe","X","Dentro","Urbana","Ninguna","No existe","Intersección","Bueno","Buena","Diurna","Lluvia","Lateral","S/D","Colisión","Agua","Vertical","Ninguna","Sin restricción"
2015,1285,18/03/2015,"Miercoles",0,21:35:00,,"0.0",2,"Automóvil,Moto/Ciclomotor","Rioja Y Ricchieri",2,1,0,0,1,0,0,,"S/D",,"ROSARIO","Rosario","Asfalto","No existe","II","Dentro","Urbana","S/D","S/D","S/D","S/D","S/D","Nocturna","S/D","S/D","S/D","Colisión","S/D","S/D","S/D","S/D"
2015,1286,03/03/2015,"Martes",0,12:05:00,,"0.0",2,"Automóvil,Moto/Ciclomotor","Bv Centenario B 1600",2,1,0,0,1,0,0,,"Avenida",,"CAÑADA DE GÓMEZ","Iriondo","Asfalto","No existe","X","S/D","Urbana","Ninguna","No existe","Recta","Resbaladiza","Reducida","Diurna","Lluvia","S/D","S/D","S/D","Agua","Faltante","Ninguna","Sin restricción"
2015,1287,08/01/2015,"Jueves",0,16:30:00,,"0.0",2,"Automóvil,Otros","Bv Centenario B Y Sarmiento",3,2,0,0,1,0,0,,"S/D",,"CAÑADA DE GÓMEZ","Iriondo","Hormigón","S/D","X","Dentro","Urbana","Ninguna","No existe","Intersección","Bueno","Buena","Diurna","Buen Tiempo","Lateral","S/D","Colisión","Ninguna","Vertical","Ninguna","Sin restricción"
2015,1288,19/03/2015,"Jueves",0,09:00:00,,"0.0",2,"Taxi/Remis,Moto/Ciclomotor","9 De Julio Y Lavalle",2,1,0,0,1,0,0,,"Calle",,"ROSARIO","Rosario","Asfalto","S/D","II","Dentro","Urbana","S/D","S/D","S/D","S/D","S/D","Diurna","S/D","S/D","S/D","Colisión","S/D","S/D","S/D","S/D"
2015,1289,02/03/2015,"Lunes",0,22:00:00,,"0.0",2,"Moto/Ciclomotor,Automóvil","Santa Fe Y Av. Ovidio Lagos",2,1,0,0,1,0,0,,"Calle",,"ROSARIO","Rosario","Asfalto","No existe","II","S/D","Urbana","Semáforo","Funciona","Otro","Bueno","Buena","Nocturna","Buen Tiempo","Otro","S/D","Colisión","S/D","Vertical","Ninguna","Sin restricción"
2015,1290,20/03/2015,"Viernes",0,11:30:00,,"0.0",2,"Automóvil,Moto/Ciclomotor","San Luis Y Rio De Janeiro",2,1,0,0,1,0,0,,"Calle",,"ROSARIO","Rosario","Asfalto","No existe","II","S/D","Urbana","S/D","S/D","S/D","S/D","S/D","Diurna","S/D","S/D","S/D","Colisión","S/D","S/D","S/D","S/D"
2015,1291,20/03/2015,"Viernes",0,10:30:00,"Ruta Secundaria 10-s","6.0",1,"Pickup/Utilitario"," ",1,1,0,0,0,0,0,,"Ruta","10-s","SERODINO","Iriondo","Asfalto","Natural","X","S/D","Rural","Ninguna","S/D","Recta","Bueno","Buena","Diurna","Buen Tiempo","S/D","S/D","Despiste","S/D","S/D","Línea divisoria pintada","Sin restricción"
2015,1292,25/03/2015,"Miercoles",0,12:15:00,,"0.0",2,"Automóvil,Moto/Ciclomotor","San Nicolas Y Soldado Aguirre",2,1,0,0,1,0,0,,"Calle",,"VILLA GOBERNADOR GÁLVEZ","Rosario","Asfalto","No existe","II","S/D","Urbana","Ninguna","No existe","Intersección","Con baches","Buena","Diurna","Buen Tiempo","Otro","S/D","Colisión","Ninguna","Faltante","Ninguna","Sin restricción"
2015,1293,03/01/2015,"Sabado",0,15:30:00,,"0.0",2,"Automóvil,Moto/Ciclomotor","Mitre Y Fray L Beltran",2,1,0,0,1,0,0,,"Calle",,"TOTORAS","Iriondo","Ripio","No existe","X","S/D","Urbana","Ninguna","No existe","Recta","Bueno","Buena","Diurna","Buen Tiempo","Lateral","S/D","Colisión","Ninguna","Faltante","S/D","Sin restricción"
2015,1294,05/03/2015,"Jueves",0,15:15:00,,"0.0",2,"Moto/Ciclomotor,Automóvil","Tucuman Y Vera Mujica",2,1,0,0,1,0,0,,"Calle",,"ROSARIO","Rosario","Asfalto","No existe","II","S/D","Urbana","Ninguna","No existe","Otro","Bueno","Buena","Diurna","Buen Tiempo","Otro","S/D","Colisión","Otro","Faltante","Ninguna","Sin restricción"
2015,1295,22/03/2015,"Domingo",0,06:50:00,,"0.0",2,"Automóvil,Moto/Ciclomotor","Soldado Aguirre Y Iriondo",2,1,0,0,1,0,0,,"Calle",,"VILLA GOBERNADOR GÁLVEZ","Rosario","Asfalto","No existe","II","S/D","Urbana","Ninguna","No existe","Intersección","Otro","Buena","Atardecer","Buen Tiempo","S/D","S/D","Colisión","Ninguna","Faltante","Ninguna","Sin restricción"
2015,1296,18/01/2015,"Domingo",0,20:00:00,,"0.0",2,"Moto/Ciclomotor,Automóvil","Pueyrredon Y Saavedra",3,2,0,0,0,0,1,,"Calle",,"TOTORAS","Iriondo","Asfalto","No existe","X","Dentro","Urbana","Ninguna","No existe","Intersección","Bueno","Buena","Amanecer","Buen Tiempo","Lateral","S/D","Colisión","Ninguna","Vertical","S/D","Sin restricción"
2015,1297,09/03/2015,"Lunes",0,21:00:00,,"0.0",2,"Automóvil,Automóvil","Mitre Y Rioja",4,4,0,0,0,0,0,,"Calle",,"ROSARIO","Rosario","Asfalto","S/D","II","Dentro","Urbana","Ninguna","No existe","Intersección","Bueno","Buena","Nocturna,Con luz artificial","Buen Tiempo","Lateral","S/D","Colisión","S/D","Faltante","S/D","Sin restricción"
2015,1298,10/03/2015,"Martes",0,06:30:00,,"0.0",2,"Automóvil,Automóvil","San Nicolas Y San Lorenzo",2,1,0,0,1,0,0,,"Calle",,"ROSARIO","Rosario","Asfalto","No existe","II","S/D","Urbana","Ninguna","No existe","Otro","Otro","Buena","Amanecer","Buen Tiempo","Otro","S/D","Colisión","Otro","Faltante","Ninguna","Sin restricción"
2015,1299,14/03/2015,"Sabado",0,08:30:00,,"0.0",2,"Moto/Ciclomotor,Automóvil","Salta Y Vera Mujica",2,1,0,0,1,0,0,,"Calle",,"ROSARIO","Rosario","Asfalto","No existe","II","S/D","Urbana","Semáforo","Funciona","Recta","S/D","Buena","Diurna","Buen Tiempo","S/D","S/D","Colisión","S/D","Vertical","Ninguna","Sin restricción"
2015,1300,16/03/2015,"Lunes",0,16:10:00,,"0.0",2,"Moto/Ciclomotor,Automóvil","Av. Francia Y Guemes",2,1,0,0,1,0,0,,"Avenida",,"ROSARIO","Rosario","Asfalto","No existe","II","S/D","Urbana","Ninguna","No existe","Recta","Bueno","Buena","Diurna","Buen Tiempo","S/D","S/D","Colisión","Otro","Faltante","Ninguna","Sin restricción"
2015,1301,17/03/2015,"Martes",0,20:20:00,,"0.0",2,"Taxi/Remis,Automóvil","San Juan Y Constitucion",5,3,0,0,2,0,0,,"Calle",,"ROSARIO","Rosario","Asfalto","S/D","II","Dentro","Urbana","S/D","S/D","S/D","S/D","S/D","S/D","S/D","S/D","S/D","Colisión","S/D","S/D","S/D","S/D"
2015,1302,20/03/2015,"Viernes",0,20:00:00,,"0.0",2,"Automóvil,Moto/Ciclomotor","Montevideo Y Servando Bayo",5,3,0,0,0,0,2,,"Calle",,"ROSARIO","Rosario","Asfalto","No existe","II","Dentro","Urbana","S/D","S/D","S/D","S/D","S/D","Nocturna","S/D","S/D","S/D","Colisión","S/D","S/D","S/D","S/D"
2015,1303,24/03/2015,"Martes",0,22:55:00,,"0.0",2,"Peatón,Pickup/Utilitario","Mendoza Y Bv. Avellaneda",2,1,0,0,1,0,0,,"Calle",,"ROSARIO","Rosario","Asfalto","No existe","II","Dentro","Urbana","S/D","S/D","S/D","S/D","S/D","Nocturna","S/D","S/D","S/D","Atropello","S/D","S/D","S/D","S/D"
2015,1304,31/03/2015,"Martes",0,11:00:00,,"0.0",2,"Automóvil,Peatón","Ing Mosconi Y Buenos Aires",2,1,0,0,0,0,1,,"Calle",,"VILLA GOBERNADOR GÁLVEZ","Rosario","Asfalto","No existe","II","Dentro","Urbana","Ninguna","No existe","Rotonda","Bueno","Buena","Diurna","Buen Tiempo","S/D","S/D","Atropello","Ninguna","Faltante","Ninguna","Sin restricción"
2015,1305,17/03/2015,"Martes",0,23:50:00,,"0.0",2,"Automóvil,Vehículo Oficial","Pueyrredon Y 3 De Febrero",2,1,0,0,1,0,0,,"Calle",,"ROSARIO","Rosario","S/D","S/D","II","Dentro","Urbana","S/D","S/D","S/D","S/D","S/D","S/D","S/D","S/D","S/D","S/D","S/D","S/D","S/D","S/D"
2015,1306,09/03/2015,"Lunes",0,13:10:00,,"0.0",2,"Automóvil,Moto/Ciclomotor","Lavalle Y Bomberos Voluntarios",2,1,0,0,1,0,0,,"Calle",,"VILLA GOBERNADOR GÁLVEZ","Rosario","Asfalto","No existe","II","S/D","Urbana","Ninguna","No existe","Intersección","Bueno","Buena","Diurna","Buen Tiempo","S/D","S/D","Colisión","Ninguna","Faltante","Ninguna","Sin restricción"