"anio_acci","nro_acci","fecha","desc_dia","fecha_aprox","hora_aprox","desc_ruta","km","cant_participantes","desc_participante","calle_avenida_km","total","heridos_leves","heridos_graves","heridos_gravisimos","ilesos","fallecidos","sin_datos","posicion_XY","desc_tipo_via","desc_ruta_ori","desc_loc","desc_dpto","desc_tipo_calzada","desc_tipo_banquina","desc_unidad_regional","desc_lugar_calzada","desc_zona","desc_prioridad","desc_estado_semaforo","desc_lugar_via","desc_estado_via","desc_estado_visibilidad","desc_luminosidad","desc_estado_clima","desc_tipo_colision","desc_tipo_atropello","desc_tipo_hecho","desc_pres_calzada","desc_senializacion","desc_separacion_via","desc_restriccion"
2015,1307,26/03/2015,"Jueves",0,07:30:00,,"0.0",2,"Bicicleta,Automóvil","San Nicolas Y Soldado Aguirre",2,1,0,0,0,0,1,,"S/D",,"VILLA GOBERNADOR GÁLVEZ","Rosario","Asfalto","No existe","II","S/D","Urbana","Ninguna","No existe","Intersección","Con baches","Reducida","Atardecer","Buen Tiempo","S/D","S/D","Atropello","Ninguna","Faltante","Ninguna","Sin restricción"
2015,1308,27/03/2015,"Viernes",0,13:10:00,,"0.0",2,"Pickup/Utilitario,Moto/Ciclomotor","San Nicolas Y Pellegrini",4,3,0,0,1,0,0,,"Calle",,"VILLA GOBERNADOR GÁLVEZ","Rosario","Tierra","No existe","II","S/D","Urbana","Ninguna","No existe","Intersección","Con baches","Buena","Diurna","Buen Tiempo","S/D","S/D","Colisión","Ninguna","Faltante","Ninguna","Sin restricción"
2015,1309,19/03/2015,"Jueves",0,08:05:00,,"0.0",2,"Peatón,Automóvil","Salta Y Pueyrredon",2,1,0,0,1,0,0,,"Calle",,"ROSARIO","Rosario","S/D","No existe","II","S/D","Urbana","Ninguna","No existe","Recta","Otro","Buena","Diurna","Buen Tiempo","S/D","S/D","Atropello","Otro","Faltante","Ninguna","Sin restricción"
2015,1311,31/03/2015,"Martes",0,,,"0.0",2,"Taxi/Remis,Moto/Ciclomotor","La Republica Y Barra",2,1,0,0,1,0,0,,"Calle",,"ROSARIO","Rosario","Asfalto","No existe","II","S/D","Urbana","Ninguna","No existe","Intersección","Bueno","Buena","Nocturna","Buen Tiempo","Frontal","S/D","Colisión","Ninguna","Faltante","Ninguna","S/D"
2015,1312,20/03/2015,"Viernes",0,17:20:00,,"0.0",2,"Automóvil,Automóvil","Av. Del Valle 2700",2,1,0,0,1,0,0,,"Calle",,"ROSARIO","Rosario","Asfalto","No existe","II","S/D","Urbana","Semáforo","Funciona","Recta","S/D","Buena","Diurna","Buen Tiempo","S/D","S/D","Colisión","S/D","Vertical","Ninguna","Sin restricción"
2015,1313,18/03/2015,"Miercoles",0,13:10:00,,"0.0",2,"Pickup/Utilitario,Moto/Ciclomotor","La Republica Y Olavarria Bis",2,1,0,0,1,0,0,,"Calle",,"ROSARIO","Rosario","Asfalto","No existe","II","S/D","Urbana","Ninguna","No existe","Intersección","Bueno","S/D","Diurna","Buen Tiempo","Frontal","S/D","Colisión","Ninguna","Faltante","Ninguna","Sin restricción"
2015,1314,07/03/2015,"Sabado",0,20:57:00,,"0.0",2,"Automóvil,Moto/Ciclomotor","J.B.Justo Y Alberdi",3,2,0,0,1,0,0,,"Calle",,"ROSARIO","Rosario","Asfalto","No existe","II","S/D","Urbana","Ninguna","No existe","Intersección","Bueno","Buena","Nocturna,Con luz artificial","Buen Tiempo","S/D","S/D","Colisión","Ninguna","Faltante","Ninguna","Sin restricción"
2015,1315,23/03/2015,"Lunes",0,11:30:00,,"0.0",2,"Automóvil,Automóvil","Tucuman Y Iriondo",2,1,0,0,1,0,0,,"Calle",,"ROSARIO","Rosario","Asfalto","S/D","II","S/D","Urbana","Ninguna","No existe","Recta","Bueno","Buena","Diurna","Buen Tiempo","Lateral","S/D","Colisión","S/D","Faltante","Ninguna","S/D"
2015,1316,01/01/2015,"Jueves",0,00:40:00,"Ruta Provincial 40","0.0",2,"Bicicleta,Moto/Ciclomotor","Bv Perón Y 60",2,1,0,0,0,1,0,"-29.153055, -59.672669","Ruta",40,"RECONQUISTA","General Obligado","Asfalto","Natural","IX","Dentro","Urbana","Ninguna","No existe","Intersección","Bueno","Reducida","Nocturna,Con luz artificial","Buen Tiempo","S/D","S/D","Atropello","Otro","Faltante","Cordón divisorio","Sin restricción"
2015,1317,17/03/2015,"Martes",0,18:30:00,,"0.0",2,"Peatón,Moto/Ciclomotor","Av. Genova 3030",2,1,0,0,1,0,0,,"Calle",,"ROSARIO","Rosario","Asfalto","No existe","II","S/D","Urbana","Ninguna","No existe","Recta","Bueno","Buena","Diurna","Buen Tiempo","S/D","S/D","Atropello","S/D","Faltante","Ninguna","Sin restricción"
2015,1318,25/03/2015,"Miercoles",0,02:50:00,,"0.0",2,"Taxi/Remis,Automóvil","Tucuman Y Suipacha",2,1,0,0,0,0,1,,"Calle",,"ROSARIO","Rosario","Asfalto","No existe","II","S/D","Urbana","Ninguna","No existe","Recta","Bueno","Buena","Nocturna","Buen Tiempo","De alcance","S/D","Colisión","S/D","Faltante","Ninguna","Sin restricción"
2015,1319,08/02/2015,"Domingo",0,16:30:00,,"0.0",2,"Moto/Ciclomotor,Automóvil","Ing Mosconi Y Falucho",2,1,0,0,0,0,1,,"Calle",,"VILLA GOBERNADOR GÁLVEZ","Rosario","Asfalto","No existe","II","S/D","Urbana","Ninguna","No existe","Intersección","Bueno","Buena","Diurna","Buen Tiempo","S/D","S/D","Colisión","Ninguna","Faltante","Ninguna","Sin restricción"
2015,1320,12/03/2015,"Jueves",0,,,"0.0",2,"Peatón,Moto/Ciclomotor","Colombia Y J.B.Justo",2,1,0,0,1,0,0,,"Calle",,"ROSARIO","Rosario","S/D","S/D","II","S/D","Urbana","S/D","S/D","Intersección","S/D","S/D","S/D","S/D","S/D","S/D","Atropello","S/D","S/D","S/D","S/D"
2015,1321,25/03/2015,"Miercoles",0,22:55:00,,"0.0",2,"Moto/Ciclomotor,Automóvil","Av. Pellegrini Y Castellanos",3,2,0,0,0,0,1,,"Avenida",,"ROSARIO","Rosario","Asfalto","No existe","II","Dentro","Urbana","S/D","S/D","S/D","S/D","S/D","Nocturna","S/D","S/D","S/D","Colisión","S/D","S/D","S/D","S/D"
2015,1322,25/03/2015,"Miercoles",0,20:05:00,,"0.0",2,"Peatón,Automóvil","Santa Fe Y Vera Mujica",2,1,0,0,1,0,0,,"Calle",,"ROSARIO","Rosario","Asfalto","No existe","II","S/D","Urbana","Semáforo","Funciona","Recta","Bueno","Buena","Nocturna","Buen Tiempo","S/D","S/D","Atropello","S/D","Vertical","Ninguna","Sin restricción"
2015,1323,28/03/2015,"Sabado",0,06:30:00,,"0.0",2,"Moto/Ciclomotor,Automóvil","Callao Y E.Zeballos",2,1,0,0,1,0,0,,"Calle",,"ROSARIO","Rosario","Asfalto","No existe","II","Dentro","Urbana","S/D","S/D","S/D","S/D","S/D","Diurna","S/D","S/D","S/D","Colisión","S/D","S/D","S/D","S/D"
2015,1324,14/03/2015,"Sabado",0,19:30:00,,"0.0",2,"Bicicleta,Automóvil","P Opicci Y Ing Mosconi",2,1,0,0,0,0,1,,"Calle",,"VILLA GOBERNADOR GÁLVEZ","Rosario","Asfalto","No existe","II","S/D","Urbana","Ninguna","S/D","Intersección","Bueno","Buena","Atardecer,Con luz artificial","Buen Tiempo","S/D","S/D","Atropello","Ninguna","Faltante","Ninguna","Sin restricción"
2015,1325,11/03/2015,"Miercoles",0,22:00:00,,"0.0",2,"Automóvil,Peatón","Colombia Y J.B.Justo",2,1,0,0,0,0,1,,"Calle",,"ROSARIO","Rosario","Asfalto","No existe","II","S/D","Urbana","Ninguna","S/D","Intersección","Bueno","S/D","Nocturna","Buen Tiempo","S/D","S/D","Atropello","S/D","Faltante","Ninguna","Sin restricción"
2015,1326,28/03/2015,"Sabado",0,23:40:00,,"0.0",2,"Automóvil,Moto/Ciclomotor","Rioja 2800",3,2,0,0,1,0,0,,"Calle",,"ROSARIO","Rosario","Asfalto","No existe","II","Dentro","Urbana","S/D","S/D","S/D","S/D","S/D","Nocturna","S/D","S/D","S/D","Colisión","S/D","S/D","S/D","S/D"
2015,1327,29/03/2015,"Domingo",0,00:50:00,,"0.0",2,"Taxi/Remis,Moto/Ciclomotor","Cordoba Y Pueyrredon",2,1,0,0,1,0,0,,"Calle",,"ROSARIO","Rosario","Asfalto","No existe","II","Dentro","Urbana","S/D","S/D","S/D","S/D","S/D","Nocturna","S/D","S/D","S/D","Colisión","S/D","S/D","S/D","S/D"
2015,1328,31/03/2015,"Martes",0,17:50:00,,"0.0",2,"Bicicleta,Automóvil","Alberdi Y Albert Sabin",2,1,0,0,1,0,0,,"Calle",,"ROSARIO","Rosario","Asfalto","S/D","II","Dentro","Urbana","S/D","S/D","Intersección","S/D","S/D","Diurna","S/D","S/D","S/D","Atropello","S/D","S/D","S/D","S/D"
2015,1329,29/03/2015,"Domingo",0,05:15:00,,"0.0",2,"Automóvil,Moto/Ciclomotor","San Luis Y Suipacha",2,1,0,0,1,0,0,,"Calle",,"ROSARIO","Rosario","Asfalto","No existe","II","Dentro","Urbana","S/D","S/D","S/D","S/D","S/D","Nocturna","S/D","S/D","S/D","Colisión","S/D","S/D","S/D","S/D"
2015,1330,29/03/2015,"Domingo",0,21:45:00,,"0.0",2,"Automóvil,Moto/Ciclomotor","Alsina Y E.Zeballos",3,2,0,0,1,0,0,,"Calle",,"ROSARIO","Rosario","Asfalto","S/D","II","Dentro","Urbana","S/D","S/D","S/D","S/D","S/D","Nocturna","S/D","S/D","S/D","Colisión","S/D","S/D","S/D","S/D"
2015,1331,29/03/2015,"Domingo",0,18:30:00,,"0.0",2,"Moto/Ciclomotor,Automóvil","Bv. Avellaneda Y Harding",4,3,0,0,0,0,1,,"Calle",,"ROSARIO","Rosario","Asfalto","S/D","II","Dentro","Urbana","S/D","S/D","Intersección","S/D","S/D","Diurna","S/D","S/D","S/D","Colisión,Inmersión","S/D","S/D","S/D","S/D"
2015,1332,30/03/2015,"Lunes",0,15:10:00,,"0.0",2,"Taxi/Remis,Automóvil","Vera Mujica Y San Juan",3,1,0,0,2,0,0,,"Calle",,"ROSARIO","Rosario","S/D","No existe","II","Dentro","Urbana","S/D","S/D","S/D","S/D","S/D","Diurna","S/D","S/D","S/D","Colisión","S/D","S/D","S/D","S/D"
2015,1333,25/03/2015,"Miercoles",0,14:00:00,,"0.0",2,"Automóvil,Peatón","Albert Sabin Y 8 de Noviembre",2,1,0,0,1,0,0,,"Avenida",,"ROSARIO","Rosario","Asfalto","S/D","II","Dentro","Urbana","S/D","S/D","Intersección","S/D","S/D","Diurna","S/D","S/D","S/D","Atropello","S/D","S/D","S/D","S/D"
2015,1334,22/03/2015,"Domingo",0,18:30:00,,"0.0",2,"Moto/Ciclomotor,Automóvil","Warnes Y Baigorria",2,1,0,0,1,0,0,,"Calle",,"ROSARIO","Rosario","Asfalto","S/D","II","Dentro","Urbana","S/D","S/D","Intersección","S/D","S/D","Diurna","S/D","S/D","S/D","Colisión","S/D","S/D","S/D","S/D"
2015,1335,19/03/2015,"Jueves",0,19:50:00,"Ruta Provincial 21","0.0",2,"Pickup/Utilitario,Moto/Ciclomotor","Av Gral San Martin Y Rio Parana",2,1,0,0,1,0,0,,"Ruta",21,"VILLA GOBERNADOR GÁLVEZ","Rosario","Asfalto","Natural","II","S/D","Urbana","Otra Señal","No existe","Recta","Bueno","Buena","Nocturna,Con luz artificial","Buen Tiempo","S/D","S/D","S/D","Ninguna","Faltante","Cordón divisorio","Sin restricción"
2015,1336,23/03/2015,"Lunes",0,17:15:00,,"0.0",2,"Taxi/Remis,Automóvil","Av. Luis Carballo Y Rawson Bis",2,1,0,0,0,0,1,,"Calle",,"ROSARIO","Rosario","Asfalto","S/D","II","S/D","Urbana","S/D","S/D","Intersección","S/D","S/D","Diurna","S/D","S/D","S/D","Colisión","S/D","S/D","S/D","S/D"
2015,1337,19/03/2015,"Jueves",0,21:30:00,,"0.0",2,"Bicicleta,Automóvil","Bv. Rondeau Y Castagnino",2,1,0,0,1,0,0,,"Calle",,"ROSARIO","Rosario","Asfalto","S/D","II","Dentro","Urbana","S/D","S/D","S/D","S/D","S/D","Nocturna","S/D","S/D","S/D","Atropello","S/D","S/D","S/D","S/D"
2015,1338,20/03/2015,"Viernes",0,12:50:00,,"0.0",2,"Taxi/Remis,Automóvil","Bv. Rondeau Y Av. Sorrento",2,1,0,0,1,0,0,,"Avenida",,"ROSARIO","Rosario","S/D","S/D","II","Dentro","Urbana","S/D","S/D","Intersección","S/D","S/D","Diurna","S/D","S/D","S/D","Colisión","S/D","S/D","S/D","S/D"
2015,1339,20/03/2015,"Viernes",0,19:30:00,,"0.0",2,"Moto/Ciclomotor,Moto/Ciclomotor","Pje. Boedo Y Herrera",2,2,0,0,0,0,0,,"Calle",,"ROSARIO","Rosario","Asfalto","No existe","II","Dentro","Urbana","Ninguna","No existe","Intersección","Bueno","Buena","Diurna","Buen Tiempo","Lateral","S/D","Colisión","Otro","Faltante","Ninguna","Sin restricción"
2015,1340,25/03/2015,"Miercoles",0,16:00:00,,"0.0",2,"Automóvil,Transporte de Pasajeros Urbano (> 8 asientos)","Salvat 3300",3,1,0,0,2,0,0,,"Calle",,"ROSARIO","Rosario","Asfalto","No existe","II","Dentro","Urbana","S/D","No existe","Recta","Bueno","Buena","Diurna","Buen Tiempo","S/D","S/D","Colisión","Ninguna","S/D","S/D","S/D"
2015,1341,05/03/2015,"Jueves",0,09:45:00,,"0.0",2,"Automóvil,Automóvil","Garay Y Av Juan Domingo Peron",2,1,0,0,1,0,0,,"Calle",,"VILLA GOBERNADOR GÁLVEZ","Rosario","Asfalto","No existe","II","Dentro","Urbana","Ninguna","No existe","Recta","Bueno","Buena","Diurna","Buen Tiempo","Lateral","S/D","Colisión","Otro","Faltante","Ninguna","Sin restricción"
2015,1342,17/03/2015,"Martes",0,09:20:00,,"0.0",2,"Moto/Ciclomotor,Automóvil","Av Gral San Martin Y Libertad",2,1,0,0,1,0,0,,"Calle",,"VILLA GOBERNADOR GÁLVEZ","Rosario","Asfalto","No existe","II","Dentro","Urbana","Ninguna","No existe","Recta","Bueno","Buena","Diurna","Buen Tiempo","Lateral","S/D","Colisión","S/D","Faltante","Ninguna","Sin restricción"
2015,1343,25/03/2015,"Miercoles",0,17:45:00,,"0.0",2,"Otros,Otros","Villa del Parque Y Salvat",2,2,0,0,0,0,0,,"Calle",,"ROSARIO","Rosario","Asfalto","No existe","II","Dentro","Urbana","S/D","No existe","Intersección","Bueno","Buena","Diurna","Buen Tiempo","S/D","S/D","Colisión","Ninguna","S/D","S/D","S/D"
2015,1344,01/03/2015,"Domingo",0,05:50:00,,"0.0",2,"Peatón,Automóvil","Av. Circunvalacion Bis 1800",2,0,1,0,0,0,1,,"Avenida",,"ROSARIO","Rosario","Asfalto","Pavimento","II","Dentro","Urbana","Ninguna","No existe","Recta","Bueno","Buena","Amanecer","Buen Tiempo","S/D","S/D","Atropello","Ninguna","Horizontal","Guardarrail","Obra en Construcción"
2015,1345,20/03/2015,"Viernes",0,12:25:00,,"0.0",2,"Moto/Ciclomotor,Automóvil","Av Gral San Martin Y Chubut",2,1,0,0,1,0,0,,"Calle",,"VILLA GOBERNADOR GÁLVEZ","Rosario","Asfalto","No existe","II","Dentro","Urbana","Ninguna","No existe","Recta","Bueno","Buena","Diurna","Buen Tiempo","Lateral","S/D","Colisión","Otro","Faltante","Ninguna","Sin restricción"
2015,1346,11/03/2015,"Miercoles",0,15:00:00,,"0.0",2,"Camión,Automóvil","Baigorria Y Av. Circunvalacion",2,1,0,0,0,0,1,,"S/D",,"ROSARIO","Rosario","S/D","Pavimento","II","Dentro","Urbana","Ninguna","S/D","Recta","Bueno","Buena","S/D","Buen Tiempo","S/D","S/D","Colisión","Ninguna","Horizontal","Guardarrail","Obra en Construcción"
2015,1347,02/03/2015,"Lunes",0,19:00:00,,"0.0",2,"Moto/Ciclomotor,Automóvil","Nicolas Laguna Y Salvat",2,1,0,0,0,0,1,,"Calle",,"ROSARIO","Rosario","Asfalto","No existe","II","S/D","Urbana","Ninguna","No existe","Recta","Bueno","Buena","Diurna","Buen Tiempo","Lateral","S/D","Colisión","Ninguna","Faltante","Ninguna","Accidente Previo"
2015,1348,11/03/2015,"Miercoles",0,17:15:00,,"0.0",2,"Bicicleta,Pickup/Utilitario","Juarez Celman Y Humberto Primo",2,1,0,0,1,0,0,,"S/D",,"ARROYO SECO","Rosario","Asfalto","S/D","II","Dentro","Urbana","Ninguna","S/D","Intersección","Bueno","S/D","S/D","Buen Tiempo","S/D","S/D","Atropello","S/D","Faltante","Ninguna","Sin restricción"
2015,1349,23/03/2015,"Lunes",0,19:50:00,,"0.0",2,"Moto/Ciclomotor,Automóvil","Av Gral San Martin Y J F Kennedy",2,1,0,0,1,0,0,,"Calle",,"VILLA GOBERNADOR GÁLVEZ","Rosario","Asfalto","No existe","II","Dentro","Urbana","Ninguna","No existe","Recta","Con baches","Buena","Atardecer","Buen Tiempo","Lateral","S/D","Colisión","Otro","Faltante","Ninguna","Sin restricción"
2015,1350,18/03/2015,"Miercoles",0,16:30:00,,"0.0",2,"Moto/Ciclomotor,Automóvil","12 de Octubre Y Libertad",2,1,0,0,1,0,0,,"Calle",,"VILLA GOBERNADOR GÁLVEZ","Rosario","Asfalto","No existe","II","Dentro","Urbana","Ninguna","No existe","Recta","Con baches","Buena","Diurna","Buen Tiempo","Lateral","S/D","Colisión","S/D","Faltante","Ninguna","Sin restricción"
2015,1351,10/03/2015,"Martes",0,18:30:00,,"0.0",2,"Moto/Ciclomotor,Automóvil","Jose Ingenieros Y Antelo Bis",2,1,0,0,1,0,0,,"Calle",,"ROSARIO","Rosario","Asfalto","S/D","II","Dentro","Urbana","S/D","S/D","Intersección","Bueno","S/D","Diurna","Buen Tiempo","Lateral","S/D","Colisión","S/D","Faltante","Cordón divisorio","Sin restricción"
2015,1352,09/03/2015,"Lunes",0,16:00:00,,"0.0",2,"Bicicleta,Moto/Ciclomotor","Av. Casiano Casas Y Pavlov",2,1,0,0,1,0,0,,"Calle",,"ROSARIO","Rosario","Hormigón","No existe","II","Dentro","Urbana","Ninguna","No existe","Intersección","Bueno","Buena","Diurna","Buen Tiempo","S/D","S/D","Atropello","S/D","Faltante","Ninguna","Sin restricción"
2015,1353,07/03/2015,"Sabado",0,06:00:00,,"0.0",1,"Automóvil","FRENTE AL PARQUE REGIONAL ",1,1,0,0,0,0,0,,"Avenida",,"VILLA GOBERNADOR GÁLVEZ","Rosario","Asfalto","No existe","II","Dentro","Urbana","Ninguna","No existe","Recta","Bueno","Buena","Diurna","Buen Tiempo","Contra objeto fijo","S/D","Colisión","Otro","Faltante","Ninguna","Sin restricción"
2015,1354,16/03/2015,"Lunes",0,06:45:00,,"0.0",2,"Moto/Ciclomotor,Moto/Ciclomotor","Juan B Justo Bis Y 1 de Mayo",3,3,0,0,0,0,0,,"S/D",,"ARROYO SECO","Rosario","Asfalto","S/D","II","Dentro","Urbana","Ninguna","S/D","Intersección","Bueno","S/D","S/D","Buen Tiempo","Lateral","S/D","Colisión","S/D","Faltante","Ninguna","Reparación de Vía"
2015,1355,29/03/2015,"Domingo",0,14:05:00,,"0.0",2,"Taxi/Remis,Moto/Ciclomotor","Av. Eva Peron Y Muniagurria",3,1,0,0,2,0,0,,"Calle",,"ROSARIO","Rosario","Asfalto","S/D","II","Dentro","Urbana","S/D","S/D","Intersección","Bueno","S/D","Diurna","S/D","Lateral","S/D","Colisión","S/D","S/D","Ninguna","S/D"
2015,1356,16/03/2015,"Lunes",0,12:45:00,,"0.0",2,"Moto/Ciclomotor,Automóvil","Hipolito Irigoyen 700",2,1,0,0,0,0,1,,"S/D",,"ARROYO SECO","Rosario","Asfalto","S/D","II","S/D","Urbana","Ninguna","S/D","Recta","Bueno","S/D","S/D","Buen Tiempo","Frontal","S/D","Colisión","S/D","Faltante","Ninguna","Sin restricción"
2015,1357,10/03/2015,"Martes",0,20:00:00,"Ruta Nacional 9","257.0",2,"Camión,Camión"," ",2,2,0,0,0,0,0,,"Ruta",9,"FIGHIERA","Rosario","Asfalto","S/D","II","S/D","Urbana","S/D","S/D","Recta","S/D","S/D","Nocturna","S/D","S/D","S/D","Colisión","S/D","S/D","S/D","S/D"
2015,1358,15/03/2015,"Domingo",0,08:00:00,"Ruta Provincial 21","12.0",2,"Automóvil,Moto/Ciclomotor"," ",3,1,1,0,1,0,0,,"Ruta",21,"GENERAL LAGOS","Rosario","Asfalto","Natural","II","Dentro","Rural","Ninguna","No existe","Recta","Bueno","Buena","Diurna","Buen Tiempo","De alcance","S/D","Colisión","S/D","Vertical","Ninguna","Sin restricción"
2015,1359,30/03/2015,"Lunes",0,18:30:00,,"0.0",1,"Otros","Esquivel Y Av. Provincias Unidas",1,1,0,0,0,0,0,,"Calle",,"ROSARIO","Rosario","Asfalto","Pavimento","II","Dentro","Urbana","S/D","S/D","Intersección","Bueno","Buena","Atardecer","S/D","S/D","S/D","S/D","S/D","S/D","S/D","S/D"
2015,1360,10/03/2015,"Martes",0,01:00:00,,"0.0",2,"Moto/Ciclomotor,Moto/Ciclomotor"," ",2,2,0,0,0,0,0,,"Calle",,"VILLA GOBERNADOR GÁLVEZ","Rosario","Asfalto","No existe","II","Dentro","Urbana","Ninguna","No existe","Recta","Bueno","Buena","Nocturna","Buen Tiempo","Lateral","S/D","Colisión","Otro","Faltante","Ninguna","Sin restricción"
2015,1361,12/03/2015,"Jueves",0,19:00:00,,"0.0",2,"Vehículo Oficial,Camión","J.Colombres Y J.B.Justo",3,1,0,0,1,0,1,,"Calle",,"ROSARIO","Rosario","S/D","S/D","II","S/D","Urbana","S/D","S/D","S/D","S/D","S/D","S/D","S/D","S/D","S/D","S/D","S/D","S/D","S/D","S/D"
2015,1362,31/03/2015,"Martes",0,20:00:00,,"0.0",2,"Moto/Ciclomotor,Pickup/Utilitario","Arevalo Y Av. Provincias Unidas",2,1,0,0,1,0,0,,"Avenida",,"ROSARIO","Rosario","Asfalto","S/D","II","Dentro","Urbana","S/D","S/D","Intersección","Bueno","S/D","Nocturna","S/D","Lateral","S/D","Colisión","S/D","S/D","S/D","S/D"
2015,1363,13/03/2015,"Viernes",0,18:00:00,,"0.0",2,"Automóvil,Pickup/Utilitario","Av. Luis Carballo Y Florida",3,2,0,0,1,0,0,,"Calle",,"ROSARIO","Rosario","Asfalto","S/D","II","Dentro","Urbana","S/D","S/D","Intersección","S/D","S/D","Diurna","S/D","S/D","S/D","Colisión","S/D","S/D","S/D","S/D"
2015,1364,21/03/2015,"Sabado",0,,,"0.0",2,"Automóvil,Moto/Ciclomotor","J.B.Justo Y Tarragona",2,2,0,0,0,0,0,,"S/D",,"ROSARIO","Rosario","S/D","S/D","II","S/D","S/D","S/D","S/D","S/D","S/D","S/D","S/D","S/D","S/D","S/D","S/D","S/D","S/D","S/D","S/D"
2015,1365,12/03/2015,"Jueves",0,16:00:00,,"0.0",2,"Moto/Ciclomotor,Taxi/Remis","Salvador Allende 200",2,1,0,0,1,0,0,,"Calle",,"ROSARIO","Rosario","Asfalto","No existe","II","Dentro","Urbana","Ninguna","No existe","Recta","Bueno","Buena","Diurna","Buen Tiempo","Frontal","S/D","Colisión","Otro","Faltante","Ninguna","Sin restricción"
2015,1366,29/03/2015,"Domingo",0,21:30:00,,"0.0",2,"Moto/Ciclomotor,Moto/Ciclomotor","Sanchez de Loria Y Schweitzer",2,1,0,0,0,0,1,,"Calle",,"ROSARIO","Rosario","S/D","S/D","II","S/D","Urbana","S/D","S/D","S/D","S/D","S/D","S/D","S/D","S/D","S/D","S/D","S/D","S/D","S/D","S/D"
2015,1367,20/03/2015,"Viernes",0,18:10:00,"Ruta Nacional 9","0.0",2,"Automóvil,Moto/Ciclomotor"," ",2,1,0,0,1,0,0,,"Ruta",9,"FUNES","Rosario","Asfalto","No existe","II","Dentro","Urbana","Ninguna","No existe","Recta","S/D","Buena","Amanecer","S/D","S/D","S/D","Colisión","S/D","Faltante","Ninguna","Sin restricción"
2015,1368,20/03/2015,"Viernes",0,17:55:00,,"0.0",2,"Pickup/Utilitario,Moto/Ciclomotor","Lisandro de la Torre Y Maipu",2,1,0,0,1,0,0,,"Calle",,"GENERAL LAGOS","Rosario","Asfalto","No existe","II","Dentro","Urbana","Ninguna","No existe","Intersección","Bueno","Buena","Atardecer","Buen Tiempo","De alcance","S/D","Colisión","S/D","Faltante","Ninguna","Sin restricción"
2015,1369,21/03/2015,"Sabado",0,19:20:00,"Ruta Nacional 9","0.0",2,"Automóvil,Otros"," ",2,1,0,0,1,0,0,,"Ruta",9,"FUNES","Rosario","Asfalto","No existe","II","S/D","Urbana","Ninguna","No existe","Recta","Bueno","Buena","Atardecer","S/D","S/D","S/D","S/D","S/D","Faltante","Ninguna","Sin restricción"
2015,1370,06/03/2015,"Viernes",0,03:50:00,,"0.0",2,"Automóvil,Automóvil","Av. Luis Carballo Y Av. Avellaneda B",5,3,0,0,2,0,0,,"Calle",,"ROSARIO","Rosario","Asfalto","S/D","II","Dentro","Urbana","S/D","S/D","Intersección","S/D","S/D","Nocturna","S/D","S/D","S/D","Colisión","S/D","S/D","S/D","S/D"
2015,1371,13/03/2015,"Viernes",0,19:45:00,,"0.0",2,"Moto/Ciclomotor,Moto/Ciclomotor","J A Roca Y Pje cordero",4,3,0,0,0,0,1,,"Calle",,"VILLA GOBERNADOR GÁLVEZ","Rosario","Tierra","No existe","II","Dentro","Urbana","Ninguna","No existe","Recta","Con baches","Buena","Diurna","Buen Tiempo","Lateral","S/D","Colisión","Otro","Faltante","Ninguna","Sin restricción"
2015,1372,12/03/2015,"Jueves",0,,,"0.0",2,"Automóvil,Automóvil","Av. Azcuenaga 8000",2,0,2,0,0,0,0,,"Calle",,"ROSARIO","Rosario","S/D","S/D","II","Dentro","Urbana","S/D","S/D","Recta","S/D","S/D","S/D","S/D","Lateral","S/D","Colisión","S/D","S/D","S/D","S/D"
2015,1373,19/03/2015,"Jueves",0,18:35:00,"Autopista Nacional Gral. Juan Jose Valle","0.0",2,"Automóvil,Automóvil","AUT. GRAL J.J. VALLE  Y SAN JOSE",3,2,0,0,1,0,0,,"Autopista","Gral. Juan Jose Valle","GENERAL LAGOS","Rosario","Asfalto","Natural","II","Dentro","Rural","Ninguna","No existe","Recta","S/D","Buena","Amanecer","Buen Tiempo","De alcance","S/D","Colisión","S/D","Faltante","Vegetación","Sin restricción"
2015,1374,08/03/2015,"Domingo",0,19:50:00,,"0.0",2,"Peatón,Automóvil","Bolivia 322 B",2,1,0,0,1,0,0,,"Calle",,"ROSARIO","Rosario","Asfalto","S/D","II","Dentro","Urbana","S/D","S/D","S/D","S/D","S/D","Nocturna","Buen Tiempo","S/D","S/D","Atropello","S/D","S/D","S/D","S/D"
2015,1375,11/03/2015,"Miercoles",0,18:00:00,,"0.0",2,"Moto/Ciclomotor,Automóvil","Cervantes bis 23",2,1,0,0,1,0,0,,"Calle",,"VILLA GOBERNADOR GÁLVEZ","Rosario","Asfalto","No existe","II","S/D","Urbana","Ninguna","No existe","Recta","Bueno","Reducida","Atardecer","Buen Tiempo","De alcance","S/D","Colisión","S/D","Faltante","Ninguna","Sin restricción"
2015,1376,02/03/2015,"Lunes",0,14:00:00,,"0.0",2,"Moto/Ciclomotor,Automóvil","Washington Y Zelaya",2,1,0,0,1,0,0,,"Calle",,"ROSARIO","Rosario","Asfalto","No existe","II","Dentro","Urbana","Señal Pare","No existe","Intersección","Bueno","Buena","Diurna","Buen Tiempo","Frontal","S/D","Colisión","S/D","Vertical","Ninguna","Sin restricción"
2015,1377,30/03/2015,"Lunes",0,20:00:00,,"0.0",2,"Automóvil,Moto/Ciclomotor","Calle sin nombre Y Calle sin nombre",2,1,0,0,1,0,0,,"Camino Rural",,"ALVEAR","Rosario","Tierra","No existe","II","Dentro","Urbana","Ninguna","No existe","Intersección","Bueno","Reducida polvo","Nocturna","S/D","Lateral","S/D","Colisión","S/D","Faltante","Ninguna","Sin restricción"
2015,1378,19/03/2015,"Jueves",0,09:30:00,"Ruta Provincial 18","21.0",1,"Automóvil"," ",3,3,0,0,0,0,0,,"Ruta",18,"CARMEN DEL SAUCE","Rosario","Asfalto","Natural","II","S/D","Rural","Ninguna","No existe","Recta","Bueno","Buena","Diurna","Buen Tiempo","S/D","S/D","Vuelco,Despiste","Ninguna","S/D","Línea divisoria pintada","Sin restricción"