"anio_acci","nro_acci","fecha","desc_dia","fecha_aprox","hora_aprox","desc_ruta","km","cant_participantes","desc_participante","calle_avenida_km","total","heridos_leves","heridos_graves","heridos_gravisimos","ilesos","fallecidos","sin_datos","posicion_XY","desc_tipo_via","desc_ruta_ori","desc_loc","desc_dpto","desc_tipo_calzada","desc_tipo_banquina","desc_unidad_regional","desc_lugar_calzada","desc_zona","desc_prioridad","desc_estado_semaforo","desc_lugar_via","desc_estado_via","desc_estado_visibilidad","desc_luminosidad","desc_estado_clima","desc_tipo_colision","desc_tipo_atropello","desc_tipo_hecho","desc_pres_calzada","desc_senializacion","desc_separacion_via","desc_restriccion"
2015,1379,13/03/2015,"Viernes",0,00:50:00,,"0.0",2,"Peatón,Moto/Ciclomotor","Santiago del Estero Y Av de las Americas",2,2,0,0,0,0,0,,"Avenida",,"PEREZ","Rosario","Asfalto","No existe","II","Dentro","Urbana","Ninguna","No existe","Recta","Bueno","Buena","Diurna","Buen Tiempo","S/D","S/D","Atropello","S/D","Faltante","Ninguna","Sin restricción"
2015,1380,18/03/2015,"Miercoles",0,10:30:00,,"0.0",2,"Moto/Ciclomotor,Automóvil","Av. Eva Peron Y Bv. Wilde",2,1,0,0,1,0,0,,"Avenida",,"ROSARIO","Rosario","Asfalto","No existe","II","S/D","Urbana","Otra Señal","No existe","Recta","Bueno","Buena","Diurna","S/D","S/D","S/D","Colisión","S/D","S/D","S/D","Sin restricción"
2015,1381,29/03/2015,"Domingo",0,20:30:00,"Ruta Provincial 21","289.0",2,"Automóvil,Moto/Ciclomotor"," ",3,2,0,0,1,0,0,,"Ruta",21,"ALVEAR","Rosario","Asfalto","Natural","II","Dentro","Urbana","Ninguna","No existe","Recta","Bueno","S/D","Nocturna,Con luz artificial","Buen Tiempo","S/D","S/D","Colisión","S/D","Faltante","Línea divisoria pintada","Sin restricción"
2015,1382,23/03/2015,"Lunes",0,11:35:00,,"0.0",2,"Peatón,Automóvil","San Lorenzo Y Av. Avellaneda B",2,1,0,0,1,0,0,,"Calle",,"ROSARIO","Rosario","S/D","No existe","II","Dentro","Urbana","Semáforo","Funciona","Recta","S/D","Buena","Diurna","Buen Tiempo","S/D","S/D","Atropello","S/D","Faltante","Ninguna","Sin restricción"
2015,1383,13/03/2015,"Viernes",0,12:30:00,,"0.0",2,"Bicicleta,Automóvil","Av Belgrano Y Av 9 de Julio",2,2,0,0,0,0,0,,"Avenida",,"PEREZ","Rosario","Asfalto","No existe","II","Dentro","Urbana","Ninguna","No existe","Intersección","Bueno","Buena","Diurna","Buen Tiempo","S/D","S/D","Atropello","S/D","Faltante","Ninguna","Sin restricción"
2015,1384,27/03/2015,"Viernes",0,00:25:00,,"0.0",2,"Moto/Ciclomotor,Moto/Ciclomotor","Av. Eva Peron Y Av. Circunvalacion",2,1,1,0,0,0,0,,"Avenida",,"ROSARIO","Rosario","Asfalto","S/D","II","Dentro","Urbana","Semáforo","Funciona","Intersección","Bueno","Reducida","Nocturna","S/D","S/D","S/D","Colisión","S/D","S/D","S/D","Sin restricción"
2015,1385,12/03/2015,"Jueves",0,12:50:00,,"0.0",2,"Moto/Ciclomotor,Automóvil","Av Juan Domingo Peron Y Corrientes",2,1,0,0,1,0,0,,"Calle",,"VILLA GOBERNADOR GÁLVEZ","Rosario","Asfalto","No existe","II","S/D","Urbana","Ninguna","No existe","Recta","Bueno","Buena","Diurna","Buen Tiempo","De alcance","S/D","Colisión","S/D","Faltante","Ninguna","Sin restricción"
2015,1386,17/03/2015,"Martes",0,07:50:00,,"0.0",2,"Automóvil,Automóvil","Av Gral San Martin Y Belgrano",2,1,0,0,1,0,0,,"S/D",,"VILLA GOBERNADOR GÁLVEZ","Rosario","Asfalto","No existe","II","S/D","S/D","Ninguna","Funciona","Recta","Bueno","Buena","Diurna","Buen Tiempo","Lateral","S/D","Colisión","Otro","Faltante","Ninguna","Sin restricción"
2015,1387,02/03/2015,"Lunes",0,15:00:00,"Ruta Nacional 33","848.0",2,"Moto/Ciclomotor,Automóvil"," ",2,1,0,0,0,0,1,,"Ruta",33,"PEREZ","Rosario","Asfalto","No existe","II","Dentro","Urbana","Ninguna","No existe","Recta","Bueno","Buena","Diurna","Buen Tiempo","S/D","S/D","Colisión","S/D","Faltante","Ninguna","S/D"
2015,1389,17/03/2015,"Martes",0,19:00:00,,"0.0",2,"Moto/Ciclomotor,Automóvil","Berna ",2,1,0,0,0,0,1,,"Calle",,"ROSARIO","Rosario","S/D","S/D","II","S/D","Urbana","S/D","S/D","S/D","S/D","S/D","Nocturna","S/D","S/D","S/D","S/D","S/D","S/D","S/D","S/D"
2015,1390,03/03/2015,"Martes",0,20:00:00,,"0.0",2,"Automóvil,Automóvil","Av. Luis Carballo Y Rawson Bis",2,1,0,0,1,0,0,,"Calle",,"ROSARIO","Rosario","Asfalto","S/D","II","Dentro","Urbana","S/D","S/D","Recta","S/D","S/D","Diurna","S/D","S/D","S/D","Colisión","S/D","S/D","S/D","S/D"
2015,1391,17/03/2015,"Martes",0,19:50:00,,"0.0",2,"Moto/Ciclomotor,Automóvil","Av Juan Domingo Peron Y Cordoba",2,1,0,0,1,0,0,,"Calle",,"VILLA GOBERNADOR GÁLVEZ","Rosario","Asfalto","S/D","II","S/D","Urbana","Ninguna","S/D","Recta","Con baches","Reducida","Atardecer","Buen Tiempo","De alcance","S/D","Colisión","S/D","Faltante","Ninguna","Sin restricción"
2015,1392,27/03/2015,"Viernes",0,07:00:00,,"0.0",2,"Moto/Ciclomotor,Automóvil","Av Juan Domingo Peron 1400",2,1,0,0,1,0,0,,"Avenida",,"VILLA GOBERNADOR GÁLVEZ","Rosario","Asfalto","No existe","II","S/D","Urbana","Ninguna","No existe","Recta","Bueno","Buena","Diurna","Buen Tiempo","De alcance","S/D","Colisión","Otro","Faltante","Ninguna","Sin restricción"
2015,1393,28/03/2015,"Sabado",0,20:15:00,,"0.0",2,"Moto/Ciclomotor,Bicicleta","J.J.Paso Y P.L.Funes",2,1,1,0,0,0,0,,"Calle",,"ROSARIO","Rosario","Asfalto","S/D","II","Dentro","Urbana","Ninguna","S/D","Recta","Bueno","S/D","Nocturna","Buen Tiempo","S/D","S/D","Atropello","S/D","Faltante","Ninguna","S/D"
2015,1394,27/03/2015,"Viernes",0,,,"0.0",2,"Moto/Ciclomotor,Automóvil","Av Juan Domingo Peron Y Cordoba",2,2,0,0,0,0,0,,"Calle",,"VILLA GOBERNADOR GÁLVEZ","Rosario","Asfalto","No existe","II","Dentro","Urbana","S/D","No existe","Recta","Bueno","Reducida","Atardecer","Buen Tiempo","De alcance","S/D","Colisión","S/D","S/D","Ninguna","Sin restricción"
2015,1395,28/02/2015,"Sabado",0,21:20:00,,"0.0",2,"Bicicleta,Automóvil","Av 9 de Julio Y Lavalle",2,2,0,0,0,0,0,,"Avenida",,"PEREZ","Rosario","Asfalto","Pavimento","II","Dentro","Urbana","Ninguna","No existe","Recta","Bueno","Buena","Diurna","Buen Tiempo","Lateral","S/D","Colisión","S/D","Faltante","Ninguna","Sin restricción"
2015,1396,01/03/2015,"Domingo",0,03:15:00,,"0.0",2,"Automóvil,Automóvil","Alberdi Y Gorriti",2,1,0,0,1,0,0,,"Calle",,"ROSARIO","Rosario","Asfalto","S/D","II","Dentro","Urbana","S/D","S/D","Intersección","S/D","S/D","Nocturna","S/D","S/D","S/D","Colisión","S/D","S/D","S/D","S/D"
2015,1397,15/03/2015,"Domingo",0,19:05:00,,"0.0",2,"Moto/Ciclomotor,Automóvil","Saenz Peña Y Av Juan Domingo Peron",3,2,0,0,1,0,0,,"Calle",,"VILLA GOBERNADOR GÁLVEZ","Rosario","Asfalto","No existe","II","S/D","Urbana","Ninguna","No existe","Recta","Bueno","Reducida","Atardecer","Buen Tiempo","De alcance","S/D","Colisión","S/D","Faltante","Ninguna","Sin restricción"
2015,1398,26/03/2015,"Jueves",0,18:00:00,,"0.0",2,"Automóvil,Moto/Ciclomotor","Av Filipini Y Soldado Aguirre",2,1,0,0,1,0,0,,"Calle",,"VILLA GOBERNADOR GÁLVEZ","Rosario","Asfalto","No existe","II","Dentro","Urbana","Marca Vial","No existe","Intersección","Bueno","Buena","Diurna","Buen Tiempo","S/D","S/D","Colisión","S/D","Faltante","Ninguna","Sin restricción"
2015,1399,23/02/2015,"Lunes",0,10:15:00,"Ruta Nacional 33","0.0",2,"Camión,Automóvil","Ruta Nac 33 Y Av 9 de Julio",2,2,0,0,0,0,0,,"Ruta",33,"PEREZ","Rosario","Asfalto","No existe","II","Dentro","Urbana","Semáforo","S/D","Recta","Bueno","Buena","Diurna","Buen Tiempo","Lateral","S/D","Colisión","S/D","Horizontal","Línea divisoria pintada","Sin restricción"
2015,1400,30/03/2015,"Lunes",0,21:00:00,,"0.0",2,"Moto/Ciclomotor,Automóvil","White 7600",2,1,0,0,0,0,1,,"Calle",,"ROSARIO","Rosario","Asfalto","No existe","II","S/D","Urbana","Ninguna","No existe","S/D","Bueno","Buena","Nocturna","Buen Tiempo","Lateral","S/D","Colisión","Ninguna","Faltante","S/D","Sin restricción"
2015,1401,22/03/2015,"Domingo",0,23:45:00,,"0.0",2,"Automóvil,Moto/Ciclomotor","Av del Libertador Y Almafuerte",2,1,0,0,1,0,0,,"Calle",,"VILLA GOBERNADOR GÁLVEZ","Rosario","Asfalto","No existe","II","Dentro","Urbana","Ninguna","No existe","Intersección","Deteriorada","Reducida","Nocturna,Con luz artificial","Buen Tiempo","S/D","S/D","Colisión","S/D","Faltante","Ninguna","Sin restricción"
2015,1402,28/03/2015,"Sabado",0,02:15:00,,"0.0",2,"Automóvil,Moto/Ciclomotor","Mitre Y Avellaneda",3,0,2,0,0,0,1,,"Calle",,"VILLA GOBERNADOR GÁLVEZ","Rosario","Asfalto","S/D","II","Dentro","Urbana","Ninguna","S/D","Intersección","Bueno","S/D","Nocturna","Buen Tiempo","S/D","S/D","Colisión","S/D","Faltante","Ninguna","Sin restricción"
2015,1403,04/03/2015,"Miercoles",0,20:00:00,,"0.0",2,"Peatón,Automóvil","Junin Y Camilo Aldao Bis",2,1,0,0,1,0,0,,"Calle",,"ROSARIO","Rosario","Asfalto","S/D","II","Dentro","Urbana","Semáforo","S/D","Recta","S/D","S/D","Atardecer","S/D","Frontal","S/D","Atropello","S/D","S/D","S/D","Sin restricción"
2015,1404,21/03/2015,"Sabado",0,,"Ruta Nacional 33","779.0",1,"Automóvil","Ruta Nac 33 ",3,2,0,0,1,0,0,,"Ruta",33,"ZAVALLA","Rosario","Asfalto","Natural","II","Dentro","Urbana","Ninguna","No existe","Recta","Bueno","Buena","Nocturna","Lluvia","S/D","S/D","Colisión","S/D","Horizontal,Vertical","Línea divisoria pintada","Sin restricción"
2015,1405,16/03/2015,"Lunes",0,20:30:00,,"0.0",2,"Automóvil,Moto/Ciclomotor","Junin Y Tte.Agneta",2,1,0,0,1,0,0,,"Calle",,"ROSARIO","Rosario","S/D","No existe","II","Dentro","Urbana","S/D","S/D","Intersección","S/D","Reducida","Nocturna","S/D","Lateral","S/D","Colisión","S/D","Faltante","Ninguna","Sin restricción"
2015,1406,27/03/2015,"Viernes",0,12:30:00,,"0.0",2,"Peatón,Pickup/Utilitario","Av. Eva Peron Y Tarragona",2,1,0,0,1,0,0,,"Avenida",,"ROSARIO","Rosario","Asfalto","S/D","II","S/D","Urbana","S/D","S/D","Recta","Bueno","Buena","Diurna","S/D","S/D","S/D","Colisión","S/D","S/D","S/D","S/D"
2015,1407,10/03/2015,"Martes",0,17:00:00,,"0.0",2,"Moto/Ciclomotor,Peatón","White 7500",2,2,0,0,0,0,0,,"Calle",,"ROSARIO","Rosario","Asfalto","Natural","II","Fuera","Urbana","S/D","No existe","S/D","Bueno","Buena","Amanecer","S/D","S/D","S/D","Atropello","Ninguna","Faltante","S/D","S/D"
2015,1408,10/03/2015,"Martes",0,07:00:00,"Ruta Provincial 14","5.0",2,"Automóvil,Moto/Ciclomotor","Ruta Provincial 14 ",2,1,0,0,1,0,0,,"Ruta",14,"PIÑERO","Rosario","Asfalto","Natural","II","Dentro","Rural","Ninguna","No existe","Recta","Bueno","Buena","Diurna","Buen Tiempo","S/D","S/D","Colisión","Ninguna","S/D","Ninguna","Sin restricción"
2015,1409,10/03/2015,"Martes",0,19:30:00,,"0.0",2,"Automóvil,Moto/Ciclomotor","Mendoza Y Donado",3,1,0,0,2,0,0,,"Calle",,"ROSARIO","Rosario","Asfalto","Pavimento","II","S/D","Urbana","Ninguna","Funciona","S/D","Bueno","Buena","Diurna","Buen Tiempo","Lateral","S/D","Colisión","Agua","Faltante","S/D","Sin restricción"
2015,1410,20/03/2015,"Viernes",0,10:00:00,,"0.0",2,"Automóvil,Peatón","Comenius Y Gonzalez del Solar",2,1,0,0,1,0,0,,"Calle",,"ROSARIO","Rosario","Asfalto","S/D","II","Dentro","Urbana","Otra Señal","S/D","Intersección","S/D","S/D","Diurna","S/D","S/D","S/D","Colisión","S/D","S/D","Ninguna","S/D"
2015,1411,05/03/2015,"Jueves",0,,,"0.0",2,"Peatón,Moto/Ciclomotor","Olavarria Bis Y Pje. Pelayo",3,1,0,0,2,0,0,,"Calle",,"ROSARIO","Rosario","Asfalto","No existe","II","Dentro","Urbana","S/D","No existe","Recta","Bueno","Buena","Diurna","Buen Tiempo","Lateral","S/D","Colisión","S/D","Faltante","S/D","Sin restricción"
2015,1412,13/03/2015,"Viernes",0,11:00:00,,"0.0",2,"Pickup/Utilitario,Moto/Ciclomotor","Santa Fe Y J.Colombres",2,1,0,0,1,0,0,,"Calle",,"ROSARIO","Rosario","Asfalto","S/D","II","S/D","Urbana","Ninguna","No existe","S/D","Bueno","Buena","Diurna","Buen Tiempo","Lateral","S/D","Colisión","Ninguna","Faltante","S/D","Sin restricción"
2015,1413,12/03/2015,"Jueves",0,,,"0.0",1,"Moto/Ciclomotor","Moreno Y Chacabuco",1,1,0,0,0,0,0,,"Calle",,"ÁLVAREZ","Rosario","Asfalto","No existe","II","Dentro","Urbana","Ninguna","No existe","Intersección","Con baches","Buena","Diurna","Buen Tiempo","S/D","S/D","Caída ocupante","Ninguna","Faltante","Ninguna","Sin restricción"
2015,1414,05/03/2015,"Jueves",0,17:00:00,,"0.0",2,"Bicicleta,Automóvil","Casablanca Y Hipolito Irigoyen",2,1,0,0,1,0,0,,"Calle",,"PEREZ","Rosario","Ripio","No existe","II","S/D","Urbana","Ninguna","No existe","Intersección","Deteriorada","Buena","Diurna","Buen Tiempo","Frontal","S/D","Colisión","S/D","Faltante","Ninguna","Sin restricción"
2015,1415,25/03/2015,"Miercoles",0,,"Ruta Nacional A012","36.4",2,"Automóvil,Otros"," ",3,2,0,0,1,0,0,,"Ruta","A012","ZAVALLA","Rosario","Asfalto","Natural","II","Dentro","Rural","Ninguna","No existe","Recta","Bueno","Buena","Nocturna","Lluvia","Frontal","S/D","Colisión","S/D","Horizontal","Línea divisoria pintada","Sin restricción"
2015,1416,12/03/2015,"Jueves",0,,,"0.0",2,"Tren,Peatón","P.Araoz ",3,0,1,0,2,0,0,,"Calle",,"ROSARIO","Rosario","S/D","No existe","II","Dentro","Urbana","Señal Pare","Funciona","Paso a Nivel FFCC","S/D","S/D","S/D","S/D","Otro","S/D","Atropello","S/D","Horizontal,Vertical","S/D","S/D"
2015,1417,21/03/2015,"Sabado",0,20:30:00,,"0.0",2,"Automóvil,Moto/Ciclomotor","Av. Provincias Unidas Y Juan B.De La Salle",3,1,0,0,2,0,0,,"Avenida",,"ROSARIO","Rosario","Asfalto","S/D","II","Dentro","Urbana","S/D","S/D","Intersección","Bueno","S/D","Nocturna","S/D","S/D","S/D","Colisión","Otro","S/D","S/D","S/D"
2015,1418,25/03/2015,"Miercoles",0,,,"0.0",2,"Moto/Ciclomotor,Automóvil","Tte.Agneta Y Gorriti",2,1,0,0,1,0,0,,"Calle",,"ROSARIO","Rosario","S/D","No existe","II","S/D","Urbana","S/D","No existe","Intersección","S/D","S/D","S/D","S/D","Lateral","S/D","Colisión","S/D","Faltante","Ninguna","Sin restricción"
2015,1419,10/03/2015,"Martes",0,,"Ruta Nacional 33","0.0",2,"Otros,Automóvil","25 de Mayo ",3,0,1,0,1,0,1,,"Ruta",33,"ZAVALLA","Rosario","Asfalto","Natural","II","Dentro","Urbana","Semáforo","Funciona","Intersección","Bueno","Buena","Nocturna,Con luz artificial","Buen Tiempo","Lateral","S/D","Colisión","S/D","Vertical","Línea divisoria pintada","Sin restricción"
2015,1420,21/03/2015,"Sabado",0,04:30:00,,"0.0",2,"Moto/Ciclomotor,Otros","Humberto I Y Carriego",3,2,0,0,0,0,1,,"Calle",,"ROSARIO","Rosario","Asfalto","No existe","II","S/D","Urbana","S/D","No existe","Intersección","Bueno","Reducida","Nocturna","S/D","De alcance","S/D","Colisión","S/D","S/D","S/D","S/D"
2015,1421,01/01/2015,"Jueves",0,07:20:00,"Ruta Provincial 23","0.0",3,"Automóvil,Taxi/Remis,Transporte de Pasajeros Larga Distancia (Piso  y  1/2)","Ruta Prov Nro 23 Y Cordoba",13,0,0,0,8,5,0,"-30.540491, -61.953364","Ruta",23,"SUARDI","San Cristóbal","Asfalto","Natural","XIII","Dentro","Urbana","Ninguna","No existe","Intersección","Bueno","Buena","Diurna","Buen Tiempo","De alcance","S/D","Colisión","Ninguna","Vertical","Línea divisoria pintada","Sin restricción"
2015,1422,01/01/2015,"Jueves",0,13:00:00,,"0.0",2,"Moto/Ciclomotor,Transporte de Pasajeros Urbano (> 8 asientos)","Espora Y Saavedra",2,0,0,0,1,1,0,"-33.023912,-60.616681","Calle",,"VILLA GOBERNADOR GÁLVEZ","Rosario","Asfalto","No existe","II","Dentro","Urbana","Ninguna","No existe","Intersección","Con baches","Buena","Diurna","Buen Tiempo","Lateral","S/D","Colisión","S/D","Faltante","Ninguna","Sin restricción"
2015,1423,04/01/2015,"Domingo",0,11:50:00,"Ruta Nacional 33","643.5",1,"Automóvil"," ",5,4,0,0,0,1,0,"-33.662461,-61.886938","Ruta",33,"MURPHY","General López","Asfalto","Natural","VIII","Fuera","Rural","S/D","No existe","Recta","Bueno","Buena","Diurna","Buen Tiempo","S/D","S/D","Vuelco,Despiste","S/D","S/D","Línea divisoria pintada","Sin restricción"
2015,1424,05/01/2015,"Lunes",0,21:40:00,,"0.0",2,"Moto/Ciclomotor,Peatón","Av. Los Quinteros 2900",2,1,0,0,0,1,0,"-31.556194,-60.677","Avenida",,"ANGEL GALLARDO","La Capital","Tierra","Natural","I","Dentro","Urbana","Ninguna","No existe","Recta","Bueno","Buena","Nocturna,Con luz artificial","Buen Tiempo","S/D","S/D","Atropello","Ninguna","S/D","Ninguna","Sin restricción"
2015,1425,08/01/2015,"Jueves",0,16:30:00,"Ruta Nacional A012","2.0",2,"Automóvil,Pickup/Utilitario"," ",5,4,0,0,0,1,0,"-33.088342,-60.657139","Ruta","A012","ALVEAR","Rosario","Asfalto","Natural","II","Dentro","Rural","Ninguna","No existe","Recta","Bueno","Buena","Diurna","Buen Tiempo","Lateral","S/D","Colisión","Otro","Faltante","Línea divisoria pintada","Sin restricción"
2015,1426,16/03/2015,"Lunes",0,,,"0.0",2,"Bicicleta,Pickup/Utilitario","Moreno Y Entre Rios",2,1,0,0,1,0,0,,"Calle",,"VILLA CONSTITUCIÓN","Constitución","Hormigón","Pavimento","VI","S/D","Urbana","Ninguna","No existe","Intersección","Otro","S/D","S/D","Buen Tiempo","S/D","S/D","Atropello","Ninguna","Faltante","Ninguna","Sin restricción"
2015,1427,28/03/2015,"Sabado",0,,"Ruta Provincial 21","0.0",3,"Automóvil,Automóvil,Automóvil","Presidente Peron Y Ruta Prov 21",4,2,0,0,2,0,0,,"Ruta",21,"VILLA CONSTITUCIÓN","Constitución","Asfalto","Pavimento","VI","Dentro","Urbana","Semáforo","Funciona","Recta","Otro","Buena","Diurna","Buen Tiempo","Múltiple","S/D","Colisión","Ninguna","Faltante","Ninguna","Sin restricción"
2015,1428,01/03/2015,"Domingo",0,20:30:00,,"0.0",2,"Automóvil,Moto/Ciclomotor","1ro de Mayo Y Javier de la Rosa",2,1,0,0,1,0,0,,"Avenida",,"SANTA FE","La Capital","Asfalto","Natural","I","Dentro","Urbana","S/D","No existe","Intersección","Deteriorada","Buena","Nocturna","Buen Tiempo","Lateral","S/D","Colisión","S/D","Faltante","S/D","S/D"
2015,1429,09/03/2015,"Lunes",0,11:00:00,,"0.0",2,"Automóvil,Moto/Ciclomotor","Bv Belgrano Y Estanislao Lopez",2,1,0,0,1,0,0,,"Calle",,"CALCHAQUÍ","Vera","Asfalto","S/D","XIX","S/D","Urbana","S/D","S/D","Recta","S/D","S/D","Diurna","S/D","S/D","S/D","Colisión","S/D","S/D","S/D","S/D"
2015,1430,16/03/2015,"Lunes",0,,,"0.0",2,"Otros,Otros"," ",2,0,1,0,1,0,0,,"S/D",,"VILLA CONSTITUCIÓN","Constitución","S/D","S/D","VI","S/D","S/D","S/D","S/D","S/D","S/D","S/D","S/D","S/D","S/D","S/D","S/D","S/D","S/D","S/D","S/D"
2015,1431,15/03/2015,"Domingo",0,,,"0.0",2,"Moto/Ciclomotor,Pickup/Utilitario"," ",3,2,0,0,1,0,0,,"S/D",,"VILLA CONSTITUCIÓN","Constitución","S/D","S/D","VI","S/D","Urbana","S/D","S/D","S/D","S/D","S/D","S/D","S/D","Lateral","S/D","Colisión","S/D","S/D","S/D","S/D"
2015,1432,20/03/2015,"Viernes",0,,,"0.0",2,"Automóvil,Moto/Ciclomotor","Belgrano Y Misiones",3,2,0,0,1,0,0,,"Calle",,"VILLA CONSTITUCIÓN","Constitución","Asfalto","S/D","VI","Dentro","Urbana","Ninguna","No existe","Recta","Bueno","Buena","Diurna","Buen Tiempo","Frontal","S/D","Colisión","S/D","Faltante","Ninguna","Sin restricción"
2015,1433,17/03/2015,"Martes",0,,,"0.0",2,"Moto/Ciclomotor,Pickup/Utilitario","Pbro D Segundo Y Mendoza",2,0,1,0,1,0,0,,"Calle",,"VILLA CONSTITUCIÓN","Constitución","Asfalto","Pavimento","VI","Dentro","Urbana","Ninguna","No existe","Intersección","Bueno","Buena","Diurna","Buen Tiempo","Lateral","S/D","Colisión","Ninguna","Faltante","Ninguna","Sin restricción"
2015,1434,30/03/2015,"Lunes",0,10:20:00,"Ruta Provincial 21","0.0",2,"Bicicleta,Moto/Ciclomotor","Jorge Newbery Y San Martin",2,1,0,0,0,0,1,,"Ruta",21,"VILLA CONSTITUCIÓN","Constitución","Asfalto","S/D","VI","Dentro","Rural","S/D","S/D","Intersección","S/D","Buena","Diurna","Buen Tiempo","S/D","S/D","Atropello","S/D","S/D","S/D","S/D"
2015,1435,11/03/2015,"Miercoles",0,17:00:00,,"0.0",2,"Automóvil,Moto/Ciclomotor","Pte Peron Y Moreau de Justo",2,1,0,0,1,0,0,,"Calle",,"VERA","Vera","Asfalto","S/D","XIX","S/D","Urbana","S/D","No existe","Intersección","Con baches","Buena","Diurna","Viento Fuerte","Lateral","S/D","Colisión","S/D","S/D","S/D","Sin restricción"
2015,1436,24/03/2015,"Martes",0,19:55:00,"Ruta Provincial 90","0.0",2,"Otros,Automóvil","Saavedra ",2,1,0,0,0,0,1,,"Ruta",90,"VILLA CONSTITUCIÓN","Constitución","Asfalto","Pavimento","VI","Dentro","Urbana","Semáforo","Funciona","Intersección","S/D","Buena","Diurna","Otro","Frontal","S/D","Colisión","Ninguna","Vertical","S/D","Sin restricción"
2015,1437,20/03/2015,"Viernes",0,04:40:00,"Ruta Nacional 11","0.0",2,"Camión,Pickup/Utilitario"," ",11,0,0,0,2,0,9,,"Ruta",11,"CALCHAQUÍ","Vera","Asfalto","Natural","XIX","S/D","Rural","Ninguna","No existe","Recta","Bueno","Buena","Nocturna","Buen Tiempo","S/D","S/D","Colisión,Vuelco","S/D","S/D","Línea divisoria pintada","Sin restricción"
2015,1438,23/03/2015,"Lunes",0,12:00:00,,"0.0",2,"Bicicleta,Automóvil","Chubut Y Martin Miguel de Guemes",3,1,0,0,0,0,2,,"Calle",,"VILLA CONSTITUCIÓN","Constitución","Asfalto","S/D","VI","S/D","Urbana","S/D","S/D","Intersección","S/D","Buena","Diurna","S/D","S/D","S/D","Caída ocupante,Atropello","S/D","S/D","S/D","S/D"
2015,1439,04/03/2015,"Miercoles",0,,,"0.0",2,"Moto/Ciclomotor,Automóvil","Independencia Y Salta",3,1,0,0,2,0,0,,"Calle",,"VILLA CONSTITUCIÓN","Constitución","Asfalto","Pavimento","VI","S/D","Urbana","Ninguna","No existe","Recta","Otro","Buena","Diurna","Buen Tiempo","Lateral","S/D","Colisión","Ninguna","Faltante","Ninguna","Sin restricción"
2015,1440,08/03/2015,"Domingo",0,16:30:00,,"0.0",2,"Moto/Ciclomotor,Transporte de Pasajeros Larga Distancia (> 8 asientos)"," ",3,2,0,0,1,0,0,,"Calle",,"VERA","Vera","Asfalto","S/D","XIX","Dentro","Urbana","Ninguna","No existe","Intersección","Bueno","Buena","Diurna","Buen Tiempo","Lateral","S/D","Colisión","S/D","S/D","Ninguna","Sin restricción"
2015,1441,17/03/2015,"Martes",0,,,"0.0",2,"Moto/Ciclomotor,Automóvil","Simon Bolivar Y Entre Rios",3,2,0,0,1,0,0,,"Calle",,"VILLA CONSTITUCIÓN","Constitución","Asfalto","Pavimento","VI","Dentro","Urbana","Ninguna","No existe","Intersección","Bueno","Buena","Diurna","Buen Tiempo","Lateral","S/D","Colisión","Ninguna","Faltante","Ninguna","Sin restricción"
2015,1442,19/03/2015,"Jueves",0,21:00:00,"Ruta Provincial 21","0.0",2,"Moto/Ciclomotor,Automóvil"," ",2,1,0,0,0,0,1,,"Ruta",21,"VILLA CONSTITUCIÓN","Constitución","Asfalto","S/D","VI","S/D","S/D","S/D","S/D","Intersección","S/D","Buena","Nocturna","S/D","Lateral","S/D","Colisión","S/D","S/D","S/D","S/D"
2015,1443,05/03/2015,"Jueves",0,,,"0.0",2,"Automóvil,Moto/Ciclomotor","Manuel Dorrego Y Lisandro de la Torre",2,1,0,0,1,0,0,,"Calle",,"VILLA CONSTITUCIÓN","Constitución","Asfalto","Pavimento","VI","S/D","Urbana","Ninguna","No existe","Intersección","Bueno","Buena","Diurna","Buen Tiempo","Lateral","S/D","Colisión","Ninguna","Faltante","Ninguna","Sin restricción"
2015,1444,20/03/2015,"Viernes",0,07:50:00,"Ruta Nacional 11","0.0",2,"Moto/Ciclomotor,Automóvil","RTA.NACIONAL 11 Y CALLE ALVEAR",2,1,0,0,1,0,0,,"Ruta",11,"VERA","Vera","Asfalto","S/D","XIX","S/D","Urbana","Ninguna","No existe","Intersección","Bueno","Buena","Diurna","Buen Tiempo","Lateral","S/D","Colisión","S/D","S/D","Ninguna","Sin restricción"
2015,1445,21/03/2015,"Sabado",0,17:45:00,,"0.0",2,"Moto/Ciclomotor,Otros","25 de Mayo Y Mitre B",3,1,0,0,2,0,0,,"Calle",,"VERA","Vera","Asfalto","No existe","XIX","Dentro","Urbana","Ninguna","No existe","Intersección","Bueno","Buena","Diurna","Buen Tiempo","Lateral","S/D","Colisión","S/D","S/D","Ninguna","Sin restricción"
2015,1446,21/03/2015,"Sabado",0,,,"0.0",2,"Peatón,Moto/Ciclomotor","Manuel Dorrego Y 9 de Julio",3,1,0,0,2,0,0,,"Avenida",,"VILLA CONSTITUCIÓN","Constitución","Asfalto","Pavimento","VI","Fuera","Urbana","Ninguna","No existe","Intersección","Otro","Buena","Diurna","Buen Tiempo","S/D","S/D","Atropello","Ninguna","Faltante","Ninguna","Sin restricción"
2015,1447,04/03/2015,"Miercoles",0,,,"0.0",2,"Automóvil,Moto/Ciclomotor","Manuel Dorrego Y Entre Rios",2,2,0,0,0,0,0,,"Avenida",,"VILLA CONSTITUCIÓN","Constitución","Asfalto","Pavimento","VI","S/D","Urbana","Ninguna","No existe","Recta","Otro","Buena","Diurna","Buen Tiempo","Frontal","S/D","Colisión","Ninguna","S/D","Ninguna","Sin restricción"