"anio_acci","nro_acci","fecha","desc_dia","fecha_aprox","hora_aprox","desc_ruta","km","cant_participantes","desc_participante","calle_avenida_km","total","heridos_leves","heridos_graves","heridos_gravisimos","ilesos","fallecidos","sin_datos","posicion_XY","desc_tipo_via","desc_ruta_ori","desc_loc","desc_dpto","desc_tipo_calzada","desc_tipo_banquina","desc_unidad_regional","desc_lugar_calzada","desc_zona","desc_prioridad","desc_estado_semaforo","desc_lugar_via","desc_estado_via","desc_estado_visibilidad","desc_luminosidad","desc_estado_clima","desc_tipo_colision","desc_tipo_atropello","desc_tipo_hecho","desc_pres_calzada","desc_senializacion","desc_separacion_via","desc_restriccion"
2015,1448,05/03/2015,"Jueves",0,,,"0.0",2,"Automóvil,Automóvil","BV. AMELONG ",3,3,0,0,0,0,0,,"Calle",,"VILLA CONSTITUCIÓN","Constitución","Asfalto","S/D","VI","S/D","Urbana","Ninguna","No existe","Intersección","Otro","Buena","Diurna","Buen Tiempo","Frontal","S/D","Colisión","Ninguna","Faltante","Ninguna","Sin restricción"
2015,1449,05/03/2015,"Jueves",0,08:40:00,,"0.0",2,"Moto/Ciclomotor,Transporte de Pasajeros Urbano (> 8 asientos)","Av A del Valle Y French",2,1,0,0,1,0,0,,"Avenida",,"SANTA FE","La Capital","Asfalto","Pavimento","I","Dentro","Urbana","S/D","Funciona","Intersección","Bueno","Buena","Diurna","Buen Tiempo","Lateral","S/D","Colisión","S/D","S/D","S/D","S/D"
2015,1450,15/03/2015,"Domingo",0,,,"0.0",2,"Moto/Ciclomotor,Automóvil"," ",2,1,0,0,1,0,0,,"S/D",,"VILLA CONSTITUCIÓN","Constitución","Asfalto","Pavimento","VI","Dentro","Urbana","Ninguna","S/D","Intersección","Otro","Buena","Diurna","Buen Tiempo","Lateral","S/D","Colisión","Ninguna","Faltante","Ninguna","Sin restricción"
2015,1451,23/03/2015,"Lunes",0,23:30:00,,"0.0",2,"Moto/Ciclomotor,Automóvil","Av Facundo Zuviria Y Risso",2,1,0,0,1,0,0,,"Avenida",,"SANTA FE","La Capital","Asfalto","Natural","I","Dentro","Urbana","S/D","No existe","Curva","Bueno","Buena","Nocturna,Con luz artificial","S/D","Lateral","S/D","Colisión","S/D","S/D","S/D","S/D"
2015,1453,20/03/2015,"Viernes",0,15:30:00,,"0.0",2,"Bicicleta,Automóvil","Gorriti Y San Lorenzo",2,1,0,0,1,0,0,"-31.588555555556,-60.700694444444","Avenida",,"SANTA FE","La Capital","Asfalto","No existe","I","Dentro","Urbana","S/D","No existe","Intersección","Bueno","Buena","Diurna","Buen Tiempo","S/D","S/D","Atropello","S/D","Faltante","S/D","S/D"
2015,1454,28/03/2015,"Sabado",0,01:45:00,,"0.0",2,"Moto/Ciclomotor,Automóvil","Santa Cruz Y Av Urquiza",2,1,0,0,1,0,0,,"Avenida",,"SANTA FE","La Capital","Tierra,Ripio","Natural","I","Dentro","Urbana","S/D","No existe","Intersección","Resbaladiza,Ahuellamiento","Reducida polvo","Nocturna,Con luz artificial","Buen Tiempo","Lateral","S/D","Colisión","S/D","Faltante","S/D","S/D"
2015,1455,24/03/2015,"Martes",0,,,"0.0",2,"Moto/Ciclomotor,Automóvil","Belgrano Y Misiones",3,2,0,0,1,0,0,,"Calle",,"VILLA CONSTITUCIÓN","Constitución","Asfalto","Pavimento","VI","Dentro","Urbana","Ninguna","No existe","Intersección","Bueno","Buena","Diurna","Buen Tiempo","Frontal","S/D","Colisión","Ninguna","Faltante","Ninguna","Sin restricción"
2015,1456,17/03/2015,"Martes",0,14:35:00,,"0.0",2,"Pickup/Utilitario,Moto/Ciclomotor","Colon Y Sarmiento D",4,3,0,0,1,0,0,,"Calle",,"VERA","Vera","Asfalto","S/D","XIX","Dentro","Urbana","Ninguna","No existe","Intersección","Bueno","Buena","Diurna","Buen Tiempo","Lateral","S/D","Colisión","S/D","S/D","Ninguna","Sin restricción"
2015,1457,23/03/2015,"Lunes",0,22:00:00,,"0.0",2,"Automóvil,Moto/Ciclomotor","San Martin Y Buenos Aires",2,1,0,0,1,0,0,,"Calle",,"VERA","Vera","Asfalto","S/D","XIX","Dentro","Urbana","Ninguna","No existe","Intersección","Bueno","Reducida","Nocturna,Con luz artificial","Buen Tiempo","Lateral","S/D","Colisión","S/D","S/D","Ninguna","Sin restricción"
2015,1458,27/03/2015,"Viernes",0,19:15:00,,"0.0",2,"Moto/Ciclomotor,Bicicleta","L de la Torre Y Moreno",2,1,0,0,1,0,0,,"Calle",,"VERA","Vera","Asfalto","S/D","XIX","Dentro","Urbana","S/D","No existe","Intersección","Bueno","Reducida","Atardecer","Buen Tiempo","S/D","S/D","Atropello","S/D","S/D","S/D","Sin restricción"
2015,1459,27/03/2015,"Viernes",0,05:45:00,"Autopista Nacional Gral. Juan Jose Valle","239.0",2,"Camión,Camión"," ",2,1,0,0,0,0,1,,"Autopista","Gral. Juan Jose Valle","VILLA CONSTITUCIÓN","Constitución","Asfalto","S/D","VI","Dentro","Urbana","S/D","S/D","Recta","S/D","Buena","Amanecer","Buen Tiempo","Frontal","S/D","Colisión","S/D","S/D","S/D","S/D"
2015,1460,10/01/2015,"Sabado",0,05:00:00,"Ruta Nacional 34","260.0",2,"Moto/Ciclomotor,Camión"," ",3,1,0,0,1,1,0,"-30.937035, -61.543240","Ruta",34,"SUNCHALES","Castellanos","Asfalto","Ripio","V","Dentro","Urbana","Ninguna","No existe","Recta","Bueno","Buena","Nocturna","Buen Tiempo","Lateral","S/D","Colisión","Ninguna","Vertical","Ninguna","Sin restricción"
2015,1461,12/03/2015,"Jueves",0,14:30:00,"Ruta Provincial 90","0.0",2,"Automóvil,Automóvil"," ",5,0,1,0,4,0,0,,"Ruta",90,"EMPALME VILLA CONSTITUCIÓN","Constitución","Asfalto","Pavimento","VI","Dentro","Rural","Ninguna","No existe","Puente","Con baches","Buena","Diurna","Buen Tiempo","De alcance","S/D","Colisión","Ninguna","Vertical","Línea divisoria pintada","Sin restricción"
2015,1462,19/03/2015,"Jueves",0,,,"0.0",2,"Moto/Ciclomotor,Automóvil","Rivadavia Y Acevedo",4,3,0,0,1,0,0,,"Calle",,"VILLA CONSTITUCIÓN","Constitución","Asfalto","Pavimento","VI","Dentro","Urbana","Ninguna","No existe","Intersección","S/D","Buena","Diurna","Buen Tiempo","Lateral","S/D","Colisión","Ninguna","Faltante","Ninguna","Sin restricción"
2015,1464,14/01/2015,"Miercoles",0,18:05:00,"Ruta Nacional 11","873.0",2,"Peatón,Automóvil","RN 11 y Acceso Norte ",4,0,0,0,3,1,0,"-28.474599, -59.345389","Ruta",11,"VILLA OCAMPO","General Obligado","Asfalto","Pavimento","IX","Dentro","Rural","Ninguna","No existe","Curva","Bueno","Buena","Diurna","Buen Tiempo","Frontal","S/D","Colisión","Otro","Horizontal","Línea divisoria pintada","Sin restricción"
2015,1465,19/03/2015,"Jueves",0,,,"0.0",2,"Transporte de Pasajeros Urbano (> 8 asientos),Moto/Ciclomotor","Manuel Dorrego Y Chacabuco",3,2,0,0,1,0,0,,"Calle",,"VILLA CONSTITUCIÓN","Constitución","Asfalto","No existe","VI","Dentro","Urbana","Semáforo","Funciona","Intersección","Otro","Buena","Diurna","Buen Tiempo","Lateral","S/D","Colisión","Ninguna","Faltante","Ninguna","S/D"
2015,1466,15/01/2015,"Jueves",0,02:50:00,,"0.0",1,"Moto/Ciclomotor","Colon Y J B Justo",1,0,0,0,0,1,0,"-34.263224, -62.707459","Calle",,"RUFINO","General López","Asfalto","No existe","VIII","Dentro","Urbana","Ninguna","No existe","Intersección","Bueno","S/D","Nocturna,Con luz artificial","S/D","S/D","S/D","Caída ocupante","S/D","S/D","Ninguna","Sin restricción"
2015,1467,17/01/2015,"Sabado",0,20:35:00,,"0.0",2,"Moto/Ciclomotor,Camión","Bv Rivadavia Y 9 de Julio",2,0,0,0,1,1,0,"-30.306066, -61.240026","Avenida",,"SAN CRISTÓBAL","San Cristóbal","Asfalto","No existe","XIII","Dentro","Urbana","Ninguna","No existe","Intersección","Bueno","Buena","Atardecer,Con luz artificial","Buen Tiempo","Lateral","S/D","Colisión","Ninguna","Faltante","Ninguna","Accidente Previo"
2015,1468,18/01/2015,"Domingo",0,16:00:00,"Ruta Nacional 11","0.0",2,"Moto/Ciclomotor,Moto/Ciclomotor","Av Blas Parera Y Florencio Fernandez",3,0,1,1,0,1,0,"-31.576290, -60.728437","Ruta",11,"SANTA FE","La Capital","Asfalto","No existe","I","Dentro","Urbana","Ninguna","No existe","Recta","Bueno","Buena","Diurna","Buen Tiempo","De alcance","S/D","Colisión","Ninguna","Faltante","Guardarrail","Sin restricción"
2015,1469,18/01/2015,"Domingo",0,16:00:00,"Ruta Nacional 11","708.0",3,"Automóvil,Camión,Automóvil"," ",4,1,0,0,2,1,0,"-29.588015, -60.232204","Ruta",11,"ESPÍN","Vera","Asfalto","Natural","XIX","Dentro","Rural","Ninguna","No existe","Recta","Bueno","Buena","Diurna","Buen Tiempo","Frontal","S/D","Colisión","Ninguna","Faltante","Línea divisoria pintada","S/D"
2015,1470,22/03/2015,"Domingo",0,06:30:00,,"0.0",2,"Moto/Ciclomotor,Peatón","Bv Santa Fe Y 9 de Julio",2,2,0,0,0,0,0,,"Calle",,"RAFAELA","Castellanos","Asfalto","No existe","V","Dentro","Urbana","Ninguna","No existe","Recta","Bueno","Buena","Amanecer","Buen Tiempo","S/D","S/D","Atropello","Ninguna","Horizontal,Vertical","Ninguna","Sin restricción"
2015,1471,06/04/2015,"Lunes",0,15:00:00,,"0.0",2,"Automóvil,Moto/Ciclomotor","Mitre Y Sarmiendo",3,2,0,0,1,0,0,,"S/D",,"MARIA JUANA","Castellanos","Asfalto","S/D","V","S/D","Urbana","Paso Peatonal","No existe","Intersección","S/D","S/D","Diurna","Buen Tiempo","Lateral","S/D","Colisión","Ninguna","S/D","S/D","Sin restricción"
2015,1472,18/03/2015,"Miercoles",0,08:00:00,,"0.0",1,"Moto/Ciclomotor","San Francisco de Asis-Calle 66 Y Calle 64",1,0,1,0,0,0,0,,"Calle",,"FRONTERA","Castellanos","Asfalto","No existe","V","Dentro","Urbana","Ninguna","No existe","Intersección","Bueno","Buena","Diurna","Buen Tiempo","Otro","S/D","Caída ocupante","S/D","Vertical","Ninguna","Sin restricción"
2015,1473,29/03/2015,"Domingo",0,09:45:00,,"0.0",2,"Moto/Ciclomotor,Automóvil","Calle 64 ",3,0,1,0,2,0,0,,"Calle",,"FRONTERA","Castellanos","Asfalto","No existe","V","S/D","Urbana","S/D","S/D","Intersección","Bueno","Buena","Diurna","Buen Tiempo","Lateral","S/D","Colisión","S/D","Vertical","S/D","S/D"
2015,1474,19/03/2015,"Jueves",0,07:30:00,,"0.0",2,"Otros,Moto/Ciclomotor","Av Irigoyen Y Brasil",2,0,1,0,0,0,1,,"Avenida",,"SUNCHALES","Castellanos","Asfalto","S/D","V","Dentro","Urbana","Ninguna","No existe","Intersección","Bueno","Buena","Diurna","Buen Tiempo","Lateral","S/D","Colisión","Ninguna","Vertical","Ninguna","Sin restricción"
2015,1475,18/03/2015,"Miercoles",0,21:00:00,,"0.0",2,"Moto/Ciclomotor,Automóvil","La Plata Y N Providenti",2,1,0,0,1,0,0,,"Avenida",,"RAFAELA","Castellanos","Asfalto","No existe","V","Dentro","Urbana","Ninguna","No existe","Intersección","Bueno","Buena","Nocturna","Buen Tiempo","S/D","S/D","Colisión","Ninguna","Vertical","Ninguna","Sin restricción"
2015,1476,18/03/2015,"Miercoles",0,13:00:00,,"0.0",2,"Moto/Ciclomotor,Automóvil","Bv Santa Fe Y Cordoba",2,1,0,0,1,0,0,,"Avenida",,"RAFAELA","Castellanos","Asfalto","No existe","V","Dentro","Urbana","Ninguna","No existe","Intersección","Bueno","Buena","Diurna","Buen Tiempo","Lateral","S/D","Colisión","Ninguna","Vertical","Ninguna","Sin restricción"
2015,1477,04/04/2015,"Sabado",0,02:45:00,"Ruta Nacional 34","164.5",2,"Automóvil,Otros"," ",2,1,0,0,1,0,0,,"Ruta",34,"SAN VICENTE.","Castellanos","Hormigón","Natural","V","Dentro","Rural","Ninguna","No existe","Recta","Bueno","Reducida","Nocturna","Buen Tiempo","Otro","S/D","Colisión","Ninguna","Faltante","Línea divisoria pintada","S/D"
2015,1478,26/02/2015,"Jueves",0,06:10:00,"Autovía Nacional 19","72.0",1,"Automóvil","Almirante Leandro Alem ",2,1,0,0,1,0,0,,"Autovía",19,"ANGÉLICA","Castellanos","Asfalto","Natural","V","Fuera","Rural","Ninguna","No existe","Recta","Bueno","Buena","Amanecer","Lluvia","S/D","S/D","Vuelco","Agua","Faltante","Línea divisoria pintada","Sin restricción"
2015,1479,17/04/2015,"Viernes",0,12:10:00,,"0.0",1,"Moto/Ciclomotor","Saenz Pe±a 1700",2,2,0,0,0,0,0,,"Calle",,"CORONDA","San Jerónimo","Asfalto","No existe","XV","Dentro","Urbana","Ninguna","No existe","Recta","Bueno","Buena","Diurna","Buen Tiempo","S/D","S/D","Caída ocupante","S/D","Faltante","S/D","S/D"
2015,1480,02/03/2015,"Lunes",0,11:50:00,,"0.0",2,"Moto/Ciclomotor,Automóvil","J Buffa Y Domingo Silva",2,1,0,0,1,0,0,,"Calle",,"RAFAELA","Castellanos","Asfalto","No existe","V","S/D","Urbana","Ninguna","No existe","Intersección","Bueno","Buena","Diurna","S/D","Lateral","S/D","Colisión","S/D","S/D","Ninguna","S/D"
2015,1481,11/03/2015,"Miercoles",0,20:00:00,,"0.0",2,"Moto/Ciclomotor,Moto/Ciclomotor","Peru Y Bv Pte Roca",2,1,0,0,1,0,0,,"Avenida",,"RAFAELA","Castellanos","Asfalto","No existe","V","S/D","Urbana","Ninguna","No existe","Otro","Bueno","Buena","Nocturna","Buen Tiempo","Lateral","S/D","Colisión","Ninguna","S/D","Ninguna","Sin restricción"
2015,1482,14/03/2015,"Sabado",0,00:50:00,,"0.0",2,"Moto/Ciclomotor,Moto/Ciclomotor","M Aragon Y J Dopazo",2,1,0,0,1,0,0,,"Calle",,"RAFAELA","Castellanos","Asfalto","No existe","V","Dentro","Urbana","Ninguna","No existe","Intersección","Bueno","Buena","Nocturna,Con luz artificial","Buen Tiempo","Lateral","S/D","Colisión","Ninguna","Vertical","Barrera de hormigón","Sin restricción"
2015,1483,18/03/2015,"Miercoles",0,21:00:00,,"0.0",2,"Moto/Ciclomotor,Automóvil"," ",2,1,0,0,0,0,1,,"S/D",,"RAFAELA","Castellanos","S/D","No existe","V","S/D","Urbana","Ninguna","No existe","Intersección","Bueno","Buena","Nocturna","Buen Tiempo","De alcance","S/D","Colisión","Ninguna","S/D","Ninguna","Sin restricción"
2015,1484,29/04/2015,"Miercoles",0,09:10:00,,"0.0",2,"Moto/Ciclomotor,Moto/Ciclomotor","Alberdi 1600",3,2,0,0,1,0,0,,"Calle",,"CORONDA","San Jerónimo","Asfalto","No existe","XV","S/D","Urbana","Ninguna","No existe","Recta","Bueno","Buena","Diurna","Buen Tiempo","De alcance","S/D","Colisión","S/D","Faltante","Ninguna","Sin restricción"
2015,1485,07/03/2015,"Sabado",0,17:30:00,,"0.0",2,"Moto/Ciclomotor,Pickup/Utilitario","Ramon y Cajal Y Alvear",2,0,1,0,1,0,0,,"Calle",,"RAFAELA","Castellanos","S/D","No existe","V","S/D","Urbana","S/D","S/D","Intersección","Bueno","Buena","Atardecer","Buen Tiempo","Lateral","S/D","Colisión","Ninguna","S/D","Ninguna","S/D"
2015,1486,14/04/2015,"Martes",0,16:45:00,,"0.0",2,"Moto/Ciclomotor,Moto/Ciclomotor","Fco Ramirez Y A Aguado",2,2,0,0,0,0,0,,"Calle",,"RAFAELA","Castellanos","Ripio","Natural","V","Dentro","Urbana","Ninguna","No existe","Intersección","Con baches","Buena","Diurna","Buen Tiempo","Lateral","S/D","Colisión","Ninguna","Faltante","Ninguna","Sin restricción"
2015,1487,11/03/2015,"Miercoles",0,20:10:00,"Ruta Provincial 70","74.0",2,"Moto/Ciclomotor,Automóvil"," ",2,1,0,0,1,0,0,,"Ruta",70,"BELLA ITALIA","Castellanos","Asfalto","Ripio","V","S/D","S/D","Ninguna","No existe","Recta","Bueno","Buena","Nocturna","Buen Tiempo","Lateral","S/D","Colisión","Ninguna","S/D","Línea divisoria pintada","Sin restricción"
2015,1488,07/03/2015,"Sabado",0,21:30:00,,"0.0",2,"Automóvil,Moto/Ciclomotor","Bv H Irigoyen Y Belgrano",2,0,1,0,1,0,0,,"Avenida",,"RAFAELA","Castellanos","Asfalto","No existe","V","Dentro","Urbana","Ninguna","No existe","Intersección","Bueno","Buena","Nocturna,Con luz artificial","Buen Tiempo","S/D","S/D","Colisión","Ninguna","Vertical","Ninguna","Sin restricción"
2015,1489,20/03/2015,"Viernes",0,,,"0.0",2,"Pickup/Utilitario,Moto/Ciclomotor"," ",4,2,0,0,2,0,0,,"Calle",,"PRESIDENTE ROCA","Castellanos","Tierra","Natural","V","Dentro","Rural","S/D","No existe","Distribuidor","Bueno","Buena","Atardecer","Buen Tiempo","Frontal","S/D","Colisión","S/D","S/D","S/D","S/D"
2015,1490,14/03/2015,"Sabado",0,01:00:00,,"0.0",2,"Moto/Ciclomotor,Automóvil","F Lorenzatti Y A Alvarez",3,0,2,0,1,0,0,,"Calle",,"RAFAELA","Castellanos","Asfalto","No existe","V","S/D","Urbana","Ninguna","No existe","Intersección","Bueno","Buena","Nocturna","Buen Tiempo","Lateral","S/D","Colisión","Ninguna","Faltante","Ninguna","Sin restricción"
2015,1491,13/03/2015,"Viernes",0,11:00:00,"Ruta Nacional 34","271.1",2,"Transporte de Pasajeros Larga Distancia (Doble Piso),Automóvil"," ",3,1,0,0,2,0,0,,"Ruta",34,"TACURAL","Castellanos","Asfalto","Natural","V","S/D","S/D","Ninguna","No existe","Recta","Bueno","Buena","Diurna","Buen Tiempo","Otro","S/D","Colisión","Ninguna","Horizontal,Vertical","Línea divisoria pintada","Sin restricción"
2015,1492,24/04/2015,"Viernes",0,19:00:00,,"0.0",2,"Automóvil,Moto/Ciclomotor","Cervantes Y Bv Pte Roca",2,1,0,0,1,0,0,,"Avenida",,"RAFAELA","Castellanos","Asfalto","No existe","V","Dentro","Urbana","Ninguna","No existe","Intersección","Bueno","Buena","Diurna","Buen Tiempo","Lateral","S/D","Colisión","S/D","S/D","Cordón divisorio","Sin restricción"
2015,1493,21/03/2015,"Sabado",0,,,"0.0",2,"Moto/Ciclomotor,Moto/Ciclomotor","Av Italia Y Bv Jaime Ferre",2,1,1,0,0,0,0,,"Avenida",,"RAFAELA","Castellanos","Asfalto","S/D","V","S/D","Urbana","Ninguna","S/D","Intersección","Otro","Buena","S/D","Buen Tiempo","Lateral","S/D","Colisión","Ninguna","Horizontal","Ninguna","Sin restricción"
2015,1494,21/03/2015,"Sabado",0,,,"0.0",2,"Moto/Ciclomotor,Bicicleta","25 de Mayo Y B Geuna",4,2,2,0,0,0,0,,"Calle",,"RAFAELA","Castellanos","Asfalto","No existe","V","S/D","Urbana","Ninguna","Funciona","Intersección","Bueno","Buena","S/D","Otro","Otro","S/D","Atropello","Ninguna","Horizontal,Vertical","Ninguna","S/D"
2015,1495,11/04/2015,"Sabado",0,10:30:00,"Ruta Nacional 11","0.0",2,"Moto/Ciclomotor,Automóvil","Av L de la Torre-Ruta Nac 11 Y Maciel",2,1,0,0,1,0,0,,"Ruta",11,"CORONDA","San Jerónimo","Asfalto","Natural","XV","Dentro","Urbana","Ninguna","No existe","Intersección","Bueno","Buena","Diurna","Buen Tiempo","De alcance","S/D","Colisión","Ninguna","Faltante","Línea divisoria pintada","Sin restricción"
2015,1496,25/02/2015,"Miercoles",0,18:45:00,,"0.0",2,"Bicicleta,Automóvil","Carlos Pellegrini 453",2,1,0,0,1,0,0,,"Calle",,"RAFAELA","Castellanos","Hormigón","No existe","V","S/D","Urbana","Ninguna","No existe","Recta","Bueno","Buena","Atardecer","Buen Tiempo","S/D","S/D","Atropello","Ninguna","S/D","Ninguna","Sin restricción"
2015,1497,28/04/2015,"Martes",0,18:30:00,,"0.0",2,"Moto/Ciclomotor,Automóvil","Jose de San Martin Y Rivadavia",3,2,0,0,1,0,0,,"Calle",,"CORONDA","San Jerónimo","Asfalto","No existe","XV","Dentro","Urbana","Ninguna","No existe","Intersección","Bueno","Buena","Atardecer","Buen Tiempo","Frontal","S/D","Colisión","S/D","Faltante","Ninguna","Sin restricción"
2015,1498,27/03/2015,"Viernes",0,,,"0.0",2,"Moto/Ciclomotor,Automóvil","Lavalle Y J Peterlin",3,2,0,0,1,0,0,,"Calle",,"RAFAELA","Castellanos","Asfalto","No existe","V","S/D","Urbana","S/D","S/D","Intersección","Bueno","Buena","Nocturna","Buen Tiempo","Lateral","S/D","Colisión","Ninguna","S/D","Ninguna","S/D"
2015,1499,20/04/2015,"Lunes",0,06:15:00,,"0.0",2,"Camión,Camión"," ",3,2,0,0,1,0,0,,"S/D",,"SUSANA","Castellanos","Asfalto","Ripio","V","Dentro","Rural","Ninguna","No existe","Recta","Bueno","Reducida","Amanecer","Buen Tiempo","De alcance","S/D","Colisión","Fluidos","Vertical","S/D","Sin restricción"
2015,1500,13/03/2015,"Viernes",0,16:35:00,,"0.0",2,"Moto/Ciclomotor,Otros","Avenida Belgrano Y Dentesano",2,1,0,0,1,0,0,,"Avenida",,"SUNCHALES","Castellanos","Asfalto","No existe","V","Dentro","Urbana","Ninguna","No existe","Intersección","Bueno","Buena","Atardecer","Buen Tiempo","Lateral","S/D","Colisión","Ninguna","Vertical","Ninguna","Sin restricción"
2015,1501,05/04/2015,"Domingo",0,17:45:00,,"0.0",2,"Moto/Ciclomotor,Moto/Ciclomotor","CATAMARCA Y ALBERDI",4,4,0,0,0,0,0,,"Calle",,"SAN VICENTE.","Castellanos","Asfalto","No existe","V","Dentro","Urbana","Ninguna","No existe","Intersección","Bueno","Buena","Atardecer","Buen Tiempo","Lateral","S/D","Colisión","Ninguna","Faltante","Ninguna","Sin restricción"
2015,1502,10/04/2015,"Viernes",0,13:45:00,"Ruta Nacional 11","0.0",2,"Bicicleta,Automóvil","Av L de la Torre-Ruta Nac 11 Y Lamberto La Fuente",2,1,0,0,1,0,0,,"Ruta",11,"CORONDA","San Jerónimo","Asfalto","Natural","XV","Dentro","Urbana","Ninguna","No existe","Intersección","Bueno","Buena","Diurna","Buen Tiempo","S/D","S/D","Atropello","S/D","S/D","Línea divisoria pintada","Sin restricción"
2015,1503,01/04/2015,"Miercoles",0,21:00:00,,"0.0",2,"Automóvil,Moto/Ciclomotor","Ramon y Cajal Y Bv G L Lhemann",2,1,0,0,1,0,0,,"Avenida",,"RAFAELA","Castellanos","Asfalto","No existe","V","S/D","Urbana","Ninguna","No existe","Intersección","Bueno","Buena","Nocturna,Con luz artificial","Buen Tiempo","S/D","S/D","Colisión","Ninguna","Faltante","Ninguna","Sin restricción"
2015,1504,02/04/2015,"Jueves",0,14:00:00,,"0.0",2,"Moto/Ciclomotor,Pickup/Utilitario","Bv San Martin Y Tucuman",2,1,0,0,1,0,0,,"Avenida",,"HUMBERTO 1°","Castellanos","Asfalto","No existe","V","Dentro","Urbana","Ninguna","No existe","Recta","Bueno","Buena","Diurna","Buen Tiempo","Lateral","S/D","Colisión","Ninguna","Faltante","Cordón divisorio","Sin restricción"
2015,1505,20/03/2015,"Viernes",0,,,"0.0",2,"Automóvil,Moto/Ciclomotor","Av Irigoyen ",2,1,0,0,1,0,0,,"Avenida",,"SUNCHALES","Castellanos","Asfalto","Pavimento","V","Dentro","Urbana","Ninguna","No existe","Intersección","Bueno","Buena","Nocturna","Buen Tiempo","Lateral","S/D","Colisión","Ninguna","Faltante","Ninguna","Sin restricción"
2015,1506,03/04/2015,"Viernes",0,06:30:00,,"0.0",2,"Bicicleta,Automóvil","Domingo Silva Y Av Italia",2,1,0,0,1,0,0,,"Calle",,"RAFAELA","Castellanos","Asfalto","No existe","V","S/D","Urbana","Ninguna","No existe","Intersección","Bueno","Buena","Diurna,Con luz artificial","Buen Tiempo","Otro","S/D","Atropello","Ninguna","Horizontal","S/D","Sin restricción"
2015,1507,07/03/2015,"Sabado",0,20:00:00,,"0.0",2,"Moto/Ciclomotor,Automóvil","España Y Congreso",3,2,0,0,1,0,0,,"Calle",,"RAFAELA","Castellanos","Asfalto","No existe","V","Dentro","Urbana","Ninguna","No existe","Intersección","Bueno","Buena","Atardecer","Buen Tiempo","Lateral","S/D","Colisión","Ninguna","S/D","Ninguna","Sin restricción"
2015,1508,04/04/2015,"Sabado",0,,,"0.0",2,"Moto/Ciclomotor,Automóvil","Nicasio Oro±o 1600",3,2,0,0,1,0,0,,"Calle",,"RAFAELA","Castellanos","Asfalto","No existe","V","S/D","Urbana","S/D","No existe","Recta","Bueno","Buena","S/D","Buen Tiempo","Otro","S/D","Colisión","Ninguna","S/D","Ninguna","S/D"
2015,1509,11/04/2015,"Sabado",0,11:30:00,,"0.0",3,"Automóvil,Moto/Ciclomotor,Bicicleta","Bv G L Lhemann Y Simon Bolivar",3,2,0,0,1,0,0,,"Calle",,"RAFAELA","Castellanos","Hormigón","No existe","V","Dentro","Urbana","Ninguna","No existe","Intersección","Bueno","Buena","Diurna","Buen Tiempo","S/D","S/D","Atropello","Ninguna","S/D","Cordón divisorio","Sin restricción"
2015,1510,26/03/2015,"Jueves",0,,,"0.0",2,"Moto/Ciclomotor,Bicicleta","Dentesano Y Alberdi J B",2,2,0,0,0,0,0,,"Calle",,"SUNCHALES","Castellanos","Asfalto","Pavimento","V","S/D","Urbana","Ninguna","No existe","Intersección","Bueno","Buena","Diurna","Buen Tiempo","S/D","S/D","Atropello","Ninguna","Faltante","Ninguna","Sin restricción"
2015,1511,26/03/2015,"Jueves",0,21:00:00,,"0.0",2,"Bicicleta,Automóvil","B I Iturraspe Y Comisario Valentin Kaiser",2,1,0,0,1,0,0,,"Calle",,"RAFAELA","Castellanos","Asfalto","No existe","V","S/D","Urbana","Ninguna","No existe","Intersección","Bueno","S/D","Nocturna","Buen Tiempo","S/D","S/D","Atropello","Ninguna","S/D","Ninguna","Sin restricción"
2015,1512,04/04/2015,"Sabado",0,,,"0.0",1,"Moto/Ciclomotor","Bv G L Lhemann ",2,1,1,0,0,0,0,,"Avenida",,"RAFAELA","Castellanos","Asfalto","Natural","V","S/D","Urbana","Ninguna","No existe","Recta","Bueno","S/D","Atardecer","Buen Tiempo","Otro","S/D","Despiste","S/D","Horizontal,Vertical","Ninguna","Sin restricción"
2015,1513,31/03/2015,"Martes",0,13:00:00,,"0.0",2,"Moto/Ciclomotor,Automóvil","Bv Pte Roca Y Rosario",2,1,0,0,1,0,0,,"Avenida",,"RAFAELA","Castellanos","Asfalto","No existe","V","S/D","Urbana","Ninguna","No existe","Intersección","Bueno","Buena","Diurna","Buen Tiempo","De alcance","S/D","Colisión","Ninguna","S/D","Cordón divisorio","Sin restricción"
2015,1514,09/04/2015,"Jueves",0,09:30:00,,"0.0",2,"Moto/Ciclomotor,Moto/Ciclomotor","Peru Y Balcarce",2,1,0,0,0,0,1,,"Calle",,"RAFAELA","Castellanos","Asfalto","No existe","V","Dentro","Urbana","S/D","No existe","Intersección","Bueno","Buena","Diurna","Buen Tiempo","De alcance","S/D","Colisión","Ninguna","S/D","Ninguna","Sin restricción"
2015,1515,08/04/2015,"Miercoles",0,23:45:00,,"0.0",2,"Moto/Ciclomotor,Moto/Ciclomotor","Arturo Illia Y Alicia M de Justo",3,1,2,0,0,0,0,,"Calle",,"RAFAELA","Castellanos","Asfalto","No existe","V","Dentro","Urbana","Ninguna","No existe","Intersección","Bueno","Buena","Nocturna,Con luz artificial","Buen Tiempo","De alcance","S/D","Colisión","Ninguna","S/D","Ninguna","Sin restricción"