"anio_acci","nro_acci","fecha","desc_dia","fecha_aprox","hora_aprox","desc_ruta","km","cant_participantes","desc_participante","calle_avenida_km","total","heridos_leves","heridos_graves","heridos_gravisimos","ilesos","fallecidos","sin_datos","posicion_XY","desc_tipo_via","desc_ruta_ori","desc_loc","desc_dpto","desc_tipo_calzada","desc_tipo_banquina","desc_unidad_regional","desc_lugar_calzada","desc_zona","desc_prioridad","desc_estado_semaforo","desc_lugar_via","desc_estado_via","desc_estado_visibilidad","desc_luminosidad","desc_estado_clima","desc_tipo_colision","desc_tipo_atropello","desc_tipo_hecho","desc_pres_calzada","desc_senializacion","desc_separacion_via","desc_restriccion"
2015,1516,19/04/2015,"Domingo",0,21:15:00,,"0.0",2,"Moto/Ciclomotor,Automóvil","Mitre Y Santo Tome",2,0,1,0,1,0,0,,"Calle",,"CORONDA","San Jerónimo","Tierra","Natural","XV","S/D","Urbana","Ninguna","No existe","Intersección","Deteriorada","S/D","Nocturna,Con luz artificial","Buen Tiempo","Frontal","S/D","Colisión","S/D","Faltante","Ninguna","Sin restricción"
2015,1517,16/04/2015,"Jueves",0,19:00:00,"Ruta Nacional 11","0.0",2,"Moto/Ciclomotor,Automóvil","Av L de la Torre-Ruta Nac 11 Y Av Juan Domingo Peron",2,1,0,0,1,0,0,,"Ruta",11,"CORONDA","San Jerónimo","Asfalto","Pavimento","XV","S/D","Urbana","Ninguna","No existe","Intersección","Bueno","Buena","Atardecer","Buen Tiempo","Lateral","S/D","Colisión","S/D","Faltante","Línea divisoria pintada","Sin restricción"
2015,1518,02/03/2015,"Lunes",0,23:00:00,,"0.0",2,"Automóvil,Peatón","Lavalle Y Leandro N Alem",2,1,0,0,1,0,0,,"Calle",,"RAFAELA","Castellanos","S/D","No existe","V","Dentro","Urbana","Ninguna","No existe","Intersección","Con baches","Buena","Atardecer","Buen Tiempo","S/D","S/D","Atropello","Ninguna","Vertical","Ninguna","Sin restricción"
2015,1519,08/04/2015,"Miercoles",0,18:40:00,,"0.0",2,"Automóvil,Moto/Ciclomotor","Pavon Y San Lorenzo",2,1,0,0,1,0,0,,"Calle",,"SANTA FE","La Capital","Ripio","No existe","I","Dentro","Urbana","S/D","No existe","Intersección","Deteriorada","Buena","Atardecer,Con luz artificial","Buen Tiempo","Lateral","S/D","Colisión","S/D","Faltante","S/D","S/D"
2015,1520,30/03/2015,"Lunes",0,18:15:00,,"0.0",2,"Moto/Ciclomotor,Automóvil","Av Doctor E Salva Y 3 de Febrero",2,0,1,0,1,0,0,,"Calle",,"RAFAELA","Castellanos","Asfalto","Pavimento","V","Dentro","Urbana","Ninguna","S/D","Intersección","Bueno","Buena","Diurna","Buen Tiempo","Lateral","S/D","Colisión","S/D","S/D","Ninguna","Sin restricción"
2015,1521,11/04/2015,"Sabado",0,11:30:00,,"0.0",2,"Bicicleta,Pickup/Utilitario","Av Peñaloza Y Gorriti",2,0,0,0,1,0,1,"-31.586305555556,-60.711694444444","Avenida",,"SANTA FE","La Capital","Asfalto","Pavimento","I","Dentro","Urbana","S/D","Funciona","Intersección","Bueno","Buena","Diurna","Buen Tiempo","S/D","S/D","Atropello","S/D","Horizontal,Vertical","S/D","S/D"
2015,1522,12/04/2015,"Domingo",0,12:30:00,"Ruta Nacional 34","0.0",2,"Moto/Ciclomotor,Automóvil","Velez Sarfield Y Ruta Nac 34 Gral Guemes",3,2,0,0,1,0,0,,"Ruta",34,"RAFAELA","Castellanos","Asfalto","Pavimento","V","Dentro","Urbana","Semáforo","Funciona","Intersección","Bueno","Buena","Diurna","Buen Tiempo","Lateral","S/D","Colisión","Ninguna","Horizontal,Vertical","Cordón divisorio","Sin restricción"
2015,1523,03/04/2015,"Viernes",0,21:15:00,,"0.0",2,"Moto/Ciclomotor,Automóvil","Bv Jaime Ferre ",2,1,0,0,1,0,0,,"Calle",,"RAFAELA","Castellanos","Asfalto","No existe","V","S/D","Urbana","Ninguna","No existe","Intersección","Bueno","Buena","Atardecer,Con luz artificial","Buen Tiempo","Lateral","S/D","Colisión","Ninguna","Horizontal,Vertical","Ninguna","Sin restricción"
2015,1524,16/04/2015,"Jueves",0,14:00:00,,"0.0",2,"Moto/Ciclomotor,Automóvil","Bv Pte Roca Y Arenales",2,1,0,0,1,0,0,,"Calle",,"RAFAELA","Castellanos","Hormigón","No existe","V","Dentro","Urbana","Ninguna","No existe","Intersección","Bueno","Buena","Diurna","Buen Tiempo","Lateral","S/D","Colisión","Ninguna","S/D","Cordón divisorio","Sin restricción"
2015,1525,06/03/2015,"Viernes",0,10:00:00,"Ruta Provincial 13","105.5",2,"Automóvil,Pickup/Utilitario"," ",2,1,0,0,1,0,0,,"Ruta",13,"MARIA JUANA","Castellanos","Asfalto","Natural","V","Dentro","Rural","Ninguna","No existe","Recta","Bueno","Buena","Diurna","Buen Tiempo","De alcance,Lateral","S/D","Colisión","Ninguna","Faltante","Ninguna","Sin restricción"
2015,1526,02/03/2015,"Lunes",0,18:00:00,,"0.0",2,"Automóvil,Automóvil","Bv Santa Fe Y B Anduiza",3,0,1,0,2,0,0,,"Avenida",,"RAFAELA","Castellanos","Asfalto","No existe","V","Dentro","Urbana","Semáforo","Funciona","Intersección","Bueno","Buena","Diurna","Buen Tiempo","Lateral","S/D","Colisión","Ninguna","Vertical","Ninguna","Sin restricción"
2015,1527,17/04/2015,"Viernes",0,13:55:00,,"0.0",2,"Automóvil,Bicicleta","Ituzaingo 356",2,1,0,0,1,0,0,,"Calle",,"RAFAELA","Castellanos","S/D","S/D","V","Dentro","Urbana","Ninguna","S/D","Recta","S/D","S/D","Diurna","Buen Tiempo","S/D","S/D","Atropello","S/D","S/D","Cordón divisorio","Sin restricción"
2015,1528,08/04/2015,"Miercoles",0,22:00:00,,"0.0",2,"Moto/Ciclomotor,Moto/Ciclomotor","Pueyrredon Y Bv Santa Fe",2,1,0,0,0,0,1,,"Avenida",,"RAFAELA","Castellanos","Asfalto","No existe","V","Dentro","Urbana","Ninguna","No existe","Intersección","Bueno","Buena","Nocturna,Con luz artificial","Buen Tiempo","Lateral","S/D","Colisión","Ninguna","Faltante","Ninguna","Sin restricción"
2015,1529,16/04/2015,"Jueves",0,13:15:00,"Ruta Nacional 34","0.0",2,"Moto/Ciclomotor,Moto/Ciclomotor","Ruta Nac 34 Gral Guemes Y Chacabuco",2,1,0,0,1,0,0,,"Ruta",34,"RAFAELA","Castellanos","Hormigón","No existe","V","Dentro","Urbana","Ninguna","No existe","Intersección","Bueno","Buena","Diurna","Buen Tiempo","Lateral","S/D","Colisión","Ninguna","S/D","Ninguna","Sin restricción"
2015,1530,10/04/2015,"Viernes",0,20:40:00,,"0.0",2,"Automóvil,Moto/Ciclomotor","Av Luis Fanti Y Ciudad de Sunchales",2,1,0,0,1,0,0,,"Avenida",,"RAFAELA","Castellanos","Asfalto","Pavimento","V","S/D","Urbana","Ninguna","No existe","Intersección","Bueno","Buena","Nocturna","Buen Tiempo","Lateral","S/D","Colisión","Ninguna","S/D","Cordón divisorio","Sin restricción"
2015,1531,19/04/2015,"Domingo",0,12:30:00,,"0.0",2,"Automóvil,Moto/Ciclomotor","Reg 12 de Infanteria Y Gdor Freyre",2,1,0,0,1,0,0,,"Calle",,"SANTA FE","La Capital","Asfalto,Tierra","Natural","I","Dentro","Urbana","S/D","No existe","Intersección","Con baches,Deteriorada","Buena","Diurna","Buen Tiempo","Lateral","S/D","Colisión","S/D","Faltante","S/D","S/D"
2015,1532,22/02/2015,"Domingo",0,14:00:00,,"0.0",2,"Moto/Ciclomotor,Automóvil","J M Estrada Y Sargento Cabral",3,2,0,0,1,0,0,,"Calle",,"RAFAELA","Castellanos","Asfalto","No existe","V","Dentro","Urbana","Ninguna","No existe","Intersección","Bueno","Buena","Diurna","Buen Tiempo","Lateral","S/D","Colisión","Ninguna","Vertical","Ninguna","Sin restricción"
2015,1533,25/04/2015,"Sabado",0,20:00:00,,"0.0",2,"Pickup/Utilitario,Moto/Ciclomotor","J M Zuviria Y Gorriti",2,1,0,0,1,0,0,,"Calle",,"SANTA FE","La Capital","Asfalto","Pavimento","I","Dentro","Urbana","S/D","Funciona","Intersección","Bueno","Buena","Nocturna,Con luz artificial","Buen Tiempo","Lateral","S/D","Colisión","S/D","S/D","S/D","S/D"
2015,1534,07/02/2015,"Sabado",0,07:30:00,,"0.0",2,"Moto/Ciclomotor,Automóvil","E Oliber Y Saavedra",3,1,0,0,2,0,0,,"Calle",,"RAFAELA","Castellanos","Asfalto","No existe","V","Dentro","Urbana","Ninguna","No existe","Intersección","Bueno","Buena","Diurna","Buen Tiempo","Lateral","S/D","Colisión","Ninguna","Faltante","Ninguna","Sin restricción"
2015,1535,29/03/2015,"Domingo",0,08:30:00,"Ruta Provincial 65","0.0",2,"Camión,Pickup/Utilitario"," ",2,1,0,0,1,0,0,,"Ruta",65,"SAN GENARO","San Jerónimo","Asfalto","S/D","XV","Dentro","S/D","Ninguna","No existe","Curva","Bueno","Buena","Diurna","Buen Tiempo","Lateral","S/D","Colisión","Ninguna","Horizontal,Vertical","Ninguna","Sin restricción"
2015,1536,26/04/2015,"Domingo",0,20:15:00,,"0.0",1,"Moto/Ciclomotor","Gorriti 3000",1,0,1,0,0,0,0,,"Calle",,"SANTA FE","La Capital","Asfalto","S/D","I","Dentro","Urbana","S/D","No existe","Recta","Bueno","Buena","Nocturna","Buen Tiempo","S/D","S/D","Caída ocupante","S/D","S/D","S/D","S/D"
2015,1537,11/03/2015,"Miercoles",0,20:45:00,,"0.0",2,"Automóvil,Moto/Ciclomotor","Dr Guena L G ",2,1,0,0,1,0,0,,"Calle",,"BARRANCAS","San Jerónimo","Tierra","No existe","XV","S/D","Rural","Ninguna","No existe","Recta","Ahuellamiento","Reducida polvo","Nocturna,Con luz artificial","Buen Tiempo","Lateral","S/D","Colisión","Ninguna","Faltante","Ninguna","Sin restricción"
2015,1538,14/02/2015,"Sabado",0,11:30:00,,"0.0",2,"Moto/Ciclomotor,Automóvil","Necochea Y Estanislao Zeballos",3,2,0,0,1,0,0,,"Calle",,"RAFAELA","Castellanos","Asfalto","No existe","V","Dentro","Urbana","Ninguna","No existe","Intersección","Bueno","Buena","Diurna","Buen Tiempo","Lateral","S/D","Colisión","Ninguna","Faltante","Ninguna","Sin restricción"
2015,1540,12/03/2015,"Jueves",0,19:15:00,,"0.0",2,"Automóvil,Moto/Ciclomotor","Uruguay Y San Martin",2,1,0,0,1,0,0,,"Calle",,"SANTA ROSA DE CALCHINES","Garay","Asfalto","Pavimento","VII","Dentro","Urbana","Ninguna","S/D","Intersección","Bueno","S/D","Atardecer","Buen Tiempo","De alcance","S/D","Colisión","Ninguna","Faltante","Cordón divisorio","Sin restricción"
2015,1541,17/02/2015,"Martes",0,09:20:00,"Ruta Nacional 11","425.0",2,"Moto/Ciclomotor,Moto/Ciclomotor"," ",2,2,0,0,0,0,0,,"Ruta",11,"CORONDA","San Jerónimo","Asfalto","Natural","XV","Dentro","Rural","Ninguna","No existe","Recta","Bueno","Buena","Diurna","Buen Tiempo","S/D","S/D","Colisión","S/D","S/D","Línea divisoria pintada","Sin restricción"
2015,1542,06/04/2015,"Lunes",0,09:30:00,,"0.0",2,"Automóvil,Moto/Ciclomotor","Alem Y Chacabuco",2,1,0,0,1,0,0,,"Calle",,"BARRANCAS","San Jerónimo","Asfalto","Pavimento","XV","S/D","Urbana","Ninguna","No existe","Intersección","Bueno","Buena","Diurna","Buen Tiempo","Lateral","S/D","Colisión","Ninguna","S/D","Ninguna","Sin restricción"
2015,1543,12/03/2015,"Jueves",0,23:45:00,,"0.0",2,"Moto/Ciclomotor,Moto/Ciclomotor","Calle 11 Y Suipacha-Calle 74",2,1,1,0,0,0,0,,"Calle",,"FRONTERA","Castellanos","Asfalto","Pavimento","V","Dentro","Urbana","Ninguna","No existe","Intersección","Bueno","Buena","Nocturna,Con luz artificial","Buen Tiempo","Múltiple","S/D","Colisión","S/D","Vertical","Ninguna","Sin restricción"
2015,1544,10/04/2015,"Viernes",0,19:40:00,,"0.0",2,"Moto/Ciclomotor,Automóvil","Calle 94 Y Calle 3",3,1,1,0,1,0,0,,"Calle",,"FRONTERA","Castellanos","Asfalto","S/D","V","Dentro","Urbana","S/D","S/D","Intersección","Bueno","Buena","Nocturna,Con luz artificial","Buen Tiempo","Lateral","S/D","Colisión","S/D","Vertical","S/D","S/D"
2015,1545,19/03/2015,"Jueves",0,10:30:00,,"0.0",2,"Pickup/Utilitario,Moto/Ciclomotor","Calle 7 Y Chaco-Calle 68",3,2,0,0,1,0,0,,"Calle",,"FRONTERA","Castellanos","Asfalto","No existe","V","Dentro","Urbana","S/D","S/D","Intersección","Bueno","Buena","Diurna","Buen Tiempo","Lateral","S/D","Colisión","S/D","S/D","S/D","S/D"
2015,1546,09/04/2015,"Jueves",0,00:30:00,,"0.0",1,"Otros","Av Luis Fanti Y Ciudad de Sunchales",1,1,0,0,0,0,0,,"Avenida",,"RAFAELA","Castellanos","Asfalto","Pavimento","V","Dentro","Urbana","Ninguna","No existe","Intersección","Bueno","Buena","Nocturna","Buen Tiempo","S/D","S/D","Colisión","Ninguna","S/D","Cordón divisorio","Sin restricción"
2015,1547,12/04/2015,"Domingo",0,23:30:00,,"0.0",1,"Automóvil","Benavidez ",1,1,0,0,0,0,0,,"Calle",,"BARRANCAS","San Jerónimo","Asfalto","Natural","XV","Fuera","Urbana","Ninguna","No existe","Recta","Bueno","Buena","Nocturna","Buen Tiempo","S/D","S/D","Despiste","Ninguna","S/D","Ninguna","Sin restricción"
2015,1548,25/04/2015,"Sabado",0,19:30:00,"Ruta Provincial 1","0.0",1,"Moto/Ciclomotor"," ",1,1,0,0,0,0,0,,"Ruta",1,"HELVECIA","Garay","Asfalto","Natural","VII","Dentro","Urbana","Ninguna","No existe","Recta","Bueno","Reducida","Atardecer","Buen Tiempo","S/D","S/D","Caída ocupante","Ninguna","Faltante","Línea divisoria pintada","Sin restricción"
2015,1549,06/04/2015,"Lunes",0,02:00:00,"Ruta Provincial 1","122.0",1,"Pickup/Utilitario"," ",2,1,0,0,1,0,0,,"Ruta",1,"COLONIA MASCIAS","Garay","Asfalto","Natural","VII","Dentro","Rural","Ninguna","No existe","Recta","Bueno","Buena","Nocturna","Buen Tiempo","Atropello animal","S/D","Colisión","Ninguna","Horizontal","Línea divisoria pintada","Sin restricción"
2015,1550,25/04/2015,"Sabado",0,20:30:00,,"0.0",2,"Moto/Ciclomotor,Moto/Ciclomotor","Avda. Jorge Newbery Y San Lorenzo",2,2,0,0,0,0,0,,"Avenida",,"GÁLVEZ","San Jerónimo","Asfalto","No existe","XV","Dentro","Urbana","Ninguna","No existe","Recta","Bueno","Buena","Diurna","Buen Tiempo","Lateral","S/D","Colisión","S/D","Faltante","Cordón divisorio","Sin restricción"
2015,1551,25/04/2015,"Sabado",0,03:45:00,,"0.0",1,"Automóvil","Santa Cruz Y Avda. Triana",2,2,0,0,0,0,0,,"Calle",,"DESVÍO ARIJÓN","San Jerónimo","Arena","S/D","XV","Fuera","Urbana","Ninguna","No existe","Recta","Bueno","Buena","Nocturna,Con luz artificial","Buen Tiempo","Contra objeto fijo","S/D","Colisión","Ninguna","S/D","Vegetación","S/D"
2015,1552,06/04/2015,"Lunes",0,06:30:00,"Autopista Provincial Brigadier E.López","69.5",2,"Automóvil,Automóvil"," ",2,1,0,0,1,0,0,,"Autopista","Brigadier E.López","BARRANCAS","San Jerónimo","Asfalto","Natural","XV","S/D","Rural","Ninguna","S/D","Recta","Bueno","Buena","Diurna","Buen Tiempo","Lateral","S/D","Colisión","Ninguna","S/D","Ninguna","Sin restricción"
2015,1553,18/04/2015,"Sabado",0,12:00:00,,"0.0",2,"Automóvil,Pickup/Utilitario","Ameghino Florentino Y Primera Junta",2,1,0,0,1,0,0,,"Calle",,"GÁLVEZ","San Jerónimo","Asfalto","No existe","XV","Dentro","Urbana","Ninguna","No existe","Intersección","Bueno","Buena","Diurna","Buen Tiempo","Frontal,Lateral","S/D","Colisión","S/D","S/D","Ninguna","Sin restricción"
2015,1554,13/04/2015,"Lunes",0,08:30:00,"Ruta Provincial 1","29.0",1,"Moto/Ciclomotor"," ",2,1,0,0,1,0,0,,"Ruta",1,"LOS ZAPALLOS","Garay","Asfalto","Natural","VII","S/D","Rural","Ninguna","No existe","Recta","Bueno","Buena","Diurna","Buen Tiempo","S/D","S/D","Caída ocupante","S/D","Vertical","Guardarrail","Sin restricción"
2015,1555,24/04/2015,"Viernes",0,09:20:00,"Autopista Provincial Brigadier E.López","85.4",2,"Automóvil,Camión"," ",2,1,0,0,1,0,0,,"Autopista","Brigadier E.López","SAN FABIÁN","San Jerónimo","Asfalto","Natural","XV","S/D","Rural","Ninguna","No existe","Recta","Con baches","Buena","Diurna","Buen Tiempo","Otro","S/D","Colisión","Otro","Faltante","Vegetación","Sin restricción"
2015,1556,30/04/2015,"Jueves",0,19:15:00,,"0.0",2,"Bicicleta,Transporte de Pasajeros Larga Distancia (> 8 asientos)","Avda 25 de Mayo Y Sarmiento",2,1,0,0,1,0,0,,"Calle",,"GÁLVEZ","San Jerónimo","Asfalto","No existe","XIV","Dentro","Urbana","Ninguna","No existe","Intersección","Bueno","Buena","Nocturna","Buen Tiempo","S/D","S/D","Atropello","S/D","S/D","Cordón divisorio","Sin restricción"
2015,1557,11/04/2015,"Sabado",0,02:50:00,"Ruta Nacional 11","0.0",2,"Automóvil,Moto/Ciclomotor","Av Paganini Y Moreno",3,1,0,0,2,0,0,,"Ruta",11,"BARRANCAS","San Jerónimo","Asfalto","No existe","XV","S/D","Urbana","Ninguna","No existe","Intersección","Bueno","Buena","Nocturna,Con luz artificial","Buen Tiempo","Lateral","S/D","Colisión","Ninguna","Horizontal","Línea divisoria pintada","Sin restricción"
2015,1558,16/04/2015,"Jueves",0,15:30:00,,"0.0",2,"Moto/Ciclomotor,Bicicleta","Avda. Jorge Newbery ",2,1,0,0,1,0,0,,"Avenida",,"GÁLVEZ","San Jerónimo","Asfalto","No existe","XV","Dentro","Urbana","Ninguna","No existe","Recta","Bueno","Buena","Diurna","Buen Tiempo","S/D","S/D","Atropello","S/D","Faltante","Cordón divisorio","Sin restricción"
2015,1559,16/04/2015,"Jueves",0,23:30:00,"Ruta Provincial 1","25.0",1,"Moto/Ciclomotor"," ",2,2,0,0,0,0,0,,"Ruta",1,"LOS ZAPALLOS","Garay","Asfalto","Natural","VII","S/D","Urbana","Ninguna","No existe","Recta","Bueno","Reducida polvo","Nocturna","Buen Tiempo","Atropello animal","S/D","Colisión,Vuelco","S/D","Vertical","Vegetación,Línea divisoria pintada","Sin restricción"
2015,1560,10/04/2015,"Viernes",0,16:40:00,"Autopista Provincial Brigadier E.López","124.8",2,"Automóvil,Camión"," ",2,1,0,0,1,0,0,,"Autopista","Brigadier E.López","DESVÍO ARIJÓN","San Jerónimo","Asfalto","Ripio","XV","Dentro","Rural","Ninguna","No existe","Recta","Bueno","Buena","Diurna","Buen Tiempo","De alcance","S/D","Colisión","Ninguna","S/D","Línea divisoria pintada","Sin restricción"
2015,1561,15/04/2015,"Miercoles",0,10:00:00,,"0.0",2,"Moto/Ciclomotor,Automóvil","Bvard 20 de Junio Y Balcarce",2,1,0,0,1,0,0,,"Calle",,"GÁLVEZ","San Jerónimo","Asfalto","No existe","XV","Dentro","Urbana","Ninguna","No existe","Intersección","Bueno","Buena","Diurna","Buen Tiempo","Frontal","S/D","Colisión","S/D","S/D","Cordón divisorio","Sin restricción"
2015,1562,19/04/2015,"Domingo",0,18:00:00,,"0.0",2,"Moto/Ciclomotor,Ambulancia","Bvard Pasteur Y A Arana",2,1,0,0,1,0,0,,"Avenida",,"GÁLVEZ","San Jerónimo","Asfalto","No existe","XV","Dentro","Urbana","Ninguna","No existe","Recta","Bueno","Buena","Diurna","Buen Tiempo","Lateral","S/D","Colisión","Otro","Vertical","Ninguna","Sin restricción"
2015,1563,19/04/2015,"Domingo",0,11:30:00,,"0.0",2,"Moto/Ciclomotor,Automóvil","Pte peron Y Avda 25 de Mayo",2,1,0,0,1,0,0,,"Avenida",,"GÁLVEZ","San Jerónimo","Asfalto","No existe","XV","Dentro","Urbana","Ninguna","No existe","Intersección","Bueno","Buena","Diurna","Buen Tiempo","Lateral","S/D","Colisión","Otro","Vertical","Cordón divisorio","Sin restricción"
2015,1564,06/03/2015,"Viernes",0,23:30:00,,"0.0",2,"Moto/Ciclomotor,Automóvil","Paula Albarracin de Sarmiento 4108",2,2,0,0,0,0,0,,"Calle",,"SANTO TOMÉ","La Capital","Asfalto","No existe","I","S/D","Urbana","Ninguna","No existe","Recta","Bueno","Buena","Nocturna","Buen Tiempo","Frontal","S/D","Colisión","Ninguna","Faltante","Ninguna","Sin restricción"
2015,1565,05/03/2015,"Jueves",0,12:50:00,,"0.0",2,"Moto/Ciclomotor,Pickup/Utilitario","Martin de Pueyrredon 1600",2,1,0,0,1,0,0,,"Calle",,"SANTO TOMÉ","La Capital","Ripio","Natural","I","S/D","Urbana","Ninguna","No existe","Recta","Bueno","Buena","Diurna","Buen Tiempo","Lateral","S/D","Colisión","Ninguna","Faltante","Ninguna","Sin restricción"
2015,1566,25/03/2015,"Miercoles",0,08:00:00,,"0.0",2,"Moto/Ciclomotor,Automóvil","7 de marzo Y Gobernador Crespo",2,1,0,0,1,0,0,,"Calle",,"SANTO TOMÉ","La Capital","Asfalto","No existe","I","S/D","Urbana","Ninguna","No existe","Recta","Bueno","Buena","Diurna","Buen Tiempo","Lateral","S/D","Colisión","Ninguna","Vertical","Ninguna","Sin restricción"
2015,1567,25/03/2015,"Miercoles",0,23:40:00,,"0.0",2,"Automóvil,Pickup/Utilitario","French Y Alsina",2,1,0,0,1,0,0,,"Calle",,"SANTA FE","La Capital","Hormigón,Tierra","Pavimento","I","Dentro","Urbana","Ninguna","No existe","Intersección","Bueno","Reducida","Nocturna,Con luz artificial","Buen Tiempo","Lateral","S/D","Colisión","S/D","Faltante","Ninguna","Sin restricción"
2015,1568,29/03/2015,"Domingo",0,17:30:00,,"0.0",2,"Moto/Ciclomotor,Pickup/Utilitario","Candioti Y Luciano Torrent",2,1,0,0,1,0,0,,"Calle",,"SANTA FE","La Capital","Asfalto","No existe","I","Dentro","Urbana","Ninguna","No existe","Cruce","Bueno","Buena","Diurna","Buen Tiempo","Lateral","S/D","Colisión","S/D","S/D","Ninguna","Sin restricción"
2015,1569,04/03/2015,"Miercoles",0,13:30:00,,"0.0",2,"Bicicleta,Moto/Ciclomotor","Corrientes Y Jose De San Martin",2,1,0,0,1,0,0,"-31.661472222222,-60.779805555556","Calle",,"SANTO TOMÉ","La Capital","Ripio","No existe","I","S/D","Urbana","Ninguna","No existe","Intersección","Con baches","Buena","Diurna","Buen Tiempo","S/D","S/D","Atropello","S/D","Faltante","Ninguna","Sin restricción"
2015,1570,24/03/2015,"Martes",0,14:30:00,,"0.0",2,"Moto/Ciclomotor,Transporte de Pasajeros Larga Distancia (> 8 asientos)","Llerena Y Alvear",2,1,0,0,1,0,0,,"Calle",,"SANTA FE","La Capital","Asfalto","No existe","I","Dentro","Urbana","Ninguna","No existe","Cruce","Bueno","Buena","Diurna","Buen Tiempo","Lateral","S/D","Colisión","S/D","S/D","Ninguna","Sin restricción"
2015,1571,23/03/2015,"Lunes",0,15:15:00,,"0.0",2,"Moto/Ciclomotor,Automóvil","Av Peñaloza 6700",2,1,0,0,1,0,0,,"Avenida",,"SANTA FE","La Capital","S/D","S/D","I","Dentro","Urbana","Ninguna","S/D","Recta","S/D","Buena","Diurna","Buen Tiempo","De alcance","S/D","Colisión","S/D","S/D","Cordón divisorio","Sin restricción"
2015,1572,22/03/2015,"Domingo",0,20:35:00,,"0.0",2,"Bicicleta,Pickup/Utilitario","Velez Sarsfield 5600",2,1,0,0,1,0,0,"-31.620166666667,-60.680027777778","Calle",,"SANTA FE","La Capital","Asfalto","No existe","I","S/D","Urbana","Ninguna","No existe","Recta","Bueno","Buena","Nocturna","Buen Tiempo","S/D","S/D","Atropello","S/D","S/D","Ninguna","Sin restricción"
2015,1573,22/03/2015,"Domingo",0,05:00:00,,"0.0",2,"Moto/Ciclomotor,Automóvil","Guemes Y Pje Calcena",3,2,0,0,1,0,0,,"Calle",,"SANTA FE","La Capital","Hormigón","No existe","I","S/D","Urbana","Ninguna","No existe","Intersección","Deteriorada","Buena","Amanecer","Buen Tiempo","Lateral","S/D","Colisión","S/D","Faltante","Ninguna","Sin restricción"
2015,1574,30/03/2015,"Lunes",0,12:00:00,,"0.0",2,"Automóvil,Bicicleta","General Paz Y Castelli",2,1,0,0,1,0,0,,"Calle",,"ESPERANZA","Las Colonias","Asfalto","No existe","XI","Dentro","Urbana","Ninguna","No existe","Intersección","Bueno","Buena","Diurna","Buen Tiempo","S/D","S/D","Atropello","Ninguna","Vertical","Ninguna","Sin restricción"
2015,1575,04/03/2015,"Miercoles",0,19:35:00,"Ruta Nacional 11","0.0",2,"Moto/Ciclomotor,Automóvil","ruta provincial 70 ",2,1,0,0,1,0,0,,"Ruta",11,"RECREO","La Capital","Asfalto","Natural","I","Dentro","Urbana","Ninguna","No existe","Intersección","Bueno","Buena","Atardecer,Con luz artificial","Buen Tiempo","De alcance","S/D","Colisión","S/D","Vertical","Ninguna","Sin restricción"
2015,1576,04/03/2015,"Miercoles",0,12:00:00,,"0.0",2,"Moto/Ciclomotor,Automóvil","Av Facundo Zuviria Y Juan Del Campillo",2,1,0,0,1,0,0,,"Avenida",,"SANTA FE","La Capital","Hormigón","No existe","I","Dentro","Urbana","Semáforo","Funciona","Intersección","Bueno","Buena","Diurna","Buen Tiempo","Lateral","S/D","Caída ocupante,Colisión","Ninguna","Vertical","Ninguna","Sin restricción"
2015,1577,22/03/2015,"Domingo",0,19:00:00,,"0.0",2,"Moto/Ciclomotor,Pickup/Utilitario","Derqui Y Republica de Siria",2,1,0,0,1,0,0,,"Calle",,"SANTA FE","La Capital","Hormigón","No existe","I","S/D","Urbana","Ninguna","No existe","Intersección","Deteriorada","Buena","Atardecer","Buen Tiempo","Lateral","S/D","Colisión","S/D","Faltante","Ninguna","Sin restricción"
2015,1578,19/03/2015,"Jueves",0,20:30:00,,"0.0",2,"Moto/Ciclomotor,Automóvil","Sarmiento ",2,1,0,0,1,0,0,,"Calle",,"SANTA FE","La Capital","Asfalto","No existe","I","S/D","Urbana","Ninguna","S/D","Recta","Bueno","Buena","Nocturna","Buen Tiempo","Frontal","S/D","Colisión","Ninguna","Faltante","Ninguna","Sin restricción"
2015,1579,05/03/2015,"Jueves",0,16:40:00,,"0.0",2,"Moto/Ciclomotor,Automóvil","Av Facundo Zuviria Y Regis Martinez",2,0,0,0,0,0,2,,"Avenida",,"SANTA FE","La Capital","S/D","S/D","I","S/D","Urbana","S/D","S/D","Intersección","S/D","S/D","Diurna","S/D","S/D","S/D","S/D","S/D","S/D","S/D","S/D"
2015,1580,09/03/2015,"Lunes",0,11:00:00,,"0.0",2,"Automóvil,Pickup/Utilitario","Pje Parpal Y San Jeronimo",2,1,0,0,1,0,0,,"Calle",,"SANTA FE","La Capital","Hormigón","No existe","I","Dentro","Urbana","Ninguna","No existe","Intersección","Con baches","Buena","Diurna","Buen Tiempo","Lateral","S/D","Caída ocupante,Colisión","Ninguna","Faltante","Ninguna","Sin restricción"