"anio_acci","nro_acci","fecha","desc_dia","fecha_aprox","hora_aprox","desc_ruta","km","cant_participantes","desc_participante","calle_avenida_km","total","heridos_leves","heridos_graves","heridos_gravisimos","ilesos","fallecidos","sin_datos","posicion_XY","desc_tipo_via","desc_ruta_ori","desc_loc","desc_dpto","desc_tipo_calzada","desc_tipo_banquina","desc_unidad_regional","desc_lugar_calzada","desc_zona","desc_prioridad","desc_estado_semaforo","desc_lugar_via","desc_estado_via","desc_estado_visibilidad","desc_luminosidad","desc_estado_clima","desc_tipo_colision","desc_tipo_atropello","desc_tipo_hecho","desc_pres_calzada","desc_senializacion","desc_separacion_via","desc_restriccion"
2015,1581,17/03/2015,"Martes",0,17:55:00,,"0.0",2,"Pickup/Utilitario,Moto/Ciclomotor","1 de Mayo Y A Aufranc",2,1,0,0,1,0,0,,"Calle",,"ESPERANZA","Las Colonias","Hormigón","Pavimento","XI","Dentro","Urbana","Ninguna","No existe","Intersección","Bueno","Buena","Diurna","Buen Tiempo","Lateral","S/D","Colisión","Ninguna","Horizontal,Vertical","Ninguna","Sin restricción"
2015,1582,22/03/2015,"Domingo",0,06:30:00,,"0.0",2,"Moto/Ciclomotor,Taxi/Remis","Catamarca Y Alvear",2,1,0,0,1,0,0,,"Calle",,"SANTA FE","La Capital","Hormigón","No existe","I","S/D","Urbana","Ninguna","S/D","Intersección","S/D","Buena","Amanecer","S/D","S/D","S/D","Colisión","S/D","S/D","S/D","S/D"
2015,1583,19/03/2015,"Jueves",0,13:40:00,,"0.0",4,"Automóvil,Automóvil,Automóvil,Camión","Av Peñaloza Y Alberti",5,1,0,0,4,0,0,,"Avenida",,"SANTA FE","La Capital","Asfalto","Pavimento","I","Dentro","Urbana","Ninguna","No existe","Intersección","Bueno","Buena","Diurna","Buen Tiempo","Múltiple","S/D","Colisión","S/D","Vertical","Cordón divisorio","Sin restricción"
2015,1584,09/03/2015,"Lunes",0,09:00:00,,"0.0",2,"Moto/Ciclomotor,Automóvil","Av A del Valle Y M De Polonia",2,1,0,0,1,0,0,,"Avenida",,"SANTA FE","La Capital","Asfalto,Hormigón","S/D","I","Dentro","Urbana","Semáforo","Funciona","Intersección","Con baches","Buena","Diurna","Buen Tiempo","Lateral","S/D","Caída ocupante,Colisión","Ninguna","Vertical","Ninguna","Sin restricción"
2015,1585,05/03/2015,"Jueves",0,18:00:00,,"0.0",2,"Peatón,Automóvil","Av Peñaloza Y J Castelli",2,0,0,0,0,0,2,"-31.6025,-60.712638888889","Avenida",,"SANTA FE","La Capital","S/D","S/D","I","S/D","Urbana","S/D","S/D","Intersección","S/D","S/D","Diurna","S/D","S/D","S/D","Atropello","S/D","S/D","S/D","S/D"
2015,1586,20/03/2015,"Viernes",0,13:00:00,,"0.0",2,"Moto/Ciclomotor,Transporte de Pasajeros Larga Distancia (> 8 asientos)","Derqui Y Alvear",2,1,0,0,1,0,0,,"Calle",,"SANTA FE","La Capital","Asfalto","No existe","I","S/D","Urbana","Ninguna","No existe","Intersección","Bueno","Buena","Diurna","Buen Tiempo","Lateral","S/D","Colisión","S/D","Faltante","Ninguna","Sin restricción"
2015,1587,14/03/2015,"Sabado",0,01:05:00,"Ruta Nacional 11","0.0",2,"Moto/Ciclomotor,Bicicleta","Los Pinos ",2,0,0,1,1,0,0,"-31.520516, -60.724572","Ruta",11,"RECREO","La Capital","Asfalto","Natural","I","Dentro","Urbana","Ninguna","No existe","Intersección","Bueno","Reducida","Nocturna,Con luz artificial","Buen Tiempo","De alcance","S/D","Atropello","S/D","Faltante","Ninguna","Sin restricción"
2015,1588,11/03/2015,"Miercoles",0,16:50:00,,"0.0",1,"Moto/Ciclomotor","Cullen 600",1,1,0,0,0,0,0,,"Calle",,"ESPERANZA","Las Colonias","Asfalto","No existe","XI","Dentro","Urbana","Ninguna","No existe","Recta","Bueno","Buena","Diurna","Buen Tiempo","S/D","S/D","Caída ocupante","Ninguna","Faltante","Ninguna","Sin restricción"
2015,1589,11/03/2015,"Miercoles",0,20:30:00,,"0.0",2,"Bicicleta,Automóvil","San Jeronimo Y Agustin Delgado",2,1,0,0,1,0,0,"-31.620638888889,-60.700388888889","Calle",,"SANTA FE","La Capital","Hormigón","No existe","I","Dentro","Urbana","Ninguna","No existe","Intersección","Con baches","Buena","Nocturna,Con luz artificial","Buen Tiempo","S/D","S/D","Atropello","Ninguna","Faltante","Ninguna","Sin restricción"
2015,1590,25/03/2015,"Miercoles",0,09:00:00,,"0.0",1,"Moto/Ciclomotor","Estados Unidos de Mexico Y Sabroso Hilario",1,1,0,0,0,0,0,,"Calle",,"SANTO TOMÉ","La Capital","Tierra","No existe","I","S/D","Urbana","Ninguna","No existe","Intersección","Bueno","Buena","Diurna","Buen Tiempo","Atropello animal","S/D","Colisión","Ninguna","Faltante","Ninguna","Sin restricción"
2015,1591,27/03/2015,"Viernes",0,22:35:00,,"0.0",2,"Moto/Ciclomotor,Automóvil","Av Freyre Y Tucuman",2,2,0,0,0,0,0,,"Avenida",,"SANTA FE","La Capital","Asfalto","S/D","I","S/D","Urbana","S/D","S/D","Intersección","S/D","S/D","Nocturna","S/D","S/D","S/D","Colisión","S/D","S/D","S/D","S/D"
2015,1592,20/03/2015,"Viernes",0,13:00:00,,"0.0",2,"Moto/Ciclomotor,Automóvil","Las Heras Y Angel Cassanello",3,2,0,0,1,0,0,,"Calle",,"SANTA FE","La Capital","Asfalto","No existe","I","S/D","Urbana","Ninguna","No existe","Cruce","Bueno","Buena","Diurna","Buen Tiempo","Lateral","S/D","Colisión","S/D","S/D","Ninguna","Sin restricción"
2015,1593,23/03/2015,"Lunes",0,09:05:00,,"0.0",2,"Automóvil,Moto/Ciclomotor","Av Cordoba Y Mariano Moreno",2,1,0,0,1,0,0,,"Avenida",,"ESPERANZA","Las Colonias","Asfalto","No existe","XI","Dentro","Urbana","Ninguna","No existe","Intersección","Bueno","Buena","Diurna","Buen Tiempo","Lateral","S/D","Colisión","Ninguna","Vertical","Ninguna","Sin restricción"
2015,1594,13/03/2015,"Viernes",0,15:10:00,,"0.0",2,"Moto/Ciclomotor,Pickup/Utilitario","Av A del Valle Y M De Polonia",2,1,0,0,1,0,0,,"Avenida",,"SANTA FE","La Capital","Hormigón","No existe","I","Dentro","Urbana","Semáforo","Funciona","Intersección","Bueno","Buena","Diurna","Buen Tiempo","Lateral","S/D","Caída ocupante,Colisión","Ninguna","Vertical","Ninguna","Sin restricción"
2015,1595,19/03/2015,"Jueves",0,07:00:00,"Ruta Provincial 70","3.0",2,"Moto/Ciclomotor,Pickup/Utilitario"," ",2,1,0,0,1,0,0,,"Ruta",70,"RECREO","La Capital","Asfalto","Natural","I","Dentro","Urbana","Ninguna","S/D","Recta","Bueno","Buena","Amanecer","Buen Tiempo","De alcance","S/D","Colisión","S/D","Vertical","Ninguna","Sin restricción"
2015,1596,12/03/2015,"Jueves",0,19:50:00,"Ruta Provincial 1","4.0",1,"Moto/Ciclomotor"," ",1,1,0,0,0,0,0,,"Ruta",1,"COLASTINE","La Capital","Asfalto","Ripio","I","S/D","Urbana","Semáforo","Funciona","Recta","Bueno","Buena","Atardecer,Con luz artificial","Buen Tiempo","Contra objeto fijo","S/D","Colisión","Ninguna","Horizontal","Línea divisoria pintada","Sin restricción"
2015,1597,27/03/2015,"Viernes",0,13:05:00,,"0.0",2,"Moto/Ciclomotor,Automóvil","Catamarca Y Saavedra",2,1,0,0,1,0,0,,"Calle",,"SANTA FE","La Capital","Asfalto","S/D","I","S/D","Urbana","S/D","S/D","Intersección","S/D","S/D","Diurna","S/D","S/D","S/D","Colisión","S/D","S/D","S/D","S/D"
2015,1598,13/03/2015,"Viernes",0,20:30:00,,"0.0",2,"Moto/Ciclomotor,Automóvil","Domingo Silva Y San Jeronimo",2,1,0,0,1,0,0,,"Calle",,"SANTA FE","La Capital","Hormigón","No existe","I","Dentro","Urbana","Ninguna","No existe","Intersección","Con baches","Buena","Diurna,Con luz artificial","Buen Tiempo","Lateral","S/D","Caída ocupante,Colisión","Ninguna","Faltante","Ninguna","Sin restricción"
2015,1599,18/03/2015,"Miercoles",0,15:15:00,,"0.0",2,"Peatón,Moto/Ciclomotor","Salvador del Carril Y Alberdi",2,1,0,0,1,0,0,"-31.620333333333,-60.687111111111","Calle",,"SANTA FE","La Capital","Hormigón","S/D","I","S/D","Urbana","S/D","No existe","Intersección","Deteriorada","Buena","Diurna","Buen Tiempo","S/D","S/D","Atropello","S/D","Faltante","S/D","Sin restricción"
2015,1600,29/03/2015,"Domingo",0,22:30:00,"Ruta Nacional 11","0.0",2,"Moto/Ciclomotor,Automóvil","Saavedra Lamas ",2,1,0,0,1,0,0,,"Ruta",11,"RECREO","La Capital","Asfalto","Natural","I","Dentro","Urbana","Ninguna","No existe","Intersección","Bueno","Reducida","Nocturna,Con luz artificial","Buen Tiempo","De alcance","S/D","Colisión","S/D","Faltante","Ninguna","Sin restricción"
2015,1601,08/03/2015,"Domingo",0,21:00:00,"Ruta Nacional 168","8.0",1,"Moto/Ciclomotor"," ",2,2,0,0,0,0,0,,"Ruta",168,"COLASTINE","La Capital","Asfalto","Ripio","I","S/D","Urbana","Ninguna","No existe","Recta","Bueno","Reducida p/ objetos","Con luz artificial","Buen Tiempo","Contra objeto fijo","S/D","Colisión","Otro","Horizontal","Línea divisoria pintada","Sin restricción"
2015,1602,18/03/2015,"Miercoles",0,22:30:00,,"0.0",2,"Moto/Ciclomotor,Pickup/Utilitario","Gdor Rodolfo Lehman Y Ayacucho",2,1,0,0,1,0,0,,"Calle",,"SANTA FE","La Capital","Asfalto,Ripio","Natural","I","S/D","Urbana","Ninguna","No existe","Intersección","Deteriorada","Reducida","Nocturna,Con luz artificial","Buen Tiempo","Lateral","S/D","Colisión","Material Suelto","Faltante","Ninguna","Sin restricción"
2015,1603,25/03/2015,"Miercoles",0,14:45:00,,"0.0",2,"Moto/Ciclomotor,Automóvil","Salta Y San Jose",2,1,0,0,1,0,0,,"Calle",,"SANTA FE","La Capital","Asfalto","S/D","I","S/D","Urbana","S/D","S/D","Intersección","S/D","S/D","Diurna","S/D","S/D","S/D","Colisión","S/D","S/D","S/D","S/D"
2015,1604,05/03/2015,"Jueves",0,12:30:00,,"0.0",2,"Moto/Ciclomotor,Moto/Ciclomotor","Balcarce Y Almirante Brown",2,0,2,0,0,0,0,,"Calle",,"ESPERANZA","Las Colonias","Asfalto","No existe","XI","Dentro","Urbana","Ninguna","No existe","Intersección","Bueno","Buena","Diurna","Buen Tiempo","Frontal","S/D","Colisión","Ninguna","Vertical","Ninguna","Sin restricción"
2015,1605,06/03/2015,"Viernes",0,09:20:00,,"0.0",2,"Moto/Ciclomotor,Automóvil","Regis Martinez Y Av Freyre",2,1,0,0,0,0,1,,"Avenida",,"SANTA FE","La Capital","S/D","S/D","I","S/D","Urbana","S/D","S/D","Intersección","S/D","S/D","Diurna","S/D","S/D","S/D","Colisión","S/D","S/D","S/D","S/D"
2015,1606,17/03/2015,"Martes",0,09:00:00,,"0.0",2,"Moto/Ciclomotor,Automóvil","Av Facundo Zuviria Y Estanislao Zeballos",2,1,0,0,1,0,0,,"Avenida",,"SANTA FE","La Capital","Hormigón","No existe","I","Dentro","Urbana","Semáforo","Funciona","Intersección","Bueno","Buena","Diurna","Buen Tiempo","Lateral","S/D","Caída ocupante,Colisión","Ninguna","Vertical","Ninguna","Sin restricción"
2015,1607,09/03/2015,"Lunes",0,22:00:00,"Ruta Nacional 11","492.5",2,"Automóvil,Moto/Ciclomotor"," ",2,1,0,0,1,0,0,,"Ruta",11,"CANDIOTI","La Capital","Asfalto","S/D","I","Dentro","Rural","Ninguna","No existe","Recta","Bueno","S/D","Nocturna","Buen Tiempo","S/D","S/D","Colisión","S/D","Horizontal","S/D","S/D"
2015,1608,16/03/2015,"Lunes",0,12:00:00,,"0.0",2,"Moto/Ciclomotor,Pickup/Utilitario","Dorrego Y Regis Martinez",2,1,0,0,1,0,0,,"Calle",,"SANTA FE","La Capital","Hormigón","No existe","I","S/D","Urbana","Ninguna","No existe","Intersección","Deteriorada","Buena","Diurna","Buen Tiempo","Lateral","S/D","Colisión","S/D","S/D","Ninguna","Sin restricción"
2015,1609,14/03/2015,"Sabado",0,21:10:00,"Ruta Nacional 11","477.5",2,"Moto/Ciclomotor,Automóvil"," ",2,1,0,0,1,0,0,,"Ruta",11,"RECREO","La Capital","Asfalto","Ripio","I","Dentro","Urbana","Ninguna","No existe","Recta","Bueno","Buena","Nocturna","Buen Tiempo","Frontal","S/D","Colisión","S/D","Horizontal","Línea divisoria pintada","Sin restricción"
2015,1610,17/03/2015,"Martes",0,19:45:00,,"0.0",2,"Peatón,Automóvil","J Castelli Y Lamadrid",2,1,0,0,1,0,0,"-31.601888888889,-60.715444444444","Calle",,"SANTA FE","La Capital","Asfalto,Hormigón","Pavimento","I","Dentro","Urbana","Ninguna","No existe","Intersección","S/D","Reducida","Atardecer,Con luz artificial","Buen Tiempo","S/D","S/D","Atropello","S/D","Faltante","Ninguna","Sin restricción"
2015,1611,25/03/2015,"Miercoles",0,08:30:00,,"0.0",2,"Moto/Ciclomotor,Automóvil","Av Freyre Y Vera",2,1,0,0,1,0,0,,"Avenida",,"SANTA FE","La Capital","Asfalto","S/D","I","S/D","Urbana","S/D","S/D","Intersección","S/D","S/D","Diurna","S/D","S/D","S/D","Colisión","S/D","S/D","S/D","S/D"
2015,1612,19/03/2015,"Jueves",0,13:15:00,,"0.0",2,"Moto/Ciclomotor,Automóvil","Iturraspe Y San Martin",2,1,0,0,1,0,0,,"Calle",,"SANTA FE","La Capital","Hormigón","No existe","I","Dentro","Urbana","Ninguna","No existe","Intersección","Con baches","Buena","Diurna","Buen Tiempo","Lateral","S/D","Caída ocupante,Colisión","Ninguna","Faltante","Ninguna","Sin restricción"
2015,1613,16/03/2015,"Lunes",0,09:00:00,,"0.0",2,"Moto/Ciclomotor,Automóvil","Necochea Y Salvador del Carril",2,1,0,0,1,0,0,,"Calle",,"SANTA FE","La Capital","Hormigón","No existe","I","S/D","Urbana","Ninguna","S/D","Intersección","Bueno","Buena","Diurna","Buen Tiempo","Lateral","S/D","Colisión","S/D","S/D","S/D","Sin restricción"
2015,1614,29/03/2015,"Domingo",0,02:10:00,"Ruta Nacional 11","477.5",2,"Automóvil,Automóvil"," ",4,2,2,0,0,0,0,,"Ruta",11,"RECREO","La Capital","Asfalto","Ripio","I","Dentro","Urbana","Ninguna","No existe","Recta","Bueno","Buena","Nocturna","Buen Tiempo","Frontal","S/D","Colisión","S/D","Horizontal","Línea divisoria pintada","Sin restricción"
2015,1615,27/03/2015,"Viernes",0,13:20:00,"Autovía Provincial Brigadier E.López","0.0",2,"Automóvil,Moto/Ciclomotor","Av Circunvalación Y Acc Aut a Santa Fe Rosario",4,0,0,0,1,0,3,,"Autovía","Brigadier E.López","SANTA FE","La Capital","Asfalto","S/D","I","Dentro","Urbana","Ninguna","S/D","Cruce","Bueno","S/D","S/D","S/D","Otro","S/D","Colisión","S/D","S/D","Barrera de hormigón","S/D"
2015,1616,19/04/2015,"Domingo",0,09:10:00,,"0.0",2,"Moto/Ciclomotor,Automóvil","F Soutomayor Y Domingo Faustino Sarmiento",2,1,0,0,1,0,0,,"Calle",,"ESPERANZA","Las Colonias","Asfalto","No existe","XI","S/D","Urbana","Ninguna","No existe","Intersección","Bueno","Buena","Diurna","Buen Tiempo","Lateral","S/D","Colisión","Ninguna","Vertical","Ninguna","Sin restricción"
2015,1617,04/03/2015,"Miercoles",0,11:10:00,,"0.0",2,"Automóvil,Moto/Ciclomotor","Gdor Freyre Y J P Lopez",2,1,0,0,0,0,1,,"Calle",,"SANTA FE","La Capital","S/D","S/D","I","S/D","Urbana","S/D","S/D","S/D","S/D","S/D","Diurna","S/D","S/D","S/D","S/D","S/D","S/D","S/D","S/D"
2015,1618,09/03/2015,"Lunes",0,22:30:00,,"0.0",2,"Moto/Ciclomotor,Camión","Av Blas Parera 6633",2,1,0,0,1,0,0,,"Avenida",,"SANTA FE","La Capital","Hormigón","Pavimento","I","Dentro","Urbana","Ninguna","No existe","Recta","Bueno","Buena","Nocturna,Con luz artificial","Buen Tiempo","De alcance","S/D","Colisión","S/D","Horizontal,Vertical","S/D","Sin restricción"
2015,1619,19/03/2015,"Jueves",0,21:15:00,,"0.0",2,"Peatón,Automóvil","Av A del Valle Y Espora",2,1,0,0,1,0,0,"-31.604,-60.692222222222","Avenida",,"SANTA FE","La Capital","Hormigón","No existe","I","Dentro","Urbana","Ninguna","No existe","Recta","Bueno","Buena","Nocturna,Con luz artificial","Buen Tiempo","S/D","S/D","Atropello","Ninguna","Faltante","Ninguna","Sin restricción"
2015,1620,24/03/2015,"Martes",0,14:20:00,,"0.0",2,"Moto/Ciclomotor,Automóvil","Av Freyre Y Junin",3,2,0,0,1,0,0,,"Avenida",,"SANTA FE","La Capital","Asfalto","S/D","I","S/D","Urbana","S/D","S/D","Intersección","S/D","S/D","Diurna","S/D","S/D","S/D","Colisión","S/D","S/D","S/D","S/D"
2015,1621,13/03/2015,"Viernes",0,17:30:00,,"0.0",2,"Moto/Ciclomotor,Pickup/Utilitario","Cafferata Y Florencio Varela",2,1,0,0,1,0,0,,"Calle",,"SANTA FE","La Capital","Asfalto","No existe","I","Dentro","Urbana","Ninguna","No existe","Recta","Bueno","Buena","Diurna","Buen Tiempo","De alcance","S/D","Colisión","S/D","Faltante","Ninguna","Sin restricción"
2015,1622,06/03/2015,"Viernes",0,00:20:00,,"0.0",1,"Moto/Ciclomotor","Neuquen 2300",2,1,0,0,1,0,0,,"Calle",,"SANTA FE","La Capital","Ripio","No existe","I","Dentro","Urbana","Ninguna","No existe","Recta","Con baches,Deteriorada","Reducida polvo","Nocturna,Con luz artificial","Otro","S/D","S/D","Caída ocupante","Ninguna","Faltante","Ninguna","Sin restricción"
2015,1623,24/03/2015,"Martes",0,13:50:00,,"0.0",2,"Automóvil,Automóvil","Lamadrid Y La Rioja",3,1,0,0,2,0,0,,"Calle",,"SANTA FE","La Capital","Asfalto","S/D","I","S/D","Urbana","S/D","S/D","Intersección","S/D","S/D","Diurna","S/D","S/D","S/D","Colisión","S/D","S/D","S/D","S/D"
2015,1624,09/03/2015,"Lunes",0,18:00:00,,"0.0",2,"Moto/Ciclomotor,Automóvil","Av Blas Parera Y Pje David Peña",2,1,0,0,1,0,0,,"Avenida",,"SANTA FE","La Capital","Hormigón","Pavimento","I","Dentro","Urbana","Ninguna","No existe","Intersección","Bueno","Reducida","Atardecer,Con luz artificial","Buen Tiempo","Lateral","S/D","Colisión","S/D","Horizontal,Vertical","Cordón divisorio","Sin restricción"
2015,1625,27/03/2015,"Viernes",0,12:00:00,,"0.0",2,"Moto/Ciclomotor,Automóvil","Estanislao Zeballos Y Av Urquiza",2,1,0,0,1,0,0,,"Calle",,"SANTA FE","La Capital","Asfalto","No existe","I","Dentro","Urbana","Ninguna","No existe","Intersección","Con baches","Buena","Diurna","Buen Tiempo","Lateral","S/D","Caída ocupante,Colisión","Ninguna","Faltante","Ninguna","Sin restricción"
2015,1626,06/03/2015,"Viernes",0,21:00:00,,"0.0",2,"Bicicleta,Moto/Ciclomotor","Estanislao Zeballos Y Pje Gregoria P de Denis",2,2,0,0,0,0,0,"-31.602222222222,-60.709527777778","Calle",,"SANTA FE","La Capital","S/D","S/D","I","S/D","Urbana","S/D","S/D","Intersección","S/D","S/D","Nocturna","S/D","S/D","S/D","Atropello","S/D","S/D","S/D","S/D"
2015,1627,20/03/2015,"Viernes",0,17:00:00,,"0.0",2,"Moto/Ciclomotor,Pickup/Utilitario","Saavedra Y Santiago del Estero",2,1,0,0,1,0,0,,"Calle",,"SANTA FE","La Capital","Asfalto","S/D","I","S/D","Urbana","S/D","S/D","Intersección","S/D","S/D","Diurna","S/D","S/D","S/D","Colisión","S/D","S/D","S/D","S/D"
2015,1628,02/03/2015,"Lunes",0,12:00:00,,"0.0",2,"Automóvil,Moto/Ciclomotor","Pje Alfonso Y Suipacha",2,1,0,0,1,0,0,,"Calle",,"SANTA FE","La Capital","Asfalto","Pavimento","I","Dentro","Urbana","Ninguna","No existe","Intersección","Bueno","Buena","Diurna","Buen Tiempo","Lateral","S/D","Colisión","S/D","Faltante","Cordón divisorio","Sin restricción"
2015,1629,07/03/2015,"Sabado",0,14:00:00,,"0.0",2,"Moto/Ciclomotor,Automóvil","4 de Enero Y Av Urquiza",3,1,0,0,0,0,2,,"Avenida",,"SANTA FE","La Capital","S/D","S/D","I","S/D","Urbana","S/D","S/D","Intersección","S/D","S/D","Diurna","S/D","S/D","S/D","Colisión","S/D","S/D","S/D","S/D"
2015,1630,07/03/2015,"Sabado",0,06:50:00,,"0.0",2,"Moto/Ciclomotor,Moto/Ciclomotor","Estanislao Zeballos Y Estrada",2,1,0,0,1,0,0,,"Calle",,"SANTA FE","La Capital","Asfalto,Hormigón","Pavimento","I","Dentro","Urbana","Ninguna","No existe","Intersección","Deteriorada","Buena","Amanecer,Con luz artificial","Buen Tiempo","Lateral","S/D","Colisión","S/D","Vertical","Ninguna","Sin restricción"
2015,1631,20/03/2015,"Viernes",0,14:30:00,,"0.0",2,"Moto/Ciclomotor,Automóvil","Av Freyre Y Santiago del Estero",2,1,0,0,1,0,0,,"Avenida",,"SANTA FE","La Capital","Asfalto","S/D","I","S/D","Urbana","S/D","S/D","Intersección","S/D","S/D","Diurna","S/D","S/D","S/D","Colisión","S/D","S/D","S/D","S/D"
2015,1632,02/03/2015,"Lunes",0,08:00:00,,"0.0",2,"Automóvil,Moto/Ciclomotor","Hipolito Yrigoyen Y Santiago de Chile",2,1,0,0,1,0,0,,"Calle",,"SANTA FE","La Capital","Asfalto","Pavimento","I","Dentro","Urbana","Ninguna","No existe","Intersección","Bueno","Buena","Diurna","Buen Tiempo","Lateral","S/D","Colisión","S/D","Faltante","Cordón divisorio","Sin restricción"
2015,1633,21/03/2015,"Sabado",0,07:15:00,,"0.0",2,"Moto/Ciclomotor,Moto/Ciclomotor","Av A del Valle Y Vieytes",2,2,0,0,0,0,0,,"Avenida",,"SANTA FE","La Capital","Hormigón","No existe","I","Dentro","Urbana","Ninguna","No existe","Intersección","Bueno","Buena","Diurna","Buen Tiempo","Lateral","S/D","Caída ocupante,Colisión","Ninguna","Faltante","Ninguna","Sin restricción"
2015,1634,06/03/2015,"Viernes",0,19:15:00,,"0.0",2,"Moto/Ciclomotor,Moto/Ciclomotor","Av Blas Parera Y Vieytes",2,2,0,0,0,0,0,,"Avenida",,"SANTA FE","La Capital","Hormigón","Pavimento","I","Dentro","Urbana","Semáforo","Funciona","Intersección","Bueno","Reducida","Atardecer,Con luz artificial","Buen Tiempo","Lateral","S/D","Colisión","S/D","Horizontal,Vertical","Cordón divisorio","Sin restricción"
2015,1635,17/03/2015,"Martes",0,13:40:00,,"0.0",2,"Bicicleta,Taxi/Remis","Av Freyre Y Junin",3,2,0,0,1,0,0,"-31.636305555556,-60.715972222222","Avenida",,"SANTA FE","La Capital","Asfalto","S/D","I","S/D","Urbana","S/D","S/D","Intersección","S/D","S/D","Diurna","S/D","S/D","S/D","Atropello","S/D","S/D","S/D","S/D"
2015,1636,31/03/2015,"Martes",0,16:00:00,,"0.0",2,"Automóvil,Moto/Ciclomotor","Av Gral Lopez Y Candido Pujato",2,1,0,0,1,0,0,,"Calle",,"SANTA FE","La Capital","S/D","S/D","I","S/D","Urbana","S/D","S/D","Intersección","S/D","S/D","Diurna","S/D","S/D","S/D","Colisión","S/D","S/D","S/D","S/D"
2015,1637,21/03/2015,"Sabado",0,02:30:00,,"0.0",2,"Moto/Ciclomotor,Automóvil","Av Facundo Zuviria Y Iturraspe",3,2,0,0,1,0,0,,"Avenida",,"SANTA FE","La Capital","Hormigón","S/D","I","Dentro","Urbana","Semáforo","Intermitente","Intersección","Otro","Buena","Nocturna,Con luz artificial","Buen Tiempo","Lateral","S/D","Caída ocupante,Colisión","Ninguna","Vertical","Ninguna","Sin restricción"
2015,1638,06/03/2015,"Viernes",0,09:20:00,,"0.0",2,"Peatón,Automóvil","Av Peñaloza Y J Castelli",2,1,0,0,1,0,0,"-31.6025,-60.712638888889","Avenida",,"SANTA FE","La Capital","Hormigón","Pavimento","I","Dentro","Urbana","Semáforo","Funciona","Intersección","Bueno","Buena","Diurna","Buen Tiempo","S/D","S/D","Atropello","S/D","Vertical","Cordón divisorio","Sin restricción"
2015,1639,24/03/2015,"Martes",0,17:45:00,,"0.0",2,"Moto/Ciclomotor,Automóvil","Av Blas Parera Y Reg 12 de Infanteria",2,1,0,0,1,0,0,,"Avenida",,"SANTA FE","La Capital","Hormigón","Pavimento","I","S/D","Urbana","Ninguna","No existe","Intersección","Bueno","Buena","Diurna","Buen Tiempo","Lateral","S/D","Colisión","S/D","Horizontal,Vertical","Cordón divisorio","Sin restricción"
2015,1640,14/03/2015,"Sabado",0,10:45:00,,"0.0",2,"Moto/Ciclomotor,Automóvil","Av Freyre Y La Rioja",3,2,0,0,1,0,0,,"Avenida",,"SANTA FE","La Capital","Asfalto","S/D","I","S/D","Urbana","S/D","S/D","Intersección","S/D","S/D","Diurna","S/D","S/D","S/D","Colisión","S/D","S/D","S/D","S/D"
2015,1641,19/03/2015,"Jueves",0,18:50:00,"Ruta Provincial 1","0.0",2,"Automóvil,Moto/Ciclomotor","Jose de San Martin 6000",2,1,0,0,1,0,0,,"Ruta",1,"SAN JOSÉ DEL RINCÓN","La Capital","Asfalto","S/D","I","S/D","Urbana","Ninguna","S/D","Recta","Bueno","S/D","Atardecer","Buen Tiempo","Lateral","S/D","Colisión","S/D","S/D","Línea divisoria pintada","Obra en Construcción"
2015,1642,30/03/2015,"Lunes",0,20:33:00,,"0.0",2,"Moto/Ciclomotor,Automóvil","Av Freyre Y Junin",3,2,0,0,1,0,0,,"Avenida",,"SANTA FE","La Capital","S/D","S/D","I","S/D","Urbana","S/D","S/D","Intersección","S/D","S/D","Nocturna","S/D","S/D","S/D","Colisión","S/D","S/D","S/D","S/D"
2015,1643,30/03/2015,"Lunes",0,16:30:00,,"0.0",2,"Moto/Ciclomotor,Automóvil","Roque Saenz Peña Y Hipolito Yrigoyen",2,1,0,0,1,0,0,,"Calle",,"SANTA FE","La Capital","S/D","S/D","I","S/D","Urbana","S/D","S/D","Intersección","S/D","S/D","Diurna","S/D","S/D","S/D","Colisión","S/D","S/D","S/D","S/D"
2015,1644,14/03/2015,"Sabado",0,01:20:00,"Ruta Provincial 1","0.0",2,"Automóvil,Moto/Ciclomotor","Jose de San Martin ",3,2,0,0,1,0,0,,"Ruta",1,"SAN JOSÉ DEL RINCÓN","La Capital","Asfalto","Natural","I","S/D","Urbana","Ninguna","No existe","Recta","Bueno","Reducida","Nocturna","Buen Tiempo","S/D","S/D","Colisión","Ninguna","Faltante","Ninguna","Obra en Construcción"
2015,1645,25/03/2015,"Miercoles",0,10:00:00,,"0.0",2,"Automóvil,Automóvil","Av Blas Parera Y Estado de Israel",3,1,0,0,2,0,0,,"Avenida",,"SANTA FE","La Capital","Hormigón","Pavimento","I","Dentro","Urbana","Semáforo","Funciona","Intersección","Bueno","Buena","Diurna","Buen Tiempo","Lateral","S/D","Colisión","S/D","Horizontal,Vertical","Barrera de hormigón","Sin restricción"