"anio_acci","nro_acci","fecha","desc_dia","fecha_aprox","hora_aprox","desc_ruta","km","cant_participantes","desc_participante","calle_avenida_km","total","heridos_leves","heridos_graves","heridos_gravisimos","ilesos","fallecidos","sin_datos","posicion_XY","desc_tipo_via","desc_ruta_ori","desc_loc","desc_dpto","desc_tipo_calzada","desc_tipo_banquina","desc_unidad_regional","desc_lugar_calzada","desc_zona","desc_prioridad","desc_estado_semaforo","desc_lugar_via","desc_estado_via","desc_estado_visibilidad","desc_luminosidad","desc_estado_clima","desc_tipo_colision","desc_tipo_atropello","desc_tipo_hecho","desc_pres_calzada","desc_senializacion","desc_separacion_via","desc_restriccion"
2015,1646,30/03/2015,"Lunes",0,09:50:00,,"0.0",2,"Automóvil,Pickup/Utilitario","Av Freyre Y Mendoza",2,1,0,0,1,0,0,,"Avenida",,"SANTA FE","La Capital","S/D","S/D","I","S/D","Urbana","S/D","S/D","Intersección","S/D","S/D","Diurna","S/D","S/D","S/D","Colisión","S/D","S/D","S/D","S/D"
2015,1647,10/03/2015,"Martes",0,16:45:00,"Ruta Provincial 1","11.0",2,"Automóvil,Moto/Ciclomotor"," ",4,2,0,0,2,0,0,,"Ruta",1,"ARROYO LEYES","La Capital","Asfalto","Natural","I","Dentro","Urbana","Ninguna","No existe","Recta","Bueno","Buena","Diurna","Buen Tiempo","De alcance","S/D","Colisión","Ninguna","Horizontal,Vertical","Línea divisoria pintada","Sin restricción"
2015,1648,07/03/2015,"Sabado",0,19:00:00,,"0.0",2,"Pickup/Utilitario,Moto/Ciclomotor"," ",2,0,0,0,0,0,2,,"S/D",,"SANTA FE","La Capital","S/D","S/D","I","S/D","Urbana","S/D","S/D","S/D","S/D","S/D","Atardecer","S/D","S/D","S/D","Colisión","S/D","S/D","S/D","S/D"
2015,1649,14/03/2015,"Sabado",0,03:15:00,,"0.0",2,"Automóvil,Moto/Ciclomotor","Francia Y Santiago del Estero",3,2,0,0,1,0,0,,"Avenida",,"SANTA FE","La Capital","Asfalto","S/D","I","S/D","Urbana","S/D","S/D","Intersección","S/D","S/D","Nocturna","S/D","S/D","S/D","Colisión","S/D","S/D","S/D","S/D"
2015,1650,07/03/2015,"Sabado",0,02:30:00,,"0.0",2,"Moto/Ciclomotor,Automóvil","Av Facundo Zuviria Y M De Polonia",3,1,0,0,0,0,2,,"Avenida",,"SANTA FE","La Capital","S/D","S/D","I","S/D","Urbana","S/D","S/D","Intersección","S/D","S/D","Nocturna","S/D","S/D","S/D","Colisión","S/D","S/D","S/D","S/D"
2015,1651,13/03/2015,"Viernes",0,14:00:00,,"0.0",2,"Moto/Ciclomotor,Automóvil","Av Freyre 2800",2,1,0,0,1,0,0,,"Avenida",,"SANTA FE","La Capital","Asfalto","S/D","I","S/D","Urbana","S/D","S/D","Recta","S/D","S/D","Diurna","S/D","S/D","S/D","Colisión","S/D","S/D","S/D","S/D"
2015,1652,27/03/2015,"Viernes",0,12:30:00,,"0.0",2,"Moto/Ciclomotor,Pickup/Utilitario","12 de Octubre Y Santa Cruz",2,1,0,0,1,0,0,,"Avenida",,"SANTA FE","La Capital","Hormigón","No existe","I","Dentro","Urbana","S/D","No existe","Intersección","Con baches","Buena","Diurna","Buen Tiempo","Contra objeto fijo","S/D","Colisión","S/D","Vertical","Cordón divisorio","Sin restricción"
2015,1653,01/03/2015,"Domingo",0,10:00:00,,"0.0",2,"Automóvil,Moto/Ciclomotor","Av Blas Parera Y Estado de Israel",2,1,0,0,1,0,0,,"Avenida",,"SANTA FE","La Capital","Hormigón","Pavimento","I","Dentro","Urbana","Semáforo","Funciona","Intersección","Deteriorada","Buena","Diurna","Buen Tiempo","Lateral","S/D","Colisión","S/D","Horizontal,Vertical","Cordón divisorio","Sin restricción"
2015,1654,12/03/2015,"Jueves",0,08:30:00,,"0.0",2,"Moto/Ciclomotor,Peatón","Av Freyre Y Salta",2,2,0,0,0,0,0,"-31.647944444444,-60.719333333333","Avenida",,"SANTA FE","La Capital","Asfalto","S/D","I","S/D","Urbana","S/D","S/D","Intersección","S/D","S/D","Diurna","S/D","S/D","S/D","Atropello","S/D","S/D","S/D","S/D"
2015,1655,15/03/2015,"Domingo",0,19:45:00,,"0.0",2,"Moto/Ciclomotor,Automóvil","Av Blas Parera Y Chaco",2,1,0,0,1,0,0,,"Avenida",,"SANTA FE","La Capital","Hormigón","S/D","I","Dentro","Urbana","Otra Señal","S/D","Intersección","Bueno","S/D","Atardecer","Buen Tiempo","Lateral","S/D","Colisión","S/D","Vertical","Guardarrail","Sin restricción"
2015,1656,12/03/2015,"Jueves",0,18:40:00,,"0.0",2,"Moto/Ciclomotor,Automóvil","Venezuela 9800",2,1,0,0,1,0,0,,"Calle",,"SANTA FE","La Capital","Ripio","No existe","I","Dentro","Urbana","Otra Señal","No existe","Recta","Con baches","Buena","Diurna","Buen Tiempo","De alcance","S/D","Colisión","S/D","Vertical","Ninguna","Sin restricción"
2015,1657,13/03/2015,"Viernes",0,,,"0.0",2,"Automóvil,Bicicleta","Saavedra Y Santiago del Estero",2,1,0,0,1,0,0,"-31.635833333333,-60.713027777778","Calle",,"SANTA FE","La Capital","Asfalto","S/D","I","S/D","Urbana","S/D","S/D","Intersección","S/D","S/D","S/D","S/D","S/D","S/D","Atropello","S/D","S/D","S/D","S/D"
2015,1658,19/03/2015,"Jueves",0,23:00:00,,"0.0",2,"Moto/Ciclomotor,Moto/Ciclomotor","Gdor Rodolfo Lehman Y Beruti",2,2,0,0,0,0,0,,"Calle",,"SANTA FE","La Capital","Asfalto","Natural","I","Dentro","Urbana","Ninguna","No existe","Intersección","Deteriorada","Reducida","Con luz artificial","Buen Tiempo","Lateral","S/D","Colisión","Material Suelto","Faltante","Ninguna","Sin restricción"
2015,1659,11/03/2015,"Miercoles",0,22:05:00,,"0.0",2,"Moto/Ciclomotor,Pickup/Utilitario","La Rioja Y Roque Saenz Peña",3,2,0,0,1,0,0,,"Calle",,"SANTA FE","La Capital","Asfalto","S/D","I","S/D","Urbana","S/D","S/D","Intersección","S/D","S/D","Nocturna","S/D","S/D","S/D","Colisión","S/D","S/D","S/D","S/D"
2015,1660,03/03/2015,"Martes",0,21:00:00,,"0.0",2,"Moto/Ciclomotor,Automóvil","Teniente Loza Y Gdor Menchaca",2,1,0,0,1,0,0,"-31.565333333333,-60.741222222222","Avenida",,"SANTA FE","La Capital","Hormigón","Natural","I","Dentro","Urbana","Otra Señal","No existe","Intersección","Bueno","Buena","Nocturna","Buen Tiempo","Lateral","S/D","Colisión","S/D","Vertical","Ninguna","Sin restricción"
2015,1661,01/03/2015,"Domingo",0,21:25:00,,"0.0",2,"Automóvil,Moto/Ciclomotor","Piedrabuena Y Cafferata",3,2,0,0,1,0,0,,"Calle",,"SANTA FE","La Capital","Asfalto","No existe","I","Dentro","Urbana","Ninguna","No existe","Intersección","Bueno","Buena","Nocturna","Buen Tiempo","De alcance","S/D","Colisión","S/D","Faltante","Ninguna","Sin restricción"
2015,1662,11/03/2015,"Miercoles",0,11:10:00,,"0.0",2,"Moto/Ciclomotor,Automóvil","Francia Y La Rioja",2,1,0,0,1,0,0,,"Calle",,"SANTA FE","La Capital","Asfalto","S/D","I","S/D","Urbana","S/D","S/D","Intersección","S/D","S/D","Diurna","S/D","S/D","S/D","Colisión","S/D","S/D","S/D","S/D"
2015,1663,29/03/2015,"Domingo",0,17:00:00,,"0.0",2,"Moto/Ciclomotor,Automóvil","Chiclana Y Larrea",2,1,0,0,1,0,0,,"Calle",,"SANTA FE","La Capital","Asfalto","Natural","I","Dentro","Urbana","Ninguna","No existe","Intersección","Deteriorada","Buena","Diurna","Buen Tiempo","S/D","S/D","Colisión","S/D","Faltante","Ninguna","Sin restricción"
2015,1664,17/03/2015,"Martes",0,16:40:00,"Ruta Nacional 11","0.0",2,"Pickup/Utilitario,Moto/Ciclomotor","Ruta 11 Avenida Richieri Y Entre Rios",2,1,0,0,1,0,0,,"Ruta",11,"SANTO TOMÉ","La Capital","Ripio","No existe","I","S/D","Urbana","S/D","No existe","Intersección","Bueno","S/D","Diurna","Buen Tiempo","Lateral","S/D","Colisión","S/D","S/D","S/D","S/D"
2015,1665,11/03/2015,"Miercoles",0,,,"0.0",2,"Moto/Ciclomotor,Pickup/Utilitario","Bv Pellegrini Y Av Freyre",3,1,0,0,2,0,0,,"Avenida",,"SANTA FE","La Capital","Asfalto","S/D","I","S/D","Urbana","S/D","S/D","Intersección","S/D","S/D","S/D","S/D","S/D","S/D","Colisión","S/D","S/D","S/D","S/D"
2015,1666,15/03/2015,"Domingo",0,21:00:00,,"0.0",2,"Moto/Ciclomotor,Moto/Ciclomotor","Belgrano Y Av Galicia",4,4,0,0,0,0,0,,"Avenida",,"SANTA FE","La Capital","Hormigón","No existe","I","Dentro","Urbana","Ninguna","No existe","Intersección","Bueno","Buena","Nocturna","Buen Tiempo","Lateral","S/D","Colisión","S/D","S/D","S/D","Sin restricción"
2015,1667,29/03/2015,"Domingo",0,11:00:00,,"0.0",2,"Automóvil,Automóvil","Sebastian Gaboto Y Don Guanella",3,2,0,0,1,0,0,,"Calle",,"SANTA FE","La Capital","Asfalto","Natural","I","Dentro","Urbana","Ninguna","No existe","Intersección","Deteriorada","Buena","Diurna","Buen Tiempo","Lateral","S/D","Colisión","S/D","Faltante","Ninguna","Sin restricción"
2015,1668,20/03/2015,"Viernes",0,11:30:00,"Ruta Nacional 11","454.0",2,"Automóvil,Pickup/Utilitario"," ",2,1,0,0,1,0,0,,"Ruta",11,"SAUCE VIEJO","La Capital","Hormigón","Pavimento","I","S/D","S/D","Señal Ceda el Paso","No existe","Cruce","Bueno","Buena","Diurna","S/D","Lateral","S/D","Colisión","S/D","S/D","Barrera de hormigón","Sin restricción"
2015,1669,15/03/2015,"Domingo",0,20:20:00,,"0.0",2,"Moto/Ciclomotor,Automóvil","Av Almte Brown 5300",3,1,0,0,2,0,0,,"Avenida",,"SANTA FE","La Capital","Asfalto","No existe","I","Dentro","Urbana","Ninguna","No existe","Recta","Bueno","Buena","Nocturna","Buen Tiempo","Lateral","S/D","Colisión","S/D","Horizontal","Ninguna","Sin restricción"
2015,1670,26/03/2015,"Jueves",0,14:00:00,,"0.0",2,"Moto/Ciclomotor,Automóvil","J Castelli Y Estrada",2,1,0,0,1,0,0,,"Calle",,"SANTA FE","La Capital","Asfalto","Pavimento","I","Dentro","Urbana","Ninguna","No existe","Intersección","Deteriorada","Buena","Diurna","Buen Tiempo","Lateral","S/D","Colisión","Agua","Vertical","Ninguna","Sin restricción"
2015,1671,10/03/2015,"Martes",0,,,"0.0",2,"Moto/Ciclomotor,Automóvil","Pje Irala Y Av Lopez y Planes",2,1,0,0,1,0,0,,"Avenida",,"SANTA FE","La Capital","Asfalto","S/D","I","S/D","Urbana","S/D","S/D","Intersección","S/D","S/D","S/D","S/D","S/D","S/D","Colisión","S/D","S/D","S/D","S/D"
2015,1672,06/03/2015,"Viernes",0,,,"0.0",2,"Peatón,Automóvil","Pastor Barrios Y Florencio Sanchez",2,1,0,0,1,0,0,,"Calle",,"LAGUNA PAIVA","La Capital","Asfalto","Natural","I","Dentro","Urbana","Policía de tránsito","No existe","Recta","Bueno","Buena","Diurna","Buen Tiempo","S/D","S/D","Atropello","Ninguna","Vertical","Línea divisoria pintada","Desvío Provisorio"
2015,1673,10/03/2015,"Martes",0,13:10:00,,"0.0",2,"Moto/Ciclomotor,Automóvil","Vera Y Santiago de Chile",2,1,0,0,1,0,0,,"Calle",,"SANTA FE","La Capital","Asfalto","S/D","I","S/D","Urbana","S/D","S/D","Intersección","S/D","S/D","Diurna","S/D","S/D","S/D","S/D","S/D","S/D","S/D","S/D"
2015,1674,11/03/2015,"Miercoles",0,17:30:00,,"0.0",2,"Moto/Ciclomotor,Automóvil","Av Gral Paz Y J M Zuviria",2,1,0,0,1,0,0,,"Calle",,"SANTA FE","La Capital","Asfalto","No existe","I","S/D","Urbana","Ninguna","No existe","Cruce","Bueno","Buena","Diurna","Buen Tiempo","Lateral","S/D","Colisión","S/D","S/D","Ninguna","Sin restricción"
2015,1675,08/03/2015,"Domingo",0,10:20:00,,"0.0",2,"Moto/Ciclomotor,Moto/Ciclomotor","Gorriti Y Bernardo de Irigoyen",3,2,0,0,1,0,0,,"Avenida",,"SANTA FE","La Capital","Hormigón","Pavimento","I","Dentro","Urbana","Ninguna","No existe","Intersección","Bueno","Buena","Diurna","Buen Tiempo","Lateral","S/D","Colisión","S/D","Vertical","Cordón divisorio","Sin restricción"
2015,1676,13/03/2015,"Viernes",0,17:00:00,,"0.0",2,"Automóvil,Moto/Ciclomotor","Juan B Alberdi Y 25 de Mayo",2,1,0,0,1,0,0,,"Calle",,"LAGUNA PAIVA","La Capital","Hormigón","No existe","I","Dentro","Urbana","Ninguna","No existe","Intersección","Bueno","Buena","Diurna","Buen Tiempo","Lateral","S/D","Colisión","Ninguna","Vertical","Ninguna","Sin restricción"
2015,1677,11/03/2015,"Miercoles",0,14:30:00,,"0.0",2,"Moto/Ciclomotor,Automóvil","Salvador del Carril Y Laprida",2,1,0,0,1,0,0,,"Calle",,"SANTA FE","La Capital","Asfalto","No existe","I","S/D","Urbana","Ninguna","No existe","Intersección","Bueno","Buena","Diurna","Buen Tiempo","Otro","S/D","Colisión","S/D","S/D","Ninguna","Sin restricción"
2015,1678,28/04/2015,"Martes",0,13:25:00,,"0.0",2,"Moto/Ciclomotor,Moto/Ciclomotor","Rodriguez Peña Y Pueyrredon",2,1,0,0,1,0,0,,"Calle",,"ESPERANZA","Las Colonias","Asfalto","No existe","XI","Dentro","Urbana","Ninguna","No existe","Intersección","Bueno","Buena","Diurna","Buen Tiempo","Lateral","S/D","Colisión","Ninguna","Vertical","Ninguna","Sin restricción"
2015,1679,03/03/2015,"Martes",0,04:00:00,,"0.0",2,"Automóvil,Otros","Av Almte Brown 4400",2,1,0,0,1,0,0,,"Calle",,"SANTA FE","La Capital","S/D","S/D","I","S/D","Urbana","S/D","S/D","Intersección","S/D","S/D","Nocturna","S/D","Lateral","S/D","Colisión","S/D","S/D","S/D","S/D"
2015,1680,28/03/2015,"Sabado",0,13:00:00,,"0.0",2,"Moto/Ciclomotor,Automóvil","Sarmiento Y Colon",2,1,0,0,1,0,0,,"Calle",,"LAGUNA PAIVA","La Capital","Hormigón","No existe","I","Dentro","Urbana","Ninguna","No existe","Intersección","Con baches","Buena","Diurna","Buen Tiempo","Lateral","S/D","Colisión","Ninguna","Faltante","Ninguna","Sin restricción"
2015,1681,02/03/2015,"Lunes",0,10:30:00,,"0.0",2,"Moto/Ciclomotor,Automóvil","Alvear Y Ituzaingo",2,1,0,0,1,0,0,,"Calle",,"SANTA FE","La Capital","S/D","S/D","I","S/D","Urbana","S/D","S/D","Intersección","S/D","S/D","Diurna","S/D","Lateral","S/D","Colisión","S/D","S/D","S/D","S/D"
2015,1682,14/04/2015,"Martes",0,11:30:00,,"0.0",2,"Automóvil,Automóvil","General Manuel Belgrano 2068",2,1,0,0,1,0,0,,"Calle",,"ESPERANZA","Las Colonias","Asfalto","No existe","XI","Dentro","Urbana","Ninguna","No existe","Recta","Resbaladiza","Buena","Diurna","Lluvia","S/D","S/D","Atropello","Agua","Horizontal,Vertical","Cordón divisorio","Sin restricción"
2015,1683,01/04/2015,"Miercoles",0,,,"0.0",2,"Automóvil,Moto/Ciclomotor","25 de Mayo Y Juan Jose Paso",2,1,0,0,1,0,0,,"Calle",,"ESPERANZA","Las Colonias","Asfalto","Pavimento","XI","Dentro","Urbana","Ninguna","No existe","Intersección","Bueno","Buena","Diurna","Buen Tiempo","S/D","S/D","Colisión","Ninguna","Horizontal","Cordón divisorio","Sin restricción"
2015,1684,29/03/2015,"Domingo",0,05:00:00,,"0.0",1,"Moto/Ciclomotor","SD ",1,1,0,0,0,0,0,,"S/D",,"LAGUNA PAIVA","La Capital","S/D","S/D","I","S/D","S/D","S/D","S/D","S/D","S/D","S/D","Nocturna","S/D","S/D","S/D","Caída ocupante","S/D","S/D","S/D","S/D"
2015,1685,18/03/2015,"Miercoles",0,19:40:00,,"0.0",2,"Automóvil,Moto/Ciclomotor","Av Candioti 2400",3,2,0,0,1,0,0,,"Calle",,"LAGUNA PAIVA","La Capital","Ripio","No existe","I","Dentro","Urbana","Ninguna","No existe","Recta","Bueno","Buena","Atardecer,Con luz artificial","Buen Tiempo","De alcance","S/D","Colisión","Ninguna","Faltante","Ninguna","Sin restricción"
2015,1686,25/04/2015,"Sabado",0,,,"0.0",2,"Moto/Ciclomotor,Automóvil","Estanislao Zeballos Y General Manuel Belgrano",2,1,0,0,1,0,0,,"Calle",,"ESPERANZA","Las Colonias","Asfalto","No existe","XI","Dentro","Urbana","Ninguna","No existe","Intersección","Bueno","Buena","Diurna","Buen Tiempo","S/D","S/D","Colisión","Ninguna","Horizontal","Cordón divisorio","Sin restricción"
2015,1687,08/03/2015,"Domingo",0,20:10:00,,"0.0",2,"Moto/Ciclomotor,Automóvil","Av Freyre Y R Godoy",2,0,0,0,0,0,2,,"Avenida",,"SANTA FE","La Capital","S/D","S/D","I","S/D","Urbana","S/D","S/D","Intersección","S/D","S/D","Nocturna","S/D","S/D","S/D","Colisión","S/D","S/D","S/D","S/D"
2015,1688,19/03/2015,"Jueves",0,18:15:00,,"0.0",3,"Automóvil,Peatón,Peatón","Av A del Valle Y Llerena",3,2,0,0,1,0,0,"-31.613777777778,-60.696166666667","Avenida",,"SANTA FE","La Capital","Hormigón","No existe","I","Dentro","Urbana","Semáforo","Funciona","Recta","Bueno","Buena","Diurna","Buen Tiempo","Otro","S/D","Colisión,Atropello","Ninguna","Vertical","Ninguna","Sin restricción"
2015,1689,10/03/2015,"Martes",0,16:00:00,,"0.0",2,"Moto/Ciclomotor,Automóvil","San Lorenzo Y Lavaisse",3,1,0,0,0,0,2,,"Calle",,"SANTA FE","La Capital","S/D","S/D","I","S/D","Urbana","S/D","S/D","Intersección","S/D","S/D","Diurna","S/D","S/D","S/D","Colisión","S/D","S/D","S/D","S/D"
2015,1690,10/03/2015,"Martes",0,12:00:00,,"0.0",2,"Moto/Ciclomotor,Pickup/Utilitario","Bv Pellegrini Y Av Freyre",3,1,0,0,0,0,2,,"Avenida",,"SANTA FE","La Capital","S/D","S/D","I","S/D","Urbana","S/D","S/D","Intersección","S/D","S/D","Diurna","S/D","S/D","S/D","Colisión","S/D","S/D","S/D","S/D"
2015,1691,11/03/2015,"Miercoles",0,16:00:00,,"0.0",2,"Moto/Ciclomotor,Pickup/Utilitario","J Castelli Y San Jose",2,0,0,0,0,0,2,,"Calle",,"SANTA FE","La Capital","S/D","S/D","I","S/D","Urbana","S/D","S/D","Intersección","S/D","S/D","Diurna","S/D","S/D","S/D","Colisión","S/D","S/D","S/D","S/D"
2015,1692,12/03/2015,"Jueves",0,20:00:00,,"0.0",2,"Moto/Ciclomotor,Pickup/Utilitario","Av Freyre Y Ricardo Aldao",2,1,0,0,0,0,1,,"Avenida",,"SANTA FE","La Capital","S/D","S/D","I","S/D","Urbana","S/D","S/D","Intersección","S/D","S/D","Nocturna","S/D","S/D","S/D","Colisión","S/D","S/D","S/D","S/D"
2015,1693,19/03/2015,"Jueves",0,18:00:00,,"0.0",2,"Moto/Ciclomotor,Moto/Ciclomotor","Florencio Varela Y Estanislao Zeballos",3,3,0,0,0,0,0,,"Avenida",,"SANTA FE","La Capital","S/D","S/D","I","Dentro","Urbana","S/D","S/D","S/D","S/D","S/D","S/D","S/D","S/D","S/D","S/D","S/D","S/D","S/D","S/D"
2015,1694,19/03/2015,"Jueves",0,08:15:00,,"0.0",2,"Moto/Ciclomotor,Moto/Ciclomotor","Av Facundo Zuviria Y Risso",3,1,0,0,2,0,0,,"Avenida",,"SANTA FE","La Capital","Hormigón","No existe","I","Dentro","Urbana","Otra Señal","No existe","Intersección","Otro","Buena","Diurna","Buen Tiempo","Lateral","S/D","Caída ocupante,Colisión","Ninguna","Faltante","Cordón divisorio","Sin restricción"
2015,1695,23/03/2015,"Lunes",0,21:30:00,,"0.0",2,"Moto/Ciclomotor,Pickup/Utilitario","San Jose Y Boneo",2,0,0,0,0,0,2,,"Calle",,"SANTA FE","La Capital","S/D","S/D","I","S/D","S/D","S/D","S/D","S/D","S/D","S/D","S/D","S/D","S/D","S/D","S/D","S/D","S/D","S/D","S/D"
2015,1696,23/03/2015,"Lunes",0,15:00:00,,"0.0",2,"Bicicleta,Moto/Ciclomotor","Av Facundo Zuviria Y Angel Cassanello",2,0,0,0,0,0,2,"-31.607305555556,-60.703888888889","S/D",,"SANTA FE","La Capital","S/D","S/D","I","S/D","S/D","S/D","S/D","S/D","S/D","S/D","S/D","S/D","S/D","S/D","Atropello","S/D","S/D","S/D","S/D"
2015,1697,19/03/2015,"Jueves",0,13:00:00,,"0.0",2,"Automóvil,Moto/Ciclomotor","M De Polonia Y Av Facundo Zuviria",2,1,0,0,0,0,1,,"Avenida",,"SANTA FE","La Capital","S/D","S/D","I","S/D","S/D","S/D","S/D","S/D","S/D","S/D","S/D","S/D","S/D","S/D","S/D","S/D","S/D","S/D","S/D"
2015,1698,18/03/2015,"Miercoles",0,13:00:00,,"0.0",2,"Moto/Ciclomotor,Pickup/Utilitario","Pedro Alejandro Vittori 4700",3,2,0,0,1,0,0,,"Calle",,"SANTA FE","La Capital","Hormigón","No existe","I","Dentro","Urbana","Ninguna","No existe","Recta","Bueno","Buena","Diurna","Buen Tiempo","De alcance","S/D","Caída ocupante,Colisión","Ninguna","Faltante","Ninguna","Sin restricción"
2015,1699,09/03/2015,"Lunes",0,14:00:00,,"0.0",2,"Moto/Ciclomotor,Automóvil","Espora Y 4 de Enero",3,2,0,0,1,0,0,,"Calle",,"SANTA FE","La Capital","Asfalto","No existe","I","Dentro","Urbana","Ninguna","No existe","Recta","Con baches","Buena","Diurna","Buen Tiempo","Otro","S/D","Caída ocupante,Colisión","Ninguna","Faltante","Ninguna","Sin restricción"
2015,1700,09/03/2015,"Lunes",0,08:00:00,,"0.0",2,"Moto/Ciclomotor,Taxi/Remis","9 de Julio Y Pedro Diaz Colodrero",3,2,0,0,1,0,0,,"Calle",,"SANTA FE","La Capital","Hormigón","No existe","I","Dentro","Urbana","Ninguna","No existe","Intersección","Bueno,Con baches","Buena","Diurna","Buen Tiempo","Lateral","S/D","Colisión","Ninguna","Faltante","Ninguna","Sin restricción"
2015,1701,09/03/2015,"Lunes",0,14:20:00,,"0.0",2,"Automóvil,Pickup/Utilitario","Salvador del Carril Y Av Gral Paz",3,1,0,0,2,0,0,,"Avenida",,"SANTA FE","La Capital","Hormigón","No existe","I","S/D","Urbana","Ninguna","Funciona","Intersección","Bueno","Buena","Diurna","Buen Tiempo","Otro","S/D","Colisión","S/D","Horizontal,Vertical","Ninguna","Sin restricción"
2015,1702,09/03/2015,"Lunes",0,15:30:00,,"0.0",2,"Moto/Ciclomotor,Automóvil","Av Freyre Y Santiago del Estero",2,1,0,0,1,0,0,,"Avenida",,"SANTA FE","La Capital","Asfalto","S/D","I","S/D","Urbana","S/D","S/D","Intersección","S/D","S/D","Diurna","S/D","S/D","S/D","Colisión","S/D","S/D","S/D","S/D"
2015,1703,09/03/2015,"Lunes",0,14:00:00,,"0.0",2,"Moto/Ciclomotor,Pickup/Utilitario","Av Freyre Y Santiago del Estero",2,1,0,0,1,0,0,,"Avenida",,"SANTA FE","La Capital","Asfalto","S/D","I","S/D","Urbana","S/D","S/D","Intersección","S/D","S/D","Diurna","S/D","S/D","S/D","Colisión","S/D","S/D","S/D","S/D"
2015,1704,09/03/2015,"Lunes",0,13:00:00,,"0.0",2,"Bicicleta,Automóvil","Sarmiento 5200",2,1,0,0,1,0,0,"-31.622111111111,-60.688777777778","Calle",,"SANTA FE","La Capital","Asfalto","No existe","I","Dentro","Urbana","Ninguna","No existe","Recta","Bueno","S/D","Diurna","Buen Tiempo","S/D","S/D","Atropello","S/D","S/D","Ninguna","Sin restricción"
2015,1705,27/03/2015,"Viernes",0,16:45:00,,"0.0",2,"Pickup/Utilitario,Moto/Ciclomotor","San Martin 1758",2,1,0,0,1,0,0,,"Calle",,"MALABRIGO","General Obligado","Asfalto","Pavimento","IX","Dentro","Urbana","Ninguna","No existe","Recta","Bueno","Buena","Diurna","Buen Tiempo","Lateral","S/D","Colisión","Ninguna","Horizontal","Ninguna","Sin restricción"
2015,1706,09/03/2015,"Lunes",0,07:45:00,,"0.0",2,"Automóvil,Moto/Ciclomotor","San Lorenzo Y Irigoyen Freyre",2,1,0,0,1,0,0,,"Calle",,"SANTA FE","La Capital","Asfalto","S/D","I","S/D","Urbana","S/D","S/D","Intersección","S/D","S/D","Diurna","S/D","S/D","S/D","Colisión","S/D","S/D","S/D","S/D"
2015,1707,02/03/2015,"Lunes",0,17:30:00,,"0.0",2,"Moto/Ciclomotor,Automóvil","Calle 22- 25 de Mayo Y Calle 15-Patricio Diez",2,0,1,0,1,0,0,,"Calle",,"RECONQUISTA","General Obligado","Asfalto","Pavimento","IX","Dentro","Urbana","Ninguna","No existe","Intersección","Bueno","Buena","Diurna","Buen Tiempo","Lateral","S/D","Colisión","Ninguna","Vertical","Cordón divisorio","Sin restricción"
2015,1708,07/03/2015,"Sabado",0,00:20:00,,"0.0",2,"Bicicleta,Automóvil","Quintana Y Alvear",2,1,0,0,1,0,0,"-31.624194444444,-60.69275","Calle",,"SANTA FE","La Capital","Hormigón","No existe","I","S/D","Urbana","Ninguna","No existe","Intersección","Bueno","Buena","Nocturna","Buen Tiempo","S/D","S/D","Atropello","S/D","S/D","Ninguna","Sin restricción"
2015,1709,09/03/2015,"Lunes",0,04:40:00,,"0.0",2,"Pickup/Utilitario,Moto/Ciclomotor","Salta Y Santiago de Chile",3,2,0,0,1,0,0,,"Calle",,"SANTA FE","La Capital","Asfalto","S/D","I","S/D","Urbana","S/D","S/D","Intersección","S/D","S/D","Nocturna","S/D","S/D","S/D","Colisión","S/D","S/D","S/D","S/D"
2015,1710,07/03/2015,"Sabado",0,22:00:00,,"0.0",2,"Vehículo Oficial,Moto/Ciclomotor","Santiago de Chile Y Salta",4,2,0,0,2,0,0,,"Calle",,"SANTA FE","La Capital","Asfalto","S/D","I","S/D","Urbana","S/D","S/D","Intersección","S/D","S/D","Nocturna","S/D","S/D","S/D","Colisión","S/D","S/D","S/D","S/D"
2015,1711,02/03/2015,"Lunes",0,20:00:00,,"0.0",2,"Moto/Ciclomotor,Pickup/Utilitario","Llerena Y Alvear",2,1,0,0,1,0,0,,"Calle",,"SANTA FE","La Capital","Asfalto","No existe","I","S/D","Urbana","Ninguna","No existe","Intersección","Bueno","Buena","Nocturna","Buen Tiempo","Lateral","S/D","Colisión","S/D","S/D","Ninguna","Sin restricción"
2015,1712,06/03/2015,"Viernes",0,10:25:00,,"0.0",2,"Moto/Ciclomotor,Automóvil","Av Freyre Y Santiago del Estero",2,1,0,0,1,0,0,,"Avenida",,"SANTA FE","La Capital","Asfalto","S/D","I","S/D","Urbana","S/D","S/D","Intersección","S/D","S/D","Diurna","S/D","S/D","S/D","Colisión","S/D","S/D","S/D","S/D"
2015,1713,10/03/2015,"Martes",0,19:30:00,,"0.0",2,"Moto/Ciclomotor,Automóvil","Mitre Y Ricardo Aldao",2,1,0,0,1,0,0,,"Calle",,"SANTA FE","La Capital","Hormigón","No existe","I","S/D","Urbana","S/D","S/D","Intersección","Bueno","S/D","Atardecer","Buen Tiempo","S/D","S/D","Colisión","S/D","S/D","S/D","S/D"
2015,1714,05/03/2015,"Jueves",0,20:15:00,"Ruta Nacional 11","928.7",2,"Moto/Ciclomotor,Bicicleta","Juan de Garay 928.7",2,1,1,0,0,0,0,,"Ruta",11,"FLORENCIA","General Obligado","Asfalto","Natural","IX","S/D","Urbana","Marca Vial","No existe","Recta","Bueno","Reducida","Nocturna","Buen Tiempo","S/D","S/D","Atropello","Ninguna","Faltante","Ninguna","Sin restricción"