"anio_acci","nro_acci","fecha","desc_dia","fecha_aprox","hora_aprox","desc_ruta","km","cant_participantes","desc_participante","calle_avenida_km","total","heridos_leves","heridos_graves","heridos_gravisimos","ilesos","fallecidos","sin_datos","posicion_XY","desc_tipo_via","desc_ruta_ori","desc_loc","desc_dpto","desc_tipo_calzada","desc_tipo_banquina","desc_unidad_regional","desc_lugar_calzada","desc_zona","desc_prioridad","desc_estado_semaforo","desc_lugar_via","desc_estado_via","desc_estado_visibilidad","desc_luminosidad","desc_estado_clima","desc_tipo_colision","desc_tipo_atropello","desc_tipo_hecho","desc_pres_calzada","desc_senializacion","desc_separacion_via","desc_restriccion"
2015,1715,02/03/2015,"Lunes",0,16:30:00,,"0.0",2,"Moto/Ciclomotor,Automóvil","San Lorenzo Y Primera Junta",2,1,0,0,1,0,0,,"Calle",,"SANTA FE","La Capital","Asfalto","S/D","I","S/D","Urbana","S/D","S/D","Intersección","S/D","S/D","Diurna","S/D","S/D","S/D","Colisión","S/D","S/D","S/D","S/D"
2015,1716,22/03/2015,"Domingo",0,14:45:00,,"0.0",2,"Pickup/Utilitario,Moto/Ciclomotor"," ",3,1,1,0,1,0,0,,"Calle",,"RECONQUISTA","General Obligado","Asfalto","Pavimento","IX","Dentro","Urbana","Ninguna","No existe","Intersección","Bueno","Reducida","Diurna","Buen Tiempo","Lateral","S/D","Colisión","Otro","Vertical","Cordón divisorio","Sin restricción"
2015,1717,02/03/2015,"Lunes",0,19:30:00,,"0.0",2,"Moto/Ciclomotor,Automóvil","Laprida Y Pje Calcena",2,1,0,0,1,0,0,,"Calle",,"SANTA FE","La Capital","Asfalto","No existe","I","S/D","Urbana","Ninguna","No existe","Recta","Bueno","Buena","Atardecer","Buen Tiempo","Otro","S/D","Colisión","S/D","Faltante","Ninguna","Sin restricción"
2015,1718,03/03/2015,"Martes",0,20:15:00,,"0.0",2,"Moto/Ciclomotor,Automóvil"," ",2,1,0,0,1,0,0,,"Calle",,"RECONQUISTA","General Obligado","Asfalto","Pavimento","IX","Dentro","Urbana","Ninguna","No existe","Recta","Bueno","Buena","Diurna","Buen Tiempo","Lateral","S/D","Colisión","Otro","Vertical","Cordón divisorio","Sin restricción"
2015,1720,04/03/2015,"Miercoles",0,13:00:00,,"0.0",2,"Bicicleta,Automóvil","Tucuman Y San Juan",2,1,0,0,1,0,0,"-31.643305555556,-60.720805555556","Calle",,"SANTA FE","La Capital","Asfalto","S/D","I","S/D","Urbana","S/D","S/D","Intersección","S/D","S/D","Diurna","S/D","S/D","S/D","Atropello","S/D","S/D","S/D","S/D"
2015,1721,06/03/2015,"Viernes",0,07:45:00,,"0.0",2,"Moto/Ciclomotor,Automóvil","Av Mosconi Y Juan de Garay",2,1,0,0,1,0,0,,"Avenida",,"SANTA FE","La Capital","Asfalto","S/D","I","S/D","Urbana","S/D","S/D","Intersección","S/D","S/D","Diurna","S/D","S/D","S/D","Colisión","S/D","S/D","S/D","S/D"
2015,1722,16/03/2015,"Lunes",0,10:20:00,,"0.0",2,"Automóvil,Moto/Ciclomotor"," Saavedra Miguel de Cervantes Y Lisandro de La Torre",3,2,0,0,1,0,0,,"Calle",,"SANTO TOMÉ","La Capital","Asfalto","No existe","I","S/D","Urbana","Ninguna","No existe","Intersección","Bueno","Buena","Diurna","Buen Tiempo","Frontal","S/D","Colisión","S/D","Faltante","Barrera de hormigón","Sin restricción"
2015,1723,09/03/2015,"Lunes",0,17:40:00,,"0.0",2,"Bicicleta,Automóvil","Calle 17-Bartolome Mitre Y Calle 30-Lucas Funes",2,0,1,0,1,0,0,,"Calle",,"RECONQUISTA","General Obligado","Asfalto","Pavimento","IX","S/D","Urbana","Ninguna","No existe","Intersección","Bueno","Buena","Diurna","Buen Tiempo","S/D","S/D","Atropello","Ninguna","Vertical","Cordón divisorio","Sin restricción"
2015,1724,20/04/2015,"Lunes",0,11:25:00,,"0.0",2,"Automóvil,Automóvil","Almirante Brown Y Pueyrredon",3,2,0,0,1,0,0,,"Calle",,"ESPERANZA","Las Colonias","Asfalto","No existe","XI","Dentro","Urbana","Ninguna","No existe","Intersección","Bueno","Buena","Diurna","Buen Tiempo","Lateral","S/D","Colisión","Ninguna","Vertical","Ninguna","Sin restricción"
2015,1725,25/03/2015,"Miercoles",0,08:00:00,,"0.0",2,"Automóvil,Moto/Ciclomotor","Calle 10-Ludue±a Y Calle 25-Rivadavia",2,1,0,0,1,0,0,,"Calle",,"RECONQUISTA","General Obligado","Asfalto","S/D","IX","Dentro","Urbana","Ninguna","No existe","Intersección","Bueno","Buena","Diurna","Buen Tiempo","Lateral","S/D","Colisión","Ninguna","Vertical","Cordón divisorio","Sin restricción"
2015,1726,05/03/2015,"Jueves",0,15:30:00,,"0.0",2,"Moto/Ciclomotor,Automóvil","Monseñor Zaspe Y San Lorenzo",2,1,0,0,1,0,0,,"Calle",,"SANTA FE","La Capital","Asfalto","S/D","I","S/D","Urbana","S/D","S/D","Intersección","S/D","S/D","Diurna","S/D","S/D","S/D","Colisión","S/D","S/D","S/D","S/D"
2015,1727,05/03/2015,"Jueves",0,12:20:00,,"0.0",2,"Transporte de Pasajeros Larga Distancia (> 8 asientos),Automóvil","Av Freyre Y Santiago del Estero",5,3,0,0,2,0,0,,"Avenida",,"SANTA FE","La Capital","Asfalto","S/D","I","S/D","Urbana","S/D","S/D","Intersección","S/D","S/D","Diurna","S/D","S/D","S/D","Colisión","S/D","S/D","S/D","S/D"
2015,1728,03/03/2015,"Martes",0,09:30:00,,"0.0",2,"Bicicleta,Moto/Ciclomotor"," ",2,2,0,0,0,0,0,,"Calle",,"RECONQUISTA","General Obligado","Asfalto","Natural","IX","Dentro","Urbana","Ninguna","No existe","Recta","Con baches","Buena","Diurna","Buen Tiempo","S/D","S/D","Atropello","Otro","Vertical","Vegetación","Sin restricción"
2015,1729,04/03/2015,"Miercoles",0,15:00:00,,"0.0",2,"Moto/Ciclomotor,Transporte de Pasajeros Urbano (> 8 asientos)"," ",2,1,0,0,1,0,0,,"S/D",,"SANTA FE","La Capital","Asfalto","S/D","I","S/D","Urbana","S/D","S/D","Puente","S/D","S/D","Diurna","S/D","S/D","S/D","Colisión","S/D","S/D","S/D","S/D"
2015,1730,16/03/2015,"Lunes",0,,,"0.0",2,"Moto/Ciclomotor,Automóvil","Calle 15-Pcio. Diez Y Calle 20 9 de Julio",2,1,0,0,1,0,0,,"Calle",,"RECONQUISTA","General Obligado","Asfalto","S/D","IX","S/D","Urbana","Ninguna","No existe","Intersección","Bueno","Buena","Atardecer","Buen Tiempo","Frontal","S/D","Colisión","Ninguna","S/D","Cordón divisorio","Sin restricción"
2015,1731,21/03/2015,"Sabado",0,13:40:00,,"0.0",2,"Automóvil,Pickup/Utilitario","Av Blas Parera Y De La Salle",2,1,0,0,0,0,1,,"Avenida",,"SANTA FE","La Capital","Asfalto","Natural","I","S/D","Urbana","Marca Vial","Intermitente","Recta","Bueno","Buena","Diurna","Buen Tiempo","Lateral","S/D","Colisión","S/D","S/D","S/D","Sin restricción"
2015,1732,29/03/2015,"Domingo",0,17:30:00,,"0.0",2,"Moto/Ciclomotor,Pickup/Utilitario"," ",2,1,0,0,1,0,0,,"Calle",,"RECONQUISTA","General Obligado","Asfalto","No existe","IX","Dentro","Urbana","Ninguna","No existe","Intersección","Bueno","Buena","Diurna","S/D","Frontal","S/D","Colisión","Ninguna","Vertical","Cordón divisorio","Sin restricción"
2015,1733,01/03/2015,"Domingo",0,01:00:00,,"0.0",2,"Moto/Ciclomotor,Automóvil","J J Paso Y Zavalia",3,1,0,0,2,0,0,,"Avenida",,"SANTA FE","La Capital","Asfalto","S/D","I","S/D","Urbana","S/D","S/D","Intersección","S/D","Buena","Nocturna,Con luz artificial","S/D","S/D","S/D","Colisión","S/D","S/D","S/D","S/D"
2015,1734,18/03/2015,"Miercoles",0,17:10:00,,"0.0",2,"Moto/Ciclomotor,Automóvil"," ",2,1,0,0,1,0,0,,"Calle",,"RECONQUISTA","General Obligado","Asfalto","Pavimento","IX","Dentro","Urbana","Ninguna","No existe","Intersección","Bueno","Reducida polvo","Diurna","Buen Tiempo","Lateral","S/D","Colisión","Otro","Vertical","Cordón divisorio","Sin restricción"
2015,1735,09/03/2015,"Lunes",0,22:00:00,,"0.0",2,"Moto/Ciclomotor,Pickup/Utilitario","Bolivar Y Vera Mujica",2,0,1,0,1,0,0,,"Calle",,"SANTA FE","La Capital","Asfalto","No existe","I","S/D","Urbana","Ninguna","No existe","Intersección","Bueno","Buena","Nocturna","Buen Tiempo","Lateral","S/D","Colisión","Ninguna","Faltante","Ninguna","Sin restricción"
2015,1736,28/03/2015,"Sabado",0,10:30:00,,"0.0",2,"Automóvil,Peatón"," ",2,1,0,0,1,0,0,,"Avenida",,"RECONQUISTA","General Obligado","Hormigón","S/D","IX","Dentro","Urbana","Ninguna","S/D","Recta","Bueno","Buena","Diurna","Buen Tiempo","S/D","S/D","Atropello","Ninguna","Horizontal","Ninguna","Sin restricción"
2015,1737,03/03/2015,"Martes",0,,"Ruta Nacional 11","0.0",2,"Moto/Ciclomotor,Moto/Ciclomotor","Juan de Garay ",3,2,1,0,0,0,0,,"Ruta",11,"FLORENCIA","General Obligado","Asfalto","Ripio","IX","S/D","Urbana","Ninguna","No existe","Recta","Bueno","Buena","Diurna","Buen Tiempo","Lateral","S/D","Colisión","Ninguna","S/D","Guardarrail","Sin restricción"
2015,1738,28/03/2015,"Sabado",0,21:15:00,,"0.0",2,"Moto/Ciclomotor,Otros","Av Blas Parera Y Pedro Espinosa",2,1,0,0,0,0,1,,"Avenida",,"SANTA FE","La Capital","Hormigón","Natural","I","Dentro","Urbana","Ninguna","No existe","Intersección","Bueno","Buena","Nocturna","Buen Tiempo","Lateral","S/D","Colisión","Otro","Faltante","Ninguna","Sin restricción"
2015,1739,28/03/2015,"Sabado",0,20:20:00,,"0.0",2,"Moto/Ciclomotor,Peatón","Monseñor Zaspe Y San Jose",3,2,0,0,0,0,1,"-31.653333333333,-60.72525","Calle",,"SANTA FE","La Capital","Asfalto","S/D","I","S/D","Urbana","S/D","S/D","Intersección","S/D","S/D","Nocturna","S/D","S/D","S/D","Colisión","S/D","S/D","S/D","S/D"
2015,1740,31/03/2015,"Martes",0,11:50:00,,"0.0",2,"Automóvil,Automóvil","Calchines Y Alberdi",4,2,0,0,2,0,0,,"Calle",,"SANTA FE","La Capital","Asfalto","S/D","I","S/D","Urbana","S/D","S/D","Intersección","S/D","S/D","Diurna","S/D","Lateral","S/D","Colisión","S/D","S/D","S/D","S/D"
2015,1741,27/03/2015,"Viernes",0,,,"0.0",2,"Moto/Ciclomotor,Automóvil","Calle 12 San Martin ",2,1,0,0,1,0,0,,"S/D",,"RECONQUISTA","General Obligado","Asfalto","S/D","IX","S/D","Urbana","S/D","S/D","Recta","Bueno","S/D","S/D","Buen Tiempo","S/D","S/D","S/D","S/D","S/D","S/D","S/D"
2015,1742,31/03/2015,"Martes",0,10:10:00,,"0.0",2,"Moto/Ciclomotor,Camión","Callejon Mendez Y Av Blas Parera",2,1,0,0,1,0,0,,"Avenida",,"SANTA FE","La Capital","Asfalto","Natural","I","S/D","Urbana","Semáforo","Funciona","Intersección","Bueno","Buena","Diurna","Buen Tiempo","De alcance","S/D","Colisión","Ninguna","Faltante","Cordón divisorio","Sin restricción"
2015,1743,27/03/2015,"Viernes",0,19:30:00,,"0.0",2,"Automóvil,Moto/Ciclomotor","Av Freyre 1766",2,1,0,0,1,0,0,,"Avenida",,"SANTA FE","La Capital","Asfalto","S/D","I","S/D","Urbana","S/D","S/D","Recta","S/D","S/D","Atardecer","S/D","S/D","S/D","S/D","S/D","S/D","S/D","S/D"
2015,1744,11/03/2015,"Miercoles",0,20:00:00,,"0.0",2,"Bicicleta,Moto/Ciclomotor","Pres Domingo Faustino Sarmient 2800",2,1,0,0,1,0,0,"-31.6605,-60.769333333333","Calle",,"SANTO TOMÉ","La Capital","Asfalto","No existe","I","S/D","Urbana","Ninguna","No existe","Recta","Bueno","Buena","Nocturna,Con luz artificial","Buen Tiempo","S/D","S/D","Atropello","S/D","S/D","Ninguna","Sin restricción"
2015,1745,18/04/2015,"Sabado",0,00:05:00,"Ruta Provincial 6","0.0",2,"Automóvil,Moto/Ciclomotor"," ",4,0,1,0,3,0,0,,"Ruta",6,"ESPERANZA","Las Colonias","Asfalto","Natural","XI","Dentro","Urbana","Ninguna","No existe","Recta","Bueno","Buena","Nocturna,Con luz artificial","Buen Tiempo","Frontal","S/D","Colisión","Ninguna","Horizontal","Línea divisoria pintada","Sin restricción"
2015,1746,19/03/2015,"Jueves",0,20:15:00,,"0.0",2,"Moto/Ciclomotor,Automóvil","9 de Julio Y Santa Fe",3,1,0,1,1,0,0,,"Calle",,"FLORENCIA","General Obligado","Asfalto","Pavimento","IX","Dentro","Urbana","Ninguna","No existe","Recta","Bueno","Buena","Nocturna,Con luz artificial","Buen Tiempo","Frontal","S/D","Colisión","Ninguna","Faltante","Cordón divisorio","Sin restricción"
2015,1747,27/03/2015,"Viernes",0,14:30:00,,"0.0",2,"Moto/Ciclomotor,Moto/Ciclomotor","3 de Febrero Y Francia",2,2,0,0,0,0,0,,"Calle",,"SANTA FE","La Capital","Asfalto","S/D","I","S/D","Urbana","S/D","S/D","Intersección","S/D","S/D","Diurna","S/D","S/D","S/D","S/D","S/D","S/D","S/D","S/D"
2015,1748,31/03/2015,"Martes",0,11:00:00,,"0.0",2,"Automóvil,Moto/Ciclomotor","Aritobulo del Valle Y Mariano Moreno",2,1,0,0,1,0,0,,"Calle",,"SANTO TOMÉ","La Capital","Asfalto","No existe","I","S/D","Urbana","Ninguna","No existe","Intersección","Bueno","Buena","Diurna","Buen Tiempo","Frontal","S/D","Colisión","S/D","Faltante","S/D","Sin restricción"
2015,1749,13/03/2015,"Viernes",0,09:05:00,,"0.0",2,"Automóvil,Moto/Ciclomotor"," ",3,2,0,0,1,0,0,,"Calle",,"RECONQUISTA","General Obligado","Asfalto","No existe","IX","Dentro","Urbana","Ninguna","No existe","Intersección","Otro","Buena","Diurna","Buen Tiempo","Frontal","S/D","Colisión","Ninguna","Vertical","Cordón divisorio","Sin restricción"
2015,1750,22/03/2015,"Domingo",0,18:00:00,,"0.0",2,"Bicicleta,Pickup/Utilitario","Bv Galvez Y Alvear",2,1,0,0,1,0,0,"-31.637111111111,-60.696583333333","Avenida",,"SANTA FE","La Capital","Asfalto","S/D","I","S/D","Urbana","S/D","Funciona","Intersección","Bueno","S/D","Diurna","S/D","S/D","S/D","Atropello","S/D","Horizontal,Vertical","S/D","S/D"
2015,1751,02/03/2015,"Lunes",0,13:00:00,,"0.0",2,"Bicicleta,Moto/Ciclomotor"," ",3,3,0,0,0,0,0,,"Calle",,"RECONQUISTA","General Obligado","Asfalto","No existe","IX","Dentro","Urbana","Ninguna","No existe","Recta","Bueno","Buena","Diurna","Buen Tiempo","Lateral","S/D","Colisión","Ninguna","Vertical","Cordón divisorio","Sin restricción"
2015,1752,20/03/2015,"Viernes",0,20:00:00,,"0.0",2,"Bicicleta,Pickup/Utilitario"," ",2,1,0,0,1,0,0,,"S/D",,"SANTA FE","La Capital","Asfalto","S/D","I","S/D","Urbana","S/D","S/D","Puente","S/D","S/D","Nocturna","S/D","S/D","S/D","Atropello","S/D","S/D","S/D","S/D"
2015,1753,29/03/2015,"Domingo",0,20:00:00,,"0.0",2,"Peatón,Automóvil","Calle 22- 25 de Mayo Y Calle 27-Gdor Freyre",2,1,0,0,1,0,0,,"Calle",,"RECONQUISTA","General Obligado","Asfalto","No existe","IX","Dentro","Urbana","Ninguna","No existe","Recta","Bueno","Reducida","Atardecer","Lluvia","S/D","S/D","Atropello","Agua","S/D","Cordón divisorio","Sin restricción"
2015,1754,03/04/2015,"Viernes",0,00:10:00,,"0.0",2,"Automóvil,Moto/Ciclomotor","J M Estrada Y Lopez y Planes",2,1,0,0,1,0,0,,"Calle",,"ESPERANZA","Las Colonias","Ripio","No existe","XI","Dentro","Urbana","Ninguna","No existe","Intersección","Bueno","Buena","Nocturna,Con luz artificial","Buen Tiempo","De alcance","S/D","Colisión","Ninguna","Faltante","Ninguna","Sin restricción"
2015,1755,02/03/2015,"Lunes",0,21:45:00,,"0.0",2,"Automóvil,Moto/Ciclomotor","Libertad Y Sebastian Gaboto",2,1,0,0,1,0,0,,"Calle",,"SANTO TOMÉ","La Capital","Asfalto","Pavimento","I","S/D","Urbana","Ninguna","No existe","Intersección","Bueno","Buena","Nocturna","Buen Tiempo","S/D","S/D","Otro","Otro","Faltante","Ninguna","Sin restricción"
2015,1756,17/03/2015,"Martes",0,13:45:00,,"0.0",2,"Moto/Ciclomotor,Pickup/Utilitario","Maipu Y Belgrano",2,1,0,0,1,0,0,,"Calle",,"SANTA FE","La Capital","S/D","S/D","I","S/D","Urbana","S/D","S/D","Intersección","S/D","S/D","Diurna","S/D","Lateral","S/D","Colisión","S/D","S/D","S/D","S/D"
2015,1757,09/03/2015,"Lunes",0,02:00:00,,"0.0",2,"Automóvil,Moto/Ciclomotor","Buenos Aires Y Pasaje Jose Hernandez",2,1,0,0,1,0,0,,"Calle",,"SANTO TOMÉ","La Capital","Asfalto","S/D","I","S/D","Urbana","Ninguna","S/D","Intersección","Bueno","Buena","Nocturna","Buen Tiempo","Lateral","S/D","Colisión","Ninguna","Faltante","Ninguna","Sin restricción"
2015,1758,19/03/2015,"Jueves",0,18:35:00,,"0.0",2,"Moto/Ciclomotor,Moto/Ciclomotor","Moreno Y 25 de mayo",3,3,0,0,0,0,0,,"Calle",,"MALABRIGO","General Obligado","Asfalto","No existe","IX","Dentro","Urbana","Ninguna","No existe","Intersección","Bueno","Buena","Diurna","Buen Tiempo","Lateral","S/D","Colisión","Ninguna","S/D","Ninguna","S/D"
2015,1759,02/04/2015,"Jueves",0,02:20:00,,"0.0",2,"Moto/Ciclomotor,Automóvil","Rivadavia 900",2,0,1,0,0,0,1,,"Calle",,"ESPERANZA","Las Colonias","Asfalto","No existe","XI","Dentro","Urbana","Ninguna","No existe","Recta","Bueno","Buena","Nocturna","Buen Tiempo","Contra objeto fijo","S/D","Colisión","Ninguna","Vertical","Ninguna","Sin restricción"
2015,1760,11/03/2015,"Miercoles",0,11:00:00,,"0.0",2,"Pickup/Utilitario,Peatón","Necochea Y Centenario",2,1,0,0,0,0,1,"-31.659861111111,-60.760611111111","Calle",,"SANTO TOMÉ","La Capital","Asfalto","No existe","I","S/D","Urbana","Ninguna","No existe","Intersección","Bueno","Buena","Diurna","Buen Tiempo","S/D","S/D","Atropello","Ninguna","Vertical","Ninguna","Sin restricción"
2015,1761,20/03/2015,"Viernes",0,15:00:00,"Ruta Nacional 11","0.0",2,"Moto/Ciclomotor,Automóvil","Ruta 11 Avenida Richieri Y 4 de enero",3,2,0,0,1,0,0,,"Ruta",11,"SANTO TOMÉ","La Capital","Asfalto","Natural","I","Dentro","Rural","S/D","No existe","Recta","Bueno","Buena","Diurna","Buen Tiempo","Lateral","S/D","Colisión","S/D","S/D","Ninguna","S/D"
2015,1762,12/03/2015,"Jueves",0,21:20:00,,"0.0",2,"Bicicleta,Automóvil","Calle 13-Iturraspe Y Calle 15-Pcio. Diez",2,1,0,0,1,0,0,,"Calle",,"RECONQUISTA","General Obligado","Asfalto","No existe","IX","Dentro","Urbana","Ninguna","No existe","Intersección","Bueno","Buena","Nocturna","Buen Tiempo","Contra objeto fijo","S/D","Colisión","Ninguna","Faltante","Ninguna","Sin restricción"
2015,1763,17/03/2015,"Martes",0,20:30:00,,"0.0",2,"Moto/Ciclomotor,Automóvil","Belgrano Y Bv Galvez",2,1,0,0,1,0,0,,"Calle",,"SANTA FE","La Capital","S/D","S/D","I","S/D","Urbana","S/D","Funciona","Intersección","Bueno","S/D","Nocturna","S/D","Lateral","S/D","Colisión","S/D","Horizontal,Vertical","S/D","S/D"
2015,1764,09/04/2015,"Jueves",0,,"Ruta Provincial 1","0.0",2,"Automóvil,Taxi/Remis","Ruta Prov 1 ",3,1,0,0,1,0,1,,"Ruta",1,"ALEJANDRA","San Javier","Asfalto","Natural","XIV","S/D","Rural","Marca Vial","S/D","Recta","Bueno","Buena","Nocturna","Buen Tiempo","Frontal","S/D","Colisión","S/D","S/D","Línea divisoria pintada","Sin restricción"
2015,1765,16/03/2015,"Lunes",0,16:00:00,,"0.0",2,"Moto/Ciclomotor,Automóvil","Av Leandro Alem ",2,1,0,0,1,0,0,,"Calle",,"SANTA FE","La Capital","Hormigón","S/D","I","S/D","Urbana","S/D","S/D","Recta","Bueno","S/D","Diurna","S/D","De alcance","S/D","Colisión","S/D","S/D","S/D","S/D"
2015,1766,08/03/2015,"Domingo",0,09:40:00,,"0.0",2,"Automóvil,Moto/Ciclomotor","Hipolito Yrigoyen Y Alberdi",2,1,0,0,1,0,0,,"Calle",,"SANTA FE","La Capital","Asfalto","No existe","I","S/D","Urbana","Semáforo","Funciona","Intersección","Bueno","Buena","Diurna","Buen Tiempo","Frontal","S/D","Colisión","S/D","Faltante","S/D","Sin restricción"
2015,1767,16/03/2015,"Lunes",0,11:15:00,,"0.0",2,"Peatón,Automóvil","Belgrano Y Maipu",2,1,0,0,1,0,0,"-31.634611111111,-60.698111111111","Calle",,"SANTA FE","La Capital","Asfalto","S/D","I","S/D","Urbana","S/D","S/D","Intersección","S/D","S/D","Diurna","S/D","S/D","S/D","Atropello","S/D","S/D","S/D","S/D"
2015,1768,20/03/2015,"Viernes",0,19:20:00,,"0.0",2,"Moto/Ciclomotor,Automóvil","Calle 28 - San Lorenzo Y Calle 13-Iturraspe",2,1,0,0,1,0,0,,"Calle",,"RECONQUISTA","General Obligado","Asfalto","No existe","IX","S/D","Urbana","Ninguna","No existe","Intersección","Bueno","Reducida","Atardecer","Viento Fuerte","Lateral","S/D","Colisión","Agua","S/D","Ninguna","Sin restricción"
2015,1769,15/03/2015,"Domingo",0,11:00:00,"Ruta Nacional 168","472.0",1,"Pickup/Utilitario","Ruta Nac 168 472",1,1,0,0,0,0,0,,"Ruta",168,"SANTA FE","La Capital","Asfalto","Natural","I","Fuera","Urbana","Ninguna","No existe","Recta","Bueno","Buena","Diurna","Buen Tiempo","Contra objeto fijo","S/D","Colisión","Otro","Horizontal","Barrera de hormigón","Sin restricción"
2015,1770,26/03/2015,"Jueves",0,23:30:00,,"0.0",2,"Automóvil,Moto/Ciclomotor","Av 7 de marzo Y Mariano Candioti",2,1,0,0,0,0,1,,"Avenida",,"SANTO TOMÉ","La Capital","Asfalto","No existe","I","S/D","Urbana","Ninguna","No existe","Intersección","Bueno","Buena","Nocturna","Buen Tiempo","Lateral","S/D","Colisión","Otro","Faltante","Ninguna","Sin restricción"
2015,1771,27/03/2015,"Viernes",0,21:30:00,"Ruta Nacional 168","472.0",2,"Moto/Ciclomotor,Automóvil","Ruta Nac 168 472",2,1,0,0,1,0,0,,"Ruta",168,"SANTA FE","La Capital","Asfalto","Natural","I","Dentro","Urbana","Ninguna","No existe","Recta","Bueno","Buena","Nocturna","Buen Tiempo","Lateral","S/D","Colisión","Otro","Horizontal","Barrera de hormigón","Sin restricción"
2015,1772,24/03/2015,"Martes",0,11:00:00,,"0.0",2,"Moto/Ciclomotor,Vehículo Oficial"," ",3,1,0,0,0,0,2,,"S/D",,"SANTA FE","La Capital","S/D","S/D","I","S/D","Urbana","S/D","S/D","S/D","S/D","S/D","S/D","S/D","S/D","S/D","S/D","S/D","S/D","S/D","S/D"
2015,1773,24/03/2015,"Martes",0,22:10:00,,"0.0",2,"Moto/Ciclomotor,Pickup/Utilitario","J J Paso Y Av Freyre",2,1,0,0,1,0,0,,"Calle",,"SANTA FE","La Capital","Asfalto","S/D","I","S/D","Urbana","S/D","S/D","Intersección","S/D","S/D","Nocturna","S/D","S/D","S/D","S/D","S/D","S/D","S/D","S/D"
2015,1774,25/03/2015,"Miercoles",0,18:30:00,,"0.0",2,"Moto/Ciclomotor,Taxi/Remis","Corrientes Y Saavedra",2,1,0,0,1,0,0,,"Calle",,"SANTA FE","La Capital","Asfalto","S/D","I","S/D","Urbana","S/D","S/D","Intersección","S/D","S/D","Diurna","S/D","S/D","S/D","S/D","S/D","S/D","S/D","S/D"
2015,1775,27/03/2015,"Viernes",0,20:40:00,,"0.0",2,"Moto/Ciclomotor,Automóvil","Calle 18 - Gral Belgrano Y Calle 9-Mariano Moreno",3,2,0,0,1,0,0,,"Calle",,"RECONQUISTA","General Obligado","Asfalto","No existe","IX","Dentro","Urbana","Ninguna","No existe","Intersección","Bueno","Buena","Nocturna","Buen Tiempo","Lateral","S/D","Colisión","Ninguna","Vertical","Cordón divisorio","Sin restricción"
2015,1776,18/03/2015,"Miercoles",0,18:30:00,,"0.0",1,"Moto/Ciclomotor"," ",2,1,0,0,1,0,0,,"Calle",,"SANTO TOMÉ","La Capital","Asfalto","No existe","I","S/D","S/D","Ninguna","No existe","Intersección","Bueno","Buena","Atardecer","Buen Tiempo","Otro","S/D","Otro","S/D","S/D","S/D","Sin restricción"
2015,1777,20/03/2015,"Viernes",0,16:20:00,,"0.0",2,"Pickup/Utilitario,Moto/Ciclomotor","Balcarce Y 3 de febrero",2,1,1,0,0,0,0,,"Calle",,"SANTO TOMÉ","La Capital","S/D","No existe","I","S/D","Urbana","Ninguna","No existe","Intersección","S/D","Buena","Nocturna","Buen Tiempo","S/D","S/D","Colisión","S/D","Faltante","Ninguna","Sin restricción"
2015,1778,21/03/2015,"Sabado",0,01:30:00,,"0.0",2,"Moto/Ciclomotor,Automóvil","Av Freyre Y Moreno",2,1,0,0,1,0,0,,"Calle",,"SANTA FE","La Capital","Asfalto","S/D","I","S/D","Urbana","S/D","S/D","Intersección","S/D","S/D","S/D","S/D","S/D","S/D","S/D","S/D","S/D","S/D","S/D"
2015,1779,11/03/2015,"Miercoles",0,22:50:00,"Ruta Nacional 11","0.0",2,"Peatón,Moto/Ciclomotor","Ruta 11 Avenida Richieri 3800",3,2,0,0,0,0,1,"-31.684611111111,-60.788333333333","Ruta",11,"SANTO TOMÉ","La Capital","Asfalto","Ripio","I","Dentro","Urbana","S/D","No existe","Curva","Bueno","Buena","Nocturna,Con luz artificial","Buen Tiempo","S/D","S/D","Atropello","S/D","S/D","Línea divisoria pintada","S/D"
2015,1780,30/03/2015,"Lunes",0,18:30:00,,"0.0",2,"Bicicleta,Automóvil","Mariano Moreno Y Aritobulo del Valle",2,1,0,0,1,0,0,"-31.675944444444,-60.768722222222","Calle",,"SANTO TOMÉ","La Capital","Asfalto","No existe","I","S/D","Urbana","Ninguna","No existe","Intersección","Bueno","Buena","Atardecer","Buen Tiempo","Otro","S/D","Atropello","S/D","Faltante","S/D","Sin restricción"
2015,1781,27/03/2015,"Viernes",0,08:30:00,,"0.0",3,"Moto/Ciclomotor,Automóvil,Peatón","Calle 24 - Olessio Y Calle 21-Gdor. iriondo",3,2,0,0,1,0,0,,"Calle",,"RECONQUISTA","General Obligado","Asfalto","No existe","IX","Dentro","Urbana","Ninguna","No existe","Intersección","Bueno","Buena","Diurna","Buen Tiempo","Lateral","S/D","Colisión,Atropello","Ninguna","Vertical","Cordón divisorio","Sin restricción"
2015,1782,14/03/2015,"Sabado",0,21:40:00,,"0.0",2,"Moto/Ciclomotor,Pickup/Utilitario","Av Leandro Alem 3200",2,1,0,0,1,0,0,,"Calle",,"SANTA FE","La Capital","Asfalto","S/D","I","S/D","Urbana","S/D","No existe","Recta","S/D","Buena","Nocturna,Con luz artificial","S/D","S/D","S/D","Colisión","S/D","Faltante","S/D","S/D"
2015,1783,13/03/2015,"Viernes",0,13:40:00,,"0.0",2,"Moto/Ciclomotor,Automóvil","San Luis Y Buenos Aires",2,1,0,0,1,0,0,,"Calle",,"SANTO TOMÉ","La Capital","Asfalto","No existe","I","Dentro","Urbana","Ninguna","No existe","Intersección","Bueno","Buena","Diurna","Buen Tiempo","Lateral","S/D","Colisión","S/D","Faltante","Ninguna","Sin restricción"