"anio_acci","nro_acci","fecha","desc_dia","fecha_aprox","hora_aprox","desc_ruta","km","cant_participantes","desc_participante","calle_avenida_km","total","heridos_leves","heridos_graves","heridos_gravisimos","ilesos","fallecidos","sin_datos","posicion_XY","desc_tipo_via","desc_ruta_ori","desc_loc","desc_dpto","desc_tipo_calzada","desc_tipo_banquina","desc_unidad_regional","desc_lugar_calzada","desc_zona","desc_prioridad","desc_estado_semaforo","desc_lugar_via","desc_estado_via","desc_estado_visibilidad","desc_luminosidad","desc_estado_clima","desc_tipo_colision","desc_tipo_atropello","desc_tipo_hecho","desc_pres_calzada","desc_senializacion","desc_separacion_via","desc_restriccion"
2015,1784,05/04/2015,"Domingo",0,08:00:00,,"0.0",1,"Moto/Ciclomotor","Misiones 1900",2,1,1,0,0,0,0,,"Calle",,"ESPERANZA","Las Colonias","Asfalto","No existe","XI","Dentro","Urbana","Ninguna","No existe","Recta","Bueno","Buena","Diurna","Buen Tiempo","Contra objeto fijo","S/D","Colisión","Ninguna","Faltante","Ninguna","Sin restricción"
2015,1785,16/03/2015,"Lunes",0,19:00:00,,"0.0",2,"Peatón,Automóvil","3 de Febrero Y San Lorenzo",2,1,0,0,1,0,0,"-31.656361111111,-60.720472222222","Calle",,"SANTA FE","La Capital","Asfalto","S/D","I","S/D","Urbana","S/D","S/D","Intersección","S/D","S/D","Atardecer","S/D","S/D","S/D","Atropello","S/D","S/D","S/D","S/D"
2015,1786,14/03/2015,"Sabado",0,18:15:00,,"0.0",2,"Automóvil,Pickup/Utilitario","Bv Galvez Y Avellaneda",3,1,0,0,2,0,0,,"Calle",,"SANTA FE","La Capital","S/D","S/D","I","S/D","Urbana","S/D","S/D","Intersección","S/D","S/D","Diurna","S/D","Lateral","S/D","Colisión","S/D","S/D","S/D","S/D"
2015,1787,05/03/2015,"Jueves",0,08:20:00,,"0.0",2,"Automóvil,Bicicleta","Lisandro de la Torre Y Moreno",2,1,0,0,1,0,0,,"Calle",,"SANTA FE","La Capital","Asfalto","No existe","I","S/D","Urbana","Ninguna","No existe","Intersección","Bueno","Buena","Diurna","Buen Tiempo","Lateral","S/D","Atropello","S/D","Faltante","S/D","Sin restricción"
2015,1788,13/03/2015,"Viernes",0,20:30:00,,"0.0",2,"Moto/Ciclomotor,Moto/Ciclomotor","Necochea Y Cordoba",2,1,1,0,0,0,0,,"Calle",,"SANTO TOMÉ","La Capital","Asfalto","No existe","I","Dentro","Urbana","Ninguna","No existe","Intersección","Bueno","Reducida","Nocturna,Con luz artificial","Buen Tiempo","Lateral","S/D","Colisión","S/D","Faltante","Ninguna","Sin restricción"
2015,1789,13/03/2015,"Viernes",0,08:00:00,,"0.0",2,"Moto/Ciclomotor,Automóvil","Guemes Y Juan Del Campillo",3,2,0,0,1,0,0,,"Calle",,"SANTA FE","La Capital","S/D","S/D","I","S/D","Urbana","S/D","S/D","Intersección","S/D","S/D","Diurna","S/D","Lateral","S/D","Colisión","S/D","S/D","S/D","S/D"
2015,1790,04/03/2015,"Miercoles",0,,,"0.0",2,"Moto/Ciclomotor,Otros","Av San Martin Y Sarmeinto",2,1,0,0,0,0,1,,"Avenida",,"ALEJANDRA","San Javier","Ripio","S/D","XIV","S/D","Urbana","Ninguna","No existe","Recta","Bueno","Buena","Diurna","Buen Tiempo","Lateral","S/D","Colisión","S/D","S/D","Cordón divisorio","Sin restricción"
2015,1791,26/03/2015,"Jueves",0,07:15:00,"Ruta Nacional 11","821.1",2,"Automóvil,Automóvil","Ruta 11 Avenida Richieri 821.1",2,2,0,0,0,0,0,,"Ruta",11,"SANTO TOMÉ","La Capital","Asfalto","Natural","IX","Fuera","Urbana","Ninguna","No existe","Recta","Bueno","Reducida","Amanecer","Buen Tiempo","S/D","S/D","Colisión","S/D","S/D","Línea divisoria pintada","S/D"
2015,1792,08/03/2015,"Domingo",0,02:00:00,,"0.0",2,"Moto/Ciclomotor,Automóvil","Calle 15-Patricio Diez Y Calle 12 San Martin",2,1,0,0,1,0,0,,"Calle",,"RECONQUISTA","General Obligado","Asfalto","S/D","IX","S/D","Urbana","S/D","No existe","Intersección","Bueno","Buena","Nocturna","Buen Tiempo","S/D","S/D","S/D","S/D","S/D","S/D","S/D"
2015,1793,27/03/2015,"Viernes",0,,,"0.0",1,"Moto/Ciclomotor","Calle 35-Espa±a Y Calle 4 - Ledesma",1,1,0,0,0,0,0,,"Calle",,"RECONQUISTA","General Obligado","S/D","S/D","IX","S/D","Urbana","S/D","S/D","Intersección","S/D","S/D","S/D","S/D","Atropello animal","S/D","Colisión","S/D","S/D","S/D","S/D"
2015,1794,10/03/2015,"Martes",0,13:10:00,,"0.0",2,"Moto/Ciclomotor,Pickup/Utilitario","Av Mosconi Y Corrientes",2,1,0,0,1,0,0,,"Avenida",,"SANTA FE","La Capital","Asfalto","S/D","I","S/D","Urbana","S/D","S/D","Intersección","S/D","S/D","Diurna","S/D","S/D","S/D","Colisión","S/D","S/D","S/D","S/D"
2015,1795,12/03/2015,"Jueves",0,11:30:00,,"0.0",2,"Moto/Ciclomotor,Automóvil","Av Freyre Y Uruguay",2,1,0,0,1,0,0,,"Avenida",,"SANTA FE","La Capital","Asfalto","S/D","I","Dentro","Urbana","S/D","S/D","Intersección","S/D","S/D","Diurna","S/D","S/D","S/D","Colisión","S/D","S/D","S/D","S/D"
2015,1796,29/03/2015,"Domingo",0,12:00:00,,"0.0",2,"Automóvil,Moto/Ciclomotor","Balcarce Y J Macia",2,0,1,0,1,0,0,,"Calle",,"SANTO TOMÉ","La Capital","Asfalto","Pavimento","I","S/D","Urbana","Ninguna","No existe","Recta","Bueno","Buena","Diurna","Buen Tiempo","De alcance","S/D","Colisión","S/D","S/D","S/D","Sin restricción"
2015,1797,11/03/2015,"Miercoles",0,20:30:00,"Ruta Nacional 11","0.0",2,"Pickup/Utilitario,Bicicleta","Ruta Nacional 11 Y Calle 11-Alvear",2,1,0,0,1,0,0,,"Ruta",11,"RECONQUISTA","General Obligado","Asfalto","No existe","IX","Dentro","Urbana","Ninguna","No existe","Intersección","Bueno","Buena","Nocturna","Buen Tiempo","S/D","S/D","Atropello","Ninguna","Vertical","Cordón divisorio","Sin restricción"
2015,1798,13/03/2015,"Viernes",0,18:00:00,,"0.0",2,"Moto/Ciclomotor,Automóvil","Juan de Garay Y Francia",2,1,0,0,1,0,0,,"Calle",,"SANTA FE","La Capital","Asfalto","S/D","I","Dentro","Urbana","S/D","S/D","Paso a Nivel FFCC","S/D","S/D","Diurna","S/D","S/D","S/D","Colisión","S/D","S/D","S/D","S/D"
2015,1799,13/03/2015,"Viernes",0,19:20:00,,"0.0",2,"Moto/Ciclomotor,Automóvil","J J Paso Y Francia",2,1,0,0,1,0,0,,"Calle",,"SANTA FE","La Capital","Asfalto","S/D","I","Dentro","Urbana","S/D","S/D","Intersección","S/D","S/D","Atardecer","S/D","S/D","S/D","Colisión","S/D","S/D","S/D","S/D"
2015,1800,14/03/2015,"Sabado",0,22:00:00,,"0.0",2,"Moto/Ciclomotor,Peatón","Juan Bautista Alberdi Y Juan Jose Castelli",2,1,0,0,1,0,0,"-31.681277777778,-60.768583333333","Calle",,"SANTO TOMÉ","La Capital","Asfalto","Pavimento","I","S/D","Urbana","Ninguna","No existe","Recta","Bueno","Buena","Nocturna","Buen Tiempo","S/D","S/D","Atropello","S/D","Horizontal","Línea divisoria pintada","Sin restricción"
2015,1801,16/03/2015,"Lunes",0,03:20:00,,"0.0",1,"Moto/Ciclomotor","Av Peñaloza 6900",2,0,0,0,0,0,2,,"Avenida",,"SANTA FE","La Capital","S/D","S/D","I","S/D","S/D","S/D","S/D","S/D","S/D","S/D","S/D","S/D","S/D","S/D","S/D","S/D","S/D","S/D","S/D"
2015,1802,16/03/2015,"Lunes",0,17:30:00,,"0.0",2,"Moto/Ciclomotor,Automóvil","Dr Zavalla Y Castro Barros",3,1,0,0,0,0,2,,"Calle",,"SANTA FE","La Capital","S/D","S/D","I","S/D","S/D","S/D","S/D","S/D","S/D","S/D","S/D","S/D","S/D","S/D","S/D","S/D","S/D","S/D","S/D"
2015,1803,18/03/2015,"Miercoles",0,06:50:00,,"0.0",2,"Moto/Ciclomotor,Automóvil","Av Facundo Zuviria Y Llerena",2,0,0,0,0,0,2,,"Avenida",,"SANTA FE","La Capital","S/D","S/D","I","S/D","S/D","S/D","S/D","S/D","S/D","S/D","S/D","S/D","S/D","S/D","S/D","S/D","S/D","S/D","S/D"
2015,1804,09/03/2015,"Lunes",0,07:00:00,,"0.0",2,"Moto/Ciclomotor,Automóvil","Moreno Y Saavedra",2,1,0,0,0,0,1,,"Calle",,"SANTA FE","La Capital","Asfalto","S/D","I","S/D","Urbana","S/D","S/D","Intersección","S/D","S/D","Diurna","S/D","S/D","S/D","S/D","S/D","S/D","S/D","S/D"
2015,1805,20/03/2015,"Viernes",0,16:15:00,,"0.0",2,"Automóvil,Moto/Ciclomotor","Castelli ",3,2,0,0,1,0,0,,"Calle",,"ESPERANZA","Las Colonias","Asfalto","No existe","XI","Dentro","Urbana","Ninguna","No existe","Intersección","Bueno","Buena","Diurna","Buen Tiempo","Lateral","S/D","Colisión","Ninguna","Vertical","Ninguna","Sin restricción"
2015,1806,09/03/2015,"Lunes",0,,,"0.0",2,"Bicicleta,Moto/Ciclomotor","Corrientes Y San Jose",2,1,0,0,1,0,0,"-31.650944444444,-60.724305555556","Calle",,"SANTA FE","La Capital","S/D","S/D","I","S/D","Urbana","S/D","S/D","S/D","S/D","S/D","S/D","S/D","S/D","S/D","Atropello","S/D","S/D","S/D","S/D"
2015,1807,16/03/2015,"Lunes",1,15:00:00,,"0.0",2,"Automóvil,Moto/Ciclomotor","3 de Febrero Y San Juan",3,2,0,0,1,0,0,,"Calle",,"SANTA FE","La Capital","Asfalto","S/D","I","S/D","Urbana","S/D","S/D","Intersección","S/D","Buena","Diurna","Buen Tiempo","S/D","S/D","Colisión","S/D","S/D","S/D","S/D"
2015,1808,06/03/2015,"Viernes",0,11:20:00,"Ruta Provincial 1","0.0",2,"Moto/Ciclomotor,Otros"," ",3,2,0,0,0,0,1,,"Ruta",1,"COLASTINE","La Capital","Asfalto","Ripio","I","S/D","Urbana","Ninguna","No existe","Recta","Bueno","Buena","Diurna","Buen Tiempo","Otro","S/D","Colisión","Ninguna","S/D","Línea divisoria pintada","Sin restricción"
2015,1809,01/03/2015,"Domingo",0,10:30:00,"Autovía Nacional 19","0.0",3,"Moto/Ciclomotor,Automóvil,Pickup/Utilitario","Santiago Derqui ",3,2,0,0,1,0,0,,"Autovía",19,"SANTO TOMÉ","La Capital","Asfalto","Pavimento","I","Dentro","Urbana","Semáforo","Funciona","Intersección","Bueno","Buena","Diurna","Buen Tiempo","De alcance","S/D","Colisión","S/D","Vertical","Cordón divisorio","Sin restricción"
2015,1810,02/03/2015,"Lunes",0,19:40:00,,"0.0",2,"Moto/Ciclomotor,Moto/Ciclomotor","Juan Bautista Alberdi Y Salta",5,3,0,0,2,0,0,,"Calle",,"SANTO TOMÉ","La Capital","Asfalto","No existe","I","S/D","Urbana","S/D","Funciona","Intersección","Bueno","Buena","Atardecer","Buen Tiempo","Frontal","S/D","Colisión","S/D","Vertical","S/D","Sin restricción"
2015,1811,16/03/2015,"Lunes",0,13:05:00,,"0.0",2,"Moto/Ciclomotor,Moto/Ciclomotor","Calle 40 - Formosa Y Calle 25 - Pietropaolo",2,0,1,0,1,0,0,,"Calle",,"RECONQUISTA","General Obligado","Asfalto","Pavimento","IX","Dentro","Urbana","Ninguna","No existe","Intersección","Bueno","Buena","Atardecer","Buen Tiempo","De alcance","S/D","Colisión","Ninguna","Faltante","Ninguna","Sin restricción"
2015,1812,08/03/2015,"Domingo",0,,,"0.0",2,"Bicicleta,Automóvil","Mitre Y Maipu",3,1,0,0,2,0,0,"-31.63625,-60.690638888889","Calle",,"SANTA FE","La Capital","S/D","S/D","I","S/D","Urbana","S/D","S/D","Intersección","S/D","S/D","S/D","S/D","S/D","S/D","Atropello","S/D","S/D","S/D","S/D"
2015,1813,14/03/2015,"Sabado",0,09:15:00,"Ruta Nacional 11","0.0",3,"Automóvil,Automóvil,Moto/Ciclomotor","Calle 21-Gdor. iriondo Y Ruta Nacional 11",3,1,0,0,2,0,0,,"Ruta",11,"RECONQUISTA","General Obligado","Asfalto","No existe","IX","S/D","S/D","Ninguna","No existe","Recta","Bueno","S/D","Diurna","Buen Tiempo","Múltiple","S/D","Colisión","S/D","Horizontal","Cordón divisorio,Línea divisoria pintada","Sin restricción"
2015,1814,04/03/2015,"Miercoles",0,10:30:00,"Ruta Nacional 168","0.0",2,"Automóvil,Automóvil","Ruta Nac 168 ",5,2,0,0,3,0,0,,"Ruta",168,"SANTA FE","La Capital","S/D","S/D","I","S/D","Urbana","S/D","S/D","Puente","S/D","S/D","Diurna","S/D","De alcance","S/D","Colisión","S/D","Vertical","S/D","S/D"
2015,1815,06/03/2015,"Viernes",0,12:50:00,,"0.0",2,"Automóvil,Camión"," ",3,1,0,0,2,0,0,,"Calle",,"SANTO TOMÉ","La Capital","Tierra","No existe","I","S/D","Urbana","Ninguna","No existe","Intersección","Deteriorada","Buena","Diurna","Buen Tiempo","Frontal","S/D","Colisión","S/D","Faltante","S/D","Sin restricción"
2015,1816,01/03/2015,"Domingo",0,09:30:00,,"0.0",2,"Moto/Ciclomotor,Pickup/Utilitario","San Jeronimo Y J P Lopez",3,2,0,0,1,0,0,,"Calle",,"SANTA FE","La Capital","Hormigón","No existe","I","Dentro","Urbana","Ninguna","No existe","Intersección","Con baches","Buena","Diurna","Buen Tiempo","Lateral","S/D","Colisión","Otro","Faltante","Ninguna","Reparación de Vía"
2015,1817,21/03/2015,"Sabado",0,03:15:00,,"0.0",2,"Moto/Ciclomotor,Pickup/Utilitario","Calle 15-Patricio Diez ",3,2,0,0,1,0,0,,"Calle",,"RECONQUISTA","General Obligado","Asfalto","Pavimento","IX","Dentro","Urbana","Semáforo","Funciona","Intersección","Bueno","Buena","Nocturna","Buen Tiempo","De alcance","S/D","Colisión","S/D","Faltante","Ninguna","Sin restricción"
2015,1818,05/03/2015,"Jueves",0,12:20:00,,"0.0",2,"Automóvil,Moto/Ciclomotor","Hernandarias Y Presidente Bernardino Rivadavi",3,1,0,0,2,0,0,,"Calle",,"SANTO TOMÉ","La Capital","Asfalto","No existe","I","S/D","Urbana","Ninguna","No existe","Intersección","Bueno","Buena","Diurna","Buen Tiempo","Frontal","S/D","Colisión","S/D","S/D","S/D","Sin restricción"
2015,1819,04/03/2015,"Miercoles",0,17:40:00,,"0.0",2,"Taxi/Remis,Taxi/Remis","Domingo Silva Y San Jeronimo",3,1,0,0,2,0,0,,"Calle",,"SANTA FE","La Capital","Hormigón","No existe","I","Dentro","Urbana","Ninguna","No existe","Intersección","Bueno,Con baches","Buena","Diurna","Buen Tiempo","Lateral","S/D","Colisión","Ninguna","Faltante","Ninguna","Sin restricción"
2015,1820,10/03/2015,"Martes",0,18:00:00,,"0.0",3,"Automóvil,Moto/Ciclomotor,Automóvil"," ",4,2,0,0,2,0,0,,"Calle",,"RECONQUISTA","General Obligado","Asfalto","No existe","IX","Dentro","Urbana","Semáforo","Funciona","Recta","Bueno","S/D","Diurna","Buen Tiempo","Múltiple","S/D","Colisión","S/D","Horizontal","Ninguna","Sin restricción"
2015,1821,25/03/2015,"Miercoles",0,14:55:00,"Ruta Nacional 11","0.0",2,"Moto/Ciclomotor,Automóvil","Calle 34 Y Calle 27-Gdor Freyre",4,2,0,0,2,0,0,,"Ruta",11,"RECONQUISTA","General Obligado","Hormigón","Pavimento","IX","Dentro","Urbana","Ninguna","No existe","Intersección","Bueno","Buena","Diurna","Buen Tiempo","Frontal","S/D","Colisión","Ninguna","Vertical","Cordón divisorio","Sin restricción"
2015,1822,06/03/2015,"Viernes",0,15:30:00,,"0.0",2,"Automóvil,Moto/Ciclomotor","Calle 19-Habegger Y Calle 12 San Martin",3,2,0,0,1,0,0,,"Calle",,"RECONQUISTA","General Obligado","Hormigón","No existe","IX","Dentro","Urbana","Ninguna","No existe","Intersección","Bueno","S/D","Diurna","Buen Tiempo","S/D","S/D","Colisión","S/D","Horizontal","Ninguna","Sin restricción"
2015,1823,14/03/2015,"Sabado",0,19:30:00,,"0.0",2,"Moto/Ciclomotor,Otros","Av Gral Lopez Y San Lorenzo",3,2,0,0,0,0,1,,"Avenida",,"SANTA FE","La Capital","Asfalto","S/D","I","S/D","Urbana","S/D","S/D","Intersección","S/D","Buena","Diurna","S/D","S/D","S/D","Colisión","S/D","S/D","S/D","S/D"
2015,1824,27/03/2015,"Viernes",0,20:50:00,,"0.0",1,"Moto/Ciclomotor","Avenida Carlos Pellegrini 1900",2,1,1,0,0,0,0,,"Calle",,"SAN JOSÉ DE LA ESQUINA","Caseros","Asfalto","No existe","IV","Dentro","Urbana","Ninguna","No existe","Recta","Bueno","Buena","Atardecer,Con luz artificial","Buen Tiempo","Atropello animal","S/D","Colisión","S/D","Vertical","Cordón divisorio","Sin restricción"
2015,1825,01/04/2015,"Miercoles",0,19:20:00,,"0.0",2,"Pickup/Utilitario,Camión","CAMINO RURAL 4 CARDINAL SUR ",2,1,0,0,1,0,0,,"Calle",,"SAN JOSÉ DE LA ESQUINA","Caseros","Tierra","Natural","IV","Dentro","Rural","Ninguna","No existe","Recta","Bueno","Reducida","Atardecer","Buen Tiempo","Frontal","S/D","Colisión","S/D","Faltante","Ninguna","Sin restricción"
2015,1826,28/03/2015,"Sabado",0,21:00:00,,"0.0",2,"Automóvil,Moto/Ciclomotor","Antoniutti Juan Bautista Y Madrid",2,1,0,0,1,0,0,,"Calle",,"CHAÑAR LADEADO","Caseros","Asfalto","S/D","IV","Dentro","Urbana","Ninguna","No existe","Intersección","Bueno","Reducida","Nocturna","Buen Tiempo","Frontal","S/D","Colisión","S/D","Faltante","Ninguna","Sin restricción"
2015,1827,17/03/2015,"Martes",0,20:14:00,,"0.0",2,"Automóvil,Bicicleta","25 de Mayo Y Jose Foresto",2,1,0,0,1,0,0,,"Calle",,"CHAÑAR LADEADO","Caseros","Asfalto","No existe","IV","Dentro","Urbana","Ninguna","No existe","Intersección","Bueno","Buena","Nocturna,Con luz artificial","Buen Tiempo","Lateral","S/D","Atropello","S/D","Vertical","Ninguna","Sin restricción"
2015,1828,12/03/2015,"Jueves",0,12:20:00,,"0.0",3,"Automóvil,Pickup/Utilitario,Automóvil","Italia Y Antoniutti Juan Bautista",6,1,0,0,5,0,0,,"Calle",,"CHAÑAR LADEADO","Caseros","Asfalto","S/D","IV","Dentro","Urbana","Ninguna","No existe","Intersección","Bueno","Buena","Diurna","Buen Tiempo","Múltiple","S/D","Colisión","S/D","Vertical","Ninguna","Sin restricción"
2015,1829,29/04/2015,"Miercoles",0,19:50:00,"Ruta Provincial 2","0.0",2,"Moto/Ciclomotor,Otros","La Vuelta de Obligado Y Ruta Prov 2",4,3,0,0,1,0,0,,"Ruta",2,"TOSTADO","9 de Julio","Asfalto","Pavimento","XII","Dentro","Urbana","Ninguna","No existe","Intersección","Bueno","Buena","Diurna","Buen Tiempo","Otro","S/D","Colisión","Ninguna","Faltante","Ninguna","Sin restricción"
2015,1830,21/04/2015,"Martes",0,20:00:00,"Ruta Nacional 95","0.0",2,"Peatón,Pickup/Utilitario"," ",2,1,0,0,1,0,0,,"Ruta",95,"GATO COLORADO","9 de Julio","Asfalto","Natural","XII","Dentro","Rural","Ninguna","No existe","Recta","Bueno","Buena","Nocturna","Buen Tiempo","S/D","S/D","Atropello","Ninguna","S/D","Línea divisoria pintada","Sin restricción"
2015,1831,09/04/2015,"Jueves",0,21:50:00,,"0.0",2,"Moto/Ciclomotor,Moto/Ciclomotor","6 de Caballeria ",2,0,2,0,0,0,0,,"Calle",,"TOSTADO","9 de Julio","Asfalto","Natural","XII","Dentro","Urbana","Ninguna","No existe","Recta","Bueno","Buena","Nocturna","Buen Tiempo","Frontal","S/D","Colisión","Ninguna","Faltante","Ninguna","Sin restricción"
2015,1832,27/04/2015,"Lunes",0,02:00:00,,"0.0",1,"Moto/Ciclomotor"," ",2,1,1,0,0,0,0,,"S/D",,"TOSTADO","9 de Julio","Asfalto","Natural","XII","S/D","Urbana","Ninguna","No existe","S/D","Bueno","Reducida","Nocturna","Buen Tiempo","S/D","S/D","Otro","Ninguna","S/D","Ninguna","Sin restricción"
2015,1833,13/02/2015,"Viernes",0,18:30:00,,"0.0",2,"Moto/Ciclomotor,Automóvil","Av Iriondo 2343",3,1,0,0,2,0,0,,"Avenida",,"SAN JUSTO","San Justo","Asfalto","No existe","XVI","Dentro","Urbana","Ninguna","No existe","Recta","Bueno","Buena","Diurna","Buen Tiempo","Lateral","S/D","Colisión","Ninguna","Horizontal","Ninguna","Sin restricción"
2015,1834,02/04/2015,"Jueves",0,06:00:00,,"0.0",2,"Moto/Ciclomotor,Bicicleta","Calle 28 Y Avenida 17",2,2,0,0,0,0,0,,"Calle",,"LAS PAREJAS","Belgrano","Asfalto","Natural","III","S/D","Urbana","Ninguna","No existe","Cruce","Bueno","Buena","Diurna","Buen Tiempo","S/D","S/D","Atropello","Ninguna","Horizontal","Ninguna","Sin restricción"
2015,1835,21/04/2015,"Martes",0,15:20:00,"Ruta Nacional 95","0.0",1,"Moto/Ciclomotor"," ",1,1,0,0,0,0,0,,"Ruta",95,"TOSTADO","9 de Julio","S/D","Natural","XII","Fuera","Rural","Ninguna","No existe","S/D","Bueno","Buena","Diurna","Buen Tiempo","S/D","S/D","Caída ocupante","Ninguna","Horizontal","Ninguna","Sin restricción"
2015,1836,16/04/2015,"Jueves",0,07:45:00,,"0.0",2,"Automóvil,Moto/Ciclomotor","Bv C Pellegrini Y 25 de Mayo",3,2,0,0,1,0,0,,"Calle",,"SAN JUSTO","San Justo","Hormigón","No existe","XVI","Dentro","Urbana","Ninguna","No existe","Intersección","Bueno","Buena","Diurna","Buen Tiempo","Frontal","S/D","Colisión","S/D","Vertical","Ninguna","Sin restricción"
2015,1837,27/03/2015,"Viernes",0,17:20:00,,"0.0",2,"Pickup/Utilitario,Moto/Ciclomotor","Av San Martin Y Antoniutti Juan Bautista",2,0,1,0,1,0,0,,"Avenida",,"CHAÑAR LADEADO","Caseros","Asfalto","No existe","IV","Dentro","Urbana","Ninguna","No existe","Intersección","Bueno","Buena","Diurna","Buen Tiempo","Frontal,Lateral","S/D","Colisión","S/D","Vertical","Cordón divisorio","Sin restricción"
2015,1838,16/04/2015,"Jueves",0,18:50:00,,"0.0",2,"Automóvil,Moto/Ciclomotor","Bv R S Pe±a Y Independencia",2,1,0,0,1,0,0,,"Calle",,"SAN JUSTO","San Justo","Hormigón","No existe","XVI","Dentro","Urbana","Ninguna","No existe","Intersección","Bueno","Buena","Atardecer","Buen Tiempo","Frontal","S/D","Colisión","S/D","Faltante","Ninguna","Sin restricción"
2015,1839,07/04/2015,"Martes",0,12:15:00,,"0.0",2,"Pickup/Utilitario,Moto/Ciclomotor","Fco Angeloni Y M Moreno",4,0,1,0,3,0,0,,"Calle",,"SAN JUSTO","San Justo","Tierra","No existe","XVI","Dentro","Urbana","Ninguna","No existe","Intersección","Con baches","Buena","Diurna","Buen Tiempo","De alcance","S/D","Colisión","Ninguna","Faltante","Vegetación","Sin restricción"
2015,1840,16/04/2015,"Jueves",0,11:55:00,,"0.0",2,"Automóvil,Bicicleta","Gdor Cabal Y B de Tucuman",3,2,0,0,1,0,0,,"Calle",,"SAN JUSTO","San Justo","Hormigón","No existe","XVI","Dentro","Urbana","Ninguna","No existe","Intersección","Bueno","Buena","Diurna","Buen Tiempo","S/D","S/D","Atropello","S/D","Faltante","Ninguna","Sin restricción"
2015,1841,02/04/2015,"Jueves",0,07:30:00,"Ruta Nacional 95","0.0",1,"Pickup/Utilitario"," ",4,4,0,0,0,0,0,,"Ruta",95,"TOSTADO","9 de Julio","Asfalto","Natural","XII","Fuera","Rural","Ninguna","No existe","Otro","Bueno","Buena","Diurna","Buen Tiempo","S/D","S/D","Vuelco","Ninguna","Horizontal","Ninguna","Sin restricción"
2015,1842,08/04/2015,"Miercoles",0,00:40:00,"Ruta Nacional 9","0.0",2,"Camión,Moto/Ciclomotor","Bernardino Rivadavia Y Rosario",3,1,1,0,1,0,0,,"Ruta",9,"TORTUGAS","Belgrano","Asfalto,Hormigón","Ripio","III","S/D","Urbana","Ninguna","No existe","Intersección","Bueno","Buena","Nocturna,Con luz artificial","Buen Tiempo","De alcance,Lateral","S/D","Colisión","Ninguna","Faltante","Ninguna","Sin restricción"
2015,1843,14/04/2015,"Martes",0,19:20:00,,"0.0",2,"Bicicleta,Automóvil","C ALOTIN Y CALLE PUBLICA",2,1,0,0,1,0,0,,"Calle",,"SAN JAVIER","San Javier","Tierra","No existe","XIV","Dentro","Urbana","Ninguna","No existe","Intersección","Bueno","Reducida","Con luz artificial","Buen Tiempo","S/D","S/D","Atropello","Ninguna","Faltante","Ninguna","Sin restricción"
2015,1844,18/04/2015,"Sabado",0,22:10:00,"Ruta Provincial 1","144.0",1,"Moto/Ciclomotor"," ",1,0,1,0,0,0,0,,"Ruta",1,"SAN JAVIER","San Javier","Asfalto","Natural","XIV","Dentro","Rural","Ninguna","No existe","Recta","Bueno","Reducida","Nocturna","S/D","S/D","S/D","Caída ocupante","Ninguna","Vertical","Ninguna","Sin restricción"
2015,1845,09/04/2015,"Jueves",0,12:30:00,,"0.0",2,"Automóvil,Moto/Ciclomotor","Avenida 17 Y Calle 8",2,0,1,0,1,0,0,,"Avenida",,"LAS PAREJAS","Belgrano","Ripio","No existe","III","S/D","Urbana","Ninguna","No existe","Intersección","Bueno","Buena","Diurna","Buen Tiempo","Lateral","S/D","Colisión","Ninguna","Vertical","Cordón divisorio","Sin restricción"
2015,1846,26/04/2015,"Domingo",0,10:00:00,,"0.0",2,"Automóvil,Moto/Ciclomotor","Calle 20 Y Calle 25",3,2,0,0,1,0,0,,"Calle",,"LAS PAREJAS","Belgrano","Asfalto","No existe","III","S/D","Urbana","Ninguna","No existe","Intersección","Bueno","Buena","Diurna","Buen Tiempo","Lateral","S/D","Colisión","Ninguna","Vertical","Ninguna","Sin restricción"
2015,1847,07/04/2015,"Martes",0,,"Ruta Provincial 91","0.0",1,"Moto/Ciclomotor"," ",1,1,0,0,0,0,0,,"Ruta",91,"SANTA MARGARITA","9 de Julio","Ripio","No existe","XII","Dentro","Rural","Ninguna","No existe","Recta","Ahuellamiento","Reducida","Atardecer","Buen Tiempo","S/D","S/D","Caída ocupante","Ninguna","Faltante","Vegetación","Sin restricción"
2015,1848,27/03/2015,"Viernes",0,08:05:00,,"0.0",2,"Automóvil,Moto/Ciclomotor"," ",2,0,1,0,1,0,0,,"Avenida",,"MIGUEL ESCALADA","San Justo","Ripio","No existe","XVI","Dentro","Urbana","Ninguna","No existe","Intersección","Bueno","Buena","Diurna","Buen Tiempo","Lateral","S/D","Colisión","Ninguna","Faltante","Ninguna","Sin restricción"
2015,1849,03/04/2015,"Viernes",0,11:00:00,,"0.0",2,"Moto/Ciclomotor,Automóvil","Italia Y Salta",2,0,1,0,1,0,0,,"Calle",,"LAS ROSAS","Belgrano","Hormigón","No existe","III","Dentro","Urbana","Ninguna","No existe","Intersección","Bueno","Buena","Diurna","Buen Tiempo","Lateral","S/D","Colisión","Ninguna","Faltante","Ninguna","Sin restricción"
2015,1850,15/04/2015,"Miercoles",0,08:20:00,,"0.0",2,"Automóvil,Moto/Ciclomotor","Chacabuco Y Guillermo Benitez",2,1,0,0,1,0,0,,"Calle",,"LAS ROSAS","Belgrano","Hormigón","No existe","III","Dentro","Urbana","Ninguna","No existe","Intersección","Bueno","Buena","Diurna","Buen Tiempo","Lateral","S/D","Colisión","Ninguna","Vertical","Ninguna","S/D"