"anio_acci","nro_acci","fecha","desc_dia","fecha_aprox","hora_aprox","desc_ruta","km","cant_participantes","desc_participante","calle_avenida_km","total","heridos_leves","heridos_graves","heridos_gravisimos","ilesos","fallecidos","sin_datos","posicion_XY","desc_tipo_via","desc_ruta_ori","desc_loc","desc_dpto","desc_tipo_calzada","desc_tipo_banquina","desc_unidad_regional","desc_lugar_calzada","desc_zona","desc_prioridad","desc_estado_semaforo","desc_lugar_via","desc_estado_via","desc_estado_visibilidad","desc_luminosidad","desc_estado_clima","desc_tipo_colision","desc_tipo_atropello","desc_tipo_hecho","desc_pres_calzada","desc_senializacion","desc_separacion_via","desc_restriccion"
2015,1851,19/01/2015,"Lunes",0,00:15:00,"Ruta Nacional 11","0.0",1,"Moto/Ciclomotor","Av Blas Parera Y Vieytes",1,0,0,0,0,1,0,"-31.596425, -60.723072","Ruta",11,"SANTA FE","La Capital","Hormigón","No existe","I","Dentro","Urbana","Semáforo","Funciona","Intersección","Deteriorada","S/D","Nocturna,Con luz artificial","Buen Tiempo","S/D","S/D","Caída ocupante","S/D","S/D","Cordón divisorio","Sin restricción"
2015,1852,19/01/2015,"Lunes",0,03:15:00,"Ruta Provincial 1","2.0",1,"Moto/Ciclomotor"," ",1,0,0,0,0,1,0,"-31.596425, -60.723072","Ruta",1,"COLASTINE","La Capital","Asfalto","Ripio","I","Dentro","Urbana","Ninguna","No existe","Recta","Bueno","S/D","Nocturna,Con luz artificial","Buen Tiempo","S/D","S/D","Caída ocupante","S/D","S/D","Línea divisoria pintada","Sin restricción"
2015,1853,17/04/2015,"Viernes",0,18:40:00,,"0.0",2,"Moto/Ciclomotor,Automóvil","Av. Ovidio Lagos Y Hilarion de la Quintana",2,1,0,0,1,0,0,,"Avenida",,"ROSARIO","Rosario","Asfalto","Pavimento","II","Dentro","Urbana","Semáforo","Funciona","Intersección","Bueno","Buena","Diurna","Buen Tiempo","De alcance","S/D","Colisión","S/D","Vertical","Ninguna","Sin restricción"
2015,1854,21/04/2015,"Martes",0,09:40:00,,"0.0",2,"Peatón,Automóvil","Gaboto Y Londres",2,1,0,0,1,0,0,,"Calle",,"ROSARIO","Rosario","Asfalto","No existe","II","S/D","Urbana","Ninguna","No existe","Intersección","Bueno","Buena","Diurna","Buen Tiempo","S/D","S/D","Atropello","Ninguna","Faltante","Cordón divisorio","Sin restricción"
2015,1855,01/04/2015,"Miercoles",0,10:30:00,,"0.0",2,"Bicicleta,Automóvil","Av. Battle y Ordoñez Y Entre Rios",2,1,0,0,1,0,0,,"Avenida",,"ROSARIO","Rosario","Asfalto","No existe","II","S/D","Urbana","Ninguna","No existe","Recta","Bueno","Buena","Diurna","Otro","S/D","S/D","Atropello","S/D","Horizontal","Cordón divisorio","Desvío Provisorio"
2015,1856,16/04/2015,"Jueves",0,20:30:00,,"0.0",2,"Automóvil,Moto/Ciclomotor","Reconquista Y Dr.Victor Cue Bis",3,2,0,0,1,0,0,,"Calle",,"ROSARIO","Rosario","Asfalto","No existe","II","S/D","Urbana","Ninguna","No existe","Recta","Bueno","Buena","Nocturna","Buen Tiempo","De alcance","S/D","Colisión","S/D","S/D","Ninguna","Sin restricción"
2015,1857,09/04/2015,"Jueves",0,21:00:00,,"0.0",2,"Peatón,Moto/Ciclomotor","Alsina Y Centeno",2,0,1,0,1,0,0,,"Calle",,"ROSARIO","Rosario","Tierra","No existe","II","Dentro","Urbana","Ninguna","No existe","Intersección","Deteriorada","Buena","Nocturna","Buen Tiempo","S/D","S/D","Atropello","Ninguna","Faltante","Ninguna","Sin restricción"
2015,1858,03/04/2015,"Viernes",0,13:50:00,,"0.0",2,"Moto/Ciclomotor,Automóvil","Bv. Avellaneda Y Albert Sabin",2,1,0,0,1,0,0,,"Calle",,"ROSARIO","Rosario","Asfalto","S/D","II","S/D","Urbana","S/D","S/D","Intersección","S/D","S/D","Diurna","S/D","S/D","S/D","Colisión","S/D","S/D","S/D","S/D"
2015,1859,17/04/2015,"Viernes",0,20:15:00,,"0.0",2,"Automóvil,Moto/Ciclomotor","J.J.Paso Y Larrea",2,1,0,0,1,0,0,,"S/D",,"ROSARIO","Rosario","Asfalto","No existe","II","S/D","S/D","Ninguna","No existe","Recta","Bueno","Buena","Nocturna","Buen Tiempo","De alcance","S/D","Colisión","S/D","S/D","Ninguna","Sin restricción"
2015,1860,29/04/2015,"Miercoles",0,19:15:00,,"0.0",2,"Automóvil,Bicicleta","Mendoza 4100",2,1,0,0,1,0,0,,"Calle",,"ROSARIO","Rosario","Asfalto","S/D","II","Dentro","Urbana","S/D","S/D","S/D","S/D","S/D","Atardecer","S/D","S/D","S/D","Atropello","S/D","S/D","S/D","S/D"
2015,1861,19/04/2015,"Domingo",0,07:40:00,,"0.0",2,"Automóvil,Automóvil","Rep.Dominicana Y Velez Sarsfield",3,1,0,0,1,0,1,,"Calle",,"ROSARIO","Rosario","Asfalto","S/D","II","S/D","Urbana","S/D","S/D","Intersección","S/D","S/D","Diurna","S/D","S/D","S/D","Colisión","S/D","S/D","S/D","S/D"
2015,1862,29/03/2015,"Domingo",0,09:15:00,,"0.0",1,"Transporte de Pasajeros Urbano (> 8 asientos)","Av. Battle y Ordoñez Y Entre Rios",3,2,0,0,1,0,0,,"Avenida",,"ROSARIO","Rosario","Asfalto","No existe","II","S/D","Urbana","Ninguna","No existe","Recta","Bueno","Buena","Diurna","S/D","Contra objeto fijo","S/D","Colisión","S/D","Horizontal","Cordón divisorio","Desvío Provisorio"
2015,1863,27/04/2015,"Lunes",0,21:30:00,,"0.0",2,"Peatón,Automóvil","Av. Battle y Ordoñez Y Balcarce",2,1,0,0,1,0,0,,"Avenida",,"ROSARIO","Rosario","Asfalto","Pavimento","II","Dentro","Urbana","Ninguna","Funciona","Intersección","Bueno","Buena","Nocturna","Buen Tiempo","S/D","S/D","Atropello","S/D","S/D","Ninguna","Sin restricción"
2015,1864,18/04/2015,"Sabado",0,15:20:00,,"0.0",2,"Moto/Ciclomotor,Bicicleta","J.B.Justo Y Cullen",2,1,0,0,1,0,0,,"S/D",,"ROSARIO","Rosario","Asfalto","No existe","II","S/D","Urbana","Ninguna","No existe","Recta","Bueno","Buena","Diurna","Buen Tiempo","S/D","S/D","Atropello","S/D","S/D","Ninguna","Sin restricción"
2015,1865,28/04/2015,"Martes",0,15:30:00,,"0.0",2,"Moto/Ciclomotor,Automóvil","Junin Y Echeverria Bis",3,0,0,0,0,0,3,,"S/D",,"ROSARIO","Rosario","Asfalto","S/D","II","S/D","Urbana","S/D","S/D","Intersección","S/D","Buena","Diurna","Buen Tiempo","Lateral","S/D","Caída ocupante","S/D","S/D","Ninguna","S/D"
2015,1866,28/04/2015,"Martes",0,,,"0.0",2,"Automóvil,Automóvil","Bv. Oroño 5800",3,2,0,0,1,0,0,,"Avenida",,"ROSARIO","Rosario","Asfalto","Pavimento","II","Dentro","Urbana","Ninguna","S/D","Recta","Bueno","Reducida","Con luz artificial","Buen Tiempo","Lateral","S/D","Colisión","S/D","S/D","S/D","Sin restricción"
2015,1867,08/04/2015,"Miercoles",0,20:05:00,,"0.0",2,"Pickup/Utilitario,Bicicleta","Maestro Massa Y Ing.Laporte",3,1,0,0,2,0,0,,"Calle",,"ROSARIO","Rosario","Asfalto","No existe","II","Dentro","Urbana","Ninguna","No existe","Intersección","Bueno","Buena","Nocturna,Con luz artificial","Buen Tiempo","S/D","S/D","Atropello","S/D","Faltante","Ninguna","Sin restricción"
2015,1868,06/04/2015,"Lunes",0,18:20:00,,"0.0",3,"Automóvil,Automóvil,Automóvil","Bv. Avellaneda Y Albert Sabin",3,1,0,0,1,0,1,,"Calle",,"ROSARIO","Rosario","Asfalto","S/D","II","S/D","Urbana","S/D","S/D","Intersección","S/D","S/D","Diurna","S/D","S/D","S/D","Colisión","S/D","S/D","S/D","S/D"
2015,1869,06/04/2015,"Lunes",0,18:50:00,,"0.0",2,"Bicicleta,Automóvil","L.Braile Y Varela",2,1,0,0,1,0,0,,"Calle",,"ROSARIO","Rosario","Asfalto","No existe","II","Dentro","Urbana","Ninguna","No existe","Intersección","Bueno","Buena","Diurna","Buen Tiempo","S/D","S/D","Atropello","Otro","Faltante","Ninguna","Sin restricción"
2015,1870,28/04/2015,"Martes",0,21:30:00,,"0.0",2,"Automóvil,Moto/Ciclomotor","Pje. Pelayo Y Olavarria Bis",3,2,0,0,1,0,0,,"Calle",,"ROSARIO","Rosario","Asfalto","No existe","II","S/D","Urbana","Ninguna","No existe","Recta","Bueno","Buena","Nocturna","Buen Tiempo","De alcance","S/D","Colisión","S/D","S/D","Ninguna","Sin restricción"
2015,1871,01/04/2015,"Miercoles",0,00:40:00,,"0.0",2,"Moto/Ciclomotor,Automóvil","Av. Ntra.Sra.del Rosario Y Lituania",3,2,0,0,1,0,0,,"Avenida",,"ROSARIO","Rosario","Asfalto","No existe","II","S/D","Urbana","Ninguna","No existe","Intersección","Bueno","Buena","Nocturna,Con luz artificial","S/D","S/D","S/D","Colisión","S/D","Horizontal","Cordón divisorio","Sin restricción"
2015,1872,06/04/2015,"Lunes",0,09:25:00,,"0.0",1,"Moto/Ciclomotor","España Y Av. Circunvalacion",2,2,0,0,0,0,0,,"Calle",,"ROSARIO","Rosario","Asfalto","S/D","II","Dentro","Urbana","Ninguna","No existe","Recta","Bueno","Buena","Diurna","S/D","S/D","S/D","Colisión","Ninguna","Faltante","S/D","Sin restricción"
2015,1873,13/04/2015,"Lunes",0,14:20:00,,"0.0",2,"Automóvil,Camión","Albert Sabin Y Velez Sarsfield",3,2,0,0,1,0,0,,"Calle",,"ROSARIO","Rosario","Asfalto","S/D","II","S/D","Urbana","S/D","S/D","Intersección","S/D","S/D","Diurna","S/D","S/D","S/D","Colisión","S/D","S/D","S/D","S/D"
2015,1874,01/04/2015,"Miercoles",0,14:00:00,,"0.0",1,"Moto/Ciclomotor","Av. Ntra.Sra.del Rosario Y Av. Circunvalacion",2,2,0,0,0,0,0,,"Avenida",,"ROSARIO","Rosario","Asfalto","Pavimento","II","S/D","Urbana","Marca Vial","No existe","Pendiente","Bueno","S/D","Diurna","S/D","Otro","S/D","Caída ocupante","S/D","Horizontal","Guardarrail","Sin restricción"
2015,1875,01/04/2015,"Miercoles",0,18:40:00,,"0.0",2,"Automóvil,Moto/Ciclomotor","Av. Provincias Unidas Y J.J.Paso",2,1,0,0,1,0,0,,"Avenida",,"ROSARIO","Rosario","Asfalto","No existe","II","Dentro","Urbana","Ninguna","No existe","Curva","Bueno","Buena","Atardecer","Buen Tiempo","S/D","S/D","Colisión","S/D","S/D","Ninguna","Sin restricción"
2015,1876,30/03/2015,"Lunes",0,09:25:00,,"0.0",2,"Moto/Ciclomotor,Camión","Av. Arijon Y San Martin",2,1,0,0,1,0,0,,"Calle",,"ROSARIO","Rosario","Asfalto","No existe","II","Dentro","Urbana","Ninguna","Funciona","Recta","Bueno","Buena","Atardecer","Otro","Contra objeto fijo","S/D","Caída ocupante,Colisión","Ninguna","Vertical","Línea divisoria pintada","Sin restricción"
2015,1877,11/04/2015,"Sabado",0,12:00:00,,"0.0",2,"Peatón,Pickup/Utilitario","Cabildo 600",2,1,0,0,1,0,0,,"Calle",,"ROSARIO","Rosario","Asfalto","No existe","II","Dentro","Urbana","Ninguna","No existe","Recta","Bueno","Buena","Diurna","S/D","S/D","S/D","Atropello","Ninguna","Horizontal","Ninguna","Sin restricción"
2015,1878,09/04/2015,"Jueves",0,17:30:00,,"0.0",2,"Automóvil,Moto/Ciclomotor","Av. Sorrento Y Av. Circunvalacion",2,1,0,0,1,0,0,,"Avenida",,"ROSARIO","Rosario","Asfalto","No existe","II","S/D","Urbana","S/D","No existe","Recta","Con baches","Buena","Diurna","S/D","S/D","S/D","S/D","S/D","S/D","S/D","S/D"
2015,1879,04/04/2015,"Sabado",0,11:30:00,,"0.0",2,"Moto/Ciclomotor,Automóvil","Av. Ovidio Lagos ",2,1,0,0,1,0,0,,"Avenida",,"ROSARIO","Rosario","Asfalto","Pavimento","II","Dentro","Urbana","Semáforo","Funciona","Intersección","Bueno","Buena","Diurna","Buen Tiempo","De alcance","S/D","Colisión","S/D","Vertical","Ninguna","Sin restricción"
2015,1880,24/04/2015,"Viernes",0,11:30:00,,"0.0",2,"Automóvil,Automóvil","Maipu 1700",2,1,0,0,1,0,0,,"S/D",,"ROSARIO","Rosario","Asfalto","No existe","II","Dentro","Urbana","Ninguna","No existe","Recta","Bueno","Buena","Diurna","Buen Tiempo","De alcance","S/D","Colisión","Ninguna","Faltante","S/D","Sin restricción"
2015,1881,27/04/2015,"Lunes",0,05:50:00,,"0.0",2,"Bicicleta,Automóvil","Bv. Oroño Y Av. Battle y Ordoñez",2,1,0,0,1,0,0,,"Avenida",,"ROSARIO","Rosario","Asfalto","Pavimento","II","Dentro","Urbana","Ninguna","Intermitente","Intersección","Bueno","Reducida","Nocturna","Buen Tiempo","S/D","S/D","Atropello","S/D","S/D","S/D","Sin restricción"
2015,1882,24/04/2015,"Viernes",0,17:40:00,,"0.0",2,"Moto/Ciclomotor,Automóvil","Bv. 27 De Febrero Y Esmeralda",3,2,0,0,1,0,0,,"Avenida",,"ROSARIO","Rosario","Asfalto","No existe","II","Dentro","Urbana","Ninguna","No existe","Intersección","Bueno","Buena","Diurna","Buen Tiempo","Lateral","S/D","Colisión","Ninguna","Faltante","Cordón divisorio","Sin restricción"
2015,1883,01/04/2015,"Miercoles",0,17:00:00,,"0.0",2,"Moto/Ciclomotor,Automóvil","Pje. Chiola ",2,1,0,0,1,0,0,,"Calle",,"ROSARIO","Rosario","Asfalto","No existe","II","Dentro","Urbana","Ninguna","No existe","Intersección","Con baches","S/D","Diurna","S/D","S/D","S/D","Colisión","S/D","S/D","Ninguna","Sin restricción"
2015,1884,21/04/2015,"Martes",0,14:30:00,,"0.0",1,"Taxi/Remis","J.M.de Rosas Y Pasco",2,1,0,0,1,0,0,,"Calle",,"ROSARIO","Rosario","Asfalto","No existe","II","Dentro","Urbana","Ninguna","No existe","Intersección","Bueno","Buena","Diurna","Buen Tiempo","Contra objeto fijo","S/D","Colisión","Ninguna","Faltante","Ninguna","Sin restricción"
2015,1885,09/04/2015,"Jueves",0,19:30:00,,"0.0",2,"Taxi/Remis,Peatón","Larrea Y J.J.Paso",2,1,0,0,0,0,1,,"S/D",,"ROSARIO","Rosario","Asfalto","S/D","II","S/D","Urbana","S/D","S/D","Recta","Bueno","S/D","S/D","S/D","S/D","S/D","Atropello","S/D","S/D","S/D","S/D"
2015,1886,11/04/2015,"Sabado",0,18:10:00,,"0.0",2,"Moto/Ciclomotor,Automóvil","Leiva Y Av. Battle y Ordoñez",2,1,0,0,1,0,0,,"Calle",,"ROSARIO","Rosario","Asfalto","No existe","II","S/D","Urbana","Ninguna","No existe","Intersección","Bueno","Buena","Diurna","S/D","Lateral","S/D","Colisión","S/D","S/D","Ninguna","S/D"
2015,1887,11/04/2015,"Sabado",0,,,"0.0",2,"Peatón,Otros","J.B.Justo Y Cullen",2,1,0,0,0,0,1,,"S/D",,"ROSARIO","Rosario","S/D","S/D","II","S/D","Urbana","S/D","S/D","S/D","S/D","S/D","S/D","S/D","S/D","S/D","Atropello","S/D","S/D","S/D","S/D"
2015,1888,14/04/2015,"Martes",0,17:00:00,,"0.0",2,"Moto/Ciclomotor,Automóvil","Av. Bermudez Y Anchorena",3,2,0,0,1,0,0,,"Calle",,"ROSARIO","Rosario","Asfalto","No existe","II","S/D","Urbana","Ninguna","No existe","Intersección","Bueno","Buena","Diurna","Buen Tiempo","Lateral","S/D","Colisión","S/D","S/D","Ninguna","Sin restricción"
2015,1889,17/04/2015,"Viernes",0,14:50:00,,"0.0",2,"Moto/Ciclomotor,Automóvil","Bv. Oroño Y Anchorena",2,1,0,0,1,0,0,,"Calle",,"ROSARIO","Rosario","Asfalto","Pavimento","II","Dentro","Urbana","Ninguna","S/D","Intersección","Bueno","Buena","Diurna","Buen Tiempo","Lateral","S/D","Colisión","S/D","S/D","Ninguna","Sin restricción"
2015,1890,16/04/2015,"Jueves",0,22:50:00,,"0.0",2,"Automóvil,Moto/Ciclomotor","Junin Y Falucho Bis",2,1,0,0,1,0,0,,"Calle",,"ROSARIO","Rosario","Asfalto","S/D","II","S/D","Urbana","S/D","S/D","Intersección","S/D","S/D","S/D","S/D","S/D","S/D","Colisión","S/D","S/D","S/D","S/D"
2015,1891,19/04/2015,"Domingo",0,12:10:00,,"0.0",2,"Bicicleta,Automóvil","Av. Castro Barros Y Sanchez de Bustamante",2,1,0,0,1,0,0,,"Calle",,"ROSARIO","Rosario","Asfalto","No existe","II","S/D","Urbana","Ninguna","No existe","Intersección","Bueno","Buena","Diurna","S/D","S/D","S/D","Atropello","S/D","S/D","Ninguna","Sin restricción"
2015,1892,01/04/2015,"Miercoles",0,,,"0.0",1,"Otros"," ",1,0,0,0,0,0,1,,"S/D",,"ROSARIO","Rosario","S/D","S/D","II","S/D","S/D","S/D","S/D","S/D","S/D","S/D","S/D","S/D","S/D","S/D","S/D","S/D","S/D","S/D","S/D"
2015,1893,10/04/2015,"Viernes",0,13:20:00,,"0.0",2,"Automóvil,Moto/Ciclomotor","Albert Sabin Y Cangallo",2,1,0,0,1,0,0,,"Calle",,"ROSARIO","Rosario","Asfalto","S/D","II","S/D","Urbana","S/D","S/D","Intersección","S/D","S/D","S/D","S/D","S/D","S/D","Colisión","S/D","S/D","S/D","S/D"
2015,1894,17/04/2015,"Viernes",0,07:30:00,,"0.0",2,"Automóvil,Camión","Ayacucho Y J.M.Gutierrez",2,1,0,0,1,0,0,,"Calle",,"ROSARIO","Rosario","Asfalto","No existe","II","Dentro","Urbana","Ninguna","No existe","Recta","Bueno","Buena","Diurna","Lluvia","De alcance","S/D","Colisión","S/D","S/D","Línea divisoria pintada","Sin restricción"
2015,1895,09/04/2015,"Jueves",0,13:50:00,,"0.0",2,"Peatón,Automóvil","Bv. Oroño Y Av. Arijon",2,1,0,0,1,0,0,,"Calle",,"ROSARIO","Rosario","Asfalto","Pavimento","II","Dentro","Urbana","Ninguna","Funciona","Intersección","Bueno","Buena","Diurna","Buen Tiempo","S/D","S/D","Atropello","S/D","Vertical","Ninguna","Sin restricción"
2015,1896,03/04/2015,"Viernes",0,22:15:00,,"0.0",2,"Automóvil,Moto/Ciclomotor","Av. Circunvalacion Y Av. Sorrento",2,1,0,0,1,0,0,,"Avenida",,"ROSARIO","Rosario","Asfalto","S/D","II","S/D","Urbana","Ninguna","S/D","Recta","Bueno","S/D","S/D","Buen Tiempo","S/D","S/D","Colisión","S/D","Vertical","Ninguna","Sin restricción"
2015,1897,23/04/2015,"Jueves",0,13:30:00,,"0.0",2,"Automóvil,Moto/Ciclomotor","Callao Y Cordoba",2,1,0,0,0,0,1,,"Calle",,"ROSARIO","Rosario","S/D","S/D","II","Dentro","Urbana","S/D","S/D","S/D","S/D","S/D","S/D","S/D","S/D","S/D","S/D","S/D","S/D","S/D","S/D"
2015,1898,05/04/2015,"Domingo",0,00:50:00,,"0.0",2,"Taxi/Remis,Peatón","La Republica Y Olavarria Bis",2,1,0,0,1,0,0,,"S/D",,"ROSARIO","Rosario","Asfalto","No existe","II","S/D","S/D","Ninguna","No existe","Recta","Bueno","Buena","Nocturna","Buen Tiempo","S/D","S/D","Atropello","S/D","S/D","Ninguna","Sin restricción"
2015,1899,12/04/2015,"Domingo",0,15:00:00,,"0.0",2,"Moto/Ciclomotor,Automóvil","Buenos Aires Y Galvez",2,0,1,0,1,0,0,,"Calle",,"ROSARIO","Rosario","Asfalto","No existe","II","Dentro","Urbana","Ninguna","No existe","Recta","Bueno","Buena","Diurna","Buen Tiempo","De alcance","S/D","Colisión","Ninguna","Faltante","Ninguna","Sin restricción"
2015,1900,01/04/2015,"Miercoles",1,,,"0.0",2,"Automóvil,Moto/Ciclomotor","J.J.Paso Y Mejico B",2,1,0,0,1,0,0,,"S/D",,"ROSARIO","Rosario","S/D","S/D","II","S/D","S/D","S/D","S/D","S/D","S/D","S/D","S/D","S/D","S/D","S/D","S/D","S/D","S/D","S/D","S/D"
2015,1901,08/04/2015,"Miercoles",0,08:00:00,,"0.0",2,"Automóvil,Moto/Ciclomotor","Bv. 27 De Febrero Y Colon",2,1,0,0,1,0,0,,"Avenida",,"ROSARIO","Rosario","Asfalto","No existe","II","Dentro","Urbana","Semáforo","Funciona","Intersección","Bueno","Buena","Diurna","Buen Tiempo","Lateral","S/D","Colisión","Ninguna","Vertical","Cordón divisorio","Sin restricción"
2015,1902,08/04/2015,"Miercoles",0,06:00:00,,"0.0",2,"Moto/Ciclomotor,Taxi/Remis","Catamarca Y Pte.Roca",3,2,0,0,1,0,0,,"Calle",,"ROSARIO","Rosario","Asfalto","No existe","II","Dentro","Urbana","Ninguna","No existe","Intersección","Bueno","Buena","Diurna","Buen Tiempo","Lateral","S/D","Colisión","S/D","Faltante","Ninguna","Sin restricción"
2015,1903,21/04/2015,"Martes",0,19:10:00,,"0.0",2,"Moto/Ciclomotor,Bicicleta"," ",2,0,0,0,0,0,2,,"S/D",,"ROSARIO","Rosario","S/D","S/D","II","S/D","S/D","S/D","S/D","S/D","S/D","S/D","S/D","S/D","S/D","S/D","Atropello","S/D","S/D","S/D","S/D"
2015,1904,08/04/2015,"Miercoles",0,10:10:00,,"0.0",2,"Moto/Ciclomotor,Automóvil","Av. Battle y Ordoñez Y Av. Circunvalacion",2,1,0,0,1,0,0,,"Avenida",,"ROSARIO","Rosario","Asfalto","Pavimento","II","S/D","Urbana","Semáforo","Funciona","Intersección","Bueno","Buena","Diurna","Buen Tiempo","S/D","S/D","Colisión","S/D","Vertical","Ninguna","Sin restricción"
2015,1905,26/04/2015,"Domingo",0,04:35:00,,"0.0",2,"Taxi/Remis,Moto/Ciclomotor","San Luis Y Suipacha",4,2,0,0,2,0,0,,"Calle",,"ROSARIO","Rosario","S/D","S/D","II","Dentro","Urbana","S/D","S/D","S/D","S/D","S/D","Amanecer","S/D","S/D","S/D","Colisión","S/D","S/D","S/D","S/D"
2015,1906,01/04/2015,"Miercoles",0,,,"0.0",2,"Moto/Ciclomotor,Pickup/Utilitario","Servando Bayo Y Mendoza",2,1,0,0,1,0,0,,"Calle",,"ROSARIO","Rosario","S/D","S/D","II","Dentro","Urbana","S/D","S/D","S/D","S/D","S/D","S/D","S/D","S/D","S/D","S/D","S/D","S/D","S/D","S/D"
2015,1907,23/04/2015,"Jueves",0,16:20:00,,"0.0",2,"Moto/Ciclomotor,Automóvil","Italia Y Sanchez de Bustamante",2,1,0,0,1,0,0,,"Calle",,"ROSARIO","Rosario","Asfalto","S/D","II","Dentro","Urbana","Ninguna","S/D","Recta","Bueno","Buena","Diurna","Buen Tiempo","Lateral","S/D","Colisión","S/D","S/D","Ninguna","Sin restricción"
2015,1908,14/04/2015,"Martes",0,07:15:00,,"0.0",2,"Moto/Ciclomotor,Automóvil","Av. Ovidio Lagos Y Av. Battle y Ordoñez",3,2,0,0,1,0,0,,"Avenida",,"ROSARIO","Rosario","Asfalto","Pavimento","II","Dentro","Urbana","Semáforo","Funciona","Intersección","Bueno","Buena","Diurna","Buen Tiempo","De alcance","S/D","Colisión","S/D","Vertical","Ninguna","Sin restricción"
2015,1909,22/04/2015,"Miercoles",0,14:25:00,,"0.0",4,"Automóvil,Taxi/Remis,Automóvil,Automóvil","Av. Ovidio Lagos 900",6,0,0,2,4,0,0,,"Avenida",,"ROSARIO","Rosario","S/D","S/D","II","Dentro","Urbana","S/D","S/D","S/D","S/D","S/D","Diurna","S/D","Múltiple","S/D","Colisión","S/D","S/D","S/D","S/D"
2015,1910,06/04/2015,"Lunes",0,18:50:00,,"0.0",2,"Automóvil,Moto/Ciclomotor","Av. Genova Y Olavarria Bis",2,1,0,0,1,0,0,,"S/D",,"ROSARIO","Rosario","Asfalto","No existe","II","S/D","Urbana","Ninguna","No existe","Intersección","Bueno","Buena","Amanecer","Buen Tiempo","S/D","S/D","Colisión","S/D","S/D","Ninguna","Sin restricción"
2015,1911,17/04/2015,"Viernes",0,19:50:00,,"0.0",2,"Automóvil,Automóvil","Av. Battle y Ordoñez Y Entre Rios",4,2,0,0,2,0,0,,"Avenida",,"ROSARIO","Rosario","Asfalto","No existe","II","Dentro","Urbana","Ninguna","No existe","Intersección","Bueno","Buena","Atardecer","Otro","Otro","S/D","Colisión","Ninguna","Horizontal","Cordón divisorio","Desvío Provisorio"
2015,1912,19/04/2015,"Domingo",0,21:00:00,,"0.0",2,"Automóvil,Moto/Ciclomotor","Castellanos Y San Juan",4,2,0,0,2,0,0,,"Calle",,"ROSARIO","Rosario","S/D","S/D","II","Dentro","Urbana","S/D","S/D","S/D","S/D","S/D","Nocturna","S/D","S/D","S/D","S/D","S/D","S/D","S/D","S/D"
2015,1913,23/04/2015,"Jueves",0,18:30:00,,"0.0",2,"Moto/Ciclomotor,Pickup/Utilitario","Benito Juarez Y Callao",3,2,0,0,1,0,0,,"Calle",,"ROSARIO","Rosario","Asfalto","Pavimento","II","Dentro","Urbana","Ninguna","No existe","Intersección","Bueno","Buena","Diurna","Buen Tiempo","Lateral","S/D","Colisión","S/D","S/D","Ninguna","Sin restricción"
2015,1914,13/04/2015,"Lunes",0,07:30:00,,"0.0",2,"Bicicleta,Automóvil","San Juan Y Vera Mujica",3,2,0,0,1,0,0,,"Calle",,"ROSARIO","Rosario","S/D","S/D","II","Dentro","Urbana","S/D","S/D","S/D","S/D","S/D","Diurna","S/D","S/D","S/D","Atropello","S/D","S/D","S/D","S/D"
2015,1915,27/04/2015,"Lunes",0,15:00:00,,"0.0",2,"Pickup/Utilitario,Moto/Ciclomotor","Baigorria Y Cavia",2,1,0,0,1,0,0,,"Calle",,"ROSARIO","Rosario","Asfalto","No existe","II","S/D","Urbana","Ninguna","No existe","Intersección","Bueno","Buena","Diurna","Buen Tiempo","Lateral","S/D","Colisión","S/D","Faltante","Ninguna","Sin restricción"
2015,1916,13/04/2015,"Lunes",0,08:00:00,,"0.0",2,"Moto/Ciclomotor,Pickup/Utilitario","San Luis Y Alsina",3,2,0,0,1,0,0,,"Calle",,"ROSARIO","Rosario","S/D","S/D","II","Dentro","Urbana","S/D","S/D","S/D","S/D","S/D","Diurna","S/D","S/D","S/D","Colisión","S/D","S/D","S/D","S/D"
2015,1917,08/04/2015,"Miercoles",0,15:30:00,,"0.0",2,"Automóvil,Moto/Ciclomotor","Av. Provincias Unidas Bis 800",3,2,0,0,0,0,1,,"Avenida",,"ROSARIO","Rosario","Asfalto","No existe","II","S/D","S/D","Ninguna","No existe","Recta","Bueno","S/D","S/D","Buen Tiempo","S/D","S/D","Colisión","S/D","S/D","Ninguna","Sin restricción"
2015,1918,17/04/2015,"Viernes",0,17:30:00,,"0.0",3,"Pickup/Utilitario,Pickup/Utilitario,Automóvil","Av. Bermudez Y Lainez",5,4,0,0,1,0,0,,"Avenida",,"ROSARIO","Rosario","Asfalto","No existe","II","Dentro","Urbana","Ninguna","No existe","Recta","Bueno","Buena","Diurna","Otro","Múltiple","S/D","Colisión","Otro","Horizontal","Ninguna","Sin restricción"
2015,1919,19/04/2015,"Domingo",0,,,"0.0",2,"Moto/Ciclomotor,Automóvil","Bv. Avellaneda Y Mendoza",2,1,0,0,1,0,0,,"Calle",,"ROSARIO","Rosario","S/D","S/D","II","Dentro","Urbana","S/D","S/D","S/D","S/D","S/D","S/D","S/D","S/D","S/D","Colisión","S/D","S/D","S/D","S/D"
2015,1920,01/04/2015,"Miercoles",0,19:10:00,,"0.0",2,"Moto/Ciclomotor,Automóvil","Av. Arijon Y Santiago",2,1,0,0,1,0,0,,"Avenida",,"ROSARIO","Rosario","Asfalto","Pavimento","II","Dentro","Urbana","Ninguna","No existe","Recta","Bueno","Buena","Atardecer","S/D","Lateral","S/D","Colisión","S/D","Vertical","Línea divisoria pintada","Sin restricción"
2015,1921,15/04/2015,"Miercoles",0,09:15:00,,"0.0",3,"Automóvil,Automóvil,Automóvil","Alsina Y Montevideo",3,1,0,0,2,0,0,,"Calle",,"ROSARIO","Rosario","S/D","S/D","II","Dentro","Urbana","S/D","S/D","S/D","S/D","S/D","Diurna","S/D","S/D","S/D","Colisión","S/D","S/D","S/D","S/D"