"anio_acci","nro_acci","fecha","desc_dia","fecha_aprox","hora_aprox","desc_ruta","km","cant_participantes","desc_participante","calle_avenida_km","total","heridos_leves","heridos_graves","heridos_gravisimos","ilesos","fallecidos","sin_datos","posicion_XY","desc_tipo_via","desc_ruta_ori","desc_loc","desc_dpto","desc_tipo_calzada","desc_tipo_banquina","desc_unidad_regional","desc_lugar_calzada","desc_zona","desc_prioridad","desc_estado_semaforo","desc_lugar_via","desc_estado_via","desc_estado_visibilidad","desc_luminosidad","desc_estado_clima","desc_tipo_colision","desc_tipo_atropello","desc_tipo_hecho","desc_pres_calzada","desc_senializacion","desc_separacion_via","desc_restriccion"
2015,1922,08/04/2015,"Miercoles",0,16:00:00,,"0.0",2,"Automóvil,Camión"," ",5,2,0,0,3,0,0,,"S/D",,"ROSARIO","Rosario","S/D","S/D","II","Dentro","Urbana","S/D","S/D","S/D","S/D","S/D","Diurna","S/D","S/D","S/D","Colisión","S/D","S/D","S/D","S/D"
2015,1923,01/04/2015,"Miercoles",0,12:10:00,,"0.0",2,"Pickup/Utilitario,Moto/Ciclomotor","J.J.Paso Y Solis",3,1,0,0,0,0,2,,"S/D",,"ROSARIO","Rosario","Asfalto","S/D","II","S/D","Urbana","S/D","S/D","Recta","Bueno","S/D","S/D","S/D","S/D","S/D","S/D","S/D","S/D","S/D","S/D"
2015,1924,18/04/2015,"Sabado",0,,,"0.0",2,"Bicicleta,Automóvil","Pueyrredon Y Montevideo",2,1,0,0,1,0,0,,"Calle",,"ROSARIO","Rosario","S/D","S/D","II","Dentro","Urbana","S/D","S/D","S/D","S/D","S/D","S/D","S/D","S/D","S/D","Atropello","S/D","S/D","S/D","S/D"
2015,1925,15/04/2015,"Miercoles",0,19:00:00,,"0.0",6,"Automóvil,Taxi/Remis,Automóvil,Automóvil,Automóvil,Automóvil","Cordoba Y Parana",7,2,0,0,5,0,0,,"Calle",,"ROSARIO","Rosario","S/D","S/D","II","Dentro","Urbana","S/D","S/D","S/D","S/D","S/D","Nocturna","S/D","Múltiple","S/D","Colisión","S/D","S/D","S/D","S/D"
2015,1926,02/04/2015,"Jueves",0,19:40:00,,"0.0",2,"Automóvil,Transporte de Pasajeros Larga Distancia (Piso  y  1/2)","9 De Julio Y Bv. Avellaneda",3,1,0,0,0,0,2,,"S/D",,"ROSARIO","Rosario","Asfalto","S/D","II","Dentro","Urbana","S/D","S/D","S/D","S/D","S/D","Atardecer","S/D","S/D","S/D","Colisión","S/D","S/D","S/D","S/D"
2015,1927,14/04/2015,"Martes",0,15:30:00,,"0.0",2,"Moto/Ciclomotor,Automóvil","Av. Arijon Y Mariano Moreno",2,1,0,0,1,0,0,,"Avenida",,"ROSARIO","Rosario","Asfalto","Pavimento","II","Dentro","Urbana","Ninguna","Funciona","Intersección","Bueno","Buena","Diurna","Buen Tiempo","Lateral","S/D","Colisión","S/D","Vertical","Ninguna","Sin restricción"
2015,1928,01/04/2015,"Miercoles",0,08:30:00,,"0.0",2,"Camión,Automóvil","Av. Pellegrini Y Iriondo",4,2,0,0,1,0,1,,"Calle",,"ROSARIO","Rosario","Asfalto","S/D","II","Dentro","Urbana","S/D","S/D","S/D","S/D","S/D","S/D","S/D","S/D","S/D","Colisión","S/D","S/D","S/D","S/D"
2015,1929,15/04/2015,"Miercoles",0,21:30:00,,"0.0",2,"Automóvil,Moto/Ciclomotor","Lavalle Y 3 De Febrero",2,1,0,0,1,0,0,,"Calle",,"ROSARIO","Rosario","Asfalto","S/D","II","Dentro","Urbana","S/D","S/D","S/D","S/D","S/D","S/D","S/D","S/D","S/D","Colisión","S/D","S/D","S/D","S/D"
2015,1930,14/04/2015,"Martes",0,20:05:00,,"0.0",2,"Moto/Ciclomotor,Automóvil","Bv. Oroño Y Av. Ntra.Sra.del Rosario",2,1,0,0,1,0,0,,"Avenida",,"ROSARIO","Rosario","Asfalto","Pavimento","II","Dentro","Urbana","Ninguna","Funciona","Intersección","Bueno","Buena","Atardecer","Buen Tiempo","Frontal","S/D","Colisión","S/D","S/D","Ninguna","Sin restricción"
2015,1931,15/04/2015,"Miercoles",0,17:30:00,,"0.0",2,"Moto/Ciclomotor,Pickup/Utilitario","Zelaya Y P.Araoz",2,1,0,0,1,0,0,,"Calle",,"ROSARIO","Rosario","Asfalto","No existe","II","Dentro","Urbana","Ninguna","No existe","Recta","Bueno","Buena","Diurna","Buen Tiempo","Frontal","S/D","Colisión","S/D","Horizontal","Ninguna","Sin restricción"
2015,1933,01/04/2015,"Miercoles",0,15:45:00,,"0.0",2,"Moto/Ciclomotor,Automóvil","San Juan Y Vera Mujica",3,2,0,0,1,0,0,,"Calle",,"ROSARIO","Rosario","Asfalto","S/D","II","Dentro","Urbana","S/D","S/D","Intersección","S/D","S/D","Diurna","S/D","S/D","S/D","Colisión","S/D","S/D","S/D","S/D"
2015,1934,28/04/2015,"Martes",0,11:30:00,,"0.0",2,"Moto/Ciclomotor,Automóvil","Washington Y Darragueira",2,1,0,0,1,0,0,,"Calle",,"ROSARIO","Rosario","Asfalto","No existe","II","Dentro","Urbana","Señal Pare","No existe","Intersección","Bueno","Buena","Diurna","Buen Tiempo","Frontal","S/D","Colisión","S/D","Vertical","Ninguna","Sin restricción"
2015,1935,09/04/2015,"Jueves",0,13:50:00,,"0.0",3,"Taxi/Remis,Taxi/Remis,Pickup/Utilitario","Rioja Y Valparaiso",6,1,0,0,4,0,1,,"Calle",,"ROSARIO","Rosario","Asfalto","S/D","II","Dentro","Urbana","S/D","S/D","S/D","S/D","S/D","Diurna","S/D","S/D","S/D","S/D","S/D","S/D","S/D","S/D"
2015,1936,15/04/2015,"Miercoles",0,15:30:00,,"0.0",2,"Pickup/Utilitario,Peatón","Cordoba 3700",2,1,0,0,1,0,0,,"S/D",,"ROSARIO","Rosario","S/D","S/D","II","Dentro","Urbana","S/D","S/D","S/D","S/D","S/D","S/D","S/D","S/D","S/D","Atropello","S/D","S/D","S/D","S/D"
2015,1937,11/04/2015,"Sabado",0,17:30:00,,"0.0",2,"Moto/Ciclomotor,Moto/Ciclomotor","Cordoba Y Mariano Moreno",2,1,0,0,1,0,0,,"Calle",,"ROSARIO","Rosario","Asfalto","No existe","II","Dentro","Urbana","Policía de tránsito","No existe","Intersección","Bueno","Buena","Atardecer","Buen Tiempo","Lateral","S/D","Colisión","S/D","Faltante","Cordón divisorio","Desvío Provisorio"
2015,1938,22/04/2015,"Miercoles",0,13:25:00,,"0.0",2,"Automóvil,Pickup/Utilitario","Av. Pellegrini 900",2,1,0,0,1,0,0,,"Avenida",,"ROSARIO","Rosario","Asfalto","S/D","II","Dentro","Urbana","S/D","S/D","Recta","Bueno","Buena","Diurna","S/D","S/D","S/D","Colisión","S/D","S/D","Cordón divisorio","S/D"
2015,1939,13/04/2015,"Lunes",0,23:00:00,,"0.0",2,"Automóvil,Moto/Ciclomotor"," ",2,0,1,0,1,0,0,,"Calle",,"ROSARIO","Rosario","S/D","S/D","II","Dentro","Urbana","S/D","S/D","S/D","S/D","S/D","S/D","S/D","S/D","S/D","S/D","S/D","S/D","S/D","S/D"
2015,1940,02/04/2015,"Jueves",0,02:45:00,,"0.0",4,"Automóvil,Automóvil,Automóvil,Automóvil","Cordoba Y Av. Ovidio Lagos",9,6,0,0,3,0,0,,"S/D",,"ROSARIO","Rosario","Asfalto","S/D","II","Dentro","Urbana","S/D","S/D","S/D","S/D","S/D","S/D","S/D","S/D","S/D","Colisión","S/D","S/D","S/D","S/D"
2015,1941,24/04/2015,"Viernes",0,12:45:00,,"0.0",2,"Moto/Ciclomotor,Automóvil","Bv. Oroño Y Av. Battle y Ordoñez",3,2,0,0,1,0,0,,"Avenida",,"ROSARIO","Rosario","Asfalto","Pavimento","II","Dentro","Urbana","Ninguna","Funciona","Rotonda","Bueno","Buena","Diurna","Buen Tiempo","Lateral","S/D","Colisión","S/D","S/D","Ninguna","Sin restricción"
2015,1943,18/04/2015,"Sabado",0,20:00:00,,"0.0",2,"Moto/Ciclomotor,Automóvil","Lamadrid Y Santiago",2,1,0,0,1,0,0,,"Calle",,"ROSARIO","Rosario","Asfalto","Pavimento","II","Dentro","Urbana","S/D","S/D","Intersección","Bueno","Buena","Atardecer","Buen Tiempo","S/D","S/D","Colisión,Despiste","S/D","S/D","Ninguna","Sin restricción"
2015,1944,28/04/2015,"Martes",0,09:15:00,,"0.0",2,"Moto/Ciclomotor,Automóvil","Av. Battle y Ordoñez Y Buenos Aires",2,1,0,0,1,0,0,,"Calle",,"ROSARIO","Rosario","Asfalto","No existe","II","Dentro","Urbana","Ninguna","No existe","Intersección","Bueno","Buena","Diurna","Otro","Otro","S/D","Colisión","Ninguna","Horizontal","Línea divisoria pintada","Sin restricción"
2015,1945,23/04/2015,"Jueves",0,10:00:00,,"0.0",2,"Peatón,Pickup/Utilitario","3 De Febrero 700",2,0,1,0,1,0,0,,"Calle",,"ROSARIO","Rosario","Asfalto","S/D","II","Dentro","Urbana","S/D","S/D","Recta","Bueno","Buena","Diurna","S/D","S/D","S/D","Atropello","S/D","S/D","Cordón divisorio","S/D"
2015,1946,24/04/2015,"Viernes",0,18:45:00,,"0.0",2,"Bicicleta,Automóvil","Av. Battle y Ordoñez Y Laprida",2,1,0,0,1,0,0,,"Calle",,"ROSARIO","Rosario","Asfalto","No existe","II","Dentro","Urbana","Ninguna","Funciona","Intersección","Bueno","Buena","Atardecer","Otro","Otro","S/D","Atropello","Ninguna","Vertical","Línea divisoria pintada","Sin restricción"
2015,1947,10/04/2015,"Viernes",0,20:10:00,,"0.0",2,"Automóvil,Pickup/Utilitario","Bv. Oroño Y Salta",2,1,0,0,1,0,0,,"Avenida",,"ROSARIO","Rosario","Asfalto","No existe","II","Dentro","Urbana","Semáforo","Funciona","Intersección","Bueno","Buena","Nocturna,Con luz artificial","Buen Tiempo","De alcance","S/D","Colisión","S/D","Vertical","Cordón divisorio","Sin restricción"
2015,1948,17/04/2015,"Viernes",0,09:20:00,,"0.0",1,"Transporte de Pasajeros Urbano (> 8 asientos)","San Martin Y Ceibo",2,1,0,0,1,0,0,,"Avenida",,"ROSARIO","Rosario","Asfalto","No existe","II","Dentro","Urbana","Ninguna","No existe","Recta","Deteriorada","Buena","Diurna","Otro","S/D","S/D","Caída ocupante","Ninguna","Horizontal","Ninguna","Sin restricción"
2015,1949,26/04/2015,"Domingo",0,19:00:00,,"0.0",2,"Automóvil,Moto/Ciclomotor","Av. Provincias Unidas Y Junin",3,2,0,0,1,0,0,,"Avenida",,"ROSARIO","Rosario","Asfalto","Pavimento","II","S/D","Urbana","S/D","Funciona","Intersección","Bueno","S/D","Amanecer","Buen Tiempo","S/D","S/D","Colisión","S/D","S/D","S/D","S/D"
2015,1950,17/04/2015,"Viernes",0,11:30:00,,"0.0",2,"Pickup/Utilitario,Peatón","Tucuman Y Alvear",2,0,1,0,1,0,0,,"Calle",,"ROSARIO","Rosario","Asfalto","No existe","II","Dentro","Urbana","Ninguna","No existe","Intersección","Bueno","Buena","Diurna","Buen Tiempo","S/D","S/D","Atropello","S/D","S/D","Ninguna","Sin restricción"
2015,1951,24/04/2015,"Viernes",0,04:00:00,,"0.0",2,"Moto/Ciclomotor,Automóvil","Av. Battle y Ordoñez Y Entre Rios",2,1,0,0,1,0,0,,"Calle",,"ROSARIO","Rosario","Asfalto","No existe","II","Dentro","Urbana","Ninguna","No existe","Recta","Bueno","Reducida","Nocturna","Otro","Otro","S/D","Colisión","Ninguna","Horizontal","Cordón divisorio","Desvío Provisorio"
2015,1952,17/04/2015,"Viernes",0,17:00:00,,"0.0",2,"Bicicleta,Automóvil","Av. Provincias Unidas Bis 300 ",3,2,0,0,1,0,0,,"Avenida",,"ROSARIO","Rosario","Asfalto","S/D","II","S/D","Urbana","S/D","S/D","S/D","Bueno","Buena","Diurna","Buen Tiempo","S/D","S/D","Atropello","S/D","S/D","S/D","S/D"
2015,1953,28/04/2015,"Martes",0,09:40:00,,"0.0",2,"Peatón,Transporte de Pasajeros Urbano (> 8 asientos)","San Lorenzo Y Laprida",2,1,0,0,0,0,1,,"Calle",,"ROSARIO","Rosario","Asfalto","No existe","II","Dentro","Urbana","Ninguna","No existe","Intersección","Bueno","Buena","Diurna","Buen Tiempo","S/D","S/D","Atropello","S/D","Vertical","Ninguna","Sin restricción"
2015,1954,06/04/2015,"Lunes",0,20:20:00,,"0.0",2,"Moto/Ciclomotor,Automóvil","E.Zeballos Y Callao",3,1,0,0,2,0,0,,"Calle",,"ROSARIO","Rosario","Asfalto","S/D","II","Dentro","Urbana","S/D","S/D","S/D","S/D","S/D","Nocturna","S/D","S/D","S/D","Colisión","S/D","S/D","S/D","S/D"
2015,1955,29/04/2015,"Miercoles",0,18:30:00,,"0.0",2,"Peatón,Taxi/Remis","Mariano Moreno Y Salta",2,1,0,0,1,0,0,,"S/D",,"ROSARIO","Rosario","Asfalto","No existe","II","S/D","Urbana","Ninguna","No existe","Recta","Bueno","Reducida","Diurna","Buen Tiempo","S/D","S/D","Atropello","S/D","Faltante","Ninguna","Sin restricción"
2015,1956,22/04/2015,"Miercoles",0,21:40:00,,"0.0",2,"Peatón,Automóvil","Ayolas Y Av. Circunvalacion",2,0,1,0,1,0,0,,"Avenida",,"ROSARIO","Rosario","Asfalto","No existe","II","Dentro","Urbana","Ninguna","No existe","Intersección","Bueno","Buena","Nocturna","Buen Tiempo","S/D","S/D","Atropello","Ninguna","Faltante","Guardarrail","Sin restricción"
2015,1957,16/04/2015,"Jueves",0,13:15:00,,"0.0",2,"Automóvil,Moto/Ciclomotor","Sarratea Bis 730",2,1,0,0,1,0,0,,"Calle",,"ROSARIO","Rosario","S/D","S/D","II","S/D","Urbana","S/D","S/D","Otro","S/D","S/D","Diurna","Buen Tiempo","Otro","S/D","Colisión","S/D","S/D","S/D","S/D"
2015,1958,19/04/2015,"Domingo",0,02:40:00,,"0.0",2,"Moto/Ciclomotor,Taxi/Remis","Av. Provincias Unidas Y Velez Sarsfield",2,1,0,0,1,0,0,,"Avenida",,"ROSARIO","Rosario","S/D","S/D","II","Dentro","Urbana","S/D","S/D","S/D","S/D","Reducida","Nocturna","Buen Tiempo","Otro","S/D","Colisión","S/D","S/D","S/D","S/D"
2015,1959,16/04/2015,"Jueves",0,19:00:00,,"0.0",2,"Moto/Ciclomotor,Automóvil","Dean Funes Y 1 de Mayo",3,2,0,0,1,0,0,,"Calle",,"ROSARIO","Rosario","Asfalto","No existe","II","Dentro","Urbana","Ninguna","No existe","Intersección","Bueno","Buena","Atardecer,Con luz artificial","Buen Tiempo","Lateral","S/D","Colisión","Ninguna","Faltante","Ninguna","Sin restricción"
2015,1960,17/04/2015,"Viernes",0,19:45:00,,"0.0",2,"Automóvil,Automóvil","España 900",2,1,0,0,1,0,0,,"Calle",,"ROSARIO","Rosario","Asfalto","S/D","II","Dentro","Urbana","Ninguna","No existe","Recta","Bueno","Buena","Nocturna,Con luz artificial","Buen Tiempo","Frontal","S/D","Colisión","S/D","Faltante","Cordón divisorio","Sin restricción"
2015,1961,26/04/2015,"Domingo",0,07:00:00,,"0.0",2,"Taxi/Remis,Moto/Ciclomotor","San Juan Y Balcarce",4,1,0,0,3,0,0,,"Calle",,"ROSARIO","Rosario","Asfalto","S/D","II","Dentro","Urbana","Ninguna","No existe","Intersección","Bueno","Buena","Diurna","Buen Tiempo","Lateral","S/D","Colisión","S/D","Faltante","Cordón divisorio","Sin restricción"
2015,1962,19/04/2015,"Domingo",0,15:40:00,,"0.0",2,"Pickup/Utilitario,Peatón","Bv. Oroño 900",2,0,1,0,1,0,0,,"Calle",,"ROSARIO","Rosario","Asfalto","S/D","II","Dentro","Urbana","Ninguna","No existe","Recta","Bueno","Buena","Diurna","Buen Tiempo","S/D","S/D","Atropello","S/D","S/D","Cordón divisorio","Sin restricción"
2015,1963,19/04/2015,"Domingo",0,21:50:00,,"0.0",2,"Moto/Ciclomotor,Automóvil","Av. Pellegrini 1500",3,2,0,0,1,0,0,,"Avenida",,"ROSARIO","Rosario","Asfalto","S/D","II","Dentro","Urbana","Ninguna","No existe","Recta","Bueno","Buena","Nocturna,Con luz artificial","Buen Tiempo","Frontal","S/D","Colisión","S/D","Faltante","Cordón divisorio","Sin restricción"
2015,1964,15/04/2015,"Miercoles",0,20:00:00,,"0.0",2,"Bicicleta,Automóvil","Albert Sabin Y Bv. Avellaneda",3,2,0,0,0,0,1,,"Calle",,"ROSARIO","Rosario","Asfalto","S/D","II","S/D","Urbana","S/D","S/D","Intersección","S/D","S/D","Nocturna","S/D","S/D","S/D","Atropello","S/D","S/D","S/D","S/D"
2015,1965,02/04/2015,"Jueves",0,10:00:00,,"0.0",2,"Automóvil,Moto/Ciclomotor","Montevideo Y Sarmiento",2,1,0,0,1,0,0,,"Calle",,"ROSARIO","Rosario","Asfalto","S/D","II","S/D","Urbana","Ninguna","No existe","Intersección","Bueno","Buena","Diurna","Buen Tiempo","Lateral","S/D","Colisión","S/D","Faltante","Cordón divisorio","Sin restricción"
2015,1966,19/04/2015,"Domingo",0,15:30:00,,"0.0",2,"Automóvil,Automóvil","Guatemala Y Av. Eva Peron",5,5,0,0,0,0,0,,"Avenida",,"ROSARIO","Rosario","Asfalto","S/D","II","S/D","Urbana","S/D","Funciona","Intersección","Bueno","Buena","Diurna","Buen Tiempo","Otro","S/D","Colisión","S/D","S/D","S/D","S/D"
2015,1967,27/04/2015,"Lunes",0,19:00:00,,"0.0",2,"Bicicleta,Automóvil","Pje. Acoyte Y España",4,3,0,0,1,0,0,,"Calle",,"ROSARIO","Rosario","Asfalto","No existe","II","Dentro","Urbana","Ninguna","No existe","Intersección","Bueno","Buena","Atardecer","Otro","S/D","S/D","Atropello","Ninguna","Horizontal","Ninguna","Sin restricción"
2015,1968,06/04/2015,"Lunes",0,23:50:00,,"0.0",2,"Bicicleta,Taxi/Remis","Italia Y San Luis",2,1,0,0,1,0,0,,"S/D",,"ROSARIO","Rosario","Asfalto","S/D","II","Dentro","Urbana","Ninguna","No existe","Intersección","Bueno","Reducida","Nocturna,Con luz artificial","Buen Tiempo","S/D","S/D","Atropello","S/D","Faltante","Cordón divisorio","Sin restricción"
2015,1969,24/04/2015,"Viernes",0,19:40:00,,"0.0",2,"Automóvil,Moto/Ciclomotor","Av. Pellegrini Y Sarmiento",2,1,0,0,1,0,0,,"Avenida",,"ROSARIO","Rosario","Asfalto","S/D","II","Dentro","Urbana","Ninguna","Funciona","Intersección","Bueno","Buena","Atardecer,Con luz artificial","Buen Tiempo","Lateral","S/D","Colisión","S/D","Vertical","Cordón divisorio","Sin restricción"
2015,1970,14/04/2015,"Martes",0,12:00:00,,"0.0",2,"Taxi/Remis,Peatón","E.Zeballos Y Sarmiento",2,1,0,0,1,0,0,,"Calle",,"ROSARIO","Rosario","Asfalto","S/D","II","Dentro","Urbana","Ninguna","No existe","Intersección","Bueno","Buena","Diurna","Buen Tiempo","S/D","S/D","Atropello","S/D","Faltante","Cordón divisorio","Sin restricción"
2015,1971,14/04/2015,"Martes",0,15:30:00,,"0.0",2,"Bicicleta,Automóvil","Italia Y San Luis",2,1,0,0,1,0,0,,"S/D",,"ROSARIO","Rosario","Asfalto","S/D","II","Dentro","Urbana","Ninguna","No existe","Intersección","Bueno","Buena","Diurna","Buen Tiempo","S/D","S/D","Atropello","S/D","Faltante","Cordón divisorio","Sin restricción"
2015,1972,07/04/2015,"Martes",0,14:30:00,,"0.0",2,"Moto/Ciclomotor,Automóvil","Av. Pellegrini 1500",2,1,0,0,1,0,0,,"Calle",,"ROSARIO","Rosario","Asfalto","S/D","II","Dentro","Urbana","Ninguna","No existe","Recta","Bueno","Buena","Diurna","Buen Tiempo","Frontal","S/D","Colisión","S/D","Faltante","Cordón divisorio","Sin restricción"
2015,1973,02/04/2015,"Jueves",0,12:10:00,,"0.0",3,"Moto/Ciclomotor,Automóvil,Automóvil","Av. Arijon Y Alvear",4,2,0,0,2,0,0,,"Avenida",,"ROSARIO","Rosario","Asfalto","Pavimento","II","Dentro","Urbana","Ninguna","No existe","Recta","Bueno","Buena","Diurna","S/D","Lateral","S/D","Colisión","S/D","Vertical","Línea divisoria pintada","S/D"
2015,1974,25/04/2015,"Sabado",0,23:15:00,,"0.0",2,"Bicicleta,Automóvil","AV. E. LOPEZ Y MADRES DE PLAZA 25 DE MAYO",2,1,0,0,0,0,1,,"Calle",,"ROSARIO","Rosario","S/D","S/D","II","S/D","Urbana","S/D","S/D","Intersección","S/D","S/D","Nocturna","S/D","S/D","S/D","Atropello","S/D","S/D","S/D","S/D"
2015,1975,13/04/2015,"Lunes",0,06:00:00,,"0.0",2,"Automóvil,Moto/Ciclomotor","3 De Febrero Y Balcarce",2,0,1,0,1,0,0,,"Calle",,"ROSARIO","Rosario","Asfalto","S/D","II","Dentro","Urbana","Ninguna","No existe","Intersección","Bueno","Buena","Amanecer","Buen Tiempo","Frontal","S/D","Colisión","S/D","Faltante","Cordón divisorio","Sin restricción"
2015,1976,25/04/2015,"Sabado",0,20:22:00,,"0.0",2,"Moto/Ciclomotor,Automóvil","Albert Sabin Y Lavalle",2,1,0,0,0,0,1,,"Calle",,"ROSARIO","Rosario","S/D","S/D","II","S/D","Urbana","S/D","S/D","Intersección","S/D","S/D","Nocturna","S/D","S/D","S/D","Colisión","S/D","S/D","S/D","S/D"
2015,1977,27/04/2015,"Lunes",0,,,"0.0",2,"Vehículo Oficial,Automóvil","Av. Puccio Y Agrelo",3,2,0,0,1,0,0,,"Avenida",,"ROSARIO","Rosario","Asfalto","No existe","II","Dentro","Urbana","Semáforo","Funciona","Intersección","Bueno","Buena","Diurna","Buen Tiempo","De alcance","S/D","Colisión","Otro","Horizontal,Vertical","Ninguna","Sin restricción"
2015,1978,19/04/2015,"Domingo",0,19:10:00,,"0.0",2,"Automóvil,Moto/Ciclomotor","Beruti Y Centeno",2,2,0,0,0,0,0,,"Calle",,"ROSARIO","Rosario","Asfalto","No existe","II","Dentro","Urbana","Ninguna","No existe","Intersección","Bueno","Buena","Atardecer,Con luz artificial","Buen Tiempo","Lateral","S/D","Colisión","Ninguna","S/D","Ninguna","Sin restricción"
2015,1979,18/04/2015,"Sabado",0,17:45:00,,"0.0",2,"Moto/Ciclomotor,Automóvil","Dean Funes Y Alsina",8,4,0,0,1,0,3,,"Calle",,"ROSARIO","Rosario","Asfalto","No existe","II","Dentro","Urbana","Ninguna","No existe","Intersección","Deteriorada","Buena","Atardecer","Buen Tiempo","Frontal","S/D","Colisión","Ninguna","Faltante","Ninguna","Sin restricción"
2015,1980,19/04/2015,"Domingo",0,14:05:00,,"0.0",2,"Moto/Ciclomotor,Automóvil","Casiano Casas 900",3,2,0,0,1,0,0,,"Avenida",,"ROSARIO","Rosario","Asfalto","No existe","II","Dentro","Urbana","Ninguna","No existe","Recta","Bueno","Buena","Diurna","Buen Tiempo","Frontal","S/D","Colisión","Otro","Faltante","Ninguna","Sin restricción"
2015,1981,10/04/2015,"Viernes",0,19:30:00,,"0.0",2,"Moto/Ciclomotor,Automóvil","Baigorria Y Alvarez Thomas",3,1,0,0,2,0,0,,"Calle",,"ROSARIO","Rosario","Asfalto","No existe","II","Dentro","Urbana","Ninguna","No existe","Intersección","Bueno","Buena","Nocturna","Buen Tiempo","Frontal","S/D","Colisión","Otro","Faltante","Ninguna","Sin restricción"
2015,1982,17/04/2015,"Viernes",0,09:30:00,,"0.0",2,"Automóvil,Automóvil","Colon Y Garay",2,1,0,0,1,0,0,,"Calle",,"ROSARIO","Rosario","Asfalto","No existe","II","Dentro","Urbana","Ninguna","No existe","Recta","Bueno","Buena","Diurna","Buen Tiempo","De alcance","S/D","Colisión","Ninguna","S/D","Ninguna","Sin restricción"
2015,1983,03/04/2015,"Viernes",0,,,"0.0",1,"Otros","Balcarce Y Av. Battle y Ordoñez",1,0,1,0,0,0,0,,"Avenida",,"ROSARIO","Rosario","S/D","S/D","II","Dentro","Urbana","S/D","S/D","Intersección","S/D","S/D","S/D","S/D","S/D","S/D","S/D","S/D","S/D","S/D","S/D"
2015,1984,05/04/2015,"Domingo",0,17:40:00,,"0.0",2,"Moto/Ciclomotor,Automóvil","Bv. Rondeau Y Pintor Musto",2,1,0,0,1,0,0,,"Avenida",,"ROSARIO","Rosario","Asfalto","No existe","II","Dentro","Urbana","Ninguna","No existe","Intersección","Bueno","S/D","Diurna","Buen Tiempo","Frontal","S/D","Colisión","Otro","Faltante","Ninguna","Sin restricción"
2015,1985,18/04/2015,"Sabado",0,15:10:00,,"0.0",3,"Automóvil,Automóvil,Transporte de Pasajeros Larga Distancia (> 8 asientos)","Bv. Avellaneda Y San Lorenzo",4,2,0,0,2,0,0,,"Avenida",,"ROSARIO","Rosario","Asfalto","S/D","II","S/D","Urbana","Semáforo","S/D","Recta","S/D","Buena","Diurna","S/D","S/D","S/D","Atropello","S/D","S/D","Barrera de hormigón","Sin restricción"
2015,1986,30/04/2015,"Jueves",0,13:20:00,,"0.0",2,"Automóvil,Moto/Ciclomotor","Maipu Y Bv. Segui",2,1,0,0,1,0,0,,"Calle",,"ROSARIO","Rosario","Asfalto","No existe","II","Dentro","Urbana","Ninguna","No existe","Intersección","Bueno","Buena","Diurna","Buen Tiempo","Lateral","S/D","Colisión","Ninguna","Faltante","Ninguna","Sin restricción"
2015,1987,23/04/2015,"Jueves",0,01:30:00,,"0.0",2,"Automóvil,Moto/Ciclomotor","Bielsa Y Liniers",3,1,0,0,2,0,0,,"Calle",,"ROSARIO","Rosario","S/D","No existe","II","S/D","Urbana","Ninguna","No existe","Intersección","S/D","Reducida","Nocturna","S/D","Lateral","S/D","Colisión","S/D","Faltante","Ninguna","Sin restricción"
2015,1988,27/04/2015,"Lunes",0,10:50:00,,"0.0",2,"Automóvil,Moto/Ciclomotor","3 De Febrero Y Santiago",4,2,0,0,2,0,0,,"Calle",,"ROSARIO","Rosario","Asfalto","S/D","II","Dentro","Urbana","S/D","S/D","S/D","S/D","S/D","Diurna","S/D","S/D","S/D","Colisión","S/D","S/D","S/D","S/D"
2015,1989,20/01/2015,"Martes",0,07:40:00,"Ruta Nacional 11","0.0",2,"Moto/Ciclomotor,Automóvil","Avenida San Martin Y Ruta Nacional 11",2,0,1,0,1,0,0,"-28.488503, -59.345475","Ruta",11,"VILLA OCAMPO","General Obligado","Asfalto","Ripio","IX","Dentro","Urbana","Señal Pare","No existe","Cruce","Bueno","Buena","Diurna","Buen Tiempo","Lateral","S/D","Colisión","Otro","Vertical","Línea divisoria pintada","Sin restricción"
2015,1990,24/04/2015,"Viernes",0,16:47:00,,"0.0",2,"Automóvil,Moto/Ciclomotor","Pje. Riachuelo Y Colon",2,2,0,0,0,0,0,,"Calle",,"ROSARIO","Rosario","Asfalto","No existe","II","Dentro","Urbana","Ninguna","No existe","Intersección","Bueno","Buena","Diurna","Buen Tiempo","Lateral","S/D","Colisión","Ninguna","Faltante","S/D","Sin restricción"
2015,1991,21/04/2015,"Martes",0,07:45:00,,"0.0",2,"Moto/Ciclomotor,Automóvil","Uruguay Y Maipu",2,1,0,0,1,0,0,,"Calle",,"ROSARIO","Rosario","Asfalto","No existe","II","Dentro","Urbana","Ninguna","No existe","Intersección","Bueno","Buena","Diurna","Buen Tiempo","Lateral","S/D","Colisión","Ninguna","S/D","Ninguna","Sin restricción"
2015,1992,23/04/2015,"Jueves",0,17:30:00,,"0.0",2,"Transporte de Pasajeros Urbano (> 8 asientos),Bicicleta","Gianneo Y Av. Kennedy",2,1,0,0,1,0,0,,"Calle",,"ROSARIO","Rosario","Asfalto","No existe","II","S/D","Urbana","Ninguna","No existe","Cruce","Bueno","Buena","Diurna","Buen Tiempo","Lateral","S/D","Atropello","Ninguna","Faltante","Ninguna","Sin restricción"
2015,1993,29/04/2015,"Miercoles",0,10:30:00,,"0.0",2,"Automóvil,Automóvil","Bv. Segui Y Buenos Aires",3,1,0,0,2,0,0,,"S/D",,"ROSARIO","Rosario","Asfalto","No existe","II","S/D","S/D","Ninguna","No existe","Intersección","Bueno","S/D","Diurna","Buen Tiempo","Lateral","S/D","Colisión","Ninguna","S/D","Ninguna","Sin restricción"