"anio_acci","nro_acci","fecha","desc_dia","fecha_aprox","hora_aprox","desc_ruta","km","cant_participantes","desc_participante","calle_avenida_km","total","heridos_leves","heridos_graves","heridos_gravisimos","ilesos","fallecidos","sin_datos","posicion_XY","desc_tipo_via","desc_ruta_ori","desc_loc","desc_dpto","desc_tipo_calzada","desc_tipo_banquina","desc_unidad_regional","desc_lugar_calzada","desc_zona","desc_prioridad","desc_estado_semaforo","desc_lugar_via","desc_estado_via","desc_estado_visibilidad","desc_luminosidad","desc_estado_clima","desc_tipo_colision","desc_tipo_atropello","desc_tipo_hecho","desc_pres_calzada","desc_senializacion","desc_separacion_via","desc_restriccion"
2015,1994,21/01/2015,"Miercoles",0,08:45:00,"Autopista Nacional A008","0.0",1,"Automóvil","Av. Circunvalacion ",1,0,0,0,0,1,0,"-33.001589, -60.687944","Autopista","A008","ROSARIO","Rosario","Asfalto","S/D","II","Dentro","Urbana","S/D","No existe","Recta","Bueno","Buena","Diurna","S/D","S/D","S/D","Vuelco","S/D","S/D","Barrera de hormigón,Guardarrail","Sin restricción"
2015,1995,22/01/2015,"Jueves",0,11:15:00,"Ruta Nacional 11","808.0",2,"Moto/Ciclomotor,Automóvil","RN11 carril asc ",2,0,0,0,1,1,0,"-29.002339, -59.590770","Ruta",11,"GUADALUPE NORTE","General Obligado","Asfalto","Natural","IX","Dentro","Rural","Ninguna","No existe","Recta","Bueno","Buena","Diurna","Buen Tiempo","S/D","S/D","Colisión","S/D","S/D","Línea divisoria pintada","Sin restricción"
2015,1996,22/01/2015,"Jueves",0,13:10:00,"Ruta Provincial 1","0.0",2,"Camión,Camión","RP1 4,8km al N de S.Javier ",5,0,4,0,0,1,0,"-30.521842, -59.927827","Ruta",1,"SAN JAVIER","San Javier","Asfalto","Natural","XIV","Dentro","Rural","Ninguna","No existe","Recta","Bueno","Buena","Diurna","Buen Tiempo","Frontal","S/D","Colisión","Ninguna","Horizontal,Vertical","Línea divisoria pintada","Sin restricción"
2015,1997,24/01/2015,"Sabado",0,02:10:00,,"0.0",2,"Moto/Ciclomotor,Transporte de Pasajeros Urbano (> 8 asientos)","Palliere 2400",2,0,0,0,1,1,0,"-32.887901, -60.714895","Calle",,"ROSARIO","Rosario","Asfalto","No existe","II","Dentro","Urbana","Semáforo","Funciona","Puente","Bueno","Buena","Nocturna,Con luz artificial","Buen Tiempo","De alcance","S/D","Aplastamiento,Colisión","Ninguna","Faltante","Línea divisoria pintada","Sin restricción"
2015,1998,24/01/2015,"Sabado",0,11:30:00,,"0.0",1,"Moto/Ciclomotor","Bv Velez Sarsfield ",1,0,0,0,0,1,0,"-33.246447, -60.371722","Camino Rural",,"EMPALME VILLA CONSTITUCIÓN","Constitución","Tierra","Natural","VI","Dentro","Rural","Ninguna","No existe","Recta","Bueno","Buena","Diurna","Buen Tiempo","S/D","S/D","Caída ocupante","S/D","S/D","Ninguna","Sin restricción"
2015,1999,15/04/2015,"Miercoles",0,19:00:00,,"0.0",2,"Moto/Ciclomotor,Moto/Ciclomotor","Garibaldi Y Esmeralda",2,1,0,0,1,0,0,,"Calle",,"ROSARIO","Rosario","Asfalto","No existe","II","S/D","Urbana","Ninguna","No existe","Intersección","Bueno","Buena","Atardecer,Con luz artificial","Buen Tiempo","Lateral","S/D","Colisión","S/D","Faltante","Ninguna","Sin restricción"
2015,2000,19/04/2015,"Domingo",0,19:30:00,,"0.0",2,"Automóvil,Moto/Ciclomotor","Garay Y Esmeralda",2,1,0,0,1,0,0,,"Calle",,"ROSARIO","Rosario","Asfalto","No existe","II","Dentro","Urbana","Ninguna","No existe","Intersección","Bueno","Buena","Atardecer,Con luz artificial","Buen Tiempo","Lateral","S/D","Colisión","S/D","Faltante","Ninguna","Sin restricción"
2015,2001,27/04/2015,"Lunes",0,18:25:00,,"0.0",2,"Automóvil,Moto/Ciclomotor","Bv. 27 De Febrero Y Callao",2,1,0,0,1,0,0,,"Calle",,"ROSARIO","Rosario","Asfalto","S/D","II","Dentro","Urbana","S/D","S/D","Intersección","Bueno","Buena","Atardecer","Buen Tiempo","Lateral","S/D","Colisión","S/D","S/D","S/D","S/D"
2015,2002,22/04/2015,"Miercoles",0,19:50:00,,"0.0",2,"Taxi/Remis,Moto/Ciclomotor","Av. Uriburu Y Dorrego",2,1,0,0,1,0,0,,"Avenida",,"ROSARIO","Rosario","Asfalto","No existe","II","Dentro","Urbana","Ninguna","No existe","Intersección","Bueno","Buena","Atardecer","Buen Tiempo","De alcance","S/D","Colisión","Ninguna","Faltante","Ninguna","Sin restricción"
2015,2003,06/04/2015,"Lunes",0,12:30:00,,"0.0",2,"Automóvil,Moto/Ciclomotor","Sarmiento Y 24 De Setiembre",3,2,0,0,1,0,0,,"Calle",,"ROSARIO","Rosario","Asfalto","No existe","II","Dentro","Urbana","Ninguna","No existe","Intersección","Bueno","Buena","Diurna","Buen Tiempo","De alcance","S/D","Colisión","Ninguna","Faltante","Ninguna","Sin restricción"
2015,2004,21/04/2015,"Martes",0,16:20:00,,"0.0",2,"Pickup/Utilitario,Pickup/Utilitario","Av. Uriburu Y Entre Rios",3,1,0,0,2,0,0,,"Calle",,"ROSARIO","Rosario","Asfalto","No existe","II","Dentro","Urbana","Semáforo","Funciona","Intersección","Bueno","Buena","Diurna","Buen Tiempo","De alcance","S/D","Colisión","S/D","Faltante","Ninguna","Sin restricción"
2015,2005,08/04/2015,"Miercoles",0,21:30:00,,"0.0",2,"Automóvil,Moto/Ciclomotor","J.M.de Rosas Y Rueda",3,2,0,0,1,0,0,,"Calle",,"ROSARIO","Rosario","Asfalto","No existe","II","Dentro","Urbana","Ninguna","No existe","Intersección","Bueno","Buena","Nocturna","Buen Tiempo","Lateral","S/D","Colisión","Ninguna","Faltante","Ninguna","Sin restricción"
2015,2006,29/04/2015,"Miercoles",0,06:15:00,,"0.0",2,"Automóvil,Automóvil","Bv. 27 De Febrero Y Dorrego",2,1,0,0,1,0,0,,"Avenida",,"ROSARIO","Rosario","Asfalto","S/D","II","Dentro","Urbana","Semáforo","Funciona","Recta","Bueno","Buena","Diurna","Buen Tiempo","De alcance","S/D","Colisión","S/D","Vertical","S/D","S/D"
2015,2007,21/04/2015,"Martes",0,16:30:00,,"0.0",2,"Automóvil,Moto/Ciclomotor","Gaboto Y Alvear",3,2,0,0,1,0,0,,"Calle",,"ROSARIO","Rosario","Asfalto","No existe","II","Dentro","Urbana","Ninguna","No existe","Intersección","Bueno","Buena","Diurna","Buen Tiempo","De alcance","S/D","Colisión","Ninguna","Faltante","Ninguna","Sin restricción"
2015,2008,29/04/2015,"Miercoles",0,17:00:00,,"0.0",2,"Pickup/Utilitario,Taxi/Remis","Cochabamba Y Paraguay",4,1,0,0,3,0,0,,"Calle",,"ROSARIO","Rosario","Asfalto","S/D","II","Dentro","Urbana","S/D","S/D","Intersección","Bueno","Buena","Diurna","S/D","Lateral","S/D","Colisión","S/D","S/D","S/D","S/D"
2015,2009,07/04/2015,"Martes",0,15:30:00,,"0.0",2,"Bicicleta,Automóvil","Grandoli Y Bv. Segui",3,2,0,0,1,0,0,,"Calle",,"ROSARIO","Rosario","Asfalto","No existe","II","Dentro","Urbana","Ninguna","No existe","Recta","Bueno","Buena","Diurna","Buen Tiempo","De alcance","S/D","Atropello","Ninguna","Faltante","Ninguna","Sin restricción"
2015,2010,05/04/2015,"Domingo",0,20:31:00,,"0.0",2,"Automóvil,Moto/Ciclomotor","San Martin Y Biedma",2,0,1,0,1,0,0,,"Calle",,"ROSARIO","Rosario","Asfalto","No existe","II","Dentro","Urbana","Ninguna","No existe","Intersección","Bueno","Reducida polvo","Nocturna","Buen Tiempo","De alcance","S/D","Colisión","Ninguna","Faltante","Ninguna","Sin restricción"
2015,2011,01/04/2015,"Miercoles",0,09:15:00,,"0.0",3,"Taxi/Remis,Automóvil,Automóvil","Italia Y Pasco",3,1,0,0,2,0,0,,"Calle",,"ROSARIO","Rosario","Asfalto","S/D","II","Dentro","Urbana","S/D","S/D","Recta","Bueno","Buena","Diurna","Buen Tiempo","Múltiple","S/D","Colisión","S/D","S/D","S/D","S/D"
2015,2012,19/04/2015,"Domingo",0,17:00:00,,"0.0",2,"Automóvil,Moto/Ciclomotor","Gaboto Y Sarmiento",3,2,0,0,1,0,0,,"Calle",,"ROSARIO","Rosario","Asfalto","No existe","II","Dentro","Urbana","Ninguna","No existe","Intersección","Bueno","Buena","Diurna","Buen Tiempo","De alcance","S/D","Colisión","Ninguna","Faltante","Ninguna","Sin restricción"
2015,2013,03/04/2015,"Viernes",0,13:20:00,,"0.0",2,"Moto/Ciclomotor,Automóvil","Av. Ntra.Sra.del Rosario Y Mitre",3,2,0,0,1,0,0,,"Calle",,"ROSARIO","Rosario","Asfalto","No existe","II","Dentro","Urbana","Ninguna","No existe","Intersección","Bueno","Buena","Diurna","Buen Tiempo","De alcance","S/D","Colisión","Ninguna","Faltante","Ninguna","Sin restricción"
2015,2014,20/04/2015,"Lunes",0,11:00:00,,"0.0",2,"Moto/Ciclomotor,Automóvil","Grandoli Y Dr.Rivas",2,1,0,0,1,0,0,,"Calle",,"ROSARIO","Rosario","Asfalto","No existe","II","S/D","Urbana","Ninguna","No existe","Intersección","Bueno","Buena","Diurna","Buen Tiempo","Lateral","S/D","Colisión","S/D","Faltante","Ninguna","Sin restricción"
2015,2015,25/01/2015,"Domingo",0,06:30:00,"Ruta Secundaria 34-s","0.0",1,"Automóvil","25 de Mayo ",2,0,0,0,0,2,0,"-32.853201, -60.779748","Ruta","34-s","IBARLUCEA","Rosario","Asfalto","Natural","II","Fuera","Urbana","Ninguna","No existe","Recta","Bueno","Reducida","Amanecer","Buen Tiempo","S/D","S/D","Colisión,Despiste","S/D","S/D","Ninguna","Sin restricción"
2015,2016,30/04/2015,"Jueves",0,12:45:00,,"0.0",2,"Pickup/Utilitario,Camión","San Martin Y Pte.Quintana",2,1,0,0,1,0,0,,"Avenida",,"ROSARIO","Rosario","Asfalto","No existe","II","Dentro","Urbana","Ninguna","No existe","Intersección","Bueno","Buena","Diurna","Buen Tiempo","De alcance","S/D","Colisión","Ninguna","Faltante","Ninguna","Sin restricción"
2015,2017,01/04/2015,"Miercoles",0,17:50:00,,"0.0",2,"Automóvil,Peatón","Bv. Segui Y Santiago",2,1,0,0,1,0,0,,"Calle",,"ROSARIO","Rosario","Asfalto","No existe","II","Dentro","Urbana","Ninguna","No existe","Intersección","Bueno","Buena","Diurna","Buen Tiempo","S/D","S/D","Atropello","Ninguna","Faltante","Ninguna","Sin restricción"
2015,2018,24/03/2015,"Martes",0,08:30:00,,"0.0",2,"Moto/Ciclomotor,Automóvil","Bv. Segui Y Laprida",3,2,0,0,1,0,0,,"Calle",,"ROSARIO","Rosario","Asfalto","No existe","II","Dentro","Urbana","Ninguna","No existe","Recta","Bueno","Buena","Diurna","Buen Tiempo","De alcance","S/D","Colisión","Ninguna","Faltante","Ninguna","Sin restricción"
2015,2019,18/04/2015,"Sabado",0,,,"0.0",2,"Automóvil,Automóvil","San Lorenzo Y Brasil",2,1,0,0,1,0,0,,"S/D",,"ROSARIO","Rosario","S/D","S/D","II","S/D","S/D","S/D","S/D","S/D","S/D","S/D","S/D","S/D","S/D","S/D","Colisión","S/D","S/D","S/D","S/D"
2015,2020,27/04/2015,"Lunes",0,18:00:00,,"0.0",2,"Automóvil,Moto/Ciclomotor","Av. Circunvalacion Y Ramos Mejia",3,2,0,0,1,0,0,,"Calle",,"ROSARIO","Rosario","Asfalto","No existe","II","Dentro","Urbana","Ninguna","No existe","Intersección","Bueno","Buena","Diurna","Buen Tiempo","S/D","S/D","Colisión","Ninguna","Faltante","Ninguna","Sin restricción"
2015,2021,25/03/2015,"Miercoles",0,08:00:00,,"0.0",2,"Automóvil,Automóvil","Bv. Segui Y Buenos Aires",5,4,0,0,1,0,0,,"Calle",,"ROSARIO","Rosario","Asfalto","No existe","II","Dentro","Urbana","Ninguna","No existe","Recta","Bueno","Buena","Diurna","Buen Tiempo","De alcance","S/D","Colisión","Ninguna","Faltante","Ninguna","Sin restricción"
2015,2022,14/04/2015,"Martes",0,18:40:00,,"0.0",2,"Automóvil,Taxi/Remis","Balcarce Y Ayolas",3,1,0,0,2,0,0,,"Calle",,"ROSARIO","Rosario","Asfalto","No existe","II","Dentro","Urbana","Ninguna","No existe","Intersección","Bueno","Buena","Diurna","Buen Tiempo","De alcance","S/D","Colisión","Ninguna","Faltante","Ninguna","Sin restricción"
2015,2023,13/04/2015,"Lunes",0,16:24:00,,"0.0",2,"Automóvil,Automóvil","San Martin Y Av. Uriburu",3,2,0,0,1,0,0,,"Calle",,"ROSARIO","Rosario","Asfalto","No existe","II","Dentro","Urbana","Semáforo","Funciona","Intersección","Bueno","Buena","Diurna","Buen Tiempo","De alcance","S/D","Colisión","Ninguna","Horizontal","Ninguna","Sin restricción"
2015,2024,25/01/2015,"Domingo",0,21:30:00,"Ruta Provincial 21","0.0",4,"Peatón,Peatón,Peatón,Moto/Ciclomotor","Av del Libertador 2500",4,2,0,0,1,1,0,"-33.029846, -60.620098","Ruta",21,"VILLA GOBERNADOR GÁLVEZ","Rosario","Asfalto","Ripio","II","Dentro","Urbana","Ninguna","No existe","Recta","Con baches","Buena","Nocturna,Con luz artificial","Buen Tiempo","S/D","S/D","Atropello","S/D","Faltante","Ninguna","Sin restricción"
2015,2025,23/03/2015,"Lunes",0,08:30:00,,"0.0",2,"Automóvil,Pickup/Utilitario","Ayolas Y Av. Francia",5,4,0,0,1,0,0,,"Calle",,"ROSARIO","Rosario","Asfalto","No existe","II","Dentro","Urbana","Ninguna","No existe","Recta","Bueno","Buena","Diurna","Buen Tiempo","De alcance","S/D","Colisión","Ninguna","Faltante","Ninguna","Sin restricción"
2015,2026,13/04/2015,"Lunes",0,07:50:00,,"0.0",2,"Moto/Ciclomotor,Taxi/Remis","Bv. Segui Y Italia",2,1,0,0,1,0,0,,"Calle",,"ROSARIO","Rosario","Asfalto","No existe","II","Dentro","Urbana","Ninguna","No existe","Recta","Bueno","Buena","Diurna","Buen Tiempo","De alcance","S/D","Colisión","Ninguna","Faltante","Ninguna","Sin restricción"
2015,2027,18/04/2015,"Sabado",0,18:05:00,,"0.0",2,"Automóvil,Moto/Ciclomotor","Rodriguez Y Pje. Curie",2,1,0,0,1,0,0,,"Calle",,"ROSARIO","Rosario","Asfalto","No existe","II","Dentro","Urbana","Ninguna","No existe","Intersección","Bueno","Buena","Atardecer","Buen Tiempo","De alcance","S/D","Colisión","Ninguna","Faltante","Ninguna","Sin restricción"
2015,2028,18/04/2015,"Sabado",0,03:50:00,,"0.0",2,"Automóvil,Moto/Ciclomotor","Brasil Y Urquiza",4,3,0,0,0,0,1,,"S/D",,"ROSARIO","Rosario","S/D","S/D","II","S/D","S/D","S/D","S/D","S/D","S/D","S/D","Nocturna","S/D","S/D","S/D","S/D","S/D","S/D","S/D","S/D"
2015,2029,17/04/2015,"Viernes",0,23:00:00,,"0.0",2,"Automóvil,Peatón","San Martin Y Bv. Segui",2,0,1,0,1,0,0,,"Calle",,"ROSARIO","Rosario","Asfalto","No existe","II","Dentro","Urbana","Semáforo","Funciona","Intersección","Bueno","Buena","Nocturna","Buen Tiempo","S/D","S/D","Atropello","Ninguna","Horizontal","Ninguna","Sin restricción"
2015,2030,01/04/2015,"Miercoles",0,13:00:00,,"0.0",2,"Moto/Ciclomotor,Automóvil","Bv. Segui Y Ayacucho",3,2,0,0,1,0,0,,"Calle",,"ROSARIO","Rosario","Asfalto","No existe","II","Dentro","Urbana","Ninguna","No existe","Recta","Bueno","Buena","Diurna","Buen Tiempo","De alcance","S/D","Colisión","Ninguna","Faltante","Ninguna","Sin restricción"
2015,2031,11/04/2015,"Sabado",0,01:30:00,,"0.0",2,"Taxi/Remis,Moto/Ciclomotor","Bv. Oroño Y Bv. Segui",3,2,0,0,1,0,0,,"Calle",,"ROSARIO","Rosario","Asfalto","No existe","II","Dentro","Urbana","Semáforo","Funciona","Intersección","Bueno","Buena","Nocturna","Buen Tiempo","De alcance","S/D","Colisión","Ninguna","Horizontal","Ninguna","Sin restricción"
2015,2032,17/04/2015,"Viernes",0,09:35:00,,"0.0",2,"Automóvil,Automóvil","Pueyrredon Y Gaboto",2,1,0,0,1,0,0,,"Calle",,"ROSARIO","Rosario","Asfalto","No existe","II","Dentro","Urbana","Ninguna","No existe","Intersección","Bueno","Buena","Diurna","Buen Tiempo","De alcance","S/D","Colisión","Ninguna","Faltante","Ninguna","Sin restricción"
2015,2033,28/04/2015,"Martes",0,13:45:00,,"0.0",2,"Automóvil,Moto/Ciclomotor","Rioja Y Sucre",2,1,0,0,1,0,0,,"Calle",,"ROSARIO","Rosario","Asfalto","No existe","II","Dentro","Urbana","S/D","S/D","Intersección","S/D","S/D","Diurna","S/D","S/D","S/D","Colisión","S/D","S/D","S/D","S/D"
2015,2034,16/04/2015,"Jueves",0,17:00:00,,"0.0",2,"Automóvil,Moto/Ciclomotor","Buenos Aires Y Bv. Segui",2,1,0,0,1,0,0,,"Avenida",,"ROSARIO","Rosario","Asfalto","No existe","II","Dentro","Urbana","Ninguna","No existe","Intersección","Bueno","Buena","Diurna","Buen Tiempo","Lateral","S/D","Colisión","S/D","Faltante","Ninguna","Sin restricción"
2015,2036,06/04/2015,"Lunes",0,16:50:00,,"0.0",2,"Automóvil,Moto/Ciclomotor","Pte.Roca Y Virasoro",2,1,0,0,1,0,0,,"Calle",,"ROSARIO","Rosario","Asfalto","S/D","II","S/D","Urbana","S/D","S/D","Intersección","Bueno","Buena","Diurna","Buen Tiempo","Lateral","S/D","Colisión","S/D","S/D","S/D","S/D"
2015,2037,26/01/2015,"Lunes",0,01:10:00,"Ruta Provincial 93","26.0",2,"Moto/Ciclomotor,Camión"," ",2,0,0,0,1,1,0,"-33.592643, -61.465133","Ruta",93,"MELINCUÉ","General López","Asfalto","Natural","VIII","Dentro","Rural","Ninguna","No existe","Recta","Bueno","Buena","Nocturna","Buen Tiempo","Frontal","S/D","Colisión","Ninguna","Faltante","Línea divisoria pintada","Sin restricción"
2015,2038,15/04/2015,"Miercoles",0,17:30:00,,"0.0",2,"Bicicleta,Moto/Ciclomotor","Ayolas Y Av. Circunvalacion",2,1,0,0,1,0,0,,"Avenida",,"ROSARIO","Rosario","Asfalto","Pavimento","II","Dentro","Urbana","Ninguna","No existe","Recta","Bueno","Buena","Diurna","Buen Tiempo","S/D","S/D","Atropello","S/D","Faltante","Guardarrail","Sin restricción"
2015,2039,22/05/2015,"Viernes",0,,,"0.0",2,"Peatón,Otros","Sarratea Bis Y J.B.Justo",2,1,0,0,0,0,1,,"Calle",,"ROSARIO","Rosario","S/D","S/D","II","S/D","Urbana","S/D","S/D","Intersección","S/D","S/D","S/D","S/D","S/D","S/D","Atropello","S/D","S/D","S/D","S/D"
2015,2040,02/04/2015,"Jueves",0,18:55:00,,"0.0",2,"Automóvil,Automóvil","San Lorenzo Y Crespo",2,1,0,0,1,0,0,,"S/D",,"ROSARIO","Rosario","Asfalto","No existe","II","S/D","Urbana","S/D","No existe","Recta","Bueno","Buena","Diurna","Buen Tiempo","S/D","S/D","Colisión","Otro","Faltante","Ninguna","Sin restricción"
2015,2041,08/04/2015,"Miercoles",0,18:50:00,,"0.0",2,"Automóvil,Moto/Ciclomotor","Bv. 27 De Febrero Y Balcarce",2,1,0,0,1,0,0,,"Calle",,"ROSARIO","Rosario","Asfalto","S/D","II","Dentro","Urbana","Semáforo","Funciona","Intersección","Bueno","Buena","Atardecer,Con luz artificial","Buen Tiempo","Lateral","S/D","Colisión","S/D","Vertical","S/D","S/D"
2015,2042,26/01/2015,"Lunes",0,05:40:00,"Ruta Nacional 34","319.0",2,"Automóvil,Camión"," ",4,1,0,0,2,1,0,"-30.388585, -61.652817","Ruta",34,"CURUPAITY","San Cristóbal","Asfalto","Natural","XIII","Dentro","Rural","Marca Vial","No existe","Curva","Bueno","Buena","Amanecer","Buen Tiempo","Frontal","S/D","Colisión","Ninguna","Horizontal","Línea divisoria pintada","Sin restricción"
2015,2043,08/04/2015,"Miercoles",0,18:00:00,,"0.0",2,"Moto/Ciclomotor,Automóvil","Italia 2500",3,2,0,0,1,0,0,,"Calle",,"ROSARIO","Rosario","Asfalto","S/D","II","Dentro","Urbana","S/D","S/D","Otro","Bueno","Buena","Atardecer","Buen Tiempo","Lateral","S/D","Colisión","S/D","S/D","S/D","S/D"
2015,2044,10/04/2015,"Viernes",0,13:40:00,,"0.0",2,"Automóvil,Moto/Ciclomotor","Rodriguez Y Dr.Rivas",2,1,0,0,1,0,0,,"Calle",,"ROSARIO","Rosario","Asfalto","No existe","II","Dentro","Urbana","Ninguna","No existe","Intersección","Bueno","Buena","Diurna","Buen Tiempo","De alcance","S/D","Colisión","Ninguna","Faltante","Ninguna","Sin restricción"
2015,2045,14/04/2015,"Martes",0,14:30:00,,"0.0",2,"Automóvil,Moto/Ciclomotor","Entre Rios Y La Paz",3,1,0,0,2,0,0,,"Calle",,"ROSARIO","Rosario","Asfalto","S/D","II","Dentro","Urbana","Semáforo","Funciona","Intersección","Bueno","Buena","Diurna","S/D","Lateral","S/D","Colisión","S/D","Vertical","S/D","S/D"
2015,2046,27/04/2015,"Lunes",0,11:15:00,,"0.0",2,"Automóvil,Bicicleta","Av. Corrientes Y Gaboto",2,1,0,0,1,0,0,,"Calle",,"ROSARIO","Rosario","Asfalto","No existe","II","Dentro","Urbana","Ninguna","No existe","Intersección","Bueno","Buena","Diurna","Buen Tiempo","S/D","S/D","Atropello","Ninguna","Faltante","Ninguna","Sin restricción"
2015,2047,26/04/2015,"Domingo",0,,,"0.0",2,"Automóvil,Automóvil","Amenabar Y Sarmiento",3,1,0,0,2,0,0,,"Calle",,"ROSARIO","Rosario","Asfalto","No existe","II","Dentro","Urbana","Ninguna","No existe","Intersección","Bueno","Buena","Diurna","Buen Tiempo","De alcance","S/D","Colisión","Ninguna","Faltante","Ninguna","Sin restricción"
2015,2048,25/04/2015,"Sabado",0,12:15:00,,"0.0",2,"Moto/Ciclomotor,Automóvil","Italia Y Garibaldi",2,1,0,0,1,0,0,,"Calle",,"ROSARIO","Rosario","Asfalto","No existe","II","Dentro","Urbana","Ninguna","No existe","Intersección","Bueno","Buena","Diurna","Buen Tiempo","De alcance","S/D","Colisión","Ninguna","Faltante","Ninguna","Sin restricción"
2015,2049,15/04/2015,"Miercoles",0,11:00:00,,"0.0",3,"Taxi/Remis,Taxi/Remis,Automóvil","España Y Galvez",5,3,0,0,2,0,0,,"Calle",,"ROSARIO","Rosario","Asfalto","S/D","II","S/D","Urbana","S/D","No existe","Recta","S/D","Buena","Diurna","Buen Tiempo","Múltiple","S/D","Colisión","S/D","S/D","S/D","S/D"
2015,2050,27/04/2015,"Lunes",0,16:30:00,,"0.0",5,"Automóvil,Pickup/Utilitario,Pickup/Utilitario,Automóvil,Automóvil","Dorrego Y Santa Fe",6,3,0,0,3,0,0,,"Calle",,"ROSARIO","Rosario","Asfalto","S/D","II","Dentro","Urbana","Semáforo","Funciona","Recta","Bueno","Buena","Diurna","Buen Tiempo","Múltiple","S/D","Colisión","S/D","Vertical","Cordón divisorio","Sin restricción"
2015,2051,16/04/2015,"Jueves",0,11:50:00,,"0.0",2,"Bicicleta,Bicicleta","Beruti Y Rueda",2,1,0,0,1,0,0,,"Calle",,"ROSARIO","Rosario","Asfalto","No existe","II","Dentro","Urbana","Ninguna","No existe","Intersección","Bueno","Buena","Diurna","Buen Tiempo","S/D","S/D","Atropello","S/D","Faltante","Ninguna","Sin restricción"
2015,2052,28/01/2015,"Miercoles",0,07:35:00,"Ruta Provincial 23","0.0",2,"Moto/Ciclomotor,Camión","RP 23 1km al N VILLA TRINIDAD ",2,0,0,0,1,1,0,"-30.214743, -61.864421","Ruta",23,"VILLA TRINIDAD","San Cristóbal","Asfalto","Natural","XIII","Dentro","Rural","Ninguna","No existe","Recta","Ahuellamiento","Buena","Diurna","Lluvia","Otro","S/D","Aplastamiento,Caída ocupante,Colisión","Agua","Horizontal","Línea divisoria pintada","Sin restricción"
2015,2053,15/04/2015,"Miercoles",0,15:45:00,,"0.0",2,"Pickup/Utilitario,Moto/Ciclomotor","Balcarce Y Amenabar",3,2,0,0,1,0,0,,"Calle",,"ROSARIO","Rosario","Asfalto","S/D","II","Dentro","Urbana","S/D","S/D","Intersección","Bueno","Buena","Diurna","Buen Tiempo","Lateral","S/D","Colisión","S/D","S/D","S/D","S/D"
2015,2054,15/04/2015,"Miercoles",0,18:30:00,,"0.0",2,"Moto/Ciclomotor,Moto/Ciclomotor","Centeno Y Cepeda",2,1,0,0,1,0,0,,"Calle",,"ROSARIO","Rosario","Asfalto","No existe","II","Dentro","Urbana","Ninguna","No existe","Intersección","Bueno","Buena","Diurna","Buen Tiempo","Frontal","S/D","Colisión","Ninguna","Faltante","Ninguna","Sin restricción"
2015,2055,10/04/2015,"Viernes",0,11:15:00,,"0.0",2,"Moto/Ciclomotor,Automóvil","Av. Corrientes Y Pje. Blanque",2,0,1,0,1,0,0,,"Calle",,"ROSARIO","Rosario","Asfalto","No existe","II","Dentro","Urbana","Ninguna","No existe","Intersección","Bueno","Buena","Diurna","Buen Tiempo","De alcance","S/D","Colisión","Ninguna","Faltante","Ninguna","Sin restricción"
2015,2056,15/04/2015,"Miercoles",0,07:15:00,,"0.0",2,"Moto/Ciclomotor,Taxi/Remis","Amenabar Y Pje. Sanchez de Triana",2,1,0,0,1,0,0,,"Calle",,"ROSARIO","Rosario","Asfalto","No existe","II","Dentro","Urbana","Ninguna","No existe","Intersección","Bueno","Buena","Diurna","Buen Tiempo","De alcance","S/D","Colisión","S/D","Faltante","Ninguna","Sin restricción"
2015,2057,05/04/2015,"Domingo",0,16:45:00,,"0.0",2,"Automóvil,Taxi/Remis","San Lorenzo Y Crespo",2,1,0,0,1,0,0,,"Calle",,"ROSARIO","Rosario","S/D","Ripio","II","S/D","Urbana","Ninguna","No existe","Recta","Bueno","Buena","Diurna","Buen Tiempo","Lateral","S/D","Colisión","Otro","Faltante","Ninguna","Sin restricción"
2015,2058,22/04/2015,"Miercoles",0,11:30:00,,"0.0",2,"Automóvil,Bicicleta","Mitre Y Riobamba",2,1,0,0,1,0,0,,"Calle",,"ROSARIO","Rosario","Asfalto","S/D","II","Dentro","Urbana","S/D","No existe","Intersección","Bueno","Buena","Diurna","Buen Tiempo","S/D","S/D","Atropello","S/D","S/D","S/D","S/D"
2015,2059,16/04/2015,"Jueves",0,18:30:00,,"0.0",2,"Automóvil,Taxi/Remis","Av. Pte.Peron Y Av. Ovidio Lagos",3,2,0,0,1,0,0,,"Avenida",,"ROSARIO","Rosario","Asfalto","S/D","II","Dentro","Urbana","Semáforo","Funciona","Recta","Bueno","Buena","Atardecer,Con luz artificial","Buen Tiempo","De alcance","S/D","Colisión","S/D","S/D","S/D","S/D"
2015,2060,07/04/2015,"Martes",0,14:30:00,,"0.0",2,"Automóvil,Automóvil","Santa Fe Y Donado",2,1,0,0,1,0,0,,"Calle",,"ROSARIO","Rosario","Asfalto","No existe","II","S/D","Urbana","Ninguna","No existe","Recta","Bueno","Buena","Diurna","Buen Tiempo","Otro","S/D","Colisión","Otro","Faltante","Ninguna","Sin restricción"
2015,2061,27/04/2015,"Lunes",0,08:00:00,,"0.0",2,"Pickup/Utilitario,Automóvil","Av. Pellegrini Y Dorrego",2,1,0,0,1,0,0,,"Avenida",,"ROSARIO","Rosario","Asfalto","S/D","II","Dentro","Urbana","Semáforo","Funciona","Intersección","Bueno","Buena","Diurna","Buen Tiempo","Lateral","S/D","Colisión","S/D","Vertical","S/D","S/D"