"anio_acci","nro_acci","fecha","desc_dia","fecha_aprox","hora_aprox","desc_ruta","km","cant_participantes","desc_participante","calle_avenida_km","total","heridos_leves","heridos_graves","heridos_gravisimos","ilesos","fallecidos","sin_datos","posicion_XY","desc_tipo_via","desc_ruta_ori","desc_loc","desc_dpto","desc_tipo_calzada","desc_tipo_banquina","desc_unidad_regional","desc_lugar_calzada","desc_zona","desc_prioridad","desc_estado_semaforo","desc_lugar_via","desc_estado_via","desc_estado_visibilidad","desc_luminosidad","desc_estado_clima","desc_tipo_colision","desc_tipo_atropello","desc_tipo_hecho","desc_pres_calzada","desc_senializacion","desc_separacion_via","desc_restriccion"
2015,2062,17/04/2015,"Viernes",0,17:30:00,,"0.0",2,"Moto/Ciclomotor,Otros","Av. Pellegrini Y Paraguay",2,1,0,0,0,0,1,,"Calle",,"ROSARIO","Rosario","Asfalto","S/D","II","Dentro","Urbana","S/D","S/D","Recta","Bueno","Buena","Diurna","Buen Tiempo","De alcance","S/D","Colisión","S/D","S/D","S/D","S/D"
2015,2063,13/04/2015,"Lunes",0,10:35:00,,"0.0",2,"Automóvil,Moto/Ciclomotor","Virasoro Y Chacabuco",2,1,0,0,1,0,0,,"Calle",,"ROSARIO","Rosario","Asfalto","No existe","II","Dentro","Urbana","Ninguna","No existe","Intersección","Bueno","Buena","Diurna","Buen Tiempo","Lateral","S/D","Colisión","Ninguna","Faltante","Ninguna","Sin restricción"
2015,2064,17/04/2015,"Viernes",0,18:10:00,,"0.0",2,"Pickup/Utilitario,Moto/Ciclomotor","La Paz Y Pte.Roca",2,1,0,0,1,0,0,,"Calle",,"ROSARIO","Rosario","Asfalto","S/D","II","Dentro","Urbana","S/D","S/D","Intersección","Bueno","Buena","Atardecer","Buen Tiempo","Lateral","S/D","Colisión","S/D","S/D","S/D","S/D"
2015,2065,22/04/2015,"Miercoles",0,17:30:00,,"0.0",2,"Moto/Ciclomotor,Peatón","Av Fuerza Aerea 1900",3,2,0,0,1,0,0,,"Avenida",,"FUNES","Rosario","Asfalto","Natural","II","S/D","Urbana","S/D","S/D","Recta","Bueno","Buena","Diurna","S/D","S/D","S/D","Atropello","S/D","S/D","Ninguna","S/D"
2015,2066,13/04/2015,"Lunes",0,09:35:00,,"0.0",2,"Bicicleta,Automóvil","Centeno Y Buenos Aires",3,2,0,0,1,0,0,,"Calle",,"ROSARIO","Rosario","Asfalto","No existe","II","Dentro","Urbana","Ninguna","No existe","Intersección","Bueno","Buena","Diurna","Buen Tiempo","S/D","S/D","Atropello","S/D","S/D","Ninguna","Sin restricción"
2015,2067,19/04/2015,"Domingo",0,12:40:00,,"0.0",3,"Automóvil,Automóvil,Automóvil","Italia 2200",3,1,0,0,2,0,0,,"Calle",,"ROSARIO","Rosario","Asfalto","S/D","II","Dentro","Urbana","S/D","No existe","Recta","Bueno","Buena","Diurna","Buen Tiempo","Múltiple","S/D","Colisión","S/D","S/D","S/D","S/D"
2015,2068,28/01/2015,"Miercoles",0,10:30:00,"Autopista Nacional Rosario -Cordoba","343.0",1,"Pickup/Utilitario"," ",3,1,1,0,0,1,0,"-32.870577, -61.202280","Autopista","Rosario -Cordoba","CORREA","Iriondo","Hormigón","Pavimento","X","Fuera","Rural","Policía de tránsito","No existe","Recta","Bueno","Buena","Diurna","Lluvia","Lateral","S/D","Vuelco,Despiste","Agua","Horizontal,Vertical","Vegetación","Sin restricción"
2015,2069,20/04/2015,"Lunes",0,21:00:00,,"0.0",2,"Automóvil,Bicicleta","España Y Cerrito",2,1,0,0,1,0,0,,"Calle",,"ROSARIO","Rosario","Asfalto","S/D","II","Dentro","Urbana","S/D","No existe","Intersección","Bueno","Buena","Nocturna,Con luz artificial","Buen Tiempo","S/D","S/D","Atropello","S/D","S/D","S/D","S/D"
2015,2070,20/04/2015,"Lunes",0,17:45:00,,"0.0",2,"Automóvil,Moto/Ciclomotor","Ituzaingo Y Dorrego",2,1,0,0,1,0,0,,"Calle",,"ROSARIO","Rosario","Asfalto","S/D","II","S/D","Urbana","S/D","S/D","Intersección","Bueno","Buena","Diurna","Buen Tiempo","Lateral","S/D","Colisión","S/D","S/D","S/D","S/D"
2015,2071,21/04/2015,"Martes",0,09:00:00,,"0.0",2,"Automóvil,Moto/Ciclomotor","Italia Y Amenabar",2,1,0,0,1,0,0,,"Calle",,"ROSARIO","Rosario","Asfalto","S/D","II","Dentro","Urbana","S/D","No existe","Intersección","Bueno","Buena","Diurna","Buen Tiempo","Lateral","S/D","Colisión","S/D","S/D","S/D","S/D"
2015,2072,28/04/2015,"Martes",0,17:15:00,,"0.0",2,"Automóvil,Automóvil","Av Fuerza Aerea Y Jorge Newbery",4,3,0,0,1,0,0,,"Avenida",,"FUNES","Rosario","Asfalto","Natural","II","S/D","Urbana","S/D","No existe","Recta","Bueno","Buena","Diurna","Buen Tiempo","Frontal","S/D","Colisión","S/D","S/D","Línea divisoria pintada","Sin restricción"
2015,2073,30/01/2015,"Viernes",0,13:15:00,"Ruta Nacional 11","564.0",2,"Automóvil,Automóvil"," ",7,5,1,0,0,1,0,"-30.807616, -60.597361","Ruta",11,"SAN JUSTO","San Justo","Asfalto","Natural","XVI","Dentro","Urbana","Ninguna","No existe","Recta","Bueno","Buena","Diurna","Buen Tiempo","De alcance","S/D","Colisión","Ninguna","Horizontal","Línea divisoria pintada","Sin restricción"
2015,2074,10/04/2015,"Viernes",0,19:20:00,,"0.0",2,"Automóvil,Moto/Ciclomotor"," ",3,2,0,0,1,0,0,,"S/D",,"FUNES","Rosario","Asfalto","Ripio","II","S/D","Urbana","Ninguna","No existe","Intersección","Bueno","Buena","Atardecer","Buen Tiempo","S/D","S/D","Colisión","S/D","Faltante","Ninguna","Sin restricción"
2015,2075,11/04/2015,"Sabado",0,10:55:00,,"0.0",2,"Automóvil,Moto/Ciclomotor","Ayacucho Y Amenabar",3,2,0,0,1,0,0,,"Calle",,"ROSARIO","Rosario","Asfalto","No existe","II","Dentro","Urbana","Ninguna","No existe","Intersección","Bueno","Buena","Diurna","Buen Tiempo","Lateral","S/D","Colisión","S/D","Vertical","Ninguna","Sin restricción"
2015,2076,10/04/2015,"Viernes",0,06:30:00,,"0.0",2,"Taxi/Remis,Moto/Ciclomotor","Dr.Rivas Y 1 de Mayo",2,1,0,0,1,0,0,,"Calle",,"ROSARIO","Rosario","Asfalto","No existe","II","Dentro","Urbana","Ninguna","No existe","Recta","Bueno","Buena","Diurna","Buen Tiempo","Lateral","S/D","Colisión","Ninguna","S/D","Ninguna","Sin restricción"
2015,2077,10/04/2015,"Viernes",0,14:20:00,,"0.0",2,"Taxi/Remis,Bicicleta","INDEPENDENCIA  Y MONTEVIDEO",3,2,0,0,1,0,0,,"Calle",,"FUNES","Rosario","Asfalto","Natural","II","S/D","Urbana","Ninguna","No existe","Intersección","Bueno","Buena","Diurna","Buen Tiempo","S/D","S/D","Atropello","S/D","S/D","Ninguna","Sin restricción"
2015,2078,01/01/2015,"Jueves",0,,,"0.0",2,"Automóvil,Pickup/Utilitario","San Martín Y Chacabuco",6,5,0,0,0,1,0,"-34.320642, -62.040436","Calle",,"SAN GREGORIO","General López","Asfalto","No existe","VIII","Dentro","Urbana","Ninguna","No existe","Intersección","Bueno","S/D","S/D","S/D","Lateral","S/D","Colisión","S/D","S/D","Ninguna","Sin restricción"
2015,2079,27/03/2015,"Viernes",0,05:45:00,,"0.0",2,"Moto/Ciclomotor,Automóvil","Rui Barbosa Y Buenos Aires",2,1,0,0,1,0,0,,"Calle",,"ROSARIO","Rosario","Asfalto","No existe","II","Dentro","Urbana","S/D","No existe","Recta","Bueno","Buena","Amanecer","S/D","De alcance","S/D","Colisión","Ninguna","Horizontal","Ninguna","Sin restricción"
2015,2080,01/03/2015,"Domingo",0,16:30:00,,"0.0",2,"Moto/Ciclomotor,Pickup/Utilitario","Mr.Ross Y Paraguay",2,1,0,0,1,0,0,,"Calle",,"ROSARIO","Rosario","Asfalto","No existe","II","Dentro","Urbana","Ninguna","No existe","Intersección","Bueno","Buena","Diurna","Buen Tiempo","De alcance","S/D","Colisión","Ninguna","Faltante","Ninguna","Sin restricción"
2015,2081,11/04/2015,"Sabado",0,,,"0.0",2,"Automóvil,Automóvil","Ing Mosconi Y Av Filipini",3,1,0,0,2,0,0,,"Calle",,"VILLA GOBERNADOR GÁLVEZ","Rosario","Asfalto","No existe","II","Dentro","Urbana","Semáforo","Funciona","Intersección","Bueno","S/D","S/D","Buen Tiempo","S/D","S/D","Colisión","S/D","Faltante","Ninguna","Sin restricción"
2015,2082,22/03/2015,"Domingo",0,07:30:00,"Ruta Provincial 18","3.0",2,"Automóvil,Camión"," ",4,0,0,0,0,0,4,,"Ruta",18,"PIÑERO","Rosario","Asfalto","Natural","II","S/D","Rural","Ninguna","No existe","Recta","Bueno","Buena","Diurna","Buen Tiempo","S/D","S/D","Colisión","Ninguna","Faltante","Ninguna","Sin restricción"
2015,2083,19/04/2015,"Domingo",0,17:20:00,,"0.0",2,"Automóvil,Automóvil","Lavalle Y P Opicci",6,3,0,0,3,0,0,,"Calle",,"VILLA GOBERNADOR GÁLVEZ","Rosario","Asfalto","Pavimento","II","Dentro","Urbana","Ninguna","No existe","Intersección","Bueno","Buena","Diurna","Buen Tiempo","S/D","S/D","Colisión","S/D","Faltante","Ninguna","Sin restricción"
2015,2084,25/03/2015,"Miercoles",0,17:30:00,,"0.0",2,"Moto/Ciclomotor,Automóvil","Melincue Y Cabildo",3,2,0,0,1,0,0,,"Calle",,"ROSARIO","Rosario","Asfalto","No existe","II","Dentro","Urbana","Ninguna","No existe","Intersección","Bueno","Buena","Atardecer","Otro","S/D","S/D","Colisión","S/D","Horizontal","Ninguna","Sin restricción"
2015,2085,16/03/2015,"Lunes",0,13:00:00,"Ruta Provincial 18","0.0",2,"Automóvil,Automóvil"," ",6,0,0,0,4,0,2,,"Ruta",18,"PIÑERO","Rosario","Asfalto","Natural","II","S/D","Rural","Ninguna","No existe","Recta","Bueno","Buena","Diurna","Buen Tiempo","S/D","S/D","Colisión","Ninguna","Faltante","Ninguna","Sin restricción"
2015,2086,21/03/2015,"Sabado",0,09:30:00,,"0.0",2,"Moto/Ciclomotor,Moto/Ciclomotor","Madre Cabrini Y Mariano Moreno",3,2,0,0,1,0,0,,"Calle",,"ROSARIO","Rosario","Asfalto","No existe","II","Dentro","Urbana","Ninguna","No existe","Intersección","Bueno","Buena","Diurna","Buen Tiempo","Lateral","S/D","Colisión","S/D","Faltante","Ninguna","Sin restricción"
2015,2087,18/04/2015,"Sabado",0,13:30:00,,"0.0",2,"Pickup/Utilitario,Automóvil","Iriondo 2000",2,1,0,0,1,0,0,,"Calle",,"VILLA GOBERNADOR GÁLVEZ","Rosario","Asfalto","No existe","II","Dentro","Urbana","Ninguna","No existe","Recta","Bueno","Buena","Diurna","Buen Tiempo","S/D","S/D","Colisión","S/D","Faltante","Ninguna","Sin restricción"
2015,2088,21/03/2015,"Sabado",0,11:50:00,,"0.0",2,"Moto/Ciclomotor,Moto/Ciclomotor","Melincue Y Patricios",2,2,0,0,0,0,0,,"Calle",,"ROSARIO","Rosario","Asfalto","No existe","II","Dentro","Urbana","S/D","No existe","Intersección","Bueno","Buena","Diurna","Buen Tiempo","S/D","S/D","Colisión","S/D","Horizontal","S/D","S/D"
2015,2089,19/03/2015,"Jueves",0,01:40:00,,"0.0",2,"Pickup/Utilitario,Automóvil","San Martin Y Esteban de Luca",2,1,0,0,1,0,0,,"Calle",,"ROSARIO","Rosario","Asfalto","No existe","II","Dentro","Urbana","Ninguna","Funciona","Intersección","Bueno","Buena","Nocturna","Buen Tiempo","De alcance","S/D","Colisión","Ninguna","Horizontal","Ninguna","Sin restricción"
2015,2090,29/03/2015,"Domingo",0,10:45:00,,"0.0",2,"Moto/Ciclomotor,Automóvil","1 de Mayo Y Bv. Segui",2,1,0,0,1,0,0,,"Calle",,"ROSARIO","Rosario","Asfalto","No existe","II","Dentro","Urbana","Ninguna","No existe","Intersección","Bueno","Buena","Diurna","Otro","Lateral","S/D","Colisión","Ninguna","Faltante","Ninguna","Sin restricción"
2015,2091,05/04/2015,"Domingo",0,23:00:00,,"0.0",2,"Automóvil,Moto/Ciclomotor"," ",2,1,0,0,1,0,0,,"Calle",,"VILLA GOBERNADOR GÁLVEZ","Rosario","Asfalto","No existe","II","Dentro","Urbana","Ninguna","No existe","Recta","Bueno","Buena","Nocturna","Buen Tiempo","De alcance","S/D","Colisión","S/D","Faltante","Ninguna","Sin restricción"
2015,2092,20/03/2015,"Viernes",0,20:55:00,,"0.0",2,"Pickup/Utilitario,Automóvil","San Martin Y Av. Circunvalacion",2,1,0,0,1,0,0,,"Avenida",,"ROSARIO","Rosario","Asfalto","Natural","II","Dentro","Urbana","S/D","No existe","Recta","Bueno","Reducida","Nocturna","S/D","S/D","S/D","Colisión","S/D","Faltante","Guardarrail","Sin restricción"
2015,2093,03/03/2015,"Martes",0,17:00:00,,"0.0",2,"Moto/Ciclomotor,Moto/Ciclomotor","Av. Ovidio Lagos 6298",2,1,0,0,0,0,1,,"Avenida",,"ROSARIO","Rosario","Asfalto","Pavimento","II","S/D","Urbana","Ninguna","Funciona","Recta","Bueno","Buena","Diurna","Buen Tiempo","Frontal","S/D","Colisión","S/D","S/D","Ninguna","Sin restricción"
2015,2094,23/03/2015,"Lunes",0,14:30:00,,"0.0",2,"Moto/Ciclomotor,Automóvil","Anchorena Y Alvear",3,2,0,0,1,0,0,,"Calle",,"ROSARIO","Rosario","Asfalto","No existe","II","Dentro","Urbana","Ninguna","No existe","Intersección","Bueno","Buena","Diurna","Buen Tiempo","Lateral","S/D","Colisión","S/D","Faltante","Ninguna","Sin restricción"
2015,2095,15/03/2015,"Domingo",0,,,"0.0",2,"Automóvil,Moto/Ciclomotor","Dorrego Y Garibaldi",4,3,0,0,1,0,0,,"Calle",,"ROSARIO","Rosario","Asfalto","No existe","II","Dentro","Urbana","Ninguna","No existe","Intersección","Bueno","Buena","S/D","Buen Tiempo","De alcance","S/D","Colisión","Ninguna","Faltante","Ninguna","Sin restricción"
2015,2096,20/03/2015,"Viernes",0,20:45:00,,"0.0",2,"Moto/Ciclomotor,Taxi/Remis","Av. Battle y Ordoñez Y Buenos Aires",3,2,0,0,1,0,0,,"Avenida",,"ROSARIO","Rosario","Asfalto","No existe","II","Dentro","Urbana","S/D","No existe","Intersección","Bueno","Reducida","Nocturna","S/D","S/D","S/D","Colisión","S/D","Horizontal","Línea divisoria pintada","Sin restricción"
2015,2097,06/03/2015,"Viernes",0,12:40:00,,"0.0",2,"Peatón,Transporte de Pasajeros Urbano (> 8 asientos)","Av. Arijon Y Pje. 2034",2,1,0,0,1,0,0,,"Avenida",,"ROSARIO","Rosario","Asfalto","No existe","II","S/D","Urbana","Ninguna","No existe","Intersección","Bueno","Buena","Diurna","Buen Tiempo","S/D","S/D","Atropello","S/D","Faltante","Ninguna","Sin restricción"
2015,2098,09/04/2015,"Jueves",0,20:30:00,,"0.0",2,"Automóvil,Pickup/Utilitario","Av Juan Domingo Peron 1300",4,1,0,0,3,0,0,,"Calle",,"VILLA GOBERNADOR GÁLVEZ","Rosario","Asfalto","No existe","II","Dentro","Urbana","Ninguna","No existe","Recta","Bueno","Buena","Atardecer,Con luz artificial","Buen Tiempo","De alcance","S/D","Colisión","S/D","Faltante","S/D","Sin restricción"
2015,2099,19/03/2015,"Jueves",0,13:40:00,,"0.0",2,"Moto/Ciclomotor,Automóvil","Bv. Oroño Y J.M.Gutierrez",2,1,0,0,1,0,0,,"Avenida",,"ROSARIO","Rosario","Asfalto","No existe","II","S/D","Urbana","Semáforo","Funciona","Intersección","Bueno","Buena","Diurna","Buen Tiempo","Lateral","S/D","Colisión","S/D","S/D","Cordón divisorio","Sin restricción"
2015,2100,16/03/2015,"Lunes",0,18:45:00,,"0.0",2,"Moto/Ciclomotor,Automóvil","Av. Battle y Ordoñez Y Pte.Roca",3,1,1,0,1,0,0,,"Avenida",,"ROSARIO","Rosario","Asfalto","No existe","II","Dentro","Urbana","S/D","No existe","Intersección","Bueno","Buena","Atardecer","S/D","S/D","S/D","Colisión","S/D","Horizontal","Cordón divisorio","Sin restricción"
2015,2101,14/03/2015,"Sabado",0,08:30:00,,"0.0",2,"Automóvil,Moto/Ciclomotor","Pueyrredon Y Bv. Segui",2,1,0,0,1,0,0,,"Calle",,"ROSARIO","Rosario","Asfalto","No existe","II","Dentro","Urbana","Ninguna","No existe","Intersección","Bueno","Buena","Diurna","Buen Tiempo","De alcance","S/D","Colisión","Ninguna","Faltante","Ninguna","Sin restricción"
2015,2102,06/02/2015,"Viernes",0,13:35:00,,"0.0",2,"Moto/Ciclomotor,Automóvil","Bv. Oroño Y Av. Dante Alighieri",3,3,0,0,0,0,0,,"Avenida",,"ROSARIO","Rosario","Asfalto","S/D","II","Dentro","Urbana","S/D","S/D","Recta","Bueno","Buena","Diurna","Buen Tiempo","Contra objeto fijo","S/D","Colisión","S/D","S/D","S/D","S/D"
2015,2103,12/03/2015,"Jueves",0,15:40:00,,"0.0",3,"Taxi/Remis,Automóvil,Automóvil","Paraguay Y Pasco",3,2,0,0,1,0,0,,"Calle",,"ROSARIO","Rosario","Asfalto","Pavimento","II","Dentro","Urbana","S/D","No existe","Recta","Bueno","Buena","Diurna","Buen Tiempo","De alcance","S/D","Colisión","S/D","Vertical","S/D","S/D"
2015,2104,30/03/2015,"Lunes",0,17:50:00,,"0.0",2,"Automóvil,Moto/Ciclomotor","Bv. Segui Y Pte.Roca",2,1,0,0,1,0,0,,"Calle",,"ROSARIO","Rosario","Asfalto","No existe","II","Dentro","Urbana","Ninguna","No existe","Intersección","Bueno","Buena","Diurna","Buen Tiempo","De alcance","S/D","Colisión","Ninguna","Faltante","Ninguna","Sin restricción"
2015,2105,08/04/2015,"Miercoles",0,08:10:00,,"0.0",2,"Moto/Ciclomotor,Taxi/Remis","Av Juan Domingo Peron Y Corrientes",2,1,0,0,1,0,0,,"Calle",,"VILLA GOBERNADOR GÁLVEZ","Rosario","Asfalto","No existe","II","Dentro","Urbana","Ninguna","No existe","Recta","Bueno","Buena","Diurna","Buen Tiempo","De alcance","S/D","Colisión","S/D","Faltante","Ninguna","Sin restricción"
2015,2106,13/03/2015,"Viernes",0,19:00:00,,"0.0",2,"Peatón,Moto/Ciclomotor","Corralito Y Madre Cabrini",2,1,0,0,1,0,0,,"Calle",,"ROSARIO","Rosario","Asfalto","No existe","II","Dentro","Urbana","Ninguna","No existe","Recta","Bueno","Buena","Con luz artificial","Buen Tiempo","S/D","S/D","Atropello","S/D","Faltante","Ninguna","Sin restricción"
2015,2107,27/03/2015,"Viernes",0,22:00:00,,"0.0",2,"Moto/Ciclomotor,Taxi/Remis","Dorrego Y Mr.Ross",2,1,0,0,1,0,0,,"Calle",,"ROSARIO","Rosario","Asfalto","No existe","II","Dentro","Urbana","Ninguna","No existe","Intersección","Bueno","Buena","Diurna","Buen Tiempo","De alcance","S/D","Colisión","Ninguna","Faltante","Ninguna","Sin restricción"
2015,2108,18/04/2015,"Sabado",0,12:40:00,,"0.0",2,"Pickup/Utilitario,Pickup/Utilitario","Corrientes Y Av de Circunvalacion",2,1,0,0,1,0,0,,"Calle",,"VILLA GOBERNADOR GÁLVEZ","Rosario","Asfalto","S/D","II","Dentro","Urbana","Ninguna","S/D","Recta","Bueno","Buena","Nocturna,Con luz artificial","Buen Tiempo","Frontal","S/D","Colisión","S/D","Faltante","Ninguna","Sin restricción"
2015,2109,24/03/2015,"Martes",0,12:00:00,,"0.0",2,"Moto/Ciclomotor,Automóvil","Av. Battle y Ordoñez Y Mariano Moreno",3,2,0,0,1,0,0,,"Avenida",,"ROSARIO","Rosario","Asfalto","No existe","II","Dentro","Urbana","Semáforo","Funciona","Intersección","Bueno","Buena","Diurna","Buen Tiempo","Lateral","S/D","Colisión","S/D","Vertical","Cordón divisorio","Sin restricción"
2015,2110,07/03/2015,"Sabado",0,12:45:00,,"0.0",2,"Peatón,Automóvil","Cerrito 1600",2,1,0,0,0,0,1,,"Calle",,"ROSARIO","Rosario","Asfalto","S/D","II","Dentro","Urbana","S/D","S/D","Recta","Bueno","Buena","Diurna","Buen Tiempo","S/D","S/D","Atropello","S/D","S/D","S/D","S/D"
2015,2111,09/03/2015,"Lunes",0,14:10:00,,"0.0",2,"Automóvil,Camión","Av. Ovidio Lagos 6800",3,2,0,0,1,0,0,,"Avenida",,"ROSARIO","Rosario","Asfalto","No existe","II","Dentro","Urbana","Semáforo","Funciona","Recta","Bueno","Buena","Diurna","Buen Tiempo","De alcance","S/D","Colisión","S/D","Vertical","Ninguna","Sin restricción"
2015,2112,27/03/2015,"Viernes",0,10:20:00,,"0.0",2,"Peatón,Automóvil","Sarmiento Y Pje. E.Diaz",3,2,0,0,1,0,0,,"Calle",,"ROSARIO","Rosario","Asfalto","No existe","II","Dentro","Urbana","Ninguna","No existe","Intersección","Bueno","Buena","Diurna","Buen Tiempo","S/D","S/D","Atropello","Ninguna","Faltante","Ninguna","Sin restricción"
2015,2113,23/03/2015,"Lunes",0,20:20:00,,"0.0",2,"Automóvil,Moto/Ciclomotor","Rueda Y San Martin",2,1,0,0,1,0,0,,"S/D",,"ROSARIO","Rosario","Asfalto","No existe","II","Dentro","Urbana","Ninguna","No existe","Intersección","Bueno","Buena","Nocturna","Buen Tiempo","Lateral","S/D","Colisión","Ninguna","Faltante","Ninguna","Sin restricción"
2015,2114,05/03/2015,"Jueves",0,09:20:00,,"0.0",2,"Moto/Ciclomotor,Pickup/Utilitario","San Martin Y Av. Circunvalacion",2,1,0,0,1,0,0,,"Avenida",,"ROSARIO","Rosario","Asfalto","No existe","II","Dentro","Urbana","S/D","Funciona","Recta","Bueno","Buena","Diurna","S/D","S/D","S/D","Colisión","S/D","Vertical","Cordón divisorio","Sin restricción"
2015,2115,06/03/2015,"Viernes",0,12:30:00,,"0.0",2,"Peatón,Automóvil","Ituzaingo Y Paraguay",2,1,0,0,0,0,1,,"S/D",,"ROSARIO","Rosario","Asfalto","S/D","II","S/D","S/D","S/D","S/D","Intersección","Bueno","Buena","Diurna","Buen Tiempo","S/D","S/D","Atropello","S/D","S/D","S/D","S/D"
2015,2116,17/04/2015,"Viernes",0,08:00:00,,"0.0",2,"Moto/Ciclomotor,Otros","Av Juan Domingo Peron Y Corrientes",2,1,0,0,1,0,0,,"Calle",,"VILLA GOBERNADOR GÁLVEZ","Rosario","Asfalto","No existe","II","Dentro","Urbana","Ninguna","No existe","Recta","Bueno","Buena","Diurna","Buen Tiempo","De alcance","S/D","Colisión","S/D","Faltante","Ninguna","Sin restricción"
2015,2117,22/03/2015,"Domingo",0,02:30:00,,"0.0",2,"Automóvil,Moto/Ciclomotor","Centeno Bis 200",2,1,0,0,1,0,0,,"Calle",,"ROSARIO","Rosario","Asfalto","No existe","II","Dentro","Urbana","Ninguna","No existe","Recta","Bueno","Buena","Nocturna","Buen Tiempo","Lateral","S/D","Colisión","Ninguna","S/D","Ninguna","Sin restricción"
2015,2118,20/03/2015,"Viernes",0,18:00:00,,"0.0",2,"Moto/Ciclomotor,Automóvil","Av. Uriburu Y Bv. Oroño",2,1,0,0,1,0,0,,"Avenida",,"ROSARIO","Rosario","Asfalto","No existe","II","Dentro","Urbana","Semáforo","Funciona","Recta","Bueno","Buena","Diurna","Buen Tiempo","De alcance","S/D","Colisión","Ninguna","Horizontal","Ninguna","Sin restricción"
2015,2119,18/03/2015,"Miercoles",0,23:30:00,,"0.0",2,"Moto/Ciclomotor,Automóvil","Pje. 2012 5800",2,1,0,0,1,0,0,,"Calle",,"ROSARIO","Rosario","Asfalto","Natural","II","S/D","Urbana","S/D","No existe","Recta","Bueno","Buena","Nocturna","S/D","S/D","S/D","S/D","S/D","Faltante","S/D","S/D"
2015,2120,07/03/2015,"Sabado",0,14:45:00,,"0.0",2,"Automóvil,Moto/Ciclomotor","España Y Bv. 27 De Febrero",2,1,0,0,1,0,0,,"Calle",,"ROSARIO","Rosario","Asfalto","S/D","II","Dentro","Urbana","Semáforo","Funciona","Recta","Bueno","Buena","Diurna","Buen Tiempo","Lateral","S/D","Colisión","S/D","Vertical","S/D","S/D"
2015,2121,21/03/2015,"Sabado",0,20:00:00,,"0.0",1,"Automóvil","Bv. Segui Y L.N.Alem",2,1,0,0,1,0,0,,"Calle",,"ROSARIO","Rosario","Asfalto","Ripio","II","Dentro","Urbana","Ninguna","No existe","Cruce","Bueno","Buena","Nocturna","Buen Tiempo","Lateral","S/D","Colisión","Ninguna","S/D","Ninguna","Sin restricción"
2015,2122,09/03/2015,"Lunes",0,09:00:00,,"0.0",2,"Moto/Ciclomotor,Automóvil","Riobamba Y Sarmiento",2,1,0,0,1,0,0,,"Calle",,"ROSARIO","Rosario","Asfalto","Pavimento","II","Dentro","Urbana","S/D","No existe","Recta","Bueno","Buena","Diurna","Buen Tiempo","Lateral","S/D","Colisión","S/D","Vertical","S/D","S/D"
2015,2123,17/04/2015,"Viernes",0,22:15:00,,"0.0",2,"Bicicleta,Automóvil","polonia Y Cervantes",2,1,0,0,1,0,0,,"Calle",,"VILLA GOBERNADOR GÁLVEZ","Rosario","Asfalto","No existe","II","Dentro","Urbana","Ninguna","No existe","Recta","Bueno","Buena","Nocturna,Con luz artificial","Buen Tiempo","Lateral","S/D","Atropello","S/D","Faltante","Ninguna","Sin restricción"
2015,2124,24/03/2015,"Martes",0,01:00:00,,"0.0",2,"Moto/Ciclomotor,Automóvil","Av. Ovidio Lagos Y Av. Arijon",2,1,0,0,1,0,0,,"Avenida",,"ROSARIO","Rosario","Asfalto","Pavimento","II","S/D","Urbana","Semáforo","Funciona","Intersección","Bueno","Buena","Nocturna","Buen Tiempo","Frontal","S/D","Colisión","S/D","Vertical","Ninguna","Sin restricción"
2015,2125,08/03/2015,"Domingo",0,03:20:00,,"0.0",1,"Moto/Ciclomotor","Virasoro Y Beruti",2,1,1,0,0,0,0,,"Calle",,"ROSARIO","Rosario","Asfalto","No existe","II","Dentro","Urbana","Ninguna","No existe","Recta","Bueno","Buena","Nocturna","Buen Tiempo","S/D","S/D","Caída ocupante","Ninguna","Faltante","Ninguna","Sin restricción"
2015,2126,20/03/2015,"Viernes",0,09:10:00,,"0.0",2,"Automóvil,Automóvil","Av. Pellegrini ",2,1,0,0,1,0,0,,"Avenida",,"ROSARIO","Rosario","Asfalto","Pavimento","II","Dentro","Urbana","Semáforo","Funciona","Recta","Bueno","Buena","Diurna","Buen Tiempo","De alcance","S/D","Colisión","S/D","Vertical","Barrera de hormigón","S/D"
2015,2127,10/03/2015,"Martes",0,12:00:00,,"0.0",2,"Peatón,Automóvil","Saavedra 271",2,1,0,0,1,0,0,,"Calle",,"ROSARIO","Rosario","Asfalto","No existe","II","Dentro","Urbana","Ninguna","No existe","Recta","Bueno","Buena","Diurna","Buen Tiempo","S/D","S/D","Atropello","Ninguna","Faltante","Ninguna","Sin restricción"
2015,2128,22/03/2015,"Domingo",0,20:50:00,,"0.0",2,"Automóvil,Pickup/Utilitario","Ayacucho ",5,3,0,0,2,0,0,,"Calle",,"ROSARIO","Rosario","S/D","S/D","II","Dentro","Urbana","S/D","S/D","Intersección","S/D","S/D","Nocturna","S/D","Lateral","S/D","Colisión","S/D","S/D","S/D","S/D"
2015,2129,13/03/2015,"Viernes",0,22:45:00,,"0.0",2,"Moto/Ciclomotor,Automóvil","Biedma Y Mitre",3,2,0,0,1,0,0,,"Calle",,"ROSARIO","Rosario","Asfalto","No existe","II","Dentro","Urbana","Ninguna","No existe","Intersección","Bueno","Buena","Nocturna","Buen Tiempo","De alcance","S/D","Colisión","Ninguna","Faltante","Ninguna","Sin restricción"
2015,2130,09/03/2015,"Lunes",0,22:30:00,,"0.0",2,"Automóvil,Automóvil","Ayacucho Y Gaboto",2,1,0,0,1,0,0,,"Calle",,"ROSARIO","Rosario","Asfalto","No existe","II","Dentro","Urbana","Ninguna","No existe","Recta","Bueno","Buena","Con luz artificial","Buen Tiempo","S/D","S/D","Colisión","Ninguna","Faltante","Ninguna","Sin restricción"