"anio_acci","nro_acci","fecha","desc_dia","fecha_aprox","hora_aprox","desc_ruta","km","cant_participantes","desc_participante","calle_avenida_km","total","heridos_leves","heridos_graves","heridos_gravisimos","ilesos","fallecidos","sin_datos","posicion_XY","desc_tipo_via","desc_ruta_ori","desc_loc","desc_dpto","desc_tipo_calzada","desc_tipo_banquina","desc_unidad_regional","desc_lugar_calzada","desc_zona","desc_prioridad","desc_estado_semaforo","desc_lugar_via","desc_estado_via","desc_estado_visibilidad","desc_luminosidad","desc_estado_clima","desc_tipo_colision","desc_tipo_atropello","desc_tipo_hecho","desc_pres_calzada","desc_senializacion","desc_separacion_via","desc_restriccion"
2015,2131,06/01/2015,"Martes",0,18:20:00,,"0.0",2,"Peatón,Pickup/Utilitario","Pje 124 126 845",2,0,0,0,1,1,0,"-29.118542, -59.681067","Calle",,"AVELLANEDA","General Obligado","S/D","S/D","IX","Dentro","Urbana","S/D","No existe","Recta","S/D","S/D","Diurna","Buen Tiempo","S/D","S/D","Atropello","S/D","S/D","Ninguna","Sin restricción"
2015,2132,24/03/2015,"Martes",0,13:20:00,,"0.0",2,"Moto/Ciclomotor,Automóvil","Laprida Y Reg.11 de Infanteria",2,0,1,0,1,0,0,,"Calle",,"ROSARIO","Rosario","Asfalto","No existe","II","S/D","Urbana","Ninguna","No existe","Intersección","Bueno","Buena","Diurna","S/D","Lateral","S/D","Colisión","S/D","S/D","Ninguna","Sin restricción"
2015,2133,19/03/2015,"Jueves",0,09:20:00,,"0.0",2,"Moto/Ciclomotor,Automóvil","Laprida Y Alzugaray",2,1,0,0,1,0,0,,"Calle",,"ROSARIO","Rosario","Asfalto","No existe","II","Dentro","Urbana","S/D","No existe","Intersección","Bueno","Buena","Diurna","Buen Tiempo","S/D","S/D","Colisión","S/D","Horizontal","Ninguna","Sin restricción"
2015,2134,13/03/2015,"Viernes",0,19:30:00,,"0.0",2,"Automóvil,Automóvil","Mitre Y Pte.Quintana",2,1,0,0,1,0,0,,"Calle",,"ROSARIO","Rosario","Asfalto","No existe","II","Dentro","Urbana","Ninguna","No existe","Intersección","Bueno","Buena","Atardecer","Buen Tiempo","De alcance","S/D","Colisión","Ninguna","Faltante","Ninguna","Sin restricción"
2015,2135,12/03/2015,"Jueves",0,10:00:00,,"0.0",2,"Moto/Ciclomotor,Automóvil","Sanchez de Thompson Y Alice",2,1,0,0,1,0,0,,"Calle",,"ROSARIO","Rosario","Asfalto","No existe","II","S/D","Urbana","Ninguna","No existe","Intersección","Otro","Buena","Diurna","Otro","Lateral","S/D","Colisión","S/D","S/D","Ninguna","Sin restricción"
2015,2136,20/03/2015,"Viernes",0,20:00:00,,"0.0",2,"Peatón,Automóvil","Pje. Ipe 6400",2,0,1,0,1,0,0,,"Calle",,"ROSARIO","Rosario","Asfalto","No existe","II","Dentro","Urbana","S/D","No existe","Recta","Bueno","Reducida","Nocturna","S/D","S/D","S/D","Atropello","S/D","Horizontal","Ninguna","Sin restricción"
2015,2137,25/04/2015,"Sabado",0,23:45:00,"Ruta Provincial 21","0.0",2,"Camión,Pickup/Utilitario"," ",2,1,0,0,1,0,0,,"Ruta",21,"PUEBLO ESTHER","Rosario","Asfalto","Natural","II","S/D","Urbana","Ninguna","No existe","Recta","Bueno","Buena","Nocturna","Buen Tiempo","De alcance","S/D","Colisión","S/D","Faltante","Línea divisoria pintada","Sin restricción"
2015,2138,21/03/2015,"Sabado",0,11:20:00,,"0.0",2,"Moto/Ciclomotor,Automóvil","Hilarion de la Quintana Y Leiva",2,1,0,0,1,0,0,,"Calle",,"ROSARIO","Rosario","Asfalto","No existe","II","Dentro","Urbana","Ninguna","No existe","Intersección","S/D","Buena","Diurna","Buen Tiempo","Lateral","S/D","Colisión","S/D","S/D","Ninguna","Sin restricción"
2015,2139,06/01/2015,"Martes",0,22:00:00,"Ruta Nacional 168","0.0",1,"Moto/Ciclomotor"," ",1,0,0,0,0,1,0,"-31.639649, -60.634660","Ruta",168,"LA GUARDIA","La Capital","Asfalto","S/D","I","Dentro","Urbana","S/D","No existe","Curva","Bueno","Reducida","Nocturna","S/D","S/D","S/D","Caída ocupante","S/D","Horizontal,Vertical","Guardarrail","Sin restricción"
2015,2140,08/03/2015,"Domingo",0,12:00:00,,"0.0",2,"Bicicleta,Automóvil","Juan Canals Y Pje. Humboldt",2,1,0,0,1,0,0,,"S/D",,"ROSARIO","Rosario","Asfalto","No existe","II","Dentro","Urbana","Ninguna","No existe","Intersección","Bueno","Buena","Diurna","Buen Tiempo","S/D","S/D","Atropello","Ninguna","Faltante","Ninguna","Sin restricción"
2015,2141,26/03/2015,"Jueves",0,06:00:00,,"0.0",2,"Bicicleta,Automóvil","Av. Ovidio Lagos Y Av. Battle y Ordoñez",2,1,0,0,1,0,0,,"Avenida",,"ROSARIO","Rosario","Asfalto","Pavimento","II","Dentro","Urbana","Semáforo","Funciona","Intersección","Bueno","Buena","Diurna","Buen Tiempo","S/D","S/D","Atropello","S/D","Vertical","Ninguna","Sin restricción"
2015,2142,08/01/2015,"Jueves",0,15:10:00,,"0.0",2,"Moto/Ciclomotor,Pickup/Utilitario","San Martin Y Francia",5,0,0,0,4,1,0,"-33.699027, -61.612465","Calle",,"ELORTONDO","General López","Hormigón","No existe","VIII","Dentro","Urbana","Ninguna","No existe","Intersección","Bueno","Buena","Diurna","Buen Tiempo","Lateral","S/D","Colisión","S/D","S/D","Ninguna","Sin restricción"
2015,2143,20/04/2015,"Lunes",0,14:20:00,,"0.0",2,"Moto/Ciclomotor,Camión","Av Gral San Martin Y J F Kennedy",2,1,0,0,1,0,0,,"Calle",,"VILLA GOBERNADOR GÁLVEZ","Rosario","Asfalto","No existe","II","Dentro","Urbana","Ninguna","No existe","Recta","Bueno","Buena","Diurna","Buen Tiempo","Lateral","S/D","Colisión","Otro","Faltante","Ninguna","Sin restricción"
2015,2144,14/03/2015,"Sabado",0,19:00:00,,"0.0",2,"Automóvil,Taxi/Remis","Italia Y Ituzaingo",3,1,0,0,2,0,0,,"Calle",,"ROSARIO","Rosario","Asfalto","Pavimento","II","Dentro","Urbana","Ninguna","No existe","Recta","Bueno","Buena","Diurna","Buen Tiempo","Lateral","S/D","Colisión","S/D","Vertical","Barrera de hormigón","S/D"
2015,2145,14/03/2015,"Sabado",0,06:55:00,,"0.0",1,"Moto/Ciclomotor"," ",2,1,0,0,1,0,0,,"Calle",,"ROSARIO","Rosario","Asfalto","Pavimento","II","Dentro","Urbana","Semáforo","S/D","Recta","Bueno","Buena","Amanecer","Buen Tiempo","Lateral","S/D","Colisión","S/D","Vertical","S/D","S/D"
2015,2146,14/03/2015,"Sabado",0,07:40:00,,"0.0",2,"Automóvil,Moto/Ciclomotor","Virasoro Y Paraguay",2,1,0,0,1,0,0,,"Calle",,"ROSARIO","Rosario","Asfalto","Pavimento","II","Dentro","Urbana","S/D","No existe","Recta","Bueno","Buena","Diurna","Buen Tiempo","Lateral","S/D","Colisión","S/D","Vertical","S/D","S/D"
2015,2147,09/03/2015,"Lunes",0,09:00:00,,"0.0",2,"Bicicleta,Automóvil","Dorrego Y Viamonte",2,1,0,0,1,0,0,,"Calle",,"ROSARIO","Rosario","Asfalto","S/D","II","Dentro","Urbana","Ninguna","No existe","Recta","S/D","Buena","Diurna","Buen Tiempo","S/D","S/D","Atropello","S/D","Vertical","S/D","S/D"
2015,2148,14/03/2015,"Sabado",0,12:30:00,,"0.0",2,"Automóvil,Automóvil","Bv. 27 De Febrero Y Entre Rios",2,1,0,0,1,0,0,,"Avenida",,"ROSARIO","Rosario","Asfalto","Pavimento","II","Dentro","Urbana","Semáforo","Funciona","Recta","Bueno","Buena","Diurna","Buen Tiempo","Lateral","S/D","Colisión","S/D","Vertical","S/D","S/D"
2015,2149,10/03/2015,"Martes",0,22:00:00,,"0.0",2,"Bicicleta,Pickup/Utilitario","Entre Rios Y Amenabar",2,1,0,0,1,0,0,,"Calle",,"ROSARIO","Rosario","Asfalto","Pavimento","II","Dentro","Urbana","S/D","No existe","Recta","Bueno","Buena","Nocturna","Buen Tiempo","S/D","S/D","Atropello","S/D","Vertical","S/D","S/D"
2015,2150,16/03/2015,"Lunes",0,10:15:00,,"0.0",2,"Moto/Ciclomotor,Automóvil","Av. Pellegrini Y Italia",2,1,0,0,1,0,0,,"Avenida",,"ROSARIO","Rosario","Asfalto","Pavimento","II","Dentro","Urbana","Semáforo","Funciona","Recta","Bueno","Buena","Diurna","Buen Tiempo","Lateral","S/D","Colisión","S/D","Vertical","Cordón divisorio","S/D"
2015,2151,10/03/2015,"Martes",0,18:05:00,,"0.0",2,"Automóvil,Moto/Ciclomotor","San Martin Y Rueda",3,1,0,0,2,0,0,,"Avenida",,"ROSARIO","Rosario","Asfalto","No existe","II","Dentro","Urbana","Semáforo","Funciona","Recta","S/D","Buena","Atardecer","Buen Tiempo","Lateral","S/D","Colisión","S/D","S/D","S/D","S/D"
2015,2152,16/03/2015,"Lunes",0,10:30:00,,"0.0",2,"Peatón,Moto/Ciclomotor","Av. Pellegrini Y Alvear",3,1,0,0,2,0,0,,"Avenida",,"ROSARIO","Rosario","Asfalto","Pavimento","II","Dentro","Urbana","Semáforo","Funciona","Recta","Bueno","Buena","Diurna","Buen Tiempo","S/D","S/D","Atropello","S/D","Vertical","Barrera de hormigón","S/D"
2015,2153,06/03/2015,"Viernes",0,09:20:00,,"0.0",2,"Bicicleta,Taxi/Remis"," ",4,1,0,0,3,0,0,,"Calle",,"ROSARIO","Rosario","Asfalto","No existe","II","Dentro","Urbana","Ninguna","No existe","Intersección","Bueno","Buena","Diurna","Buen Tiempo","S/D","S/D","Atropello","Ninguna","Faltante","Ninguna","Sin restricción"
2015,2154,26/04/2015,"Domingo",0,23:40:00,"Autopista Provincial Brigadier E.López","282.0",2,"Camión,Camión"," ",2,1,0,0,1,0,0,,"Autopista","Brigadier E.López","ALVEAR","Rosario","Asfalto","Natural","II","Dentro","Rural","Ninguna","No existe","Recta","Bueno","Buena","Nocturna","Buen Tiempo","De alcance","S/D","Colisión","S/D","Horizontal","Vegetación","Sin restricción"
2015,2155,01/04/2015,"Miercoles",0,08:50:00,,"0.0",2,"Pickup/Utilitario,Moto/Ciclomotor","Bv San diego Y P Opicci",2,1,0,0,1,0,0,,"Calle",,"VILLA GOBERNADOR GÁLVEZ","Rosario","Asfalto","No existe","II","Dentro","Urbana","Ninguna","No existe","Intersección","Bueno","Buena","Diurna","Buen Tiempo","S/D","S/D","Colisión","S/D","Faltante","Ninguna","Sin restricción"
2015,2156,09/03/2015,"Lunes",0,18:00:00,,"0.0",2,"Automóvil,Moto/Ciclomotor","Ayacucho Y Gaboto",2,1,0,0,1,0,0,,"Calle",,"ROSARIO","Rosario","Asfalto","No existe","II","Dentro","Urbana","Ninguna","No existe","Intersección","Bueno","Buena","Diurna","Buen Tiempo","Otro","S/D","Colisión","Ninguna","Faltante","S/D","Sin restricción"
2015,2157,16/04/2015,"Jueves",0,07:40:00,"Ruta Provincial 21","287.0",2,"Automóvil,Pickup/Utilitario"," ",2,1,0,0,1,0,0,,"Ruta",21,"ALVEAR","Rosario","Asfalto","Natural","II","Dentro","Urbana","Semáforo","Funciona","Recta","Bueno","Buena","Diurna","Buen Tiempo","De alcance","S/D","Colisión","S/D","Horizontal,Vertical","Línea divisoria pintada","Sin restricción"
2015,2158,06/04/2015,"Lunes",0,15:00:00,,"0.0",2,"Automóvil,Moto/Ciclomotor","Ing Mosconi Y Avellaneda",2,1,0,0,1,0,0,,"Calle",,"VILLA GOBERNADOR GÁLVEZ","Rosario","Asfalto","No existe","II","Dentro","Urbana","Ninguna","No existe","Intersección","Bueno","Buena","Diurna","Buen Tiempo","S/D","S/D","Colisión","S/D","Faltante","Ninguna","Sin restricción"
2015,2159,26/03/2015,"Jueves",0,20:00:00,"Ruta Provincial 18","7.9",2,"Automóvil,Camión"," ",2,1,0,0,0,0,1,,"Ruta",18,"PIÑERO","Rosario","Asfalto","Natural","II","Dentro","S/D","Ninguna","No existe","Recta","Bueno","Buena","Nocturna","Buen Tiempo","S/D","S/D","Colisión","Ninguna","Faltante","Ninguna","Sin restricción"
2015,2160,13/04/2015,"Lunes",0,19:15:00,,"0.0",2,"Moto/Ciclomotor,Moto/Ciclomotor","Ing Mosconi Y Bomberos Voluntarios",4,1,0,0,3,0,0,,"Calle",,"VILLA GOBERNADOR GÁLVEZ","Rosario","Asfalto","No existe","II","Dentro","Urbana","Ninguna","No existe","Intersección","Bueno","Buena","Atardecer","Buen Tiempo","S/D","S/D","Colisión","S/D","Faltante","Ninguna","Sin restricción"
2015,2161,20/03/2015,"Viernes",0,20:15:00,"Ruta Provincial 18","11.0",1,"Pickup/Utilitario"," ",3,3,0,0,0,0,0,,"Ruta",18,"ÁLVAREZ","Rosario","Asfalto","Natural","II","Dentro","Urbana","Ninguna","No existe","Recta","Con baches","Reducida","Nocturna","Buen Tiempo","Frontal","S/D","Colisión","Ninguna","Faltante","Ninguna","Sin restricción"
2015,2162,10/03/2015,"Martes",0,16:00:00,,"0.0",1,"Moto/Ciclomotor","Bv. Segui Y Pje. Casablanca",1,1,0,0,0,0,0,,"Calle",,"ROSARIO","Rosario","Asfalto","No existe","II","Dentro","Urbana","Ninguna","No existe","Recta","Bueno","Buena","Diurna","Buen Tiempo","S/D","S/D","Caída ocupante","Ninguna","Faltante","Ninguna","Sin restricción"
2015,2163,05/04/2015,"Domingo",0,13:00:00,,"0.0",1,"Automóvil","Chacabuco Y Alberdi",2,1,0,0,1,0,0,,"Avenida",,"ÁLVAREZ","Rosario","Asfalto","No existe","II","Dentro","Urbana","Ninguna","No existe","Intersección","Con baches","Buena","Diurna","Buen Tiempo","S/D","S/D","Colisión","Ninguna","Faltante","Ninguna","Sin restricción"
2015,2164,19/02/2015,"Jueves",0,18:00:00,,"0.0",2,"Moto/Ciclomotor,Automóvil","Saavedra Y Maipu",2,1,0,0,1,0,0,,"Calle",,"ROSARIO","Rosario","Asfalto","No existe","II","Dentro","Urbana","Ninguna","No existe","Intersección","Bueno","Buena","Diurna","Buen Tiempo","Lateral","S/D","Colisión","Ninguna","Faltante","Ninguna","Sin restricción"
2015,2165,05/03/2015,"Jueves",0,02:00:00,,"0.0",2,"Automóvil,Moto/Ciclomotor","Sarmiento Y Gaboto",2,1,0,0,1,0,0,,"S/D",,"ROSARIO","Rosario","Asfalto","No existe","II","Dentro","Urbana","Ninguna","No existe","Intersección","Bueno","Buena","Nocturna","Buen Tiempo","De alcance","S/D","Colisión","Ninguna","Faltante","Ninguna","Sin restricción"
2015,2166,25/04/2015,"Sabado",0,19:00:00,,"0.0",3,"Moto/Ciclomotor,Automóvil,Automóvil","Bv Galvez 1400",3,1,0,0,2,0,0,,"Avenida",,"SANTA FE","La Capital","S/D","S/D","I","S/D","Urbana","S/D","S/D","Intersección","S/D","S/D","Atardecer","S/D","Lateral,Múltiple","S/D","Colisión","S/D","S/D","S/D","S/D"
2015,2167,25/04/2015,"Sabado",0,08:00:00,,"0.0",2,"Bicicleta,Automóvil","Bv Galvez Y Las Heras",2,1,0,0,1,0,0,"-31.636888888889,-60.697638888889","Calle",,"SANTA FE","La Capital","S/D","S/D","I","S/D","Urbana","S/D","S/D","Intersección","S/D","S/D","Diurna","S/D","S/D","S/D","Atropello","S/D","S/D","S/D","S/D"
2015,2168,12/04/2015,"Domingo",0,16:35:00,,"0.0",2,"Moto/Ciclomotor,Automóvil","Nicasio Oroño Y Av Leandro Alem",3,2,0,0,1,0,0,,"Calle",,"SANTA FE","La Capital","Asfalto","S/D","I","Dentro","Urbana","S/D","S/D","Curva","Bueno","S/D","Diurna","S/D","De alcance","S/D","Colisión","S/D","S/D","S/D","S/D"
2015,2169,05/01/2015,"Lunes",0,22:25:00,,"0.0",2,"Moto/Ciclomotor,Moto/Ciclomotor","Cochabamba Y Necochea",2,1,0,0,1,0,0,,"S/D",,"ROSARIO","Rosario","Asfalto","No existe","II","S/D","S/D","Ninguna","No existe","Intersección","Bueno","Buena","Nocturna,Con luz artificial","Buen Tiempo","De alcance","S/D","Colisión","Ninguna","Faltante","Ninguna","Sin restricción"
2015,2170,23/04/2015,"Jueves",0,20:15:00,,"0.0",2,"Moto/Ciclomotor,Automóvil","Gdor Candioti Y Maipu",2,1,0,0,1,0,0,,"Calle",,"SANTA FE","La Capital","S/D","S/D","I","S/D","Urbana","S/D","S/D","Intersección","S/D","S/D","Nocturna","S/D","Lateral","S/D","Colisión","S/D","S/D","S/D","S/D"
2015,2171,08/04/2015,"Miercoles",0,22:40:00,,"0.0",2,"Pickup/Utilitario,Bicicleta","San Jose Y Juan de Garay",2,0,0,0,1,0,1,"-31.649638888889,-60.723916666667","Calle",,"SANTA FE","La Capital","S/D","S/D","I","S/D","Urbana","S/D","S/D","S/D","S/D","S/D","Nocturna","S/D","S/D","S/D","Atropello","S/D","S/D","S/D","S/D"
2015,2172,15/04/2015,"Miercoles",0,07:55:00,,"0.0",2,"Moto/Ciclomotor,Taxi/Remis","Balcarce Y Sarmiento",2,1,0,0,1,0,0,,"Calle",,"SANTA FE","La Capital","Asfalto","S/D","I","Dentro","Urbana","S/D","S/D","Intersección","Bueno","S/D","Diurna","S/D","Lateral","S/D","Colisión","S/D","S/D","S/D","S/D"
2015,2173,02/03/2015,"Lunes",0,08:30:00,,"0.0",2,"Moto/Ciclomotor,Automóvil","Ayacucho Y Rueda",2,1,0,0,1,0,0,,"Calle",,"ROSARIO","Rosario","Asfalto","No existe","II","Dentro","Urbana","Ninguna","No existe","Intersección","Bueno","Buena","Diurna","Buen Tiempo","Lateral","S/D","Colisión","Ninguna","Faltante","Ninguna","Sin restricción"
2015,2174,18/04/2015,"Sabado",0,23:20:00,,"0.0",2,"Moto/Ciclomotor,Automóvil"," ",2,1,0,0,1,0,0,,"Calle",,"SANTA FE","La Capital","S/D","S/D","I","Dentro","Urbana","S/D","S/D","Intersección","Bueno","S/D","Nocturna","S/D","Lateral","S/D","Colisión","S/D","S/D","S/D","S/D"
2015,2175,26/04/2015,"Domingo",0,,,"0.0",2,"Moto/Ciclomotor,Pickup/Utilitario","Necochea Y Luciano Molinas",2,1,0,0,1,0,0,,"Calle",,"SANTA FE","La Capital","S/D","S/D","I","S/D","Urbana","S/D","S/D","Intersección","S/D","S/D","S/D","S/D","Lateral","S/D","Colisión","S/D","S/D","S/D","S/D"
2015,2176,24/04/2015,"Viernes",0,13:20:00,,"0.0",2,"Peatón,Moto/Ciclomotor","Av Juan Domingo Peron Y Piazza",2,2,0,0,0,0,0,,"Calle",,"VILLA GOBERNADOR GÁLVEZ","Rosario","Asfalto","No existe","II","Dentro","Urbana","Ninguna","No existe","Recta","Bueno","Buena","Diurna","Buen Tiempo","Lateral","S/D","Atropello","S/D","Faltante","Ninguna","Sin restricción"
2015,2177,26/04/2015,"Domingo",0,13:00:00,,"0.0",2,"Peatón,Automóvil","Bv Galvez 1100",2,1,0,0,1,0,0,"-31.638916666667,-60.686944444444","Avenida",,"SANTA FE","La Capital","S/D","S/D","I","S/D","Urbana","S/D","S/D","Intersección","S/D","S/D","Diurna","S/D","S/D","S/D","Atropello","S/D","S/D","S/D","S/D"
2015,2178,21/03/2015,"Sabado",0,19:00:00,,"0.0",2,"Automóvil,Bicicleta","Dr.Rivas Y Buenos Aires",2,1,0,0,1,0,0,,"S/D",,"ROSARIO","Rosario","Asfalto","No existe","II","Dentro","Urbana","Ninguna","No existe","Intersección","Bueno","Buena","Diurna","Buen Tiempo","S/D","S/D","Atropello","S/D","Faltante","Ninguna","Sin restricción"
2015,2179,28/04/2015,"Martes",0,,,"0.0",2,"Moto/Ciclomotor,Automóvil","Las Heras Y Gdor Candioti",2,1,0,0,1,0,0,,"Calle",,"SANTA FE","La Capital","S/D","S/D","I","S/D","Urbana","S/D","S/D","Intersección","S/D","S/D","S/D","S/D","Lateral","S/D","Colisión","S/D","S/D","S/D","S/D"
2015,2180,10/01/2015,"Sabado",0,,,"0.0",2,"Moto/Ciclomotor,Automóvil","L.N.Alem Y Viamonte",2,1,0,0,1,0,0,,"Calle",,"ROSARIO","Rosario","Asfalto","No existe","II","S/D","Urbana","Semáforo","Intermitente","Intersección","Bueno","Buena","Con luz artificial","Buen Tiempo","De alcance","S/D","Colisión","Ninguna","Vertical","Ninguna","Sin restricción"
2015,2181,04/02/2015,"Miercoles",0,21:00:00,,"0.0",2,"Moto/Ciclomotor,Automóvil","Buenos Aires 3400",2,1,0,0,1,0,0,,"Calle",,"ROSARIO","Rosario","Asfalto","No existe","II","S/D","Urbana","Ninguna","No existe","Recta","Bueno","Buena","Nocturna","S/D","Lateral","S/D","Colisión","Ninguna","Horizontal","S/D","Sin restricción"
2015,2182,09/04/2015,"Jueves",0,21:00:00,,"0.0",2,"Moto/Ciclomotor,Pickup/Utilitario"," ",2,1,0,0,1,0,0,,"S/D",,"SANTA FE","La Capital","Asfalto","S/D","I","S/D","Urbana","S/D","S/D","Intersección","S/D","S/D","S/D","S/D","S/D","S/D","Colisión","S/D","S/D","S/D","S/D"
2015,2183,08/04/2015,"Miercoles",0,21:00:00,,"0.0",2,"Taxi/Remis,Moto/Ciclomotor","Francia Y Juan de Garay",2,1,0,0,1,0,0,,"Calle",,"SANTA FE","La Capital","S/D","S/D","I","S/D","Urbana","S/D","S/D","S/D","S/D","S/D","Nocturna","S/D","S/D","S/D","Colisión","S/D","S/D","S/D","S/D"
2015,2184,09/01/2015,"Viernes",0,19:20:00,,"0.0",2,"Automóvil,Moto/Ciclomotor","Necochea Y La Paz",3,2,0,0,1,0,0,,"Calle",,"ROSARIO","Rosario","Asfalto","No existe","II","Dentro","Urbana","Señal Pare","No existe","Intersección","Bueno","Buena","Con luz artificial","Buen Tiempo","Lateral","S/D","Colisión","Ninguna","Vertical","Ninguna","Sin restricción"
2015,2185,29/04/2015,"Miercoles",0,13:00:00,,"0.0",2,"Moto/Ciclomotor,Automóvil","Gdor Candioti Y Juan Del Campillo",3,2,0,0,1,0,0,,"Calle",,"SANTA FE","La Capital","S/D","S/D","I","S/D","Urbana","S/D","S/D","Intersección","S/D","S/D","Diurna","S/D","Lateral","S/D","Colisión","S/D","S/D","S/D","S/D"
2015,2186,07/01/2015,"Miercoles",0,18:00:00,,"0.0",2,"Automóvil,Pickup/Utilitario","Bv. 27 De Febrero Y Necochea",3,2,0,0,1,0,0,,"Avenida",,"ROSARIO","Rosario","Asfalto","No existe","II","Dentro","Urbana","Semáforo","Funciona","Intersección","Bueno","Buena","Diurna","Buen Tiempo","De alcance","S/D","Colisión","Ninguna","Vertical","Cordón divisorio","Sin restricción"
2015,2187,29/04/2015,"Miercoles",0,11:15:00,,"0.0",2,"Bicicleta,Automóvil","Juan Del Campillo Y Alberdi",2,1,0,0,1,0,0,"-31.632388888889,-60.690638888889","Calle",,"SANTA FE","La Capital","S/D","S/D","I","S/D","Urbana","S/D","S/D","Intersección","S/D","S/D","Diurna","S/D","S/D","S/D","Atropello","S/D","S/D","S/D","S/D"
2015,2188,07/01/2015,"Miercoles",0,09:25:00,,"0.0",2,"Vehículo Oficial,Automóvil","Cerrito Y Necochea",3,2,0,0,1,0,0,,"Calle",,"ROSARIO","Rosario","Asfalto","No existe","II","S/D","Urbana","Señal Pare","No existe","Intersección","Bueno","Buena","Diurna","Buen Tiempo","Lateral","S/D","Colisión","Ninguna","Vertical","Ninguna","Sin restricción"
2015,2189,04/03/2015,"Miercoles",0,19:30:00,,"0.0",2,"Moto/Ciclomotor,Automóvil","Urquiza Y Bv. Oroño",3,2,0,0,1,0,0,,"Avenida",,"ROSARIO","Rosario","Asfalto","S/D","II","Dentro","Urbana","S/D","S/D","Recta","Bueno","Buena","Atardecer","S/D","De alcance","S/D","Colisión","S/D","S/D","S/D","S/D"
2015,2190,10/01/2015,"Sabado",0,10:20:00,"Ruta Nacional 8","340.5",2,"Automóvil,Camión","RN 8 y RP 94 ",2,0,0,0,1,1,0,"-33.840896, -61.727913","Ruta",8,"SANTA ISABEL","General López","Asfalto","Natural","VIII","Dentro","Rural","Señal Pare","No existe","Cruce","Bueno","Buena","Diurna","Buen Tiempo","Lateral","S/D","Colisión","S/D","S/D","Línea divisoria pintada","Sin restricción"
2015,2191,17/05/2015,"Domingo",0,16:15:00,,"0.0",1,"Automóvil","La Pampa 3000",1,1,0,0,0,0,0,,"Calle",,"SANTA FE","La Capital","Asfalto","Natural","I","Dentro","Urbana","S/D","No existe","Recta","Con baches","Buena","Diurna","S/D","Contra objeto fijo","S/D","Colisión","S/D","Faltante","S/D","S/D"
2015,2192,05/05/2015,"Martes",0,23:00:00,,"0.0",2,"Automóvil,Moto/Ciclomotor","1ro de Mayo Y Azcuenaga",2,2,0,0,0,0,0,,"Calle",,"SANTA FE","La Capital","Asfalto","Natural","I","Dentro","Urbana","S/D","No existe","Intersección","Deteriorada","Reducida polvo","Nocturna,Con luz artificial","Buen Tiempo","Lateral","S/D","Colisión","S/D","Faltante","S/D","S/D"
2015,2193,28/01/2015,"Miercoles",0,05:30:00,,"0.0",2,"Automóvil,Pickup/Utilitario","San Martin 1900",2,1,0,0,1,0,0,,"S/D",,"ROSARIO","Rosario","Asfalto","No existe","II","S/D","S/D","Ninguna","Intermitente","Recta","Bueno","Buena","Nocturna","Buen Tiempo","Lateral","S/D","Colisión","S/D","Faltante","Línea divisoria pintada","Sin restricción"
2015,2194,19/03/2015,"Jueves",0,18:30:00,,"0.0",2,"Moto/Ciclomotor,Automóvil","Necochea Y Cerrito",3,1,0,0,2,0,0,,"Calle",,"ROSARIO","Rosario","Asfalto","No existe","II","Dentro","Urbana","Señal Pare","No existe","Intersección","Bueno","Buena","Atardecer","Buen Tiempo","Lateral","S/D","Colisión","Ninguna","Vertical","Ninguna","Sin restricción"
2015,2195,12/04/2015,"Domingo",0,06:50:00,,"0.0",1,"Automóvil","Av Freyre Y Bv Pellegrini",2,1,0,0,1,0,0,,"Avenida",,"SANTA FE","La Capital","Asfalto","S/D","I","S/D","Urbana","S/D","S/D","Intersección","S/D","S/D","S/D","S/D","S/D","S/D","Despiste","S/D","S/D","S/D","S/D"
2015,2196,06/04/2015,"Lunes",0,12:30:00,,"0.0",2,"Bicicleta,Automóvil","Juan Diaz de Solis Y Monseñor Zaspe",2,1,0,0,0,0,1,"-31.652694444444,-60.72925","Calle",,"SANTA FE","La Capital","S/D","S/D","I","S/D","Urbana","S/D","S/D","S/D","S/D","S/D","Diurna","S/D","S/D","S/D","Atropello","S/D","S/D","S/D","S/D"
2015,2197,14/04/2015,"Martes",0,14:55:00,,"0.0",2,"Camión,Camión","Bv Pellegrini 3500",2,1,0,0,1,0,0,,"Avenida",,"SANTA FE","La Capital","Asfalto","S/D","I","S/D","Urbana","S/D","S/D","Recta","S/D","S/D","S/D","S/D","S/D","S/D","Atropello","S/D","S/D","S/D","S/D"
2015,2198,08/03/2015,"Domingo",0,21:00:00,,"0.0",2,"Automóvil,Automóvil","Ituzaingo Y Colon",3,2,0,0,1,0,0,,"Calle",,"ROSARIO","Rosario","Asfalto","No existe","II","Dentro","Urbana","Ninguna","No existe","Intersección","Bueno","Buena","Nocturna,Con luz artificial","Buen Tiempo","Lateral","S/D","Colisión","Agua","Faltante","Ninguna","Sin restricción"
2015,2199,05/05/2015,"Martes",0,20:35:00,,"0.0",2,"Moto/Ciclomotor,Otros","Gorriti 3500",3,1,0,0,0,0,2,,"Calle",,"SANTA FE","La Capital","Asfalto","Pavimento","I","Dentro","Urbana","S/D","No existe","Intersección","Bueno","Buena","Nocturna,Con luz artificial","S/D","Lateral","S/D","Colisión","S/D","Faltante","S/D","S/D"