"anio_acci","nro_acci","fecha","desc_dia","fecha_aprox","hora_aprox","desc_ruta","km","cant_participantes","desc_participante","calle_avenida_km","total","heridos_leves","heridos_graves","heridos_gravisimos","ilesos","fallecidos","sin_datos","posicion_XY","desc_tipo_via","desc_ruta_ori","desc_loc","desc_dpto","desc_tipo_calzada","desc_tipo_banquina","desc_unidad_regional","desc_lugar_calzada","desc_zona","desc_prioridad","desc_estado_semaforo","desc_lugar_via","desc_estado_via","desc_estado_visibilidad","desc_luminosidad","desc_estado_clima","desc_tipo_colision","desc_tipo_atropello","desc_tipo_hecho","desc_pres_calzada","desc_senializacion","desc_separacion_via","desc_restriccion"
2015,2200,14/01/2015,"Miercoles",0,12:45:00,,"0.0",1,"Pickup/Utilitario","Roque Saenz Pe±a Y General Martin M Guemes",4,0,0,0,3,1,0,"-33.374745, -60.503606","Avenida",,"GODOY","Constitución","Asfalto","Natural","VI","Dentro","Urbana","Otra Señal","No existe","Recta","Bueno","Buena","Diurna","Buen Tiempo","S/D","S/D","Caída ocupante","Otro","S/D","S/D","Sin restricción"
2015,2201,06/03/2015,"Viernes",0,10:00:00,,"0.0",2,"Taxi/Remis,Moto/Ciclomotor","Necochea Y Cochabamba",2,1,0,0,1,0,0,,"Calle",,"ROSARIO","Rosario","Asfalto","No existe","II","Dentro","Urbana","Señal Pare","No existe","Intersección","Bueno","Buena","Diurna","Buen Tiempo","Lateral","S/D","Colisión","Ninguna","Vertical","Ninguna","Sin restricción"
2015,2202,01/04/2015,"Miercoles",0,,,"0.0",2,"Moto/Ciclomotor,Moto/Ciclomotor","Francia Y Hipolito Yrigoyen",2,1,0,0,1,0,0,,"Calle",,"SANTA FE","La Capital","Asfalto","S/D","I","S/D","Urbana","S/D","S/D","Intersección","S/D","S/D","S/D","S/D","S/D","S/D","Colisión","S/D","S/D","S/D","S/D"
2015,2203,06/04/2015,"Lunes",0,08:00:00,,"0.0",2,"Pickup/Utilitario,Bicicleta","Irigoyen Freyre Y Av J J Paso",3,1,0,0,1,0,1,"-31.661504, -60.723223","Calle",,"SANTA FE","La Capital","S/D","S/D","I","S/D","Urbana","S/D","S/D","S/D","S/D","S/D","Diurna","S/D","S/D","S/D","Atropello","S/D","S/D","S/D","S/D"
2015,2204,08/05/2015,"Viernes",0,11:00:00,,"0.0",2,"Automóvil,Moto/Ciclomotor","Gorriti Y Dr Zavalla",2,1,0,0,1,0,0,,"Calle",,"SANTA FE","La Capital","Asfalto","Pavimento","I","Dentro","Urbana","S/D","No existe","Intersección","Bueno","Buena","Diurna","S/D","Lateral","S/D","Colisión","S/D","Faltante","S/D","S/D"
2015,2205,14/02/2015,"Sabado",0,11:00:00,,"0.0",2,"Automóvil,Automóvil","Chacabuco Y Viamonte",2,2,0,0,0,0,0,,"Calle",,"ROSARIO","Rosario","Asfalto","No existe","II","Dentro","Urbana","Ninguna","No existe","Intersección","Bueno","Buena","Diurna","Buen Tiempo","Lateral","S/D","Colisión","Ninguna","Faltante","Ninguna","Sin restricción"
2015,2206,11/05/2015,"Lunes",0,21:00:00,,"0.0",2,"Automóvil,Moto/Ciclomotor","Gorriti Y 1ro de Mayo",2,1,0,0,1,0,0,,"Calle",,"SANTA FE","La Capital","Asfalto","Pavimento","I","Dentro","Urbana","S/D","No existe","Intersección","Bueno","Buena","Nocturna,Con luz artificial","S/D","Lateral","S/D","Colisión","S/D","Faltante","S/D","S/D"
2015,2207,15/05/2015,"Viernes",0,23:45:00,,"0.0",2,"Automóvil,Moto/Ciclomotor","Padre Genesio Y Av A del Valle",2,1,0,0,1,0,0,,"Calle",,"SANTA FE","La Capital","Asfalto","Pavimento","I","Dentro","Urbana","S/D","Funciona","Intersección","Bueno","Buena","Nocturna","Buen Tiempo","Lateral","S/D","Colisión","S/D","S/D","S/D","S/D"
2015,2208,19/03/2015,"Jueves",0,09:20:00,,"0.0",2,"Automóvil,Moto/Ciclomotor","Viamonte Y Av. Corrientes",2,1,0,0,1,0,0,,"Calle",,"ROSARIO","Rosario","Asfalto","S/D","II","Dentro","Urbana","Señal Pare","No existe","Recta","Bueno","Buena","Diurna","Buen Tiempo","De alcance","S/D","Colisión","S/D","Vertical","Barrera de hormigón","S/D"
2015,2209,17/04/2015,"Viernes",0,07:15:00,,"0.0",2,"Moto/Ciclomotor,Automóvil","Av Lopez y Planes Y Candido Pujato",2,1,0,0,1,0,0,,"Avenida",,"SANTA FE","La Capital","Asfalto","S/D","I","Dentro","Urbana","S/D","S/D","Intersección","S/D","S/D","S/D","S/D","S/D","S/D","Colisión","S/D","S/D","S/D","S/D"
2015,2210,18/03/2015,"Miercoles",0,15:20:00,,"0.0",2,"Automóvil,Bicicleta","Av. Corrientes Y Galvez",2,1,0,0,1,0,0,,"Calle",,"ROSARIO","Rosario","Asfalto","Pavimento","II","Dentro","Urbana","Señal Ceda el Paso","No existe","Recta","Bueno","Buena","Diurna","Buen Tiempo","S/D","S/D","Atropello","S/D","Vertical","Barrera de hormigón","S/D"
2015,2211,27/04/2015,"Lunes",0,11:20:00,,"0.0",2,"Automóvil,Automóvil","Av Juan Domingo Peron Y Libertad",2,1,0,0,1,0,0,,"Calle",,"VILLA GOBERNADOR GÁLVEZ","Rosario","Asfalto","No existe","II","Dentro","Urbana","Ninguna","No existe","Recta","Bueno","Buena","Diurna","Buen Tiempo","Lateral","S/D","Colisión","S/D","Faltante","Ninguna","Sin restricción"
2015,2212,15/01/2015,"Jueves",0,08:15:00,,"0.0",2,"Moto/Ciclomotor,Automóvil","Pellegrini Y 7 de Octubre",2,0,0,0,1,1,0,"-32.818944444444,-61.399333333333","Calle",,"CAÑADA DE GÓMEZ","Iriondo","Hormigón","No existe","X","Dentro","Urbana","Ninguna","S/D","Intersección","Bueno","Buena","Diurna","Buen Tiempo","Lateral","S/D","Colisión","S/D","S/D","Ninguna","Sin restricción"
2015,2213,17/04/2015,"Viernes",0,20:45:00,,"0.0",2,"Moto/Ciclomotor,Moto/Ciclomotor","Av Freyre Y Santiago del Estero",2,1,0,0,1,0,0,,"Avenida",,"SANTA FE","La Capital","Asfalto","S/D","I","S/D","Urbana","S/D","S/D","Intersección","S/D","S/D","S/D","S/D","S/D","S/D","Colisión","S/D","S/D","S/D","S/D"
2015,2214,10/02/2015,"Martes",0,14:55:00,,"0.0",2,"Automóvil,Automóvil","Ocampo Y Laprida",3,1,0,0,2,0,0,,"Calle",,"ROSARIO","Rosario","Asfalto","No existe","II","Dentro","Urbana","Ninguna","No existe","Intersección","Bueno","Buena","Diurna","Buen Tiempo","Lateral","S/D","Colisión","Ninguna","Faltante","Ninguna","Sin restricción"
2015,2215,06/04/2015,"Lunes",0,13:00:00,,"0.0",2,"Moto/Ciclomotor,Automóvil","Av Gral San Martin Y Guido y Spano",2,1,0,0,1,0,0,,"Calle",,"VILLA GOBERNADOR GÁLVEZ","Rosario","Asfalto","No existe","II","Dentro","Urbana","Ninguna","No existe","Recta","Bueno","Buena","Diurna","Buen Tiempo","Lateral","S/D","Colisión","S/D","Faltante","Ninguna","Sin restricción"
2015,2216,17/04/2015,"Viernes",0,21:30:00,,"0.0",2,"Moto/Ciclomotor,Transporte de Pasajeros Urbano (> 8 asientos)","Av Freyre Y Bv Pellegrini",3,2,0,0,1,0,0,,"Avenida",,"SANTA FE","La Capital","Asfalto","S/D","I","S/D","Urbana","S/D","S/D","Intersección","S/D","S/D","S/D","S/D","S/D","S/D","Colisión","S/D","S/D","S/D","S/D"
2015,2217,18/03/2015,"Miercoles",0,11:05:00,,"0.0",1,"Automóvil","Bv. 27 De Febrero Y Rodriguez",2,1,0,0,1,0,0,,"Avenida",,"ROSARIO","Rosario","Asfalto","Pavimento","II","Dentro","Urbana","Señal Pare","No existe","Recta","Bueno","Buena","Diurna","Buen Tiempo","De alcance","S/D","Colisión","S/D","Vertical","Barrera de hormigón","S/D"
2015,2218,04/04/2015,"Sabado",0,11:40:00,,"0.0",2,"Moto/Ciclomotor,Automóvil","Av Urquiza Y 3 de Febrero",2,1,0,0,1,0,0,,"Avenida",,"SANTA FE","La Capital","S/D","S/D","I","S/D","Urbana","S/D","S/D","S/D","S/D","S/D","Diurna","S/D","S/D","S/D","Colisión","S/D","S/D","S/D","S/D"
2015,2219,01/04/2015,"Miercoles",0,,,"0.0",2,"Moto/Ciclomotor,Automóvil","Av Freyre 2100",2,1,0,0,1,0,0,,"Avenida",,"SANTA FE","La Capital","Asfalto","S/D","I","S/D","Urbana","S/D","S/D","Recta","S/D","S/D","S/D","S/D","S/D","S/D","Colisión","S/D","S/D","S/D","S/D"
2015,2220,06/02/2015,"Viernes",0,21:00:00,,"0.0",2,"Moto/Ciclomotor,Automóvil","Riobamba Y J.M.de Rosas",3,2,0,0,1,0,0,,"Calle",,"ROSARIO","Rosario","Asfalto","No existe","II","Dentro","Urbana","Ninguna","No existe","Recta","Bueno","Buena","Nocturna,Con luz artificial","Buen Tiempo","Contra objeto fijo","S/D","Colisión","Ninguna","Faltante","Ninguna","Sin restricción"
2015,2221,20/04/2015,"Lunes",0,21:30:00,,"0.0",2,"Bicicleta,Automóvil","Santiago de Chile Y Pje Liniers",2,1,0,0,1,0,0,"-31.645972222222,-60.724333333333","Calle",,"SANTA FE","La Capital","Asfalto","S/D","I","S/D","Urbana","S/D","S/D","Intersección","S/D","S/D","S/D","S/D","S/D","S/D","Atropello","S/D","S/D","S/D","S/D"
2015,2222,28/04/2015,"Martes",0,16:15:00,,"0.0",2,"Moto/Ciclomotor,Automóvil","Sarmiento Y Sargento Cabral",2,1,0,0,1,0,0,,"Calle",,"SANTA FE","La Capital","S/D","S/D","I","S/D","Urbana","S/D","S/D","Recta","S/D","S/D","Diurna","S/D","Lateral","S/D","Colisión","S/D","S/D","S/D","S/D"
2015,2223,10/03/2015,"Martes",0,16:00:00,,"0.0",2,"Moto/Ciclomotor,Moto/Ciclomotor","Galvez Y Italia",2,1,0,0,1,0,0,,"Calle",,"ROSARIO","Rosario","Asfalto","S/D","II","Dentro","Urbana","Señal Pare","No existe","Recta","S/D","Buena","Diurna","Buen Tiempo","Lateral","S/D","Colisión","S/D","S/D","S/D","S/D"
2015,2224,17/01/2015,"Sabado",0,01:00:00,,"0.0",2,"Moto/Ciclomotor,Automóvil","Jujuy Y Calle 26",2,0,0,0,1,1,0,"-33.732472222222,-61.944833333333","Calle",,"VENADO TUERTO","General López","Asfalto","S/D","VIII","Dentro","Urbana","Ninguna","No existe","Intersección","S/D","S/D","Nocturna","Buen Tiempo","Lateral","S/D","Colisión","S/D","S/D","Ninguna","Sin restricción"
2015,2225,02/04/2015,"Jueves",0,16:30:00,,"0.0",2,"Pickup/Utilitario,Moto/Ciclomotor","3 de Febrero Y Francia",2,1,0,0,1,0,0,,"Calle",,"SANTA FE","La Capital","Asfalto","S/D","I","S/D","Urbana","S/D","S/D","Intersección","S/D","S/D","Diurna","S/D","S/D","S/D","Colisión","S/D","S/D","S/D","S/D"
2015,2226,11/03/2015,"Miercoles",0,11:20:00,,"0.0",2,"Bicicleta,Automóvil","San Martin Y Av. Pellegrini",2,1,0,0,1,0,0,,"Avenida",,"ROSARIO","Rosario","Asfalto","No existe","II","Dentro","Urbana","Semáforo","Funciona","Recta","Bueno","Buena","Diurna","Buen Tiempo","S/D","S/D","Atropello","S/D","Vertical","S/D","S/D"
2015,2227,24/04/2015,"Viernes",0,19:30:00,,"0.0",2,"Moto/Ciclomotor,Automóvil","J J Paso Y Gdor Freyre",2,1,0,0,1,0,0,,"Avenida",,"SANTA FE","La Capital","Asfalto","S/D","I","S/D","Urbana","S/D","S/D","Intersección","S/D","S/D","Atardecer","S/D","S/D","S/D","Colisión","S/D","S/D","S/D","S/D"
2015,2228,01/04/2015,"Miercoles",0,10:35:00,,"0.0",2,"Bicicleta,Automóvil","J J Paso Y Saavedra",2,1,0,0,1,0,0,"-31.661833333333,-60.720666666667","Calle",,"SANTA FE","La Capital","Asfalto","S/D","I","S/D","Urbana","Ninguna","S/D","Intersección","S/D","S/D","Diurna","S/D","S/D","S/D","Atropello","S/D","S/D","S/D","S/D"
2015,2229,08/02/2015,"Domingo",0,11:00:00,,"0.0",2,"Moto/Ciclomotor,Automóvil","Cochabamba 50BIS",2,1,0,0,1,0,0,,"Calle",,"ROSARIO","Rosario","Asfalto","No existe","II","Dentro","Urbana","Ninguna","No existe","Recta","Bueno","Buena","Diurna","Buen Tiempo","De alcance","S/D","Colisión","Ninguna","Faltante","Ninguna","S/D"
2015,2230,12/03/2015,"Jueves",0,13:25:00,,"0.0",2,"Moto/Ciclomotor,Pickup/Utilitario","Entre Rios Y Pasco",2,1,0,0,1,0,0,,"Calle",,"ROSARIO","Rosario","Asfalto","No existe","II","Dentro","Urbana","Señal Ceda el Paso","No existe","Recta","Bueno","Buena","Diurna","Buen Tiempo","De alcance","S/D","Colisión","S/D","Vertical","S/D","Sin restricción"
2015,2231,04/03/2015,"Miercoles",0,00:45:00,,"0.0",2,"Moto/Ciclomotor,Automóvil","Av. Uriburu Y Paraguay",4,1,0,0,3,0,0,,"Avenida",,"ROSARIO","Rosario","Asfalto","No existe","II","Dentro","Urbana","Ninguna","No existe","Intersección","Bueno","Buena","Nocturna","Buen Tiempo","De alcance","S/D","Colisión","Ninguna","Faltante","Ninguna","Sin restricción"
2015,2232,30/03/2015,"Lunes",0,12:30:00,,"0.0",2,"Peatón,Automóvil","3 de Febrero Y San Lorenzo",2,0,1,0,1,0,0,"-31.656361111111,-60.720472222222","Calle",,"SANTA FE","La Capital","Asfalto","S/D","I","S/D","Urbana","S/D","S/D","Intersección","S/D","S/D","Diurna","S/D","S/D","S/D","Atropello","S/D","S/D","S/D","S/D"
2015,2233,21/04/2015,"Martes",0,14:20:00,,"0.0",2,"Moto/Ciclomotor,Automóvil","Av Gral Lopez Y Av Urquiza",2,1,0,0,1,0,0,,"Avenida",,"SANTA FE","La Capital","S/D","S/D","I","S/D","Urbana","S/D","S/D","S/D","S/D","S/D","Diurna","S/D","S/D","S/D","Colisión","S/D","S/D","S/D","S/D"
2015,2234,20/01/2015,"Martes",0,19:15:00,,"0.0",2,"Automóvil,Automóvil","Cochabamba Y L.N.Alem",3,2,0,0,1,0,0,,"Calle",,"ROSARIO","Rosario","Asfalto","No existe","II","Dentro","Urbana","Señal Pare","No existe","Intersección","Bueno","Buena","Atardecer","Buen Tiempo","Lateral","S/D","Colisión","Ninguna","Faltante","Ninguna","Sin restricción"
2015,2235,20/04/2015,"Lunes",0,14:30:00,,"0.0",2,"Automóvil,Moto/Ciclomotor","J J Paso Y San Lorenzo",2,2,0,0,0,0,0,,"Calle",,"SANTA FE","La Capital","S/D","S/D","I","S/D","Urbana","S/D","S/D","S/D","S/D","S/D","Diurna","S/D","S/D","S/D","Colisión","S/D","S/D","S/D","S/D"
2015,2236,03/03/2015,"Martes",0,18:55:00,,"0.0",2,"Automóvil,Moto/Ciclomotor","Garibaldi Y Sarmiento",3,2,0,0,0,0,1,,"Calle",,"ROSARIO","Rosario","Asfalto","No existe","II","Dentro","Urbana","Ninguna","No existe","Intersección","Bueno","Buena","Diurna","Buen Tiempo","De alcance","S/D","Colisión","Ninguna","Faltante","Ninguna","Sin restricción"
2015,2237,19/04/2015,"Domingo",0,00:45:00,,"0.0",2,"Moto/Ciclomotor,Transporte de Pasajeros Urbano (> 8 asientos)","3 de Febrero Y Av Freyre",2,1,0,0,1,0,0,,"Calle",,"SANTA FE","La Capital","S/D","S/D","I","S/D","Urbana","S/D","S/D","S/D","S/D","S/D","Nocturna","S/D","S/D","S/D","Colisión","S/D","S/D","S/D","S/D"
2015,2238,27/04/2015,"Lunes",0,,,"0.0",2,"Moto/Ciclomotor,Automóvil","Av Gral San Martin ",2,1,0,0,1,0,0,,"Calle",,"VILLA GOBERNADOR GÁLVEZ","Rosario","Asfalto","No existe","II","S/D","S/D","Ninguna","No existe","Recta","Bueno","Buena","Atardecer","Buen Tiempo","Lateral","S/D","Colisión","S/D","Faltante","Ninguna","Sin restricción"
2015,2239,03/03/2015,"Martes",0,09:25:00,,"0.0",1,,"Bv. Segui Y Santiago",2,1,0,0,1,0,0,,"Avenida",,"ROSARIO","Rosario","Asfalto","No existe","II","Dentro","Urbana","Ninguna","No existe","Intersección","Bueno","Buena","Diurna","Buen Tiempo","De alcance","S/D","Colisión","Ninguna","Faltante","Ninguna","Sin restricción"
2015,2240,17/01/2015,"Sabado",0,11:00:00,"Ruta Provincial 1","0.0",4,"Moto/Ciclomotor,Automóvil,Automóvil,Camión","RP 1 y RP 62 ",7,1,1,0,3,2,0,"-31.180278, -60.146362","Ruta",1,"CAMPO DEL MEDIO","Garay","Asfalto","Natural","VII","Dentro","Urbana","Señal Pare","No existe","Cruce","Bueno","Buena","Diurna","Buen Tiempo","Frontal,Múltiple","S/D","Colisión","S/D","Horizontal,Vertical","Línea divisoria pintada","Sin restricción"
2015,2241,18/01/2015,"Domingo",0,08:00:00,"Ruta Provincial 90","0.0",1,"Automóvil","RP 90 y acceso a Rueda ",3,2,0,0,0,1,0,"-33.347855, -60.445764","Ruta",90,"RUEDA","Constitución","Asfalto","Natural","VI","Fuera","Rural","Marca Vial","No existe","Recta","Bueno","Buena","Diurna","Buen Tiempo","S/D","S/D","Vuelco,Despiste","S/D","Horizontal,Vertical","S/D","S/D"
2015,2242,02/02/2015,"Lunes",0,18:40:00,"Autopista Nacional Rosario -Cordoba","397.0",1,"Automóvil"," ",5,1,0,1,0,3,0,"-32.781781, -61.766047","Autopista","Rosario -Cordoba","TORTUGAS","Belgrano","Hormigón","Pavimento","III","Fuera","Rural","Ninguna","No existe","Recta","Bueno","Reducida","Diurna","Lluvia","Contra objeto fijo","S/D","Colisión,Despiste","Agua","Horizontal,Vertical","Vegetación","Sin restricción"
2015,2243,20/04/2015,"Lunes",0,07:00:00,,"0.0",2,"Moto/Ciclomotor,Automóvil","Av Freyre Y Junin",3,2,0,0,1,0,0,,"Avenida",,"SANTA FE","La Capital","Asfalto","S/D","I","S/D","Urbana","S/D","S/D","Intersección","S/D","S/D","Diurna","S/D","S/D","S/D","Colisión","S/D","S/D","S/D","S/D"
2015,2244,18/04/2015,"Sabado",0,06:05:00,,"0.0",2,"Moto/Ciclomotor,Automóvil","Av Freyre 2300",2,1,0,0,1,0,0,,"Avenida",,"SANTA FE","La Capital","Asfalto","S/D","I","S/D","Urbana","S/D","S/D","Recta","S/D","S/D","Amanecer","S/D","S/D","S/D","Colisión","S/D","S/D","S/D","S/D"
2015,2245,20/04/2015,"Lunes",0,,,"0.0",2,"Moto/Ciclomotor,Automóvil","Av Freyre Y Hipolito Yrigoyen",3,2,0,0,1,0,0,,"Avenida",,"SANTA FE","La Capital","Asfalto","S/D","I","S/D","Urbana","S/D","S/D","Intersección","S/D","S/D","S/D","S/D","S/D","S/D","Colisión","S/D","S/D","S/D","S/D"
2015,2246,09/04/2015,"Jueves",0,13:50:00,,"0.0",2,"Moto/Ciclomotor,Automóvil","Av A del Valle Y Padilla",3,1,0,0,2,0,0,,"Avenida",,"SANTA FE","La Capital","Asfalto","No existe","I","Dentro","Urbana","Ninguna","No existe","Intersección","Con baches","Buena","Diurna","Buen Tiempo","Lateral","S/D","Caída ocupante,Colisión","Ninguna","Faltante","Ninguna","Sin restricción"
2015,2247,11/04/2015,"Sabado",0,09:40:00,,"0.0",2,"Moto/Ciclomotor,Pickup/Utilitario","Av A del Valle Y Iturraspe",2,1,0,0,1,0,0,,"Avenida",,"SANTA FE","La Capital","Hormigón","No existe","I","S/D","Urbana","Ninguna","No existe","Intersección","Bueno","Buena","Diurna","Buen Tiempo","Lateral","S/D","Caída ocupante,Colisión","S/D","Faltante","Ninguna","Sin restricción"
2015,2248,22/04/2015,"Miercoles",0,10:40:00,,"0.0",2,"Moto/Ciclomotor,Automóvil","Av Freyre 2900",2,1,0,0,1,0,0,,"Avenida",,"SANTA FE","La Capital","Asfalto","S/D","I","S/D","Urbana","S/D","S/D","Recta","S/D","S/D","S/D","S/D","S/D","S/D","Colisión","S/D","S/D","S/D","S/D"
2015,2249,13/04/2015,"Lunes",0,07:40:00,,"0.0",2,"Automóvil,Automóvil","San Jeronimo Y Quintana",2,1,0,0,1,0,0,,"Calle",,"SANTA FE","La Capital","Hormigón","No existe","I","Dentro","Urbana","Ninguna","No existe","Intersección","Con baches","Buena","Diurna","Buen Tiempo","Lateral","S/D","Colisión","Ninguna","Faltante","Ninguna","Sin restricción"
2015,2250,22/04/2015,"Miercoles",0,16:20:00,,"0.0",2,"Moto/Ciclomotor,Automóvil","Av Freyre Y Junin",2,1,0,0,1,0,0,,"Avenida",,"SANTA FE","La Capital","Asfalto","S/D","I","S/D","Urbana","S/D","S/D","Intersección","S/D","S/D","Diurna","S/D","S/D","S/D","Colisión","S/D","S/D","S/D","S/D"
2015,2251,13/04/2015,"Lunes",0,09:20:00,,"0.0",2,"Moto/Ciclomotor,Automóvil","9 de Julio Y Risso",2,1,0,0,1,0,0,,"Calle",,"SANTA FE","La Capital","Asfalto,Ripio","No existe","I","S/D","S/D","Ninguna","No existe","Intersección","Otro","Buena","Diurna","Buen Tiempo","Lateral","S/D","Caída ocupante,Colisión","Ninguna","Faltante","Ninguna","Sin restricción"
2015,2252,25/04/2015,"Sabado",0,16:10:00,,"0.0",2,"Moto/Ciclomotor,Pickup/Utilitario","Lamadrid 2887",2,1,0,0,1,0,0,,"Calle",,"SANTA FE","La Capital","Asfalto","S/D","I","S/D","Urbana","S/D","S/D","Recta","S/D","S/D","Atardecer","S/D","S/D","S/D","Colisión","S/D","S/D","S/D","S/D"
2015,2253,25/04/2015,"Sabado",0,18:20:00,,"0.0",2,"Moto/Ciclomotor,Automóvil","Juan Diaz de Solis Y Tucuman",2,1,0,0,1,0,0,,"Calle",,"SANTA FE","La Capital","Asfalto","S/D","I","S/D","Urbana","S/D","S/D","Intersección","S/D","S/D","S/D","S/D","S/D","S/D","Colisión","S/D","S/D","S/D","S/D"
2015,2254,14/04/2015,"Martes",0,14:00:00,,"0.0",2,"Moto/Ciclomotor,Automóvil","Quintana Y San Jeronimo",2,1,0,0,1,0,0,,"Calle",,"SANTA FE","La Capital","Hormigón","No existe","I","Dentro","Urbana","Ninguna","No existe","Intersección","Bueno","Buena","Diurna","Buen Tiempo","Lateral","S/D","Caída ocupante,Colisión","Ninguna","Faltante","Ninguna","Sin restricción"
2015,2255,14/04/2015,"Martes",0,11:50:00,,"0.0",2,"Moto/Ciclomotor,Moto/Ciclomotor","1ro de Mayo Y Espora",2,1,0,0,1,0,0,,"Calle",,"SANTA FE","La Capital","Asfalto,Ripio","S/D","I","Dentro","Urbana","Ninguna","No existe","Intersección","Con baches","Buena","Diurna","Buen Tiempo","Lateral","S/D","Caída ocupante,Colisión","Ninguna","Faltante","Ninguna","Sin restricción"
2015,2256,15/04/2015,"Miercoles",0,07:45:00,,"0.0",2,"Moto/Ciclomotor,Automóvil","9 de Julio Y Estanislao Zeballos",2,1,0,0,1,0,0,,"Calle",,"SANTA FE","La Capital","Hormigón","S/D","I","S/D","Urbana","Ninguna","No existe","Intersección","Bueno","Buena","Diurna","Buen Tiempo","De alcance,Lateral,Otro","S/D","Colisión","Ninguna","Faltante","Ninguna","Sin restricción"
2015,2257,06/04/2015,"Lunes",0,10:45:00,,"0.0",2,"Pickup/Utilitario,Moto/Ciclomotor","Teniente Loza 6900",2,1,0,0,1,0,0,,"Avenida",,"SANTA FE","La Capital","Hormigón","Natural","I","Dentro","Urbana","Otra Señal","No existe","Recta","Bueno","Buena","Diurna","Buen Tiempo","De alcance","S/D","Colisión","S/D","Vertical","Ninguna","Sin restricción"
2015,2258,01/04/2015,"Miercoles",0,20:30:00,,"0.0",2,"Transporte de Pasajeros (H/ 8 asientos),Transporte de Pasajeros Urbano (> 8 asientos)","Av Facundo Zuviria Y Gorostiaga",2,1,0,0,0,0,1,,"S/D",,"SANTA FE","La Capital","S/D","S/D","I","S/D","S/D","S/D","S/D","S/D","S/D","S/D","S/D","S/D","S/D","S/D","S/D","S/D","S/D","S/D","S/D"
2015,2259,02/04/2015,"Jueves",0,12:15:00,,"0.0",2,"Automóvil,Moto/Ciclomotor","9 de Julio Y Presidente Roca",2,0,0,0,0,0,2,,"S/D",,"SANTA FE","La Capital","S/D","S/D","I","S/D","S/D","S/D","S/D","S/D","S/D","S/D","S/D","S/D","S/D","S/D","S/D","S/D","S/D","S/D","S/D"
2015,2260,18/04/2015,"Sabado",0,18:00:00,,"0.0",2,"Automóvil,Camión","Teniente Loza 8400",3,1,0,0,2,0,0,,"Avenida",,"SANTA FE","La Capital","Hormigón","No existe","I","Dentro","Urbana","Otra Señal","No existe","Recta","Bueno","Buena","Diurna","Buen Tiempo","De alcance","S/D","Colisión","S/D","Vertical","Ninguna","Sin restricción"
2015,2261,18/04/2015,"Sabado",0,20:50:00,,"0.0",2,"Moto/Ciclomotor,Automóvil","Teniente Loza 6800",2,1,0,0,1,0,0,,"Avenida",,"SANTA FE","La Capital","Hormigón","Natural","I","Dentro","Urbana","Otra Señal","No existe","Intersección","Con baches","Buena","Nocturna","Buen Tiempo","Lateral","S/D","Colisión","S/D","Vertical","Ninguna","Sin restricción"
2015,2262,03/05/2015,"Domingo",0,17:45:00,,"0.0",2,"Moto/Ciclomotor,Automóvil","Av Peñaloza Y Risso",3,0,0,0,0,0,3,,"S/D",,"SANTA FE","La Capital","S/D","S/D","I","S/D","S/D","S/D","S/D","S/D","S/D","S/D","S/D","S/D","S/D","S/D","S/D","S/D","S/D","S/D","S/D"
2015,2263,01/04/2015,"Miercoles",0,08:15:00,,"0.0",2,"Moto/Ciclomotor,Automóvil","Av A del Valle Y Juan Del Campillo",2,1,0,0,1,0,0,,"Avenida",,"SANTA FE","La Capital","Hormigón","No existe","I","Dentro","Urbana","Semáforo","Funciona","Intersección","Con baches","Buena","Diurna","Buen Tiempo","Lateral","S/D","Caída ocupante,Colisión","Otro","Vertical","Ninguna","Sin restricción"
2015,2264,19/04/2015,"Domingo",0,19:55:00,,"0.0",2,"Moto/Ciclomotor,Automóvil","12 de Octubre Y Formosa",2,1,0,0,1,0,0,,"Calle",,"SANTA FE","La Capital","Hormigón","No existe","I","Dentro","Urbana","Otra Señal","S/D","Intersección","Con baches","S/D","Atardecer","Buen Tiempo","Lateral","S/D","Colisión","S/D","Vertical","Cordón divisorio","Sin restricción"
2015,2265,23/04/2015,"Jueves",0,22:40:00,,"0.0",2,"Moto/Ciclomotor,Automóvil","Av Blas Parera Y Misiones",2,2,0,0,0,0,0,,"Avenida",,"SANTA FE","La Capital","Hormigón","S/D","I","Dentro","Urbana","Otra Señal","S/D","Intersección","Bueno","S/D","Nocturna","Buen Tiempo","Lateral","S/D","Colisión","S/D","Vertical","Guardarrail","Sin restricción"
2015,2266,27/04/2015,"Lunes",0,09:15:00,,"0.0",2,"Moto/Ciclomotor,Taxi/Remis","Primera Junta 4068",2,1,0,0,1,0,0,,"Calle",,"SANTA FE","La Capital","Asfalto","S/D","I","S/D","Urbana","S/D","S/D","Recta","S/D","S/D","Diurna","S/D","S/D","S/D","Colisión","S/D","S/D","S/D","S/D"
2015,2267,28/04/2015,"Martes",0,11:15:00,,"0.0",2,"Moto/Ciclomotor,Taxi/Remis","Tucuman Y Roque Saenz Peña",3,2,0,0,1,0,0,,"Calle",,"SANTA FE","La Capital","Asfalto","S/D","I","S/D","Urbana","S/D","S/D","Intersección","S/D","S/D","Diurna","S/D","S/D","S/D","Colisión","S/D","S/D","S/D","S/D"
2015,2268,01/04/2015,"Miercoles",0,,,"0.0",2,"Moto/Ciclomotor,Automóvil","Av Blas Parera Y Vieytes",2,2,0,0,0,0,0,,"Avenida",,"SANTA FE","La Capital","Hormigón","S/D","I","Dentro","Urbana","Semáforo","Funciona","Intersección","Bueno","Buena","Diurna","Buen Tiempo","Lateral","S/D","Colisión","S/D","Horizontal,Vertical","Cordón divisorio","Sin restricción"
2015,2269,03/04/2015,"Viernes",0,12:30:00,,"0.0",2,"Automóvil,Moto/Ciclomotor","Av Pte Peron Y Junin",3,2,0,0,1,0,0,,"Avenida",,"SANTA FE","La Capital","Asfalto","S/D","I","Dentro","Urbana","Otra Señal","No existe","Intersección","Bueno","Buena","Diurna","Buen Tiempo","Lateral","S/D","Colisión","S/D","Horizontal","Cordón divisorio","Sin restricción"