"anio_acci","nro_acci","fecha","desc_dia","fecha_aprox","hora_aprox","desc_ruta","km","cant_participantes","desc_participante","calle_avenida_km","total","heridos_leves","heridos_graves","heridos_gravisimos","ilesos","fallecidos","sin_datos","posicion_XY","desc_tipo_via","desc_ruta_ori","desc_loc","desc_dpto","desc_tipo_calzada","desc_tipo_banquina","desc_unidad_regional","desc_lugar_calzada","desc_zona","desc_prioridad","desc_estado_semaforo","desc_lugar_via","desc_estado_via","desc_estado_visibilidad","desc_luminosidad","desc_estado_clima","desc_tipo_colision","desc_tipo_atropello","desc_tipo_hecho","desc_pres_calzada","desc_senializacion","desc_separacion_via","desc_restriccion"
2015,2270,02/04/2015,"Jueves",0,13:40:00,,"0.0",2,"Moto/Ciclomotor,Automóvil","9 de Julio Y Martin Zapata",2,1,0,0,1,0,0,,"Calle",,"SANTA FE","La Capital","Hormigón","No existe","I","Dentro","Urbana","Otra Señal","No existe","Intersección","Bueno,Con baches","Buena","Diurna","Buen Tiempo","Lateral","S/D","Caída ocupante,Colisión","Otro","Faltante","Ninguna","Sin restricción"
2015,2271,17/04/2015,"Viernes",0,16:20:00,,"0.0",2,"Automóvil,Automóvil","San Jeronimo Y Cordoba",2,1,0,0,1,0,0,,"Calle",,"SANTA FE","La Capital","Hormigón","No existe","I","Dentro","Urbana","Ninguna","No existe","Intersección","Bueno","Buena","Diurna","Buen Tiempo","Lateral","S/D","Colisión","Ninguna","Faltante","Ninguna","Sin restricción"
2015,2272,25/03/2015,"Miercoles",0,14:40:00,,"0.0",2,"Moto/Ciclomotor,Automóvil","Risso Y San Jose",2,1,0,0,0,0,1,,"Calle",,"SANTA FE","La Capital","S/D","S/D","I","S/D","S/D","S/D","S/D","S/D","S/D","S/D","S/D","S/D","S/D","S/D","S/D","S/D","S/D","S/D","S/D"
2015,2273,01/04/2015,"Miercoles",0,,,"0.0",2,"Moto/Ciclomotor,Transporte Escolar","Estanislao Zeballos Y Lamadrid",2,0,1,0,1,0,0,,"Calle",,"SANTA FE","La Capital","Hormigón","S/D","I","Dentro","Urbana","Ninguna","No existe","Intersección","Resbaladiza","Buena","Diurna","Buen Tiempo","Lateral","S/D","Colisión","Agua","Faltante","Ninguna","Sin restricción"
2015,2274,24/04/2015,"Viernes",0,,,"0.0",2,"Moto/Ciclomotor,Automóvil","Hernandarias Y Sebastian Gaboto",3,2,0,0,1,0,0,,"Calle",,"SANTA FE","La Capital","Asfalto","Natural","I","Dentro","Urbana","Ninguna","No existe","Intersección","Deteriorada","Buena","Diurna","Buen Tiempo","Lateral","S/D","Colisión","Material Suelto","Faltante","Ninguna","Sin restricción"
2015,2275,04/04/2015,"Sabado",0,10:15:00,,"0.0",2,"Moto/Ciclomotor,Automóvil","Iturraspe 2800",3,1,0,0,2,0,0,,"Calle",,"SANTA FE","La Capital","Hormigón","No existe","I","Dentro","Urbana","Ninguna","No existe","Recta","Bueno","Buena","Diurna","Buen Tiempo","De alcance","S/D","Caída ocupante,Colisión","Ninguna","Faltante","Ninguna","Sin restricción"
2015,2276,01/04/2015,"Miercoles",0,11:00:00,"Ruta Nacional 11","0.0",2,"Moto/Ciclomotor,Automóvil"," ",2,1,0,0,1,0,0,,"Ruta",11,"SANTA FE","La Capital","Asfalto","S/D","I","Dentro","Urbana","S/D","S/D","S/D","S/D","S/D","S/D","S/D","S/D","S/D","S/D","S/D","S/D","S/D","S/D"
2015,2277,18/04/2015,"Sabado",0,,,"0.0",2,"Moto/Ciclomotor,Automóvil","Av Blas Parera 8100",2,1,0,0,1,0,0,,"Avenida",,"SANTA FE","La Capital","Hormigón","Pavimento","I","Dentro","Urbana","Ninguna","No existe","Recta","Bueno","Buena","Diurna","Buen Tiempo","Lateral","S/D","Colisión","S/D","Horizontal,Vertical","Cordón divisorio","Sin restricción"
2015,2278,29/03/2015,"Domingo",0,13:00:00,,"0.0",2,"Moto/Ciclomotor,Moto/Ciclomotor","Amenabar Y Francia",2,0,0,0,1,0,1,,"Calle",,"SANTA FE","La Capital","Asfalto","S/D","I","S/D","Urbana","S/D","S/D","Intersección","S/D","S/D","S/D","S/D","S/D","S/D","S/D","S/D","S/D","S/D","S/D"
2015,2279,05/04/2015,"Domingo",0,15:30:00,,"0.0",2,"Moto/Ciclomotor,Transporte de Pasajeros Urbano (> 8 asientos)","Av A del Valle Y Fray Mamerto Esquiu",2,1,0,0,1,0,0,,"Avenida",,"SANTA FE","La Capital","Hormigón","No existe","I","Dentro","Urbana","Ninguna","No existe","Recta","Bueno","Buena","Diurna","Buen Tiempo","De alcance","S/D","Caída ocupante,Colisión","Ninguna","Faltante","Ninguna","Sin restricción"
2015,2280,01/04/2015,"Miercoles",0,,,"0.0",2,"Moto/Ciclomotor,Automóvil","Av Blas Parera Y J Castelli",2,1,0,0,1,0,0,,"Avenida",,"SANTA FE","La Capital","Hormigón","S/D","I","Dentro","Urbana","Semáforo","Funciona","Intersección","Bueno","Buena","Diurna","Buen Tiempo","Lateral","S/D","Colisión","Material Suelto","Vertical","Cordón divisorio","Sin restricción"
2015,2281,03/04/2015,"Viernes",0,19:00:00,,"0.0",2,"Automóvil,Moto/Ciclomotor","Lamadrid Y Pje Falucho",3,2,0,0,1,0,0,,"Calle",,"SANTA FE","La Capital","S/D","S/D","I","S/D","Urbana","S/D","S/D","Intersección","S/D","S/D","S/D","S/D","S/D","S/D","Colisión","S/D","S/D","S/D","S/D"
2015,2282,06/04/2015,"Lunes",0,12:00:00,,"0.0",2,"Moto/Ciclomotor,Automóvil","Av Facundo Zuviria Y Quintana",2,1,0,0,1,0,0,,"Avenida",,"SANTA FE","La Capital","Hormigón","No existe","I","S/D","S/D","Semáforo","Funciona","Intersección","Bueno","Buena","Diurna","Buen Tiempo","Lateral","S/D","Caída ocupante,Colisión","Ninguna","Vertical","Ninguna","Sin restricción"
2015,2283,06/04/2015,"Lunes",0,20:30:00,,"0.0",2,"Automóvil,Moto/Ciclomotor","Av Freyre Y Mendoza",3,2,0,0,1,0,0,,"Avenida",,"SANTA FE","La Capital","Asfalto","S/D","I","S/D","Urbana","S/D","S/D","Intersección","S/D","S/D","Nocturna","S/D","S/D","S/D","Colisión","S/D","S/D","S/D","S/D"
2015,2284,13/04/2015,"Lunes",0,,,"0.0",1,"Automóvil","Jujuy ",1,1,0,0,0,0,0,,"Calle",,"SANTA FE","La Capital","S/D","S/D","I","Dentro","Urbana","S/D","S/D","S/D","S/D","S/D","S/D","S/D","S/D","S/D","S/D","S/D","S/D","S/D","S/D"
2015,2285,01/04/2015,"Miercoles",0,20:30:00,,"0.0",2,"Moto/Ciclomotor,Automóvil","Av Freyre Y Tucuman",2,1,0,0,1,0,0,,"Avenida",,"SANTA FE","La Capital","S/D","S/D","I","S/D","Urbana","S/D","S/D","Intersección","S/D","S/D","Diurna","S/D","S/D","S/D","Colisión","S/D","S/D","S/D","S/D"
2015,2286,02/04/2015,"Jueves",0,08:30:00,,"0.0",2,"Moto/Ciclomotor,Pickup/Utilitario","Av Freyre Y Santiago del Estero",2,1,0,0,1,0,0,,"Calle",,"SANTA FE","La Capital","S/D","S/D","I","S/D","Urbana","S/D","S/D","Intersección","S/D","S/D","Diurna","S/D","S/D","S/D","Colisión","S/D","S/D","S/D","S/D"
2015,2287,07/04/2015,"Martes",0,10:00:00,,"0.0",2,"Moto/Ciclomotor,Automóvil"," ",2,1,0,0,1,0,0,,"Avenida",,"SANTA FE","La Capital","Asfalto","S/D","I","S/D","Urbana","S/D","S/D","Intersección","S/D","S/D","Diurna","S/D","S/D","S/D","Colisión","S/D","S/D","S/D","S/D"
2015,2288,25/04/2015,"Sabado",0,,,"0.0",2,"Moto/Ciclomotor,Automóvil","Gorriti Y Gdor Luciano Leiva",2,1,0,0,1,0,0,,"Avenida",,"SANTA FE","La Capital","Hormigón","Pavimento","I","Dentro","Urbana","Ninguna","No existe","Intersección","Bueno","Buena","Diurna","Buen Tiempo","Lateral","S/D","Colisión","S/D","Faltante","Cordón divisorio","Sin restricción"
2015,2289,07/04/2015,"Martes",0,10:15:00,,"0.0",2,"Moto/Ciclomotor,Automóvil","Primera Junta Y Juan Diaz de Solis",2,1,0,0,1,0,0,,"Calle",,"SANTA FE","La Capital","Asfalto","S/D","I","S/D","Urbana","S/D","S/D","Intersección","S/D","S/D","Diurna","S/D","S/D","S/D","Colisión","S/D","S/D","S/D","S/D"
2015,2290,15/04/2015,"Miercoles",0,,,"0.0",2,"Moto/Ciclomotor,Moto/Ciclomotor"," ",2,2,0,0,0,0,0,,"S/D",,"SANTA FE","La Capital","S/D","S/D","I","S/D","Urbana","S/D","S/D","S/D","S/D","S/D","S/D","S/D","S/D","S/D","S/D","S/D","S/D","S/D","S/D"
2015,2291,25/04/2015,"Sabado",0,,,"0.0",1,"Moto/Ciclomotor","Vieytes 5100",3,3,0,0,0,0,0,,"Calle",,"SANTA FE","La Capital","Asfalto","Natural","I","Dentro","Urbana","Ninguna","No existe","Recta","Deteriorada","Buena","Diurna","Buen Tiempo","Lateral","S/D","Colisión","Material Suelto","Faltante","Ninguna","Sin restricción"
2015,2292,23/04/2015,"Jueves",0,21:15:00,,"0.0",1,"Moto/Ciclomotor"," ",1,1,0,0,0,0,0,,"S/D",,"SANTA FE","La Capital","Asfalto","S/D","I","S/D","Urbana","S/D","S/D","Puente","S/D","S/D","Nocturna","S/D","S/D","S/D","S/D","S/D","S/D","S/D","S/D"
2015,2293,23/04/2015,"Jueves",0,19:30:00,,"0.0",3,"Pickup/Utilitario,Moto/Ciclomotor,Automóvil"," ",3,1,0,0,0,0,2,,"S/D",,"SANTA FE","La Capital","Asfalto","S/D","I","S/D","Urbana","S/D","S/D","Puente","S/D","S/D","Atardecer","S/D","S/D","S/D","S/D","S/D","S/D","S/D","S/D"
2015,2294,07/04/2015,"Martes",0,12:25:00,,"0.0",2,"Moto/Ciclomotor,Pickup/Utilitario","Francia Y Hipolito Yrigoyen",2,1,0,0,1,0,0,,"Calle",,"SANTA FE","La Capital","Asfalto","S/D","I","S/D","Urbana","S/D","S/D","Intersección","S/D","S/D","Diurna","S/D","S/D","S/D","Colisión","S/D","S/D","S/D","S/D"
2015,2295,08/01/2015,"Jueves",0,,,"0.0",2,"Moto/Ciclomotor,Automóvil","Leumann Y Reg 12 de Infanteria",2,1,0,0,1,0,0,,"Calle",,"SANTA FE","La Capital","Asfalto","Natural","I","Dentro","Urbana","Ninguna","No existe","Intersección","Deteriorada","Buena","Diurna","Buen Tiempo","Lateral","S/D","Colisión","Material Suelto","Faltante","Ninguna","Sin restricción"
2015,2296,05/04/2015,"Domingo",0,18:00:00,,"0.0",2,"Transporte de Pasajeros Larga Distancia (Piso  y  1/2),Automóvil","PUENTE CARRETERO ",2,0,0,0,0,0,2,,"Calle",,"SANTA FE","La Capital","S/D","S/D","I","Dentro","Urbana","S/D","S/D","S/D","S/D","S/D","Diurna","S/D","S/D","S/D","S/D","S/D","S/D","S/D","S/D"
2015,2297,07/04/2015,"Martes",0,13:30:00,,"0.0",2,"Moto/Ciclomotor,Pickup/Utilitario","San Lorenzo Y Santiago del Estero",2,1,0,0,1,0,0,,"Calle",,"SANTA FE","La Capital","Asfalto","S/D","I","S/D","Urbana","S/D","S/D","Intersección","S/D","S/D","Diurna","S/D","S/D","S/D","Colisión","S/D","S/D","S/D","S/D"
2015,2298,14/04/2015,"Martes",0,,,"0.0",1,"Moto/Ciclomotor","Av Blas Parera 6200",1,0,1,0,0,0,0,,"Avenida",,"SANTA FE","La Capital","Hormigón","Pavimento","I","Dentro","Urbana","Ninguna","No existe","Recta","Bueno","Buena","Diurna","Buen Tiempo","S/D","S/D","Caída ocupante","S/D","Horizontal","Cordón divisorio","Sin restricción"
2015,2299,14/04/2015,"Martes",0,16:00:00,,"0.0",2,"Automóvil,Automóvil","P Opicci Y Guido y Spano",2,1,0,0,1,0,0,,"Calle",,"VILLA GOBERNADOR GÁLVEZ","Rosario","Asfalto","No existe","II","Dentro","Urbana","Ninguna","No existe","Intersección","Bueno","Buena","Diurna","Buen Tiempo","Lateral","S/D","Colisión","S/D","Faltante","Ninguna","Sin restricción"
2015,2300,10/04/2015,"Viernes",0,,,"0.0",2,"Moto/Ciclomotor,Pickup/Utilitario","Gorriti Y Aguado",2,1,0,0,1,0,0,,"Avenida",,"SANTA FE","La Capital","Hormigón","Pavimento","I","Dentro","Urbana","Ninguna","No existe","Intersección","Bueno","Buena","Diurna","Buen Tiempo","Lateral","S/D","Colisión","S/D","Horizontal","Cordón divisorio","Sin restricción"
2015,2301,08/04/2015,"Miercoles",0,20:15:00,,"0.0",2,"Bicicleta,Automóvil","Av Lopez y Planes Y Candido Pujato",2,1,0,0,1,0,0,"-31.631527777778,-60.713805555556","Calle",,"SANTA FE","La Capital","Asfalto","S/D","I","S/D","Urbana","S/D","S/D","Intersección","S/D","S/D","Nocturna","S/D","S/D","S/D","Atropello","S/D","S/D","S/D","S/D"
2015,2302,08/04/2015,"Miercoles",0,19:30:00,,"0.0",2,"Automóvil,Automóvil","Av Gral San Martin Y J F Kennedy",2,1,0,0,1,0,0,,"Calle",,"VILLA GOBERNADOR GÁLVEZ","Rosario","Asfalto","No existe","II","Dentro","Urbana","Ninguna","No existe","Recta","Bueno","Buena","Atardecer","Buen Tiempo","Lateral","S/D","Colisión","Otro","Faltante","Ninguna","Sin restricción"
2015,2303,06/04/2015,"Lunes",0,19:00:00,,"0.0",2,"Moto/Ciclomotor,Automóvil","Diagonal Goyena Y Regis Martinez",2,1,0,0,0,0,1,,"Calle",,"SANTA FE","La Capital","S/D","S/D","I","S/D","S/D","S/D","S/D","S/D","S/D","S/D","S/D","S/D","S/D","S/D","S/D","S/D","S/D","S/D","S/D"
2015,2304,21/04/2015,"Martes",0,17:40:00,,"0.0",2,"Moto/Ciclomotor,Transporte Escolar","Av Facundo Zuviria Y Espora",2,1,0,0,0,0,1,,"Avenida",,"SANTA FE","La Capital","Hormigón","No existe","I","Dentro","Urbana","Ninguna","No existe","Intersección","Bueno","Buena","Diurna","Buen Tiempo","S/D","S/D","Colisión","Ninguna","Faltante","Ninguna","Sin restricción"
2015,2305,09/04/2015,"Jueves",0,14:30:00,,"0.0",2,"Bicicleta,Automóvil","Tucuman Y Saavedra",2,1,0,0,1,0,0,"-31.644583333333,-60.715555555556","Calle",,"SANTA FE","La Capital","Asfalto","S/D","I","S/D","Urbana","S/D","S/D","Intersección","S/D","S/D","Diurna","S/D","S/D","S/D","Atropello","S/D","S/D","S/D","S/D"
2015,2306,13/04/2015,"Lunes",0,,,"0.0",2,"Moto/Ciclomotor,Automóvil","Av Blas Parera Y Estanislao Zeballos",2,1,0,0,1,0,0,,"Avenida",,"SANTA FE","La Capital","Hormigón","Pavimento","I","Dentro","Urbana","Semáforo","Funciona","Intersección","Bueno","Buena","Diurna","Buen Tiempo","Lateral","S/D","Colisión","S/D","Horizontal,Vertical","Cordón divisorio","Sin restricción"
2015,2307,10/04/2015,"Viernes",0,10:30:00,,"0.0",1,"Transporte de Pasajeros Larga Distancia (> 8 asientos)","Av Facundo Zuviria Y Hernandarias",2,1,0,0,0,0,1,,"Calle",,"SANTA FE","La Capital","S/D","S/D","I","S/D","S/D","S/D","S/D","S/D","S/D","S/D","S/D","S/D","S/D","S/D","Caída ocupante","S/D","S/D","S/D","S/D"
2015,2308,14/04/2015,"Martes",0,,,"0.0",2,"Moto/Ciclomotor,Moto/Ciclomotor","Soldado Aguirre Y Buenos Aires",3,0,1,0,2,0,0,,"Calle",,"VILLA GOBERNADOR GÁLVEZ","Rosario","Asfalto","No existe","II","Dentro","Urbana","Ninguna","No existe","Recta","Bueno","Buena","S/D","Buen Tiempo","Lateral","S/D","Colisión","S/D","Faltante","Ninguna","Sin restricción"
2015,2309,05/04/2015,"Domingo",0,16:25:00,,"0.0",2,"Moto/Ciclomotor,Automóvil","Eva Peron Y Av Gral San Martin",2,1,0,0,1,0,0,,"Calle",,"VILLA GOBERNADOR GÁLVEZ","Rosario","Asfalto","No existe","II","Dentro","Urbana","Ninguna","Funciona","Recta","Bueno","Buena","Diurna","Buen Tiempo","Lateral","S/D","Colisión","Otro","Faltante","Ninguna","Sin restricción"
2015,2310,13/04/2015,"Lunes",0,,,"0.0",2,"Automóvil,Automóvil","Av Blas Parera Y Estado de Israel",2,1,0,0,1,0,0,,"Calle",,"SANTA FE","La Capital","S/D","S/D","I","Dentro","Urbana","Semáforo","S/D","Intersección","S/D","Buena","S/D","Buen Tiempo","De alcance","S/D","Colisión","S/D","S/D","S/D","Sin restricción"
2015,2311,10/04/2015,"Viernes",0,18:20:00,,"0.0",2,"Moto/Ciclomotor,Automóvil","Martin Zapata Y Pje Quiroga",3,0,0,0,0,0,3,,"Calle",,"SANTA FE","La Capital","S/D","S/D","I","S/D","S/D","S/D","S/D","S/D","S/D","S/D","S/D","S/D","S/D","S/D","S/D","S/D","S/D","S/D","S/D"
2015,2312,09/04/2015,"Jueves",0,20:00:00,,"0.0",2,"Moto/Ciclomotor,Automóvil","Salvador Caputo Y Francia",2,1,0,0,1,0,0,,"Calle",,"SANTA FE","La Capital","Asfalto","S/D","I","S/D","Urbana","S/D","S/D","Intersección","S/D","S/D","Nocturna","S/D","S/D","S/D","Colisión","S/D","S/D","S/D","S/D"
2015,2313,24/04/2015,"Viernes",0,11:15:00,,"0.0",2,"Moto/Ciclomotor,Automóvil","Juan Del Campillo Y San Martin",2,1,0,0,1,0,0,,"Calle",,"SANTA FE","La Capital","Hormigón","S/D","I","Dentro","Urbana","Ninguna","No existe","Intersección","Bueno","Buena","Diurna","Buen Tiempo","Lateral","S/D","Colisión","Ninguna","Faltante","Ninguna","Sin restricción"
2015,2314,25/04/2015,"Sabado",0,14:30:00,,"0.0",3,"Moto/Ciclomotor,Automóvil,Automóvil","Avellaneda Y Bordabhere",3,2,0,0,0,0,1,,"S/D",,"VILLA GOBERNADOR GÁLVEZ","Rosario","S/D","S/D","II","S/D","S/D","S/D","S/D","S/D","S/D","S/D","Diurna","S/D","S/D","S/D","S/D","S/D","S/D","S/D","S/D"
2015,2315,03/04/2015,"Viernes",0,08:20:00,,"0.0",2,"Automóvil,Moto/Ciclomotor","Javier de la Rosa Y Beruti",2,1,0,0,1,0,0,,"Calle",,"SANTA FE","La Capital","Asfalto","No existe","I","S/D","Urbana","Ninguna","No existe","Intersección","Bueno","Buena","Diurna","Buen Tiempo","Lateral","S/D","Colisión","Ninguna","Faltante","Ninguna","Sin restricción"
2015,2316,11/03/2015,"Miercoles",0,07:20:00,,"0.0",2,"Moto/Ciclomotor,Otros","Dr.Rivas Y Necochea",2,1,0,0,1,0,0,,"Calle",,"ROSARIO","Rosario","Asfalto","No existe","II","Dentro","Urbana","Ninguna","S/D","Recta","Bueno","Buena","Diurna","Buen Tiempo","De alcance","S/D","Colisión","S/D","Faltante","Ninguna","Sin restricción"
2015,2317,24/04/2015,"Viernes",0,20:20:00,,"0.0",2,"Peatón,Automóvil","Francia 4654",2,1,0,0,0,0,1,"-31.623277777778,-60.708194444444","Calle",,"SANTA FE","La Capital","Asfalto","S/D","I","Dentro","Urbana","Ninguna","No existe","Recta","Bueno","Buena","Nocturna,Con luz artificial","Buen Tiempo","Otro","S/D","Colisión","Ninguna","Faltante","Ninguna","Sin restricción"
2015,2318,15/04/2015,"Miercoles",0,,,"0.0",2,"Moto/Ciclomotor,Automóvil","Av Blas Parera Y Estanislao Zeballos",2,1,0,0,1,0,0,,"Avenida",,"SANTA FE","La Capital","Asfalto","Pavimento","I","Dentro","Urbana","Semáforo","Funciona","Intersección","Bueno","Buena","Diurna","Buen Tiempo","Lateral","S/D","Colisión","S/D","Horizontal,Vertical","Cordón divisorio","Sin restricción"
2015,2319,21/04/2015,"Martes",0,18:20:00,,"0.0",2,"Moto/Ciclomotor,Automóvil","Av Gral San Martin ",2,1,0,0,1,0,0,,"Calle",,"VILLA GOBERNADOR GÁLVEZ","Rosario","Asfalto","No existe","II","Dentro","Urbana","Ninguna","No existe","Recta","Bueno","Buena","Atardecer","Buen Tiempo","Lateral","S/D","Colisión","S/D","Faltante","Ninguna","Sin restricción"
2015,2320,05/04/2015,"Domingo",0,14:00:00,,"0.0",2,"Bicicleta,Pickup/Utilitario","Gorriti Y Cafferata",2,1,0,0,1,0,0,"-31.581777777778,-60.732555555556","Calle",,"SANTA FE","La Capital","Asfalto,Ripio","No existe","I","S/D","Urbana","Ninguna","No existe","Intersección","Bueno","Buena","Diurna","Buen Tiempo","S/D","S/D","Atropello","Ninguna","Faltante","Ninguna","Sin restricción"
2015,2321,14/04/2015,"Martes",0,19:15:00,,"0.0",2,"Automóvil,Moto/Ciclomotor","J Castelli Y Gdor Freyre",2,0,0,0,0,0,2,,"Calle",,"SANTA FE","La Capital","S/D","S/D","I","S/D","S/D","S/D","S/D","S/D","S/D","S/D","S/D","S/D","S/D","S/D","S/D","S/D","S/D","S/D","S/D"
2015,2322,15/01/2015,"Jueves",0,,,"0.0",2,"Moto/Ciclomotor,Pickup/Utilitario","French Y Amenabar",2,1,0,0,1,0,0,,"Avenida",,"SANTA FE","La Capital","Asfalto","Natural","I","Dentro","Urbana","Ninguna","No existe","Intersección","Ahuellamiento","Buena","Diurna","Buen Tiempo","Lateral","S/D","Colisión","S/D","Faltante","Ninguna","Sin restricción"
2015,2323,09/04/2015,"Jueves",0,20:03:00,,"0.0",2,"Peatón,Moto/Ciclomotor","Cafferata Y Gorriti",2,1,0,0,1,0,0,"-31.581777777778,-60.732555555556","Calle",,"SANTA FE","La Capital","Asfalto,Ripio","No existe","I","S/D","Urbana","Ninguna","No existe","Intersección","Bueno","Buena","Nocturna","Buen Tiempo","S/D","S/D","Atropello","Ninguna","Faltante","Ninguna","Sin restricción"
2015,2324,13/04/2015,"Lunes",0,14:10:00,,"0.0",2,"Automóvil,Moto/Ciclomotor","Almonacid 5400",2,1,0,0,1,0,0,,"Calle",,"SANTA FE","La Capital","Tierra","No existe","I","S/D","Urbana","Ninguna","No existe","Recta","Con baches","Buena","Diurna","S/D","Lateral","S/D","Colisión","Ninguna","Faltante","Ninguna","Sin restricción"
2015,2325,25/04/2015,"Sabado",0,07:30:00,,"0.0",2,"Moto/Ciclomotor,Automóvil","San Martin Y Lavaisse",2,1,0,0,1,0,0,,"Calle",,"SANTA FE","La Capital","Hormigón","No existe","I","Dentro","Urbana","Ninguna","No existe","Intersección","Con baches","Buena","Amanecer,Con luz artificial","Buen Tiempo","Lateral","S/D","Colisión","Ninguna","Faltante","Ninguna","Sin restricción"
2015,2326,22/04/2015,"Miercoles",0,,,"0.0",2,"Moto/Ciclomotor,Automóvil","J Castelli 5500",2,1,0,0,1,0,0,,"Calle",,"SANTA FE","La Capital","Asfalto","Natural","I","Dentro","Urbana","Ninguna","No existe","Recta","Deteriorada","Buena","Diurna","Buen Tiempo","Lateral","S/D","Colisión","Material Suelto","Faltante","Ninguna","Sin restricción"
2015,2327,14/04/2015,"Martes",0,20:30:00,,"0.0",2,"Peatón,Automóvil","Maipu Y Juan B Alberdi",2,1,0,0,1,0,0,,"Calle",,"LAGUNA PAIVA","La Capital","Asfalto","No existe","I","Dentro","Urbana","Ninguna","No existe","Intersección","Bueno","Buena","Nocturna,Con luz artificial","Buen Tiempo","S/D","S/D","Atropello","Ninguna","Horizontal,Vertical","Ninguna","Sin restricción"
2015,2328,28/04/2015,"Martes",0,18:00:00,,"0.0",2,"Moto/Ciclomotor,Automóvil","Monseñor Zaspe Y San Lorenzo",4,2,0,0,2,0,0,,"Calle",,"SANTA FE","La Capital","Asfalto","S/D","I","Dentro","Urbana","S/D","S/D","Intersección","S/D","S/D","Diurna","S/D","S/D","S/D","S/D","S/D","S/D","S/D","S/D"
2015,2329,12/04/2015,"Domingo",0,20:40:00,,"0.0",2,"Moto/Ciclomotor,Automóvil","Pastor Barrios Y Las Heras",3,1,1,0,1,0,0,,"Calle",,"LAGUNA PAIVA","La Capital","Asfalto","Natural","I","Dentro","Urbana","Ninguna","No existe","Intersección","Bueno","Buena","Nocturna,Con luz artificial","Buen Tiempo","Frontal,Lateral","S/D","Colisión","Ninguna","Horizontal,Vertical","Línea divisoria pintada","Sin restricción"
2015,2330,26/04/2015,"Domingo",0,09:40:00,,"0.0",2,"Moto/Ciclomotor,Taxi/Remis","Av A del Valle Y Juan Del Campillo",3,2,0,0,1,0,0,,"Avenida",,"SANTA FE","La Capital","Hormigón","No existe","I","Dentro","Urbana","Semáforo","Funciona","Intersección","Con baches","Buena","Diurna","Buen Tiempo","Lateral","S/D","Colisión","Ninguna","Vertical","Ninguna","Sin restricción"
2015,2331,10/04/2015,"Viernes",0,,,"0.0",2,"Peatón,Automóvil","Europa 7080",3,1,0,0,2,0,0,"-31.59725,-60.719722222222","Calle",,"SANTA FE","La Capital","Tierra","Natural","I","Dentro","Urbana","Ninguna","No existe","Otro","Deteriorada","Buena","Diurna","Buen Tiempo","S/D","S/D","Atropello","S/D","Faltante","Ninguna","Sin restricción"
2015,2332,27/04/2015,"Lunes",0,18:45:00,,"0.0",2,"Moto/Ciclomotor,Pickup/Utilitario","Estanislao Zeballos 3100",2,1,0,0,1,0,0,,"Calle",,"SANTA FE","La Capital","Hormigón","No existe","I","Dentro","Urbana","Ninguna","No existe","Intersección","Bueno","Buena","Diurna","Buen Tiempo","Lateral","S/D","Colisión","Ninguna","Faltante","Ninguna","Sin restricción"
2015,2333,19/04/2015,"Domingo",0,01:20:00,,"0.0",2,"Automóvil,Moto/Ciclomotor","Gorriti Y Av Blas Parera",3,2,0,0,1,0,0,,"Avenida",,"SANTA FE","La Capital","Asfalto","No existe","I","S/D","Urbana","Semáforo","Intermitente","Intersección","Bueno","Buena","Nocturna","Buen Tiempo","Frontal","S/D","Colisión","Ninguna","Faltante","Ninguna","Sin restricción"
2015,2334,13/04/2015,"Lunes",0,09:30:00,,"0.0",2,"Moto/Ciclomotor,Pickup/Utilitario","Juan B Alberdi Y Rivadavia",2,1,0,0,1,0,0,,"Calle",,"LAGUNA PAIVA","La Capital","Asfalto","No existe","I","Dentro","Urbana","Ninguna","No existe","Intersección","Bueno","Buena","Diurna","Buen Tiempo","Lateral","S/D","Colisión","Ninguna","Horizontal,Vertical","Ninguna","Sin restricción"
2015,2335,29/04/2015,"Miercoles",0,23:10:00,,"0.0",2,"Moto/Ciclomotor,Automóvil","San Martin Y Espora",3,0,1,0,2,0,0,,"Calle",,"SANTA FE","La Capital","Asfalto","No existe","I","Dentro","Urbana","Ninguna","No existe","Intersección","Con baches","Buena","Nocturna,Con luz artificial","Lluvia","Lateral","S/D","Colisión","Agua","Faltante","Ninguna","Sin restricción"
2015,2336,27/04/2015,"Lunes",0,,,"0.0",2,"Moto/Ciclomotor,Moto/Ciclomotor","Av Blas Parera Y De La Salle",3,3,0,0,0,0,0,,"Avenida",,"SANTA FE","La Capital","Asfalto","Natural","I","Dentro","Urbana","S/D","Intermitente","Intersección","Bueno","Buena","Diurna","Buen Tiempo","Lateral","S/D","Colisión","S/D","S/D","Línea divisoria pintada","Sin restricción"
2015,2337,28/04/2015,"Martes",0,18:45:00,,"0.0",2,"Bicicleta,Moto/Ciclomotor","Av Freyre Y Juan de Garay",2,1,0,0,1,0,0,"-31.650388888889,-60.720027777778","Calle",,"SANTA FE","La Capital","Asfalto","S/D","I","Dentro","Urbana","S/D","S/D","Intersección","S/D","S/D","Diurna","S/D","S/D","S/D","Atropello","S/D","S/D","S/D","S/D"