"anio_acci","nro_acci","fecha","desc_dia","fecha_aprox","hora_aprox","desc_ruta","km","cant_participantes","desc_participante","calle_avenida_km","total","heridos_leves","heridos_graves","heridos_gravisimos","ilesos","fallecidos","sin_datos","posicion_XY","desc_tipo_via","desc_ruta_ori","desc_loc","desc_dpto","desc_tipo_calzada","desc_tipo_banquina","desc_unidad_regional","desc_lugar_calzada","desc_zona","desc_prioridad","desc_estado_semaforo","desc_lugar_via","desc_estado_via","desc_estado_visibilidad","desc_luminosidad","desc_estado_clima","desc_tipo_colision","desc_tipo_atropello","desc_tipo_hecho","desc_pres_calzada","desc_senializacion","desc_separacion_via","desc_restriccion"
2015,2338,06/04/2015,"Lunes",0,,,"0.0",2,"Peatón,Automóvil","Av Peñaloza Y French",3,2,0,0,1,0,0,"-31.588166666667,-60.711527777778","Avenida",,"SANTA FE","La Capital","Hormigón","Pavimento","II","Dentro","Urbana","Ninguna","No existe","Intersección","Bueno","Buena","Diurna","Buen Tiempo","S/D","S/D","Atropello","S/D","Faltante","Cordón divisorio","Sin restricción"
2015,2339,25/04/2015,"Sabado",0,05:15:00,"Ruta Nacional 11","528.0",2,"Automóvil,Automóvil"," ",4,3,0,0,1,0,0,,"Ruta",11,"CABAL","La Capital","Asfalto","Natural","I","Dentro","Urbana","Ninguna","No existe","Curva","Bueno","Buena","Nocturna","Buen Tiempo","Frontal","S/D","Colisión","Ninguna","S/D","Línea divisoria pintada","Sin restricción"
2015,2340,06/04/2015,"Lunes",0,16:45:00,,"0.0",2,"Moto/Ciclomotor,Moto/Ciclomotor","Juan B Alberdi Y Maipu",2,1,0,0,1,0,0,,"Calle",,"LAGUNA PAIVA","La Capital","Hormigón","No existe","I","S/D","Urbana","Ninguna","No existe","Intersección","Bueno","Buena","Diurna","Buen Tiempo","Lateral","S/D","Colisión","Ninguna","Horizontal,Vertical","Ninguna","Sin restricción"
2015,2341,19/04/2015,"Domingo",0,,,"0.0",2,"Vehículo Oficial,Automóvil","Av Peñaloza Y Estanislao Zeballos",3,3,0,0,0,0,0,,"Avenida",,"SANTA FE","La Capital","Hormigón","Pavimento","I","Dentro","Urbana","Semáforo","Funciona","Intersección","Bueno","Buena","Diurna","Buen Tiempo","Lateral","S/D","Colisión","S/D","Horizontal,Vertical","Cordón divisorio","Obra en Construcción"
2015,2342,16/04/2015,"Jueves",0,16:30:00,,"0.0",2,"Moto/Ciclomotor,Moto/Ciclomotor","Av J J Paso Y Av Freyre",2,0,0,0,0,0,2,,"Calle",,"SANTA FE","La Capital","S/D","S/D","I","Dentro","Urbana","S/D","S/D","S/D","S/D","S/D","S/D","S/D","S/D","S/D","S/D","S/D","S/D","S/D","S/D"
2015,2343,15/04/2015,"Miercoles",0,23:45:00,,"0.0",1,"Moto/Ciclomotor","Av Urquiza 1500",1,0,0,0,0,0,1,,"Calle",,"SANTA FE","La Capital","S/D","S/D","I","Dentro","Urbana","S/D","S/D","S/D","S/D","S/D","Nocturna","S/D","S/D","S/D","S/D","S/D","S/D","S/D","S/D"
2015,2344,01/04/2015,"Miercoles",0,09:30:00,,"0.0",1,"Automóvil"," ",1,1,0,0,0,0,0,,"Calle",,"LAGUNA PAIVA","La Capital","Tierra","No existe","I","Dentro","Urbana","Ninguna","No existe","Recta","Deteriorada","Buena","Diurna","Buen Tiempo","S/D","S/D","Vuelco","Ninguna","Faltante","Ninguna","Sin restricción"
2015,2345,25/04/2015,"Sabado",0,,,"0.0",2,"Moto/Ciclomotor,Tracción animal / Carro","Av Blas Parera Y Castellanos",2,1,0,0,1,0,0,,"Avenida",,"SANTA FE","La Capital","Hormigón","Pavimento","I","Dentro","Urbana","Ninguna","Funciona","Intersección","Bueno","Buena","Diurna","Buen Tiempo","Lateral","S/D","Colisión","S/D","Horizontal,Vertical","Cordón divisorio","Sin restricción"
2015,2346,15/04/2015,"Miercoles",0,,,"0.0",2,"Moto/Ciclomotor,Automóvil","Av Gral Lopez Y Saavedra",2,0,0,0,0,0,2,,"Avenida",,"SANTA FE","La Capital","S/D","S/D","I","S/D","Urbana","S/D","S/D","S/D","S/D","S/D","S/D","S/D","S/D","S/D","S/D","S/D","S/D","S/D","S/D"
2015,2347,26/04/2015,"Domingo",0,20:45:00,,"0.0",2,"Moto/Ciclomotor,Automóvil","J J Paso Y Dr Zavalla",2,1,0,0,1,0,0,,"Avenida",,"SANTA FE","La Capital","Asfalto","S/D","I","S/D","Urbana","S/D","S/D","Intersección","S/D","S/D","Nocturna","S/D","S/D","S/D","Colisión","S/D","S/D","S/D","S/D"
2015,2348,15/04/2015,"Miercoles",0,,"Ruta Nacional 11","0.0",2,"Bicicleta,Moto/Ciclomotor","Av Blas Parera Y La Rioja",2,1,0,0,0,0,1,"-31.585805555556,-60.725638888889","Ruta",11,"SANTA FE","La Capital","S/D","S/D","I","S/D","S/D","S/D","S/D","S/D","S/D","S/D","S/D","S/D","S/D","S/D","Atropello","S/D","S/D","S/D","S/D"
2015,2349,08/04/2015,"Miercoles",0,13:00:00,,"0.0",2,"Moto/Ciclomotor,Automóvil","Av San Martin 1400",2,1,0,0,1,0,0,,"Avenida",,"LAGUNA PAIVA","La Capital","Ripio","No existe","I","Dentro","Urbana","Ninguna","No existe","Intersección","Con baches","Buena","Diurna","Buen Tiempo","Lateral","S/D","Colisión","Ninguna","Faltante","Vegetación","Sin restricción"
2015,2350,07/04/2015,"Martes",0,09:00:00,,"0.0",2,"Moto/Ciclomotor,Automóvil","Av A del Valle Y Salvador del Carril",2,1,0,0,1,0,0,,"Avenida",,"SANTA FE","La Capital","Asfalto","S/D","I","Dentro","Urbana","Semáforo","Funciona","Intersección","Con baches","Buena","Diurna","Buen Tiempo","Lateral","S/D","Colisión","Ninguna","Vertical","Ninguna","Sin restricción"
2015,2351,24/04/2015,"Viernes",0,07:00:00,"Ruta Nacional 11","477.3",2,"Bicicleta,Automóvil"," ",2,1,0,0,1,0,0,"-31.559922, -60.728790","Ruta",11,"SANTA FE","La Capital","Asfalto","Natural","I","Dentro","Urbana","Ninguna","No existe","Curva","Bueno","Buena","Diurna","Buen Tiempo","S/D","S/D","Atropello","Ninguna","Horizontal","Línea divisoria pintada","Sin restricción"
2015,2352,06/04/2015,"Lunes",0,16:00:00,,"0.0",2,"Moto/Ciclomotor,Automóvil","Av A del Valle Y Domingo Silva",2,1,0,0,1,0,0,,"Avenida",,"SANTA FE","La Capital","Asfalto","No existe","I","Dentro","Urbana","Ninguna","No existe","Intersección","Bueno","Buena","Diurna","Buen Tiempo","Lateral","S/D","Colisión","Ninguna","Faltante","Ninguna","Sin restricción"
2015,2353,28/04/2015,"Martes",0,,,"0.0",1,"Transporte de Pasajeros Urbano (> 8 asientos)"," ",2,1,0,0,1,0,0,,"S/D",,"SANTA FE","La Capital","Hormigón","Pavimento","I","Dentro","Urbana","S/D","S/D","Intersección","Bueno","Buena","Diurna","S/D","S/D","S/D","S/D","S/D","S/D","S/D","S/D"
2015,2354,01/04/2015,"Miercoles",0,17:30:00,,"0.0",2,"Moto/Ciclomotor,Automóvil","Av Almte Brown Y 25 de Mayo",3,1,0,0,1,0,1,,"Avenida",,"SANTA FE","La Capital","Asfalto","No existe","I","Dentro","Urbana","Ninguna","No existe","Intersección","Bueno","Buena","Diurna","Buen Tiempo","Lateral","S/D","Colisión","S/D","S/D","Ninguna","Sin restricción"
2015,2355,07/04/2015,"Martes",0,16:40:00,,"0.0",2,"Moto/Ciclomotor,Automóvil","Sarmiento Y J Castelli",3,2,0,0,1,0,0,,"Calle",,"SANTA FE","La Capital","Asfalto","No existe","I","S/D","Urbana","Ninguna","No existe","Intersección","Bueno","Buena","Diurna","Buen Tiempo","Lateral","S/D","Colisión","S/D","S/D","Ninguna","Sin restricción"
2015,2356,15/04/2015,"Miercoles",0,10:15:00,,"0.0",2,"Bicicleta,Automóvil","Estados Unidos de Mexico Y Juan Bautista Alberdi",2,1,0,0,1,0,0,"-31.678666666667,-60.789194444444","Calle",,"SANTO TOMÉ","La Capital","Ripio","No existe","I","S/D","Urbana","S/D","No existe","Recta","Bueno","Buena","Diurna","Buen Tiempo","S/D","S/D","Atropello","S/D","S/D","Ninguna","S/D"
2015,2357,03/04/2015,"Viernes",0,21:00:00,,"0.0",2,"Moto/Ciclomotor,Automóvil","Av A del Valle Y Gorostiaga",3,2,0,0,1,0,0,,"Avenida",,"SANTA FE","La Capital","Asfalto","No existe","I","Dentro","Urbana","Ninguna","S/D","Recta","Bueno","Buena","Diurna","Buen Tiempo","Lateral","S/D","Colisión","S/D","S/D","Ninguna","Sin restricción"
2015,2358,05/03/2015,"Jueves",0,18:00:00,,"0.0",2,"Peatón,Automóvil","Sarmiento Y Tucuman",2,0,1,0,1,0,0,,"Calle",,"ROSARIO","Rosario","Asfalto","No existe","II","S/D","Urbana","Ninguna","No existe","Intersección","Bueno","Buena","Diurna","Buen Tiempo","Otro","S/D","Atropello","S/D","Faltante","Ninguna","Sin restricción"
2015,2359,19/04/2015,"Domingo",0,02:00:00,,"0.0",1,,"Grandoli Y Poblet",4,2,0,0,2,0,0,,"Calle",,"ROSARIO","Rosario","Asfalto","S/D","II","Dentro","Urbana","S/D","No existe","Recta","S/D","Reducida","Nocturna","Buen Tiempo","S/D","S/D","Colisión","S/D","Faltante","S/D","Sin restricción"
2015,2360,19/04/2015,"Domingo",0,02:20:00,,"0.0",2,"Moto/Ciclomotor,Automóvil","Avellaneda Y Mariano Comas",2,1,0,0,1,0,0,,"Calle",,"SANTA FE","La Capital","Asfalto","No existe","I","Dentro","Urbana","Ninguna","No existe","Intersección","Bueno","Buena","Nocturna","Buen Tiempo","Lateral","S/D","Colisión","S/D","S/D","Ninguna","Sin restricción"
2015,2361,09/04/2015,"Jueves",0,09:00:00,,"0.0",2,"Moto/Ciclomotor,Automóvil","Salvador del Carril Y Laprida",2,1,0,0,1,0,0,,"Calle",,"SANTA FE","La Capital","Asfalto","No existe","I","S/D","Urbana","Ninguna","No existe","Intersección","Bueno","Buena","Diurna","Buen Tiempo","Lateral","S/D","Colisión","S/D","S/D","Ninguna","Sin restricción"
2015,2362,27/04/2015,"Lunes",0,09:30:00,,"0.0",1,"Camión","Calle 8 Y Ruta Nac 1",2,0,1,0,1,0,0,,"Calle",,"ARROYO LEYES","La Capital","Arena","No existe","I","Dentro","Urbana","Ninguna","No existe","S/D","Bueno","Buena","Diurna","Buen Tiempo","S/D","S/D","Caída ocupante","Ninguna","Faltante","Ninguna","Sin restricción"
2015,2363,29/04/2015,"Miercoles",0,12:30:00,"Ruta Nacional 11","0.0",2,"Bicicleta,Moto/Ciclomotor","Ruta 11 Avenida Richieri ",2,2,0,0,0,0,0,"-31.686220, -60.779632","Ruta",11,"SANTO TOMÉ","La Capital","Hormigón","No existe","I","S/D","Urbana","Ninguna","No existe","Recta","Bueno","Buena","Diurna","Lluvia","S/D","S/D","Atropello","Agua","Faltante","Ninguna","Sin restricción"
2015,2364,10/03/2015,"Martes",0,12:45:00,,"0.0",2,"Automóvil,Moto/Ciclomotor","Urquiza Y Bv. Oroño",3,2,0,0,1,0,0,,"Avenida",,"ROSARIO","Rosario","Asfalto","No existe","II","Dentro","Urbana","Ninguna","No existe","Intersección","Bueno","Buena","Diurna","Buen Tiempo","Lateral","S/D","Colisión","S/D","Faltante","Cordón divisorio","Sin restricción"
2015,2365,26/04/2015,"Domingo",0,13:30:00,"Ruta Nacional 11","0.0",2,"Moto/Ciclomotor,Automóvil","Ruta 11 Avenida Richieri Y 4 de enero",2,2,0,0,0,0,0,,"Ruta",11,"SANTO TOMÉ","La Capital","Asfalto","No existe","I","S/D","Urbana","Ninguna","No existe","Recta","Bueno","Buena","Diurna","Buen Tiempo","De alcance","S/D","Colisión","S/D","Faltante","Ninguna","Sin restricción"
2015,2366,10/04/2015,"Viernes",0,19:10:00,,"0.0",2,"Moto/Ciclomotor,Automóvil","Rivadavia Y J Castelli",3,1,0,0,2,0,0,,"Avenida",,"SANTA FE","La Capital","Hormigón","No existe","I","Dentro","Urbana","Policía de tránsito","No existe","Intersección","S/D","Buena","Diurna","Buen Tiempo","Lateral","S/D","Colisión","S/D","S/D","Ninguna","S/D"
2015,2367,13/03/2015,"Viernes",0,08:30:00,,"0.0",2,"Pickup/Utilitario,Moto/Ciclomotor","Av. Belgrano Y Tucuman",2,1,0,0,1,0,0,,"Avenida",,"ROSARIO","Rosario","Asfalto","No existe","II","Dentro","Urbana","Ninguna","No existe","Intersección","Bueno","Buena","Diurna","Buen Tiempo","Lateral","S/D","Colisión","S/D","Faltante","Ninguna","Sin restricción"
2015,2368,10/04/2015,"Viernes",0,21:19:00,,"0.0",2,"Moto/Ciclomotor,Automóvil","Candioti Y Hernandarias",2,0,0,1,1,0,0,,"Calle",,"SANTA FE","La Capital","Hormigón","No existe","I","Dentro","Urbana","Ninguna","No existe","Intersección","Bueno","Buena","Nocturna","Buen Tiempo","Lateral","S/D","Colisión","S/D","S/D","Ninguna","Sin restricción"
2015,2369,18/03/2015,"Miercoles",0,11:30:00,,"0.0",2,"Taxi/Remis,Automóvil","Tucuman Y Pte.Roca",2,1,0,0,1,0,0,,"Calle",,"ROSARIO","Rosario","Asfalto","No existe","II","Dentro","Urbana","Ninguna","No existe","Intersección","Bueno","Buena","Diurna","Buen Tiempo","Lateral","S/D","Colisión","S/D","Faltante","Ninguna","Sin restricción"
2015,2370,19/04/2015,"Domingo",0,15:00:00,,"0.0",2,"Moto/Ciclomotor,Automóvil","Cordoba Y Avellaneda",4,3,0,0,1,0,0,,"Calle",,"SANTA FE","La Capital","Asfalto","No existe","I","S/D","Urbana","Ninguna","No existe","Intersección","Bueno","Buena","Diurna","Buen Tiempo","Lateral","S/D","Colisión","S/D","S/D","S/D","Sin restricción"
2015,2371,05/04/2015,"Domingo",0,07:00:00,,"0.0",1,"Moto/Ciclomotor","Av A del Valle Y Callejon Funes",2,1,0,0,1,0,0,,"Avenida",,"SANTA FE","La Capital","Asfalto","Natural","I","Dentro","Urbana","Ninguna","No existe","Intersección","Deteriorada","Buena","Diurna","Buen Tiempo","S/D","S/D","Caída ocupante","Ninguna","Horizontal,Vertical","Ninguna","Sin restricción"
2015,2372,16/04/2015,"Jueves",0,18:50:00,,"0.0",2,"Moto/Ciclomotor,Moto/Ciclomotor","Martin Zapata Y Pje Esteban Echeverria",3,1,0,0,0,0,2,,"Calle",,"SANTA FE","La Capital","S/D","S/D","I","S/D","S/D","S/D","S/D","S/D","S/D","S/D","Diurna","S/D","S/D","S/D","S/D","S/D","S/D","S/D","S/D"
2015,2373,20/03/2015,"Viernes",0,16:30:00,,"0.0",2,"Automóvil,Moto/Ciclomotor","Bv. Oroño Y Urquiza",2,1,0,0,1,0,0,,"Avenida",,"ROSARIO","Rosario","S/D","No existe","II","Dentro","Urbana","Ninguna","No existe","Intersección","Bueno","Buena","Diurna","Buen Tiempo","Lateral","S/D","Colisión","S/D","Faltante","Ninguna","Sin restricción"
2015,2374,10/04/2015,"Viernes",0,07:50:00,,"0.0",2,"Automóvil,Moto/Ciclomotor","Pje. Curie Y Rodriguez",2,1,0,0,1,0,0,,"Calle",,"ROSARIO","Rosario","Asfalto","No existe","II","Dentro","Urbana","Ninguna","No existe","Intersección","Bueno","Buena","Diurna","Buen Tiempo","De alcance","S/D","Colisión","Ninguna","Faltante","Ninguna","Sin restricción"
2015,2375,11/04/2015,"Sabado",0,15:00:00,,"0.0",2,"Moto/Ciclomotor,Pickup/Utilitario","Salvador del Carril Y Dorrego",2,1,0,0,1,0,0,,"Calle",,"SANTA FE","La Capital","Asfalto","No existe","I","S/D","Urbana","Ninguna","No existe","Recta","Bueno","Buena","Diurna","Buen Tiempo","Lateral","S/D","Colisión","S/D","S/D","Ninguna","Sin restricción"
2015,2376,10/04/2015,"Viernes",0,07:45:00,,"0.0",2,"Automóvil,Moto/Ciclomotor","Pje. Curie Y Rodriguez",2,1,0,0,1,0,0,,"Calle",,"ROSARIO","Rosario","Asfalto","No existe","II","Dentro","Urbana","Ninguna","No existe","Intersección","Bueno","Buena","Diurna","Buen Tiempo","De alcance","S/D","Colisión","Ninguna","Faltante","Ninguna","Sin restricción"
2015,2377,18/04/2015,"Sabado",0,12:30:00,,"0.0",2,"Moto/Ciclomotor,Taxi/Remis","San Lorenzo Y Lavaisse",2,1,0,0,0,0,1,,"S/D",,"SANTA FE","La Capital","S/D","S/D","I","S/D","S/D","S/D","S/D","S/D","S/D","S/D","Diurna","S/D","S/D","S/D","S/D","S/D","S/D","S/D","S/D"
2015,2378,12/04/2015,"Domingo",0,07:30:00,,"0.0",2,"Moto/Ciclomotor,Automóvil","Av Gral Paz Y Pje Calcena",3,1,0,0,2,0,0,,"Avenida",,"SANTA FE","La Capital","Asfalto","No existe","I","Dentro","Urbana","Ninguna","No existe","Intersección","Bueno","Buena","Diurna","Buen Tiempo","Lateral","S/D","Colisión","S/D","S/D","Ninguna","Sin restricción"
2015,2379,21/04/2015,"Martes",0,12:50:00,,"0.0",2,"Moto/Ciclomotor,Automóvil","Obispo Gelabert Y J Castelli",2,1,0,0,1,0,0,,"Calle",,"SANTA FE","La Capital","Asfalto","No existe","I","Dentro","Urbana","Ninguna","No existe","Intersección","Bueno","Buena","Diurna","Buen Tiempo","Lateral","S/D","Colisión","S/D","S/D","Ninguna","Sin restricción"
2015,2380,28/03/2015,"Sabado",0,19:30:00,,"0.0",2,"Peatón,Automóvil","J.M.de Rosas ",2,1,0,0,1,0,0,,"Calle",,"ROSARIO","Rosario","Asfalto","S/D","II","Dentro","Urbana","Paso Peatonal","S/D","Recta","Bueno","Buena","Diurna","S/D","Otro","S/D","Atropello","S/D","S/D","Cordón divisorio","S/D"
2015,2381,15/04/2015,"Miercoles",0,21:40:00,"Autopista Provincial Brigadier E.López","0.0",1,," ",9,7,0,0,2,0,0,,"Autopista","Brigadier E.López","SANTO TOMÉ","La Capital","Asfalto","Natural","I","Dentro","Urbana","Ninguna","No existe","Recta","Bueno","Buena","Nocturna","Buen Tiempo","Lateral","S/D","Colisión","Ninguna","Faltante","Vegetación","Sin restricción"
2015,2382,15/04/2015,"Miercoles",0,18:00:00,,"0.0",3,"Automóvil,Camión,Automóvil","Estanislao Zeballos 3600",4,0,0,0,0,0,4,,"Calle",,"SANTA FE","La Capital","S/D","S/D","I","S/D","S/D","S/D","S/D","S/D","S/D","S/D","Diurna","S/D","S/D","S/D","S/D","S/D","S/D","S/D","S/D"
2015,2383,09/04/2015,"Jueves",0,15:30:00,,"0.0",2,"Moto/Ciclomotor,Automóvil","Entre Rios Y Saavedra",2,1,0,0,1,0,0,,"Calle",,"ROSARIO","Rosario","Asfalto","No existe","II","Dentro","Urbana","Ninguna","No existe","Intersección","Bueno","Buena","Diurna","Buen Tiempo","De alcance","S/D","Colisión","Ninguna","Faltante","Ninguna","Sin restricción"
2015,2384,21/04/2015,"Martes",0,17:30:00,,"0.0",2,"Automóvil,Moto/Ciclomotor","Av Peñaloza 5400",3,0,0,0,0,0,3,,"Avenida",,"SANTA FE","La Capital","S/D","S/D","I","S/D","S/D","S/D","S/D","S/D","S/D","S/D","Diurna","S/D","S/D","S/D","S/D","S/D","S/D","S/D","S/D"
2015,2385,07/04/2015,"Martes",0,18:25:00,,"0.0",2,"Moto/Ciclomotor,Pickup/Utilitario","Av. Uriburu Y Mariano Moreno",2,1,0,0,1,0,0,,"Calle",,"ROSARIO","Rosario","Asfalto","No existe","II","Dentro","Urbana","Ninguna","No existe","Intersección","Bueno","Buena","Atardecer","Buen Tiempo","De alcance","S/D","Colisión","Ninguna","Faltante","Ninguna","Sin restricción"
2015,2386,18/04/2015,"Sabado",0,07:20:00,"Ruta Nacional 11","0.0",2,"Automóvil,Automóvil","Ruta 11 Avenida Richieri Y 13 de diciembre",2,2,0,0,0,0,0,,"Ruta",11,"SANTO TOMÉ","La Capital","Asfalto","Natural","I","S/D","S/D","Ninguna","Funciona","Recta","Bueno","Buena","Amanecer","Buen Tiempo","De alcance","S/D","Colisión","S/D","Horizontal","Ninguna","Sin restricción"
2015,2387,20/04/2015,"Lunes",0,16:00:00,,"0.0",2,"Moto/Ciclomotor,Automóvil","4 DE ENERO Y MARTINEZ",2,1,0,0,0,0,1,,"Calle",,"SANTO TOMÉ","La Capital","Asfalto,Tierra","No existe","I","S/D","Urbana","Ninguna","No existe","Intersección","Con baches","Buena","Diurna","Buen Tiempo","Lateral","S/D","Colisión","S/D","Faltante","Ninguna","Sin restricción"
2015,2388,12/04/2015,"Domingo",0,12:30:00,,"0.0",2,"Bicicleta,Automóvil","Av Gral Paz Y J M Zuviria",2,1,0,0,0,0,1,"-31.619916666667,-60.685638888889","Avenida",,"SANTA FE","La Capital","Asfalto","No existe","I","Dentro","Urbana","Ninguna","No existe","Intersección","Bueno","Buena","Diurna","Buen Tiempo","S/D","S/D","Atropello","S/D","S/D","Ninguna","Sin restricción"
2015,2389,09/04/2015,"Jueves",0,20:15:00,"Ruta Provincial 2","32.0",2,"Transporte de Pasajeros Larga Distancia (Piso  y  1/2),Peatón"," ",2,1,0,0,1,0,0,,"Ruta",2,"CONSTITUYENTE","La Capital","Asfalto","Pavimento","I","Dentro","Urbana","Ninguna","No existe","Recta","Bueno","Buena","Nocturna,Con luz artificial","Buen Tiempo","Otro","S/D","Atropello","Ninguna","Horizontal,Vertical","Línea divisoria pintada","Sin restricción"
2015,2390,25/04/2015,"Sabado",0,19:00:00,"Ruta Provincial 1","0.0",2,"Moto/Ciclomotor,Otros"," ",2,1,0,0,0,0,1,,"Ruta",1,"COLASTINE","La Capital","Asfalto","Ripio","I","S/D","Urbana","Ninguna","S/D","Recta","S/D","Buena","Diurna","Buen Tiempo","Lateral","S/D","Colisión","Ninguna","S/D","Ninguna","Sin restricción"
2015,2391,27/04/2015,"Lunes",0,23:30:00,"Ruta Provincial 1","0.0",1,"Moto/Ciclomotor"," ",2,1,0,0,0,0,1,,"Ruta",1,"COLASTINE","La Capital","Asfalto","Ripio","I","S/D","Urbana","Ninguna","No existe","Recta","Bueno","Buena","Nocturna,Con luz artificial","Buen Tiempo","Lateral","S/D","Colisión","Ninguna","Horizontal","Ninguna","Sin restricción"
2015,2392,16/04/2015,"Jueves",0,21:45:00,"Ruta Provincial 2","58.0",2,"Automóvil,Automóvil"," ",2,2,0,0,0,0,0,,"Ruta",2,"LAGUNA PAIVA","La Capital","Ripio","Natural","I","Dentro","Rural","Ninguna","No existe","Recta","Bueno","Reducida","Nocturna","Buen Tiempo","Frontal","S/D","Colisión","Material Suelto","Faltante","Ninguna","Sin restricción"
2015,2393,08/04/2015,"Miercoles",0,09:30:00,,"0.0",2,"Moto/Ciclomotor,Automóvil","Av Blas Parera Y Callejon Mendez",2,1,0,0,1,0,0,,"Calle",,"SANTA FE","La Capital","Asfalto","No existe","I","S/D","Urbana","Semáforo","Funciona","Intersección","Bueno","Buena","Nocturna","Buen Tiempo","De alcance","S/D","Colisión","Ninguna","Faltante","Ninguna","Sin restricción"
2015,2394,09/04/2015,"Jueves",0,15:00:00,,"0.0",2,"Moto/Ciclomotor,Automóvil","Maipu Y Leandro N Alem",2,1,0,0,1,0,0,,"Calle",,"LAGUNA PAIVA","La Capital","Tierra,Ripio","No existe","I","Dentro","Urbana","Ninguna","No existe","Intersección","Bueno","Buena","Diurna","Buen Tiempo","Lateral","S/D","Colisión","Material Suelto","Faltante","S/D","Sin restricción"
2015,2395,02/04/2015,"Jueves",0,22:30:00,,"0.0",2,"Automóvil,Bicicleta","Avenida Nuestra Señora del Luj Y Frutos",2,1,0,0,1,0,0,"-31.682194444444,-60.776361111111","Calle",,"SANTO TOMÉ","La Capital","Asfalto","No existe","I","S/D","Urbana","Ninguna","No existe","Intersección","Bueno","Buena","Nocturna,Con luz artificial","Buen Tiempo","S/D","S/D","Atropello","S/D","Faltante","Ninguna","Sin restricción"
2015,2396,07/04/2015,"Martes",0,09:45:00,,"0.0",2,"Automóvil,Bicicleta","Bv. Segui Y Mitre",2,1,0,0,1,0,0,,"Calle",,"ROSARIO","Rosario","Asfalto","No existe","II","Dentro","Urbana","Ninguna","No existe","Intersección","Bueno","Buena","Diurna","Buen Tiempo","S/D","S/D","Atropello","Ninguna","Faltante","Cordón divisorio","Sin restricción"
2015,2397,13/04/2015,"Lunes",0,18:10:00,,"0.0",2,"Peatón,Pickup/Utilitario","Guemes 5100",2,0,0,1,1,0,0,"-31.623944444444,-60.684777777778","Calle",,"SANTA FE","La Capital","Asfalto","No existe","I","Dentro","Urbana","Ninguna","No existe","Recta","Bueno","Buena","Diurna","Buen Tiempo","S/D","S/D","Atropello","S/D","S/D","Ninguna","Sin restricción"
2015,2398,15/04/2015,"Miercoles",0,08:40:00,,"0.0",2,"Moto/Ciclomotor,Automóvil","Guemes Y Agustin Delgado",2,1,0,0,1,0,0,,"Calle",,"SANTA FE","La Capital","Asfalto","No existe","I","S/D","Urbana","Ninguna","No existe","Intersección","Bueno","Buena","Diurna","Buen Tiempo","Lateral","S/D","Colisión","S/D","S/D","Ninguna","Sin restricción"
2015,2399,03/04/2015,"Viernes",0,19:15:00,"Ruta Nacional 11","0.0",2,"Moto/Ciclomotor,Moto/Ciclomotor"," ",2,0,1,0,1,0,0,,"Ruta",11,"RECREO","La Capital","Asfalto","Natural","I","S/D","Urbana","Ninguna","No existe","Intersección","Bueno","Buena","Atardecer,Con luz artificial","Buen Tiempo","De alcance","S/D","Colisión","Ninguna","Faltante","Ninguna","Sin restricción"
2015,2400,13/04/2015,"Lunes",0,09:50:00,,"0.0",2,"Moto/Ciclomotor,Moto/Ciclomotor","Ricardo Aldao Y Av Santa Fe",3,3,0,0,0,0,0,,"Calle",,"SANTA FE","La Capital","Asfalto","Pavimento","I","S/D","Urbana","Ninguna","No existe","Intersección","Bueno","Buena","Diurna","Buen Tiempo","De alcance","S/D","Colisión","S/D","Vertical","Ninguna","Sin restricción"
2015,2401,16/04/2015,"Jueves",0,13:45:00,"Ruta Nacional 11","0.0",2,"Moto/Ciclomotor,Pickup/Utilitario"," ",3,2,0,0,1,0,0,,"Ruta",11,"RECREO","La Capital","Asfalto","Natural","I","S/D","Urbana","Ninguna","No existe","Intersección","Bueno","Buena","Diurna","Buen Tiempo","De alcance","S/D","Colisión","Ninguna","Faltante","Ninguna","Sin restricción"
2015,2402,08/04/2015,"Miercoles",0,16:50:00,,"0.0",2,"Moto/Ciclomotor,Automóvil","Rodriguez 378",2,1,0,0,1,0,0,,"Calle",,"ROSARIO","Rosario","Asfalto","No existe","II","S/D","Urbana","Semáforo","Funciona","Intersección","S/D","Buena","Diurna","Buen Tiempo","S/D","S/D","Colisión","Agua","Vertical","Ninguna","Sin restricción"
2015,2403,20/04/2015,"Lunes",0,11:20:00,,"0.0",2,"Automóvil,Automóvil","Tucuman Y Ricchieri",2,2,0,0,0,0,0,,"Calle",,"ROSARIO","Rosario","Asfalto","No existe","II","S/D","Urbana","Ninguna","No existe","Intersección","Bueno","Buena","Diurna","Buen Tiempo","De alcance","S/D","Colisión","S/D","S/D","Ninguna","Sin restricción"
2015,2404,19/04/2015,"Domingo",0,11:40:00,"Ruta Provincial 70","0.0",1,"Moto/Ciclomotor"," ",2,2,0,0,0,0,0,,"Ruta",70,"RECREO","La Capital","Asfalto","Natural","I","S/D","S/D","Ninguna","No existe","Recta","Deteriorada","Buena","Diurna","Buen Tiempo","Otro","S/D","Caída ocupante","Ninguna","Faltante","Línea divisoria pintada","Sin restricción"
2015,2405,20/04/2015,"Lunes",0,09:40:00,,"0.0",2,"Peatón,Automóvil","San Lorenzo Y Ricchieri",2,1,0,0,1,0,0,,"Calle",,"ROSARIO","Rosario","Asfalto","No existe","II","S/D","Urbana","Ninguna","No existe","Intersección","Bueno","Buena","Diurna","Buen Tiempo","S/D","S/D","Atropello","S/D","Faltante","Ninguna","Sin restricción"