"anio_acci","nro_acci","fecha","desc_dia","fecha_aprox","hora_aprox","desc_ruta","km","cant_participantes","desc_participante","calle_avenida_km","total","heridos_leves","heridos_graves","heridos_gravisimos","ilesos","fallecidos","sin_datos","posicion_XY","desc_tipo_via","desc_ruta_ori","desc_loc","desc_dpto","desc_tipo_calzada","desc_tipo_banquina","desc_unidad_regional","desc_lugar_calzada","desc_zona","desc_prioridad","desc_estado_semaforo","desc_lugar_via","desc_estado_via","desc_estado_visibilidad","desc_luminosidad","desc_estado_clima","desc_tipo_colision","desc_tipo_atropello","desc_tipo_hecho","desc_pres_calzada","desc_senializacion","desc_separacion_via","desc_restriccion"
2015,2471,20/04/2015,"Lunes",0,16:30:00,,"0.0",2,"Pickup/Utilitario,Moto/Ciclomotor","French 2600",4,3,0,0,1,0,0,,"Calle",,"SANTA FE","La Capital","Asfalto","No existe","I","Dentro","Urbana","Semáforo","Funciona","Recta","Con baches","Buena","Diurna","Buen Tiempo","Contra objeto fijo","S/D","Caída ocupante","Ninguna","Horizontal,Vertical","Ninguna","Sin restricción"
2015,2472,24/03/2015,"Martes",0,11:30:00,"Ruta Nacional 11","0.0",2,"Moto/Ciclomotor,Automóvil","Calle 57-Prof Roberto Roveda Y Ruta Nacional 11",2,1,0,0,1,0,0,,"Ruta",11,"RECONQUISTA","General Obligado","Asfalto","Ripio","IX","Dentro","Urbana","Ninguna","No existe","Rotonda","Bueno","Buena","Diurna","Buen Tiempo","S/D","S/D","Colisión","Ninguna","Faltante","Línea divisoria pintada","Sin restricción"
2015,2473,27/04/2015,"Lunes",0,11:30:00,,"0.0",2,"Pickup/Utilitario,Bicicleta","Av A del Valle Y Callejón El Sable",2,1,0,0,1,0,0,"-31.580194444444,-60.689138888889","Avenida",,"SANTA FE","La Capital","Asfalto","Natural","I","Dentro","Urbana","Ninguna","No existe","Intersección","Con baches","Buena","Diurna","Buen Tiempo","S/D","S/D","Atropello","Ninguna","Horizontal,Vertical","Ninguna","Sin restricción"
2015,2474,30/04/2015,"Jueves",0,00:35:00,,"0.0",2,"Peatón,Automóvil","Echague Y Azcuenaga",2,1,0,0,1,0,0,"-31.599555555556,-60.668861111111","Calle",,"SANTA FE","La Capital","Asfalto","S/D","I","S/D","Urbana","S/D","S/D","Intersección","Bueno","S/D","Nocturna,Con luz artificial","S/D","S/D","S/D","Atropello","S/D","S/D","S/D","S/D"
2015,2475,14/04/2015,"Martes",0,20:00:00,"Ruta Provincial 18","0.0",2,"Automóvil,Moto/Ciclomotor","CORRIENTES ",3,0,2,0,1,0,0,,"Ruta",18,"PUERTO SAN MARTÍN","San Lorenzo","Asfalto","Natural","XVII","Dentro","Urbana","Ninguna","No existe","Intersección","Bueno","Reducida","Nocturna","Buen Tiempo","De alcance","S/D","Colisión","Ninguna","Horizontal","Ninguna","Sin restricción"
2015,2476,01/04/2015,"Miercoles",0,19:00:00,,"0.0",2,"Moto/Ciclomotor,Automóvil","Hernandarias Y Rivadavia",3,2,0,0,1,0,0,,"Calle",,"SANTA FE","La Capital","Hormigón","No existe","I","S/D","Urbana","Policía de tránsito","No existe","Intersección","Bueno","Buena","Diurna","Buen Tiempo","Lateral","S/D","Colisión","S/D","Faltante","Ninguna","S/D"
2015,2477,19/04/2015,"Domingo",0,20:00:00,"Ruta Nacional 11","0.0",2,"Moto/Ciclomotor,Automóvil","SAAVEDRA ",3,1,0,0,2,0,0,,"Ruta",11,"PUERTO SAN MARTÍN","San Lorenzo","Asfalto","Natural","XVII","Dentro","Urbana","Ninguna","No existe","Intersección","Ahuellamiento","Reducida","Nocturna","Buen Tiempo","Otro","S/D","Colisión","Ninguna","Horizontal","Ninguna","Sin restricción"
2015,2478,26/03/2015,"Jueves",0,13:00:00,"Ruta Secundaria 40-s","0.0",2,"Bicicleta,Moto/Ciclomotor"," ",2,1,0,0,0,0,1,,"Ruta","40-s","RECONQUISTA","General Obligado","Asfalto","Natural","IX","Dentro","Urbana","Ninguna","No existe","Recta","Bueno","Buena","Diurna","Buen Tiempo","S/D","S/D","Atropello","Ninguna","Faltante","Línea divisoria pintada","Sin restricción"
2015,2479,16/04/2015,"Jueves",0,11:00:00,,"0.0",2,"Automóvil,Moto/Ciclomotor","Coronel Manuel Dorrego Y Santa Rosa de Lima",2,0,1,0,1,0,0,,"Calle",,"SAN JOSÉ DEL RINCÓN","La Capital","Arena","S/D","I","S/D","Urbana","Ninguna","No existe","Intersección","Bueno","Buena","Diurna","Buen Tiempo","S/D","S/D","Atropello","Ninguna","S/D","S/D","Sin restricción"
2015,2480,15/04/2015,"Miercoles",0,22:15:00,"Ruta Nacional 11","0.0",2,"Bicicleta,Otros","Ruta 11 Avenida Richieri ",2,1,0,0,0,0,1,"-31.686220, -60.779632","Ruta",11,"SANTO TOMÉ","La Capital","Asfalto","Natural","I","S/D","Urbana","S/D","No existe","Recta","Bueno","Buena","Nocturna","Buen Tiempo","S/D","S/D","Atropello","S/D","Faltante","Ninguna","Sin restricción"
2015,2481,03/04/2015,"Viernes",0,21:10:00,,"0.0",2,"Moto/Ciclomotor,Automóvil","Av San Martin Y Pte Peron",2,1,0,0,1,0,0,,"S/D",,"FRAY LUIS BELTRÁN","San Lorenzo","Asfalto","Pavimento","XVII","Dentro","Urbana","Ninguna","S/D","Intersección","Bueno","Buena","Nocturna,Con luz artificial","Buen Tiempo","Frontal","S/D","Colisión","S/D","S/D","Ninguna","S/D"
2015,2482,02/04/2015,"Jueves",0,17:00:00,,"0.0",2,"Moto/Ciclomotor,Automóvil","Monteagudo Y French",2,1,0,0,1,0,0,,"S/D",,"FRAY LUIS BELTRÁN","San Lorenzo","Ripio","No existe","XVII","Dentro","Urbana","Ninguna","No existe","Intersección","Deteriorada","Buena","Diurna","S/D","Lateral","S/D","Colisión","S/D","Faltante","Ninguna","Sin restricción"
2015,2483,01/04/2015,"Miercoles",0,22:30:00,"Ruta Nacional 11","0.0",2,"Moto/Ciclomotor,Moto/Ciclomotor","Av San Martin Y Maestra Barragan - Ex Bs.As.",2,1,0,0,1,0,0,,"Ruta",11,"FRAY LUIS BELTRÁN","San Lorenzo","Asfalto","Pavimento","XVII","Dentro","Urbana","Ninguna","No existe","Intersección","Bueno","Buena","Nocturna,Con luz artificial","Buen Tiempo","Lateral","S/D","Colisión","S/D","Faltante","Ninguna","Sin restricción"
2015,2484,08/04/2015,"Miercoles",0,,,"0.0",2,"Moto/Ciclomotor,Automóvil","Hipolito Irigoyen Y San Martin",3,2,0,0,1,0,0,,"Calle",,"VILLA CONSTITUCIÓN","Constitución","Asfalto","Pavimento","VI","Dentro","Urbana","Semáforo","No existe","Intersección","Bueno","Buena","Diurna","Buen Tiempo","Lateral","S/D","Colisión","S/D","Vertical","Ninguna","Sin restricción"
2015,2485,07/04/2015,"Martes",0,,,"0.0",2,"Moto/Ciclomotor,Automóvil","San Martin Y San Juan",2,1,0,0,1,0,0,,"Calle",,"VILLA CONSTITUCIÓN","Constitución","Asfalto","Pavimento","VI","Dentro","Urbana","Ninguna","No existe","Intersección","Bueno","Buena","Diurna","Buen Tiempo","Frontal","S/D","Colisión","S/D","Faltante","Ninguna","Sin restricción"
2015,2486,08/04/2015,"Miercoles",0,10:00:00,,"0.0",2,"Bicicleta,Automóvil","Italia Y Corrientes",2,1,0,0,1,0,0,,"Avenida",,"EMPALME VILLA CONSTITUCIÓN","Constitución","Hormigón","Pavimento","VI","Dentro","Urbana","S/D","No existe","Intersección","Con baches","Buena","Diurna","Buen Tiempo","S/D","S/D","Atropello","Ninguna","Horizontal","S/D","Sin restricción"
2015,2487,09/04/2015,"Jueves",0,,,"0.0",2,"Bicicleta,Automóvil","SD ",2,1,0,0,1,0,0,,"S/D",,"VILLA CONSTITUCIÓN","Constitución","S/D","S/D","VI","S/D","S/D","S/D","S/D","S/D","S/D","S/D","S/D","S/D","S/D","S/D","Atropello","S/D","S/D","S/D","S/D"
2015,2488,17/04/2015,"Viernes",0,,"Ruta Nacional 177","0.0",2,"Moto/Ciclomotor,Automóvil","Presidente Peron Y Las Heras",2,1,0,0,1,0,0,,"Ruta",177,"VILLA CONSTITUCIÓN","Constitución","Asfalto","Pavimento","VI","Dentro","Urbana","Ninguna","No existe","Cruce","Bueno","Buena","Diurna","Buen Tiempo","Frontal","S/D","Colisión","Ninguna","Faltante","Ninguna","Sin restricción"
2015,2489,01/04/2015,"Miercoles",0,20:00:00,,"0.0",2,"Automóvil,Moto/Ciclomotor","Hernandarias Y Falucho",2,1,0,0,1,0,0,,"Calle",,"SANTO TOMÉ","La Capital","Asfalto","Pavimento","I","Dentro","Urbana","Otra Señal","No existe","Recta","Bueno","Buena","Nocturna","Buen Tiempo","Lateral","S/D","Colisión","S/D","S/D","Línea divisoria pintada","Sin restricción"
2015,2490,29/04/2015,"Miercoles",0,17:40:00,,"0.0",3,"Automóvil,Automóvil,Automóvil","Bv. Avellaneda Y Av. Del Valle",3,1,0,0,2,0,0,,"Calle",,"ROSARIO","Rosario","Asfalto","S/D","II","S/D","Urbana","Semáforo","S/D","Intersección","Bueno","S/D","Diurna","Buen Tiempo","Múltiple","S/D","Colisión","Ninguna","Horizontal,Vertical","Cordón divisorio","Sin restricción"
2015,2491,21/04/2015,"Martes",0,13:50:00,,"0.0",2,"Automóvil,Automóvil","Ricardo Aldao Y Las Heras",2,1,0,0,1,0,0,,"Calle",,"SANTA FE","La Capital","Asfalto","No existe","I","Dentro","Urbana","Ninguna","No existe","Intersección","Bueno","Buena","Diurna","Buen Tiempo","Lateral","S/D","Colisión","S/D","Faltante","Ninguna","Sin restricción"
2015,2492,24/04/2015,"Viernes",0,16:30:00,,"0.0",2,"Pickup/Utilitario,Moto/Ciclomotor","Urquiza Y Callao",2,1,0,0,1,0,0,,"Calle",,"ROSARIO","Rosario","S/D","No existe","II","Dentro","Urbana","Semáforo","Funciona","Recta","Bueno","Buena","Diurna","Buen Tiempo","S/D","S/D","Colisión","S/D","Vertical","Ninguna","Accidente Previo"
2015,2493,04/04/2015,"Sabado",0,19:30:00,,"0.0",2,"Bicicleta,Automóvil","Calle 43-45 Austria Y Calle 12 San Martin",2,1,0,0,1,0,0,,"Calle",,"RECONQUISTA","General Obligado","Tierra","No existe","IX","Dentro","Urbana","Ninguna","No existe","Intersección","Bueno","Buena","Atardecer","Buen Tiempo","Otro","S/D","Atropello","Ninguna","Faltante","Ninguna","Sin restricción"
2015,2494,28/04/2015,"Martes",0,08:45:00,,"0.0",2,"Automóvil,Moto/Ciclomotor","Tucuman Y Vera Mujica",2,1,0,0,1,0,0,,"Calle",,"ROSARIO","Rosario","Asfalto","No existe","II","Dentro","Urbana","Ninguna","No existe","Recta","Bueno","Buena","Diurna","Buen Tiempo","S/D","S/D","Colisión","S/D","Faltante","S/D","Sin restricción"
2015,2495,11/04/2015,"Sabado",0,20:15:00,,"0.0",2,"Moto/Ciclomotor,Automóvil","Calle 44-27 de Abril Y Calle 41-Santa Fe",5,4,0,0,1,0,0,,"Calle",,"RECONQUISTA","General Obligado","Ripio","No existe","IX","Dentro","Urbana","Ninguna","No existe","Recta","Deteriorada","Buena","Con luz artificial","Buen Tiempo","Frontal","S/D","Colisión","Ninguna","Faltante","Ninguna","Sin restricción"
2015,2496,17/04/2015,"Viernes",0,21:00:00,"Ruta Nacional 9","0.0",2,"Automóvil,Moto/Ciclomotor"," ",2,0,0,0,1,0,1,,"Ruta",9,"FUNES","Rosario","S/D","S/D","II","Dentro","Urbana","S/D","S/D","Intersección","S/D","S/D","Nocturna","Buen Tiempo","S/D","S/D","Colisión","S/D","S/D","S/D","S/D"
2015,2497,06/04/2015,"Lunes",0,16:30:00,"Ruta Nacional 11","343.0",2,"Moto/Ciclomotor,Camión"," ",2,1,0,0,1,0,0,,"Ruta",11,"TIMBÚES","San Lorenzo","Asfalto","Natural","XVII","S/D","Urbana","Ninguna","No existe","Cruce","Deteriorada","S/D","Diurna","S/D","De alcance","S/D","Colisión","Otro","Faltante","Ninguna","Sin restricción"
2015,2498,18/04/2015,"Sabado",0,06:20:00,"Ruta Nacional A009","0.0",2,"Moto/Ciclomotor,Automóvil","Ruta A-009 Y Calle 71-Nicaragua",2,1,0,0,1,0,0,,"Ruta","A009","RECONQUISTA","General Obligado","Asfalto","Natural","IX","Dentro","Urbana","Ninguna","No existe","Intersección","Bueno","Reducida","Con luz artificial","Buen Tiempo","Lateral","S/D","Colisión","Ninguna","Faltante","Línea divisoria pintada","Sin restricción"
2015,2499,28/04/2015,"Martes",0,22:30:00,,"0.0",2,"Bicicleta,Automóvil","Calle 20 9 de Julio Y Calle 13-Iturraspe",2,1,0,0,1,0,0,,"S/D",,"RECONQUISTA","General Obligado","S/D","S/D","IX","S/D","Urbana","S/D","S/D","Intersección","S/D","S/D","Nocturna","Buen Tiempo","S/D","S/D","Atropello","S/D","S/D","Ninguna","S/D"
2015,2500,11/04/2015,"Sabado",0,,,"0.0",2,"Moto/Ciclomotor,Automóvil","Martin Miguel de Guemes Y Libertad",2,1,0,0,1,0,0,,"Calle",,"VILLA CONSTITUCIÓN","Constitución","Asfalto","Pavimento","VI","Dentro","Urbana","Ninguna","No existe","Intersección","Otro","Buena","Diurna","Buen Tiempo","Lateral","S/D","Colisión","Ninguna","Faltante","Ninguna","Sin restricción"
2015,2501,13/04/2015,"Lunes",0,06:30:00,"Autopista Provincial Brigadier E.López","23.0",2,"Camión,Pickup/Utilitario"," ",4,2,1,0,1,0,0,,"Autopista","Brigadier E.López","TIMBÚES","San Lorenzo","Asfalto","Natural","XVII","Dentro","S/D","Marca Vial","No existe","Recta","Bueno","Buena","Nocturna","Buen Tiempo","S/D","S/D","Atropello","Otro","Vertical","Ninguna","Sin restricción"
2015,2502,18/04/2015,"Sabado",0,,,"0.0",2,"Moto/Ciclomotor,Automóvil","Pbro D Segundo Y Misiones",2,1,0,0,1,0,0,,"Calle",,"VILLA CONSTITUCIÓN","Constitución","Asfalto","Pavimento","VI","Dentro","Urbana","Ninguna","No existe","Intersección","Bueno","Buena","Diurna","Buen Tiempo","Lateral","S/D","Colisión","S/D","Faltante","Ninguna","Sin restricción"
2015,2503,18/04/2015,"Sabado",0,20:10:00,"Ruta Nacional 11","0.0",2,"Moto/Ciclomotor,Moto/Ciclomotor","Calle 57-Prof Roberto Roveda Y Ruta Nacional 11",3,2,0,0,1,0,0,,"Ruta",11,"RECONQUISTA","General Obligado","Asfalto","Pavimento","IX","Dentro","Urbana","Ninguna","No existe","Intersección","Bueno","Reducida","Nocturna,Con luz artificial","Buen Tiempo","Otro","S/D","Colisión","Ninguna","Faltante","Ninguna","Sin restricción"
2015,2504,20/04/2015,"Lunes",0,11:30:00,,"0.0",3,"Moto/Ciclomotor,Pickup/Utilitario,Automóvil","Calle 50 Y Calle 33-Pueyrredon",3,0,1,0,2,0,0,,"Calle",,"RECONQUISTA","General Obligado","Tierra","No existe","IX","S/D","Urbana","S/D","No existe","Intersección","S/D","Buena","Diurna","S/D","Múltiple","S/D","Colisión","S/D","S/D","S/D","S/D"
2015,2505,28/04/2015,"Martes",0,,,"0.0",2,"Automóvil,Automóvil","Libertad 1000",2,0,0,0,1,0,1,,"Calle",,"VILLA CONSTITUCIÓN","Constitución","Asfalto","Pavimento","VI","Dentro","Urbana","Ninguna","No existe","Recta","Bueno","Buena","Diurna","Buen Tiempo","S/D","S/D","Colisión","S/D","Faltante","Ninguna","Sin restricción"
2015,2506,01/04/2015,"Miercoles",0,14:30:00,,"0.0",2,"Moto/Ciclomotor,Automóvil","Av San Martin ",2,1,0,0,1,0,0,,"Calle",,"PUERTO SAN MARTÍN","San Lorenzo","Asfalto","No existe","XVII","Dentro","Urbana","Ninguna","No existe","Intersección","Bueno","Buena","Diurna","Buen Tiempo","Lateral","S/D","Colisión","Ninguna","Horizontal","Ninguna","Sin restricción"
2015,2507,10/04/2015,"Viernes",0,,,"0.0",1,"Moto/Ciclomotor","SAAVEDRA Y CHAPUY",1,0,0,0,0,0,1,,"Avenida",,"VILLA CONSTITUCIÓN","Constitución","Asfalto","Pavimento","VI","Dentro","Urbana","Ninguna","Funciona","Intersección","Bueno","Buena","Diurna","Buen Tiempo","S/D","S/D","Caída ocupante","Ninguna","Horizontal","Ninguna","Sin restricción"
2015,2508,06/04/2015,"Lunes",0,14:45:00,"Ruta Nacional A012","42.0",2,"Automóvil,Camión","Formosa ",3,1,0,0,2,0,0,,"Ruta","A012","ROLDÁN","San Lorenzo","Asfalto","Natural","XVII","Dentro","Rural","Ninguna","No existe","Recta","Bueno","Buena","Diurna","Buen Tiempo","Frontal","S/D","Colisión","S/D","Faltante","Ninguna","Sin restricción"
2015,2509,08/04/2015,"Miercoles",0,18:00:00,"Ruta Nacional 11","343.0",2,"Pickup/Utilitario,Moto/Ciclomotor"," ",2,1,0,0,1,0,0,,"Ruta",11,"TIMBÚES","San Lorenzo","Asfalto","Natural","XVII","Dentro","Urbana","Ninguna","No existe","Cruce","Deteriorada","Buena","Diurna","Buen Tiempo","De alcance","S/D","Colisión","Otro","Faltante","Ninguna","S/D"
2015,2510,21/04/2015,"Martes",0,08:50:00,,"0.0",2,"Moto/Ciclomotor,Pickup/Utilitario","Calle 40 - Formosa Y Calle 42 - Misiones",3,2,0,0,1,0,0,,"Calle",,"RECONQUISTA","General Obligado","Asfalto","Pavimento","IX","Dentro","Urbana","Ninguna","No existe","Recta","Bueno","Buena","Diurna","Buen Tiempo","Otro","S/D","Colisión","Ninguna","Faltante","Ninguna","Sin restricción"
2015,2511,26/04/2015,"Domingo",0,,,"0.0",2,"Otros,Automóvil","Pbro D Segundo Y Presidente Peron",2,1,0,0,1,0,0,,"Calle",,"VILLA CONSTITUCIÓN","Constitución","Asfalto","Pavimento","VI","Dentro","Urbana","Semáforo","Funciona","Intersección","S/D","Buena","Diurna","Buen Tiempo","Lateral","S/D","Colisión","S/D","Horizontal","Ninguna","Sin restricción"
2015,2512,10/04/2015,"Viernes",0,,,"0.0",2,"Moto/Ciclomotor,Automóvil","Juan Jose de Urquiza Y Salta",2,1,0,0,1,0,0,,"Calle",,"VILLA CONSTITUCIÓN","Constitución","Asfalto","Pavimento","VI","Dentro","Urbana","Ninguna","No existe","Intersección","Otro","Buena","Diurna","Buen Tiempo","Lateral","S/D","Colisión","Ninguna","Faltante","Ninguna","Sin restricción"
2015,2513,26/04/2015,"Domingo",0,01:30:00,,"0.0",2,"Automóvil,Pickup/Utilitario","Av San Martin Y Salta",3,1,0,0,2,0,0,,"Avenida",,"SAN LORENZO","San Lorenzo","Asfalto","S/D","XVII","Dentro","Urbana","S/D","S/D","Intersección","S/D","S/D","Nocturna","S/D","S/D","S/D","Colisión","S/D","S/D","S/D","S/D"
2015,2514,08/04/2015,"Miercoles",0,,,"0.0",2,"Moto/Ciclomotor,Automóvil","Belgrano Y Formosa",3,2,0,0,0,0,1,,"Calle",,"VILLA CONSTITUCIÓN","Constitución","Asfalto","Pavimento","VI","Dentro","Urbana","Ninguna","No existe","Intersección","Otro","Buena","Diurna","Buen Tiempo","Frontal","S/D","Colisión","Ninguna","Faltante","Ninguna","Sin restricción"
2015,2515,26/04/2015,"Domingo",0,19:30:00,,"0.0",2,"Pickup/Utilitario,Moto/Ciclomotor","Ing White Y Jose Marquez",2,1,0,0,1,0,0,,"Calle",,"SAN LORENZO","San Lorenzo","S/D","S/D","XVII","Dentro","Urbana","S/D","S/D","Intersección","S/D","S/D","Atardecer","S/D","S/D","S/D","Colisión","S/D","S/D","S/D","S/D"
2015,2516,03/04/2015,"Viernes",0,23:00:00,"Ruta Nacional 34","27.0",2,"Camión,Camión"," ",2,0,1,0,1,0,0,,"Ruta",34,"LUIS PALACIOS","San Lorenzo","Asfalto","Natural","XVII","Dentro","Rural","Marca Vial","No existe","Recta","Bueno","Buena","Nocturna","Buen Tiempo","De alcance","S/D","Colisión","Ninguna","Vertical","Línea divisoria pintada","Sin restricción"
2015,2517,08/04/2015,"Miercoles",0,,,"0.0",2,"Moto/Ciclomotor,Automóvil","14 de Febrero Y Guillermo Brown",2,1,0,0,1,0,0,,"Avenida",,"VILLA CONSTITUCIÓN","Constitución","Asfalto","Pavimento","VI","Dentro","Urbana","Ninguna","No existe","Intersección","Bueno","Buena","Diurna","Buen Tiempo","Frontal","S/D","Colisión","Ninguna","Faltante","Ninguna","Sin restricción"
2015,2518,29/04/2015,"Miercoles",0,02:50:00,"Ruta Provincial 10","0.0",2,"Camión,Camión","Y BV OROÑO ",2,1,0,0,0,0,1,,"Ruta",10,"SAN LORENZO","San Lorenzo","Asfalto","S/D","XVII","S/D","Urbana","S/D","S/D","Intersección","S/D","S/D","Nocturna","S/D","S/D","S/D","Colisión","S/D","S/D","S/D","S/D"
2015,2519,21/04/2015,"Martes",0,15:30:00,,"0.0",2,"Moto/Ciclomotor,Moto/Ciclomotor","Calle 47-Islas Malvinas Y Calle 50",3,2,0,0,1,0,0,,"Calle",,"RECONQUISTA","General Obligado","Asfalto","No existe","IX","Dentro","Urbana","Ninguna","No existe","Intersección","Bueno","Buena","Diurna","Buen Tiempo","Otro","S/D","Colisión","Ninguna","Faltante","Ninguna","Sin restricción"
2015,2520,22/04/2015,"Miercoles",0,,"Ruta Nacional A009","0.0",2,"Bicicleta,Automóvil","Ruta A-009 Y Calle 83",2,1,0,0,1,0,0,,"Ruta","A009","RECONQUISTA","General Obligado","Asfalto","Natural","IX","Fuera","Urbana","Ninguna","No existe","Recta","Bueno","S/D","S/D","S/D","Otro","S/D","Atropello","Ninguna","Faltante","S/D","Sin restricción"
2015,2521,10/04/2015,"Viernes",0,15:10:00,"Ruta Nacional A012","32.0",1,"Automóvil","Formosa ",2,2,0,0,0,0,0,,"Ruta","A012","ROLDÁN","San Lorenzo","Asfalto","Natural","XVII","Dentro","Rural","Ninguna","No existe","Recta","Bueno","Buena","Diurna","Buen Tiempo","S/D","S/D","Despiste","S/D","Vertical","Ninguna","Sin restricción"
2015,2522,12/04/2015,"Domingo",0,07:15:00,"Ruta Nacional A012","44.0",2,"Camión,Moto/Ciclomotor","Catamarca ",2,0,1,0,1,0,0,,"Ruta","A012","ROLDÁN","San Lorenzo","Asfalto","Natural","XVII","Dentro","Urbana","Ninguna","No existe","Recta","Bueno","Reducida","Amanecer","Buen Tiempo","Otro","S/D","Colisión","S/D","Vertical","Ninguna","S/D"
2015,2523,24/04/2015,"Viernes",0,09:00:00,,"0.0",2,"Automóvil,Moto/Ciclomotor","Calle 12 San Martin Y Calle 25-Rivadavia",4,2,0,0,2,0,0,,"Calle",,"RECONQUISTA","General Obligado","Asfalto","No existe","IX","S/D","Urbana","S/D","No existe","Recta","Bueno","Buena","Diurna","Buen Tiempo","S/D","S/D","Colisión","Ninguna","S/D","S/D","S/D"
2015,2524,23/04/2015,"Jueves",0,21:15:00,,"0.0",2,"Moto/Ciclomotor,Automóvil","Calle 24 - Olessio Y Calle 45-Islas Georgias del S",2,1,0,0,1,0,0,,"Calle",,"RECONQUISTA","General Obligado","Asfalto","No existe","IX","Dentro","Urbana","Ninguna","No existe","Intersección","Bueno","Buena","Nocturna,Con luz artificial","Buen Tiempo","Otro","S/D","Colisión","Ninguna","Faltante","Ninguna","Sin restricción"
2015,2525,08/05/2015,"Viernes",0,17:00:00,,"0.0",2,"Automóvil,Transporte de Pasajeros Urbano (> 8 asientos)","Av San Martin 300",3,0,0,0,1,0,2,,"S/D",,"SAN LORENZO","San Lorenzo","S/D","S/D","XVII","S/D","S/D","S/D","S/D","S/D","S/D","S/D","S/D","S/D","S/D","S/D","S/D","S/D","S/D","S/D","S/D"
2015,2526,25/04/2015,"Sabado",0,16:25:00,"Ruta Nacional 11","0.0",2,"Automóvil,Moto/Ciclomotor","Ruta Nacional 11 Y Calle 43",2,1,0,0,1,0,0,,"Ruta",11,"RECONQUISTA","General Obligado","Asfalto","Pavimento","IX","Dentro","Urbana","Ninguna","No existe","Intersección","Bueno","Buena","Diurna","Buen Tiempo","Otro","S/D","Colisión","Ninguna","Faltante","Línea divisoria pintada","Sin restricción"
2015,2527,27/04/2015,"Lunes",0,,,"0.0",1,"Moto/Ciclomotor","Calle 57-Prof Roberto Roveda 1800",2,2,0,0,0,0,0,,"Calle",,"RECONQUISTA","General Obligado","Tierra","No existe","IX","Dentro","Urbana","Ninguna","No existe","Recta","Bueno","S/D","S/D","Buen Tiempo","Otro","S/D","Caída ocupante","Ninguna","Faltante","S/D","Sin restricción"
2015,2528,01/05/2015,"Viernes",0,13:10:00,,"0.0",2,"Automóvil,Moto/Ciclomotor","Sargento Cabral Y Moreno",2,1,0,0,1,0,0,,"S/D",,"SAN LORENZO","San Lorenzo","S/D","S/D","XVII","S/D","S/D","S/D","S/D","S/D","S/D","S/D","S/D","S/D","S/D","S/D","S/D","S/D","S/D","S/D","S/D"
2015,2530,29/04/2015,"Miercoles",0,21:35:00,,"0.0",2,"Moto/Ciclomotor,Automóvil","Calle 75-Lisandro de la Torre Y Calle 12 San Martin",2,1,0,0,1,0,0,,"Calle",,"RECONQUISTA","General Obligado","Asfalto","No existe","IX","Dentro","Urbana","Ninguna","No existe","Intersección","Bueno","Buena","Nocturna,Con luz artificial","Buen Tiempo","Otro","S/D","Colisión","Ninguna","Faltante","Ninguna","Sin restricción"
2015,2531,08/04/2015,"Miercoles",0,17:00:00,,"0.0",2,"Automóvil,Transporte de Pasajeros Urbano (> 8 asientos)","Urquiza Y San Nicolas",3,2,0,0,1,0,0,,"Calle",,"ROSARIO","Rosario","Asfalto","No existe","II","S/D","Urbana","Ninguna","No existe","Recta","Bueno","Buena","Diurna","Buen Tiempo","S/D","S/D","Colisión","S/D","Faltante","Ninguna","Sin restricción"
2015,2532,17/04/2015,"Viernes",0,01:25:00,,"0.0",2,"Moto/Ciclomotor,Moto/Ciclomotor","Cordoba Y San Martin",2,2,0,0,0,0,0,,"Calle",,"MALABRIGO","General Obligado","Asfalto","S/D","IX","S/D","Urbana","Ninguna","S/D","Intersección","Bueno","S/D","Nocturna","Buen Tiempo","Lateral","S/D","Colisión","Ninguna","S/D","Ninguna","S/D"
2015,2533,20/04/2015,"Lunes",0,09:30:00,"Ruta Nacional A012","0.0",2,"Automóvil,Moto/Ciclomotor","RUTA NACIONA AO12 Y COLECTORA AUTOPISTA",2,1,0,0,1,0,0,,"Ruta","A012","ROLDÁN","San Lorenzo","Asfalto","Natural","XVII","Dentro","Urbana","Otra Señal","No existe","Intersección","Deteriorada","Buena","Diurna","Buen Tiempo","Lateral","S/D","Colisión","S/D","Vertical","Ninguna","Sin restricción"
2015,2534,10/05/2015,"Domingo",0,13:30:00,"Ruta Nacional 11","0.0",2,"Automóvil,Moto/Ciclomotor","AV SAN LORENZO Y CHACABUCO",2,1,0,0,1,0,0,,"Ruta",11,"CAPITÁN BERMÚDEZ","San Lorenzo","Asfalto","No existe","XVII","S/D","Urbana","S/D","No existe","Intersección","Bueno","Buena","Diurna","Buen Tiempo","Frontal","S/D","Colisión","S/D","S/D","Ninguna","S/D"
2015,2535,25/04/2015,"Sabado",0,02:20:00,"Ruta Nacional A012","39.0",2,"Automóvil,Camión","RUTA NACIONAL AO12 Y RUTA NACIONAL 9",2,0,1,0,1,0,0,,"Ruta","A012","ROLDÁN","San Lorenzo","Asfalto","Natural","XVII","Dentro","Urbana","Policía de tránsito","Intermitente","Intersección","Ahuellamiento","Reducida","Nocturna,Con luz artificial","Buen Tiempo","Lateral","S/D","Colisión","S/D","Vertical","Ninguna","S/D"
2015,2536,19/04/2015,"Domingo",0,09:50:00,,"0.0",2,"Automóvil,Bicicleta","Sarmiento Y 9 de julio",2,1,0,0,1,0,0,,"Calle",,"MALABRIGO","General Obligado","Asfalto","S/D","IX","S/D","Urbana","Ninguna","S/D","Intersección","Bueno","S/D","Diurna","Buen Tiempo","S/D","S/D","Atropello","Ninguna","Faltante","Ninguna","Sin restricción"