"anio_acci","nro_acci","fecha","desc_dia","fecha_aprox","hora_aprox","desc_ruta","km","cant_participantes","desc_participante","calle_avenida_km","total","heridos_leves","heridos_graves","heridos_gravisimos","ilesos","fallecidos","sin_datos","posicion_XY","desc_tipo_via","desc_ruta_ori","desc_loc","desc_dpto","desc_tipo_calzada","desc_tipo_banquina","desc_unidad_regional","desc_lugar_calzada","desc_zona","desc_prioridad","desc_estado_semaforo","desc_lugar_via","desc_estado_via","desc_estado_visibilidad","desc_luminosidad","desc_estado_clima","desc_tipo_colision","desc_tipo_atropello","desc_tipo_hecho","desc_pres_calzada","desc_senializacion","desc_separacion_via","desc_restriccion"
2015,2537,11/04/2015,"Sabado",0,01:30:00,,"0.0",2,"Moto/Ciclomotor,Moto/Ciclomotor","San Martin Y 1 de Mayo",2,2,0,0,0,0,0,,"Calle",,"MALABRIGO","General Obligado","Asfalto","No existe","IX","S/D","Urbana","S/D","No existe","Intersección","Bueno","Buena","Nocturna,Con luz artificial","S/D","S/D","S/D","Colisión","Ninguna","S/D","S/D","S/D"
2015,2538,07/05/2015,"Jueves",0,11:05:00,,"0.0",2,"Automóvil,Moto/Ciclomotor","Irigoyen Y Dr Ghio",2,1,0,0,1,0,0,,"S/D",,"SAN LORENZO","San Lorenzo","S/D","S/D","XVII","S/D","S/D","S/D","S/D","S/D","S/D","S/D","S/D","S/D","S/D","S/D","S/D","S/D","S/D","S/D","S/D"
2015,2539,06/04/2015,"Lunes",0,12:20:00,"Ruta Provincial 93","0.0",2,"Automóvil,Camión"," ",2,0,1,0,1,0,0,,"Ruta",93,"PUEBLO MIGUEL TORRES","General López","Asfalto","Natural","VIII","S/D","Rural","S/D","S/D","Recta","Con baches,Ahuellamiento","Buena","Diurna","Buen Tiempo","Frontal","S/D","Colisión","S/D","S/D","Cordón divisorio","S/D"
2015,2540,28/04/2015,"Martes",0,15:30:00,"Ruta Nacional 11","0.0",2,"Camión,Moto/Ciclomotor","Ruta Nac 11 ",3,2,0,0,1,0,0,,"Ruta",11,"SAN LORENZO","San Lorenzo","Asfalto","S/D","XVII","S/D","Urbana","S/D","S/D","Recta","Bueno","S/D","Diurna","S/D","S/D","S/D","S/D","S/D","S/D","S/D","S/D"
2015,2541,08/05/2015,"Viernes",0,20:30:00,,"0.0",2,"Automóvil,Moto/Ciclomotor","Urquiza Y Uriburu",2,0,0,0,1,0,1,,"S/D",,"SAN LORENZO","San Lorenzo","S/D","S/D","XVII","S/D","S/D","S/D","S/D","S/D","S/D","S/D","S/D","S/D","S/D","S/D","S/D","S/D","S/D","S/D","S/D"
2015,2542,04/04/2015,"Sabado",0,12:15:00,,"0.0",2,"Tren,Camión","Bv B Mitre Y Ferrocarril Belgrano",3,2,0,0,1,0,0,,"Avenida",,"SAN LORENZO","San Lorenzo","S/D","S/D","XVII","S/D","Urbana","Señal Pare","S/D","Paso a Nivel FFCC","S/D","S/D","Diurna","S/D","Lateral","S/D","Colisión","S/D","Vertical","S/D","S/D"
2015,2543,01/04/2015,"Miercoles",0,01:00:00,"Ruta Nacional 11","0.0",2,"Automóvil,Automóvil","Ruta Nac 11 331",2,1,0,0,1,0,0,,"Ruta",11,"SAN LORENZO","San Lorenzo","S/D","S/D","XVII","S/D","Urbana","S/D","S/D","Recta","S/D","S/D","Nocturna","S/D","S/D","S/D","S/D","S/D","S/D","S/D","S/D"
2015,2544,18/05/2015,"Lunes",0,11:20:00,,"0.0",1,"Moto/Ciclomotor","Republica Argentina Y Saavedra",1,0,1,0,0,0,0,,"Calle",,"TOSTADO","9 de Julio","Asfalto","Pavimento","XII","Dentro","Urbana","Ninguna","No existe","Intersección","Bueno","Buena","Diurna","Buen Tiempo","Contra objeto fijo","S/D","Colisión","S/D","Horizontal","S/D","Sin restricción"
2015,2545,23/05/2015,"Sabado",0,06:50:00,,"0.0",2,"Moto/Ciclomotor,Moto/Ciclomotor","Carlos Gardel Y Santo Domingo",2,1,1,0,0,0,0,,"Calle",,"TOSTADO","9 de Julio","Tierra","No existe","XII","Dentro","Urbana","Ninguna","No existe","Intersección","Bueno","Reducida","Amanecer","S/D","Lateral","S/D","Colisión","S/D","S/D","S/D","S/D"
2015,2546,09/05/2015,"Sabado",0,12:20:00,,"0.0",2,"Automóvil,Moto/Ciclomotor","Entre Rios Y General Lopez",2,1,0,0,1,0,0,,"Calle",,"SAN LORENZO","San Lorenzo","S/D","S/D","XVII","S/D","Urbana","S/D","S/D","S/D","S/D","S/D","Diurna","S/D","S/D","S/D","S/D","S/D","S/D","S/D","S/D"
2015,2548,24/04/2015,"Viernes",0,,,"0.0",2,"Moto/Ciclomotor,Automóvil","Presidente Peron Y Independencia",2,1,0,0,1,0,0,,"Avenida",,"VILLA CONSTITUCIÓN","Constitución","Hormigón","Pavimento","VI","Dentro","Urbana","Ninguna","No existe","Intersección","Bueno","Buena","Diurna","Buen Tiempo","Frontal","S/D","Colisión","Ninguna","Faltante","Ninguna","Sin restricción"
2015,2549,10/04/2015,"Viernes",0,03:30:00,"Ruta Nacional A012","61.5",2,"Camión,Moto/Ciclomotor"," ",2,0,1,0,1,0,0,,"Ruta","A012","RICARDONE","San Lorenzo","Asfalto","Natural","XVII","Dentro","Urbana","Ninguna","S/D","Recta","Bueno","Buena","Amanecer","Buen Tiempo","Otro","S/D","Colisión","Ninguna","S/D","Ninguna","S/D"
2015,2550,19/04/2015,"Domingo",0,,,"0.0",2,"Moto/Ciclomotor,Automóvil","Entre Rios Y San Martin",4,3,0,0,1,0,0,,"Avenida",,"VILLA CONSTITUCIÓN","Constitución","Hormigón","Pavimento","VI","Dentro","Urbana","Ninguna","No existe","Intersección","Bueno","Buena","Diurna","Buen Tiempo","Frontal","S/D","Colisión","Ninguna","Faltante","Ninguna","Sin restricción"
2015,2551,11/05/2015,"Lunes",0,07:20:00,,"0.0",2,"Moto/Ciclomotor,Moto/Ciclomotor","Tte. roca Y Bv Oroño",2,1,0,0,1,0,0,,"Calle",,"SAN LORENZO","San Lorenzo","S/D","S/D","XVII","S/D","Urbana","S/D","S/D","S/D","S/D","S/D","Diurna","S/D","S/D","S/D","S/D","S/D","S/D","S/D","S/D"
2015,2553,13/05/2015,"Miercoles",0,08:40:00,,"0.0",2,"Automóvil,Moto/Ciclomotor","Av Carlos A Poucel Y Jose Ingenieros",2,1,0,0,1,0,0,,"Avenida",,"SAN LORENZO","San Lorenzo","S/D","S/D","XVII","S/D","Urbana","S/D","S/D","S/D","S/D","S/D","Diurna","S/D","S/D","S/D","S/D","S/D","S/D","S/D","S/D"
2015,2554,19/04/2015,"Domingo",0,,,"0.0",2,"Moto/Ciclomotor,Automóvil","Catamarca Y Manuel Dorrego",3,2,0,0,1,0,0,,"Avenida",,"VILLA CONSTITUCIÓN","Constitución","Asfalto","Pavimento","VI","Dentro","Urbana","Ninguna","No existe","Intersección","Bueno","Buena","Diurna","Buen Tiempo","Lateral","S/D","Colisión","Ninguna","Faltante","Ninguna","Sin restricción"
2015,2556,06/04/2015,"Lunes",0,,,"0.0",2,"Moto/Ciclomotor,Moto/Ciclomotor","General Lopez Y Belgrano",2,1,0,0,1,0,0,,"Calle",,"SAN LORENZO","San Lorenzo","S/D","S/D","XVII","S/D","Urbana","S/D","S/D","S/D","S/D","S/D","S/D","S/D","S/D","S/D","Colisión","S/D","S/D","S/D","S/D"
2015,2557,13/05/2015,"Miercoles",0,15:40:00,,"0.0",2,"Transporte de Pasajeros Urbano (> 8 asientos),Moto/Ciclomotor","Santiago del Estero Y Brown",3,2,0,0,1,0,0,,"Calle",,"SAN LORENZO","San Lorenzo","S/D","S/D","XVII","S/D","S/D","S/D","S/D","S/D","S/D","S/D","Diurna","S/D","S/D","S/D","S/D","S/D","S/D","S/D","S/D"
2015,2559,07/04/2015,"Martes",0,20:15:00,,"0.0",2,"Moto/Ciclomotor,Automóvil","Sarmiento Y Moreno",2,0,1,0,1,0,0,,"Calle",,"CARCARAÑÁ","San Lorenzo","Hormigón","S/D","XVII","Dentro","Urbana","Ninguna","No existe","Intersección","Bueno","S/D","Nocturna","Buen Tiempo","Frontal","S/D","Colisión","Ninguna","S/D","Ninguna","Sin restricción"
2015,2560,06/04/2015,"Lunes",0,21:30:00,,"0.0",2,"Automóvil,Moto/Ciclomotor","Av San Martin 1200",3,1,0,0,2,0,0,,"Avenida",,"SAN LORENZO","San Lorenzo","Asfalto","No existe","XVII","S/D","Urbana","S/D","S/D","S/D","S/D","S/D","Nocturna","S/D","S/D","S/D","Colisión","S/D","S/D","S/D","S/D"
2015,2561,18/04/2015,"Sabado",0,11:30:00,"Ruta Secundaria 26-s","0.0",2,"Automóvil,Automóvil"," ",3,3,0,0,0,0,0,,"Ruta","26-s","CARCARAÑÁ","San Lorenzo","Asfalto","No existe","XVII","Dentro","Rural","Ninguna","No existe","Recta","Bueno","S/D","Diurna","Buen Tiempo","De alcance","S/D","Colisión","Ninguna","S/D","Ninguna","Sin restricción"
2015,2562,08/04/2015,"Miercoles",0,09:30:00,,"0.0",2,"Camión,Moto/Ciclomotor","N Peña Y Suipacha",2,1,0,0,1,0,0,,"Calle",,"SAN LORENZO","San Lorenzo","S/D","S/D","XVII","S/D","Urbana","S/D","S/D","S/D","S/D","S/D","Diurna","S/D","S/D","S/D","Colisión","S/D","S/D","S/D","S/D"
2015,2563,25/05/2015,"Lunes",0,18:30:00,,"0.0",1,"Moto/Ciclomotor","camino rural ",1,1,0,0,0,0,0,,"Camino Rural",,"LOGROÑO","9 de Julio","Tierra","No existe","XII","S/D","Rural","Ninguna","No existe","Recta","Bueno","Buena","Diurna","Buen Tiempo","S/D","S/D","Despiste","Ninguna","Faltante","Ninguna","S/D"
2015,2564,17/04/2015,"Viernes",0,,,"0.0",2,"Moto/Ciclomotor,Automóvil","Manuel Dorrego Y Catamarca",3,1,0,0,1,0,1,,"Avenida",,"VILLA CONSTITUCIÓN","Constitución","Asfalto","Pavimento","VI","Dentro","Urbana","Ninguna","No existe","Intersección","Bueno","Buena","Diurna","Buen Tiempo","Lateral","S/D","Colisión","Ninguna","Faltante","Ninguna","Sin restricción"
2015,2565,06/04/2015,"Lunes",0,22:50:00,,"0.0",2,"Moto/Ciclomotor,Transporte de Pasajeros Urbano (> 8 asientos)","Av San Martin Y Moreno",2,1,0,0,1,0,0,,"Avenida",,"FRAY LUIS BELTRÁN","San Lorenzo","Asfalto","Ripio","XVII","Dentro","Urbana","Ninguna","No existe","Recta","Bueno","Buena","Nocturna,Con luz artificial","Buen Tiempo","Frontal","S/D","Colisión","S/D","Faltante","Ninguna","Sin restricción"
2015,2566,18/05/2015,"Lunes",0,22:30:00,,"0.0",2,"Moto/Ciclomotor,Moto/Ciclomotor","Dorrego Y Moreno",2,1,0,0,1,0,0,,"Calle",,"SAN LORENZO","San Lorenzo","S/D","S/D","XVII","S/D","Urbana","S/D","S/D","S/D","S/D","S/D","Nocturna","S/D","S/D","S/D","S/D","S/D","S/D","S/D","S/D"
2015,2567,10/04/2015,"Viernes",0,21:00:00,,"0.0",2,"Automóvil,Automóvil","Uriburu Y Francia",2,1,0,0,0,0,1,,"Calle",,"SAN LORENZO","San Lorenzo","S/D","S/D","XVII","S/D","Urbana","S/D","S/D","S/D","S/D","S/D","S/D","S/D","S/D","S/D","Colisión","S/D","S/D","S/D","S/D"
2015,2568,23/05/2015,"Sabado",0,01:30:00,,"0.0",2,"Moto/Ciclomotor,Moto/Ciclomotor","Belgrano Y Saavedra",2,2,0,0,0,0,0,,"Calle",,"TOSTADO","9 de Julio","Asfalto","No existe","XII","Dentro","Urbana","Ninguna","No existe","Intersección","Bueno","Buena","Nocturna","Buen Tiempo","Frontal","S/D","Colisión","Ninguna","Faltante","Cordón divisorio","Sin restricción"
2015,2569,02/04/2015,"Jueves",0,19:20:00,,"0.0",2,"Moto/Ciclomotor,Pickup/Utilitario","Velez Sarsfield Y Jose Marquez",2,1,0,0,0,0,1,,"S/D",,"SAN LORENZO","San Lorenzo","S/D","S/D","XVII","S/D","S/D","S/D","S/D","S/D","S/D","S/D","Atardecer","S/D","S/D","S/D","S/D","S/D","S/D","S/D","S/D"
2015,2570,16/05/2015,"Sabado",0,16:25:00,,"0.0",2,"Automóvil,Automóvil","Av Gral San Martin Y Gral Belgrano",2,1,0,0,1,0,0,,"Avenida",,"GOBERNADOR CRESPO","San Justo","Asfalto","S/D","XVI","S/D","Urbana","Ninguna","No existe","Intersección","Bueno","Buena","Diurna","Buen Tiempo","Lateral","S/D","Colisión","Ninguna","Faltante","Ninguna","Sin restricción"
2015,2571,05/04/2015,"Domingo",0,16:15:00,,"0.0",2,"Moto/Ciclomotor,Moto/Ciclomotor","Guayaquil Y Zevallos",2,2,0,0,0,0,0,,"Calle",,"FRAY LUIS BELTRÁN","San Lorenzo","Asfalto","No existe","XVII","Dentro","Urbana","Ninguna","No existe","Intersección","Resbaladiza,Deteriorada","Buena","Diurna","S/D","Lateral","S/D","Colisión","Agua","Faltante","Ninguna","Sin restricción"
2015,2572,15/05/2015,"Viernes",0,19:45:00,"Ruta Nacional 98","0.0",1,"Moto/Ciclomotor","RUTA 98 Y RUTA 95",1,0,1,0,0,0,0,,"Ruta",98,"TOSTADO","9 de Julio","Asfalto","S/D","XII","S/D","Urbana","Ninguna","No existe","Intersección","Bueno","Buena","Con luz artificial","Buen Tiempo","Otro","S/D","Caída ocupante","Ninguna","S/D","S/D","Sin restricción"
2015,2573,03/04/2015,"Viernes",0,23:50:00,,"0.0",2,"Moto/Ciclomotor,Automóvil","Fausto Acosta Y San Romulo",3,1,0,0,2,0,0,,"Calle",,"GOBERNADOR CRESPO","San Justo","Ripio","No existe","XVI","Dentro","Urbana","Ninguna","No existe","Intersección","Bueno","Reducida","Nocturna","Buen Tiempo","S/D","S/D","Colisión","Ninguna","Faltante","Ninguna","Sin restricción"
2015,2574,09/05/2015,"Sabado",0,21:45:00,,"0.0",2,"Moto/Ciclomotor,Peatón","La Pampa Y Entre Rios",2,1,1,0,0,0,0,,"Calle",,"TOSTADO","9 de Julio","Ripio","Ripio","XII","Dentro","Urbana","Ninguna","No existe","Recta","Bueno","Reducida","S/D","Buen Tiempo","Frontal","S/D","Atropello","Ninguna","S/D","Ninguna","S/D"
2015,2575,06/04/2015,"Lunes",0,,,"0.0",2,"Moto/Ciclomotor,Automóvil","San Martin Y Cordoba",2,1,0,0,1,0,0,,"Avenida",,"VILLA CONSTITUCIÓN","Constitución","Hormigón","Pavimento","VI","Dentro","Urbana","Ninguna","No existe","Intersección","Bueno","Buena","Diurna","Buen Tiempo","Lateral","S/D","Colisión","Ninguna","Faltante","Ninguna","Sin restricción"
2015,2576,06/04/2015,"Lunes",0,,,"0.0",2,"Moto/Ciclomotor,Automóvil","Rivadavia Y Cordoba",2,1,0,0,1,0,0,,"Calle",,"VILLA CONSTITUCIÓN","Constitución","Asfalto","Pavimento","VI","Dentro","Urbana","Ninguna","No existe","Intersección","Bueno","Buena","Diurna","Buen Tiempo","Lateral","S/D","Colisión","Ninguna","Faltante","Ninguna","Sin restricción"
2015,2577,13/04/2015,"Lunes",0,14:50:00,,"0.0",2,"Automóvil,Tren","B de Astrada Y Ferrocarril Mitre",2,1,0,0,1,0,0,,"Calle",,"SAN LORENZO","San Lorenzo","Asfalto","No existe","XVII","S/D","Urbana","S/D","S/D","Paso a Nivel FFCC","S/D","S/D","Diurna","S/D","S/D","S/D","Colisión","S/D","S/D","S/D","S/D"
2015,2578,23/05/2015,"Sabado",0,23:00:00,"Ruta Nacional 95","818.0",1,"Camión"," ",1,1,0,0,0,0,0,,"Ruta",95,"POZO BORRADO","9 de Julio","Asfalto","Natural","XII","Fuera","Rural","Ninguna","No existe","Recta","Bueno","Buena","Nocturna","Buen Tiempo","Otro","S/D","Vuelco","Ninguna","Vertical","Línea divisoria pintada","Sin restricción"
2015,2579,10/04/2015,"Viernes",0,17:10:00,,"0.0",2,"Moto/Ciclomotor,Automóvil","Comodoro Rivadavia Y Independencia",3,1,0,0,2,0,0,,"Calle",,"VILLA CONSTITUCIÓN","Constitución","Asfalto","S/D","VI","S/D","Urbana","S/D","S/D","Intersección","Bueno","Buena","Diurna","Buen Tiempo","S/D","S/D","Colisión","S/D","S/D","S/D","S/D"
2015,2580,22/04/2015,"Miercoles",0,08:40:00,,"0.0",2,"Bicicleta,Automóvil","Guillermo Brown Y Neuquen",2,0,1,0,0,0,1,,"S/D",,"VILLA CONSTITUCIÓN","Constitución","Asfalto","S/D","VI","S/D","S/D","S/D","S/D","Intersección","Bueno","Buena","Diurna","Buen Tiempo","Frontal","S/D","Colisión","S/D","S/D","S/D","S/D"
2015,2581,13/04/2015,"Lunes",0,13:45:00,,"0.0",2,"Automóvil,Moto/Ciclomotor","3 de Febrero Y Dorrego",3,2,0,0,1,0,0,,"S/D",,"SAN LORENZO","San Lorenzo","S/D","S/D","XVII","S/D","S/D","S/D","S/D","Recta","S/D","S/D","S/D","S/D","S/D","S/D","Colisión","S/D","S/D","S/D","S/D"
2015,2582,16/04/2015,"Jueves",0,14:00:00,"Ruta Provincial 39","70.0",1,"Automóvil"," ",2,1,0,0,1,0,0,,"Ruta",39,"COLONIA DOLORES","San Justo","Ripio","Natural","XVI","S/D","Rural","Ninguna","No existe","Recta","Bueno","Buena","Diurna","Buen Tiempo","S/D","S/D","Vuelco","Ninguna","S/D","Ninguna","Sin restricción"
2015,2583,23/04/2015,"Jueves",0,20:45:00,,"0.0",2,"Automóvil,Moto/Ciclomotor","Formosa Y Chaco",2,1,0,0,0,0,1,,"S/D",,"VILLA CONSTITUCIÓN","Constitución","Asfalto","S/D","VI","S/D","S/D","S/D","S/D","S/D","Bueno","Buena","Nocturna","Buen Tiempo","Lateral","S/D","Colisión","S/D","S/D","S/D","S/D"
2015,2584,04/04/2015,"Sabado",0,11:20:00,,"0.0",2,"Pickup/Utilitario,Moto/Ciclomotor","Espa±a Y San Martin",3,1,0,0,2,0,0,,"Calle",,"VERA","Vera","Asfalto","No existe","XIX","Dentro","Urbana","Ninguna","No existe","Intersección","Bueno","Buena","Diurna","Buen Tiempo","Lateral","S/D","Colisión","Otro","Faltante","Ninguna","Sin restricción"
2015,2585,25/04/2015,"Sabado",0,12:50:00,,"0.0",2,"Moto/Ciclomotor,Pickup/Utilitario","Italia Y San Martin",3,2,0,0,1,0,0,,"Avenida",,"VILLA CONSTITUCIÓN","Constitución","Asfalto","S/D","VI","S/D","Urbana","S/D","S/D","Intersección","Bueno","Buena","Diurna","Buen Tiempo","Lateral","S/D","Colisión","S/D","S/D","S/D","S/D"
2015,2586,10/04/2015,"Viernes",0,19:40:00,,"0.0",2,"Automóvil,Moto/Ciclomotor","Av San Martin Y Cordoba",4,2,0,0,0,0,2,,"S/D",,"PUERTO SAN MARTÍN","San Lorenzo","Asfalto","No existe","XVII","S/D","S/D","Ninguna","No existe","Intersección","Bueno","Buena","Atardecer","Buen Tiempo","De alcance","S/D","Colisión","Ninguna","Horizontal","Ninguna","Sin restricción"
2015,2587,12/04/2015,"Domingo",0,05:30:00,,"0.0",2,"Automóvil,Moto/Ciclomotor","San Martin Y Alvear",3,2,0,0,1,0,0,,"Calle",,"VERA","Vera","Asfalto","No existe","XIX","Dentro","Urbana","Ninguna","No existe","Recta","Bueno","Buena","Diurna","Buen Tiempo","Lateral","S/D","Colisión","Otro","S/D","Ninguna","Sin restricción"
2015,2588,14/04/2015,"Martes",0,09:30:00,,"0.0",1,"Moto/Ciclomotor","General Lopez Y Salta",2,1,0,0,0,0,1,,"S/D",,"SAN LORENZO","San Lorenzo","S/D","S/D","XVII","S/D","S/D","S/D","S/D","S/D","S/D","S/D","Diurna","S/D","S/D","S/D","S/D","S/D","S/D","S/D","S/D"
2015,2589,13/04/2015,"Lunes",0,13:50:00,,"0.0",2,"Moto/Ciclomotor,Automóvil","25 de Mayo Y G Kirk",5,2,0,0,3,0,0,,"Calle",,"PUERTO SAN MARTÍN","San Lorenzo","Asfalto","No existe","XVII","Dentro","Urbana","Ninguna","No existe","Intersección","Bueno","Buena","Diurna","Buen Tiempo","Lateral","S/D","Colisión","Ninguna","Horizontal","Ninguna","Sin restricción"
2015,2590,15/04/2015,"Miercoles",0,18:35:00,,"0.0",2,"Pickup/Utilitario,Otros","A Lezama 1672",2,1,0,0,1,0,0,,"Calle",,"VERA","Vera","Asfalto","No existe","XIX","Dentro","Urbana","Ninguna","No existe","Recta","Bueno","Buena","Diurna","Buen Tiempo","Lateral","S/D","Colisión","Otro","Faltante","Ninguna","Sin restricción"
2015,2591,24/05/2015,"Domingo",0,17:45:00,"Ruta Nacional 95","0.0",2,"Pickup/Utilitario,Moto/Ciclomotor"," ",5,0,0,1,3,1,0,"-28.615367, -61.520012","Ruta",95,"VILLA MINETTI","9 de Julio","Asfalto","Natural","XII","Dentro","Rural","Ninguna","No existe","Recta","Bueno","Buena","Diurna","Buen Tiempo","Frontal","S/D","Colisión","S/D","S/D","Línea divisoria pintada","Sin restricción"
2015,2592,18/04/2015,"Sabado",0,,,"0.0",2,"Automóvil,Moto/Ciclomotor","Mitre B Y Colon",3,1,0,0,2,0,0,,"Calle",,"VERA","Vera","Asfalto","No existe","XIX","Dentro","Urbana","Ninguna","No existe","Intersección","Bueno","Buena","Diurna","Buen Tiempo","Lateral","S/D","Colisión","S/D","Faltante","Ninguna","Sin restricción"
2015,2593,03/05/2015,"Domingo",0,,,"0.0",2,"Moto/Ciclomotor,Moto/Ciclomotor","Av San Martin Y Catamarca",4,2,0,0,2,0,0,,"Avenida",,"SAN LORENZO","San Lorenzo","S/D","S/D","XVII","S/D","Urbana","S/D","S/D","S/D","S/D","S/D","S/D","S/D","S/D","S/D","Colisión","S/D","S/D","S/D","S/D"
2015,2594,17/04/2015,"Viernes",0,10:10:00,,"0.0",2,"Camión,Peatón","J J Paso Y Jujuy",2,1,0,0,1,0,0,,"Calle",,"FORTÍN OLMOS","Vera","Tierra","Natural","XIX","S/D","Urbana","Ninguna","No existe","Intersección","S/D","Reducida polvo","Diurna","Buen Tiempo","S/D","S/D","Atropello","S/D","Faltante","Vegetación","Sin restricción"
2015,2595,17/04/2015,"Viernes",0,,"Ruta Nacional A012","0.0",2,"Automóvil,Tren"," ",4,3,0,0,1,0,0,,"Ruta","A012","SAN LORENZO","San Lorenzo","S/D","S/D","XVII","S/D","Urbana","S/D","S/D","S/D","S/D","S/D","S/D","S/D","S/D","S/D","Colisión","S/D","S/D","S/D","S/D"
2015,2596,19/04/2015,"Domingo",0,23:30:00,,"0.0",2,"Pickup/Utilitario,Moto/Ciclomotor","San Martin ",3,1,0,0,2,0,0,,"Calle",,"MARGARITA","Vera","Asfalto","No existe","XIX","S/D","Urbana","Ninguna","No existe","Intersección","Bueno","Buena","Nocturna,Con luz artificial","Buen Tiempo","Lateral","S/D","Colisión","Ninguna","S/D","Cordón divisorio","Sin restricción"
2015,2597,26/04/2015,"Domingo",0,19:50:00,,"0.0",2,"Moto/Ciclomotor,Bicicleta","L de la Torre Y Estanislao Lopez",2,2,0,0,0,0,0,,"Calle",,"VERA","Vera","Asfalto","No existe","XIX","Dentro","Urbana","Ninguna","No existe","Intersección","Con baches","Buena","Diurna","Buen Tiempo","S/D","S/D","Atropello","S/D","Faltante","Ninguna","Sin restricción"
2015,2598,14/04/2015,"Martes",0,12:10:00,,"0.0",2,"Automóvil,Moto/Ciclomotor"," ",3,2,0,0,0,0,1,,"Calle",,"RECONQUISTA","General Obligado","Asfalto","No existe","IX","Dentro","Urbana","Ninguna","Funciona","Recta","Bueno","Buena","Diurna","Buen Tiempo","Lateral","S/D","Colisión","S/D","Horizontal","Ninguna","Sin restricción"
2015,2599,20/04/2015,"Lunes",0,01:00:00,,"0.0",2,"Automóvil,Moto/Ciclomotor","Urquiza Y General Lopez",3,2,0,0,1,0,0,,"S/D",,"SAN LORENZO","San Lorenzo","S/D","S/D","XVII","S/D","S/D","S/D","S/D","S/D","S/D","S/D","Nocturna","S/D","S/D","S/D","S/D","S/D","S/D","S/D","S/D"
2015,2600,06/04/2015,"Lunes",0,17:45:00,,"0.0",2,"Moto/Ciclomotor,Camión"," ",2,1,0,0,0,0,1,,"Calle",,"RECONQUISTA","General Obligado","Asfalto","No existe","IX","Dentro","Urbana","Ninguna","No existe","Curva","Bueno","Buena","Diurna","Buen Tiempo","Frontal","S/D","Colisión","S/D","Horizontal","Ninguna","Sin restricción"
2015,2601,14/05/2015,"Jueves",0,13:05:00,"Ruta Nacional 95","844.0",2,"Pickup/Utilitario,Automóvil"," ",5,1,2,0,2,0,0,,"Ruta",95,"SAN BERNARDO","9 de Julio","Asfalto","Ripio","XII","Dentro","S/D","Marca Vial","No existe","Recta","Bueno","Buena","Diurna","Buen Tiempo","Frontal","S/D","Colisión","Ninguna","Horizontal,Vertical","Línea divisoria pintada","Sin restricción"
2015,2602,03/05/2015,"Domingo",0,10:40:00,"Ruta Nacional 11","0.0",2,"Automóvil,Moto/Ciclomotor","AV SAN LORENZO Y ESCALADA",2,1,0,0,1,0,0,,"Ruta",11,"CAPITÁN BERMÚDEZ","San Lorenzo","Asfalto","No existe","XVII","Dentro","Urbana","S/D","S/D","Intersección","Bueno","Buena","Diurna","Buen Tiempo","Frontal","S/D","Colisión","S/D","S/D","Ninguna","Sin restricción"
2015,2603,27/04/2015,"Lunes",0,21:30:00,"Ruta Nacional 34","109.0",6,"Camión,Camión,Camión,Camión,Camión,Camión"," ",6,0,1,0,5,0,0,,"Ruta",34,"LAS BANDURRIAS","San Martín","Asfalto","Natural","XVIII","Dentro","Rural","Ninguna","No existe","Recta","Bueno","Buena","Nocturna","Buen Tiempo","Múltiple","S/D","Colisión","Ninguna","Vertical","Línea divisoria pintada","Sin restricción"
2015,2604,07/04/2015,"Martes",0,19:50:00,,"0.0",2,"Moto/Ciclomotor,Automóvil"," ",2,1,0,0,1,0,0,,"Calle",,"RECONQUISTA","General Obligado","Asfalto","Pavimento","IX","Dentro","Urbana","Ninguna","No existe","Intersección","Bueno","Buena","Diurna","Buen Tiempo","S/D","S/D","Colisión","S/D","Vertical","Cordón divisorio","Sin restricción"
2015,2605,07/05/2015,"Jueves",0,13:50:00,,"0.0",2,"Automóvil,Moto/Ciclomotor","Clemente Albelo Y Suiza",2,1,0,0,1,0,0,,"Calle",,"SAN LORENZO","San Lorenzo","Tierra","S/D","XVII","S/D","Urbana","S/D","S/D","Intersección","S/D","S/D","Diurna","S/D","S/D","S/D","Colisión","S/D","S/D","S/D","S/D"
2015,2606,23/04/2015,"Jueves",0,15:15:00,"Ruta Provincial 90","110.5",1,"Automóvil"," ",2,2,0,0,0,0,0,,"Ruta",90,"MELINCUÉ","General López","Asfalto","Natural","VIII","Fuera","Rural","Ninguna","No existe","Recta","Bueno","Buena","Diurna","Buen Tiempo","S/D","S/D","Vuelco","Ninguna","Faltante","Línea divisoria pintada","Sin restricción"
2015,2607,09/04/2015,"Jueves",0,02:05:00,"Ruta Provincial 90","98.0",2,"Automóvil,Camión"," ",2,1,0,0,1,0,0,,"Ruta",90,"MELINCUÉ","General López","Asfalto","Natural","VIII","Dentro","S/D","Ninguna","No existe","Recta","Bueno","Buena","Nocturna","Buen Tiempo","De alcance","S/D","Colisión","Ninguna","Faltante","Línea divisoria pintada","Sin restricción"
2015,2608,08/05/2015,"Viernes",0,13:30:00,,"0.0",2,"Automóvil,Moto/Ciclomotor","Tucuman Y Rioja",2,1,0,0,1,0,0,,"Calle",,"CAPITÁN BERMÚDEZ","San Lorenzo","Asfalto","No existe","XVII","Dentro","Urbana","S/D","No existe","Intersección","Bueno","Buena","Diurna","Buen Tiempo","Frontal","S/D","Colisión","S/D","Faltante","Ninguna","Sin restricción"
2015,2609,07/04/2015,"Martes",0,17:15:00,,"0.0",2,"Automóvil,Bicicleta"," ",2,1,0,0,1,0,0,,"Calle",,"RECONQUISTA","General Obligado","Asfalto","Pavimento","IX","Dentro","Urbana","Ninguna","No existe","Recta","Bueno","Buena","Diurna","Buen Tiempo","Frontal","S/D","Atropello","S/D","Vertical","Cordón divisorio","Sin restricción"
2015,2610,15/04/2015,"Miercoles",0,20:05:00,,"0.0",2,"Moto/Ciclomotor,Automóvil"," ",2,1,0,0,1,0,0,,"Calle",,"RECONQUISTA","General Obligado","Asfalto","Pavimento","IX","Dentro","Urbana","S/D","No existe","Intersección","Bueno","Buena","Atardecer","S/D","S/D","S/D","Colisión","S/D","Vertical","S/D","S/D"