"anio_acci","nro_acci","fecha","desc_dia","fecha_aprox","hora_aprox","desc_ruta","km","cant_participantes","desc_participante","calle_avenida_km","total","heridos_leves","heridos_graves","heridos_gravisimos","ilesos","fallecidos","sin_datos","posicion_XY","desc_tipo_via","desc_ruta_ori","desc_loc","desc_dpto","desc_tipo_calzada","desc_tipo_banquina","desc_unidad_regional","desc_lugar_calzada","desc_zona","desc_prioridad","desc_estado_semaforo","desc_lugar_via","desc_estado_via","desc_estado_visibilidad","desc_luminosidad","desc_estado_clima","desc_tipo_colision","desc_tipo_atropello","desc_tipo_hecho","desc_pres_calzada","desc_senializacion","desc_separacion_via","desc_restriccion"
2015,2611,13/05/2015,"Miercoles",0,20:40:00,"Ruta Nacional 11","0.0",2,"Automóvil,Moto/Ciclomotor","AV SAN LORENZO Y LEOPOLDO LUGONES",2,1,0,0,1,0,0,,"Ruta",11,"CAPITÁN BERMÚDEZ","San Lorenzo","Asfalto","No existe","XVII","Dentro","Urbana","S/D","No existe","Intersección","Bueno","Buena","Nocturna","Buen Tiempo","Frontal","S/D","Colisión","S/D","Faltante","Ninguna","Sin restricción"
2015,2612,05/04/2015,"Domingo",0,11:35:00,"Ruta Nacional 11","828.0",1,"Automóvil"," ",4,3,0,0,1,0,0,,"Ruta",11,"LAS GARZAS","General Obligado","Asfalto","S/D","IX","Fuera","Urbana","Ninguna","S/D","Recta","Bueno","S/D","Diurna","Buen Tiempo","Contra objeto fijo","S/D","Colisión","Ninguna","S/D","Línea divisoria pintada","Sin restricción"
2015,2613,13/04/2015,"Lunes",0,12:30:00,,"0.0",2,"Automóvil,Moto/Ciclomotor","9 de Julio ",2,1,0,0,1,0,0,,"Avenida",,"SAN LORENZO","San Lorenzo","Asfalto","S/D","XVII","Dentro","Urbana","S/D","S/D","Intersección","Bueno","Buena","Diurna","Buen Tiempo","Lateral","S/D","Colisión","S/D","S/D","S/D","S/D"
2015,2614,25/03/2015,"Miercoles",0,20:00:00,"Ruta Nacional 11","0.0",2,"Moto/Ciclomotor,Automóvil","Combate de San Lorenzo ",2,1,0,0,1,0,0,,"Ruta",11,"GOBERNADOR CRESPO","San Justo","Asfalto","Pavimento","XVI","Dentro","Urbana","Marca Vial","No existe","Intersección","Bueno","Buena","Nocturna","Otro","Frontal","S/D","Colisión","Agua","Faltante","Línea divisoria pintada","Sin restricción"
2015,2615,16/04/2015,"Jueves",0,10:00:00,,"0.0",2,"Moto/Ciclomotor,Automóvil","Calle 11-Alvear Y Calle 32 - Amenabar",2,0,1,0,1,0,0,,"Calle",,"RECONQUISTA","General Obligado","Asfalto","No existe","IX","Dentro","Urbana","Ninguna","No existe","Recta","Bueno","Buena","Diurna","Buen Tiempo","Lateral","S/D","Colisión","S/D","Faltante","Cordón divisorio","Sin restricción"
2015,2616,05/04/2015,"Domingo",0,06:20:00,,"0.0",2,"Automóvil,Moto/Ciclomotor","Tucuman ",2,1,0,0,1,0,0,,"Calle",,"SAN LORENZO","San Lorenzo","Asfalto","S/D","XVII","Dentro","Urbana","S/D","S/D","Intersección","Bueno","Buena","Amanecer","Buen Tiempo","Lateral","S/D","Colisión","S/D","S/D","S/D","Sin restricción"
2015,2617,08/05/2015,"Viernes",0,04:55:00,"Ruta Nacional 11","0.0",1,"Moto/Ciclomotor","Av San Martin Y Ledesma",1,1,0,0,0,0,0,,"Ruta",11,"SAN LORENZO","San Lorenzo","Asfalto","S/D","XVII","S/D","Urbana","S/D","S/D","Intersección","S/D","S/D","Nocturna","S/D","S/D","S/D","Caída ocupante","S/D","S/D","S/D","S/D"
2015,2618,21/04/2015,"Martes",0,18:00:00,"Ruta Secundaria 87-s","0.0",1,"Moto/Ciclomotor"," ",1,0,1,0,0,0,0,,"Ruta","87-s","MALABRIGO","General Obligado","Tierra","Natural","IX","Dentro","Rural","Ninguna","No existe","Recta","Bueno","Buena","Atardecer","Buen Tiempo","Otro","S/D","Caída ocupante","Otro","S/D","Ninguna","Sin restricción"
2015,2619,10/05/2015,"Domingo",0,04:35:00,"Ruta Nacional 11","0.0",2,"Automóvil,Moto/Ciclomotor","Av San Martin Y Luna",3,2,0,0,1,0,0,,"Ruta",11,"SAN LORENZO","San Lorenzo","Asfalto","S/D","XVII","S/D","Urbana","S/D","S/D","Intersección","Bueno","S/D","Nocturna","S/D","S/D","S/D","Colisión","S/D","S/D","S/D","S/D"
2015,2620,19/05/2015,"Martes",0,08:00:00,,"0.0",2,"Automóvil,Bicicleta","Richieri Y Dorrego",2,1,0,0,1,0,0,,"Calle",,"SAN LORENZO","San Lorenzo","S/D","S/D","XVII","Dentro","Urbana","S/D","S/D","Intersección","S/D","S/D","Diurna","S/D","S/D","S/D","Atropello","S/D","S/D","S/D","S/D"
2015,2621,04/04/2015,"Sabado",0,05:15:00,"Ruta Nacional 11","0.0",2,"Automóvil,Moto/Ciclomotor","SAN LORENZO Y 9 DE JULIO",2,1,0,0,1,0,0,,"Ruta",11,"CAPITÁN BERMÚDEZ","San Lorenzo","Asfalto","No existe","XVII","Dentro","Urbana","Ninguna","No existe","Intersección","Bueno","Buena","Diurna","Buen Tiempo","Frontal","S/D","Colisión","S/D","Faltante","Ninguna","Sin restricción"
2015,2622,03/04/2015,"Viernes",0,20:30:00,,"0.0",2,"Moto/Ciclomotor,Moto/Ciclomotor","Brown ",2,2,0,0,0,0,0,,"Calle",,"LA GALLARETA","Vera","Asfalto","S/D","XIX","Dentro","Urbana","Ninguna","No existe","Recta","Deteriorada","Buena","Nocturna","Buen Tiempo","Lateral","S/D","Colisión","Ninguna","Faltante","Ninguna","Sin restricción"
2015,2623,28/04/2015,"Martes",0,20:50:00,,"0.0",2,"Moto/Ciclomotor,Pickup/Utilitario","Calle 24-Alessio Y Calle 21-Gdor. iriondo",2,1,0,0,1,0,0,,"Calle",,"RECONQUISTA","General Obligado","Asfalto","No existe","IX","Dentro","Urbana","Ninguna","No existe","Recta","Bueno","Buena","Diurna","Buen Tiempo","Lateral","S/D","Colisión","Ninguna","Faltante","Cordón divisorio","Sin restricción"
2015,2624,20/05/2015,"Miercoles",0,08:15:00,,"0.0",2,"Automóvil,Bicicleta","3 de Febrero Y Tte. roca",3,1,0,0,2,0,0,,"Calle",,"SAN LORENZO","San Lorenzo","S/D","S/D","XVII","Dentro","Urbana","S/D","S/D","Intersección","S/D","S/D","Diurna","S/D","S/D","S/D","Atropello","S/D","S/D","S/D","S/D"
2015,2625,16/04/2015,"Jueves",0,12:40:00,,"0.0",2,"Moto/Ciclomotor,Moto/Ciclomotor","Calle 2-Constituyentes Y Calle 29-Alte Brown",3,3,0,0,0,0,0,,"Calle",,"RECONQUISTA","General Obligado","Tierra","Natural","IX","Dentro","Urbana","Ninguna","No existe","Intersección","Bueno","Buena","Diurna","Buen Tiempo","Lateral","S/D","Colisión","S/D","Faltante","Vegetación","Sin restricción"
2015,2626,11/05/2015,"Lunes",0,17:20:00,,"0.0",2,"Pickup/Utilitario,Moto/Ciclomotor","Clemente Albelo Y Genaro Roldan",2,2,0,0,0,0,0,,"Calle",,"SAN LORENZO","San Lorenzo","Asfalto","S/D","XVII","S/D","Urbana","S/D","S/D","Intersección","S/D","S/D","Diurna","S/D","S/D","S/D","Colisión","S/D","S/D","S/D","S/D"
2015,2627,19/04/2015,"Domingo",0,19:00:00,"Ruta Nacional 34","126.0",2,"Moto/Ciclomotor,Automóvil"," ",3,2,0,0,1,0,0,,"Ruta",34,"CAÑADA ROSQUÍN","San Martín","Asfalto","Natural","XVIII","Dentro","Rural","Ninguna","No existe","Recta","Bueno","Buena","Nocturna","Buen Tiempo","Otro","S/D","Caída ocupante,Colisión","Ninguna","Horizontal,Vertical","Línea divisoria pintada","Sin restricción"
2015,2628,25/04/2015,"Sabado",0,,"Autopista Nacional Rosario -Cordoba","326.0",1,"Automóvil"," ",4,0,0,0,0,0,4,,"Autopista","Rosario -Cordoba","SAN JERÓNIMO SUR","San Lorenzo","Asfalto","Natural","XVI","Dentro","S/D","S/D","S/D","Recta","Bueno","Buena","Diurna","Buen Tiempo","S/D","S/D","Despiste","S/D","S/D","S/D","Sin restricción"
2015,2629,20/04/2015,"Lunes",0,11:40:00,,"0.0",2,"Automóvil,Moto/Ciclomotor","G Araoz de Lamadrid Y D Gurel",2,1,0,0,1,0,0,,"S/D",,"SAN LORENZO","San Lorenzo","S/D","S/D","XVII","S/D","S/D","S/D","S/D","S/D","S/D","S/D","S/D","S/D","S/D","S/D","S/D","S/D","S/D","S/D","S/D"
2015,2630,15/05/2015,"Viernes",0,20:45:00,"Ruta Nacional 11","0.0",2,"Automóvil,Moto/Ciclomotor","Av San Martin Y Luna",2,1,0,0,1,0,0,,"Ruta",11,"SAN LORENZO","San Lorenzo","Asfalto","S/D","XVII","S/D","Urbana","S/D","S/D","Intersección","S/D","S/D","Nocturna","S/D","S/D","S/D","Colisión","S/D","S/D","S/D","S/D"
2015,2631,23/04/2015,"Jueves",0,,,"0.0",1,"Moto/Ciclomotor","Calle 7-Sarmiento Y Calle 7-Sarmiento",2,1,0,0,1,0,0,,"Calle",,"RECONQUISTA","General Obligado","Asfalto","No existe","IX","S/D","Urbana","Ninguna","No existe","Intersección","Bueno","Buena","Diurna","Buen Tiempo","Frontal","S/D","Colisión","Ninguna","Faltante","Cordón divisorio","Sin restricción"
2015,2632,20/05/2015,"Miercoles",0,11:35:00,,"0.0",2,"Automóvil,Moto/Ciclomotor","Velez Sarsfield Y Jose Marquez",2,1,0,0,1,0,0,,"Calle",,"SAN LORENZO","San Lorenzo","S/D","S/D","XVII","Dentro","Urbana","S/D","S/D","Intersección","S/D","S/D","Diurna","S/D","Lateral","S/D","Colisión","S/D","S/D","S/D","S/D"
2015,2633,22/04/2015,"Miercoles",0,10:20:00,,"0.0",2,"Pickup/Utilitario,Moto/Ciclomotor","Eva Peron Y Fray Peña",2,1,0,0,1,0,0,,"S/D",,"SAN LORENZO","San Lorenzo","S/D","S/D","XVII","S/D","S/D","S/D","S/D","S/D","S/D","S/D","Diurna","S/D","S/D","S/D","S/D","S/D","S/D","S/D","S/D"
2015,2634,15/05/2015,"Viernes",0,12:20:00,,"0.0",2,"Camión,Pickup/Utilitario","BOLIVIA Y BV. OROÑO",2,1,0,0,1,0,0,,"Calle",,"SAN LORENZO","San Lorenzo","Asfalto","S/D","XVII","S/D","Urbana","S/D","S/D","Intersección","Bueno","S/D","Diurna","S/D","S/D","S/D","Colisión","S/D","S/D","S/D","S/D"
2015,2635,04/04/2015,"Sabado",0,20:00:00,"Ruta Secundaria 40-s","75.3",1,"Pickup/Utilitario"," ",2,0,0,0,1,0,1,,"Ruta","40-s","FORTÍN OLMOS","Vera","S/D","S/D","XIX","S/D","S/D","S/D","S/D","Recta","S/D","S/D","S/D","S/D","S/D","S/D","S/D","S/D","S/D","S/D","S/D"
2015,2636,23/04/2015,"Jueves",0,16:00:00,,"16.0",2,"Moto/Ciclomotor,Peatón"," ",2,1,0,0,1,0,0,,"S/D",,"SAN LORENZO","San Lorenzo","S/D","S/D","XVII","S/D","S/D","S/D","S/D","S/D","S/D","S/D","Diurna","S/D","S/D","S/D","Atropello","S/D","S/D","S/D","S/D"
2015,2637,08/04/2015,"Miercoles",0,19:25:00,,"0.0",1,"Moto/Ciclomotor"," ",1,1,0,0,0,0,0,,"Camino Rural",,"SAN JERÓNIMO SUR","San Lorenzo","Tierra","S/D","XVII","S/D","Rural","S/D","S/D","Intersección","S/D","S/D","Atardecer","Buen Tiempo","Atropello animal","S/D","Colisión","S/D","Faltante","S/D","S/D"
2015,2638,24/04/2015,"Viernes",0,,,"0.0",2,"Moto/Ciclomotor,Moto/Ciclomotor"," ",3,1,0,0,1,0,1,,"S/D",,"SAN LORENZO","San Lorenzo","S/D","S/D","XVII","S/D","S/D","S/D","S/D","S/D","S/D","S/D","S/D","S/D","S/D","S/D","S/D","S/D","S/D","S/D","S/D"
2015,2639,16/04/2015,"Jueves",0,,,"0.0",2,"Moto/Ciclomotor,Automóvil","Catamarca 1000",2,1,0,0,0,0,1,,"Calle",,"VILLA CONSTITUCIÓN","Constitución","Asfalto","S/D","VI","Dentro","Urbana","Ninguna","No existe","Recta","Bueno","Buena","Diurna","Buen Tiempo","Frontal","S/D","Atropello","Ninguna","Faltante","Ninguna","Sin restricción"
2015,2640,13/04/2015,"Lunes",0,13:50:00,,"0.0",2,"Moto/Ciclomotor,Automóvil","25 de Mayo Y G Kirk",5,2,0,0,3,0,0,,"Calle",,"PUERTO SAN MARTÍN","San Lorenzo","Asfalto","No existe","XVII","Dentro","Urbana","Ninguna","No existe","Intersección","Bueno","Buena","Diurna","Buen Tiempo","Lateral","S/D","Colisión","Ninguna","Horizontal","Ninguna","Sin restricción"
2015,2641,26/04/2015,"Domingo",0,21:20:00,,"0.0",2,"Moto/Ciclomotor,Pickup/Utilitario","Calle 26 - Bolivar Y Calle 13-Iturraspe",2,1,0,0,1,0,0,,"Calle",,"RECONQUISTA","General Obligado","Asfalto","No existe","IX","S/D","Urbana","Ninguna","No existe","Intersección","Bueno","Buena","Nocturna,Con luz artificial","Buen Tiempo","Lateral","S/D","Colisión","Ninguna","Vertical","Cordón divisorio","Sin restricción"
2015,2642,20/04/2015,"Lunes",0,07:30:00,,"0.0",2,"Moto/Ciclomotor,Automóvil","Calle 26 - Bolivar Y Calle 23-Gral lopez",3,1,1,0,1,0,0,,"Calle",,"RECONQUISTA","General Obligado","Asfalto","No existe","IX","Dentro","Urbana","Ninguna","No existe","Intersección","Bueno","Buena","Diurna","Buen Tiempo","Lateral","S/D","Colisión","S/D","Vertical","Cordón divisorio","Sin restricción"
2015,2643,22/05/2015,"Viernes",0,15:20:00,,"0.0",2,"Moto/Ciclomotor,Automóvil","Av San Martin Y D Gurel",3,1,0,0,2,0,0,,"Calle",,"SAN LORENZO","San Lorenzo","S/D","S/D","XVII","Dentro","Urbana","S/D","S/D","Intersección","S/D","S/D","Diurna","S/D","Lateral","S/D","Colisión","S/D","S/D","S/D","S/D"
2015,2644,29/05/2015,"Viernes",0,09:55:00,"Ruta Nacional A012","0.0",2,"Automóvil,Otros","VELEZ SARFIELD ",2,1,0,0,1,0,0,,"Ruta","A012","SAN LORENZO","San Lorenzo","S/D","S/D","XVII","S/D","Urbana","S/D","S/D","S/D","S/D","S/D","Diurna","S/D","S/D","S/D","Colisión","S/D","S/D","S/D","S/D"
2015,2645,16/04/2015,"Jueves",0,14:20:00,,"0.0",2,"Moto/Ciclomotor,Automóvil","Juan Jose de Urquiza Y Formosa",2,1,0,0,0,0,1,,"Calle",,"VILLA CONSTITUCIÓN","Constitución","Asfalto","Pavimento","VI","Dentro","Urbana","Ninguna","No existe","Intersección","Bueno","Buena","Diurna","Buen Tiempo","Lateral","S/D","Colisión","Ninguna","Faltante","Ninguna","Sin restricción"
2015,2646,02/04/2015,"Jueves",0,18:30:00,,"0.0",2,"Bicicleta,Automóvil","SAN MARTIN  500",2,0,1,0,0,0,1,,"Calle",,"SAN JERÓNIMO SUR","San Lorenzo","Asfalto","S/D","XVII","S/D","Urbana","S/D","S/D","Recta","Con baches","Buena","Atardecer","Buen Tiempo","S/D","S/D","Atropello","S/D","S/D","S/D","S/D"
2015,2647,04/04/2015,"Sabado",0,06:00:00,,"0.0",2,"Automóvil,Moto/Ciclomotor"," ",2,1,0,0,1,0,0,,"S/D",,"SAN LORENZO","San Lorenzo","S/D","S/D","XVII","S/D","Urbana","Semáforo","S/D","Recta","S/D","S/D","Amanecer","Buen Tiempo","Contra objeto fijo","S/D","Colisión","S/D","S/D","Línea divisoria pintada","Sin restricción"
2015,2648,24/04/2015,"Viernes",0,11:00:00,,"0.0",2,"Moto/Ciclomotor,Pickup/Utilitario","Calle 25 - Pietropaolo Y Calle 36 Entre Rios",2,1,0,0,1,0,0,,"Calle",,"RECONQUISTA","General Obligado","Asfalto","No existe","IX","Dentro","Urbana","S/D","No existe","Recta","Bueno","Buena","Diurna","Buen Tiempo","Lateral","S/D","Colisión","S/D","Vertical","Cordón divisorio","Sin restricción"
2015,2649,04/04/2015,"Sabado",0,18:45:00,,"0.0",2,"Automóvil,Moto/Ciclomotor","25 de Mayo Y Ituzaingo",3,1,0,0,2,0,0,,"Calle",,"CALCHAQUÍ","Vera","Asfalto","S/D","XIX","Dentro","Urbana","S/D","S/D","Intersección","Bueno","S/D","Atardecer","S/D","S/D","S/D","Colisión","S/D","S/D","Ninguna","Sin restricción"
2015,2650,25/05/2015,"Lunes",0,13:30:00,,"0.0",2,"Moto/Ciclomotor,Automóvil","Platano 1400",2,1,0,0,1,0,0,,"Calle",,"SAN LORENZO","San Lorenzo","S/D","S/D","XVII","Dentro","Urbana","S/D","S/D","Intersección","S/D","S/D","Diurna","Buen Tiempo","Lateral","S/D","Colisión","S/D","S/D","S/D","S/D"
2015,2651,16/05/2015,"Sabado",0,13:50:00,"Ruta Nacional 11","0.0",2,"Moto/Ciclomotor,Automóvil","Ruta Nac 11 Y Independencia",3,2,0,0,1,0,0,,"Ruta",11,"PUERTO SAN MARTÍN","San Lorenzo","Asfalto","Natural","XVII","Dentro","Urbana","Ninguna","No existe","Intersección","Bueno","Buena","Diurna","Buen Tiempo","Lateral","S/D","Colisión","Ninguna","Horizontal","Ninguna","Sin restricción"
2015,2652,05/04/2015,"Domingo",0,11:35:00,,"0.0",1,"Moto/Ciclomotor","9 de Julio ",2,0,0,0,1,0,1,,"Calle",,"CALCHAQUÍ","Vera","Tierra","S/D","XIX","Dentro","Urbana","S/D","No existe","Recta","Con baches","S/D","Diurna","S/D","S/D","S/D","S/D","Agua","S/D","Ninguna","S/D"
2015,2653,14/05/2015,"Jueves",0,18:45:00,,"0.0",2,"Automóvil,Moto/Ciclomotor","Rivadavia Y Reconquista",3,2,0,0,1,0,0,,"Calle",,"PUERTO SAN MARTÍN","San Lorenzo","Asfalto","No existe","XVII","Dentro","Urbana","Ninguna","No existe","Intersección","Bueno","Buena","Atardecer","Buen Tiempo","Lateral","S/D","Colisión","Ninguna","Horizontal","Ninguna","Sin restricción"
2015,2654,19/05/2015,"Martes",0,13:40:00,,"0.0",2,"Bicicleta,Moto/Ciclomotor","Cordoba Y Falucho",2,1,0,0,1,0,0,,"Avenida",,"PUERTO SAN MARTÍN","San Lorenzo","Asfalto","Pavimento","XVII","Dentro","Urbana","Ninguna","No existe","Intersección","Bueno","Buena","Diurna","Buen Tiempo","S/D","S/D","Atropello","S/D","Horizontal","Ninguna","Sin restricción"
2015,2655,30/04/2015,"Jueves",0,17:00:00,,"0.0",2,"Pickup/Utilitario,Moto/Ciclomotor","Urquiza Y Av Carlos A Poucel",3,1,0,0,2,0,0,,"Avenida",,"SAN LORENZO","San Lorenzo","S/D","S/D","XVII","S/D","S/D","S/D","S/D","S/D","S/D","S/D","Diurna","S/D","S/D","S/D","S/D","S/D","S/D","S/D","S/D"
2015,2656,13/05/2015,"Miercoles",0,13:10:00,,"0.0",2,"Moto/Ciclomotor,Pickup/Utilitario","9 de Julio Y Cordoba",3,2,0,0,1,0,0,,"Calle",,"PUERTO SAN MARTÍN","San Lorenzo","Asfalto","No existe","XVII","Dentro","Urbana","Ninguna","No existe","Intersección","Bueno","Buena","Diurna","Buen Tiempo","Lateral","S/D","Colisión","Ninguna","Horizontal","Ninguna","Sin restricción"
2015,2657,16/04/2015,"Jueves",0,,,"0.0",2,"Moto/Ciclomotor,Automóvil","Simon Bolivar Y 14 de Febrero",2,1,0,0,0,0,1,,"Avenida",,"VILLA CONSTITUCIÓN","Constitución","Asfalto","Pavimento","VI","Dentro","Urbana","Ninguna","No existe","Intersección","Bueno","Buena","Diurna","Buen Tiempo","Lateral","S/D","Colisión","Ninguna","Faltante","Ninguna","Sin restricción"
2015,2658,15/04/2015,"Miercoles",0,,,"0.0",2,"Moto/Ciclomotor,Automóvil","Saavedra Y Salta",3,2,0,0,0,0,1,,"Avenida",,"VILLA CONSTITUCIÓN","Constitución","Hormigón","Pavimento","VI","Dentro","Urbana","Ninguna","No existe","Intersección","Bueno","Buena","Diurna","Buen Tiempo","Lateral","S/D","Colisión","Ninguna","Faltante","Ninguna","Sin restricción"
2015,2659,14/04/2015,"Martes",0,17:30:00,"Ruta Provincial 66","86.0",2,"Camión,Pickup/Utilitario"," ",3,1,0,0,2,0,0,,"Ruta",66,"LANDETA","San Martín","Asfalto","Natural","XVIII","Dentro","Rural","Ninguna","No existe","Recta","Bueno","Buena","Diurna","Buen Tiempo","Lateral","S/D","Colisión","Ninguna","Horizontal,Vertical","Línea divisoria pintada","Sin restricción"
2015,2660,25/04/2015,"Sabado",0,10:10:00,"Ruta Nacional A012","0.0",2,"Automóvil,Bicicleta"," ",2,0,0,1,1,0,0,,"Ruta","A012","SAN LORENZO","San Lorenzo","S/D","S/D","XVII","S/D","S/D","S/D","S/D","S/D","S/D","S/D","Diurna","S/D","S/D","S/D","Atropello","S/D","S/D","S/D","S/D"
2015,2661,14/04/2015,"Martes",0,17:00:00,"Ruta Nacional 11","0.0",2,"Automóvil,Pickup/Utilitario"," ",4,3,0,0,0,0,1,,"Ruta",11,"SAN LORENZO","San Lorenzo","S/D","S/D","XVII","S/D","S/D","S/D","S/D","S/D","S/D","S/D","Diurna","S/D","S/D","S/D","S/D","S/D","S/D","S/D","S/D"
2015,2662,10/04/2015,"Viernes",0,16:50:00,,"0.0",2,"Moto/Ciclomotor,Camión","Calle 16 Gral Obligado Y Calle 31-Newbery",2,1,0,0,1,0,0,,"Calle",,"RECONQUISTA","General Obligado","Asfalto","Pavimento","IX","Dentro","Urbana","Ninguna","No existe","Intersección","Bueno","Buena","Diurna","Buen Tiempo","Lateral","S/D","Colisión","Ninguna","Vertical","Cordón divisorio","Sin restricción"
2015,2663,14/04/2015,"Martes",0,20:00:00,"Ruta Provincial 66","90.2",2,"Automóvil,Camión"," ",2,1,0,0,1,0,0,,"Ruta",66,"LANDETA","San Martín","Asfalto","Natural","XVIII","Dentro","Urbana","Señal Pare","No existe","Recta","Bueno","Buena","Nocturna","Buen Tiempo","Lateral","S/D","Colisión","Ninguna","Horizontal,Vertical","Línea divisoria pintada","Sin restricción"
2015,2664,15/04/2015,"Miercoles",0,20:10:00,,"0.0",2,"Automóvil,Moto/Ciclomotor","Calle 18-Belgrano Y Calle 9-Mariano Moreno",2,1,0,0,1,0,0,,"Calle",,"RECONQUISTA","General Obligado","Asfalto","No existe","IX","Dentro","Urbana","Ninguna","No existe","Intersección","Bueno","Buena","Nocturna,Con luz artificial","Buen Tiempo","Frontal","S/D","Colisión","Ninguna","Vertical","Ninguna","Sin restricción"
2015,2665,07/02/2015,"Sabado",0,19:00:00,"Ruta Nacional 34","159.0",2,"Pickup/Utilitario,Otros","Ruta Nacional 34 159",8,2,0,0,6,0,0,,"Ruta",34,"SAN MARTIN DE LAS ESCOBAS","San Martín","Asfalto","Natural","XVIII","Dentro","Rural","Ninguna","No existe","Recta","Bueno","Buena","Diurna","Buen Tiempo","Múltiple","S/D","Colisión","Ninguna","Horizontal,Vertical","Línea divisoria pintada","S/D"
2015,2666,19/04/2015,"Domingo",0,19:00:00,,"0.0",2,"Automóvil,Moto/Ciclomotor","Calle 1 - Independencia Y Calle 16-Obligado",4,1,0,0,3,0,0,,"Calle",,"RECONQUISTA","General Obligado","Asfalto","No existe","IX","Dentro","Urbana","Ninguna","No existe","Intersección","Bueno","Buena","Nocturna,Con luz artificial","Buen Tiempo","Lateral","S/D","Colisión","Ninguna","Horizontal","Ninguna","Sin restricción"
2015,2667,15/04/2015,"Miercoles",0,12:15:00,,"0.0",2,"Automóvil,Moto/Ciclomotor","Calle 26 - Bolivar Y Calle 17-Bartolome Mitre",2,1,0,0,1,0,0,,"Calle",,"RECONQUISTA","General Obligado","Hormigón","No existe","IX","Dentro","Urbana","Ninguna","No existe","Intersección","Bueno","Buena","Diurna","Buen Tiempo","Frontal","S/D","Colisión","Ninguna","Vertical","Ninguna","Sin restricción"
2015,2668,27/04/2015,"Lunes",0,18:00:00,,"0.0",2,"Automóvil,Moto/Ciclomotor","Calle 32 - Amenabar Y Calle 11-Alvear",2,1,0,0,1,0,0,,"Calle",,"RECONQUISTA","General Obligado","Asfalto","No existe","IX","S/D","Urbana","Ninguna","No existe","Intersección","Bueno","Buena","Diurna","Buen Tiempo","Frontal","S/D","Colisión","Ninguna","Vertical","Ninguna","Sin restricción"
2015,2669,16/04/2015,"Jueves",0,08:45:00,,"0.0",2,"Moto/Ciclomotor,Pickup/Utilitario","Sarmiento Y Colon",4,1,1,0,2,0,0,,"Calle",,"PIAMONTE","San Martín","Asfalto","Pavimento","XVIII","Dentro","Urbana","Ninguna","No existe","Intersección","Bueno","Buena","Diurna","Buen Tiempo","Frontal","S/D","Colisión","Ninguna","Faltante","Ninguna","Sin restricción"
2015,2670,23/04/2015,"Jueves",0,19:40:00,,"0.0",2,"Automóvil,Moto/Ciclomotor","Calle 32 - Amenabar Y Calle 9-Mariano Moreno",2,1,0,0,1,0,0,,"Calle",,"RECONQUISTA","General Obligado","Hormigón","No existe","IX","Dentro","Urbana","Ninguna","No existe","Intersección","Bueno","Buena","Nocturna,Con luz artificial","Buen Tiempo","Frontal","S/D","Colisión","Ninguna","Vertical","Ninguna","Sin restricción"
2015,2671,04/04/2015,"Sabado",0,08:00:00,,"0.0",2,"Pickup/Utilitario,Automóvil","Cno San Roque Y Fco Angeloni",4,3,0,0,1,0,0,,"Calle",,"SAN JUSTO","San Justo","Asfalto","S/D","XVI","Dentro","Urbana","Ninguna","No existe","Intersección","Bueno","Buena","Diurna","Otro","De alcance","S/D","Colisión","S/D","S/D","Ninguna","S/D"
2015,2672,30/04/2015,"Jueves",0,20:00:00,,"0.0",2,"Automóvil,Moto/Ciclomotor","Buenos Aires Y San Martin",2,1,0,0,1,0,0,,"Calle",,"VERA","Vera","Asfalto","S/D","XIX","Dentro","Urbana","Ninguna","No existe","Intersección","Bueno","Buena","Nocturna,Con luz artificial","Buen Tiempo","Lateral","S/D","Colisión","S/D","S/D","Ninguna","Sin restricción"
2015,2673,10/05/2015,"Domingo",0,21:50:00,,"0.0",3,"Automóvil,Camión,Camión"," ",4,2,0,0,2,0,0,,"Calle",,"SILVA","San Justo","Asfalto","Natural","XVI","Dentro","Urbana","Ninguna","No existe","Curva","Bueno","Buena","Nocturna","Buen Tiempo","De alcance,Múltiple","S/D","Colisión","S/D","Horizontal","Línea divisoria pintada","Sin restricción"
2015,2674,20/04/2015,"Lunes",0,09:25:00,,"0.0",2,"Automóvil,Bicicleta","Moreno Y E Aleman",4,0,1,0,3,0,0,,"Calle",,"VERA","Vera","Asfalto","No existe","XIX","Dentro","Urbana","Ninguna","No existe","Intersección","Bueno","Buena","Diurna","Buen Tiempo","S/D","S/D","Atropello","S/D","Faltante","Ninguna","Sin restricción"
2015,2675,18/04/2015,"Sabado",0,06:20:00,"Ruta Provincial 39","0.0",2,"Moto/Ciclomotor,Peatón"," ",3,2,0,0,1,0,0,,"Ruta",39,"COLONIA DOLORES","San Justo","Asfalto","Natural","XVI","Dentro","Urbana","Ninguna","No existe","Recta","Bueno","Buena","Amanecer","Buen Tiempo","S/D","S/D","Atropello","S/D","Faltante","Ninguna","Sin restricción"
2015,2676,07/04/2015,"Martes",0,19:30:00,,"0.0",2,"Automóvil,Moto/Ciclomotor","Calle 27-Gdor Freyre Y Calle 26 - Bolivar",3,2,0,0,1,0,0,,"Calle",,"RECONQUISTA","General Obligado","Hormigón","No existe","IX","Dentro","Urbana","Ninguna","No existe","Intersección","Bueno","Buena","Nocturna","Buen Tiempo","Lateral","S/D","Colisión","Ninguna","Vertical","S/D","Sin restricción"
2015,2677,15/04/2015,"Miercoles",0,11:30:00,,"0.0",2,"Automóvil,Moto/Ciclomotor","Calle 25-Rivadavia Y Calle 30-Lucas Funes",2,1,0,0,1,0,0,,"Calle",,"RECONQUISTA","General Obligado","Hormigón","No existe","IX","S/D","Urbana","Ninguna","No existe","Recta","Bueno","Buena","Diurna","Buen Tiempo","Frontal","S/D","Colisión","Ninguna","Vertical","Ninguna","Sin restricción"