"anio_acci","nro_acci","fecha","desc_dia","fecha_aprox","hora_aprox","desc_ruta","km","cant_participantes","desc_participante","calle_avenida_km","total","heridos_leves","heridos_graves","heridos_gravisimos","ilesos","fallecidos","sin_datos","posicion_XY","desc_tipo_via","desc_ruta_ori","desc_loc","desc_dpto","desc_tipo_calzada","desc_tipo_banquina","desc_unidad_regional","desc_lugar_calzada","desc_zona","desc_prioridad","desc_estado_semaforo","desc_lugar_via","desc_estado_via","desc_estado_visibilidad","desc_luminosidad","desc_estado_clima","desc_tipo_colision","desc_tipo_atropello","desc_tipo_hecho","desc_pres_calzada","desc_senializacion","desc_separacion_via","desc_restriccion"
2015,2678,04/04/2015,"Sabado",0,06:45:00,,"0.0",2,"Automóvil,Moto/Ciclomotor","Av San Martin Y Catamarca",2,1,0,0,1,0,0,,"Avenida",,"SAN LORENZO","San Lorenzo","S/D","S/D","XVII","Dentro","Urbana","S/D","S/D","Intersección","S/D","S/D","Amanecer","S/D","Lateral","S/D","Colisión","S/D","S/D","S/D","S/D"
2015,2679,01/04/2015,"Miercoles",1,,,"0.0",1,"Moto/Ciclomotor"," ",2,2,0,0,0,0,0,,"Calle",,"SANTA FE","La Capital","S/D","Pavimento","I","Dentro","Urbana","S/D","S/D","Intersección","Bueno","S/D","Atardecer","Buen Tiempo","S/D","S/D","Caída ocupante","S/D","S/D","Guardarrail","Sin restricción"
2015,2680,11/05/2015,"Lunes",0,20:30:00,,"0.0",2,"Moto/Ciclomotor,Moto/Ciclomotor","Belgrano Y Moreno",2,1,0,0,0,0,1,,"Calle",,"PUERTO SAN MARTÍN","San Lorenzo","Asfalto","No existe","XVII","Dentro","Urbana","Ninguna","No existe","Intersección","Bueno","Buena","Nocturna","Buen Tiempo","Lateral","S/D","Colisión","Ninguna","Horizontal","Ninguna","Sin restricción"
2015,2681,29/05/2015,"Viernes",0,11:00:00,"Autopista Nacional Rosario -Cordoba","315.0",1,"Automóvil"," ",2,0,2,0,0,0,0,,"Autopista","Rosario -Cordoba","ROLDÁN","San Lorenzo","Asfalto","S/D","XVII","Fuera","Rural","S/D","No existe","Recta","Bueno","Buena","Diurna","Buen Tiempo","S/D","S/D","Despiste","S/D","S/D","S/D","S/D"
2015,2682,13/04/2015,"Lunes",0,19:30:00,,"0.0",2,"Moto/Ciclomotor,Automóvil","Luzuriaga Y Almiron",2,1,0,0,1,0,0,,"Calle",,"VILLA CONSTITUCIÓN","Constitución","Asfalto","S/D","VI","S/D","Urbana","S/D","S/D","Intersección","Bueno","S/D","Atardecer","Buen Tiempo","Frontal","S/D","Colisión","S/D","S/D","S/D","S/D"
2015,2683,19/04/2015,"Domingo",0,,"Ruta Nacional 177","0.0",2,"Automóvil,Automóvil","Pbro D Segundo Y Presidente Peron",3,1,0,0,2,0,0,,"Ruta",177,"VILLA CONSTITUCIÓN","Constitución","Asfalto","Pavimento","VI","Dentro","Urbana","Semáforo","Funciona","Intersección","Bueno","Buena","Diurna","Buen Tiempo","Frontal","S/D","Colisión","Ninguna","Horizontal","Ninguna","Sin restricción"
2015,2685,06/05/2015,"Miercoles",0,08:10:00,,"0.0",2,"Camión,Automóvil","Av Brig Lopez 10000",3,2,0,0,1,0,0,,"Calle",,"TIMBÚES","San Lorenzo","Ripio","No existe","XVII","Dentro","Urbana","Ninguna","No existe","Recta","Deteriorada","Buena","Diurna","Buen Tiempo","De alcance","S/D","Colisión","S/D","Faltante","Ninguna","Sin restricción"
2015,2687,24/05/2015,"Domingo",0,06:50:00,,"0.0",2,"Moto/Ciclomotor,Automóvil","Av San Martin Y Avda Roque Saenz Peña",2,1,0,0,1,0,0,,"Avenida",,"FRAY LUIS BELTRÁN","San Lorenzo","Asfalto","Ripio","XVII","Dentro","Urbana","Ninguna","No existe","Recta","Bueno","Buena","Nocturna,Con luz artificial","S/D","Frontal","S/D","Colisión","S/D","S/D","Ninguna","S/D"
2015,2688,02/05/2015,"Sabado",0,15:00:00,"Ruta Nacional 9","0.0",2,"Automóvil,Moto/Ciclomotor","Ruta Nacional 9 Y Avenida Alberdi",4,3,0,0,1,0,0,,"Ruta",9,"ROLDÁN","San Lorenzo","Asfalto","Natural","XVII","Dentro","Urbana","S/D","No existe","Intersección","Bueno","Buena","Diurna","Buen Tiempo","Lateral","S/D","Colisión","S/D","Vertical","S/D","S/D"
2015,2689,25/04/2015,"Sabado",0,11:30:00,,"0.0",2,"Moto/Ciclomotor,Automóvil","Entre Rios Y Tte. roca",2,0,0,1,1,0,0,,"Calle",,"SAN LORENZO","San Lorenzo","S/D","S/D","XVII","Dentro","Urbana","S/D","S/D","S/D","S/D","S/D","Diurna","S/D","S/D","S/D","Colisión","S/D","S/D","S/D","S/D"
2015,2690,27/05/2015,"Miercoles",0,17:30:00,,"0.0",2,"Peatón,Automóvil"," ",2,1,0,0,1,0,0,,"Avenida",,"CAPITÁN BERMÚDEZ","San Lorenzo","Asfalto","No existe","XVII","Dentro","Urbana","S/D","S/D","Intersección","Bueno","Buena","Diurna","Buen Tiempo","S/D","S/D","Atropello","S/D","S/D","S/D","S/D"
2015,2691,25/04/2015,"Sabado",0,11:15:00,,"0.0",2,"Moto/Ciclomotor,Moto/Ciclomotor","HERMANDARIA Y PEÑALOZA",2,1,0,0,0,0,1,,"S/D",,"SANTA FE","La Capital","S/D","S/D","I","S/D","S/D","S/D","S/D","S/D","S/D","S/D","Diurna","S/D","S/D","S/D","S/D","S/D","S/D","S/D","S/D"
2015,2692,05/05/2015,"Martes",0,08:20:00,,"0.0",2,"Moto/Ciclomotor,Pickup/Utilitario","Eugenio Daneri Y Leonidas Gambarte",2,1,0,0,1,0,0,,"Calle",,"ROLDÁN","San Lorenzo","Tierra","No existe","XVII","Dentro","Urbana","S/D","No existe","Intersección","Bueno","Buena","Diurna","Buen Tiempo","Lateral","S/D","Colisión","S/D","S/D","S/D","S/D"
2015,2693,18/05/2015,"Lunes",0,14:00:00,"Ruta Nacional 9","550.0",2,"Pickup/Utilitario,Automóvil"," ",3,1,0,0,2,0,0,,"Ruta",9,"ROLDÁN","San Lorenzo","Asfalto","Natural","XVII","Dentro","Urbana","S/D","No existe","Recta","Bueno","Buena","Diurna","Buen Tiempo","De alcance","S/D","Colisión","S/D","Vertical","S/D","Sin restricción"
2015,2694,22/05/2015,"Viernes",0,18:30:00,"Ruta Nacional 11","0.0",2,"Moto/Ciclomotor,Automóvil"," ",2,1,0,0,1,0,0,,"Ruta",11,"PUERTO SAN MARTÍN","San Lorenzo","Asfalto","Natural","XVII","S/D","Urbana","Ninguna","No existe","Recta","Deteriorada","Buena","Atardecer","Buen Tiempo","S/D","S/D","Colisión","Ninguna","Horizontal","Ninguna","Sin restricción"
2015,2695,21/05/2015,"Jueves",0,13:20:00,,"0.0",2,"Moto/Ciclomotor,Camión","Tucuman Y Rivadavia",3,1,0,0,2,0,0,,"Calle",,"ROLDÁN","San Lorenzo","Hormigón","No existe","XVII","Dentro","Urbana","S/D","S/D","Intersección","Bueno","Buena","Diurna","Buen Tiempo","Lateral","S/D","Colisión","S/D","Vertical","S/D","S/D"
2015,2696,27/05/2015,"Miercoles",0,14:00:00,"Ruta Nacional 11","0.0",2,"Automóvil,Moto/Ciclomotor","Av San Martin Y Pte Peron",2,1,0,0,1,0,0,,"Ruta",11,"FRAY LUIS BELTRÁN","San Lorenzo","Asfalto","S/D","XVII","S/D","Urbana","Ninguna","No existe","Recta","Bueno","Buena","Diurna","Buen Tiempo","Lateral","S/D","Colisión","S/D","Faltante","Ninguna","Sin restricción"
2015,2697,09/05/2015,"Sabado",0,00:30:00,,"0.0",1,"Vehículo Oficial","Pte Hipolito Irigoyen Y Cordoba",3,3,0,0,0,0,0,,"Calle",,"PUERTO SAN MARTÍN","San Lorenzo","Asfalto","Natural","XVII","Fuera","Urbana","Ninguna","No existe","Intersección","Bueno","Reducida","Nocturna","Buen Tiempo","Contra objeto fijo","S/D","Colisión","Ninguna","Horizontal","Ninguna","Sin restricción"
2015,2698,09/05/2015,"Sabado",0,03:00:00,"Ruta Nacional 11","0.0",3,"Automóvil,Automóvil,Automóvil","Av San Martin 3300",3,1,0,0,2,0,0,,"Ruta",11,"SAN LORENZO","San Lorenzo","Hormigón","No existe","XVII","S/D","Urbana","Ninguna","No existe","Recta","Bueno","Buena","Nocturna,Con luz artificial","Buen Tiempo","Múltiple","S/D","Colisión","S/D","Vertical","Ninguna","Sin restricción"
2015,2699,06/04/2015,"Lunes",0,18:15:00,,"0.0",2,"Bicicleta,Moto/Ciclomotor","Calle 27-Gdor Freyre Y Calle 11-Alvear",2,0,1,0,1,0,0,,"Calle",,"RECONQUISTA","General Obligado","Hormigón","S/D","IX","Dentro","Urbana","Ninguna","No existe","Recta","Bueno","Buena","Diurna","Buen Tiempo","Frontal","S/D","Colisión","Ninguna","Faltante","Cordón divisorio","Sin restricción"
2015,2701,29/05/2015,"Viernes",0,23:15:00,,"0.0",2,"Automóvil,Moto/Ciclomotor","La Plata Y Rivadavia",2,0,1,0,1,0,0,,"Calle",,"CARCARAÑÁ","San Lorenzo","Hormigón","No existe","XVII","Dentro","Urbana","Ninguna","No existe","Intersección","Bueno","Buena","Nocturna","Buen Tiempo","Frontal","S/D","Colisión","Ninguna","Faltante","Ninguna","Sin restricción"
2015,2702,01/05/2015,"Viernes",0,17:00:00,"Ruta Nacional 11","0.0",2,"Automóvil,Moto/Ciclomotor","Ruta Nac 11 Y Cordoba",3,1,0,0,2,0,0,,"Ruta",11,"PUERTO SAN MARTÍN","San Lorenzo","Asfalto","Natural","XVII","Dentro","Urbana","Ninguna","No existe","Intersección","Bueno","Buena","Diurna","Buen Tiempo","Lateral","S/D","Colisión","Ninguna","Horizontal","Ninguna","Sin restricción"
2015,2703,23/05/2015,"Sabado",0,07:15:00,"Ruta Nacional 11","0.0",2,"Pickup/Utilitario,Automóvil","Ruta Nac 11 Y Franciscanos",2,0,1,0,1,0,0,,"Ruta",11,"SAN LORENZO","San Lorenzo","Asfalto","Natural","XVII","S/D","Urbana","Ninguna","No existe","Intersección","Bueno","Buena","Amanecer,Con luz artificial","Buen Tiempo","Frontal","S/D","Colisión","Ninguna","S/D","Ninguna","Sin restricción"
2015,2704,26/04/2015,"Domingo",0,23:55:00,,"0.0",1,"Moto/Ciclomotor","9 de Julio Y Jujuy",2,1,0,0,1,0,0,,"Calle",,"CAPITÁN BERMÚDEZ","San Lorenzo","Asfalto","No existe","XVII","Dentro","Urbana","Ninguna","No existe","Intersección","Bueno","Buena","Nocturna","Buen Tiempo","Frontal","S/D","Colisión","S/D","S/D","Ninguna","Sin restricción"
2015,2705,11/05/2015,"Lunes",0,19:50:00,"Autopista Provincial Brigadier E.López","0.0",2,"Moto/Ciclomotor,Pickup/Utilitario","Ruta 18 S ",3,2,0,0,1,0,0,,"Autopista","Brigadier E.López","PUERTO SAN MARTÍN","San Lorenzo","Asfalto","Natural","XVII","Dentro","Rural","Ninguna","No existe","Intersección","Bueno","Reducida","Atardecer","Buen Tiempo","Lateral","S/D","Colisión","Ninguna","Horizontal","Ninguna","Sin restricción"
2015,2706,29/04/2015,"Miercoles",0,13:50:00,,"0.0",2,"Moto/Ciclomotor,Automóvil","Gdor Freyre Y Hernandarias",2,1,0,0,0,0,1,,"Calle",,"SANTA FE","La Capital","S/D","S/D","I","S/D","S/D","S/D","S/D","S/D","S/D","S/D","Diurna","S/D","S/D","S/D","S/D","S/D","S/D","S/D","S/D"
2015,2707,03/04/2015,"Viernes",0,23:00:00,"Ruta Nacional 34","27.0",2,"Camión,Otros"," ",2,0,1,0,1,0,0,,"Ruta",34,"LUIS PALACIOS","San Lorenzo","Asfalto","Natural","XVII","Dentro","Rural","Marca Vial","No existe","Recta","Bueno","Buena","Nocturna","Buen Tiempo","De alcance","S/D","Colisión","Ninguna","Vertical","Línea divisoria pintada","Sin restricción"
2015,2708,26/05/2015,"Martes",0,19:45:00,,"0.0",3,"Moto/Ciclomotor,Peatón,Peatón","Mitre Y Padre O Madesma",3,2,0,0,1,0,0,,"Calle",,"TIMBÚES","San Lorenzo","Arena","No existe","XVII","Dentro","Urbana","Ninguna","No existe","Intersección","Deteriorada","Reducida","Atardecer","Buen Tiempo","S/D","S/D","Atropello","S/D","Faltante","Ninguna","Sin restricción"
2015,2709,11/05/2015,"Lunes",0,22:40:00,,"0.0",2,"Pickup/Utilitario,Moto/Ciclomotor","Av San Martin Y Avda Roque Saenz Peña",2,1,0,0,1,0,0,,"Avenida",,"FRAY LUIS BELTRÁN","San Lorenzo","Asfalto","Ripio","XVII","Dentro","Urbana","Ninguna","No existe","Recta","Bueno","Buena","Nocturna","Buen Tiempo","Frontal","S/D","Colisión","S/D","S/D","Ninguna","S/D"
2015,2710,08/04/2015,"Miercoles",0,17:50:00,,"0.0",2,"Moto/Ciclomotor,Taxi/Remis","Av A del Valle Y Alberti",4,2,0,0,2,0,0,,"Avenida",,"SANTA FE","La Capital","Asfalto,Hormigón","S/D","I","Dentro","Urbana","Ninguna","S/D","Intersección","Con baches","S/D","Diurna","Buen Tiempo","Lateral","S/D","Colisión","Ninguna","Faltante","Ninguna","Sin restricción"
2015,2711,10/05/2015,"Domingo",0,17:00:00,,"0.0",1,"Moto/Ciclomotor","Estrada 700",1,1,0,0,0,0,0,,"Calle",,"FRAY LUIS BELTRÁN","San Lorenzo","Asfalto","No existe","XVII","Dentro","Urbana","Ninguna","No existe","Recta","Resbaladiza","Buena","Diurna","Buen Tiempo","S/D","S/D","Caída ocupante","S/D","S/D","Ninguna","Sin restricción"
2015,2712,08/05/2015,"Viernes",0,21:30:00,,"0.0",1,"Camión","Bv San Martin Y Sarmiento",2,1,0,0,1,0,0,,"Calle",,"TIMBÚES","San Lorenzo","Asfalto","S/D","XVII","Dentro","Urbana","Ninguna","No existe","Recta","Con baches,Deteriorada","Reducida","Nocturna","Buen Tiempo","De alcance","S/D","Colisión","S/D","Faltante","Ninguna","Sin restricción"
2015,2713,04/05/2015,"Lunes",0,07:50:00,,"0.0",2,"Moto/Ciclomotor,Pickup/Utilitario","Av San Martin Y Guayaquil",2,1,0,0,1,0,0,,"Avenida",,"FRAY LUIS BELTRÁN","San Lorenzo","Asfalto","Ripio","XVII","Dentro","Urbana","Ninguna","No existe","Recta","Bueno","Buena","Amanecer,Con luz artificial","Otro","Lateral","S/D","Colisión","S/D","Faltante","Ninguna","Sin restricción"
2015,2714,06/04/2015,"Lunes",0,,"Ruta Nacional 177","0.0",2,"Automóvil,Automóvil","Presidente Peron Y San Luis",3,2,0,0,1,0,0,,"Ruta",177,"VILLA CONSTITUCIÓN","Constitución","Asfalto","Pavimento","VI","Dentro","Urbana","Ninguna","No existe","Intersección","Otro","Buena","Diurna","Buen Tiempo","Frontal","S/D","Colisión","Ninguna","Faltante","Ninguna","Sin restricción"
2015,2715,23/05/2015,"Sabado",0,12:30:00,"Ruta Nacional 11","338.0",2,"Taxi/Remis,Moto/Ciclomotor","Ruta Nac 11 338",2,1,0,0,1,0,0,,"Ruta",11,"TIMBÚES","San Lorenzo","Asfalto","Natural","XVII","Dentro","Urbana","S/D","No existe","Recta","Con baches,Deteriorada","Buena","Diurna","Buen Tiempo","S/D","S/D","Colisión","S/D","Faltante","S/D","Sin restricción"
2015,2716,01/05/2015,"Viernes",0,12:40:00,,"0.0",2,"Automóvil,Moto/Ciclomotor","General Richieri 200",2,1,0,0,1,0,0,,"Calle",,"FRAY LUIS BELTRÁN","San Lorenzo","Hormigón","No existe","XVII","Dentro","Urbana","Ninguna","No existe","Recta","Deteriorada","Buena","Diurna","Buen Tiempo","Frontal","S/D","Colisión","S/D","Faltante","Ninguna","Sin restricción"
2015,2717,26/04/2015,"Domingo",0,00:40:00,,"0.0",2,"Automóvil,Moto/Ciclomotor","Corrientes Y San Martin",4,0,2,0,2,0,0,,"Calle",,"VERA","Vera","Asfalto","Pavimento","XIX","Dentro","Urbana","Ninguna","No existe","Recta","Bueno","Buena","Nocturna","Buen Tiempo","Lateral","S/D","Colisión","S/D","S/D","Ninguna","Sin restricción"
2015,2718,01/04/2015,"Miercoles",1,,,"0.0",3,"Moto/Ciclomotor,Automóvil,Automóvil"," ",3,1,0,0,2,0,0,,"Calle",,"SAN LORENZO","San Lorenzo","S/D","S/D","XVII","Dentro","Urbana","S/D","S/D","S/D","S/D","S/D","S/D","S/D","Múltiple","S/D","Colisión","S/D","S/D","S/D","S/D"
2015,2719,15/05/2015,"Viernes",0,21:20:00,"Ruta Nacional Rosario -Cordoba","335.0",1,"Pickup/Utilitario"," ",3,0,2,0,1,0,0,,"Ruta","Rosario -Cordoba","CARCARAÑÁ","San Lorenzo","S/D","Natural","XVII","Dentro","Urbana","Ninguna","No existe","Recta","Bueno","Reducida","Nocturna","Buen Tiempo","S/D","S/D","Vuelco,Despiste","S/D","Vertical","S/D","Sin restricción"
2015,2720,15/05/2015,"Viernes",0,23:15:00,"Ruta Nacional Rosario -Cordoba","0.0",3,"Camión,Transporte de Pasajeros Larga Distancia (> 8 asientos),Pickup/Utilitario"," ",18,15,1,0,1,0,1,,"Ruta","Rosario -Cordoba","CARCARAÑÁ","San Lorenzo","Asfalto","Natural","XVII","Dentro","Urbana","S/D","No existe","Recta","Bueno","Reducida","Nocturna","Buen Tiempo","De alcance","S/D","Colisión","S/D","Vertical","Vegetación","Accidente Previo"
2015,2721,02/02/2015,"Lunes",0,21:10:00,"Ruta Nacional 34","194.5",1,"Moto/Ciclomotor"," ",2,1,0,0,0,1,0,"-31.481560, -61.530439","Ruta",34,"ANGÉLICA","Castellanos","Asfalto","Natural","V","Dentro","Rural","Ninguna","No existe","Recta","Bueno","Buena","Nocturna","Lluvia","S/D","S/D","Caída ocupante","Agua","Horizontal","Línea divisoria pintada","Sin restricción"
2015,2722,04/02/2015,"Miercoles",0,17:50:00,,"0.0",2,"Moto/Ciclomotor,Pickup/Utilitario","Leandro N Alem Y Jose Hernandez",2,0,0,0,1,1,0,"-31.338096, -61.820878","Calle",,"SANTA CLARA DE SAGUIER","Castellanos","Hormigón","No existe","V","Dentro","Urbana","Ninguna","No existe","Intersección","Bueno","Buena","Diurna","Buen Tiempo","Lateral","S/D","Colisión","Ninguna","Faltante","Ninguna","Sin restricción"
2015,2723,08/02/2015,"Domingo",0,06:00:00,,"0.0",2,"Moto/Ciclomotor,Camión","Santiago del Estero Y Gobernador Galvez",3,1,0,0,0,1,1,"-29.230166666667,-61.764361111111","Calle",,"TOSTADO","9 de Julio","Ripio","Natural","XII","Dentro","Urbana","Ninguna","No existe","Recta","Bueno","Reducida","Amanecer,Con luz artificial","Buen Tiempo","Contra objeto fijo","S/D","Colisión,Despiste","Otro","S/D","Ninguna","Sin restricción"
2015,2724,12/02/2015,"Jueves",0,07:30:00,"Ruta Provincial 1","142.0",2,"Bicicleta,Automóvil"," ",2,1,0,0,0,1,0,"-30.607701, -59.951849","Ruta",1,"COLONIA FRANCESA","San Javier","Asfalto","Natural","XIV","Dentro","Rural","Ninguna","No existe","Recta","Ahuellamiento","Buena","Diurna","Buen Tiempo","De alcance","S/D","Atropello","Agua","Vertical","Línea divisoria pintada","Sin restricción"
2015,2725,13/02/2015,"Viernes",0,07:30:00,,"0.0",6,"Peatón,Peatón,Peatón,Peatón,Automóvil,Pickup/Utilitario","Bv. 27 De Febrero Y Liniers",6,2,0,0,2,2,0,"-32.958722222222,-60.697833333333","Avenida",,"ROSARIO","Rosario","Asfalto","No existe","II","Fuera","Urbana","Ninguna","No existe","Intersección","Bueno","Buena","Amanecer","Buen Tiempo","Contra objeto fijo,Otro","S/D","Colisión,Atropello,Despiste","Ninguna","Faltante","Cordón divisorio","Sin restricción"
2015,2726,18/05/2015,"Lunes",0,18:30:00,,"0.0",2,"Moto/Ciclomotor,Automóvil","Balcarce Y Mendoza",2,1,0,0,1,0,0,,"Calle",,"ROSARIO","Rosario","Asfalto","S/D","II","Dentro","Urbana","Ninguna","No existe","Recta","Bueno","Buena","Diurna","Buen Tiempo","Frontal","S/D","Colisión","S/D","Faltante","Cordón divisorio","Sin restricción"
2015,2727,16/05/2015,"Sabado",0,01:45:00,,"0.0",1,"Automóvil","Av. Sorrento Y ",3,2,1,0,0,0,0,,"Calle",,"ROSARIO","Rosario","Asfalto","No existe","II","Dentro","Urbana","Ninguna","No existe","Recta","Bueno","Buena","Nocturna","Buen Tiempo","S/D","S/D","S/D","S/D","Faltante","Ninguna","Sin restricción"
2015,2728,29/05/2015,"Viernes",0,08:30:00,,"0.0",2,"Moto/Ciclomotor,Moto/Ciclomotor","Bv. Avellaneda 600 ",2,2,0,0,0,0,0,,"S/D",,"ROSARIO","Rosario","Asfalto","S/D","II","S/D","Urbana","S/D","S/D","Intersección","Bueno","S/D","Diurna","Buen Tiempo","Lateral","S/D","Colisión","S/D","S/D","Cordón divisorio","S/D"
2015,2729,18/05/2015,"Lunes",0,14:15:00,,"0.0",2,"Automóvil,Pickup/Utilitario","French Y Roullon",2,2,0,0,0,0,0,,"Calle",,"ROSARIO","Rosario","Asfalto","No existe","II","Dentro","Urbana","Ninguna","No existe","Recta","Bueno","Buena","Diurna","Buen Tiempo","De alcance","S/D","Colisión","S/D","Faltante","Ninguna","Sin restricción"
2015,2730,27/05/2015,"Miercoles",0,09:30:00,,"0.0",2,"Moto/Ciclomotor,Automóvil","Av. Pellegrini Y Paraguay",2,1,0,0,1,0,0,,"Calle",,"ROSARIO","Rosario","Asfalto","S/D","II","Dentro","Urbana","Ninguna","S/D","Recta","Bueno","Buena","Diurna","Buen Tiempo","Frontal","S/D","Colisión","S/D","Faltante","Cordón divisorio","Sin restricción"
2015,2731,24/05/2015,"Domingo",0,18:00:00,,"0.0",2,"Automóvil,Moto/Ciclomotor","Soldado Aguirre Y Marcos Paz",4,3,0,0,1,0,0,,"Avenida",,"VILLA GOBERNADOR GÁLVEZ","Rosario","Asfalto","S/D","II","S/D","S/D","Ninguna","S/D","Intersección","Deteriorada","S/D","Diurna","S/D","S/D","S/D","S/D","Material Suelto","Faltante","Ninguna","S/D"
2015,2732,22/05/2015,"Viernes",0,08:10:00,,"0.0",2,"Moto/Ciclomotor,Moto/Ciclomotor","J.B.Justo Y Colombia",3,3,0,0,0,0,0,,"Calle",,"ROSARIO","Rosario","Asfalto","No existe","II","Dentro","Urbana","S/D","No existe","Recta","Bueno","Buena","Diurna","Buen Tiempo","De alcance","S/D","Colisión","S/D","Faltante","Ninguna","Sin restricción"
2015,2733,19/05/2015,"Martes",0,18:55:00,,"0.0",2,"Moto/Ciclomotor,Automóvil","Alberdi ",2,1,0,0,1,0,0,,"Calle",,"ROSARIO","Rosario","Asfalto","S/D","II","S/D","Urbana","S/D","S/D","Cruce","Bueno","Buena","Diurna","S/D","S/D","S/D","Colisión","S/D","S/D","S/D","S/D"
2015,2734,22/05/2015,"Viernes",0,09:15:00,,"0.0",2,"Moto/Ciclomotor,Automóvil","Alvear 1300",2,1,0,0,1,0,0,,"Calle",,"ROSARIO","Rosario","Asfalto","S/D","II","Dentro","Urbana","Ninguna","No existe","Recta","Bueno","Buena","Diurna","Buen Tiempo","Frontal","S/D","Colisión","S/D","Faltante","Cordón divisorio","Sin restricción"
2015,2735,20/05/2015,"Miercoles",0,,,"0.0",3,"Bicicleta,Moto/Ciclomotor,Automóvil","Marcos Paz Y Soldado Aguirre",3,2,0,0,1,0,0,,"Avenida",,"VILLA GOBERNADOR GÁLVEZ","Rosario","Asfalto","No existe","II","Dentro","Urbana","Ninguna","No existe","Intersección","Con baches","Buena","S/D","S/D","S/D","S/D","Atropello","Material Suelto","Faltante","Ninguna","Sin restricción"
2015,2736,23/05/2015,"Sabado",0,03:00:00,,"0.0",2,"Automóvil,Automóvil","Av. Central Y Echeverria Bis",3,1,0,0,2,0,0,,"Calle",,"ROSARIO","Rosario","S/D","S/D","II","S/D","Urbana","S/D","S/D","Recta","S/D","Buena","Nocturna,Con luz artificial","Buen Tiempo","S/D","S/D","Colisión","S/D","S/D","S/D","S/D"
2015,2737,04/05/2015,"Lunes",0,21:30:00,,"0.0",2,"Taxi/Remis,Moto/Ciclomotor","J.J.Paso Y Nicaragua",2,1,0,0,1,0,0,,"Calle",,"ROSARIO","Rosario","Asfalto","No existe","II","Dentro","Urbana","Ninguna","No existe","Recta","Bueno","Buena","Nocturna","Buen Tiempo","De alcance","S/D","Colisión","S/D","Faltante","Ninguna","Sin restricción"
2015,2738,10/05/2015,"Domingo",0,22:20:00,,"0.0",2,"Moto/Ciclomotor,Automóvil","Av Gral San Martin Y Libertad",2,1,0,0,1,0,0,,"Avenida",,"VILLA GOBERNADOR GÁLVEZ","Rosario","Asfalto","No existe","II","Dentro","Urbana","Ninguna","No existe","Recta","Bueno","Buena","Nocturna","Buen Tiempo","Lateral","S/D","Colisión","S/D","Faltante","Ninguna","Sin restricción"
2015,2739,20/05/2015,"Miercoles",0,20:00:00,,"0.0",2,"Automóvil,Moto/Ciclomotor"," ",2,1,0,0,1,0,0,,"S/D",,"VILLA GOBERNADOR GÁLVEZ","Rosario","Asfalto","Natural","II","S/D","S/D","Ninguna","No existe","Intersección","Con baches,Deteriorada","Buena","Con luz artificial","S/D","Lateral","S/D","Caída ocupante","Otro","Faltante","Ninguna","Sin restricción"
2015,2740,24/05/2015,"Domingo",0,16:40:00,,"0.0",2,"Automóvil,Bicicleta","Bv. Oroño Y San Luis",2,1,0,0,1,0,0,,"Calle",,"ROSARIO","Rosario","Asfalto","S/D","II","Dentro","Urbana","Semáforo","Funciona","Intersección","Bueno","Buena","Diurna","Buen Tiempo","S/D","S/D","Atropello","S/D","Vertical","Cordón divisorio","Sin restricción"
2015,2741,25/05/2015,"Lunes",0,13:10:00,,"0.0",1,"Moto/Ciclomotor","Cullen 1072",1,1,0,0,0,0,0,,"Calle",,"ROSARIO","Rosario","Asfalto","No existe","II","Dentro","Urbana","Ninguna","No existe","Recta","S/D","Buena","Diurna","Buen Tiempo","Contra objeto fijo","S/D","Colisión","S/D","Faltante","Ninguna","Sin restricción"
2015,2742,16/05/2015,"Sabado",0,10:20:00,,"0.0",2,"Automóvil,Peatón","Cordoba 1700",2,1,0,0,1,0,0,,"Calle",,"ROSARIO","Rosario","S/D","S/D","II","Dentro","Urbana","Ninguna","No existe","Recta","Bueno","Buena","Diurna","Buen Tiempo","S/D","S/D","Atropello","S/D","Faltante","Cordón divisorio","Sin restricción"
2015,2743,22/05/2015,"Viernes",0,01:10:00,,"0.0",2,"Moto/Ciclomotor,Automóvil","Av Gral San Martin Y Moreno",2,1,0,0,1,0,0,,"Calle",,"VILLA GOBERNADOR GÁLVEZ","Rosario","Asfalto","No existe","II","Dentro","Urbana","Ninguna","S/D","Recta","Bueno","Buena","Nocturna,Con luz artificial","Buen Tiempo","Lateral","S/D","Colisión","Otro","Faltante","Ninguna","Sin restricción"
2015,2744,04/05/2015,"Lunes",0,14:00:00,,"0.0",2,"Peatón,Moto/Ciclomotor","Av. Battle y Ordoñez Y Mariano Moreno",2,1,0,0,1,0,0,,"Calle",,"ROSARIO","Rosario","Asfalto","Pavimento","II","Dentro","Urbana","Ninguna","S/D","Recta","Bueno","Buena","Diurna","Buen Tiempo","S/D","S/D","Atropello","S/D","S/D","Cordón divisorio","Sin restricción"
2015,2745,27/05/2015,"Miercoles",0,23:00:00,,"0.0",2,"Moto/Ciclomotor,Moto/Ciclomotor","J.J.Paso Y Nicaragua",2,1,0,0,1,0,0,,"Calle",,"ROSARIO","Rosario","Asfalto","No existe","II","Dentro","Urbana","Ninguna","No existe","Recta","Bueno","Buena","Nocturna","Buen Tiempo","De alcance","S/D","Colisión","S/D","Faltante","Ninguna","Sin restricción"
2015,2746,15/05/2015,"Viernes",0,22:00:00,,"0.0",2,"Automóvil,Moto/Ciclomotor","Santa Fe Y Balcarce",2,1,0,0,1,0,0,,"Calle",,"ROSARIO","Rosario","Asfalto","S/D","II","Dentro","Urbana","Semáforo","Funciona","Intersección","Bueno","Buena","Nocturna,Con luz artificial","Buen Tiempo","Lateral","S/D","Colisión","S/D","Vertical","Cordón divisorio","Sin restricción"