"anio_acci","nro_acci","fecha","desc_dia","fecha_aprox","hora_aprox","desc_ruta","km","cant_participantes","desc_participante","calle_avenida_km","total","heridos_leves","heridos_graves","heridos_gravisimos","ilesos","fallecidos","sin_datos","posicion_XY","desc_tipo_via","desc_ruta_ori","desc_loc","desc_dpto","desc_tipo_calzada","desc_tipo_banquina","desc_unidad_regional","desc_lugar_calzada","desc_zona","desc_prioridad","desc_estado_semaforo","desc_lugar_via","desc_estado_via","desc_estado_visibilidad","desc_luminosidad","desc_estado_clima","desc_tipo_colision","desc_tipo_atropello","desc_tipo_hecho","desc_pres_calzada","desc_senializacion","desc_separacion_via","desc_restriccion"
2015,2747,25/05/2015,"Lunes",0,07:00:00,,"0.0",2,"Moto/Ciclomotor,Moto/Ciclomotor","Av Gral San Martin Y Av Juan Domingo Peron",2,1,0,0,1,0,0,,"Calle",,"VILLA GOBERNADOR GÁLVEZ","Rosario","Asfalto","No existe","II","Dentro","Urbana","Semáforo","Funciona","Recta","Bueno","Buena","Amanecer,Con luz artificial","Buen Tiempo","Lateral","S/D","Colisión","Otro","Faltante","Ninguna","Sin restricción"
2015,2748,27/05/2015,"Miercoles",0,16:30:00,,"0.0",2,"Moto/Ciclomotor,Automóvil","Los Angeles Y Pje. Pelayo",2,1,0,0,1,0,0,,"Calle",,"ROSARIO","Rosario","Asfalto","No existe","II","Dentro","Urbana","Ninguna","No existe","Recta","Bueno","Buena","Diurna","Buen Tiempo","De alcance","S/D","Colisión","S/D","Faltante","Ninguna","Sin restricción"
2015,2749,09/05/2015,"Sabado",0,14:30:00,,"0.0",2,"Moto/Ciclomotor,Automóvil","Nicaragua Y J.B.Justo",2,1,0,0,1,0,0,,"Calle",,"ROSARIO","Rosario","Asfalto","No existe","II","Dentro","Urbana","Ninguna","No existe","Recta","Bueno","Buena","Diurna","Buen Tiempo","De alcance","S/D","Colisión","S/D","Faltante","Ninguna","Sin restricción"
2015,2750,05/05/2015,"Martes",0,12:00:00,,"0.0",2,"Moto/Ciclomotor,Pickup/Utilitario","San Martin Y Ceibo",4,1,0,0,3,0,0,,"Calle",,"ROSARIO","Rosario","Asfalto","No existe","II","Dentro","Urbana","Ninguna","No existe","Recta","Bueno","Buena","Diurna","Otro","Otro","S/D","Colisión","Ninguna","Horizontal","Cordón divisorio","Sin restricción"
2015,2751,11/05/2015,"Lunes",0,14:15:00,,"0.0",2,"Moto/Ciclomotor,Automóvil","Av. Corrientes 900",2,1,0,0,1,0,0,,"Calle",,"ROSARIO","Rosario","Asfalto","S/D","II","Dentro","Urbana","Ninguna","No existe","Recta","Bueno","Buena","Diurna","Buen Tiempo","Frontal","S/D","Colisión","S/D","Faltante","Cordón divisorio","Sin restricción"
2015,2752,18/05/2015,"Lunes",0,14:40:00,,"0.0",2,"Moto/Ciclomotor,Automóvil","Junin Y Monteagudo Bis",3,2,0,0,1,0,0,,"Avenida",,"ROSARIO","Rosario","S/D","S/D","II","S/D","Urbana","S/D","S/D","S/D","S/D","S/D","Diurna","S/D","S/D","S/D","Colisión","S/D","S/D","S/D","S/D"
2015,2753,11/05/2015,"Lunes",0,22:40:00,,"0.0",2,"Automóvil,Moto/Ciclomotor","J.J.Paso Y Vieytes",2,1,0,0,1,0,0,,"Calle",,"ROSARIO","Rosario","Asfalto","No existe","II","Dentro","Urbana","Ninguna","No existe","Recta","Bueno","Buena","Nocturna","Buen Tiempo","De alcance","S/D","Colisión","S/D","Faltante","Ninguna","Sin restricción"
2015,2754,06/05/2015,"Miercoles",0,11:00:00,,"0.0",2,"Automóvil,Automóvil","Av. Battle y Ordoñez Y Melincue",2,1,0,0,1,0,0,,"Calle",,"ROSARIO","Rosario","Asfalto","No existe","II","Dentro","Urbana","Ninguna","No existe","Intersección","Bueno","S/D","Diurna","Otro","Frontal","S/D","Colisión","Ninguna","Horizontal","Ninguna","Sin restricción"
2015,2755,06/05/2015,"Miercoles",0,09:30:00,,"0.0",2,"Moto/Ciclomotor,Automóvil","Marull Y A.Maza",2,1,0,0,1,0,0,,"Calle",,"ROSARIO","Rosario","Asfalto","No existe","II","Dentro","Urbana","Ninguna","No existe","Intersección","Bueno","Buena","Diurna","Buen Tiempo","Lateral","S/D","Colisión","S/D","Faltante","Ninguna","S/D"
2015,2756,22/05/2015,"Viernes",0,20:05:00,,"0.0",2,"Moto/Ciclomotor,Automóvil","Av Juan Domingo Peron Y Av Gral San Martin",3,2,0,0,1,0,0,,"S/D",,"VILLA GOBERNADOR GÁLVEZ","Rosario","Asfalto","No existe","II","S/D","S/D","Semáforo","Funciona","Recta","Bueno","Buena","Nocturna,Con luz artificial","Buen Tiempo","Lateral","S/D","Colisión","Otro","Faltante","Ninguna","Sin restricción"
2015,2757,23/05/2015,"Sabado",0,12:20:00,,"0.0",2,"Taxi/Remis,Automóvil","Bv. Rondeau ",3,1,0,0,2,0,0,,"Avenida",,"ROSARIO","Rosario","Asfalto","No existe","II","Dentro","Urbana","Señal Pare","Funciona","Intersección","Bueno","Buena","Diurna","Buen Tiempo","Lateral","S/D","Colisión","Otro","Vertical","Vegetación","Sin restricción"
2015,2758,08/05/2015,"Viernes",0,19:45:00,,"0.0",2,"Automóvil,Automóvil","Av Juan Domingo Peron Y Garay",3,2,0,0,1,0,0,,"Avenida",,"VILLA GOBERNADOR GÁLVEZ","Rosario","Asfalto","No existe","II","Dentro","Urbana","Ninguna","No existe","Recta","Bueno","Buena","Atardecer","Buen Tiempo","Lateral","S/D","Colisión","S/D","Faltante","Ninguna","Sin restricción"
2015,2759,08/05/2015,"Viernes",0,21:20:00,,"0.0",2,"Peatón,Automóvil","Mariano Moreno Y Cordoba",2,1,0,0,1,0,0,,"Calle",,"ROSARIO","Rosario","Asfalto","S/D","II","Dentro","Urbana","Ninguna","No existe","Intersección","Bueno","Reducida","Nocturna,Con luz artificial","Buen Tiempo","S/D","S/D","Atropello","S/D","Faltante","Cordón divisorio","Sin restricción"
2015,2760,23/05/2015,"Sabado",0,04:30:00,,"0.0",2,"Moto/Ciclomotor,Automóvil","Av. Provincias Unidas 1300B",2,1,0,0,1,0,0,,"Avenida",,"ROSARIO","Rosario","Asfalto","No existe","II","Dentro","Urbana","Ninguna","No existe","Curva","Bueno","Buena","Nocturna","Buen Tiempo","Lateral","S/D","Colisión","Otro","Faltante","Ninguna","Sin restricción"
2015,2761,20/05/2015,"Miercoles",0,21:30:00,,"0.0",2,"Automóvil,Automóvil","Av Gral San Martin Y I A Edison",2,1,0,0,1,0,0,,"Calle",,"VILLA GOBERNADOR GÁLVEZ","Rosario","Asfalto","No existe","II","Dentro","Urbana","Semáforo","Funciona","Recta","Bueno","Buena","Nocturna,Con luz artificial","Buen Tiempo","Lateral","S/D","Colisión","Ninguna","Faltante","Ninguna","Sin restricción"
2015,2762,05/05/2015,"Martes",0,19:45:00,,"0.0",2,"Automóvil,Automóvil","Av Juan Domingo Peron Y Garay",2,1,0,0,1,0,0,,"Avenida",,"VILLA GOBERNADOR GÁLVEZ","Rosario","Asfalto","No existe","II","Dentro","Urbana","Ninguna","No existe","Recta","Bueno","Buena","Atardecer","Buen Tiempo","Lateral","S/D","Colisión","S/D","Faltante","Ninguna","Sin restricción"
2015,2763,27/05/2015,"Miercoles",0,20:35:00,,"0.0",2,"Automóvil,Moto/Ciclomotor","Darragueira Y Superi",2,1,0,0,1,0,0,,"Calle",,"ROSARIO","Rosario","Asfalto","No existe","II","Dentro","Urbana","Otra Señal","No existe","Intersección","Bueno","Buena","Nocturna","Buen Tiempo","Lateral","S/D","Colisión","Otro","Horizontal","Ninguna","Sin restricción"
2015,2764,24/05/2015,"Domingo",0,08:10:00,,"0.0",2,"Pickup/Utilitario,Bicicleta","Av. Circunvalacion Y Bv. Rondeau",2,1,0,0,1,0,0,,"Avenida",,"ROSARIO","Rosario","Asfalto","No existe","II","Dentro","Urbana","Ninguna","No existe","Cruce","Bueno","Buena","Diurna","Buen Tiempo","S/D","S/D","Atropello","Otro","Vertical","Ninguna","Sin restricción"
2015,2765,13/05/2015,"Miercoles",0,09:00:00,,"0.0",2,"Tracción animal / Carro,Automóvil","Mitre Y Sarmiento",2,0,0,0,0,0,2,,"Calle",,"VILLA GOBERNADOR GÁLVEZ","Rosario","Asfalto","No existe","II","S/D","Urbana","Ninguna","No existe","Intersección","Bueno","Buena","Diurna","Buen Tiempo","S/D","S/D","Colisión","S/D","Faltante","Ninguna","Sin restricción"
2015,2766,04/05/2015,"Lunes",0,14:00:00,,"0.0",2,"Automóvil,Moto/Ciclomotor","Casilda Y Iguazu",3,2,0,0,1,0,0,,"Calle",,"ROSARIO","Rosario","Asfalto","S/D","II","S/D","Urbana","S/D","S/D","Recta","Bueno","Buena","Diurna","S/D","Contra objeto fijo","S/D","Colisión","S/D","S/D","S/D","S/D"
2015,2767,06/05/2015,"Miercoles",0,01:10:00,,"0.0",2,"Moto/Ciclomotor,Moto/Ciclomotor","J.J.Paso Y Solis",4,4,0,0,0,0,0,,"Calle",,"ROSARIO","Rosario","Asfalto","No existe","II","Dentro","Urbana","Semáforo","Intermitente","Recta","Bueno","Buena","Nocturna","Buen Tiempo","De alcance","S/D","Colisión","S/D","S/D","Ninguna","Sin restricción"
2015,2768,05/05/2015,"Martes",0,19:00:00,,"0.0",2,"Automóvil,Moto/Ciclomotor","Pellegrini Y San Nicolas",2,1,0,0,1,0,0,,"Calle",,"VILLA GOBERNADOR GÁLVEZ","Rosario","Asfalto","No existe","II","S/D","Urbana","Ninguna","No existe","Intersección","Bueno","Buena","Atardecer","Buen Tiempo","S/D","S/D","Colisión","Ninguna","Faltante","Ninguna","Sin restricción"
2015,2770,25/05/2015,"Lunes",0,19:10:00,,"0.0",2,"Automóvil,Vehículo Oficial","Pje. Bogado Y Suiza",4,1,0,0,3,0,0,,"Avenida",,"ROSARIO","Rosario","Asfalto","S/D","II","S/D","Urbana","S/D","S/D","Recta","Bueno","Buena","Diurna","S/D","S/D","S/D","Colisión","S/D","S/D","S/D","S/D"
2015,2771,14/05/2015,"Jueves",0,17:15:00,,"0.0",2,"Moto/Ciclomotor,Moto/Ciclomotor","Pellegrini Y San Nicolas",2,1,0,0,1,0,0,,"Calle",,"VILLA GOBERNADOR GÁLVEZ","Rosario","Ripio","No existe","II","S/D","Urbana","Ninguna","No existe","Intersección","Deteriorada","Buena","Diurna","Buen Tiempo","S/D","S/D","Colisión","S/D","S/D","Ninguna","Sin restricción"
2015,2772,11/05/2015,"Lunes",0,,,"0.0",2,"Peatón,Moto/Ciclomotor","Av. Pellegrini Y Castellanos",2,1,0,0,1,0,0,,"Calle",,"ROSARIO","Rosario","S/D","S/D","II","Dentro","Urbana","S/D","S/D","S/D","S/D","S/D","S/D","S/D","S/D","S/D","Atropello","S/D","S/D","S/D","S/D"
2015,2773,19/05/2015,"Martes",0,18:30:00,,"0.0",2,"Pickup/Utilitario,Automóvil","Ing Mosconi Y Iriondo",2,1,0,0,1,0,0,,"Calle",,"VILLA GOBERNADOR GÁLVEZ","Rosario","Asfalto","No existe","II","S/D","Urbana","Ninguna","No existe","Intersección","Bueno","Buena","Diurna","Buen Tiempo","S/D","S/D","Colisión","Ninguna","Faltante","Ninguna","Sin restricción"
2015,2774,11/05/2015,"Lunes",0,,,"0.0",2,"Automóvil,Bicicleta","Iriondo Y 9 De Julio",2,1,0,0,1,0,0,,"Calle",,"ROSARIO","Rosario","S/D","S/D","II","Dentro","Urbana","S/D","S/D","S/D","S/D","S/D","S/D","S/D","S/D","S/D","Atropello","S/D","S/D","S/D","S/D"
2015,2775,16/05/2015,"Sabado",0,13:50:00,,"0.0",2,"Moto/Ciclomotor,Peatón","Av. Pellegrini Y Iriondo",2,2,0,0,0,0,0,,"Calle",,"ROSARIO","Rosario","S/D","S/D","II","Dentro","Urbana","S/D","S/D","S/D","S/D","S/D","Diurna","S/D","S/D","S/D","Atropello","S/D","S/D","S/D","S/D"
2015,2776,06/05/2015,"Miercoles",0,17:45:00,,"0.0",2,"Moto/Ciclomotor,Automóvil","Av. Battle y Ordoñez Y Pje El Trebol",2,1,0,0,1,0,0,,"Avenida",,"ROSARIO","Rosario","Asfalto","No existe","II","Dentro","Urbana","Ninguna","No existe","Recta","Bueno","Buena","Diurna","Otro","Otro","S/D","Colisión","Ninguna","Horizontal","Línea divisoria pintada","Sin restricción"
2015,2777,14/05/2015,"Jueves",0,08:50:00,,"0.0",2,"Bicicleta,Automóvil","R.de Pineda Y Av. Circunvalacion",2,1,0,0,1,0,0,,"Calle",,"ROSARIO","Rosario","Asfalto","No existe","II","Dentro","Urbana","Ninguna","No existe","Recta","Otro","Buena","Diurna","Otro","S/D","S/D","Atropello","Ninguna","Horizontal","Ninguna","Sin restricción"
2015,2778,19/05/2015,"Martes",0,08:25:00,,"0.0",1,"Moto/Ciclomotor","San Luis Y Libertad",2,1,0,0,1,0,0,,"Calle",,"VILLA GOBERNADOR GÁLVEZ","Rosario","Asfalto","No existe","II","Dentro","Urbana","Ninguna","No existe","Recta","Con baches","Buena","Diurna","Buen Tiempo","Lateral","S/D","Colisión","Agua","Faltante","Ninguna","Sin restricción"
2015,2779,11/05/2015,"Lunes",0,12:15:00,,"0.0",2,"Automóvil,Automóvil","España Y 9 De Julio",2,1,0,0,1,0,0,,"Calle",,"ROSARIO","Rosario","Asfalto","S/D","II","Dentro","Urbana","Semáforo","Funciona","Recta","Bueno","Buena","Diurna","Buen Tiempo","Frontal","S/D","Colisión","S/D","Vertical","Cordón divisorio","Sin restricción"
2015,2780,16/05/2015,"Sabado",0,22:00:00,,"0.0",3,"Automóvil,Automóvil,Taxi/Remis","Av. Pellegrini Y Gutenberg",4,2,0,0,2,0,0,,"Calle",,"ROSARIO","Rosario","S/D","S/D","II","Dentro","Urbana","S/D","S/D","S/D","S/D","S/D","Nocturna","S/D","Múltiple","S/D","Colisión","S/D","S/D","S/D","S/D"
2015,2781,18/05/2015,"Lunes",0,16:30:00,,"0.0",2,"Moto/Ciclomotor,Taxi/Remis","Av. Arijon Y San Martin",2,1,0,0,1,0,0,,"Avenida",,"ROSARIO","Rosario","Asfalto","No existe","II","Dentro","Urbana","Ninguna","Funciona","Intersección","Bueno","Buena","Diurna","Otro","Otro","S/D","Colisión","Ninguna","Vertical","Cordón divisorio","Sin restricción"
2015,2782,05/05/2015,"Martes",0,19:40:00,,"0.0",2,"Moto/Ciclomotor,Peatón","3 De Febrero Y España",2,2,0,0,0,0,0,,"Calle",,"ROSARIO","Rosario","Asfalto","S/D","II","Dentro","Urbana","Semáforo","Funciona","Intersección","Bueno","Buena","Atardecer,Con luz artificial","Buen Tiempo","S/D","S/D","Atropello","S/D","Vertical","Cordón divisorio","Sin restricción"
2015,2783,06/05/2015,"Miercoles",0,20:05:00,,"0.0",2,"Moto/Ciclomotor,Automóvil","Lamadrid Y Dorrego",2,1,0,0,1,0,0,,"Calle",,"ROSARIO","Rosario","Asfalto","Pavimento","II","Dentro","Urbana","S/D","No existe","Intersección","Bueno","S/D","Nocturna","S/D","Lateral","S/D","Colisión","S/D","S/D","S/D","S/D"
2015,2784,18/05/2015,"Lunes",0,,,"0.0",2,"Automóvil,Moto/Ciclomotor","Ricchieri Y San Juan",2,1,0,0,1,0,0,,"Calle",,"ROSARIO","Rosario","Asfalto","S/D","II","Dentro","Urbana","S/D","S/D","S/D","S/D","S/D","S/D","S/D","S/D","S/D","Colisión","S/D","S/D","S/D","S/D"
2015,2785,12/05/2015,"Martes",0,07:45:00,,"0.0",3,"Peatón,Peatón,Automóvil","Bv. Oroño Y Ricardo Gutierrez",3,2,0,0,1,0,0,,"Calle",,"ROSARIO","Rosario","Asfalto","Pavimento","II","Dentro","Urbana","S/D","S/D","Intersección","Bueno","S/D","Amanecer","S/D","S/D","S/D","Atropello","S/D","S/D","S/D","S/D"
2015,2786,24/05/2015,"Domingo",0,13:00:00,,"0.0",2,"Moto/Ciclomotor,Moto/Ciclomotor","Brown Y Juan B Justo",2,1,0,0,1,0,0,,"Calle",,"VILLA GOBERNADOR GÁLVEZ","Rosario","Asfalto","No existe","II","S/D","Urbana","Ninguna","No existe","Intersección","Bueno","Buena","Diurna","Buen Tiempo","S/D","S/D","Colisión","Ninguna","Faltante","Ninguna","Sin restricción"
2015,2787,25/05/2015,"Lunes",0,13:00:00,,"0.0",2,"Automóvil,Moto/Ciclomotor","Pasteur Y Emilio Zola",3,2,0,0,1,0,0,,"Calle",,"VILLA GOBERNADOR GÁLVEZ","Rosario","Asfalto","No existe","II","S/D","Urbana","Ninguna","No existe","Intersección","Bueno","Buena","Diurna","Buen Tiempo","S/D","S/D","Colisión","Ninguna","Faltante","Ninguna","Sin restricción"
2015,2788,26/05/2015,"Martes",0,12:30:00,,"0.0",2,"Moto/Ciclomotor,Automóvil","Ing Mosconi Y Av Caferata",2,1,0,0,1,0,0,,"Avenida",,"VILLA GOBERNADOR GÁLVEZ","Rosario","Asfalto","No existe","II","S/D","Urbana","Ninguna","No existe","Intersección","Bueno","Buena","Diurna","Buen Tiempo","S/D","S/D","Colisión","S/D","Faltante","Ninguna","Sin restricción"
2015,2789,17/05/2015,"Domingo",0,07:25:00,,"0.0",2,"Automóvil,Moto/Ciclomotor","Necochea Y Montevideo",2,1,0,0,1,0,0,,"Calle",,"ROSARIO","Rosario","Asfalto","S/D","II","Dentro","Urbana","S/D","S/D","Intersección","Bueno","S/D","Diurna","Buen Tiempo","Lateral","S/D","Colisión","S/D","S/D","S/D","S/D"
2015,2790,13/05/2015,"Miercoles",0,07:00:00,,"0.0",2,"Moto/Ciclomotor,Automóvil","L.N.Alem Y San Juan",2,1,0,0,1,0,0,,"Calle",,"ROSARIO","Rosario","Asfalto","S/D","II","Dentro","Urbana","S/D","S/D","Intersección","Bueno","S/D","Diurna","Buen Tiempo","Lateral","S/D","Colisión","S/D","S/D","Cordón divisorio","S/D"
2015,2791,15/05/2015,"Viernes",0,16:00:00,,"0.0",2,"Moto/Ciclomotor,Automóvil","L.N.Alem 1000",2,1,0,0,1,0,0,,"Calle",,"ROSARIO","Rosario","Asfalto","S/D","II","Dentro","Urbana","S/D","S/D","Recta","Bueno","S/D","Diurna","S/D","De alcance","S/D","Colisión","S/D","S/D","Cordón divisorio","S/D"
2015,2792,18/05/2015,"Lunes",0,22:45:00,,"0.0",2,"Taxi/Remis,Moto/Ciclomotor","Av. Pellegrini Y Entre Rios",2,1,0,0,1,0,0,,"Avenida",,"ROSARIO","Rosario","Asfalto","S/D","II","Dentro","Urbana","Semáforo","Funciona","Intersección","Bueno","Buena","Nocturna","Buen Tiempo","Lateral","S/D","Colisión","S/D","Vertical","Cordón divisorio","Sin restricción"
2015,2793,06/05/2015,"Miercoles",0,16:30:00,,"0.0",2,"Automóvil,Moto/Ciclomotor","Lavalle 950",2,1,0,0,1,0,0,,"Calle",,"ROSARIO","Rosario","S/D","S/D","II","Dentro","Urbana","S/D","S/D","S/D","S/D","S/D","Diurna","S/D","S/D","S/D","S/D","S/D","S/D","S/D","S/D"
2015,2794,06/05/2015,"Miercoles",0,17:45:00,,"0.0",2,"Automóvil,Moto/Ciclomotor","San Luis Y Carriego",2,0,1,0,1,0,0,,"Calle",,"ROSARIO","Rosario","Asfalto","S/D","II","Dentro","Urbana","S/D","S/D","S/D","S/D","S/D","Diurna","S/D","S/D","S/D","Colisión","S/D","S/D","S/D","S/D"
2015,2795,08/05/2015,"Viernes",0,23:00:00,,"0.0",2,"Taxi/Remis,Peatón","Av. Pellegrini Y Cafferata",2,1,0,0,1,0,0,,"Calle",,"ROSARIO","Rosario","S/D","S/D","II","Dentro","Urbana","S/D","S/D","Intersección","S/D","S/D","Nocturna,Con luz artificial","S/D","S/D","S/D","Atropello","S/D","S/D","S/D","S/D"
2015,2796,06/05/2015,"Miercoles",0,,,"0.0",2,"Automóvil,Moto/Ciclomotor","Montevideo Y Suipacha",3,2,0,0,1,0,0,,"Calle",,"ROSARIO","Rosario","Asfalto","S/D","II","Dentro","Urbana","S/D","S/D","Intersección","S/D","S/D","S/D","S/D","Lateral","S/D","Colisión","S/D","S/D","S/D","S/D"
2015,2797,26/05/2015,"Martes",0,07:00:00,,"0.0",2,"Moto/Ciclomotor,Automóvil","Montevideo Y Carriego",3,2,0,0,1,0,0,,"Calle",,"ROSARIO","Rosario","Asfalto","S/D","II","Dentro","Urbana","S/D","S/D","S/D","S/D","S/D","Diurna","S/D","S/D","S/D","Colisión","S/D","S/D","S/D","S/D"
2015,2798,07/05/2015,"Jueves",0,12:25:00,,"0.0",2,"Automóvil,Moto/Ciclomotor","Mendoza Y Cafferata",2,1,0,0,1,0,0,,"Calle",,"ROSARIO","Rosario","S/D","S/D","II","Dentro","Urbana","S/D","S/D","Intersección","S/D","Buena","Diurna","S/D","Lateral","S/D","Colisión","S/D","S/D","S/D","S/D"
2015,2799,07/05/2015,"Jueves",0,07:00:00,,"0.0",2,"Bicicleta,Automóvil","Lima Y E.Zeballos",3,2,0,0,1,0,0,,"Calle",,"ROSARIO","Rosario","S/D","S/D","II","Dentro","Urbana","S/D","S/D","Intersección","S/D","S/D","Amanecer","S/D","S/D","S/D","Atropello","S/D","S/D","S/D","S/D"
2015,2800,01/05/2015,"Viernes",0,06:00:00,,"0.0",2,"Automóvil,Moto/Ciclomotor","Av. Ovidio Lagos Y Rioja",6,2,0,0,4,0,0,,"Calle",,"ROSARIO","Rosario","Asfalto","S/D","II","Dentro","Urbana","S/D","S/D","S/D","S/D","S/D","Diurna","S/D","S/D","S/D","Colisión","S/D","S/D","S/D","S/D"
2015,2801,04/05/2015,"Lunes",0,,,"0.0",2,"Automóvil,Moto/Ciclomotor","Santa Fe Y Av. Ovidio Lagos",2,1,0,0,1,0,0,,"Avenida",,"ROSARIO","Rosario","Asfalto","S/D","II","Dentro","Urbana","S/D","S/D","Intersección","S/D","S/D","S/D","S/D","Lateral","S/D","Colisión","S/D","S/D","S/D","S/D"
2015,2802,05/05/2015,"Martes",0,17:00:00,,"0.0",2,"Automóvil,Bicicleta","Iriondo Y E.Zeballos",2,1,0,0,1,0,0,,"Calle",,"ROSARIO","Rosario","S/D","S/D","II","Dentro","Urbana","S/D","S/D","Intersección","S/D","S/D","Diurna","Buen Tiempo","S/D","S/D","Atropello","S/D","S/D","S/D","S/D"
2015,2803,12/05/2015,"Martes",0,00:50:00,,"0.0",2,"Automóvil,Automóvil","Av. Arijon Y Rodriguez",2,1,0,0,1,0,0,,"Calle",,"ROSARIO","Rosario","Asfalto","Pavimento","II","Dentro","Urbana","Ninguna","S/D","Intersección","Bueno","Buena","Nocturna","S/D","Lateral","S/D","Colisión","S/D","S/D","Ninguna","Sin restricción"
2015,2804,05/05/2015,"Martes",0,15:00:00,,"0.0",2,"Automóvil,Moto/Ciclomotor","Rioja Y Ricchieri",2,1,0,0,1,0,0,,"Calle",,"ROSARIO","Rosario","S/D","S/D","II","Dentro","Urbana","S/D","S/D","Intersección","S/D","S/D","Diurna","S/D","Lateral","S/D","Colisión","S/D","S/D","S/D","S/D"
2015,2805,01/05/2015,"Viernes",0,00:50:00,,"0.0",1,"Automóvil","San Juan 2995",1,1,0,0,0,0,0,,"Calle",,"ROSARIO","Rosario","Asfalto","S/D","II","Dentro","Urbana","S/D","S/D","S/D","S/D","S/D","Nocturna","S/D","Contra objeto fijo","S/D","Colisión","S/D","S/D","S/D","S/D"
2015,2806,08/05/2015,"Viernes",0,,,"0.0",2,"Automóvil,Peatón","Av. Pellegrini Y Valparaiso",2,1,0,0,1,0,0,,"Avenida",,"ROSARIO","Rosario","Asfalto","S/D","II","Dentro","Urbana","S/D","S/D","Intersección","S/D","S/D","S/D","S/D","S/D","S/D","Atropello","S/D","S/D","S/D","S/D"
2015,2807,04/05/2015,"Lunes",0,08:30:00,,"0.0",2,"Moto/Ciclomotor,Automóvil","Av. Battle y Ordoñez Y Italia",3,2,0,0,1,0,0,,"Calle",,"ROSARIO","Rosario","Asfalto","Pavimento","II","Dentro","Urbana","Ninguna","S/D","Intersección","Bueno","Buena","Diurna","Buen Tiempo","Lateral","S/D","Colisión","S/D","S/D","Ninguna","Sin restricción"
2015,2808,02/05/2015,"Sabado",0,13:15:00,,"0.0",2,"Bicicleta,Automóvil","San Luis Y Rio De Janeiro",3,1,0,0,2,0,0,,"Calle",,"ROSARIO","Rosario","S/D","S/D","II","Dentro","Urbana","S/D","S/D","Intersección","S/D","S/D","Diurna","S/D","S/D","S/D","Atropello","S/D","S/D","S/D","S/D"
2015,2809,14/05/2015,"Jueves",0,12:40:00,,"0.0",2,"Moto/Ciclomotor,Automóvil","Garibaldi Y Crespo",2,1,0,0,1,0,0,,"Calle",,"ROSARIO","Rosario","Asfalto","No existe","II","Dentro","Urbana","Ninguna","No existe","Intersección","Deteriorada","S/D","Diurna","Buen Tiempo","S/D","S/D","Colisión","Ninguna","Faltante","Cordón divisorio","Sin restricción"
2015,2810,21/05/2015,"Jueves",0,12:00:00,,"0.0",2,"Moto/Ciclomotor,Automóvil","Mariano Moreno Y Catamarca",2,1,0,0,1,0,0,,"Calle",,"ROSARIO","Rosario","Asfalto","Pavimento","II","Dentro","Urbana","Ninguna","No existe","Intersección","Bueno","Buena","Diurna","Buen Tiempo","Lateral","S/D","Colisión","S/D","S/D","Ninguna","Sin restricción"
2015,2811,15/05/2015,"Viernes",0,06:00:00,,"0.0",2,"Taxi/Remis,Automóvil","San Luis Y Av. Corrientes",3,3,0,0,0,0,0,,"Calle",,"ROSARIO","Rosario","Asfalto","S/D","II","Dentro","Urbana","Semáforo","Funciona","Intersección","Bueno","Buena","Amanecer","Buen Tiempo","Lateral","S/D","Colisión","S/D","Vertical","S/D","S/D"
2015,2812,07/05/2015,"Jueves",0,18:30:00,,"0.0",2,"Moto/Ciclomotor,Automóvil","Bv. Segui Y Crespo",2,1,0,0,1,0,0,,"Calle",,"ROSARIO","Rosario","Asfalto","No existe","II","Dentro","Urbana","Ninguna","No existe","Intersección","Bueno","Buena","Atardecer","Buen Tiempo","S/D","S/D","Colisión","Ninguna","Faltante","Cordón divisorio","Sin restricción"
2015,2813,11/05/2015,"Lunes",0,,,"0.0",2,"Moto/Ciclomotor,Automóvil","Rioja Y Suipacha",2,1,0,0,1,0,0,,"Calle",,"ROSARIO","Rosario","S/D","S/D","II","Dentro","Urbana","S/D","S/D","S/D","S/D","S/D","S/D","S/D","S/D","S/D","Colisión","S/D","S/D","S/D","S/D"
2015,2814,05/05/2015,"Martes",0,18:00:00,,"0.0",2,"Moto/Ciclomotor,Automóvil","Av. Francia Y Biedma",2,1,0,0,1,0,0,,"Avenida",,"ROSARIO","Rosario","Asfalto","No existe","II","Dentro","Urbana","Ninguna","No existe","Intersección","Deteriorada","Buena","Atardecer","Buen Tiempo","S/D","S/D","Colisión","Ninguna","Faltante","Cordón divisorio","Sin restricción"
2015,2815,24/05/2015,"Domingo",0,14:15:00,,"0.0",2,"Moto/Ciclomotor,Automóvil","Lavalle Y Urquiza",2,0,1,0,0,0,1,,"Calle",,"VILLA GOBERNADOR GÁLVEZ","Rosario","Asfalto","No existe","II","Dentro","Urbana","Ninguna","No existe","Intersección","Bueno","Buena","Diurna","Buen Tiempo","Otro","S/D","Colisión","Ninguna","Faltante","Ninguna","Sin restricción"
2015,2816,20/05/2015,"Miercoles",0,07:30:00,,"0.0",2,"Taxi/Remis,Moto/Ciclomotor","Alvear Y Montevideo",3,2,0,0,1,0,0,,"Calle",,"ROSARIO","Rosario","Asfalto","S/D","II","Dentro","Urbana","Señal Pare","No existe","Intersección","Bueno","Buena","Diurna","Buen Tiempo","Lateral","S/D","Colisión","S/D","Vertical","Cordón divisorio","Sin restricción"
2015,2817,22/05/2015,"Viernes",0,14:30:00,,"0.0",3,"Automóvil,Automóvil,Moto/Ciclomotor","Av. Ovidio Lagos Y Comodoro Rivadavia",4,1,0,0,3,0,0,,"Avenida",,"ROSARIO","Rosario","Asfalto","No existe","II","Dentro","Urbana","Semáforo","Funciona","Intersección","Bueno","Buena","Diurna","Buen Tiempo","S/D","S/D","Colisión","Ninguna","Faltante","Cordón divisorio","Sin restricción"
2015,2818,17/05/2015,"Domingo",0,19:15:00,,"0.0",2,"Moto/Ciclomotor,Automóvil","San Luis 1700",3,1,0,0,2,0,0,,"Calle",,"ROSARIO","Rosario","S/D","S/D","II","Dentro","Urbana","Ninguna","No existe","Recta","Bueno","Buena","Atardecer,Con luz artificial","Buen Tiempo","Lateral","S/D","Colisión","S/D","Faltante","Barrera de alto impacto","Sin restricción"