"anio_acci","nro_acci","fecha","desc_dia","fecha_aprox","hora_aprox","desc_ruta","km","cant_participantes","desc_participante","calle_avenida_km","total","heridos_leves","heridos_graves","heridos_gravisimos","ilesos","fallecidos","sin_datos","posicion_XY","desc_tipo_via","desc_ruta_ori","desc_loc","desc_dpto","desc_tipo_calzada","desc_tipo_banquina","desc_unidad_regional","desc_lugar_calzada","desc_zona","desc_prioridad","desc_estado_semaforo","desc_lugar_via","desc_estado_via","desc_estado_visibilidad","desc_luminosidad","desc_estado_clima","desc_tipo_colision","desc_tipo_atropello","desc_tipo_hecho","desc_pres_calzada","desc_senializacion","desc_separacion_via","desc_restriccion"
2015,2819,15/05/2015,"Viernes",0,08:45:00,,"0.0",2,"Bicicleta,Automóvil","Pasteur Y Av Juan Domingo Peron",2,1,0,0,1,0,0,,"Avenida",,"VILLA GOBERNADOR GÁLVEZ","Rosario","Asfalto","No existe","II","Dentro","Urbana","Ninguna","No funciona","Intersección","Bueno","Buena","Diurna","Buen Tiempo","S/D","S/D","Atropello","Ninguna","Faltante","Ninguna","Sin restricción"
2015,2820,21/05/2015,"Jueves",0,11:40:00,,"0.0",2,"Moto/Ciclomotor,Automóvil","Balcarce Y Av. Battle y Ordoñez",2,1,0,0,1,0,0,,"Avenida",,"ROSARIO","Rosario","Asfalto","Pavimento","II","Dentro","Urbana","S/D","Funciona","Intersección","Bueno","Buena","Diurna","Buen Tiempo","Lateral","S/D","Colisión","S/D","S/D","S/D","Sin restricción"
2015,2821,22/05/2015,"Viernes",0,17:30:00,,"0.0",2,"Peatón,Automóvil","Italia 5200",2,1,0,0,1,0,0,,"Calle",,"ROSARIO","Rosario","Asfalto","Pavimento","II","Dentro","Urbana","Ninguna","S/D","Recta","Bueno","Buena","Diurna","Buen Tiempo","S/D","S/D","Atropello","S/D","S/D","Ninguna","Sin restricción"
2015,2822,03/05/2015,"Domingo",0,14:00:00,,"0.0",2,"Moto/Ciclomotor,Otros","Av de Circunvalacion Y Cordoba",2,1,0,0,1,0,0,,"Avenida",,"VILLA GOBERNADOR GÁLVEZ","Rosario","Asfalto","No existe","II","Dentro","Urbana","Ninguna","No existe","Intersección","Bueno","Buena","S/D","Buen Tiempo","De alcance","S/D","Colisión","S/D","Faltante","Ninguna","Sin restricción"
2015,2823,08/05/2015,"Viernes",0,14:00:00,,"0.0",2,"Moto/Ciclomotor,Moto/Ciclomotor","Av de Circunvalacion Y Nogues",2,1,0,0,1,0,0,,"Avenida",,"VILLA GOBERNADOR GÁLVEZ","Rosario","Asfalto","No existe","II","Dentro","Urbana","Ninguna","No existe","Recta","Bueno","Buena","Diurna","Buen Tiempo","De alcance","S/D","Colisión","S/D","S/D","Barrera de hormigón","Sin restricción"
2015,2824,12/05/2015,"Martes",0,20:30:00,,"0.0",2,"Moto/Ciclomotor,Automóvil","Av Ntra Sra de la Paz Y Nogues",2,1,0,0,1,0,0,,"Calle",,"VILLA GOBERNADOR GÁLVEZ","Rosario","Asfalto","No existe","II","Dentro","Urbana","Ninguna","No existe","Recta","Bueno","Buena","Nocturna,Con luz artificial","Buen Tiempo","De alcance","S/D","Colisión","S/D","Faltante","Línea divisoria pintada","Sin restricción"
2015,2825,21/05/2015,"Jueves",0,12:30:00,,"0.0",2,"Moto/Ciclomotor,Automóvil","I A Edison Y Andreu",2,1,0,0,1,0,0,,"Calle",,"VILLA GOBERNADOR GÁLVEZ","Rosario","Asfalto","No existe","II","Dentro","Urbana","Ninguna","No existe","Recta","Bueno","Buena","Diurna","Buen Tiempo","De alcance","S/D","Colisión","S/D","Faltante","Ninguna","Sin restricción"
2015,2826,19/05/2015,"Martes",0,19:55:00,,"0.0",2,"Pickup/Utilitario,Moto/Ciclomotor","Av. Arijon 1200",3,1,0,0,2,0,0,,"Calle",,"ROSARIO","Rosario","Asfalto","No existe","II","Dentro","Urbana","Ninguna","No existe","Recta","Bueno","Buena","Nocturna","S/D","S/D","S/D","Colisión","S/D","Horizontal","Línea divisoria pintada","Sin restricción"
2015,2827,22/05/2015,"Viernes",0,23:10:00,,"0.0",2,"Moto/Ciclomotor,Automóvil","Av. Bermudez Y Alzugaray",2,1,0,0,1,0,0,,"Calle",,"ROSARIO","Rosario","Asfalto","No existe","II","Dentro","Urbana","Ninguna","No existe","Intersección","Bueno","Reducida","Nocturna","S/D","S/D","S/D","Colisión","S/D","Horizontal","Ninguna","Sin restricción"
2015,2828,26/05/2015,"Martes",0,16:00:00,,"0.0",2,"Moto/Ciclomotor,Pickup/Utilitario","Av. Battle y Ordoñez Y Laprida",2,1,0,0,1,0,0,,"Calle",,"ROSARIO","Rosario","Asfalto","No existe","II","Dentro","Urbana","Ninguna","No existe","Intersección","Bueno","Buena","Diurna","S/D","S/D","S/D","Colisión","S/D","Vertical","Ninguna","Sin restricción"
2015,2829,02/05/2015,"Sabado",0,11:20:00,,"0.0",2,"Bicicleta,Automóvil","Av. Circunvalacion Y Santiago",2,1,0,0,1,0,0,,"Calle",,"ROSARIO","Rosario","Asfalto","No existe","II","Dentro","Urbana","Ninguna","No existe","Recta","Bueno","Buena","Nocturna","Buen Tiempo","De alcance","S/D","Atropello","S/D","Faltante","Ninguna","Sin restricción"
2015,2830,13/05/2015,"Miercoles",0,23:30:00,"Ruta Nacional A012","0.0",2,"Automóvil,Moto/Ciclomotor","Ruta Nacional A012 Y 11 de Mayo",2,0,1,0,1,0,0,,"Ruta","A012","RICARDONE","San Lorenzo","Asfalto","Natural","XVII","Dentro","Urbana","Ninguna","No existe","Recta","Bueno","Buena","Nocturna","Buen Tiempo","Lateral","S/D","Colisión","Ninguna","S/D","Ninguna","Sin restricción"
2015,2831,04/05/2015,"Lunes",0,15:30:00,,"0.0",2,"Moto/Ciclomotor,Camión","Av. Ovidio Lagos Y Av. Circunvalacion",2,1,0,0,1,0,0,,"Calle",,"ROSARIO","Rosario","Asfalto","Natural","II","Dentro","Urbana","Semáforo","Funciona","Intersección","Bueno","Buena","Diurna","Buen Tiempo","De alcance","S/D","Colisión","S/D","Vertical","Ninguna","Sin restricción"
2015,2832,19/05/2015,"Martes",0,19:30:00,,"0.0",2,"Bicicleta,Automóvil","San Luis Y Vera Mujica",2,1,0,0,1,0,0,,"Calle",,"ROSARIO","Rosario","S/D","S/D","II","Dentro","Urbana","S/D","S/D","S/D","S/D","S/D","Nocturna","S/D","S/D","S/D","Atropello","S/D","S/D","S/D","S/D"
2015,2833,16/05/2015,"Sabado",0,06:10:00,"Ruta Provincial 21","0.0",2,"Pickup/Utilitario,Moto/Ciclomotor"," ",2,1,0,0,1,0,0,,"Ruta",21,"PUEBLO ESTHER","Rosario","Asfalto","Natural","II","Dentro","Urbana","Ninguna","Funciona","Intersección","Bueno","Buena","Diurna","Buen Tiempo","De alcance","S/D","Colisión","Ninguna","Faltante","Línea divisoria pintada","Sin restricción"
2015,2834,24/05/2015,"Domingo",0,10:00:00,,"0.0",2,"Moto/Ciclomotor,Automóvil","Suipacha Y Rioja",3,2,0,0,1,0,0,,"Calle",,"ROSARIO","Rosario","S/D","S/D","II","Dentro","Urbana","S/D","S/D","S/D","S/D","S/D","Diurna","S/D","S/D","S/D","S/D","S/D","S/D","S/D","S/D"
2015,2835,13/05/2015,"Miercoles",0,09:50:00,,"0.0",2,"Pickup/Utilitario,Moto/Ciclomotor","Lavalle Y E.Zeballos",2,1,0,0,1,0,0,,"Calle",,"ROSARIO","Rosario","S/D","S/D","II","Dentro","Urbana","S/D","S/D","S/D","S/D","S/D","Diurna","S/D","S/D","S/D","S/D","S/D","S/D","S/D","S/D"
2015,2836,21/05/2015,"Jueves",0,,,"0.0",2,"Automóvil,Moto/Ciclomotor","Alsina Y 3 De Febrero",2,1,0,0,0,0,1,,"Calle",,"ROSARIO","Rosario","Asfalto","S/D","II","Dentro","Urbana","S/D","S/D","S/D","S/D","S/D","S/D","S/D","S/D","S/D","Colisión","S/D","S/D","S/D","S/D"
2015,2837,01/05/2015,"Viernes",1,,,"0.0",2,"Automóvil,Camión"," ",3,2,0,0,1,0,0,,"S/D",,"ZAVALLA","Rosario","S/D","S/D","II","S/D","S/D","S/D","S/D","S/D","S/D","S/D","S/D","S/D","S/D","S/D","S/D","S/D","S/D","S/D","S/D"
2015,2838,21/05/2015,"Jueves",0,,,"0.0",2,"Automóvil,Taxi/Remis","San Luis Y Vera Mujica",3,1,0,0,1,0,1,,"S/D",,"ROSARIO","Rosario","S/D","S/D","II","S/D","Urbana","S/D","S/D","S/D","S/D","S/D","S/D","S/D","S/D","S/D","S/D","S/D","S/D","S/D","S/D"
2015,2839,22/05/2015,"Viernes",0,00:35:00,,"0.0",1,"Moto/Ciclomotor","ALBERDI Y SAN MARTIN",1,1,0,0,0,0,0,,"Calle",,"PUEBLO ESTHER","Rosario","Asfalto","Pavimento","II","Dentro","Urbana","Ninguna","No existe","Intersección","Bueno","Buena","Nocturna","Buen Tiempo","S/D","S/D","Caída ocupante","S/D","Faltante","Línea divisoria pintada","Sin restricción"
2015,2840,20/05/2015,"Miercoles",0,22:20:00,,"0.0",2,"Automóvil,Automóvil","3 De Febrero Y Cafferata",5,2,0,0,2,0,1,,"Calle",,"ROSARIO","Rosario","S/D","S/D","II","Dentro","Urbana","S/D","S/D","S/D","S/D","S/D","Nocturna","S/D","S/D","S/D","S/D","S/D","S/D","S/D","S/D"
2015,2841,22/05/2015,"Viernes",0,07:00:00,,"0.0",2,"Pickup/Utilitario,Automóvil","ARROYO FRIAS ",2,1,0,0,1,0,0,,"Calle",,"PUEBLO ESTHER","Rosario","Asfalto","Natural","II","Dentro","Urbana","Ninguna","No existe","Recta","Bueno","Buena","Amanecer","Buen Tiempo","Lateral","S/D","Colisión","S/D","Faltante","Línea divisoria pintada","Sin restricción"
2015,2842,17/05/2015,"Domingo",0,21:30:00,,"0.0",2,"Moto/Ciclomotor,Automóvil","Libertad Y Av Juan Domingo Peron",2,1,0,0,1,0,0,,"Calle",,"VILLA GOBERNADOR GÁLVEZ","Rosario","Asfalto","No existe","II","Dentro","Urbana","Ninguna","No existe","Recta","Bueno","Reducida","Nocturna,Con luz artificial","Buen Tiempo","Lateral","S/D","Colisión","Otro","Faltante","Ninguna","Sin restricción"
2015,2843,16/05/2015,"Sabado",0,05:30:00,,"0.0",2,"Moto/Ciclomotor,Moto/Ciclomotor","Garibaldi Y Pje. Patagones",2,0,0,0,0,0,2,,"Calle",,"ROSARIO","Rosario","Asfalto","No existe","II","Dentro","Urbana","Ninguna","No existe","Intersección","Bueno","Buena","Diurna","Otro","Lateral","S/D","Colisión","Ninguna","Faltante","Ninguna","Sin restricción"
2015,2844,14/05/2015,"Jueves",0,15:00:00,,"0.0",2,"Moto/Ciclomotor,Pickup/Utilitario","Av Gral San Martin Y Iglesias",2,1,0,0,1,0,0,,"Calle",,"VILLA GOBERNADOR GÁLVEZ","Rosario","Asfalto","No existe","II","Dentro","Urbana","Ninguna","S/D","Recta","Bueno","Buena","Diurna","Buen Tiempo","Lateral","S/D","Colisión","Otro","Faltante","Ninguna","Sin restricción"
2015,2845,18/05/2015,"Lunes",0,07:30:00,"Ruta Nacional A012","0.0",2,"Automóvil,Moto/Ciclomotor","Sarmiento ",2,1,0,0,1,0,0,,"Ruta","A012","ALVEAR","Rosario","Asfalto,Hormigón","Natural","II","S/D","Rural","Ninguna","No existe","Intersección","Bueno","S/D","Diurna","Buen Tiempo","Frontal","S/D","Colisión","Otro","Horizontal,Vertical","Ninguna","Sin restricción"
2015,2846,21/05/2015,"Jueves",0,12:45:00,,"0.0",2,"Moto/Ciclomotor,Automóvil","Roullon Y Biselli",2,2,0,0,0,0,0,,"Calle",,"ROSARIO","Rosario","Asfalto","No existe","II","Dentro","Urbana","Ninguna","No existe","Intersección","Bueno","Buena","Diurna","Otro","Lateral","S/D","Colisión","Ninguna","Faltante","Cordón divisorio","Sin restricción"
2015,2847,16/05/2015,"Sabado",0,17:40:00,,"0.0",2,"Pickup/Utilitario,Moto/Ciclomotor","Roullon Y Uruguay",2,1,0,0,1,0,0,,"Calle",,"ROSARIO","Rosario","Asfalto","No existe","II","Dentro","Urbana","Ninguna","No existe","Intersección","Bueno","Buena","Atardecer","Otro","Lateral","S/D","Colisión","S/D","Faltante","Ninguna","Sin restricción"
2015,2848,16/05/2015,"Sabado",0,17:00:00,,"0.0",1,"Automóvil","CAMINO MONTE FLORES ",4,3,0,0,1,0,0,,"Camino Rural",,"ÁLVAREZ","Rosario","Tierra,Ripio","Ripio","II","Dentro","Rural","Ninguna","No existe","Recta","Bueno","Buena","Diurna","Buen Tiempo","Contra objeto fijo","S/D","Despiste","Otro","Faltante","Ninguna","Sin restricción"
2015,2849,16/05/2015,"Sabado",0,17:50:00,,"0.0",2,"Automóvil,Camión","Bv. 27 De Febrero Y Larrea",3,1,1,0,1,0,0,,"Calle",,"ROSARIO","Rosario","Asfalto","No existe","II","Dentro","Urbana","Ninguna","No existe","Intersección","Bueno","Buena","Atardecer","Buen Tiempo","Frontal","S/D","Colisión","Ninguna","Faltante","Ninguna","Sin restricción"
2015,2850,12/05/2015,"Martes",0,08:00:00,,"0.0",2,"Moto/Ciclomotor,Camión","Edmundo Rivero Y Roullon",2,1,0,0,1,0,0,,"Calle",,"ROSARIO","Rosario","Asfalto","No existe","II","Dentro","Urbana","Ninguna","No existe","Intersección","Otro","S/D","Amanecer","Otro","Lateral","S/D","Colisión","Ninguna","Faltante","Ninguna","Sin restricción"
2015,2851,08/05/2015,"Viernes",0,14:45:00,,"0.0",2,"Tracción animal / Carro,Automóvil","Av de los inmigrantes Y Av. Circunvalacion",2,1,0,0,1,0,0,,"Avenida",,"ROSARIO","Rosario","Asfalto","Pavimento","II","S/D","S/D","Ninguna","No existe","Intersección","Bueno","Buena","Diurna","Buen Tiempo","S/D","S/D","Atropello","S/D","Faltante","Cordón divisorio","Sin restricción"
2015,2852,13/05/2015,"Miercoles",0,10:00:00,,"0.0",2,"Automóvil,Automóvil","Av Gral San Martin Y Uruguay",2,1,0,0,1,0,0,,"Calle",,"VILLA GOBERNADOR GÁLVEZ","Rosario","Asfalto","No existe","II","Dentro","Urbana","Ninguna","No existe","Recta","Con baches","Buena","Diurna","Buen Tiempo","Lateral","S/D","Colisión","Otro","Faltante","Ninguna","Sin restricción"
2015,2853,14/05/2015,"Jueves",0,10:30:00,,"0.0",2,"Automóvil,Moto/Ciclomotor","Bv. Avellaneda Y Mendoza",2,1,0,0,1,0,0,,"Calle",,"ROSARIO","Rosario","S/D","S/D","II","Dentro","Urbana","S/D","S/D","S/D","S/D","S/D","S/D","S/D","S/D","S/D","S/D","S/D","S/D","S/D","S/D"
2015,2854,30/04/2015,"Jueves",0,08:30:00,,"0.0",2,"Automóvil,Automóvil","Garay 4200",3,2,0,0,1,0,0,,"Calle",,"ROSARIO","Rosario","Asfalto","No existe","II","Dentro","Urbana","Ninguna","No existe","Recta","Bueno","Buena","Diurna","Buen Tiempo","De alcance","S/D","Colisión","S/D","Faltante","Ninguna","Sin restricción"
2015,2855,03/05/2015,"Domingo",0,20:10:00,,"0.0",2,"Moto/Ciclomotor,Pickup/Utilitario","Av Gral San Martin Y Balcarce",4,3,0,0,1,0,0,,"Calle",,"VILLA GOBERNADOR GÁLVEZ","Rosario","Asfalto","No existe","II","Dentro","Urbana","Ninguna","S/D","Recta","Bueno","Buena","Nocturna","Buen Tiempo","Lateral","S/D","Colisión","Otro","Faltante","Ninguna","Sin restricción"
2015,2856,27/05/2015,"Miercoles",0,,,"0.0",2,"Moto/Ciclomotor,Bicicleta","Av. Francia Y San Luis",2,1,0,0,1,0,0,,"Calle",,"ROSARIO","Rosario","Asfalto","S/D","II","Dentro","Urbana","S/D","S/D","S/D","S/D","S/D","S/D","S/D","S/D","S/D","Atropello","S/D","S/D","S/D","S/D"
2015,2857,30/04/2015,"Jueves",0,08:30:00,,"0.0",2,"Moto/Ciclomotor,Automóvil","Bv. Segui Y San Martin",3,2,0,0,1,0,0,,"Calle",,"ROSARIO","Rosario","Asfalto","No existe","II","Dentro","Urbana","Semáforo","Funciona","Intersección","Bueno","Buena","Diurna","Buen Tiempo","Lateral","S/D","Colisión","S/D","Faltante","Ninguna","Sin restricción"
2015,2858,23/05/2015,"Sabado",0,20:50:00,,"0.0",2,"Automóvil,Automóvil","Bv. Avellaneda 900",3,2,0,0,1,0,0,,"Calle",,"ROSARIO","Rosario","Asfalto","S/D","II","Dentro","Urbana","S/D","S/D","S/D","S/D","S/D","Nocturna","S/D","S/D","S/D","Colisión","S/D","S/D","S/D","S/D"
2015,2859,23/05/2015,"Sabado",0,05:40:00,,"0.0",2,"Pickup/Utilitario,Moto/Ciclomotor"," ",2,0,0,0,0,0,2,,"Calle",,"ROSARIO","Rosario","S/D","S/D","II","Dentro","Urbana","S/D","S/D","S/D","S/D","S/D","Nocturna","S/D","S/D","S/D","S/D","S/D","S/D","S/D","S/D"
2015,2860,25/05/2015,"Lunes",0,23:20:00,,"0.0",2,"Automóvil,Automóvil","Bv. Oroño Y Av. Battle y Ordoñez",4,1,0,0,3,0,0,,"Calle",,"ROSARIO","Rosario","Asfalto","No existe","II","Dentro","Urbana","Ninguna","No existe","Otro","Bueno","Buena","Atardecer","Buen Tiempo","Lateral","S/D","Colisión","S/D","S/D","Ninguna","Sin restricción"
2015,2861,08/05/2015,"Viernes",0,10:00:00,,"0.0",2,"Bicicleta,Automóvil","Bv. Rondeau Y Artigas",2,1,0,0,1,0,0,,"Calle",,"ROSARIO","Rosario","Asfalto","No existe","II","Dentro","Urbana","Ninguna","No existe","Intersección","Bueno","Buena","Diurna","Buen Tiempo","Lateral","S/D","Atropello","S/D","Faltante","Ninguna","Sin restricción"
2015,2862,24/05/2015,"Domingo",0,10:30:00,,"0.0",2,"Bicicleta,Automóvil","San Martin Y Gaboto",2,1,0,0,1,0,0,,"Calle",,"ROSARIO","Rosario","Asfalto","No existe","II","Dentro","Urbana","Ninguna","No existe","Recta","Bueno","Buena","Diurna","Buen Tiempo","S/D","S/D","Atropello","S/D","Faltante","Ninguna","Sin restricción"
2015,2863,04/05/2015,"Lunes",0,09:00:00,,"0.0",2,"Moto/Ciclomotor,Pickup/Utilitario","Av Gral San Martin Y Belgrano",3,2,0,0,1,0,0,,"Calle",,"VILLA GOBERNADOR GÁLVEZ","Rosario","Asfalto","No existe","II","Dentro","Urbana","Semáforo","Funciona","Intersección","Bueno","Buena","Diurna","Buen Tiempo","Lateral","S/D","Colisión","S/D","Vertical","Cordón divisorio","Sin restricción"
2015,2864,19/05/2015,"Martes",0,20:15:00,,"0.0",2,"Bicicleta,Taxi/Remis","Sarmiento Y 9 De Julio",3,1,0,0,2,0,0,,"Calle",,"ROSARIO","Rosario","Asfalto","S/D","II","Dentro","Urbana","Ninguna","No existe","Intersección","Bueno","Reducida","Nocturna,Con luz artificial","Buen Tiempo","S/D","S/D","Atropello","S/D","Faltante","Cordón divisorio","Sin restricción"
2015,2865,04/05/2015,"Lunes",0,06:30:00,,"0.0",2,"Automóvil,Automóvil","Callao Y Jujuy",2,1,0,0,1,0,0,,"Calle",,"ROSARIO","Rosario","Asfalto","No existe","II","S/D","Urbana","Semáforo","S/D","Recta","Bueno","Buena","Diurna","Buen Tiempo","Otro","S/D","Colisión","Otro","Vertical","Ninguna","Sin restricción"
2015,2866,18/05/2015,"Lunes",0,12:30:00,,"0.0",2,"Automóvil,Automóvil","Garay Y Buenos Aires",3,2,0,0,1,0,0,,"Calle",,"ROSARIO","Rosario","Asfalto","No existe","II","Dentro","Urbana","Ninguna","No existe","Intersección","Bueno","Buena","Diurna","Buen Tiempo","Lateral","S/D","Colisión","Ninguna","Faltante","Ninguna","Sin restricción"
2015,2867,26/05/2015,"Martes",0,13:45:00,,"0.0",2,"Moto/Ciclomotor,Automóvil","Dean Funes Y Colon",2,1,0,0,1,0,0,,"Calle",,"ROSARIO","Rosario","Asfalto","No existe","II","Dentro","Urbana","Ninguna","No existe","Recta","Bueno","Buena","Diurna","Buen Tiempo","De alcance","S/D","Colisión","S/D","Faltante","Ninguna","Sin restricción"
2015,2868,19/05/2015,"Martes",0,00:55:00,,"0.0",2,"Taxi/Remis,Moto/Ciclomotor","Sarmiento Y 3 De Febrero",3,2,0,0,1,0,0,,"Calle",,"ROSARIO","Rosario","Asfalto","S/D","II","Dentro","Urbana","Ninguna","No existe","Intersección","Con baches","Reducida","Nocturna,Con luz artificial","Buen Tiempo","Lateral","S/D","Colisión","S/D","Faltante","Cordón divisorio","Sin restricción"
2015,2869,23/05/2015,"Sabado",0,17:40:00,,"0.0",2,"Bicicleta,Automóvil","L.N.Alem Y Amenabar",2,1,0,0,1,0,0,,"Calle",,"ROSARIO","Rosario","Asfalto","No existe","II","Dentro","Urbana","Ninguna","No existe","Intersección","Bueno","Buena","Diurna","Buen Tiempo","S/D","S/D","Atropello","S/D","Faltante","S/D","Sin restricción"
2015,2870,13/05/2015,"Miercoles",0,21:25:00,,"0.0",2,"Automóvil,Automóvil","Bv. Segui ",3,2,0,0,1,0,0,,"Calle",,"ROSARIO","Rosario","Asfalto","No existe","II","Dentro","Urbana","Ninguna","No existe","Intersección","Bueno","Buena","Nocturna","Buen Tiempo","Lateral","S/D","Colisión","Ninguna","Faltante","Cordón divisorio","Sin restricción"
2015,2871,09/05/2015,"Sabado",0,06:15:00,,"0.0",2,"Moto/Ciclomotor,Automóvil","Guemes Y Santiago",2,1,0,0,0,0,1,,"Calle",,"ROSARIO","Rosario","Asfalto","No existe","II","Dentro","Urbana","Ninguna","No existe","Recta","Bueno","Buena","Diurna","Buen Tiempo","Otro","S/D","Colisión","Otro","Faltante","Ninguna","Sin restricción"
2015,2872,20/05/2015,"Miercoles",0,12:30:00,,"0.0",2,"Moto/Ciclomotor,Pickup/Utilitario","Laprida Y Dr.Rivas",3,2,0,0,1,0,0,,"Calle",,"ROSARIO","Rosario","Asfalto","No existe","II","Dentro","Urbana","Ninguna","No existe","Intersección","Bueno","Buena","Diurna","Buen Tiempo","Lateral","S/D","Colisión","S/D","Faltante","Ninguna","Sin restricción"
2015,2873,13/05/2015,"Miercoles",0,10:30:00,,"0.0",2,"Automóvil,Moto/Ciclomotor","Av. Francia 100",2,1,0,0,1,0,0,,"Avenida",,"ROSARIO","Rosario","Asfalto","No existe","II","S/D","Urbana","Ninguna","No existe","Recta","Bueno","Buena","Diurna","Buen Tiempo","Otro","S/D","Colisión","Otro","Faltante","Ninguna","Sin restricción"
2015,2874,14/05/2015,"Jueves",0,15:50:00,,"0.0",2,"Moto/Ciclomotor,Automóvil","Buenos Aires Y Bv. Segui",2,1,0,0,1,0,0,,"Calle",,"ROSARIO","Rosario","Asfalto","No existe","II","Dentro","Urbana","Ninguna","No existe","Intersección","Bueno","Buena","Diurna","Buen Tiempo","Lateral","S/D","Colisión","Ninguna","Faltante","Cordón divisorio","Sin restricción"
2015,2875,14/05/2015,"Jueves",0,15:30:00,,"0.0",2,"Automóvil,Automóvil","Av. Pellegrini Y Fraga",3,1,0,0,2,0,0,,"Avenida",,"ROSARIO","Rosario","Asfalto","No existe","II","Dentro","Urbana","Semáforo","Funciona","Intersección","Bueno","Buena","Diurna","Buen Tiempo","Lateral","S/D","Colisión","Ninguna","Horizontal","Ninguna","Sin restricción"
2015,2876,03/05/2015,"Domingo",0,20:00:00,,"0.0",2,"Moto/Ciclomotor,Automóvil","Ayolas Y Maipu",3,2,0,0,1,0,0,,"Calle",,"ROSARIO","Rosario","Asfalto","No existe","II","Dentro","Urbana","Ninguna","No existe","Intersección","Bueno","Buena","Nocturna","Buen Tiempo","Lateral","S/D","Colisión","S/D","Faltante","Ninguna","Sin restricción"
2015,2877,11/05/2015,"Lunes",0,18:00:00,,"0.0",2,"Moto/Ciclomotor,Automóvil","Mendoza Y Peru",2,1,0,0,1,0,0,,"Calle",,"ROSARIO","Rosario","Asfalto","No existe","II","Dentro","Urbana","Señal Pare","No existe","Intersección","Bueno","Buena","Diurna","Buen Tiempo","Lateral","S/D","Colisión","Ninguna","Faltante","Cordón divisorio","Sin restricción"
2015,2878,20/05/2015,"Miercoles",0,09:15:00,,"0.0",2,"Taxi/Remis,Taxi/Remis","Santa Fe Y Pje. Marchena",2,1,0,0,1,0,0,,"Calle",,"ROSARIO","Rosario","Asfalto","No existe","II","S/D","Urbana","Semáforo","Funciona","Recta","Otro","S/D","Diurna","Buen Tiempo","Otro","S/D","Colisión","Otro","S/D","Ninguna","Sin restricción"
2015,2879,20/05/2015,"Miercoles",0,07:30:00,,"0.0",2,"Moto/Ciclomotor,Automóvil","Bv. Segui Y Buenos Aires",3,2,0,0,1,0,0,,"Calle",,"ROSARIO","Rosario","Asfalto","No existe","II","Dentro","Urbana","Ninguna","No existe","Intersección","Bueno","Buena","Amanecer,Con luz artificial","Buen Tiempo","Lateral","S/D","Colisión","S/D","Faltante","Cordón divisorio","Sin restricción"
2015,2880,13/05/2015,"Miercoles",0,22:45:00,,"0.0",2,"Automóvil,Moto/Ciclomotor","L.N.Alem Y Saavedra",2,1,0,0,1,0,0,,"Calle",,"ROSARIO","Rosario","Asfalto","No existe","II","Dentro","Urbana","Ninguna","No existe","Intersección","Bueno","Buena","Nocturna","Buen Tiempo","De alcance","S/D","Colisión","Ninguna","Faltante","Ninguna","Sin restricción"
2015,2881,12/05/2015,"Martes",0,17:30:00,,"0.0",2,"Automóvil,Bicicleta","Barra Y Zuviria",2,1,0,0,1,0,0,,"Calle",,"ROSARIO","Rosario","Asfalto","No existe","II","Dentro","Urbana","Marca Vial","No existe","Intersección","Bueno","Buena","Diurna","Buen Tiempo","S/D","S/D","Atropello","Ninguna","Faltante","Cordón divisorio","Sin restricción"
2015,2882,21/05/2015,"Jueves",0,15:00:00,,"0.0",2,"Moto/Ciclomotor,Automóvil","Jujuy Y Av. Francia",2,1,0,0,1,0,0,,"Calle",,"ROSARIO","Rosario","Asfalto","No existe","II","S/D","Urbana","Ninguna","No existe","Recta","S/D","Buena","Diurna","Buen Tiempo","Otro","S/D","Colisión","Otro","Faltante","Ninguna","Sin restricción"
2015,2883,16/05/2015,"Sabado",0,10:00:00,,"0.0",2,"Automóvil,Bicicleta","Rioja Y Matienzo",2,1,0,0,1,0,0,,"Calle",,"ROSARIO","Rosario","Asfalto","No existe","II","Dentro","Urbana","Marca Vial","No existe","Intersección","Bueno","Buena","Diurna","Buen Tiempo","S/D","S/D","Atropello","Ninguna","Faltante","Cordón divisorio","Sin restricción"
2015,2884,12/05/2015,"Martes",0,12:45:00,,"0.0",2,"Automóvil,Automóvil","Bv. Segui Y Laprida",4,2,0,0,2,0,0,,"Calle",,"ROSARIO","Rosario","Asfalto","No existe","II","Dentro","Urbana","Ninguna","No existe","Intersección","Bueno","Buena","Diurna","Buen Tiempo","Lateral","S/D","Colisión","Ninguna","Faltante","Cordón divisorio","Sin restricción"
2015,2885,13/05/2015,"Miercoles",0,17:00:00,,"0.0",2,"Moto/Ciclomotor,Automóvil","Av. Pellegrini Y Liniers",3,1,0,0,2,0,0,,"Avenida",,"ROSARIO","Rosario","Asfalto","No existe","II","Dentro","Urbana","Semáforo","Funciona","Intersección","Bueno","Buena","Diurna","Buen Tiempo","Lateral","S/D","Colisión","Ninguna","Horizontal","Cordón divisorio","Sin restricción"
2015,2886,20/04/2015,"Lunes",0,09:00:00,,"0.0",2,"Moto/Ciclomotor,Automóvil"," ",3,2,0,0,1,0,0,,"Calle",,"ROSARIO","Rosario","Asfalto","No existe","II","Dentro","Urbana","Ninguna","No existe","Intersección","Bueno","Buena","Diurna","Buen Tiempo","Lateral","S/D","Colisión","Ninguna","Faltante","Vegetación","Sin restricción"