"anio_acci","nro_acci","fecha","desc_dia","fecha_aprox","hora_aprox","desc_ruta","km","cant_participantes","desc_participante","calle_avenida_km","total","heridos_leves","heridos_graves","heridos_gravisimos","ilesos","fallecidos","sin_datos","posicion_XY","desc_tipo_via","desc_ruta_ori","desc_loc","desc_dpto","desc_tipo_calzada","desc_tipo_banquina","desc_unidad_regional","desc_lugar_calzada","desc_zona","desc_prioridad","desc_estado_semaforo","desc_lugar_via","desc_estado_via","desc_estado_visibilidad","desc_luminosidad","desc_estado_clima","desc_tipo_colision","desc_tipo_atropello","desc_tipo_hecho","desc_pres_calzada","desc_senializacion","desc_separacion_via","desc_restriccion"
2015,2887,22/05/2015,"Viernes",0,04:00:00,,"0.0",2,"Moto/Ciclomotor,Taxi/Remis","Catamarca Y Vera Mujica",2,1,0,0,1,0,0,,"Calle",,"ROSARIO","Rosario","S/D","No existe","II","S/D","Urbana","Semáforo","Funciona","Recta","Otro","Buena","Atardecer","Buen Tiempo","Otro","S/D","Colisión","Otro","Vertical","Ninguna","Sin restricción"
2015,2888,25/05/2015,"Lunes",0,12:20:00,,"0.0",2,"Peatón,Automóvil","Santiago Y Tucuman",2,1,0,0,1,0,0,,"Calle",,"ROSARIO","Rosario","S/D","No existe","II","S/D","Urbana","Ninguna","No existe","Recta","Otro","Buena","Diurna","Buen Tiempo","S/D","S/D","Atropello","Otro","Faltante","Ninguna","Sin restricción"
2015,2889,22/04/2015,"Miercoles",0,10:30:00,,"0.0",2,"Moto/Ciclomotor,Automóvil","San Martin Y Ayolas",3,2,0,0,1,0,0,,"Calle",,"ROSARIO","Rosario","Asfalto","No existe","II","Dentro","Urbana","Ninguna","Funciona","Intersección","Bueno","Buena","Diurna","Buen Tiempo","Lateral","S/D","Colisión","Ninguna","Horizontal","Ninguna","Sin restricción"
2015,2890,16/05/2015,"Sabado",0,15:00:00,,"0.0",2,"Peatón,Automóvil","Cordoba Y Barra",2,1,0,0,1,0,0,,"Calle",,"ROSARIO","Rosario","Asfalto","No existe","II","Dentro","Urbana","Semáforo","Funciona","Intersección","Bueno","Buena","Diurna","Buen Tiempo","S/D","S/D","Atropello","Ninguna","Horizontal","Cordón divisorio","Sin restricción"
2015,2891,07/05/2015,"Jueves",0,20:00:00,,"0.0",2,"Moto/Ciclomotor,Automóvil","1 de Mayo Y Dr.Rivas",3,2,0,0,1,0,0,,"S/D",,"ROSARIO","Rosario","Asfalto","No existe","II","S/D","S/D","Ninguna","No existe","Intersección","Bueno","Buena","Nocturna","Buen Tiempo","Lateral","S/D","Colisión","Ninguna","Faltante","Ninguna","Sin restricción"
2015,2892,27/05/2015,"Miercoles",0,19:45:00,,"0.0",2,"Moto/Ciclomotor,Automóvil","Rodriguez Y Urquiza",2,1,0,0,0,0,1,,"Calle",,"ROSARIO","Rosario","S/D","No existe","II","S/D","Urbana","Ninguna","No existe","Recta","S/D","Buena","Diurna","Buen Tiempo","Otro","S/D","Colisión","Otro","Faltante","Ninguna","Sin restricción"
2015,2893,09/05/2015,"Sabado",0,16:55:00,,"0.0",2,"Automóvil,Camión","Av. Battle y Ordoñez Y Pueyrredon",2,1,0,0,1,0,0,,"Avenida",,"ROSARIO","Rosario","Asfalto","No existe","II","Dentro","Urbana","Ninguna","No existe","Intersección","Bueno","Buena","Diurna","Buen Tiempo","Lateral","S/D","Colisión","S/D","Faltante","Ninguna","Sin restricción"
2015,2894,16/04/2015,"Jueves",0,08:30:00,,"0.0",1,"Moto/Ciclomotor","Ayolas Y Laprida",2,2,0,0,0,0,0,,"S/D",,"ROSARIO","Rosario","Asfalto","No existe","II","S/D","S/D","Ninguna","No existe","Curva","Bueno","Buena","Diurna","Buen Tiempo","Otro","S/D","Caída ocupante","Ninguna","Faltante","Ninguna","Sin restricción"
2015,2895,19/05/2015,"Martes",0,09:30:00,,"0.0",2,"Automóvil,Camión","Av. Circunvalacion Y Bv. Oroño",3,2,0,0,1,0,0,,"Avenida",,"ROSARIO","Rosario","Asfalto","Pavimento","II","Dentro","Urbana","Ninguna","No existe","Recta","Bueno","Buena","Diurna","Buen Tiempo","De alcance","S/D","Colisión","S/D","Faltante","Ninguna","Sin restricción"
2015,2896,23/05/2015,"Sabado",0,16:00:00,,"0.0",2,"Moto/Ciclomotor,Automóvil","Bv. Avellaneda Y Av. Ntra.Sra.del Rosario",4,3,0,0,1,0,0,,"Avenida",,"ROSARIO","Rosario","Asfalto","Pavimento","II","Dentro","Urbana","Semáforo","Funciona","Intersección","Bueno","Buena","Diurna","Buen Tiempo","De alcance","S/D","Colisión","S/D","Vertical","Ninguna","S/D"
2015,2897,29/05/2015,"Viernes",0,17:00:00,,"0.0",2,"Automóvil,Taxi/Remis","Bv. Avellaneda Y Av. Ntra.Sra.del Rosario",2,1,0,0,1,0,0,,"Avenida",,"ROSARIO","Rosario","Asfalto","Pavimento","II","Dentro","Urbana","Semáforo","Funciona","Intersección","Bueno","Buena","Diurna","Buen Tiempo","Lateral","S/D","Colisión","S/D","Vertical","Ninguna","S/D"
2015,2898,28/05/2015,"Jueves",0,13:20:00,,"0.0",2,"Moto/Ciclomotor,Pickup/Utilitario","San Martin Y Viamonte",2,1,0,0,1,0,0,,"Calle",,"ROSARIO","Rosario","Asfalto","No existe","II","Dentro","Urbana","S/D","No existe","Recta","Bueno","Buena","Diurna","Buen Tiempo","Lateral","S/D","Colisión","Ninguna","Vertical","Línea divisoria pintada","Sin restricción"
2015,2899,07/05/2015,"Jueves",0,20:45:00,,"0.0",2,"Moto/Ciclomotor,Automóvil","Pasco Y Laprida",2,1,0,0,1,0,0,,"Calle",,"ROSARIO","Rosario","Asfalto","No existe","II","Dentro","Urbana","S/D","No existe","Intersección","Bueno","Buena","Nocturna","Buen Tiempo","Lateral","S/D","Colisión","Ninguna","Vertical","Ninguna","Sin restricción"
2015,2900,10/05/2015,"Domingo",0,15:50:00,,"0.0",2,"Moto/Ciclomotor,Automóvil","Pasco Y Esmeralda",2,1,0,0,1,0,0,,"Calle",,"ROSARIO","Rosario","Asfalto","No existe","II","Dentro","Urbana","Ninguna","No existe","Intersección","Bueno","Buena","Diurna","Buen Tiempo","Lateral","S/D","Colisión","Ninguna","Faltante","Ninguna","Sin restricción"
2015,2901,13/05/2015,"Miercoles",0,14:55:00,,"0.0",2,"Moto/Ciclomotor,Automóvil","L.N.Alem Y Ituzaingo",2,1,0,0,1,0,0,,"Calle",,"ROSARIO","Rosario","Asfalto","No existe","II","Dentro","Urbana","S/D","No existe","Intersección","Bueno","Buena","Diurna","Buen Tiempo","Lateral","S/D","Colisión","Ninguna","Vertical","Ninguna","Sin restricción"
2015,2902,29/05/2015,"Viernes",0,06:05:00,,"0.0",2,"Taxi/Remis,Moto/Ciclomotor","San Martin Y Mr.Ross",2,0,1,0,1,0,0,,"Calle",,"ROSARIO","Rosario","Asfalto","No existe","II","Dentro","Urbana","Ninguna","No existe","Intersección","Bueno","Buena","Nocturna","Buen Tiempo","De alcance","S/D","Colisión","S/D","Faltante","Ninguna","Sin restricción"
2015,2903,28/05/2015,"Jueves",0,13:00:00,,"0.0",2,"Moto/Ciclomotor,Automóvil","España Y Juan Canals",2,1,0,0,1,0,0,,"Calle",,"ROSARIO","Rosario","Asfalto","No existe","II","Dentro","Urbana","Ninguna","No existe","Intersección","Bueno","Buena","Diurna","Buen Tiempo","De alcance","S/D","Colisión","S/D","Faltante","Ninguna","Sin restricción"
2015,2904,27/05/2015,"Miercoles",0,16:30:00,,"0.0",2,"Automóvil,Moto/Ciclomotor","Av. Uriburu Y Mariano Moreno",3,1,0,0,2,0,0,,"Calle",,"ROSARIO","Rosario","Asfalto","No existe","II","Dentro","Urbana","Ninguna","No existe","Intersección","Bueno","Buena","Diurna","Buen Tiempo","De alcance","S/D","Colisión","S/D","Faltante","Ninguna","Sin restricción"
2015,2905,08/05/2015,"Viernes",0,14:20:00,,"0.0",3,"Automóvil,Automóvil,Automóvil","Av. Pellegrini 2300",4,2,0,0,2,0,0,,"Avenida",,"ROSARIO","Rosario","Asfalto","S/D","II","Dentro","Urbana","Semáforo","Funciona","Recta","Bueno","Buena","Diurna","Buen Tiempo","Múltiple","S/D","Colisión","S/D","Vertical","S/D","S/D"
2015,2906,26/05/2015,"Martes",0,13:15:00,,"0.0",2,"Moto/Ciclomotor,Ambulancia","Dean Funes Y Dorrego",2,0,1,0,1,0,0,,"Calle",,"ROSARIO","Rosario","Asfalto","No existe","II","Dentro","Urbana","Ninguna","No existe","Intersección","Bueno","Buena","Diurna","Buen Tiempo","De alcance","S/D","Colisión","S/D","Faltante","Ninguna","Sin restricción"
2015,2907,21/05/2015,"Jueves",0,17:10:00,,"0.0",2,"Bicicleta,Camión","Ayacucho Y Benito Juarez",3,2,0,0,1,0,0,,"Calle",,"ROSARIO","Rosario","Asfalto","No existe","II","Dentro","Urbana","Ninguna","No existe","Intersección","Bueno","Buena","Diurna","S/D","Lateral","S/D","Atropello","S/D","S/D","Línea divisoria pintada","Sin restricción"
2015,2908,12/05/2015,"Martes",0,15:50:00,,"0.0",2,"Moto/Ciclomotor,Automóvil","Entre Rios Y Ocampo",2,1,0,0,1,0,0,,"Calle",,"ROSARIO","Rosario","Asfalto","S/D","II","Dentro","Urbana","S/D","S/D","Intersección","Bueno","Buena","Diurna","Buen Tiempo","Lateral","S/D","Colisión","S/D","S/D","S/D","S/D"
2015,2909,02/05/2015,"Sabado",0,13:30:00,,"0.0",2,"Automóvil,Moto/Ciclomotor","Montevideo Y Liniers",2,1,0,0,1,0,0,,"Calle",,"ROSARIO","Rosario","Asfalto","No existe","II","Dentro","Urbana","Marca Vial","No existe","Intersección","Bueno","Buena","Diurna","Buen Tiempo","Lateral","S/D","Colisión","Ninguna","Faltante","S/D","Sin restricción"
2015,2910,24/05/2015,"Domingo",0,15:00:00,,"0.0",2,"Moto/Ciclomotor,Automóvil","Necochea Y Ameghino",3,2,0,0,1,0,0,,"Calle",,"ROSARIO","Rosario","Asfalto","No existe","II","Dentro","Urbana","Ninguna","No existe","Intersección","S/D","S/D","Diurna","Buen Tiempo","Lateral","S/D","Colisión","S/D","S/D","Ninguna","S/D"
2015,2911,11/05/2015,"Lunes",0,13:45:00,,"0.0",2,"Bicicleta,Otros","Bv. Oroño Y Av. Ponce",2,1,0,0,1,0,0,,"Avenida",,"ROSARIO","Rosario","Asfalto","S/D","II","Dentro","Urbana","S/D","S/D","Intersección","Bueno","Buena","Diurna","Buen Tiempo","S/D","S/D","Atropello","S/D","S/D","S/D","S/D"
2015,2912,09/05/2015,"Sabado",0,15:10:00,,"0.0",2,"Moto/Ciclomotor,Automóvil","San Lorenzo Y Campbell",2,1,0,0,1,0,0,,"Calle",,"ROSARIO","Rosario","Asfalto","No existe","II","Dentro","Urbana","Marca Vial","No existe","Intersección","Bueno","Buena","Diurna","Buen Tiempo","Lateral","S/D","Colisión","Ninguna","Faltante","S/D","Sin restricción"
2015,2913,09/05/2015,"Sabado",0,18:00:00,,"0.0",2,"Moto/Ciclomotor,Pickup/Utilitario","G.Carrasco Y Av. Dante Alighieri",3,1,0,0,2,0,0,,"S/D",,"ROSARIO","Rosario","Asfalto","S/D","II","S/D","S/D","S/D","S/D","Intersección","Bueno","Buena","Atardecer","Buen Tiempo","Lateral","S/D","Colisión","S/D","S/D","S/D","S/D"
2015,2914,11/05/2015,"Lunes",0,20:30:00,,"0.0",2,"Bicicleta,Automóvil","Tte.Agneta 1600",2,1,0,0,1,0,0,,"Calle",,"ROSARIO","Rosario","Asfalto","No existe","II","Dentro","Urbana","Marca Vial","No existe","Recta","Bueno","Buena","Nocturna","Buen Tiempo","S/D","S/D","Atropello","Ninguna","Faltante","S/D","Sin restricción"
2015,2915,26/05/2015,"Martes",0,14:20:00,,"0.0",2,"Automóvil,Moto/Ciclomotor","Bv. Segui Y Av. Corrientes",2,1,0,0,1,0,0,,"Calle",,"ROSARIO","Rosario","Asfalto","No existe","II","Dentro","Urbana","Ninguna","No existe","Intersección","Bueno","Buena","Diurna","Buen Tiempo","De alcance","S/D","Colisión","S/D","Faltante","Ninguna","Sin restricción"
2015,2916,19/05/2015,"Martes",0,12:25:00,,"0.0",2,"Automóvil,Moto/Ciclomotor","Av. Ovidio Lagos Y Amenabar",2,1,0,0,1,0,0,,"Avenida",,"ROSARIO","Rosario","Asfalto","S/D","II","Dentro","Urbana","S/D","S/D","Intersección","Bueno","S/D","Diurna","Buen Tiempo","Lateral","S/D","Colisión","S/D","S/D","S/D","S/D"
2015,2917,25/05/2015,"Lunes",0,13:10:00,,"0.0",2,"Automóvil,Moto/Ciclomotor","Bv. Segui Y Dorrego",4,3,0,0,1,0,0,,"Calle",,"ROSARIO","Rosario","Asfalto","No existe","II","Dentro","Urbana","Ninguna","No existe","Intersección","Bueno","Buena","Diurna","Buen Tiempo","De alcance","S/D","Colisión","S/D","Faltante","Ninguna","Sin restricción"
2015,2918,24/05/2015,"Domingo",0,04:00:00,,"0.0",2,"Moto/Ciclomotor,Automóvil","Laprida 4800",2,0,1,0,1,0,0,,"Calle",,"ROSARIO","Rosario","S/D","S/D","II","Dentro","Urbana","Señal Pare","S/D","Intersección","S/D","S/D","Nocturna","Buen Tiempo","Lateral","S/D","Colisión","S/D","S/D","Ninguna","S/D"
2015,2919,19/05/2015,"Martes",0,13:20:00,,"0.0",2,"Transporte de Pasajeros Urbano (> 8 asientos),Peatón","Mendoza Y Roullon",2,1,0,0,1,0,0,,"Calle",,"ROSARIO","Rosario","Asfalto","No existe","II","Dentro","Urbana","Semáforo","Funciona","Intersección","Bueno","Buena","Diurna","Buen Tiempo","S/D","S/D","Atropello","Ninguna","Vertical","S/D","Sin restricción"
2015,2920,15/05/2015,"Viernes",0,06:10:00,,"0.0",2,"Taxi/Remis,Moto/Ciclomotor","Alvear Y Av. Pellegrini",2,1,0,0,1,0,0,,"Calle",,"ROSARIO","Rosario","Asfalto","S/D","II","Dentro","Urbana","Semáforo","Funciona","Intersección","Bueno","Buena","Con luz artificial","Buen Tiempo","Lateral","S/D","Colisión","S/D","Vertical","S/D","S/D"
2015,2921,14/05/2015,"Jueves",0,11:30:00,,"0.0",2,"Vehículo Oficial,Peatón","Rueda 1000",2,2,0,0,0,0,0,,"Calle",,"ROSARIO","Rosario","Asfalto","S/D","II","Dentro","Urbana","S/D","S/D","Recta","Bueno","Buena","Diurna","Buen Tiempo","S/D","S/D","Atropello","S/D","S/D","S/D","S/D"
2015,2922,13/05/2015,"Miercoles",0,12:30:00,,"0.0",2,"Peatón,Automóvil","Guatemala Y White",2,0,1,0,1,0,0,,"Calle",,"ROSARIO","Rosario","Asfalto","No existe","II","Dentro","Urbana","Marca Vial","No existe","Intersección","Bueno","Buena","Diurna","Buen Tiempo","S/D","S/D","Atropello","Ninguna","Faltante","S/D","Sin restricción"
2015,2923,18/05/2015,"Lunes",0,14:35:00,,"0.0",2,"Moto/Ciclomotor,Pickup/Utilitario","Sanchez de Bustamante Y Buenos Aires",3,2,0,0,1,0,0,,"Calle",,"ROSARIO","Rosario","Asfalto","S/D","II","S/D","Urbana","Ninguna","S/D","Intersección","Bueno","Buena","Diurna","Buen Tiempo","Lateral","S/D","Colisión","S/D","S/D","Ninguna","Sin restricción"
2015,2924,04/05/2015,"Lunes",0,19:00:00,,"0.0",2,"Automóvil,Moto/Ciclomotor","Sarmiento Y Cochabamba",2,1,0,0,1,0,0,,"Calle",,"ROSARIO","Rosario","Asfalto","S/D","II","Dentro","Urbana","S/D","S/D","Intersección","Bueno","S/D","Atardecer","Buen Tiempo","Lateral","S/D","Colisión","S/D","S/D","S/D","S/D"
2015,2925,19/05/2015,"Martes",0,17:00:00,,"0.0",2,"Peatón,Automóvil","Av. Ntra.Sra.del Rosario 472",2,1,0,0,1,0,0,,"Avenida",,"ROSARIO","Rosario","Asfalto","S/D","II","Dentro","Urbana","Otra Señal","No existe","Recta","S/D","Buena","Diurna","S/D","S/D","S/D","Atropello","S/D","Vertical","Ninguna","Sin restricción"
2015,2926,10/05/2015,"Domingo",0,,,"0.0",2,"Moto/Ciclomotor,Automóvil","Alzugaray Y Salva",3,2,0,0,1,0,0,,"Calle",,"ROSARIO","Rosario","Asfalto","No existe","II","Dentro","Urbana","S/D","No existe","Intersección","S/D","S/D","S/D","S/D","Lateral","S/D","Colisión","S/D","S/D","Ninguna","Sin restricción"
2015,2927,23/05/2015,"Sabado",0,15:50:00,,"0.0",2,"Taxi/Remis,Moto/Ciclomotor","Uruguay Y España",3,2,0,0,1,0,0,,"Calle",,"ROSARIO","Rosario","Asfalto","No existe","II","Dentro","Urbana","Ninguna","No existe","Intersección","Bueno","Buena","Diurna","Buen Tiempo","De alcance","S/D","Colisión","S/D","Faltante","Ninguna","Sin restricción"
2015,2928,07/04/2015,"Martes",0,12:30:00,"Ruta Nacional 33","848.0",2,"Moto/Ciclomotor,Automóvil","Ruta Nac 33 848",2,1,0,0,1,0,0,,"Ruta",33,"PEREZ","Rosario","S/D","No existe","II","Dentro","Urbana","Ninguna","No existe","Recta","S/D","Buena","Diurna","S/D","De alcance","S/D","Colisión","S/D","Faltante","Línea divisoria pintada","Sin restricción"
2015,2929,22/05/2015,"Viernes",0,22:00:00,,"0.0",2,"Automóvil,Bicicleta","Sarmiento 4600",2,1,0,0,1,0,0,,"Calle",,"ROSARIO","Rosario","Asfalto","No existe","II","Dentro","Urbana","Ninguna","No existe","Recta","Bueno","Buena","Nocturna","Buen Tiempo","De alcance","S/D","Atropello","S/D","Faltante","Ninguna","Sin restricción"
2015,2930,21/05/2015,"Jueves",0,17:50:00,,"0.0",2,"Bicicleta,Automóvil","Dean Funes Y Entre Rios",2,1,0,0,1,0,0,,"Calle",,"ROSARIO","Rosario","Asfalto","No existe","II","Dentro","Urbana","Ninguna","No existe","Intersección","Bueno","Buena","Atardecer","Buen Tiempo","De alcance","S/D","Atropello","S/D","Faltante","Ninguna","Sin restricción"
2015,2931,13/04/2015,"Lunes",0,13:45:00,"Ruta Nacional 33","0.0",2,"Automóvil,Pickup/Utilitario","Ruta Nac 33 Y Dante Alighieri",2,1,0,0,1,0,0,,"Ruta",33,"PEREZ","Rosario","S/D","No existe","II","Dentro","Urbana","Ninguna","No existe","Recta","S/D","Buena","Diurna","Otro","De alcance","S/D","Colisión","S/D","Faltante","Línea divisoria pintada","Sin restricción"
2015,2932,07/05/2015,"Jueves",0,23:30:00,,"0.0",2,"Vehículo Oficial,Taxi/Remis","Av. Ntra.Sra.del Rosario Y Castro",4,4,0,0,0,0,0,,"Avenida",,"ROSARIO","Rosario","Asfalto","No existe","II","Dentro","Urbana","Semáforo","Funciona","Intersección","Bueno","S/D","Nocturna","S/D","Lateral","S/D","Colisión","S/D","S/D","Ninguna","Sin restricción"
2015,2933,20/05/2015,"Miercoles",0,08:35:00,,"0.0",2,"Automóvil,Moto/Ciclomotor","Bv. Segui Y Paraguay",3,2,0,0,1,0,0,,"Calle",,"ROSARIO","Rosario","Asfalto","No existe","II","Dentro","Urbana","Ninguna","No existe","Intersección","Bueno","Buena","Diurna","Buen Tiempo","De alcance","S/D","Colisión","S/D","Faltante","Ninguna","Sin restricción"
2015,2934,05/05/2015,"Martes",0,17:15:00,,"0.0",2,"Pickup/Utilitario,Moto/Ciclomotor","España Y Ituzaingo",3,2,0,0,1,0,0,,"Calle",,"ROSARIO","Rosario","Asfalto","S/D","II","Dentro","Urbana","S/D","S/D","Intersección","Bueno","Buena","Atardecer","Buen Tiempo","Lateral","S/D","Colisión","S/D","S/D","S/D","S/D"
2015,2935,08/05/2015,"Viernes",0,12:00:00,,"0.0",2,"Automóvil,Pickup/Utilitario","Pte.Roca Y Ituzaingo",2,1,0,0,1,0,0,,"Calle",,"ROSARIO","Rosario","Asfalto","S/D","II","Fuera","Urbana","S/D","S/D","Intersección","Bueno","Buena","Diurna","Buen Tiempo","Lateral","S/D","Colisión","S/D","S/D","S/D","S/D"
2015,2936,21/04/2015,"Martes",0,15:20:00,"Ruta Nacional 33","0.0",2,"Automóvil,Automóvil","RUTA NAC 33 Y CORTADA PEÑALOZA",2,2,0,0,0,0,0,,"Ruta",33,"PEREZ","Rosario","S/D","No existe","II","Dentro","Urbana","Ninguna","No existe","Intersección","Otro","Buena","Atardecer","Otro","Lateral","S/D","Colisión","S/D","Faltante","Línea divisoria pintada","Sin restricción"
2015,2937,01/05/2015,"Viernes",0,19:50:00,,"0.0",2,"Bicicleta,Automóvil","Laprida Y Av. Ntra.Sra.del Rosario",2,1,0,0,1,0,0,,"Avenida",,"ROSARIO","Rosario","Asfalto","S/D","II","Dentro","Urbana","Señal Pare","No existe","Intersección","S/D","S/D","Atardecer","S/D","S/D","S/D","Atropello","S/D","Vertical","Ninguna","Sin restricción"
2015,2938,09/05/2015,"Sabado",0,13:05:00,,"0.0",2,"Moto/Ciclomotor,Peatón","Av. Pellegrini Y Dorrego",2,2,0,0,0,0,0,,"Avenida",,"ROSARIO","Rosario","Asfalto","S/D","II","Dentro","Urbana","S/D","Funciona","Recta","Bueno","Buena","S/D","Buen Tiempo","S/D","S/D","Atropello","S/D","Vertical","S/D","S/D"
2015,2939,02/05/2015,"Sabado",0,10:20:00,,"0.0",2,"Moto/Ciclomotor,Automóvil","Salva Y Av. Ntra.Sra.del Rosario",4,2,0,0,2,0,0,,"Avenida",,"ROSARIO","Rosario","Asfalto","No existe","II","Dentro","Urbana","Ninguna","No existe","Intersección","S/D","Buena","Diurna","S/D","Lateral","S/D","Colisión","S/D","S/D","Ninguna","Sin restricción"
2015,2940,08/05/2015,"Viernes",0,12:25:00,,"0.0",2,"Moto/Ciclomotor,Automóvil","1 de Mayo Y Ayolas",2,1,0,0,1,0,0,,"Calle",,"ROSARIO","Rosario","Asfalto","No existe","II","Dentro","Urbana","Señal Pare","No existe","Intersección","Bueno","Buena","Diurna","Buen Tiempo","Lateral","S/D","Colisión","Ninguna","Vertical","Ninguna","Sin restricción"
2015,2941,05/05/2015,"Martes",0,19:30:00,,"0.0",2,"Moto/Ciclomotor,Moto/Ciclomotor","Ayacucho Y Dr.Rivas",3,2,0,0,1,0,0,,"Calle",,"ROSARIO","Rosario","Asfalto","No existe","II","Dentro","Urbana","Ninguna","No existe","Intersección","Bueno","Buena","Nocturna","Buen Tiempo","Lateral","S/D","Colisión","Ninguna","Faltante","Ninguna","Sin restricción"
2015,2942,24/05/2015,"Domingo",0,15:00:00,,"0.0",2,"Automóvil,Moto/Ciclomotor","Galvez Y Paraguay",2,1,0,0,1,0,0,,"Calle",,"ROSARIO","Rosario","Asfalto","S/D","II","Dentro","Urbana","S/D","S/D","Intersección","Bueno","Buena","Diurna","Buen Tiempo","Lateral","S/D","Colisión","S/D","S/D","S/D","S/D"
2015,2943,19/05/2015,"Martes",0,08:35:00,,"0.0",2,"Automóvil,Moto/Ciclomotor","Bv. Segui Y Balcarce",2,1,0,0,1,0,0,,"Calle",,"ROSARIO","Rosario","Asfalto","No existe","II","Dentro","Urbana","Ninguna","No existe","Intersección","Bueno","Buena","Diurna","Buen Tiempo","De alcance","S/D","Colisión","Ninguna","Faltante","Ninguna","Sin restricción"
2015,2944,18/05/2015,"Lunes",0,21:50:00,,"0.0",2,"Automóvil,Bicicleta","San Martin Y Ayolas",2,1,0,0,1,0,0,,"Calle",,"ROSARIO","Rosario","Asfalto","No existe","II","Dentro","Urbana","Semáforo","Funciona","Intersección","Bueno","Buena","Nocturna","Buen Tiempo","S/D","S/D","Atropello","Ninguna","Faltante","Ninguna","Sin restricción"
2015,2945,16/05/2015,"Sabado",0,22:05:00,,"0.0",2,"Automóvil,Moto/Ciclomotor","San Martin Y Bv. Segui",2,1,0,0,1,0,0,,"Avenida",,"ROSARIO","Rosario","Asfalto","No existe","II","Dentro","Urbana","Semáforo","Funciona","Intersección","Bueno","Buena","Nocturna","Buen Tiempo","De alcance","S/D","Colisión","Ninguna","Horizontal","Ninguna","Sin restricción"
2015,2946,15/05/2015,"Viernes",0,18:35:00,,"0.0",2,"Automóvil,Tracción animal / Carro","Juan Canals Y Balcarce",2,1,0,0,1,0,0,,"Calle",,"ROSARIO","Rosario","Asfalto","No existe","II","Dentro","Urbana","Ninguna","No existe","Intersección","Bueno","Buena","Diurna","Buen Tiempo","S/D","S/D","Atropello","Ninguna","Faltante","Ninguna","Sin restricción"
2015,2947,07/05/2015,"Jueves",0,10:30:00,,"0.0",2,"Automóvil,Moto/Ciclomotor","Av Fuerza Aerea Y Golondrinas",2,1,0,0,1,0,0,,"Avenida",,"FUNES","Rosario","Asfalto","Ripio","II","S/D","Urbana","S/D","S/D","Recta","Bueno","Buena","Diurna","Buen Tiempo","S/D","S/D","Colisión","Ninguna","S/D","Ninguna","Sin restricción"
2015,2948,05/05/2015,"Martes",0,20:15:00,,"0.0",2,"Automóvil,Bicicleta","Bv. Segui Y Mariano Moreno",2,1,0,0,1,0,0,,"Calle",,"ROSARIO","Rosario","Asfalto","No existe","II","Dentro","Urbana","Ninguna","No existe","Recta","Bueno","Buena","Nocturna","Buen Tiempo","S/D","S/D","Atropello","Ninguna","Faltante","Ninguna","Sin restricción"
2015,2949,26/05/2015,"Martes",0,22:30:00,,"0.0",2,"Automóvil,Automóvil","Galvez Y Pueyrredon",2,2,0,0,0,0,0,,"Calle",,"ROSARIO","Rosario","Asfalto","S/D","II","Dentro","Urbana","S/D","S/D","Intersección","Bueno","Buena","Nocturna,Con luz artificial","Buen Tiempo","Lateral","S/D","Colisión","S/D","S/D","S/D","S/D"
2015,2950,08/05/2015,"Viernes",0,14:15:00,,"0.0",2,"Moto/Ciclomotor,Taxi/Remis","Bv. Segui Y Bv. Oroño",2,1,0,0,1,0,0,,"Calle",,"ROSARIO","Rosario","Asfalto","No existe","II","Dentro","Urbana","Semáforo","Funciona","Intersección","Bueno","Buena","Diurna","Buen Tiempo","De alcance","S/D","Colisión","Ninguna","Horizontal","Ninguna","Sin restricción"
2015,2951,08/05/2015,"Viernes",0,21:00:00,,"0.0",2,"Automóvil,Bicicleta","San Martin Y Amenabar",2,1,0,0,1,0,0,,"Avenida",,"ROSARIO","Rosario","Asfalto","No existe","II","Dentro","Urbana","Semáforo","Funciona","Intersección","Bueno","Buena","Nocturna","Buen Tiempo","S/D","S/D","Atropello","Ninguna","Horizontal","Ninguna","Sin restricción"
2015,2952,28/05/2015,"Jueves",0,21:45:00,,"0.0",2,"Moto/Ciclomotor,Automóvil","Brandsen ",2,1,0,0,1,0,0,,"Calle",,"ROSARIO","Rosario","Asfalto","S/D","II","Dentro","Urbana","S/D","S/D","Intersección","Bueno","Buena","Nocturna,Con luz artificial","Buen Tiempo","Lateral","S/D","Colisión","S/D","S/D","S/D","Sin restricción"
2015,2953,04/05/2015,"Lunes",0,13:00:00,,"0.0",2,"Moto/Ciclomotor,Pickup/Utilitario","Quintana Y Pedro Alejandro Vittori",2,1,0,0,1,0,0,,"Calle",,"SANTA FE","La Capital","Hormigón","No existe","I","Dentro","Urbana","Ninguna","No existe","Intersección","Bueno","Buena","Diurna","Buen Tiempo","Lateral","S/D","Colisión","Ninguna","Faltante","Ninguna","Sin restricción"
2015,2954,04/05/2015,"Lunes",0,11:30:00,,"0.0",2,"Moto/Ciclomotor,Automóvil","Luciano Molinas Y Guemes",2,1,0,0,1,0,0,,"Calle",,"SANTA FE","La Capital","S/D","S/D","I","Dentro","Urbana","S/D","S/D","Intersección","S/D","S/D","Diurna","S/D","Lateral","S/D","Colisión","S/D","S/D","S/D","S/D"