"anio_acci","nro_acci","fecha","desc_dia","fecha_aprox","hora_aprox","desc_ruta","km","cant_participantes","desc_participante","calle_avenida_km","total","heridos_leves","heridos_graves","heridos_gravisimos","ilesos","fallecidos","sin_datos","posicion_XY","desc_tipo_via","desc_ruta_ori","desc_loc","desc_dpto","desc_tipo_calzada","desc_tipo_banquina","desc_unidad_regional","desc_lugar_calzada","desc_zona","desc_prioridad","desc_estado_semaforo","desc_lugar_via","desc_estado_via","desc_estado_visibilidad","desc_luminosidad","desc_estado_clima","desc_tipo_colision","desc_tipo_atropello","desc_tipo_hecho","desc_pres_calzada","desc_senializacion","desc_separacion_via","desc_restriccion"
2015,2955,19/05/2015,"Martes",0,08:40:00,,"0.0",2,"Pickup/Utilitario,Automóvil","Mariano Moreno Y Galvez",4,3,0,0,1,0,0,,"Calle",,"ROSARIO","Rosario","Asfalto","Pavimento","II","Dentro","Urbana","S/D","No existe","Intersección","Resbaladiza","Buena","Diurna","Buen Tiempo","Lateral","S/D","Colisión","Agua","Vertical","S/D","Sin restricción"
2015,2956,06/05/2015,"Miercoles",0,13:00:00,,"0.0",2,"Automóvil,Automóvil","Nicasio Oroño Y Av Leandro Alem",2,1,0,0,1,0,0,,"Avenida",,"SANTA FE","La Capital","S/D","S/D","I","Dentro","Urbana","S/D","S/D","Intersección","S/D","S/D","Diurna","S/D","Lateral","S/D","Colisión","S/D","S/D","S/D","S/D"
2015,2957,08/05/2015,"Viernes",0,10:30:00,,"0.0",2,"Moto/Ciclomotor,Pickup/Utilitario","Av A del Valle Y Domingo Silva",3,2,0,0,1,0,0,,"Avenida",,"SANTA FE","La Capital","Hormigón","No existe","I","Dentro","Urbana","Ninguna","No existe","Intersección","Bueno","Buena","Diurna","Buen Tiempo","Lateral","S/D","Colisión","Ninguna","Faltante","Ninguna","Sin restricción"
2015,2958,08/05/2015,"Viernes",0,09:30:00,,"0.0",2,"Moto/Ciclomotor,Automóvil","Av A del Valle 6500",2,1,0,0,1,0,0,,"Avenida",,"SANTA FE","La Capital","Hormigón","No existe","I","Dentro","Urbana","Semáforo","Funciona","Recta","Bueno","Buena","Diurna","Buen Tiempo","De alcance","S/D","Colisión","Ninguna","Vertical","Ninguna","Sin restricción"
2015,2959,10/05/2015,"Domingo",0,07:10:00,,"0.0",2,"Moto/Ciclomotor,Otros","9 de Julio Y Agustin Delgado",2,1,0,0,1,0,0,,"Calle",,"SANTA FE","La Capital","Hormigón","No existe","I","Dentro","Urbana","Ninguna","No existe","Intersección","Con baches","Buena","Amanecer,Con luz artificial","Buen Tiempo","Lateral","S/D","Caída ocupante,Colisión","Ninguna","Faltante","Ninguna","Sin restricción"
2015,2960,08/05/2015,"Viernes",0,15:10:00,"Ruta Nacional 9","0.0",2,"Moto/Ciclomotor,Moto/Ciclomotor","Suipacha ",2,2,0,0,0,0,0,,"Ruta",9,"FUNES","Rosario","Asfalto","Pavimento","II","S/D","Urbana","S/D","S/D","Intersección","Bueno","Buena","Diurna","Buen Tiempo","S/D","S/D","Colisión","Ninguna","S/D","S/D","Sin restricción"
2015,2961,12/05/2015,"Martes",0,07:50:00,,"0.0",2,"Moto/Ciclomotor,Automóvil","Domingo Silva 2400",2,1,0,0,1,0,0,,"Calle",,"SANTA FE","La Capital","Hormigón","No existe","I","Dentro","Urbana","Ninguna","No existe","Recta","Bueno","Buena","Diurna","Buen Tiempo","De alcance","S/D","Caída ocupante,Colisión","Ninguna","Faltante","Ninguna","Sin restricción"
2015,2962,13/05/2015,"Miercoles",0,12:30:00,"Ruta Nacional 9","0.0",3,"Pickup/Utilitario,Automóvil,Automóvil","Moreno ",3,1,0,0,2,0,0,,"Ruta",9,"FUNES","Rosario","Asfalto","No existe","II","S/D","Urbana","S/D","S/D","Intersección","Bueno","S/D","Diurna","Buen Tiempo","Múltiple","S/D","Colisión","Ninguna","Vertical","S/D","Sin restricción"
2015,2963,19/05/2015,"Martes",0,18:15:00,,"0.0",2,"Automóvil,Moto/Ciclomotor","Bruno Baranosky 2700",2,1,0,0,1,0,0,,"Avenida",,"LAGUNA PAIVA","La Capital","Ripio","No existe","I","Dentro","Urbana","Ninguna","No existe","Recta","Con baches","Buena","Nocturna","Buen Tiempo","De alcance","S/D","Colisión","Material Suelto","Vertical","Ninguna","Sin restricción"
2015,2964,20/05/2015,"Miercoles",0,23:30:00,,"0.0",2,"Pickup/Utilitario,Moto/Ciclomotor","España Y La Paz",2,1,0,0,1,0,0,,"Calle",,"ROSARIO","Rosario","Asfalto","S/D","II","Dentro","Urbana","S/D","S/D","Intersección","S/D","Buena","Nocturna,Con luz artificial","Buen Tiempo","Lateral","S/D","Colisión","S/D","S/D","S/D","S/D"
2015,2965,23/05/2015,"Sabado",0,21:10:00,,"0.0",2,"Moto/Ciclomotor,Automóvil","Francia Y Gdor Crespo",3,2,0,0,1,0,0,,"Calle",,"SANTA FE","La Capital","Asfalto","S/D","I","S/D","Urbana","S/D","S/D","Intersección","S/D","S/D","Nocturna","S/D","S/D","S/D","Colisión","S/D","S/D","S/D","S/D"
2015,2966,20/05/2015,"Miercoles",0,14:40:00,,"0.0",2,"Automóvil,Moto/Ciclomotor","Mitre Y Montevideo",2,2,0,0,0,0,0,,"Calle",,"FUNES","Rosario","Asfalto","No existe","II","Dentro","Urbana","Ninguna","No existe","Intersección","Bueno","Buena","Diurna","Buen Tiempo","S/D","S/D","Colisión","S/D","S/D","Ninguna","Sin restricción"
2015,2967,20/05/2015,"Miercoles",0,18:20:00,"Ruta Nacional 9","0.0",2,"Automóvil,Moto/Ciclomotor","Candelaria ",2,1,0,0,1,0,0,,"Ruta",9,"FUNES","Rosario","Asfalto","Pavimento","II","Dentro","Urbana","S/D","S/D","Recta","Bueno","Buena","Atardecer","Buen Tiempo","S/D","S/D","Colisión","S/D","S/D","S/D","S/D"
2015,2968,12/05/2015,"Martes",0,11:15:00,,"0.0",2,"Moto/Ciclomotor,Automóvil","Av A del Valle Y Pedro Ferre",2,1,0,0,1,0,0,,"Avenida",,"SANTA FE","La Capital","Hormigón","No existe","I","Dentro","Urbana","Semáforo","Funciona","Intersección","Bueno","Buena","Diurna","Buen Tiempo","Lateral","S/D","Caída ocupante,Colisión","Ninguna","Vertical","Ninguna","Sin restricción"
2015,2969,26/05/2015,"Martes",0,21:40:00,,"0.0",2,"Automóvil,Automóvil","Av. Jorge Newbery Y Tarragona",2,2,0,0,0,0,0,,"S/D",,"ROSARIO","Rosario","S/D","S/D","II","S/D","S/D","S/D","S/D","Intersección","S/D","S/D","Nocturna","S/D","S/D","S/D","S/D","S/D","S/D","S/D","S/D"
2015,2970,23/05/2015,"Sabado",0,11:05:00,,"0.0",2,"Automóvil,Moto/Ciclomotor","España Y Cochabamba",2,1,0,0,1,0,0,,"Calle",,"ROSARIO","Rosario","Asfalto","S/D","II","Dentro","Urbana","S/D","S/D","Intersección","Bueno","Buena","S/D","Buen Tiempo","Lateral","S/D","Colisión","S/D","S/D","S/D","S/D"
2015,2971,24/05/2015,"Domingo",0,02:00:00,,"0.0",2,"Moto/Ciclomotor,Peatón","Av Freyre 2765",2,2,0,0,0,0,0,"-31.641611111111,-60.717166666667","Avenida",,"SANTA FE","La Capital","Asfalto","S/D","I","S/D","Urbana","S/D","S/D","Recta","S/D","S/D","Nocturna","S/D","S/D","S/D","Atropello","S/D","S/D","S/D","S/D"
2015,2972,09/05/2015,"Sabado",0,17:30:00,,"0.0",2,"Automóvil,Pickup/Utilitario","Junin Y San Luis",2,1,0,0,1,0,0,,"Calle",,"SANTA FE","La Capital","Hormigón","No existe","I","Dentro","Urbana","Semáforo","Funciona","Intersección","Con baches","Buena","Diurna","Buen Tiempo","Lateral","S/D","Colisión","Ninguna","Horizontal,Vertical","Ninguna","Sin restricción"
2015,2973,25/05/2015,"Lunes",0,19:10:00,"Autopista Nacional Rosario -Cordoba","0.0",2,"Automóvil,Moto/Ciclomotor"," ",4,3,0,0,1,0,0,,"Autopista","Rosario -Cordoba","FUNES","Rosario","Asfalto","Natural","II","S/D","S/D","S/D","S/D","Recta","Bueno","Reducida","Atardecer","Buen Tiempo","S/D","S/D","Colisión","Ninguna","S/D","Vegetación","Sin restricción"
2015,2974,26/05/2015,"Martes",0,08:50:00,,"0.0",2,"Moto/Ciclomotor,Pickup/Utilitario","Av Pte Peron Y Pujato Crespo",2,1,0,0,1,0,0,,"Avenida",,"SANTA FE","La Capital","Asfalto","S/D","I","S/D","Urbana","S/D","S/D","Intersección","S/D","S/D","Diurna","S/D","S/D","S/D","Colisión","S/D","S/D","S/D","S/D"
2015,2975,26/05/2015,"Martes",0,08:50:00,,"0.0",2,"Pickup/Utilitario,Moto/Ciclomotor","Av Fuerza Aerea Y Ñandu",2,1,0,0,1,0,0,,"Avenida",,"FUNES","Rosario","Asfalto","Ripio","II","Dentro","Urbana","Policía de tránsito","No existe","Recta","S/D","Buena","Diurna","Buen Tiempo","S/D","S/D","Colisión","S/D","S/D","Ninguna","Desvío Provisorio"
2015,2976,21/05/2015,"Jueves",0,16:00:00,,"0.0",2,"Moto/Ciclomotor,Moto/Ciclomotor","J.B.Justo Y Donado",2,2,0,0,0,0,0,,"Calle",,"ROSARIO","Rosario","S/D","S/D","II","S/D","Urbana","S/D","S/D","Intersección","S/D","S/D","Diurna","S/D","S/D","S/D","S/D","S/D","S/D","S/D","S/D"
2015,2977,04/05/2015,"Lunes",0,13:20:00,,"0.0",2,"Automóvil,Moto/Ciclomotor","Sarratea Bis 1100",3,2,0,0,1,0,0,,"Calle",,"ROSARIO","Rosario","Asfalto","Pavimento","II","Dentro","Urbana","S/D","S/D","Recta","Bueno","Buena","Diurna","Buen Tiempo","De alcance","S/D","Colisión","S/D","S/D","S/D","S/D"
2015,2978,26/05/2015,"Martes",0,16:00:00,,"0.0",2,"Automóvil,Camión","Lamadrid Y Mendoza",2,1,0,0,1,0,0,,"Calle",,"SANTA FE","La Capital","Asfalto","S/D","I","S/D","Urbana","S/D","S/D","Intersección","S/D","S/D","Diurna","S/D","S/D","S/D","Colisión","S/D","S/D","S/D","S/D"
2015,2979,14/02/2015,"Sabado",0,01:00:00,,"0.0",2,"Moto/Ciclomotor,Automóvil","C.Larralde Y Bertole",2,0,0,0,1,1,0,"-32.965416666667,-60.726083333333","Calle",,"ROSARIO","Rosario","Asfalto","Natural","II","Dentro","Urbana","Ninguna","No existe","Intersección","Deteriorada","Buena","Nocturna","Buen Tiempo","Frontal","S/D","Colisión","Ninguna","Faltante","Ninguna","Sin restricción"
2015,2980,14/02/2015,"Sabado",0,13:45:00,"Ruta Provincial 3","0.0",2,"Camión,Camión"," ",3,1,0,0,1,1,0,"-28.285810, -59.982240","Ruta",3,"CAÑADA OMBÚ","Vera","Tierra","Natural","IX","Dentro","Rural","Ninguna","No existe","Curva","Otro","Reducida polvo","Diurna","Buen Tiempo","De alcance","S/D","Colisión","Material Suelto","S/D","Ninguna","Sin restricción"
2015,2981,15/02/2015,"Domingo",0,18:50:00,"Ruta Nacional 19","78.9",3,"Peatón,Peatón,Pickup/Utilitario","RN 19 km 78,9 asc ",7,0,1,0,5,1,0,"-31.524374, -61.573735","Ruta",19,"ANGÉLICA","Castellanos","Hormigón","Pavimento","V","Fuera","Rural","Ninguna","No existe","Recta","Bueno","Buena","Diurna","Buen Tiempo","Otro","S/D","Atropello,Despiste","S/D","Vertical","Vegetación","S/D"
2015,2982,01/04/2015,"Miercoles",0,13:55:00,,"0.0",2,"Moto/Ciclomotor,Otros","Av. Circunvalacion Y Ayolas",2,1,0,0,1,0,0,,"Calle",,"ROSARIO","Rosario","Asfalto","Pavimento","II","Dentro","Urbana","Ninguna","No existe","Intersección","Bueno","Buena","Diurna","Buen Tiempo","De alcance","S/D","Colisión","S/D","Faltante","Guardarrail","Sin restricción"
2015,2983,06/05/2015,"Miercoles",0,19:15:00,,"0.0",2,"Moto/Ciclomotor,Automóvil","Donado Y Pje. del Campo A",2,1,0,0,1,0,0,,"Calle",,"ROSARIO","Rosario","Asfalto","Pavimento","II","Dentro","Urbana","S/D","S/D","Intersección","Bueno","Reducida","Atardecer","Buen Tiempo","Lateral","S/D","Colisión","S/D","S/D","S/D","S/D"
2015,2984,07/05/2015,"Jueves",0,17:50:00,,"0.0",1,"Moto/Ciclomotor","Junin Y Estado de Israel",1,1,0,0,0,0,0,,"Calle",,"ROSARIO","Rosario","Asfalto","Pavimento","II","Dentro","Urbana","Ninguna","No existe","Intersección","S/D","Buena","Atardecer","Buen Tiempo","S/D","S/D","Caída ocupante","S/D","S/D","Vegetación","Sin restricción"
2015,2985,07/05/2015,"Jueves",0,11:40:00,,"0.0",2,"Bicicleta,Camión","Cordoba 8600",2,1,0,0,1,0,0,,"Calle",,"ROSARIO","Rosario","Asfalto","Pavimento","II","Dentro","Urbana","S/D","S/D","Recta","Bueno","Buena","Diurna","Buen Tiempo","S/D","S/D","Atropello","S/D","S/D","S/D","S/D"
2015,2986,08/05/2015,"Viernes",0,17:10:00,,"0.0",2,"Moto/Ciclomotor,Automóvil","Pje. Ghandi Y Tte.Agneta",3,2,0,0,1,0,0,,"Calle",,"ROSARIO","Rosario","S/D","No existe","II","Dentro","Urbana","Ninguna","No existe","Intersección","S/D","S/D","Diurna","S/D","S/D","S/D","Colisión","S/D","Faltante","Ninguna","Sin restricción"
2015,2987,08/05/2015,"Viernes",0,23:30:00,,"0.0",2,"Moto/Ciclomotor,Automóvil","Av. Circunvalacion Y Cordoba",2,1,0,0,1,0,0,,"Avenida",,"ROSARIO","Rosario","Asfalto","Pavimento","II","Dentro","Urbana","Semáforo","Funciona","Intersección","S/D","Buena","Nocturna","Buen Tiempo","Lateral","S/D","Colisión","Material Suelto","S/D","Guardarrail","Sin restricción"
2015,2988,10/05/2015,"Domingo",0,21:25:00,,"0.0",2,"Automóvil,Moto/Ciclomotor","Av. Eva Peron 8000",2,1,0,0,1,0,0,,"Avenida",,"ROSARIO","Rosario","Asfalto","Pavimento","II","Dentro","Urbana","S/D","S/D","Intersección","Bueno","Buena","Nocturna","Buen Tiempo","Lateral","S/D","Colisión","S/D","S/D","S/D","S/D"
2015,2989,10/05/2015,"Domingo",0,08:00:00,,"0.0",2,"Automóvil,Automóvil","Solis Y Gorriti",4,2,1,0,1,0,0,,"Calle",,"ROSARIO","Rosario","S/D","No existe","II","S/D","Urbana","Semáforo","No existe","Intersección","S/D","S/D","Diurna","S/D","Lateral","S/D","Colisión","S/D","Faltante","Ninguna","S/D"
2015,2990,09/05/2015,"Sabado",0,09:00:00,,"0.0",2,"Moto/Ciclomotor,Moto/Ciclomotor","Balcarce Y Las Heras",2,1,0,0,1,0,0,,"Calle",,"SANTA FE","La Capital","S/D","S/D","I","Dentro","Urbana","S/D","S/D","Intersección","S/D","S/D","Diurna","S/D","Lateral","S/D","Colisión","S/D","S/D","S/D","S/D"
2015,2991,29/05/2015,"Viernes",0,17:10:00,,"0.0",2,"Moto/Ciclomotor,Peatón","Urquiza Y Adolfo Alsina",2,1,0,0,1,0,0,,"S/D",,"FUNES","Rosario","S/D","S/D","II","S/D","S/D","S/D","S/D","S/D","S/D","S/D","S/D","S/D","S/D","S/D","Atropello","S/D","S/D","S/D","S/D"
2015,2992,26/05/2015,"Martes",0,17:30:00,,"0.0",2,"Automóvil,Moto/Ciclomotor","Fraga Y F.M.Esquiu",2,1,0,0,1,0,0,,"Calle",,"ROSARIO","Rosario","S/D","No existe","II","S/D","Urbana","Ninguna","No existe","Intersección","S/D","S/D","Diurna","S/D","Múltiple","S/D","Colisión","S/D","Faltante","Ninguna","Sin restricción"
2015,2993,30/05/2015,"Sabado",0,07:55:00,,"0.0",2,"Automóvil,Bicicleta"," ",2,1,0,0,1,0,0,,"Calle",,"FUNES","Rosario","Asfalto","S/D","II","Dentro","Urbana","Ninguna","No existe","Intersección","Bueno","Reducida","Atardecer","Buen Tiempo","S/D","S/D","Atropello","Ninguna","S/D","Vegetación","Sin restricción"
2015,2994,13/05/2015,"Miercoles",0,18:20:00,,"0.0",2,"Automóvil,Moto/Ciclomotor","Av. Eva Peron Y Acevedo Bis",2,1,0,0,1,0,0,,"Avenida",,"ROSARIO","Rosario","Asfalto,Ripio","Ripio","II","Dentro","Urbana","S/D","S/D","Intersección","Bueno","Buena","Atardecer","Buen Tiempo","Lateral","S/D","Colisión","S/D","S/D","S/D","S/D"
2015,2995,22/05/2015,"Viernes",0,19:30:00,,"0.0",2,"Automóvil,Moto/Ciclomotor","J.J.Paso Y 10 De Diciembre",2,1,0,0,1,0,0,,"Calle",,"ROSARIO","Rosario","Asfalto","Pavimento","II","Dentro","Urbana","Semáforo","Funciona","Intersección","Bueno","Buena","Atardecer","Buen Tiempo","Lateral","S/D","Colisión","S/D","S/D","S/D","Sin restricción"
2015,2996,12/05/2015,"Martes",0,21:55:00,,"0.0",2,"Moto/Ciclomotor,Automóvil","Av A del Valle Y Padilla",2,1,0,0,1,0,0,,"Avenida",,"SANTA FE","La Capital","Hormigón","No existe","I","Dentro","Urbana","Ninguna","No existe","Intersección","Con baches","Buena","Nocturna,Con luz artificial","Buen Tiempo","Lateral","S/D","Caída ocupante,Colisión","Ninguna","Faltante","Ninguna","Sin restricción"
2015,2997,11/05/2015,"Lunes",0,11:50:00,,"0.0",2,"Moto/Ciclomotor,Automóvil","Av Almte Brown ",2,1,0,0,1,0,0,,"Avenida",,"SANTA FE","La Capital","S/D","S/D","I","Dentro","Urbana","S/D","S/D","Recta","S/D","S/D","Diurna","S/D","Lateral","S/D","Colisión","S/D","S/D","S/D","S/D"
2015,2998,01/05/2015,"Viernes",0,17:30:00,,"0.0",2,"Peatón,Automóvil","Domingo Silva Y Las Heras",2,1,0,0,1,0,0,"-31.632111111111,-60.69625","Calle",,"SANTA FE","La Capital","S/D","S/D","I","Dentro","Urbana","S/D","S/D","Intersección","S/D","S/D","Diurna","S/D","S/D","S/D","Atropello","S/D","S/D","S/D","S/D"
2015,2999,03/05/2015,"Domingo",0,12:00:00,,"0.0",2,"Automóvil,Moto/Ciclomotor","Entre Rios Y Pellegrini",3,2,0,0,1,0,0,,"Calle",,"LAGUNA PAIVA","La Capital","Hormigón","No existe","I","Dentro","Urbana","Ninguna","No existe","Intersección","Bueno","Buena","Diurna","Buen Tiempo","Lateral","S/D","Colisión","Ninguna","Faltante","Ninguna","Sin restricción"
2015,3000,28/04/2015,"Martes",0,16:25:00,"Ruta Nacional 33","0.0",2,"Moto/Ciclomotor,Camión","Av Cordoba ",2,0,1,0,1,0,0,,"Ruta",33,"PEREZ","Rosario","S/D","No existe","I","S/D","Urbana","Ninguna","No existe","Intersección","S/D","Buena","Atardecer","S/D","Lateral","S/D","Colisión","S/D","Faltante","Línea divisoria pintada","Sin restricción"
2015,3001,20/05/2015,"Miercoles",0,20:15:00,,"0.0",2,"Moto/Ciclomotor,Automóvil"," ",2,1,0,0,1,0,0,,"Calle",,"SANTA FE","La Capital","Asfalto","Natural","I","Dentro","Urbana","Semáforo","Intermitente","Recta","Bueno","Buena","Nocturna","Buen Tiempo","Lateral","S/D","Colisión","S/D","Faltante","Ninguna","Sin restricción"
2015,3002,19/05/2015,"Martes",0,18:45:00,"Ruta Provincial 4","0.0",2,"Pickup/Utilitario,Moto/Ciclomotor"," ",3,2,0,0,0,0,1,,"Ruta",4,"NELSON","La Capital","Asfalto","Natural","I","Dentro","Rural","Ninguna","No existe","Recta","Bueno","Reducida","Nocturna","Buen Tiempo","Otro","S/D","Otro","S/D","S/D","Línea divisoria pintada","Desvío Provisorio"
2015,3003,08/05/2015,"Viernes",0,18:10:00,,"0.0",2,"Bicicleta,Automóvil","J J Paso Y San Lorenzo",2,1,0,0,1,0,0,"-31.661611111111,-60.722055555556","Calle",,"SANTA FE","La Capital","Asfalto","S/D","I","S/D","Urbana","S/D","S/D","Intersección","S/D","S/D","Atardecer","S/D","S/D","S/D","Atropello","S/D","S/D","S/D","S/D"
2015,3005,09/05/2015,"Sabado",0,00:40:00,,"0.0",2,"Moto/Ciclomotor,Moto/Ciclomotor","Zavalia Y Corrientes",2,2,0,0,0,0,0,,"Calle",,"SANTA FE","La Capital","Asfalto","S/D","I","S/D","Urbana","S/D","S/D","Intersección","S/D","S/D","Nocturna","S/D","S/D","S/D","S/D","S/D","S/D","S/D","S/D"
2015,3006,09/05/2015,"Sabado",0,20:15:00,,"0.0",2,"Pickup/Utilitario,Moto/Ciclomotor"," ",3,1,0,0,1,0,1,,"Calle",,"SANTO TOMÉ","La Capital","Ripio","No existe","I","S/D","S/D","Ninguna","No existe","Recta","Bueno","Buena","Nocturna","Buen Tiempo","De alcance","S/D","Colisión","Otro","Faltante","Ninguna","Sin restricción"
2015,3007,03/05/2015,"Domingo",0,18:30:00,,"0.0",2,"Automóvil,Peatón","Hermano Figueroa Y Damianovich",2,0,1,0,1,0,0,"-31.563495,-60.733880","Calle",,"SANTA FE","La Capital","Tierra","Pavimento","I","Dentro","Urbana","Ninguna","No existe","Intersección","Bueno","Buena","Nocturna","Buen Tiempo","S/D","S/D","Atropello","S/D","Faltante","Ninguna","Sin restricción"
2015,3008,03/05/2015,"Domingo",0,20:50:00,,"0.0",2,"Automóvil,Moto/Ciclomotor","Frutos Y Buenos Aires",2,0,0,0,0,0,2,,"Calle",,"SANTO TOMÉ","La Capital","Ripio","No existe","I","S/D","S/D","Ninguna","No existe","Intersección","Bueno","Buena","Nocturna","Buen Tiempo","Lateral","S/D","Colisión","Otro","Faltante","Ninguna","Sin restricción"
2015,3009,11/05/2015,"Lunes",0,07:35:00,,"0.0",2,"Moto/Ciclomotor,Automóvil","Corrientes Y San Jose",2,1,0,0,1,0,0,,"Calle",,"SANTA FE","La Capital","Asfalto","S/D","I","S/D","Urbana","S/D","S/D","Intersección","S/D","S/D","Diurna","S/D","S/D","S/D","Colisión","S/D","S/D","S/D","S/D"
2015,3010,26/05/2015,"Martes",0,08:40:00,,"0.0",2,"Automóvil,Moto/Ciclomotor","Av 9 de Julio Y Las Heras",2,1,0,0,1,0,0,,"Avenida",,"PEREZ","Rosario","S/D","No existe","II","S/D","Urbana","Ninguna","No existe","Intersección","S/D","Buena","Diurna","S/D","Lateral","S/D","Colisión","S/D","Faltante","Ninguna","Sin restricción"
2015,3011,13/05/2015,"Miercoles",0,17:45:00,,"0.0",2,"Moto/Ciclomotor,Peatón","Av Blas Parera 10255",4,4,0,0,0,0,0,"-31.564222222222,-60.73","Avenida",,"SANTA FE","La Capital","Asfalto","Natural","I","Dentro","Urbana","Ninguna","No existe","Recta","Deteriorada","Buena","Atardecer","Buen Tiempo","S/D","S/D","Atropello","S/D","Horizontal","Línea divisoria pintada","Sin restricción"
2015,3012,02/05/2015,"Sabado",0,22:15:00,"Ruta Nacional 11","0.0",2,"Moto/Ciclomotor,Automóvil"," ",2,1,0,0,1,0,0,,"Ruta",11,"SANTA FE","La Capital","Asfalto","S/D","I","Dentro","Urbana","Ninguna","No existe","Recta","Bueno","Buena","Nocturna,Con luz artificial","Buen Tiempo","Lateral","S/D","Colisión","S/D","Horizontal","Línea divisoria pintada","Sin restricción"
2015,3013,18/05/2015,"Lunes",0,19:50:00,,"0.0",1,"Taxi/Remis","Azcuenaga Y 12 de septiembre",2,1,0,0,0,0,1,,"Calle",,"SANTO TOMÉ","La Capital","Asfalto","No existe","I","S/D","S/D","Ninguna","No existe","Intersección","Otro","Buena","Diurna","Buen Tiempo","Lateral","S/D","Colisión","Otro","Faltante","Ninguna","Sin restricción"
2015,3014,16/05/2015,"Sabado",0,19:05:00,,"0.0",2,"Automóvil,Pickup/Utilitario","Balcarce Y Belgrano",4,2,0,0,2,0,0,,"S/D",,"SANTA FE","La Capital","S/D","S/D","I","S/D","Urbana","S/D","S/D","Intersección","S/D","S/D","Atardecer","S/D","Lateral","S/D","Colisión","S/D","S/D","S/D","S/D"
2015,3015,30/05/2015,"Sabado",0,16:40:00,,"0.0",2,"Automóvil,Automóvil","Panama Y Mejico",2,1,0,0,1,0,0,,"Calle",,"SAUCE VIEJO","La Capital","Tierra","No existe","I","Dentro","Urbana","Ninguna","No existe","Intersección","Bueno","Buena","Diurna","Buen Tiempo","Lateral","S/D","Colisión","S/D","Faltante","Ninguna","Sin restricción"
2015,3016,12/05/2015,"Martes",0,20:15:00,,"0.0",2,"Moto/Ciclomotor,Camión","Av Freyre Y Moreno",2,1,0,0,1,0,0,,"Calle",,"SANTA FE","La Capital","Asfalto","S/D","I","S/D","Urbana","S/D","S/D","Intersección","S/D","S/D","Nocturna","S/D","S/D","S/D","Colisión","S/D","S/D","S/D","S/D"
2015,3017,29/05/2015,"Viernes",0,17:30:00,"Ruta Nacional 33","0.0",2,"Moto/Ciclomotor,Pickup/Utilitario","Dante Alighieri ",2,1,0,0,1,0,0,,"Ruta",33,"PEREZ","Rosario","S/D","No existe","II","Dentro","Urbana","Ninguna","No existe","Intersección","S/D","Buena","Atardecer","Buen Tiempo","Lateral","S/D","Colisión","S/D","Faltante","Línea divisoria pintada","Sin restricción"
2015,3018,16/05/2015,"Sabado",0,20:20:00,,"0.0",2,"Automóvil,Moto/Ciclomotor","Cafferata Y Gorriti",2,1,0,0,1,0,0,,"Calle",,"SANTA FE","La Capital","Asfalto","No existe","I","S/D","Urbana","Ninguna","No existe","Intersección","Bueno","Buena","Nocturna","Buen Tiempo","Lateral","S/D","Colisión","Ninguna","Faltante","Ninguna","Sin restricción"
2015,3019,15/05/2015,"Viernes",0,07:40:00,,"0.0",2,"Moto/Ciclomotor,Automóvil","Av Gral Lopez Y Francia",2,1,0,0,1,0,0,,"Calle",,"SANTA FE","La Capital","Asfalto","S/D","I","S/D","Urbana","S/D","S/D","Intersección","S/D","S/D","Amanecer","S/D","S/D","S/D","Colisión","S/D","S/D","S/D","S/D"
2015,3020,01/05/2015,"Viernes",0,20:15:00,,"0.0",2,"Pickup/Utilitario,Automóvil","San Lorenzo 2230",2,1,0,0,1,0,0,,"Calle",,"SANTA FE","La Capital","Asfalto","S/D","I","S/D","Urbana","S/D","S/D","Recta","S/D","S/D","Nocturna","S/D","S/D","S/D","Colisión","S/D","S/D","S/D","S/D"
2015,3021,01/05/2015,"Viernes",0,19:50:00,,"0.0",2,"Moto/Ciclomotor,Transporte de Pasajeros Urbano (> 8 asientos)","Mendoza Y Av Freyre",2,1,0,0,1,0,0,,"Avenida",,"SANTA FE","La Capital","Asfalto","S/D","I","S/D","Urbana","S/D","S/D","Intersección","S/D","S/D","Nocturna","S/D","S/D","S/D","Colisión","S/D","S/D","S/D","S/D"
2015,3022,04/05/2015,"Lunes",0,10:50:00,,"0.0",2,"Moto/Ciclomotor,Automóvil","Gdor Crespo Y Saavedra",2,1,0,0,1,0,0,,"Calle",,"SANTA FE","La Capital","Asfalto","S/D","I","S/D","Urbana","S/D","S/D","Intersección","S/D","S/D","Diurna","S/D","S/D","S/D","Colisión","S/D","S/D","S/D","S/D"
2015,3023,30/05/2015,"Sabado",0,19:00:00,"Ruta Nacional 33","848.0",2,"Moto/Ciclomotor,Automóvil"," ",2,1,0,0,1,0,0,,"Ruta",33,"PEREZ","Rosario","S/D","No existe","II","Dentro","Urbana","S/D","No existe","Recta","Otro","Buena","Atardecer","S/D","De alcance","S/D","Colisión","S/D","Faltante","Línea divisoria pintada","Sin restricción"
2015,3024,18/05/2015,"Lunes",0,11:30:00,,"0.0",2,"Moto/Ciclomotor,Pickup/Utilitario","Florencio Fernandez Y Av Blas Parera",2,1,0,0,1,0,0,,"Avenida",,"SANTA FE","La Capital","Asfalto","No existe","I","S/D","Urbana","Ninguna","No existe","Intersección","Bueno","Buena","Diurna","Buen Tiempo","De alcance","S/D","Colisión","Ninguna","Faltante","Ninguna","Sin restricción"
2015,3025,19/05/2015,"Martes",0,12:10:00,,"0.0",2,"Moto/Ciclomotor,Moto/Ciclomotor","Dr Pio Pandolfo 8824",3,3,0,0,0,0,0,,"Calle",,"SANTA FE","La Capital","Asfalto","No existe","I","S/D","Urbana","Ninguna","No existe","Recta","Bueno","Buena","Diurna","Buen Tiempo","De alcance","S/D","Colisión","Ninguna","Faltante","Ninguna","Sin restricción"