"anio_acci","nro_acci","fecha","desc_dia","fecha_aprox","hora_aprox","desc_ruta","km","cant_participantes","desc_participante","calle_avenida_km","total","heridos_leves","heridos_graves","heridos_gravisimos","ilesos","fallecidos","sin_datos","posicion_XY","desc_tipo_via","desc_ruta_ori","desc_loc","desc_dpto","desc_tipo_calzada","desc_tipo_banquina","desc_unidad_regional","desc_lugar_calzada","desc_zona","desc_prioridad","desc_estado_semaforo","desc_lugar_via","desc_estado_via","desc_estado_visibilidad","desc_luminosidad","desc_estado_clima","desc_tipo_colision","desc_tipo_atropello","desc_tipo_hecho","desc_pres_calzada","desc_senializacion","desc_separacion_via","desc_restriccion"
2015,3026,30/05/2015,"Sabado",0,14:45:00,"Ruta Nacional 33","0.0",2,"Automóvil,Automóvil","Ferrocarril Mitre ",2,1,0,0,1,0,0,,"Ruta",33,"PEREZ","Rosario","Asfalto","S/D","II","Dentro","Urbana","S/D","No existe","Recta","S/D","Buena","Diurna","S/D","De alcance","S/D","Colisión","S/D","S/D","S/D","Sin restricción"
2015,3027,16/05/2015,"Sabado",0,17:30:00,,"0.0",2,"Moto/Ciclomotor,Moto/Ciclomotor","Gorriti Y Cafferata",2,1,0,0,1,0,0,,"Calle",,"SANTA FE","La Capital","Asfalto","No existe","I","S/D","Urbana","Ninguna","No existe","Intersección","Con baches","Buena","Diurna","Buen Tiempo","De alcance","S/D","Colisión","Ninguna","Faltante","Ninguna","Sin restricción"
2015,3028,09/05/2015,"Sabado",0,18:30:00,,"0.0",2,"Bicicleta,Moto/Ciclomotor","El Jilguero Y Av El Ombu",2,1,0,0,1,0,0,,"Calle",,"PEREZ","Rosario","Ripio","No existe","II","S/D","Urbana","Ninguna","No existe","Intersección","Deteriorada","Buena","Atardecer","Buen Tiempo","S/D","S/D","Atropello","S/D","Faltante","Ninguna","Sin restricción"
2015,3029,10/05/2015,"Domingo",0,22:00:00,"Ruta Nacional 11","0.0",2,"Pickup/Utilitario,Moto/Ciclomotor","Dr Esteban L Maradona ",2,0,1,0,1,0,0,,"Ruta",11,"RECREO","La Capital","Asfalto","Ripio","I","Dentro","S/D","Ninguna","No existe","Recta","Bueno","Buena","Nocturna","Buen Tiempo","Frontal","S/D","Colisión","Ninguna","Horizontal","Línea divisoria pintada","Sin restricción"
2015,3030,04/05/2015,"Lunes",0,10:30:00,,"0.0",2,"Moto/Ciclomotor,Automóvil","Av Freyre Y Santiago del Estero",2,1,0,0,1,0,0,,"Avenida",,"SANTA FE","La Capital","Asfalto","S/D","I","S/D","Urbana","S/D","S/D","Intersección","S/D","S/D","Diurna","S/D","S/D","S/D","Colisión","S/D","S/D","S/D","S/D"
2015,3031,04/05/2015,"Lunes",0,19:00:00,,"0.0",2,"Moto/Ciclomotor,Automóvil","Av Freyre Y Junin",2,1,0,0,1,0,0,,"Avenida",,"SANTA FE","La Capital","Asfalto","S/D","I","S/D","Urbana","S/D","S/D","Intersección","S/D","S/D","Nocturna","S/D","S/D","S/D","Colisión","S/D","S/D","S/D","S/D"
2015,3032,16/05/2015,"Sabado",0,23:25:00,,"0.0",2,"Moto/Ciclomotor,Pickup/Utilitario","Av Mosconi Y Santiago de Chile",3,2,0,0,1,0,0,,"Calle",,"SANTA FE","La Capital","Ripio","No existe","I","S/D","Urbana","Ninguna","No existe","Intersección","Bueno","Reducida","Nocturna","Buen Tiempo","Lateral","S/D","Colisión","Ninguna","Faltante","Ninguna","Sin restricción"
2015,3033,29/05/2015,"Viernes",0,,,"0.0",2,"Moto/Ciclomotor,Automóvil","Av Leandro Alem Y Velez Sarsfield",2,1,0,0,1,0,0,,"Calle",,"SANTA FE","La Capital","S/D","S/D","I","S/D","Urbana","S/D","S/D","Intersección","S/D","S/D","S/D","S/D","Lateral","S/D","Colisión","S/D","S/D","S/D","S/D"
2015,3034,29/05/2015,"Viernes",0,09:00:00,,"0.0",2,"Moto/Ciclomotor,Automóvil","Bv Galvez Y Guemes",2,1,0,0,1,0,0,,"Calle",,"SANTA FE","La Capital","S/D","S/D","I","S/D","Urbana","S/D","S/D","Intersección","S/D","S/D","S/D","S/D","Lateral","S/D","Colisión","S/D","S/D","S/D","S/D"
2015,3035,16/02/2015,"Lunes",0,05:45:00,"Ruta Provincial 1","93.0",2,"Peatón,Otros"," ",2,0,0,0,0,1,1,"-31.032518, -60.091170","Ruta",1,"HELVECIA","Garay","Asfalto","Natural","VII","Dentro","Rural","Ninguna","No existe","Recta","Bueno","Reducida","Amanecer","Buen Tiempo","S/D","S/D","Atropello","Ninguna","Faltante","Línea divisoria pintada","Sin restricción"
2015,3036,16/02/2015,"Lunes",0,05:00:00,"Ruta Nacional 177","0.0",2,"Bicicleta,Automóvil"," ",3,0,0,0,2,1,0,"-33.257745, -60.351274","Ruta",177,"VILLA CONSTITUCIÓN","Constitución","Asfalto","Natural","VI","Dentro","Rural","Ninguna","No existe","Recta","Bueno","Reducida","Nocturna","Buen Tiempo","S/D","S/D","Atropello","Ninguna","Faltante","Línea divisoria pintada","S/D"
2015,3037,29/05/2015,"Viernes",0,09:00:00,,"0.0",2,"Moto/Ciclomotor,Automóvil","Candioti Y Gdor Candioti",2,1,0,0,1,0,0,,"Calle",,"SANTA FE","La Capital","S/D","S/D","I","S/D","Urbana","S/D","S/D","Intersección","S/D","S/D","Diurna","S/D","Lateral","S/D","Colisión","S/D","S/D","S/D","S/D"
2015,3038,15/05/2015,"Viernes",0,11:30:00,,"0.0",2,"Moto/Ciclomotor,Automóvil","Guemes Y Bv Galvez",3,2,0,0,1,0,0,,"Avenida",,"SANTA FE","La Capital","S/D","S/D","I","S/D","Urbana","S/D","S/D","Intersección","S/D","S/D","Diurna","S/D","Lateral","S/D","Colisión","S/D","S/D","S/D","S/D"
2015,3039,08/05/2015,"Viernes",0,18:00:00,,"0.0",2,"Moto/Ciclomotor,Automóvil","Av Blas Parera 10200",2,1,0,0,1,0,0,,"Calle",,"SANTA FE","La Capital","Tierra","No existe","I","S/D","S/D","S/D","No existe","Recta","Bueno","Buena","Atardecer","Buen Tiempo","De alcance","S/D","Colisión","S/D","S/D","S/D","Sin restricción"
2015,3040,06/05/2015,"Miercoles",0,14:00:00,,"0.0",2,"Moto/Ciclomotor,Otros","GIMENEZ DE ASUA Y BV BIOY CASARES",2,1,0,0,0,0,1,,"Calle",,"SANTA FE","La Capital","Hormigón","Natural","I","Dentro","Urbana","Ninguna","No existe","Recta","Bueno","Buena","Diurna","Buen Tiempo","De alcance","S/D","Colisión","Material Suelto","Faltante","Ninguna","Sin restricción"
2015,3041,08/05/2015,"Viernes",0,14:30:00,,"0.0",2,"Moto/Ciclomotor,Moto/Ciclomotor","Jauretche Y Sarsotti",2,1,0,0,1,0,0,,"Calle",,"SANTA FE","La Capital","Tierra","No existe","I","S/D","S/D","Ninguna","No existe","Curva","Bueno","Buena","Diurna","Buen Tiempo","Lateral","S/D","Colisión","S/D","Faltante","Ninguna","Sin restricción"
2015,3042,17/02/2015,"Martes",0,22:30:00,"Ruta Nacional 33","0.0",1,"Automóvil","Ruta Nac 33 ",2,0,1,0,0,1,0,"-33.018899, -60.884516","Ruta",33,"ZAVALLA","Rosario","Asfalto","Natural","II","Fuera","Urbana","Ninguna","No existe","Curva","Bueno","Buena","Nocturna,Con luz artificial","Buen Tiempo","Contra objeto fijo","S/D","Colisión,Despiste","Ninguna","Horizontal,Vertical","Línea divisoria pintada","Sin restricción"
2015,3043,14/05/2015,"Jueves",0,18:20:00,,"0.0",2,"Moto/Ciclomotor,Automóvil"," ",2,1,0,0,1,0,0,,"Calle",,"SANTA FE","La Capital","Tierra","No existe","I","S/D","S/D","S/D","No existe","Recta","Deteriorada","Buena","Diurna","Buen Tiempo","Lateral","S/D","Colisión","Otro","Faltante","Vegetación","Sin restricción"
2015,3044,29/05/2015,"Viernes",0,08:20:00,,"0.0",2,"Moto/Ciclomotor,Camión","Ruta Nac 168 Y Av Almte Brown",3,1,0,0,2,0,0,,"Avenida",,"SANTA FE","La Capital","S/D","S/D","I","S/D","Urbana","S/D","S/D","Curva","S/D","S/D","Diurna","S/D","De alcance","S/D","Colisión","S/D","S/D","S/D","S/D"
2015,3045,28/05/2015,"Jueves",0,16:10:00,,"0.0",2,"Automóvil,Moto/Ciclomotor","Balcarce Y Alvear",2,1,0,0,1,0,0,,"Calle",,"SANTA FE","La Capital","S/D","S/D","I","S/D","Urbana","S/D","S/D","Intersección","S/D","S/D","Diurna","S/D","Lateral","S/D","Colisión","S/D","S/D","S/D","S/D"
2015,3046,28/05/2015,"Jueves",0,11:00:00,,"0.0",2,"Peatón,Moto/Ciclomotor","Gdor Candioti Y Balcarce",2,2,0,0,0,0,0,"-31.638194444444,-60.69575","Calle",,"SANTA FE","La Capital","Asfalto","S/D","I","S/D","Urbana","S/D","S/D","Intersección","S/D","S/D","Diurna","S/D","S/D","S/D","Atropello","S/D","S/D","S/D","S/D"
2015,3047,23/05/2015,"Sabado",0,23:30:00,,"0.0",2,"Moto/Ciclomotor,Moto/Ciclomotor","Alvear Y Ituzaingo",3,1,0,0,2,0,0,,"Calle",,"SANTA FE","La Capital","S/D","S/D","I","S/D","Urbana","S/D","S/D","Intersección","S/D","S/D","Nocturna","S/D","Lateral","S/D","Colisión","S/D","S/D","S/D","S/D"
2015,3048,23/05/2015,"Sabado",0,18:15:00,,"0.0",2,"Automóvil,Moto/Ciclomotor","Pedro Centeno Y Guemes",2,1,0,0,1,0,0,,"Calle",,"SANTA FE","La Capital","S/D","S/D","I","S/D","Urbana","S/D","S/D","Intersección","S/D","S/D","Diurna","S/D","Lateral","S/D","Colisión","S/D","S/D","S/D","S/D"
2015,3049,22/05/2015,"Viernes",0,07:50:00,,"0.0",2,"Moto/Ciclomotor,Pickup/Utilitario","Republica de Siria Y Castellanos",3,2,0,0,1,0,0,,"Calle",,"SANTA FE","La Capital","S/D","S/D","I","S/D","Urbana","S/D","S/D","Intersección","S/D","S/D","Diurna","S/D","Lateral","S/D","Colisión","S/D","S/D","S/D","S/D"
2015,3050,19/05/2015,"Martes",0,20:00:00,,"0.0",2,"Moto/Ciclomotor,Pickup/Utilitario"," ",2,1,0,0,1,0,0,,"Calle",,"SANTA FE","La Capital","S/D","S/D","I","S/D","Urbana","S/D","S/D","Intersección","S/D","S/D","Nocturna","S/D","Lateral","S/D","Colisión","S/D","S/D","S/D","S/D"
2015,3051,21/05/2015,"Jueves",0,17:30:00,,"0.0",2,"Automóvil,Moto/Ciclomotor","Av J J Paso Y Francia",3,1,0,0,2,0,0,,"Calle",,"SANTA FE","La Capital","S/D","S/D","I","S/D","Urbana","S/D","S/D","S/D","S/D","S/D","Diurna","S/D","S/D","S/D","S/D","S/D","S/D","S/D","S/D"
2015,3052,19/05/2015,"Martes",0,11:05:00,,"0.0",1,"Moto/Ciclomotor","Francia Y Entre Rios",2,1,0,0,1,0,0,,"Calle",,"SANTA FE","La Capital","Asfalto","S/D","I","S/D","Urbana","S/D","S/D","Intersección","S/D","S/D","Diurna","S/D","S/D","S/D","S/D","S/D","S/D","S/D","S/D"
2015,3053,22/05/2015,"Viernes",0,12:15:00,,"0.0",2,"Automóvil,Moto/Ciclomotor","Saavedra Y Juan de Garay",2,1,0,0,1,0,0,,"Calle",,"SANTA FE","La Capital","S/D","S/D","I","S/D","Urbana","S/D","S/D","S/D","S/D","S/D","Diurna","S/D","S/D","S/D","S/D","S/D","S/D","S/D","S/D"
2015,3054,18/05/2015,"Lunes",0,09:45:00,,"0.0",2,"Bicicleta,Moto/Ciclomotor"," ",3,3,0,0,0,0,0,,"S/D",,"SANTA FE","La Capital","Asfalto","S/D","I","S/D","Urbana","S/D","S/D","Recta","S/D","S/D","Diurna","S/D","S/D","S/D","Atropello","S/D","S/D","S/D","S/D"
2015,3055,18/05/2015,"Lunes",0,00:45:00,,"0.0",2,"Automóvil,Moto/Ciclomotor","San Lorenzo Y Moreno",2,1,0,0,1,0,0,,"Calle",,"SANTA FE","La Capital","Asfalto","S/D","I","S/D","Urbana","S/D","S/D","Intersección","S/D","S/D","Nocturna","S/D","S/D","S/D","S/D","S/D","S/D","S/D","S/D"
2015,3056,25/05/2015,"Lunes",0,14:30:00,"Ruta Nacional 11","0.0",2,"Moto/Ciclomotor,Automóvil","La Rioja 2449",2,1,0,0,1,0,0,,"Ruta",11,"SANTA FE","La Capital","S/D","S/D","I","S/D","Urbana","S/D","S/D","S/D","S/D","S/D","Diurna","S/D","S/D","S/D","S/D","S/D","S/D","S/D","S/D"
2015,3057,23/05/2015,"Sabado",0,18:35:00,"Ruta Nacional 11","0.0",2,"Moto/Ciclomotor,Automóvil","Intendente Manuel Irigoyen ",3,1,0,0,1,0,1,,"Ruta",11,"SANTA FE","La Capital","S/D","S/D","I","S/D","Urbana","S/D","S/D","S/D","S/D","S/D","Atardecer","S/D","S/D","S/D","S/D","S/D","S/D","S/D","S/D"
2015,3058,23/05/2015,"Sabado",0,13:50:00,,"0.0",2,"Automóvil,Moto/Ciclomotor","Uruguay Y San Juan",2,1,0,0,1,0,0,,"Calle",,"SANTA FE","La Capital","Asfalto","S/D","I","S/D","Urbana","S/D","S/D","Intersección","S/D","S/D","Diurna","S/D","S/D","S/D","S/D","S/D","S/D","S/D","S/D"
2015,3059,31/05/2015,"Domingo",1,,,"0.0",1,"Moto/Ciclomotor"," ",2,1,0,0,1,0,0,,"S/D",,"ZAVALLA","Rosario","S/D","S/D","II","S/D","S/D","S/D","S/D","S/D","S/D","S/D","S/D","S/D","S/D","S/D","S/D","S/D","S/D","S/D","S/D"
2015,3060,24/05/2015,"Domingo",0,11:00:00,,"0.0",2,"Automóvil,Moto/Ciclomotor","America Y Rosario",3,1,0,0,2,0,0,,"Calle",,"SAUCE VIEJO","La Capital","Asfalto","Pavimento","I","Dentro","Urbana","Ninguna","No existe","Intersección","Bueno","Buena","Diurna","Buen Tiempo","Frontal","S/D","Colisión","S/D","Faltante","Ninguna","Sin restricción"
2015,3061,16/05/2015,"Sabado",0,09:30:00,,"0.0",2,"Moto/Ciclomotor,Automóvil","Av A del Valle Y Fray Mamerto Esquiu",4,3,0,0,1,0,0,,"Avenida",,"SANTA FE","La Capital","S/D","No existe","I","S/D","Urbana","Ninguna","No existe","S/D","S/D","Buena","Diurna","Buen Tiempo","Lateral","S/D","Colisión","S/D","S/D","Ninguna","Sin restricción"
2015,3062,18/05/2015,"Lunes",0,01:50:00,"Ruta Nacional 11","477.0",2,"Moto/Ciclomotor,Moto/Ciclomotor"," ",2,1,0,0,0,0,1,,"Ruta",11,"RECREO","La Capital","Asfalto","Ripio","I","Dentro","Urbana","Ninguna","No existe","Curva","Bueno","Buena","Nocturna,Con luz artificial","Buen Tiempo","Lateral","S/D","Colisión","S/D","Horizontal","Línea divisoria pintada","Sin restricción"
2015,3063,12/05/2015,"Martes",0,08:00:00,,"0.0",3,"Bicicleta,Bicicleta,Automóvil","Av Freyre Y Moreno",3,2,0,0,1,0,0,"-31.65275,-60.720722222222","Calle",,"SANTA FE","La Capital","Asfalto","S/D","I","S/D","Urbana","S/D","S/D","Intersección","S/D","S/D","Diurna","S/D","S/D","S/D","Atropello","S/D","S/D","S/D","S/D"
2015,3064,09/05/2015,"Sabado",0,10:00:00,,"0.0",2,"Camión,Moto/Ciclomotor","Francia Y Tucuman",2,0,1,0,1,0,0,,"Calle",,"SANTA FE","La Capital","Asfalto","S/D","I","S/D","Urbana","S/D","S/D","Intersección","S/D","S/D","Diurna","S/D","S/D","S/D","Colisión","S/D","S/D","S/D","S/D"
2015,3065,22/05/2015,"Viernes",0,18:10:00,"Ruta Provincial 1","5.0",2,"Pickup/Utilitario,Bicicleta"," ",2,1,0,0,1,0,0,,"Ruta",1,"RINCÓN POTRERO","La Capital","Asfalto","No existe","I","Dentro","Urbana","Ninguna","No existe","Recta","Bueno","Reducida","Atardecer","Buen Tiempo","S/D","S/D","Atropello","Material Suelto","Faltante","Línea divisoria pintada","Sin restricción"
2015,3066,18/05/2015,"Lunes",0,10:00:00,,"0.0",2,"Moto/Ciclomotor,Taxi/Remis","Vera Y Dr Zavalla",2,1,0,0,1,0,0,,"Calle",,"SANTA FE","La Capital","Asfalto","S/D","I","S/D","Urbana","S/D","S/D","Intersección","S/D","S/D","Diurna","S/D","S/D","S/D","Colisión","S/D","S/D","S/D","S/D"
2015,3067,12/05/2015,"Martes",0,21:30:00,"Ruta Provincial 5","0.5",2,"Camión,Moto/Ciclomotor"," ",2,1,0,0,1,0,0,,"Ruta",5,"RECREO","La Capital","Asfalto","Natural","I","Dentro","Urbana","Ninguna","No existe","Recta","Bueno","Reducida","Nocturna","Buen Tiempo","De alcance","S/D","Colisión","S/D","Vertical","Línea divisoria pintada","Sin restricción"
2015,3068,27/05/2015,"Miercoles",0,19:15:00,,"0.0",2,"Moto/Ciclomotor,Pickup/Utilitario","GAMBOA Y SANTA ROSA",3,1,0,0,2,0,0,,"Calle",,"RINCÓN POTRERO","La Capital","Asfalto,Arena","No existe","I","S/D","Urbana","Ninguna","No existe","Intersección","Con baches","Reducida","Atardecer","Buen Tiempo","Lateral","S/D","Colisión","Material Suelto","Faltante","Ninguna","Sin restricción"
2015,3069,09/05/2015,"Sabado",0,13:00:00,,"0.0",2,"Automóvil,Moto/Ciclomotor","Av Freyre Y La Rioja",3,2,0,0,1,0,0,,"Avenida",,"SANTA FE","La Capital","Asfalto","S/D","I","S/D","Urbana","S/D","S/D","Intersección","S/D","S/D","Diurna","S/D","S/D","S/D","Colisión","S/D","S/D","S/D","S/D"
2015,3070,14/05/2015,"Jueves",0,07:30:00,"Ruta Nacional 11","477.5",2,"Moto/Ciclomotor,Moto/Ciclomotor"," ",2,1,0,0,0,0,1,,"Ruta",11,"RECREO","La Capital","Asfalto","Ripio","I","Dentro","Urbana","S/D","No existe","Curva","Bueno","Buena","Amanecer","Buen Tiempo","Lateral","S/D","Colisión","S/D","Horizontal","Línea divisoria pintada","Sin restricción"
2015,3071,02/05/2015,"Sabado",0,20:15:00,"Ruta Nacional 11","0.0",2,"Automóvil,Moto/Ciclomotor"," ",2,1,0,0,1,0,0,,"Ruta",11,"SAUCE VIEJO","La Capital","Asfalto","Pavimento","I","Dentro","Urbana","Ninguna","No existe","Recta","Bueno","Reducida","Nocturna","Buen Tiempo","Frontal","S/D","Colisión","S/D","Faltante","Línea divisoria pintada","Sin restricción"
2015,3072,19/05/2015,"Martes",0,23:30:00,,"0.0",2,"Automóvil,Moto/Ciclomotor","Av Blas Parera Y Padre Genesio",2,1,0,0,1,0,0,,"Avenida",,"SANTA FE","La Capital","Hormigón","Pavimento","I","Dentro","Urbana","Semáforo","Funciona","Intersección","Bueno","Buena","Nocturna,Con luz artificial","Buen Tiempo","Lateral","S/D","Colisión","S/D","Vertical","Cordón divisorio","Sin restricción"
2015,3073,09/05/2015,"Sabado",0,17:30:00,,"0.0",2,"Automóvil,Automóvil","Mendoza Y Santiago de Chile",3,2,0,0,1,0,0,,"Calle",,"SANTA FE","La Capital","Asfalto","S/D","I","S/D","Urbana","S/D","S/D","Intersección","S/D","S/D","Diurna","S/D","S/D","S/D","Colisión","S/D","S/D","S/D","S/D"
2015,3074,18/05/2015,"Lunes",0,16:30:00,,"0.0",2,"Bicicleta,Automóvil","Francia Y Salvador Caputo",2,1,0,0,1,0,0,"-31.638277777778,-60.712472222222","Calle",,"SANTA FE","La Capital","Asfalto","S/D","I","S/D","Urbana","S/D","S/D","Intersección","S/D","S/D","Diurna","S/D","S/D","S/D","Atropello","S/D","S/D","S/D","S/D"
2015,3075,06/05/2015,"Miercoles",0,18:15:00,,"0.0",2,"Automóvil,Moto/Ciclomotor","Fresnos Y Camelias",3,2,0,0,1,0,0,,"Calle",,"SAUCE VIEJO","La Capital","Tierra","No existe","I","Dentro","Urbana","Ninguna","No existe","Intersección","Bueno","Buena","Atardecer","Buen Tiempo","Frontal","S/D","Colisión","S/D","Faltante","Ninguna","Sin restricción"
2015,3076,06/05/2015,"Miercoles",0,20:00:00,,"0.0",2,"Moto/Ciclomotor,Automóvil","San Lorenzo Y Junin",2,1,0,0,1,0,0,,"Calle",,"SANTA FE","La Capital","Asfalto","S/D","I","S/D","Urbana","S/D","S/D","Intersección","S/D","S/D","Nocturna","S/D","S/D","S/D","Colisión","S/D","S/D","S/D","S/D"
2015,3077,09/05/2015,"Sabado",0,22:10:00,,"0.0",2,"Vehículo Oficial,Automóvil","Av Freyre Y Santiago del Estero",3,2,0,0,1,0,0,,"Avenida",,"SANTA FE","La Capital","Asfalto","S/D","I","S/D","Urbana","S/D","S/D","Intersección","S/D","S/D","S/D","S/D","S/D","S/D","Colisión","S/D","S/D","S/D","S/D"
2015,3078,20/05/2015,"Miercoles",0,20:00:00,,"0.0",2,"Bicicleta,Automóvil","Juan B Alberdi Y España",2,1,0,0,1,0,0,"-31.495945, -60.719797","Calle",,"RECREO","La Capital","Ripio","Natural","I","Dentro","Urbana","Ninguna","No existe","Intersección","Ahuellamiento","Reducida","Nocturna,Con luz artificial","Buen Tiempo","De alcance","S/D","Atropello","S/D","Faltante","Ninguna","Sin restricción"
2015,3079,07/05/2015,"Jueves",0,09:30:00,,"0.0",2,"Moto/Ciclomotor,Automóvil","Av Freyre Y Gdor Crespo",2,1,0,0,1,0,0,,"Avenida",,"SANTA FE","La Capital","Asfalto","S/D","I","S/D","Urbana","S/D","S/D","Intersección","S/D","S/D","Diurna","S/D","S/D","S/D","Colisión","S/D","S/D","S/D","S/D"
2015,3080,03/05/2015,"Domingo",0,20:30:00,,"0.0",2,"Automóvil,Moto/Ciclomotor","Lavalle Y Av Galicia",2,1,0,0,1,0,0,,"Avenida",,"SANTA FE","La Capital","Asfalto","S/D","I","S/D","Urbana","S/D","S/D","Intersección","Bueno","Buena","Nocturna","S/D","Lateral","S/D","Colisión","S/D","S/D","S/D","S/D"
2015,3081,06/05/2015,"Miercoles",0,13:00:00,,"0.0",2,"Moto/Ciclomotor,Automóvil","Av Lopez y Planes 3500",2,1,0,0,1,0,0,,"Avenida",,"SANTA FE","La Capital","Asfalto","S/D","I","S/D","Urbana","S/D","S/D","Recta","S/D","S/D","Diurna","S/D","S/D","S/D","Colisión","S/D","S/D","S/D","S/D"
2015,3082,19/05/2015,"Martes",0,02:15:00,,"0.0",2,"Moto/Ciclomotor,Automóvil","Av Urquiza 2700",2,1,0,0,1,0,0,,"Avenida",,"SANTA FE","La Capital","Asfalto","S/D","I","S/D","Urbana","S/D","S/D","Recta","S/D","S/D","Nocturna","S/D","S/D","S/D","Colisión","S/D","S/D","S/D","S/D"
2015,3083,07/05/2015,"Jueves",0,10:10:00,,"0.0",2,"Moto/Ciclomotor,Pickup/Utilitario","Mendoza Y Roque Saenz Peña",2,1,0,0,1,0,0,,"Calle",,"SANTA FE","La Capital","Asfalto","S/D","I","S/D","Urbana","S/D","S/D","Intersección","S/D","S/D","Diurna","S/D","S/D","S/D","Colisión","S/D","S/D","Ninguna","S/D"
2015,3084,13/05/2015,"Miercoles",0,11:45:00,,"0.0",2,"Automóvil,Automóvil","Saavedra Y La Rioja",2,1,0,0,1,0,0,,"Calle",,"SANTA FE","La Capital","Asfalto","S/D","I","S/D","Urbana","S/D","S/D","Intersección","S/D","S/D","Diurna","S/D","S/D","S/D","Colisión","S/D","S/D","S/D","S/D"
2015,3085,06/05/2015,"Miercoles",0,13:30:00,,"0.0",2,"Moto/Ciclomotor,Automóvil","Lamadrid Y Hipolito Yrigoyen",3,2,0,0,1,0,0,,"Calle",,"SANTA FE","La Capital","Asfalto","S/D","I","S/D","Urbana","S/D","S/D","Intersección","S/D","S/D","Diurna","S/D","S/D","S/D","Colisión","S/D","S/D","S/D","S/D"
2015,3086,07/05/2015,"Jueves",0,21:00:00,,"0.0",2,"Moto/Ciclomotor,Pickup/Utilitario","Av Freyre Y Tucuman",2,1,0,0,1,0,0,,"Avenida",,"SANTA FE","La Capital","Asfalto","S/D","I","S/D","Urbana","S/D","S/D","Intersección","S/D","S/D","Nocturna","S/D","S/D","S/D","Colisión","S/D","S/D","S/D","S/D"
2015,3087,14/05/2015,"Jueves",0,17:00:00,,"0.0",2,"Peatón,Automóvil","Vera Y Pje Paraguay",2,1,0,0,1,0,0,"-31.640777777778,-60.71925","Calle",,"SANTA FE","La Capital","Asfalto","S/D","I","S/D","Urbana","S/D","S/D","Intersección","S/D","S/D","Diurna","S/D","S/D","S/D","Atropello","S/D","S/D","S/D","S/D"
2015,3088,23/05/2015,"Sabado",0,19:50:00,,"0.0",1,,"Av Blas Parera 6500",3,1,1,0,1,0,0,,"Avenida",,"SANTA FE","La Capital","Hormigón","Pavimento","I","Dentro","Urbana","S/D","No existe","Recta","Bueno","Buena","Nocturna,Con luz artificial","Buen Tiempo","Lateral","S/D","Colisión","S/D","Vertical","S/D","Sin restricción"
2015,3089,13/05/2015,"Miercoles",0,08:10:00,"Ruta Nacional 11","0.0",2,"Moto/Ciclomotor,Camión","PUENTE CARRETERO ",2,1,0,0,1,0,0,,"Ruta",11,"SANTA FE","La Capital","Asfalto","S/D","I","S/D","Urbana","S/D","S/D","Recta","S/D","S/D","Diurna","S/D","S/D","S/D","Colisión","S/D","S/D","S/D","S/D"
2015,3090,22/05/2015,"Viernes",0,22:40:00,,"0.0",2,"Pickup/Utilitario,Peatón","Guemes Y Reg 12 de Infanteria",2,1,0,0,1,0,0,"-31.601222222222,-60.678166666667","Calle",,"SANTA FE","La Capital","Asfalto","S/D","I","S/D","Urbana","S/D","S/D","Intersección","Bueno","Buena","Nocturna","S/D","S/D","S/D","Atropello","S/D","S/D","S/D","S/D"
2015,3091,23/05/2015,"Sabado",0,20:20:00,,"0.0",2,"Automóvil,Moto/Ciclomotor","Rivadavia Y Sarmiento",3,2,0,0,1,0,0,,"Calle",,"LAGUNA PAIVA","La Capital","Hormigón","No existe","I","Dentro","Urbana","Ninguna","No existe","Intersección","Bueno","Buena","Nocturna,Con luz artificial","Buen Tiempo","Lateral","S/D","Colisión","S/D","Vertical","Ninguna","Sin restricción"
2015,3092,08/05/2015,"Viernes",0,10:45:00,,"0.0",2,"Bicicleta,Automóvil","J J Paso Y Dr Zavalla",2,1,0,0,1,0,0,"-31.661166666667,-60.724583333333","Calle",,"SANTA FE","La Capital","Asfalto","S/D","I","S/D","Urbana","S/D","S/D","Intersección","S/D","S/D","Diurna","S/D","S/D","S/D","Atropello","S/D","S/D","S/D","S/D"
2015,3093,20/05/2015,"Miercoles",0,01:00:00,,"0.0",2,"Moto/Ciclomotor,Automóvil","Salta Y Santiago de Chile",2,1,0,0,1,0,0,,"Calle",,"SANTA FE","La Capital","Asfalto","S/D","I","S/D","Urbana","S/D","S/D","Intersección","S/D","S/D","Nocturna","S/D","S/D","S/D","Colisión","S/D","S/D","S/D","S/D"
2015,3094,25/05/2015,"Lunes",0,10:50:00,,"0.0",2,"Automóvil,Moto/Ciclomotor","Alberti Y Lavalle",2,1,0,0,1,0,0,,"Calle",,"SANTA FE","La Capital","Asfalto","S/D","I","S/D","Urbana","S/D","S/D","Intersección","Bueno","Buena","Diurna","S/D","Lateral","S/D","Colisión","S/D","S/D","S/D","S/D"
2015,3095,29/04/2015,"Miercoles",0,07:50:00,,"0.0",2,"Moto/Ciclomotor,Peatón","Monseñor Zaspe 3897",3,1,0,0,2,0,0,"-31.653138888889,-60.726527777778","Calle",,"SANTA FE","La Capital","Asfalto","S/D","I","S/D","Urbana","S/D","S/D","Recta","S/D","S/D","Diurna","S/D","S/D","S/D","Atropello","S/D","S/D","S/D","S/D"
2015,3096,20/05/2015,"Miercoles",0,16:45:00,,"0.0",2,"Automóvil,Moto/Ciclomotor","J Castelli Y Juan Diaz de Solis",2,1,0,0,1,0,0,,"Avenida",,"SANTA FE","La Capital","Hormigón","S/D","I","Dentro","Urbana","Ninguna","No existe","Intersección","Bueno","Buena","Diurna","Buen Tiempo","Lateral","S/D","Colisión","Material Suelto","Faltante","Ninguna","Sin restricción"
2015,3097,29/05/2015,"Viernes",0,22:10:00,,"0.0",2,"Moto/Ciclomotor,Automóvil","Pedro Ferre Y Av Gral Paz",2,1,0,0,1,0,0,,"Avenida",,"SANTA FE","La Capital","S/D","No existe","I","S/D","Urbana","Ninguna","S/D","Intersección","Bueno","Reducida","Nocturna","Buen Tiempo","Lateral","S/D","Colisión","Ninguna","S/D","Ninguna","Sin restricción"