"anio_acci","nro_acci","fecha","desc_dia","fecha_aprox","hora_aprox","desc_ruta","km","cant_participantes","desc_participante","calle_avenida_km","total","heridos_leves","heridos_graves","heridos_gravisimos","ilesos","fallecidos","sin_datos","posicion_XY","desc_tipo_via","desc_ruta_ori","desc_loc","desc_dpto","desc_tipo_calzada","desc_tipo_banquina","desc_unidad_regional","desc_lugar_calzada","desc_zona","desc_prioridad","desc_estado_semaforo","desc_lugar_via","desc_estado_via","desc_estado_visibilidad","desc_luminosidad","desc_estado_clima","desc_tipo_colision","desc_tipo_atropello","desc_tipo_hecho","desc_pres_calzada","desc_senializacion","desc_separacion_via","desc_restriccion"
2015,3098,04/05/2015,"Lunes",0,06:35:00,"Ruta Provincial 5","0.0",2,"Moto/Ciclomotor,Bicicleta"," ",2,1,1,0,0,0,0,"-31.539133, -60.690467","Ruta",5,"MONTE VERA","La Capital","Hormigón","Natural","I","Dentro","Rural","Ninguna","No existe","Recta","Bueno","Buena","Amanecer,Con luz artificial","Buen Tiempo","De alcance","S/D","Atropello","S/D","S/D","Ninguna","Sin restricción"
2015,3099,29/04/2015,"Miercoles",0,10:00:00,,"0.0",2,"Moto/Ciclomotor,Camión","Corrientes Y Santiago de Chile",2,1,0,0,1,0,0,,"Calle",,"SANTA FE","La Capital","Asfalto","S/D","I","S/D","Urbana","S/D","S/D","Intersección","S/D","S/D","Diurna","S/D","S/D","S/D","Colisión","S/D","S/D","S/D","S/D"
2015,3100,21/05/2015,"Jueves",0,12:30:00,,"0.0",2,"Automóvil,Automóvil","Junin Y San Lorenzo",3,2,0,0,1,0,0,,"Calle",,"SANTA FE","La Capital","Asfalto","S/D","I","S/D","Urbana","S/D","S/D","Intersección","S/D","S/D","Diurna","S/D","S/D","S/D","Colisión","S/D","S/D","S/D","S/D"
2015,3101,30/04/2015,"Jueves",0,08:40:00,,"0.0",2,"Moto/Ciclomotor,Moto/Ciclomotor","Av Gral Lopez Y Saavedra",2,1,0,0,1,0,0,,"Avenida",,"SANTA FE","La Capital","Asfalto","S/D","I","S/D","Urbana","S/D","S/D","Intersección","S/D","S/D","Diurna","S/D","S/D","S/D","Colisión","S/D","S/D","S/D","S/D"
2015,3102,04/05/2015,"Lunes",0,07:10:00,,"0.0",2,"Bicicleta,Moto/Ciclomotor","Buenos Aires Y Baldaccini",2,1,0,0,1,0,0,"-31.517942, -60.676473","Calle",,"MONTE VERA","La Capital","Hormigón","No existe","I","Dentro","Urbana","Ninguna","No existe","Intersección","Bueno","Buena","Amanecer,Con luz artificial","Buen Tiempo","Lateral","S/D","Atropello","S/D","S/D","Ninguna","Sin restricción"
2015,3103,22/05/2015,"Viernes",0,22:00:00,,"0.0",2,"Moto/Ciclomotor,Automóvil","Av Freyre Y Gdor Crespo",2,1,0,0,1,0,0,,"Avenida",,"SANTA FE","La Capital","Asfalto","S/D","I","S/D","Urbana","S/D","S/D","Intersección","S/D","S/D","S/D","S/D","S/D","S/D","Colisión","S/D","S/D","S/D","S/D"
2015,3104,03/05/2015,"Domingo",0,19:00:00,"Ruta Nacional 11","0.0",2,"Moto/Ciclomotor,Automóvil"," ",4,2,0,0,2,0,0,,"Ruta",11,"SANTA FE","La Capital","S/D","S/D","I","S/D","Urbana","S/D","S/D","S/D","S/D","S/D","Atardecer","S/D","S/D","S/D","Colisión","S/D","S/D","S/D","S/D"
2015,3105,22/05/2015,"Viernes",0,12:40:00,,"0.0",2,"Automóvil,Pickup/Utilitario","San Jeronimo Y Pedro Diaz Colodrero",3,1,0,0,2,0,0,,"Calle",,"SANTA FE","La Capital","Hormigón","No existe","I","Dentro","Urbana","Ninguna","No existe","Intersección","Bueno","Buena","Diurna","Buen Tiempo","Lateral","S/D","Colisión","Ninguna","Faltante","Ninguna","Sin restricción"
2015,3106,29/05/2015,"Viernes",0,21:10:00,,"0.0",2,"Moto/Ciclomotor,Automóvil","Av Gral Paz Y J M Zuviria",3,2,0,0,1,0,0,,"Avenida",,"SANTA FE","La Capital","Asfalto","No existe","I","S/D","Urbana","Ninguna","S/D","Intersección","Bueno","Reducida","Nocturna","Buen Tiempo","Lateral","S/D","Colisión","Ninguna","S/D","Ninguna","Sin restricción"
2015,3107,01/05/2015,"Viernes",0,19:00:00,,"0.0",2,"Moto/Ciclomotor,Automóvil","Vera Y Santiago de Chile",3,2,0,0,1,0,0,,"Calle",,"SANTA FE","La Capital","Asfalto","S/D","I","S/D","Urbana","S/D","S/D","Intersección","S/D","S/D","Atardecer","S/D","S/D","S/D","Colisión","S/D","S/D","S/D","S/D"
2015,3108,15/05/2015,"Viernes",0,18:40:00,"Ruta Provincial 2","0.0",2,"Moto/Ciclomotor,Automóvil"," ",2,1,0,0,1,0,0,,"Ruta",2,"MONTE VERA","La Capital","Hormigón","Natural","I","Dentro","Rural","Ninguna","No existe","Recta","Bueno","Buena","Atardecer","Buen Tiempo","Frontal","S/D","Colisión","S/D","S/D","Ninguna","Sin restricción"
2015,3109,05/05/2015,"Martes",0,14:00:00,,"0.0",2,"Moto/Ciclomotor,Automóvil","Corrientes 3600",2,1,0,0,1,0,0,,"Calle",,"SANTA FE","La Capital","S/D","S/D","I","S/D","Urbana","S/D","S/D","Otro","S/D","S/D","Diurna","S/D","S/D","S/D","Colisión","S/D","S/D","S/D","S/D"
2015,3110,16/04/2015,"Jueves",0,20:30:00,,"0.0",2,"Moto/Ciclomotor,Pickup/Utilitario","Ayacucho Y Dr.Rivas",3,2,0,0,1,0,0,,"Calle",,"ROSARIO","Rosario","Asfalto","No existe","II","S/D","S/D","Ninguna","No existe","Intersección","Bueno","Buena","Nocturna,Con luz artificial","Buen Tiempo","Lateral","S/D","Colisión","Ninguna","Faltante","Ninguna","Sin restricción"
2015,3111,15/05/2015,"Viernes",0,09:30:00,,"0.0",2,"Moto/Ciclomotor,Automóvil","Av Freyre Y Junin",2,1,0,0,1,0,0,,"Avenida",,"SANTA FE","La Capital","Asfalto","S/D","I","S/D","Urbana","S/D","S/D","Intersección","S/D","S/D","Diurna","S/D","S/D","S/D","Colisión","S/D","S/D","S/D","S/D"
2015,3112,15/05/2015,"Viernes",0,10:25:00,,"0.0",2,"Bicicleta,Vehículo Oficial","Av Lopez y Planes Y Bv Pellegrini",2,1,0,0,1,0,0,"-31.633138888889,-60.715027777778","Avenida",,"SANTA FE","La Capital","Asfalto","S/D","I","S/D","Urbana","S/D","S/D","Intersección","S/D","S/D","Diurna","S/D","S/D","S/D","Atropello","S/D","S/D","S/D","S/D"
2015,3113,19/05/2015,"Martes",0,15:00:00,,"0.0",2,"Moto/Ciclomotor,Moto/Ciclomotor","Ayacucho Y Arzeno",2,2,0,0,0,0,0,,"Calle",,"SANTA FE","La Capital","Asfalto,Tierra","S/D","I","Dentro","Urbana","Ninguna","No existe","Intersección","Deteriorada","Buena","Diurna","Buen Tiempo","Lateral","S/D","Colisión","Material Suelto","Faltante","Ninguna","Sin restricción"
2015,3114,23/05/2015,"Sabado",0,19:50:00,,"0.0",2,"Moto/Ciclomotor,Automóvil","Av Blas Parera 6500",3,1,1,0,1,0,0,,"Avenida",,"SANTA FE","La Capital","Hormigón","Pavimento","I","Dentro","Urbana","S/D","No existe","Recta","Bueno","Buena","Nocturna,Con luz artificial","S/D","Lateral","S/D","Colisión","S/D","Vertical","Cordón divisorio","S/D"
2015,3115,08/05/2015,"Viernes",0,13:00:00,,"0.0",2,"Peatón,Automóvil","Candido Pujato Y Av Pte Peron",2,1,0,0,1,0,0,"-31.631083333333,-60.717611111111","Calle",,"SANTA FE","La Capital","Asfalto","S/D","I","S/D","Urbana","S/D","S/D","Intersección","S/D","S/D","Diurna","S/D","S/D","S/D","Colisión","S/D","S/D","S/D","S/D"
2015,3116,24/05/2015,"Domingo",0,15:30:00,,"0.0",2,"Moto/Ciclomotor,Automóvil","Lamadrid Y Hernandarias",1,1,0,0,0,0,0,,"Calle",,"SANTA FE","La Capital","Asfalto","Natural","I","Dentro","Urbana","S/D","No existe","Intersección","Con baches,Deteriorada","Buena","Diurna","Buen Tiempo","Lateral","S/D","Colisión","Material Suelto","Faltante","S/D","Sin restricción"
2015,3117,28/05/2015,"Jueves",0,22:30:00,,"0.0",2,"Moto/Ciclomotor,Automóvil","Gdor Candioti Y Derqui",3,2,0,0,1,0,0,,"Calle",,"SANTA FE","La Capital","Asfalto","No existe","I","S/D","Urbana","Ninguna","No existe","Intersección","Bueno","Reducida","Nocturna","Buen Tiempo","Lateral","S/D","Colisión","Ninguna","S/D","Ninguna","Sin restricción"
2015,3118,19/05/2015,"Martes",0,19:00:00,,"0.0",1,"Transporte de Pasajeros Urbano (> 8 asientos)","Av Peñaloza Y Estanislao Zeballos",2,1,0,0,1,0,0,,"Avenida",,"SANTA FE","La Capital","Hormigón","Pavimento","I","Dentro","Urbana","Semáforo","Funciona","Intersección","Bueno","Buena","Atardecer,Con luz artificial","Buen Tiempo","S/D","S/D","Otro","S/D","Vertical","Cordón divisorio","Sin restricción"
2015,3119,19/05/2015,"Martes",0,12:30:00,,"0.0",2,"Moto/Ciclomotor,Vehículo Oficial","J P Lopez Y Lamadrid",2,1,0,0,1,0,0,,"Calle",,"SANTA FE","La Capital","Asfalto","Natural","I","Dentro","Urbana","Ninguna","No existe","Intersección","Con baches","Buena","Diurna","Buen Tiempo","Lateral","S/D","Colisión","Material Suelto","Faltante","Ninguna","Sin restricción"
2015,3120,24/05/2015,"Domingo",0,06:55:00,,"0.0",1,"Transporte de Pasajeros Larga Distancia (Doble Piso)","Av Blas Parera Y Espora",2,1,0,0,1,0,0,,"Calle",,"SANTA FE","La Capital","Hormigón","Pavimento","I","Dentro","Urbana","Ninguna","No existe","Intersección","Bueno","Reducida","Amanecer","Niebla","S/D","S/D","Caída ocupante","S/D","Horizontal,Vertical","Cordón divisorio","Sin restricción"
2015,3121,11/05/2015,"Lunes",1,18:10:00,,"0.0",2,"Moto/Ciclomotor,Automóvil","PUENTE CARRETERO ",4,1,0,0,3,0,0,,"S/D",,"SANTA FE","La Capital","Asfalto","S/D","I","S/D","Urbana","S/D","S/D","Intersección","S/D","S/D","S/D","S/D","S/D","S/D","S/D","S/D","S/D","S/D","S/D"
2015,3122,28/05/2015,"Jueves",0,20:50:00,,"0.0",2,"Moto/Ciclomotor,Automóvil","Av Leandro Alem Y Belgrano",2,1,0,0,1,0,0,,"Avenida",,"SANTA FE","La Capital","Hormigón","S/D","I","Dentro","Urbana","Semáforo","Funciona","Cruce","Bueno","S/D","Nocturna,Con luz artificial","Buen Tiempo","Lateral","S/D","Colisión","S/D","S/D","Guardarrail","Sin restricción"
2015,3123,27/05/2015,"Miercoles",0,20:40:00,,"0.0",2,"Moto/Ciclomotor,Moto/Ciclomotor","Estrada Y Don Guanella",2,1,0,0,1,0,0,,"Calle",,"SANTA FE","La Capital","Asfalto,Hormigón","Pavimento","I","Dentro","Urbana","Ninguna","No existe","Intersección","Bueno","Buena","Nocturna,Con luz artificial","Buen Tiempo","Lateral","S/D","Colisión","Agua","Faltante","Ninguna","Sin restricción"
2015,3124,13/05/2015,"Miercoles",0,20:30:00,,"0.0",2,"Transporte de Pasajeros Urbano (> 8 asientos),Moto/Ciclomotor","Av Blas Parera Y French",2,1,0,0,1,0,0,,"Avenida",,"SANTA FE","La Capital","Hormigón","Pavimento","I","Dentro","Urbana","S/D","No existe","Intersección","Bueno","Buena","Nocturna","Buen Tiempo","Lateral","S/D","Colisión","S/D","Horizontal,Vertical","S/D","Sin restricción"
2015,3125,16/05/2015,"Sabado",0,13:00:00,,"0.0",2,"Pickup/Utilitario,Moto/Ciclomotor","Av Blas Parera 6300",2,1,0,0,1,0,0,,"Avenida",,"SANTA FE","La Capital","Hormigón","Pavimento","I","Dentro","Urbana","Ninguna","No existe","Recta","Deteriorada","Buena","Diurna","Buen Tiempo","Lateral","S/D","Colisión","S/D","Vertical","Cordón divisorio","Sin restricción"
2015,3126,20/05/2015,"Miercoles",0,21:40:00,,"0.0",2,"Moto/Ciclomotor,Automóvil","Salvador del Carril Y Las Heras",2,1,0,0,1,0,0,,"Avenida",,"SANTA FE","La Capital","Asfalto","No existe","I","S/D","Urbana","Ninguna","No existe","Intersección","Bueno","Buena","Nocturna","Buen Tiempo","Lateral","S/D","Colisión","Ninguna","S/D","Ninguna","Sin restricción"
2015,3127,13/05/2015,"Miercoles",0,12:15:00,,"0.0",2,"Automóvil,Moto/Ciclomotor","Av Peñaloza Y Espora",2,1,0,0,1,0,0,,"Avenida",,"SANTA FE","La Capital","Hormigón","Pavimento","I","Dentro","Urbana","Ninguna","No existe","Intersección","Bueno","Buena","Diurna","Buen Tiempo","Lateral","S/D","Colisión","Otro","Faltante","Cordón divisorio","Sin restricción"
2015,3128,29/05/2015,"Viernes",0,18:30:00,,"0.0",2,"Moto/Ciclomotor,Automóvil","Av Almte Brown Y R Godoy",2,1,0,0,1,0,0,,"Avenida",,"SANTA FE","La Capital","Asfalto","No existe","I","S/D","Urbana","Ninguna","No existe","Intersección","Bueno","Buena","Amanecer","Buen Tiempo","S/D","S/D","Colisión","Ninguna","S/D","Ninguna","Sin restricción"
2015,3129,12/05/2015,"Martes",0,19:00:00,,"0.0",2,"Peatón,Moto/Ciclomotor","Estrada 6764",2,1,0,0,1,0,0,"-31.600694444444,-60.717916666667","Calle",,"SANTA FE","La Capital","Hormigón","Pavimento","I","Dentro","Urbana","Ninguna","No existe","Recta","Con baches","Buena","Atardecer","Buen Tiempo","S/D","S/D","Atropello","Material Suelto","Faltante","Ninguna","Sin restricción"
2015,3130,30/05/2015,"Sabado",0,11:00:00,,"0.0",2,"Moto/Ciclomotor,Automóvil","9 de Julio Y Martin Zapata",2,1,0,0,1,0,0,,"Calle",,"SANTA FE","La Capital","Hormigón","No existe","I","Dentro","Urbana","Ninguna","No existe","Intersección","Bueno","Buena","Diurna","Buen Tiempo","Lateral","S/D","Caída ocupante,Colisión","Ninguna","Faltante","Barrera de hormigón","Sin restricción"
2015,3131,15/05/2015,"Viernes",0,18:30:00,,"0.0",2,"Peatón,Camión","Teniente Loza Y Av Santa Fe",2,1,0,0,1,0,0,"-31.565555555556,-60.740083333333","Avenida",,"SANTA FE","La Capital","Asfalto,Hormigón","Natural","I","Dentro","Urbana","Otra Señal","No existe","Intersección","Con baches","Buena","Atardecer","Buen Tiempo","S/D","S/D","Atropello","S/D","Vertical","Ninguna","Sin restricción"
2015,3132,13/05/2015,"Miercoles",0,08:00:00,,"0.0",2,"Pickup/Utilitario,Automóvil","Don Guanella Y Aguado",5,4,0,0,1,0,0,,"Calle",,"SANTA FE","La Capital","Asfalto","Natural","I","Dentro","Urbana","S/D","No existe","Intersección","Bueno","Buena","Diurna","Buen Tiempo","Lateral","S/D","Colisión","S/D","Faltante","Ninguna","Sin restricción"
2015,3133,05/05/2015,"Martes",0,09:40:00,,"0.0",2,"Bicicleta,Automóvil","Av. Uriburu Y Bv. Oroño",2,1,0,0,1,0,0,,"Avenida",,"ROSARIO","Rosario","Asfalto","No existe","II","Dentro","Urbana","Semáforo","Funciona","Intersección","Bueno","Buena","Diurna","Buen Tiempo","S/D","S/D","Atropello","Ninguna","Horizontal","Ninguna","Sin restricción"
2015,3134,28/05/2015,"Jueves",0,09:00:00,,"0.0",2,"Moto/Ciclomotor,Taxi/Remis","Av Facundo Zuviria Y Quintana",2,1,0,0,1,0,0,,"Avenida",,"SANTA FE","La Capital","Hormigón","No existe","I","Dentro","Urbana","Semáforo","Funciona","Intersección","Bueno","Buena","Diurna","Buen Tiempo","Lateral","S/D","Caída ocupante,Colisión","Ninguna","Vertical","Ninguna","Reparación de Vía"
2015,3135,23/05/2015,"Sabado",0,16:30:00,,"0.0",2,"Peatón,Moto/Ciclomotor","Pje Rio Negro 6510",2,1,0,0,1,0,0,"-31.571944444444,-60.738444444444","Calle",,"SANTA FE","La Capital","Ripio","No existe","I","Dentro","Urbana","Otra Señal","No existe","Recta","Con baches","Buena","Diurna","Buen Tiempo","S/D","S/D","Atropello","S/D","Vertical","Ninguna","Sin restricción"
2015,3136,09/05/2015,"Sabado",0,11:50:00,,"0.0",2,"Moto/Ciclomotor,Automóvil","Av Gral Paz Y Espora",3,1,0,0,2,0,0,,"Avenida",,"SANTA FE","La Capital","Asfalto","S/D","I","S/D","Urbana","S/D","S/D","Intersección","Bueno","Buena","Diurna","S/D","Lateral","S/D","Colisión","S/D","S/D","S/D","S/D"
2015,3137,04/05/2015,"Lunes",0,15:15:00,,"0.0",2,"Automóvil,Camión","Av Gral Paz Y Derqui",4,1,0,0,3,0,0,,"Avenida",,"SANTA FE","La Capital","Asfalto","No existe","I","S/D","Urbana","Ninguna","No existe","Intersección","Bueno","Buena","Diurna","Buen Tiempo","Lateral","S/D","Colisión","Ninguna","S/D","Ninguna","Sin restricción"
2015,3138,26/05/2015,"Martes",0,09:10:00,,"0.0",2,"Moto/Ciclomotor,Automóvil","Alberti Y 1ro de Mayo",2,1,0,0,1,0,0,,"Calle",,"SANTA FE","La Capital","Asfalto","No existe","I","Dentro","Urbana","Ninguna","No existe","Intersección","Con baches,Deteriorada","Buena","Diurna","Buen Tiempo","Lateral","S/D","Caída ocupante,Colisión","Ninguna","Faltante","Ninguna","Sin restricción"
2015,3139,24/05/2015,"Domingo",0,19:00:00,,"0.0",4,"Bicicleta,Bicicleta,Bicicleta,Moto/Ciclomotor","Av Blas Parera 7820",5,4,0,0,1,0,0,"-31.589666666667,-60.724694444444","Avenida",,"SANTA FE","La Capital","Hormigón","Pavimento","I","S/D","Urbana","Ninguna","No existe","Recta","Bueno","Buena","Atardecer,Con luz artificial","Buen Tiempo","Múltiple","S/D","Atropello","S/D","Vertical","Cordón divisorio","Sin restricción"
2015,3140,04/05/2015,"Lunes",0,13:00:00,,"0.0",2,"Moto/Ciclomotor,Pickup/Utilitario","Alvear Y J Castelli",2,1,0,0,1,0,0,,"Calle",,"SANTA FE","La Capital","Asfalto","No existe","I","S/D","Urbana","Ninguna","No existe","Intersección","Bueno","Buena","Diurna","Buen Tiempo","Lateral","S/D","Colisión","Ninguna","S/D","Ninguna","Sin restricción"
2015,3141,15/05/2015,"Viernes",0,18:50:00,,"0.0",2,"Moto/Ciclomotor,Automóvil","12 de Octubre Y Misiones",3,1,0,0,2,0,0,,"Avenida",,"SANTA FE","La Capital","Hormigón","No existe","I","Dentro","Urbana","Semáforo","Intermitente","Intersección","Bueno","Buena","Atardecer","Buen Tiempo","Lateral","S/D","Colisión","S/D","Vertical","Cordón divisorio","Sin restricción"
2015,3142,11/05/2015,"Lunes",0,21:40:00,,"0.0",2,"Pickup/Utilitario,Vehículo Oficial","Av Blas Parera Y Estanislao Zeballos",3,2,0,0,1,0,0,,"Calle",,"SANTA FE","La Capital","Asfalto","Pavimento","I","Dentro","Urbana","Semáforo","Funciona","Intersección","Bueno","Buena","Nocturna,Con luz artificial","Buen Tiempo","Frontal","S/D","Colisión","S/D","Vertical","Cordón divisorio","Sin restricción"
2015,3143,24/05/2015,"Domingo",0,20:50:00,,"0.0",2,"Moto/Ciclomotor,Automóvil","Av Blas Parera Y J Castelli",3,2,0,0,1,0,0,,"Avenida",,"SANTA FE","La Capital","Hormigón","Pavimento","I","Dentro","Urbana","Semáforo","No existe","Intersección","Bueno","Buena","Nocturna,Con luz artificial","Buen Tiempo","Frontal","S/D","Colisión","S/D","Horizontal,Vertical","Cordón divisorio","Sin restricción"
2015,3144,07/05/2015,"Jueves",0,15:50:00,,"0.0",2,"Moto/Ciclomotor,Otros","Av Gral Paz Y Derqui",3,2,0,0,1,0,0,,"Avenida",,"SANTA FE","La Capital","Asfalto","No existe","I","S/D","Urbana","Ninguna","S/D","Intersección","Bueno","Buena","Diurna","Buen Tiempo","Lateral","S/D","Colisión","Ninguna","Faltante","Línea divisoria pintada","Sin restricción"
2015,3145,18/05/2015,"Lunes",0,12:15:00,,"0.0",2,"Moto/Ciclomotor,Automóvil","Av Blas Parera 6800",2,1,0,0,1,0,0,,"Avenida",,"SANTA FE","La Capital","Hormigón","Pavimento","I","Dentro","Urbana","Ninguna","No existe","Recta","Bueno","Buena","Diurna","Buen Tiempo","Lateral","S/D","Colisión","S/D","Vertical","Cordón divisorio","Sin restricción"
2015,3146,19/05/2015,"Martes",0,15:00:00,,"0.0",3,"Automóvil,Automóvil,Automóvil","Reg 12 de Infanteria ",4,1,0,0,3,0,0,,"Calle",,"SANTA FE","La Capital","Hormigón","Pavimento","I","Dentro","Urbana","Ninguna","No existe","Intersección","Bueno","Buena","Diurna","Buen Tiempo","Múltiple","S/D","Colisión","S/D","Horizontal,Vertical","Cordón divisorio","Sin restricción"
2015,3147,13/05/2015,"Miercoles",0,14:30:00,,"0.0",2,"Moto/Ciclomotor,Bicicleta","Av Blas Parera Y Gorostiaga",2,1,0,0,1,0,0,"-31.606991, -60.719897","Avenida",,"SANTA FE","La Capital","Asfalto","Pavimento","I","Dentro","Urbana","Ninguna","No existe","Rotonda","Bueno","Buena","Diurna","Buen Tiempo","S/D","S/D","Atropello","S/D","Horizontal,Vertical","Cordón divisorio","Sin restricción"
2015,3148,26/05/2015,"Martes",0,09:00:00,,"0.0",2,"Automóvil,Bicicleta","Bv. Oroño Y Av. Ponce",2,0,1,0,1,0,0,,"Avenida",,"ROSARIO","Rosario","Asfalto","S/D","II","Dentro","Urbana","S/D","S/D","Intersección","Bueno","Buena","Diurna","Buen Tiempo","S/D","S/D","Atropello","S/D","S/D","S/D","S/D"
2015,3149,02/05/2015,"Sabado",0,10:16:00,,"0.0",2,"Automóvil,Peatón","Av Almte Brown 5000",2,1,0,0,1,0,0,"-31.626222222222,-60.679055555556","Avenida",,"SANTA FE","La Capital","Asfalto","No existe","I","S/D","Urbana","Ninguna","No existe","Recta","Bueno","Reducida","Nocturna","Buen Tiempo","Otro","S/D","Atropello","S/D","S/D","Ninguna","Sin restricción"
2015,3150,25/05/2015,"Lunes",0,23:00:00,,"0.0",2,"Pickup/Utilitario,Automóvil","Candioti Y R Godoy",3,1,0,0,2,0,0,,"Calle",,"SANTA FE","La Capital","Asfalto","No existe","I","S/D","Urbana","Ninguna","No existe","Intersección","Bueno","Reducida","Nocturna","Buen Tiempo","Lateral","S/D","Colisión","Ninguna","S/D","Ninguna","Sin restricción"
2015,3151,28/05/2015,"Jueves",0,20:30:00,,"0.0",2,"Moto/Ciclomotor,Automóvil","Alvear Y Huergo",2,1,0,0,1,0,0,,"Calle",,"SANTA FE","La Capital","Asfalto","No existe","I","S/D","Urbana","Ninguna","No existe","Intersección","Bueno","Reducida","Nocturna","Buen Tiempo","Lateral","S/D","Colisión","Ninguna","S/D","Ninguna","Sin restricción"
2015,3152,14/05/2015,"Jueves",0,21:50:00,,"0.0",2,"Taxi/Remis,Bicicleta","Entre Rios Y Gaboto",2,1,0,0,1,0,0,,"Calle",,"ROSARIO","Rosario","Asfalto","No existe","II","Dentro","Urbana","Ninguna","No existe","Intersección","Bueno","Buena","Nocturna","Buen Tiempo","S/D","S/D","Atropello","Ninguna","Faltante","Ninguna","Sin restricción"
2015,3153,06/05/2015,"Miercoles",0,09:45:00,,"0.0",2,"Moto/Ciclomotor,Automóvil","Av Galicia Y Rivadavia",2,0,0,1,1,0,0,,"Avenida",,"SANTA FE","La Capital","Asfalto","No existe","I","S/D","Urbana","Ninguna","No existe","Recta","Bueno","Buena","Diurna","Buen Tiempo","De alcance","S/D","Colisión","Ninguna","S/D","Ninguna","Sin restricción"
2015,3154,20/05/2015,"Miercoles",0,19:40:00,,"0.0",2,"Moto/Ciclomotor,Pickup/Utilitario","Av Gral Paz Y J M Zuviria",2,1,0,0,1,0,0,,"Avenida",,"SANTA FE","La Capital","Asfalto","No existe","I","S/D","Urbana","Ninguna","Funciona","Intersección","Bueno","Reducida","Nocturna","Buen Tiempo","Lateral","S/D","Colisión","Ninguna","S/D","Ninguna","Sin restricción"
2015,3155,14/05/2015,"Jueves",0,12:35:00,,"0.0",2,"Automóvil,Peatón","Pje. Raffo Y Lamadrid",2,1,0,0,1,0,0,,"Calle",,"ROSARIO","Rosario","Asfalto","No existe","II","Dentro","Urbana","Ninguna","No existe","Intersección","Bueno","Buena","Diurna","Buen Tiempo","S/D","S/D","Atropello","Ninguna","Faltante","Ninguna","Sin restricción"
2015,3156,19/05/2015,"Martes",0,13:30:00,,"0.0",2,"Automóvil,Moto/Ciclomotor","Donado Y Derqui",2,1,0,0,1,0,0,,"Calle",,"ROSARIO","Rosario","Asfalto","Pavimento","II","Dentro","Urbana","Ninguna","No existe","S/D","Bueno","Buena","Diurna","Buen Tiempo","Lateral","S/D","Colisión","S/D","Faltante","S/D","Sin restricción"
2015,3157,22/05/2015,"Viernes",0,14:00:00,,"0.0",1,"Moto/Ciclomotor","Av Peñaloza Y Derqui",2,2,0,0,0,0,0,,"Calle",,"SANTA FE","La Capital","S/D","S/D","I","S/D","S/D","S/D","S/D","S/D","S/D","S/D","Diurna","S/D","S/D","S/D","S/D","S/D","S/D","S/D","S/D"
2015,3158,07/05/2015,"Jueves",0,08:00:00,,"0.0",2,"Automóvil,Automóvil","Av Galicia Y Rivadavia",4,2,0,0,2,0,0,,"Avenida",,"SANTA FE","La Capital","Asfalto","S/D","I","S/D","Urbana","S/D","S/D","Intersección","Bueno","Buena","Diurna","S/D","Lateral","S/D","Colisión","S/D","S/D","S/D","S/D"
2015,3159,12/05/2015,"Martes",0,12:00:00,,"0.0",1,"Moto/Ciclomotor","Entre Rios Y Av. Uriburu",2,2,0,0,0,0,0,,"Calle",,"ROSARIO","Rosario","Asfalto","No existe","II","Dentro","Urbana","Ninguna","No existe","Recta","Bueno","Buena","Diurna","Buen Tiempo","Contra objeto fijo","S/D","Colisión","Ninguna","Faltante","Ninguna","Sin restricción"
2015,3160,09/05/2015,"Sabado",0,08:15:00,,"0.0",2,"Pickup/Utilitario,Camión","Av. Uriburu Y España",2,1,0,0,1,0,0,,"Calle",,"ROSARIO","Rosario","Asfalto","No existe","II","Dentro","Urbana","Semáforo","Funciona","Recta","Bueno","Buena","Diurna","Buen Tiempo","De alcance","S/D","Colisión","Ninguna","Vertical","Ninguna","Sin restricción"
2015,3161,05/05/2015,"Martes",0,14:30:00,,"0.0",2,"Bicicleta,Pickup/Utilitario","Av Gral Paz Y Derqui",2,1,0,0,1,0,0,"-31.619083333333,-60.685055555556","Avenida",,"SANTA FE","La Capital","Asfalto","No existe","I","S/D","Urbana","Ninguna","No existe","Intersección","Bueno","Buena","Diurna","Buen Tiempo","S/D","S/D","Atropello","Ninguna","S/D","Ninguna","Sin restricción"
2015,3162,22/05/2015,"Viernes",0,09:15:00,,"0.0",2,"Automóvil,Moto/Ciclomotor","Defensa Y Estanislao Zeballos",3,1,0,0,2,0,0,,"Calle",,"SANTA FE","La Capital","Asfalto","S/D","I","S/D","Urbana","S/D","S/D","Intersección","Bueno","Buena","Diurna","S/D","Lateral","S/D","Colisión","S/D","S/D","S/D","S/D"
2015,3163,04/04/2015,"Sabado",0,22:50:00,,"0.0",2,"Moto/Ciclomotor,Pickup/Utilitario","J P Lopez Y Hernandarias",2,1,0,0,1,0,0,,"Calle",,"SANTA FE","La Capital","Asfalto","No existe","I","S/D","Urbana","Ninguna","No existe","Intersección","Bueno","Reducida","Nocturna","Buen Tiempo","Lateral","S/D","Colisión","Ninguna","S/D","Ninguna","Sin restricción"
2015,3164,06/05/2015,"Miercoles",0,11:00:00,,"0.0",2,"Peatón,Automóvil","Av. Ovidio Lagos Y Biedma",2,1,0,0,1,0,0,,"Calle",,"ROSARIO","Rosario","Asfalto","No existe","II","Dentro","Urbana","Semáforo","Funciona","Intersección","Bueno","Buena","Diurna","Buen Tiempo","S/D","S/D","Atropello","Ninguna","Vertical","Ninguna","S/D"