"anio_acci","nro_acci","fecha","desc_dia","fecha_aprox","hora_aprox","desc_ruta","km","cant_participantes","desc_participante","calle_avenida_km","total","heridos_leves","heridos_graves","heridos_gravisimos","ilesos","fallecidos","sin_datos","posicion_XY","desc_tipo_via","desc_ruta_ori","desc_loc","desc_dpto","desc_tipo_calzada","desc_tipo_banquina","desc_unidad_regional","desc_lugar_calzada","desc_zona","desc_prioridad","desc_estado_semaforo","desc_lugar_via","desc_estado_via","desc_estado_visibilidad","desc_luminosidad","desc_estado_clima","desc_tipo_colision","desc_tipo_atropello","desc_tipo_hecho","desc_pres_calzada","desc_senializacion","desc_separacion_via","desc_restriccion"
2015,3165,11/05/2015,"Lunes",0,19:30:00,,"0.0",2,"Automóvil,Moto/Ciclomotor","Pavon Y Gdor Crespo",3,2,0,0,1,0,0,,"Calle",,"SANTA FE","La Capital","S/D","Natural","I","Dentro","Urbana","Ninguna","No existe","Intersección","Con baches","Reducida","Atardecer,Con luz artificial","Buen Tiempo","Lateral","S/D","Colisión","S/D","Faltante","Ninguna","Sin restricción"
2015,3166,24/05/2015,"Domingo",0,22:25:00,,"0.0",2,"Moto/Ciclomotor,Automóvil","B.ESTANISLAO LOPEZ  Y MENDOZA",3,2,0,0,1,0,0,,"Calle",,"MONTE VERA","La Capital","Ripio","No existe","I","Dentro","Urbana","Ninguna","No existe","Intersección","Bueno","Buena","Nocturna,Con luz artificial","Buen Tiempo","Lateral","S/D","Colisión","Ninguna","S/D","Ninguna","Sin restricción"
2015,3167,27/05/2015,"Miercoles",0,09:30:00,,"0.0",2,"Automóvil,Pickup/Utilitario","Av Blas Parera Y Ayacucho",2,1,0,0,1,0,0,,"Avenida",,"SANTA FE","La Capital","Hormigón","Pavimento","I","Dentro","Urbana","Semáforo","Funciona","Intersección","Bueno","Buena","Diurna","Buen Tiempo","Lateral","S/D","Colisión","S/D","Horizontal,Vertical","Cordón divisorio","Sin restricción"
2015,3168,06/05/2015,"Miercoles",0,18:50:00,,"0.0",2,"Moto/Ciclomotor,Pickup/Utilitario","Av A del Valle Y Alfonsina Storni",2,1,0,0,1,0,0,,"Avenida",,"SANTA FE","La Capital","Asfalto","Natural","I","Dentro","Urbana","Ninguna","No existe","Intersección","Bueno","Reducida","Atardecer","Otro","Lateral","S/D","Colisión","Ninguna","Faltante","Cordón divisorio","Sin restricción"
2015,3169,17/05/2015,"Domingo",0,15:00:00,,"0.0",2,"Moto/Ciclomotor,Automóvil","Las Acacias Y Los Cedros",3,1,0,0,2,0,0,,"Calle",,"SANTA FE","La Capital","Asfalto","No existe","I","S/D","Urbana","Ninguna","No existe","Intersección","Deteriorada","Reducida","Diurna","Otro","Lateral","S/D","Colisión","Ninguna","Faltante","Ninguna","Sin restricción"
2015,3170,05/05/2015,"Martes",0,11:00:00,,"0.0",2,"Moto/Ciclomotor,Pickup/Utilitario","Alberti Y Belgrano",3,2,0,0,1,0,0,,"Calle",,"SANTA FE","La Capital","S/D","S/D","I","S/D","Urbana","S/D","S/D","Intersección","Bueno","Buena","Diurna","S/D","Lateral","S/D","Colisión","S/D","S/D","S/D","S/D"
2015,3171,27/05/2015,"Miercoles",0,13:30:00,,"0.0",2,"Automóvil,Automóvil","Av Blas Parera Y Estanislao Zeballos",3,1,0,0,2,0,0,,"Avenida",,"SANTA FE","La Capital","Hormigón","Pavimento","I","Dentro","Urbana","Semáforo","Funciona","Intersección","Bueno","Buena","Diurna","Buen Tiempo","Lateral","S/D","Colisión","S/D","Horizontal,Vertical","Cordón divisorio","Sin restricción"
2015,3172,01/05/2015,"Viernes",0,22:35:00,,"0.0",1,"Moto/Ciclomotor","Beruti Y Leumann",1,1,0,0,0,0,0,,"Avenida",,"SANTA FE","La Capital","Asfalto","Natural","I","Dentro","Urbana","Ninguna","No existe","Intersección","Con baches","Buena","Nocturna,Con luz artificial","Buen Tiempo","S/D","S/D","Caída ocupante","Otro","Faltante","Ninguna","Sin restricción"
2015,3173,05/05/2015,"Martes",0,16:15:00,,"0.0",2,"Pickup/Utilitario,Moto/Ciclomotor","Bv. Segui Y Rodriguez",2,1,0,0,1,0,0,,"Calle",,"ROSARIO","Rosario","Asfalto","No existe","II","Dentro","Urbana","Ninguna","No existe","Intersección","Bueno","Buena","Diurna","Buen Tiempo","De alcance","S/D","Colisión","Ninguna","Faltante","Ninguna","Sin restricción"
2015,3174,02/05/2015,"Sabado",0,00:00:00,,"0.0",2,"Bicicleta,Pickup/Utilitario","Estanislao Zeballos Y Estrada",2,1,0,0,1,0,0,"-31.600361111111,-60.717833333333","Calle",,"SANTA FE","La Capital","Asfalto","Pavimento","I","Dentro","Urbana","Ninguna","No existe","Intersección","Bueno","Buena","Nocturna,Con luz artificial","Buen Tiempo","S/D","S/D","Atropello","S/D","Vertical","Ninguna","Sin restricción"
2015,3175,18/05/2015,"Lunes",0,13:10:00,,"0.0",2,"Pickup/Utilitario,Moto/Ciclomotor","Av Peñaloza 6751",4,3,0,0,1,0,0,,"Avenida",,"SANTA FE","La Capital","Hormigón","Pavimento","I","Dentro","Urbana","Ninguna","No existe","Recta","Bueno","Buena","Diurna","Buen Tiempo","Lateral","S/D","Colisión","S/D","S/D","Cordón divisorio","Sin restricción"
2015,3176,15/05/2015,"Viernes",0,20:55:00,,"0.0",2,"Moto/Ciclomotor,Taxi/Remis","Belgrano Y Pedro Centeno",2,1,0,0,1,0,0,,"Calle",,"SANTA FE","La Capital","Asfalto","No existe","I","Dentro","Urbana","Ninguna","S/D","Intersección","Bueno","Buena","Nocturna","Buen Tiempo","Lateral","S/D","Colisión","Ninguna","S/D","Ninguna","Sin restricción"
2015,3177,15/05/2015,"Viernes",0,18:30:00,,"0.0",2,"Moto/Ciclomotor,Automóvil","Av Gral Lopez Y Quintana",2,1,0,0,1,0,0,,"Avenida",,"SANTA FE","La Capital","Asfalto","No existe","I","Dentro","Urbana","Ninguna","S/D","Intersección","Bueno","Buena","Diurna","Buen Tiempo","Lateral","S/D","Colisión","Ninguna","S/D","Ninguna","Sin restricción"
2015,3178,15/05/2015,"Viernes",0,12:45:00,,"0.0",2,"Moto/Ciclomotor,Automóvil","Av Gral Paz Y Angel Cassanello",2,1,0,0,1,0,0,,"Avenida",,"SANTA FE","La Capital","Asfalto","No existe","I","Dentro","Urbana","Ninguna","Funciona","Intersección","Bueno","Buena","Diurna","Buen Tiempo","Lateral","S/D","Colisión","Ninguna","Horizontal,Vertical","Ninguna","Sin restricción"
2015,3179,11/05/2015,"Lunes",0,09:20:00,,"0.0",2,"Automóvil,Automóvil","Dorrego Y Calchines",2,1,0,0,1,0,0,,"Calle",,"SANTA FE","La Capital","Asfalto","No existe","I","Dentro","Urbana","Ninguna","No existe","Intersección","Bueno","Buena","Diurna","Buen Tiempo","Lateral","S/D","Colisión","Ninguna","S/D","Ninguna","Sin restricción"
2015,3180,05/05/2015,"Martes",0,16:40:00,,"0.0",3,"Automóvil,Automóvil,Pickup/Utilitario","Av Blas Parera Y Vieytes",3,1,0,0,2,0,0,,"Avenida",,"SANTA FE","La Capital","Hormigón","Pavimento","I","Dentro","Urbana","Semáforo","Funciona","Intersección","Bueno","Buena","Diurna","Buen Tiempo","Múltiple","S/D","Colisión","S/D","Horizontal,Vertical","Cordón divisorio","Sin restricción"
2015,3181,08/05/2015,"Viernes",0,18:10:00,,"0.0",2,"Bicicleta,Pickup/Utilitario","Velez Sarsfield Y Pje Calcena",2,1,0,0,1,0,0,"-31.625666666667,-60.682333333333","Calle",,"SANTA FE","La Capital","Asfalto","No existe","I","Dentro","Urbana","Ninguna","No existe","Recta","Bueno","Buena","Diurna","Buen Tiempo","S/D","S/D","Atropello","Ninguna","S/D","Ninguna","Sin restricción"
2015,3182,04/05/2015,"Lunes",0,20:50:00,,"0.0",2,"Moto/Ciclomotor,Automóvil","Av Gral Paz 5100",2,1,0,0,1,0,0,,"Avenida",,"SANTA FE","La Capital","Asfalto","No existe","I","Dentro","Urbana","Ninguna","No existe","Intersección","Bueno","Reducida","Nocturna","Buen Tiempo","Lateral","S/D","Colisión","Ninguna","S/D","Ninguna","Sin restricción"
2015,3183,01/05/2015,"Viernes",0,00:10:00,,"0.0",2,"Moto/Ciclomotor,Pickup/Utilitario","Estado de Israel Y Arenales",3,2,0,0,1,0,0,,"Calle",,"SANTA FE","La Capital","Asfalto","Natural","I","S/D","Urbana","Ninguna","No existe","Intersección","Deteriorada","Buena","Nocturna,Con luz artificial","Buen Tiempo","Lateral","S/D","Colisión","Otro","Faltante","Ninguna","Sin restricción"
2015,3184,04/05/2015,"Lunes",0,16:00:00,,"0.0",2,"Moto/Ciclomotor,Automóvil","Gorostiaga Y Necochea",2,1,0,0,1,0,0,,"Calle",,"SANTA FE","La Capital","Asfalto","No existe","I","Dentro","Urbana","Ninguna","No existe","Intersección","Bueno","Buena","Diurna","Buen Tiempo","Lateral","S/D","Colisión","Ninguna","S/D","Ninguna","Sin restricción"
2015,3185,18/05/2015,"Lunes",0,21:40:00,,"0.0",2,"Moto/Ciclomotor,Automóvil","J Castelli Y Alberdi",2,1,0,0,1,0,0,,"Calle",,"SANTA FE","La Capital","Asfalto","No existe","I","Dentro","Urbana","Ninguna","No existe","Intersección","Bueno","Buena","Nocturna","Buen Tiempo","Lateral","S/D","Colisión","Ninguna","S/D","Ninguna","Sin restricción"
2015,3186,20/05/2015,"Miercoles",0,17:20:00,,"0.0",2,"Moto/Ciclomotor,Otros","Av. Pellegrini Y Av. Circunvalacion",2,1,0,0,0,0,1,,"Avenida",,"ROSARIO","Rosario","Asfalto","No existe","II","Fuera","Urbana","Ninguna","No existe","Curva","Bueno","Buena","Atardecer","Buen Tiempo","Lateral","S/D","Colisión","Ninguna","Faltante","S/D","Sin restricción"
2015,3187,22/05/2015,"Viernes",0,09:20:00,,"0.0",2,"Moto/Ciclomotor,Bicicleta","Derqui 7500",3,1,0,0,2,0,0,,"Calle",,"ROSARIO","Rosario","Asfalto","No existe","II","S/D","Urbana","S/D","No existe","Recta","Bueno","Buena","Diurna","Buen Tiempo","S/D","S/D","Atropello","Ninguna","Faltante","S/D","Sin restricción"
2015,3188,10/05/2015,"Domingo",0,23:00:00,"Ruta Nacional A012","0.0",2,"Automóvil,Camión","RP18 ",3,2,0,0,1,0,0,,"Ruta","A012","PIÑERO","Rosario","Asfalto","Natural","II","Dentro","Urbana","Semáforo","Intermitente","Cruce","Bueno","S/D","Nocturna","Buen Tiempo","S/D","S/D","Colisión","S/D","S/D","S/D","Sin restricción"
2015,3189,18/05/2015,"Lunes",0,15:00:00,,"0.0",2,"Moto/Ciclomotor,Automóvil","4 de Enero Y Gorostiaga",3,2,0,0,1,0,0,,"Calle",,"SANTA FE","La Capital","S/D","S/D","I","Dentro","Urbana","S/D","S/D","Intersección","S/D","Buena","Diurna","S/D","Lateral","S/D","Colisión","S/D","S/D","S/D","S/D"
2015,3190,11/05/2015,"Lunes",0,10:50:00,,"0.0",2,"Pickup/Utilitario,Moto/Ciclomotor","Diaz de Guzman Y Estrada",3,2,0,0,1,0,0,,"Calle",,"SANTA FE","La Capital","Asfalto","Natural","I","Dentro","Urbana","Ninguna","No existe","Intersección","Bueno","Buena","Diurna","Buen Tiempo","Lateral","S/D","Colisión","S/D","Faltante","Ninguna","Sin restricción"
2015,3191,14/05/2015,"Jueves",0,21:00:00,,"0.0",2,"Moto/Ciclomotor,Automóvil","Gorostiaga Y 4 de Enero",3,2,0,0,1,0,0,,"Calle",,"SANTA FE","La Capital","S/D","S/D","I","Dentro","Urbana","S/D","S/D","Intersección","S/D","Buena","Nocturna","S/D","Lateral","S/D","Colisión","S/D","S/D","S/D","S/D"
2015,3192,14/05/2015,"Jueves",0,19:00:00,,"0.0",2,"Ambulancia,Automóvil","Gdor Freyre 5900",2,1,0,0,1,0,0,,"Calle",,"SANTA FE","La Capital","S/D","S/D","I","Dentro","Urbana","S/D","S/D","Recta","S/D","S/D","Atardecer","S/D","De alcance","S/D","Colisión","S/D","S/D","S/D","S/D"
2015,3193,16/05/2015,"Sabado",0,23:55:00,,"0.0",2,"Automóvil,Moto/Ciclomotor","Av Blas Parera Y Larrea",3,2,0,0,1,0,0,,"Avenida",,"SANTA FE","La Capital","Hormigón","Pavimento","I","Dentro","Urbana","Semáforo","Funciona","Intersección","Bueno","Buena","Nocturna,Con luz artificial","Buen Tiempo","Lateral","S/D","Colisión","S/D","Horizontal,Vertical","Cordón divisorio","Sin restricción"
2015,3194,14/05/2015,"Jueves",0,18:00:00,,"0.0",2,"Peatón,Automóvil","Zavalia Y Martin Zapata",2,1,0,0,1,0,0,"-31.61725,-60.71175","Calle",,"SANTA FE","La Capital","S/D","No existe","I","Dentro","Urbana","S/D","No existe","Intersección","S/D","Buena","Diurna","S/D","S/D","S/D","Atropello","S/D","S/D","S/D","S/D"
2015,3195,06/05/2015,"Miercoles",0,17:20:00,,"0.0",2,"Moto/Ciclomotor,Automóvil","Saavedra ",3,0,0,0,0,0,3,,"Calle",,"SANTA FE","La Capital","S/D","S/D","I","S/D","S/D","S/D","S/D","S/D","S/D","S/D","Diurna","S/D","S/D","S/D","S/D","S/D","S/D","S/D","S/D"
2015,3196,23/05/2015,"Sabado",0,05:00:00,,"0.0",2,"Moto/Ciclomotor,Pickup/Utilitario","Av A del Valle Y Quintana",3,2,0,0,1,0,0,,"Avenida",,"SANTA FE","La Capital","Hormigón","No existe","I","Dentro","Urbana","Ninguna","No existe","Intersección","Bueno","Buena","Nocturna,Con luz artificial","Buen Tiempo","Lateral","S/D","Colisión","Ninguna","Faltante","Ninguna","Sin restricción"
2015,3197,23/05/2015,"Sabado",0,14:00:00,,"0.0",2,"Automóvil,Moto/Ciclomotor","Gdor Freyre Y R Godoy",3,0,0,0,0,0,3,,"Calle",,"SANTA FE","La Capital","S/D","S/D","I","S/D","S/D","S/D","S/D","S/D","S/D","S/D","Diurna","S/D","S/D","S/D","S/D","S/D","S/D","S/D","S/D"
2015,3198,21/05/2015,"Jueves",0,13:35:00,,"0.0",2,"Automóvil,Bicicleta","Ricardo Aldao Y 4 de Enero",2,1,0,0,0,0,1,"-31.608888888889,-60.701138888889","Calle",,"SANTA FE","La Capital","S/D","S/D","I","S/D","S/D","S/D","S/D","S/D","S/D","S/D","Diurna","S/D","S/D","S/D","Atropello","S/D","S/D","S/D","S/D"
2015,3199,14/05/2015,"Jueves",0,00:30:00,,"0.0",2,"Automóvil,Moto/Ciclomotor","Italia Y Biedma",3,2,0,0,1,0,0,,"Calle",,"ROSARIO","Rosario","Asfalto","No existe","II","Dentro","Urbana","Ninguna","No existe","Intersección","Bueno","Buena","Nocturna","Buen Tiempo","De alcance","S/D","Colisión","Ninguna","Faltante","Ninguna","Sin restricción"
2015,3200,12/05/2015,"Martes",0,07:30:00,,"0.0",3,"Automóvil,Automóvil,Taxi/Remis","San Martin Y Garay",3,1,0,0,2,0,0,,"Calle",,"ROSARIO","Rosario","Asfalto","No existe","II","Dentro","Urbana","Semáforo","Funciona","Recta","Bueno","Buena","Diurna","Buen Tiempo","De alcance","S/D","Colisión","Ninguna","Horizontal","Ninguna","Sin restricción"
2015,3201,07/05/2015,"Jueves",0,11:00:00,,"0.0",2,"Automóvil,Taxi/Remis","Av. Uriburu Y Mitre",3,1,0,0,2,0,0,,"Avenida",,"ROSARIO","Rosario","Asfalto","No existe","II","Dentro","Urbana","Ninguna","No existe","Intersección","Bueno","Buena","Diurna","Buen Tiempo","De alcance","S/D","Colisión","Ninguna","Faltante","Ninguna","Sin restricción"
2015,3202,12/05/2015,"Martes",0,18:30:00,"Ruta Nacional A012","0.0",2,"Automóvil,Automóvil"," ",5,4,0,0,1,0,0,,"Ruta","A012","PIÑERO","Rosario","Asfalto","Natural","II","Dentro","Urbana","Semáforo","Intermitente","Recta","Bueno","Buena","Atardecer","Buen Tiempo","S/D","S/D","Colisión","Ninguna","S/D","Ninguna","Sin restricción"
2015,3203,12/05/2015,"Martes",0,15:30:00,,"0.0",2,"Transporte de Pasajeros Larga Distancia (> 8 asientos),Automóvil","Av Peñaloza 7100",2,1,0,0,1,0,0,,"Avenida",,"SANTA FE","La Capital","S/D","S/D","I","Dentro","Urbana","S/D","S/D","Intersección","S/D","S/D","Diurna","S/D","Lateral","S/D","Colisión","S/D","S/D","S/D","S/D"
2015,3204,06/05/2015,"Miercoles",0,06:45:00,"Ruta Nacional A012","10.0",2,"Moto/Ciclomotor,Camión"," ",2,1,0,0,0,0,1,,"Ruta","A012","PIÑERO","Rosario","Asfalto","Natural","II","S/D","S/D","S/D","No existe","Recta","Bueno","Buena","Amanecer","Buen Tiempo","S/D","S/D","Colisión","Ninguna","Faltante","S/D","S/D"
2015,3205,11/05/2015,"Lunes",0,12:30:00,,"0.0",2,"Automóvil,Moto/Ciclomotor","Risso Y Av Peñaloza",2,1,0,0,1,0,0,,"Avenida",,"SANTA FE","La Capital","S/D","S/D","I","Dentro","Urbana","S/D","S/D","Intersección","S/D","S/D","Diurna","S/D","Lateral","S/D","Colisión","S/D","S/D","S/D","S/D"
2015,3206,11/05/2015,"Lunes",0,18:50:00,,"0.0",2,"Automóvil,Moto/Ciclomotor","Bv Pellegrini Y Av Pte Peron",3,1,0,0,2,0,0,,"Avenida",,"SANTA FE","La Capital","Asfalto","Pavimento","I","Dentro","Urbana","Semáforo","Funciona","Intersección","Bueno","Buena","Atardecer","Buen Tiempo","Lateral","S/D","Colisión","S/D","S/D","Cordón divisorio","Sin restricción"
2015,3207,09/05/2015,"Sabado",0,08:25:00,,"0.0",2,"Moto/Ciclomotor,Automóvil","Av Facundo Zuviria Y J M Zuviria",2,1,0,0,1,0,0,,"Avenida",,"SANTA FE","La Capital","S/D","S/D","I","Dentro","Urbana","S/D","S/D","Intersección","S/D","Buena","Diurna","S/D","Lateral","S/D","Colisión","S/D","S/D","S/D","S/D"
2015,3208,12/05/2015,"Martes",0,22:00:00,,"0.0",2,"Moto/Ciclomotor,Automóvil","Av Galicia Y Alvear",2,1,0,0,1,0,0,,"Avenida",,"SANTA FE","La Capital","Asfalto","S/D","I","S/D","Urbana","S/D","No existe","Intersección","Bueno","Buena","Nocturna,Con luz artificial","S/D","Lateral","S/D","Colisión","S/D","S/D","S/D","S/D"
2015,3209,17/05/2015,"Domingo",0,11:50:00,,"0.0",2,"Pickup/Utilitario,Automóvil","Candioti Y Quintana",3,2,0,0,1,0,0,,"Calle",,"SANTA FE","La Capital","Asfalto","No existe","I","S/D","Urbana","Ninguna","No existe","Intersección","Bueno","Buena","Diurna","Buen Tiempo","Lateral","S/D","Colisión","Ninguna","S/D","Ninguna","Sin restricción"
2015,3210,20/05/2015,"Miercoles",0,09:40:00,,"0.0",2,"Peatón,Automóvil","Salvador del Carril 1600",2,1,0,0,1,0,0,"-31.620333333333,-60.687111111111","Avenida",,"SANTA FE","La Capital","Asfalto","No existe","I","S/D","Urbana","S/D","No existe","Intersección","Bueno","Buena","Diurna","Buen Tiempo","S/D","S/D","Atropello","Ninguna","S/D","Ninguna","Sin restricción"
2015,3211,19/05/2015,"Martes",0,21:00:00,,"0.0",2,"Moto/Ciclomotor,Automóvil","Av Gral Paz Y J M Zuviria",2,1,0,0,1,0,0,,"Avenida",,"SANTA FE","La Capital","Asfalto","No existe","I","S/D","Urbana","Ninguna","S/D","Intersección","Bueno","Buena","Nocturna","Buen Tiempo","Lateral","S/D","Colisión","Ninguna","S/D","Ninguna","Sin restricción"
2015,3212,08/05/2015,"Viernes",0,18:10:00,,"0.0",2,"Moto/Ciclomotor,Moto/Ciclomotor","Av Urquiza Y Gorostiaga",3,3,0,0,0,0,0,,"Avenida",,"SANTA FE","La Capital","S/D","S/D","I","S/D","Urbana","S/D","S/D","S/D","S/D","S/D","Diurna","S/D","S/D","S/D","Colisión","S/D","S/D","S/D","S/D"
2015,3213,14/05/2015,"Jueves",1,20:15:00,,"0.0",2,"Bicicleta,Taxi/Remis","Salvador del Carril 1600",2,1,0,0,1,0,0,"-31.620333333333,-60.687111111111","Avenida",,"SANTA FE","La Capital","Asfalto","No existe","I","S/D","Urbana","Ninguna","No existe","Recta","Bueno","Reducida","Nocturna","Buen Tiempo","S/D","S/D","Atropello","Ninguna","S/D","Ninguna","Sin restricción"
2015,3214,06/05/2015,"Miercoles",0,21:00:00,,"0.0",2,"Moto/Ciclomotor,Pickup/Utilitario","Risso Y Av Peñaloza",3,2,0,0,1,0,0,,"Avenida",,"SANTA FE","La Capital","S/D","S/D","I","S/D","Urbana","S/D","S/D","S/D","S/D","S/D","Nocturna","S/D","S/D","S/D","Colisión","S/D","S/D","S/D","S/D"
2015,3215,20/02/2015,"Viernes",0,23:20:00,,"0.0",1,"Moto/Ciclomotor","D Peña Y Sivori",1,0,0,0,0,1,0,"-33.257861111111,-60.31025","Calle",,"VILLA CONSTITUCIÓN","Constitución","Asfalto","S/D","VI","S/D","Urbana","S/D","No existe","Recta","Bueno","Buena","Nocturna,Con luz artificial","Buen Tiempo","Contra objeto fijo","S/D","Caída ocupante,Colisión","S/D","S/D","Ninguna","S/D"
2015,3216,05/05/2015,"Martes",0,11:30:00,,"0.0",2,"Moto/Ciclomotor,Tractor","Av. Uriburu Y Pueyrredon",2,1,0,0,1,0,0,,"Calle",,"ROSARIO","Rosario","Asfalto","No existe","II","Dentro","Urbana","Ninguna","No existe","Intersección","Bueno","Buena","Diurna","Buen Tiempo","De alcance","S/D","Colisión","Ninguna","Faltante","Ninguna","Sin restricción"
2015,3217,19/05/2015,"Martes",0,09:50:00,,"0.0",2,"Moto/Ciclomotor,Automóvil","Gutierrez Y Mitre",2,1,0,0,1,0,0,,"Calle",,"SANTA FE","La Capital","Asfalto","No existe","I","S/D","Urbana","Ninguna","No existe","Intersección","Bueno","Buena","Diurna","Buen Tiempo","Lateral","S/D","Colisión","Ninguna","S/D","Ninguna","Sin restricción"
2015,3218,23/05/2015,"Sabado",0,09:50:00,,"0.0",1,"Transporte de Pasajeros Urbano (> 8 asientos)","Av Facundo Zuviria Y Quintana",2,1,0,0,1,0,0,,"Avenida",,"SANTA FE","La Capital","Hormigón","No existe","I","Dentro","Urbana","Semáforo","Funciona","Recta","Con baches","Buena","Diurna","Buen Tiempo","Otro","S/D","Caída ocupante","Ninguna","Vertical","Ninguna","Reparación de Vía"
2015,3219,21/02/2015,"Sabado",0,16:00:00,"Ruta Nacional A012","0.0",2,"Automóvil,Automóvil","RNA012 y RP14 ",5,4,0,0,0,1,0,"-33.091928, -60.790881","Ruta","A012","PIÑERO","Rosario","Asfalto","Natural","II","Dentro","Rural","Ninguna","No existe","Recta","Bueno","Buena","Diurna","Buen Tiempo","Frontal","S/D","Colisión","Ninguna","S/D","Línea divisoria pintada","Sin restricción"
2015,3220,02/05/2015,"Sabado",0,18:30:00,,"0.0",2,"Moto/Ciclomotor,Automóvil","Fray Mamerto Esquiu Y 4 de Enero",3,2,0,0,1,0,0,,"Calle",,"SANTA FE","La Capital","S/D","S/D","I","S/D","Urbana","S/D","S/D","S/D","S/D","S/D","Diurna","S/D","S/D","S/D","Colisión","S/D","S/D","S/D","S/D"
2015,3221,17/05/2015,"Domingo",0,18:10:00,,"0.0",2,"Automóvil,Moto/Ciclomotor","Bartolome Mitre Y Marcos Avellaneda",2,1,0,0,1,0,0,,"Calle",,"ESPERANZA","Las Colonias","Asfalto","No existe","XI","Dentro","Urbana","Ninguna","S/D","Intersección","Bueno","Buena","Atardecer","Buen Tiempo","Lateral","S/D","Colisión","Ninguna","Vertical","Ninguna","Sin restricción"
2015,3222,25/05/2015,"Lunes",0,17:30:00,"Ruta Secundaria 85-s","0.0",1,"Automóvil"," ",4,3,0,0,1,0,0,,"Ruta","85-s","COLONIA FIDELA","Castellanos","Ripio","No existe","V","Dentro","Urbana","Ninguna","No existe","Recta","Ahuellamiento","Reducida polvo","Diurna","S/D","S/D","S/D","Despiste","Material Suelto","Faltante","Ninguna","Sin restricción"
2015,3223,30/05/2015,"Sabado",0,06:00:00,,"0.0",1,"Moto/Ciclomotor","25 de Mayo Y General Manuel Belgrano",1,1,0,0,0,0,0,,"Calle",,"ESPERANZA","Las Colonias","Asfalto","No existe","XI","Dentro","Urbana","Ninguna","No existe","Intersección","Bueno","Buena","Amanecer,Con luz artificial","Buen Tiempo","S/D","S/D","Caída ocupante","Ninguna","Vertical","Cordón divisorio","Sin restricción"
2015,3224,09/05/2015,"Sabado",0,18:00:00,,"0.0",1,"Moto/Ciclomotor","Antonio Podio Y Falucho",4,1,0,0,3,0,0,,"Calle",,"RAFAELA","Castellanos","Hormigón","Pavimento","V","Dentro","Urbana","Ninguna","No existe","Intersección","Bueno","Buena","Atardecer","Buen Tiempo","S/D","S/D","S/D","S/D","S/D","Vegetación","Sin restricción"
2015,3225,11/05/2015,"Lunes",0,21:35:00,,"0.0",2,"Automóvil,Bicicleta","General Paz Y Pringles",2,0,1,0,1,0,0,,"Calle",,"ESPERANZA","Las Colonias","Asfalto","No existe","XI","Dentro","Urbana","Ninguna","S/D","Intersección","Bueno","Buena","Nocturna,Con luz artificial","Buen Tiempo","S/D","S/D","Atropello","Ninguna","Vertical","Ninguna","Sin restricción"
2015,3226,23/05/2015,"Sabado",0,15:00:00,,"0.0",2,"Automóvil,Moto/Ciclomotor","25 de Mayo Y Almafuerte",4,1,0,0,3,0,0,,"Calle",,"RAFAELA","Castellanos","Hormigón","No existe","V","Dentro","Urbana","Ninguna","No existe","Intersección","Bueno","Buena","Diurna","Lluvia","Lateral","S/D","Colisión","S/D","S/D","Cordón divisorio","Sin restricción"
2015,3227,23/05/2015,"Sabado",0,16:00:00,,"0.0",1,"Moto/Ciclomotor","Scalabrini Ortiz Y Av Luis Fanti",2,1,0,0,1,0,0,,"Calle",,"RAFAELA","Castellanos","Asfalto","Pavimento","V","Dentro","Urbana","Ninguna","No existe","Intersección","Bueno","Buena","Diurna","Buen Tiempo","Lateral","S/D","Colisión","S/D","S/D","Ninguna","Sin restricción"
2015,3228,23/04/2015,"Jueves",0,02:50:00,,"0.0",2,"Automóvil,Pickup/Utilitario","A Aguado Y Intendente Gimenez",2,1,0,0,1,0,0,,"Calle",,"RAFAELA","Castellanos","Hormigón","No existe","V","Dentro","Urbana","Ninguna","No existe","Intersección","Bueno","Buena","Nocturna","Buen Tiempo","Frontal","S/D","Colisión","S/D","Faltante","Ninguna","Sin restricción"
2015,3229,21/05/2015,"Jueves",0,07:05:00,,"0.0",2,"Moto/Ciclomotor,Moto/Ciclomotor","Rivadavia Y Av Los Colonizadores",2,1,0,0,1,0,0,,"Avenida",,"ESPERANZA","Las Colonias","Asfalto","No existe","XI","Dentro","Urbana","Ninguna","No existe","Intersección","Bueno","Buena","Amanecer,Con luz artificial","Buen Tiempo","Lateral","S/D","Colisión","Ninguna","Horizontal","Cordón divisorio","Sin restricción"
2015,3230,18/04/2015,"Sabado",0,20:00:00,,"0.0",2,"Moto/Ciclomotor,Moto/Ciclomotor","Aconcagua Y Barcelona",2,0,1,0,1,0,0,,"Calle",,"RAFAELA","Castellanos","Hormigón","Pavimento","V","Dentro","Urbana","Ninguna","No existe","Intersección","Bueno","Buena","Nocturna,Con luz artificial","Buen Tiempo","Lateral","S/D","Colisión","Ninguna","Faltante","S/D","Sin restricción"