"anio_acci","nro_acci","fecha","desc_dia","fecha_aprox","hora_aprox","desc_ruta","km","cant_participantes","desc_participante","calle_avenida_km","total","heridos_leves","heridos_graves","heridos_gravisimos","ilesos","fallecidos","sin_datos","posicion_XY","desc_tipo_via","desc_ruta_ori","desc_loc","desc_dpto","desc_tipo_calzada","desc_tipo_banquina","desc_unidad_regional","desc_lugar_calzada","desc_zona","desc_prioridad","desc_estado_semaforo","desc_lugar_via","desc_estado_via","desc_estado_visibilidad","desc_luminosidad","desc_estado_clima","desc_tipo_colision","desc_tipo_atropello","desc_tipo_hecho","desc_pres_calzada","desc_senializacion","desc_separacion_via","desc_restriccion"
2015,3231,22/04/2015,"Miercoles",0,11:00:00,,"0.0",2,"Automóvil,Moto/Ciclomotor","Bv G L Lhemann ",3,1,0,0,2,0,0,,"Calle",,"RAFAELA","Castellanos","Hormigón","S/D","V","Dentro","Urbana","Ninguna","No existe","Recta","Bueno","Buena","Diurna","Buen Tiempo","S/D","S/D","Colisión","S/D","Faltante","Barrera de hormigón","Accidente Previo"
2015,3232,07/05/2015,"Jueves",0,14:30:00,,"0.0",2,"Moto/Ciclomotor,Moto/Ciclomotor","Av Brasil Y España",3,0,1,0,2,0,0,,"Calle",,"RAFAELA","Castellanos","Hormigón","S/D","V","Dentro","Urbana","Ninguna","No existe","Recta","Deteriorada","Buena","Diurna","Buen Tiempo","Frontal","S/D","Colisión","Ninguna","Faltante","S/D","Sin restricción"
2015,3233,29/05/2015,"Viernes",0,12:15:00,,"0.0",2,"Moto/Ciclomotor,Moto/Ciclomotor","Dr Galvez Y Gobernador Crespo",2,1,0,0,1,0,0,,"Calle",,"ESPERANZA","Las Colonias","Asfalto","No existe","I","S/D","Urbana","Ninguna","No existe","Intersección","Bueno","Buena","Diurna","Buen Tiempo","Lateral","S/D","Colisión","Ninguna","Horizontal","Cordón divisorio","Sin restricción"
2015,3234,07/05/2015,"Jueves",0,20:00:00,,"0.0",2,"Pickup/Utilitario,Moto/Ciclomotor","Jorge Newbery Y Acu±a",3,0,2,0,1,0,0,,"Calle",,"RAFAELA","Castellanos","Hormigón","Pavimento","V","Dentro","Urbana","Ninguna","No existe","Intersección","Bueno","Buena","Nocturna","Buen Tiempo","S/D","S/D","Colisión","Ninguna","Faltante","Cordón divisorio","Sin restricción"
2015,3235,15/05/2015,"Viernes",0,21:20:00,,"0.0",2,"Moto/Ciclomotor,Automóvil","Jose Ingenieros Y Bv Santa Fe",2,1,0,0,1,0,0,,"Calle",,"RAFAELA","Castellanos","Hormigón","No existe","V","Dentro","Urbana","Ninguna","No existe","Intersección","Bueno","Buena","Nocturna","Buen Tiempo","Frontal","S/D","Colisión","S/D","Faltante","Barrera de hormigón","Accidente Previo"
2015,3236,01/05/2015,"Viernes",0,21:30:00,,"0.0",2,"Moto/Ciclomotor,Automóvil","Gregorio Donnet 1742",2,1,0,0,1,0,0,,"Calle",,"ESPERANZA","Las Colonias","Asfalto","No existe","XI","Dentro","Urbana","Ninguna","No existe","Recta","Bueno","Buena","Nocturna","Buen Tiempo","Frontal","S/D","Colisión","Ninguna","Faltante","Ninguna","Sin restricción"
2015,3237,30/04/2015,"Jueves",0,20:00:00,,"0.0",3,"Tractor,Automóvil,Automóvil"," ",5,3,2,0,0,0,0,,"S/D",,"VILLA SAN JOSE","Castellanos","Asfalto","Natural","V","S/D","S/D","Ninguna","No existe","Cruce","Bueno","Reducida","Nocturna","Buen Tiempo","De alcance","S/D","Colisión","S/D","Faltante","Línea divisoria pintada","S/D"
2015,3238,12/05/2015,"Martes",0,10:00:00,"Ruta Nacional 34","190.0",2,"Pickup/Utilitario,Pickup/Utilitario"," ",3,1,0,0,2,0,0,,"Ruta",34,"ANGÉLICA","Castellanos","Asfalto","Natural","V","Dentro","Rural","S/D","No existe","Recta","Bueno","Buena","Diurna","S/D","De alcance","S/D","Colisión","S/D","Vertical","S/D","S/D"
2015,3239,05/05/2015,"Martes",0,22:00:00,"Ruta Nacional 34","0.0",2,"Camión,Camión"," ",2,1,0,0,1,0,0,,"Ruta",34,"RAFAELA","Castellanos","Asfalto","Pavimento","V","Dentro","Urbana","Semáforo","Funciona","Intersección","Bueno","Buena","Nocturna","Buen Tiempo","Contra objeto fijo","S/D","Colisión","Ninguna","S/D","Cordón divisorio","Sin restricción"
2015,3240,24/04/2015,"Viernes",0,,,"0.0",2,"Otros,Moto/Ciclomotor","Suipacha-Calle 74 ",2,1,0,0,0,0,1,,"Calle",,"FRONTERA","Castellanos","Asfalto","Pavimento","V","S/D","Urbana","Ninguna","S/D","Intersección","Bueno","Buena","S/D","Buen Tiempo","Lateral","S/D","Colisión","S/D","S/D","S/D","S/D"
2015,3241,01/05/2015,"Viernes",0,08:20:00,"Autovía Nacional 19","71.5",2,"Automóvil,Moto/Ciclomotor"," ",4,2,0,0,2,0,0,,"Autovía",19,"ANGÉLICA","Castellanos","Asfalto","Pavimento","V","Dentro","Rural","Ninguna","No existe","Recta","Bueno","Buena","Diurna","Buen Tiempo","De alcance","S/D","Colisión","S/D","Horizontal,Vertical","Vegetación","Sin restricción"
2015,3242,21/02/2015,"Sabado",0,15:10:00,"Ruta Nacional 11","621.0",2,"Automóvil,Camión"," ",3,0,1,0,1,1,0,"-30.351773, -60.401613","Ruta",11,"GOBERNADOR CRESPO","San Justo","Asfalto","Natural","XVI","Dentro","Urbana","Ninguna","No existe","Curva","Bueno","Buena","Diurna","Buen Tiempo","Lateral","S/D","Colisión","Ninguna","Faltante","Cordón divisorio","Desvío Provisorio"
2015,3243,17/05/2015,"Domingo",0,14:50:00,,"0.0",2,"Moto/Ciclomotor,Automóvil","Gobernador Crespo Y L Cachero",3,1,0,0,2,0,0,,"Calle",,"RAFAELA","Castellanos","Hormigón","No existe","V","Dentro","Urbana","Ninguna","No existe","Intersección","S/D","Buena","Diurna","Buen Tiempo","Lateral","S/D","Colisión","S/D","Faltante","Ninguna","Sin restricción"
2015,3244,18/05/2015,"Lunes",0,13:00:00,,"0.0",2,"Automóvil,Bicicleta","25 de Mayo 610",2,0,1,0,1,0,0,,"Calle",,"RAFAELA","Castellanos","Hormigón","No existe","V","Dentro","Urbana","Ninguna","No existe","Recta","Bueno","Buena","Diurna","Buen Tiempo","Lateral","S/D","Atropello","S/D","S/D","Cordón divisorio","Sin restricción"
2015,3245,27/05/2015,"Miercoles",0,16:00:00,,"0.0",2,"Moto/Ciclomotor,Automóvil","Soler 1300",2,1,0,0,1,0,0,,"Calle",,"ESPERANZA","Las Colonias","Tierra","Natural","XI","Dentro","Urbana","Ninguna","No existe","Recta","Bueno","Buena","Diurna","Buen Tiempo","Frontal","S/D","Colisión","Ninguna","Faltante","Ninguna","Sin restricción"
2015,3246,04/05/2015,"Lunes",0,11:00:00,,"0.0",2,"Automóvil,Moto/Ciclomotor","M Quiros Y Francisco Saenz Diaz",3,1,0,0,2,0,0,,"Calle",,"RAFAELA","Castellanos","Hormigón","No existe","V","S/D","Urbana","Ninguna","No existe","Intersección","Bueno","Buena","Diurna","Buen Tiempo","Lateral","S/D","Colisión","S/D","S/D","Cordón divisorio","Sin restricción"
2015,3247,23/02/2015,"Lunes",0,13:10:00,,"0.0",1,"Moto/Ciclomotor","Balcarce Y Rosario",1,1,0,0,0,0,0,,"Calle",,"RAFAELA","Castellanos","Hormigón","S/D","V","Dentro","Urbana","S/D","S/D","Intersección","Bueno","Buena","Diurna","S/D","S/D","S/D","Caída ocupante","S/D","S/D","S/D","S/D"
2015,3248,28/01/2015,"Miercoles",0,,,"0.0",2,"Moto/Ciclomotor,Automóvil","Colon Y Chacabuco",2,1,0,0,1,0,0,,"Calle",,"RAFAELA","Castellanos","S/D","No existe","V","Dentro","Urbana","S/D","No existe","Intersección","Bueno","Buena","Diurna","S/D","Lateral","S/D","Colisión","S/D","S/D","S/D","S/D"
2015,3249,23/05/2015,"Sabado",0,17:20:00,"Ruta Nacional 34","202.0",2,"Automóvil,Automóvil"," ",7,2,0,0,5,0,0,,"Ruta",34,"SUSANA","Castellanos","Asfalto","Natural","V","Dentro","Urbana","Ninguna","No existe","Recta","Bueno","Reducida","Diurna","Lluvia","Lateral","S/D","Colisión","Agua","Vertical","Línea divisoria pintada","Sin restricción"
2015,3250,27/04/2015,"Lunes",0,00:20:00,,"0.0",2,"Automóvil,Moto/Ciclomotor","3 de Febrero Y Av Dr E Salva",3,1,0,0,2,0,0,,"Avenida",,"RAFAELA","Castellanos","Asfalto","Pavimento","V","Dentro","Urbana","S/D","No existe","Intersección","Bueno","Buena","Nocturna","Buen Tiempo","Lateral","S/D","Colisión","Ninguna","S/D","S/D","Sin restricción"
2015,3251,15/05/2015,"Viernes",0,18:00:00,,"0.0",2,"Moto/Ciclomotor,Moto/Ciclomotor","Bv H Irigoyen Y Falucho",3,3,0,0,0,0,0,,"Calle",,"RAFAELA","Castellanos","Asfalto","No existe","V","Dentro","Urbana","S/D","No funciona","Intersección","Bueno","Buena","Diurna","Buen Tiempo","Lateral","S/D","Colisión","S/D","S/D","S/D","Sin restricción"
2015,3252,22/04/2015,"Miercoles",0,09:45:00,,"0.0",1,"Moto/Ciclomotor","Carrero Podio Y Miguel de Azcuenaga",1,1,0,0,0,0,0,,"Calle",,"RAFAELA","Castellanos","S/D","Pavimento","V","Dentro","Urbana","Ninguna","No existe","Intersección","S/D","Buena","Diurna","Buen Tiempo","Atropello animal","S/D","Colisión","S/D","S/D","Cordón divisorio","Sin restricción"
2015,3253,23/02/2015,"Lunes",0,02:00:00,"Ruta Nacional 11","440.7",2,"Automóvil,Automóvil","RN 11 y RP 36s ",6,2,0,0,0,4,0,"-31.818001, -60.871618","Ruta",11,"SAUCE VIEJO","La Capital","Asfalto","Natural","I","Dentro","Rural","Marca Vial","No existe","Curva","Bueno","Buena","Nocturna","Buen Tiempo","Frontal","S/D","Colisión","Ninguna","Horizontal,Vertical","Línea divisoria pintada","Sin restricción"
2015,3254,28/05/2015,"Jueves",0,16:30:00,"Ruta Nacional 34","0.0",2,"Automóvil,Moto/Ciclomotor","Ruta Nac 34 Gral Guemes Y Bv Pte Roca",4,1,1,0,2,0,0,,"Ruta",34,"RAFAELA","Castellanos","Hormigón","Pavimento","V","S/D","Urbana","Semáforo","Funciona","Intersección","Bueno","Buena","Diurna","Buen Tiempo","Lateral","S/D","Colisión","S/D","S/D","Guardarrail","Accidente Previo"
2015,3255,05/04/2015,"Domingo",0,16:20:00,,"0.0",2,"Moto/Ciclomotor,Pickup/Utilitario","Juan Larrea Y Av Angela de las Casa",3,0,2,0,1,0,0,,"Avenida",,"RAFAELA","Castellanos","Asfalto","S/D","V","Dentro","Urbana","Ninguna","No existe","Intersección","Bueno","Buena","Diurna","Buen Tiempo","Lateral","S/D","Colisión","Ninguna","Horizontal","Ninguna","S/D"
2015,3256,20/04/2015,"Lunes",0,19:00:00,,"0.0",2,"Moto/Ciclomotor,Automóvil","Av Angela de las Casa ",2,1,0,0,1,0,0,,"Avenida",,"RAFAELA","Castellanos","Asfalto","Natural","V","Dentro","Urbana","S/D","No existe","Intersección","Bueno","Reducida","Atardecer","Buen Tiempo","Lateral","S/D","Colisión","Ninguna","Horizontal","Ninguna","Sin restricción"
2015,3257,13/05/2015,"Miercoles",0,15:45:00,,"0.0",2,"Moto/Ciclomotor,Automóvil","Castagnino Y Anchoris",2,1,0,0,1,0,0,,"Calle",,"ROSARIO","Rosario","Asfalto","No existe","II","S/D","Urbana","Ninguna","No existe","Intersección","Bueno","Buena","Diurna","Buen Tiempo","Lateral","S/D","Colisión","Otro","Faltante","Ninguna","Sin restricción"
2015,3258,24/02/2015,"Martes",0,23:35:00,,"0.0",2,"Automóvil,Tractor","Juan de Garay ",2,0,0,0,1,1,0,"-31.538870, -61.075538","Camino Rural",,"SAN JERÓNIMO NORTE","Las Colonias","Ripio","Natural","XI","Dentro","Rural","Ninguna","No existe","Recta","Resbaladiza","Reducida","Nocturna","Buen Tiempo","S/D","S/D","Colisión","Material Suelto","Faltante","Ninguna","Sin restricción"
2015,3259,25/04/2015,"Sabado",0,20:30:00,,"0.0",2,"Automóvil,Moto/Ciclomotor","Bv G L Lhemann Y Gabriel Maggi",2,1,0,0,1,0,0,,"Avenida",,"RAFAELA","Castellanos","Asfalto,Tierra","No existe","V","S/D","Urbana","Ninguna","S/D","Intersección","Bueno","Buena","Nocturna","Buen Tiempo","Lateral","S/D","Otro","S/D","Horizontal","Ninguna","S/D"
2015,3260,13/05/2015,"Miercoles",0,19:00:00,,"0.0",2,"Moto/Ciclomotor,Moto/Ciclomotor","Bv G L Lhemann Y G Mainardi",2,1,0,0,1,0,0,,"Calle",,"RAFAELA","Castellanos","Hormigón","S/D","V","S/D","Urbana","S/D","S/D","Intersección","Bueno","S/D","Nocturna","S/D","Lateral","S/D","Colisión","Ninguna","S/D","S/D","S/D"
2015,3261,26/02/2015,"Jueves",0,,"Ruta Nacional 98","0.0",2,"Moto/Ciclomotor,Camión"," ",3,0,0,0,2,1,0,"-29.461891, -60.240937","Ruta",98,"VERA","Vera","Asfalto","Natural","XIX","Dentro","Rural","Marca Vial","No existe","Cruce","Bueno","S/D","S/D","S/D","S/D","S/D","Colisión","S/D","Horizontal,Vertical","Línea divisoria pintada","S/D"
2015,3263,22/05/2015,"Viernes",0,14:00:00,,"0.0",2,"Automóvil,Moto/Ciclomotor","Flotron Y La Plata",3,0,2,0,1,0,0,,"Calle",,"ARMSTRONG","Belgrano","Ripio","No existe","III","Dentro","Urbana","Ninguna","No existe","Intersección","Bueno","Buena","Diurna","Buen Tiempo","Lateral","S/D","Colisión","Ninguna","S/D","Ninguna","Sin restricción"
2015,3264,20/05/2015,"Miercoles",0,18:40:00,,"0.0",2,"Bicicleta,Automóvil","General Manuel Belgrano 2100",2,1,0,0,1,0,0,,"Calle",,"ESPERANZA","Las Colonias","Asfalto","No existe","XI","Dentro","Urbana","Ninguna","No existe","Recta","Bueno","Buena","Atardecer,Con luz artificial","Buen Tiempo","Contra objeto fijo","S/D","Colisión","Ninguna","S/D","Cordón divisorio","Sin restricción"
2015,3265,13/05/2015,"Miercoles",0,17:30:00,,"0.0",2,"Bicicleta,Automóvil","Guemes 1400",2,1,0,0,1,0,0,,"Calle",,"ESPERANZA","Las Colonias","Asfalto","No existe","XI","Dentro","Urbana","Ninguna","No existe","Recta","Bueno","Buena","Diurna","Buen Tiempo","Contra objeto fijo","S/D","Colisión","Ninguna","Vertical","Ninguna","Sin restricción"
2015,3266,06/05/2015,"Miercoles",0,,"Ruta Provincial 70","0.0",2,"Automóvil,Moto/Ciclomotor","RUTA PROV.70 Y RUTA PROV.06",2,0,1,0,1,0,0,,"Ruta",70,"ESPERANZA","Las Colonias","Asfalto","Natural","XI","Dentro","Urbana","Ninguna","No existe","Intersección","Bueno","Buena","Amanecer,Con luz artificial","Buen Tiempo","Lateral","S/D","Colisión","Ninguna","Horizontal,Vertical","Cordón divisorio","Sin restricción"
2015,3267,05/05/2015,"Martes",0,07:35:00,,"0.0",2,"Pickup/Utilitario,Moto/Ciclomotor","Domingo Faustino Sarmiento Y A Aufranc",2,1,0,0,1,0,0,,"Calle",,"ESPERANZA","Las Colonias","Asfalto","Pavimento","XI","Dentro","Urbana","Ninguna","No existe","Intersección","Bueno","Buena","Amanecer,Con luz artificial","Buen Tiempo","Lateral","S/D","Colisión","Ninguna","Vertical","Ninguna","Sin restricción"
2015,3268,05/02/2015,"Jueves",0,16:00:00,,"0.0",2,"Bicicleta,Automóvil","Av. Provincias Unidas Y Gorriti",3,1,1,0,0,1,0,"-32.924443, -60.713310","Avenida",,"ROSARIO","Rosario","Asfalto","No existe","II","Dentro","Urbana","S/D","No existe","Intersección","Bueno","Buena","Diurna","S/D","Contra objeto fijo","S/D","Colisión,Atropello,Despiste","S/D","S/D","Cordón divisorio","S/D"
2015,3269,07/02/2015,"Sabado",0,04:30:00,"Autopista Provincial Brigadier E.López","152.0",2,"Automóvil,Camión","AP 01 alt predio C.Colón ",2,0,0,0,1,1,0,"-31.622511, -60.754491","Autopista","Brigadier E.López","SANTO TOMÉ","La Capital","Asfalto","Pavimento","I","Dentro","Urbana","S/D","No existe","Recta","Bueno","S/D","Nocturna,Con luz artificial","S/D","De alcance","S/D","Colisión","S/D","Horizontal,Vertical","Vegetación","S/D"
2015,3270,07/02/2015,"Sabado",0,10:40:00,"Ruta Provincial 23","10.5",2,"Moto/Ciclomotor,Otros","Ruta Prov Nro 23 Y San Martin",3,1,0,0,1,1,0,"-30.536397, -61.952398","Ruta",23,"SUARDI","San Cristóbal","Asfalto","S/D","XIII","Dentro","Urbana","Marca Vial","No existe","Rotonda","Bueno","Buena","Diurna","Buen Tiempo","Otro","S/D","Colisión","S/D","Horizontal,Vertical","Ninguna","Sin restricción"
2015,3271,23/03/2015,"Lunes",0,22:50:00,,"0.0",2,"Moto/Ciclomotor,Automóvil","Chiaraviglio Y G Mainardi",3,2,0,0,1,0,0,,"Calle",,"RAFAELA","Castellanos","Asfalto","No existe","V","S/D","Urbana","Ninguna","No existe","Intersección","Bueno","Buena","Nocturna","Buen Tiempo","Lateral","S/D","Colisión","Ninguna","Faltante","Ninguna","Sin restricción"
2015,3272,18/05/2015,"Lunes",0,,,"0.0",2,"Pickup/Utilitario,Bicicleta","Edison Y G Mainardi",2,1,0,0,1,0,0,,"Calle",,"RAFAELA","Castellanos","Hormigón","No existe","V","S/D","Urbana","Ninguna","No existe","Recta","Bueno","Buena","S/D","Buen Tiempo","S/D","S/D","Atropello","Ninguna","Faltante","Ninguna","Sin restricción"
2015,3273,25/05/2015,"Lunes",0,06:50:00,,"0.0",2,"Moto/Ciclomotor,Moto/Ciclomotor","Bv Jaime Ferre Y C Bolliger",2,0,1,0,1,0,0,,"Calle",,"RAFAELA","Castellanos","Hormigón","No existe","V","S/D","Urbana","Ninguna","No existe","Intersección","Bueno","Buena","Amanecer","Buen Tiempo","Lateral","S/D","Colisión","Ninguna","Faltante","Ninguna","Sin restricción"
2015,3274,12/05/2015,"Martes",0,12:00:00,,"0.0",2,"Moto/Ciclomotor,Automóvil","T Colombo Y M Giay",2,1,0,0,1,0,0,,"Calle",,"RAFAELA","Castellanos","Hormigón","No existe","V","S/D","Urbana","Ninguna","No existe","Intersección","Bueno","Buena","Diurna","Buen Tiempo","Lateral","S/D","Colisión","Ninguna","Faltante","Ninguna","Sin restricción"
2015,3275,01/05/2015,"Viernes",0,,,"0.0",2,"Moto/Ciclomotor,Moto/Ciclomotor","Gabriel Maggi Y Ciudad de Esperanza",2,1,1,0,0,0,0,,"Calle",,"RAFAELA","Castellanos","Hormigón","S/D","V","S/D","Urbana","Ninguna","No existe","Intersección","Bueno","Buena","S/D","Buen Tiempo","Lateral","S/D","Colisión","Ninguna","Faltante","Ninguna","Sin restricción"
2015,3276,17/05/2015,"Domingo",0,,,"0.0",2,"Moto/Ciclomotor,Automóvil"," ",3,0,1,0,2,0,0,,"Calle",,"RAFAELA","Castellanos","Asfalto","S/D","V","Dentro","Urbana","S/D","No existe","Intersección","Bueno","Buena","S/D","S/D","S/D","S/D","S/D","S/D","S/D","S/D","S/D"
2015,3277,06/05/2015,"Miercoles",0,,,"0.0",2,"Moto/Ciclomotor,Pickup/Utilitario","G Mainardi Y Jose Beltramino",3,2,0,0,1,0,0,,"Calle",,"RAFAELA","Castellanos","Hormigón","No existe","V","S/D","Urbana","Ninguna","No existe","Intersección","Bueno","Buena","S/D","Buen Tiempo","Lateral","S/D","Colisión","Ninguna","Faltante","Ninguna","Sin restricción"
2015,3278,25/04/2015,"Sabado",0,,,"0.0",2,"Moto/Ciclomotor,Moto/Ciclomotor","B Geuna Y M Champagnat",3,1,0,0,2,0,0,,"Calle",,"RAFAELA","Castellanos","Asfalto","No existe","V","Dentro","Urbana","S/D","No existe","Intersección","S/D","Buena","S/D","Buen Tiempo","Lateral","S/D","Colisión","S/D","S/D","Ninguna","S/D"
2015,3279,07/02/2015,"Sabado",0,13:15:00,"Ruta Nacional 11","768.0",1,"Automóvil"," ",4,0,2,0,0,2,0,"-29.278933, -59.786492","Ruta",11,"MALABRIGO","General Obligado","Asfalto","No existe","IX","Fuera","Rural","Ninguna","No existe","Puente","S/D","Buena","Diurna","Buen Tiempo","Contra objeto fijo","S/D","Colisión,Despeñamiento,Inmersión,Despiste","S/D","Horizontal,Vertical","Línea divisoria pintada","Sin restricción"
2015,3280,12/05/2015,"Martes",0,19:30:00,,"0.0",2,"Moto/Ciclomotor,Bicicleta","J Abele Y Av Italia",2,1,0,0,1,0,0,,"Calle",,"RAFAELA","Castellanos","Hormigón","No existe","V","S/D","Urbana","S/D","No existe","Intersección","S/D","S/D","Nocturna","S/D","S/D","S/D","Atropello","S/D","S/D","Ninguna","S/D"
2015,3281,08/05/2015,"Viernes",0,13:15:00,,"0.0",2,"Pickup/Utilitario,Bicicleta","Las Heras Y Mariano Moreno",3,2,0,0,1,0,0,,"Calle",,"ESPERANZA","Las Colonias","Asfalto","No existe","XI","Dentro","Urbana","Ninguna","No existe","Intersección","Bueno","Buena","Diurna","Buen Tiempo","S/D","S/D","Atropello","Ninguna","Horizontal","Cordón divisorio","Sin restricción"
2015,3282,28/05/2015,"Jueves",0,19:30:00,,"0.0",2,"Automóvil,Moto/Ciclomotor","Av Irigoyen ",3,1,0,0,2,0,0,,"Avenida",,"SUNCHALES","Castellanos","Asfalto","No existe","V","S/D","Urbana","S/D","No existe","Recta","Bueno","Buena","Atardecer","Buen Tiempo","S/D","S/D","Colisión","Ninguna","S/D","Ninguna","Sin restricción"
2015,3283,18/04/2015,"Sabado",0,10:30:00,,"0.0",2,"Automóvil,Moto/Ciclomotor","Mitre Bartolome Y Italia",2,0,1,0,1,0,0,,"Calle",,"SUNCHALES","Castellanos","Asfalto","No existe","V","S/D","Urbana","Ninguna","No existe","Intersección","Bueno","Buena","Diurna","Buen Tiempo","Lateral","S/D","Colisión","Ninguna","Faltante","Ninguna","Sin restricción"
2015,3284,24/04/2015,"Viernes",0,,,"0.0",1,"Moto/Ciclomotor","Nicasio Oro±o Y Chiaraviglio",1,1,0,0,0,0,0,,"Calle",,"RAFAELA","Castellanos","Asfalto","No existe","V","Dentro","Urbana","Ninguna","No existe","Intersección","Bueno","S/D","S/D","Buen Tiempo","Atropello animal","S/D","Colisión","S/D","S/D","S/D","S/D"
2015,3285,25/04/2015,"Sabado",0,,,"0.0",2,"Moto/Ciclomotor,Automóvil","E Poggi Y J Scosiroli",2,0,1,0,1,0,0,,"Calle",,"RAFAELA","Castellanos","Asfalto","S/D","V","Dentro","Urbana","Ninguna","No existe","Intersección","Bueno","Buena","Nocturna","S/D","Lateral","S/D","Colisión","S/D","Horizontal","Ninguna","S/D"
2015,3286,12/05/2015,"Martes",0,,,"0.0",2,"Moto/Ciclomotor,Automóvil","Molina Y Godoy Cruz",3,2,0,0,1,0,0,,"Calle",,"ROSARIO","Rosario","Asfalto","No existe","II","Fuera","Urbana","S/D","No existe","Intersección","Bueno","Buena","Diurna","Buen Tiempo","Lateral","S/D","Colisión","Ninguna","Faltante","Ninguna","Sin restricción"
2015,3287,14/04/2015,"Martes",0,18:30:00,,"0.0",2,"Automóvil,Otros","Avenida Belgrano Y Dentesano",2,1,0,0,1,0,0,,"Avenida",,"SUNCHALES","Castellanos","Asfalto","No existe","V","S/D","Urbana","Ninguna","No existe","Intersección","Bueno","Buena","Diurna","Buen Tiempo","Lateral","S/D","Colisión","Ninguna","Faltante","Ninguna","Sin restricción"
2015,3288,02/05/2015,"Sabado",0,17:30:00,,"0.0",2,"Automóvil,Moto/Ciclomotor","Polledo Y Somoza",3,2,0,0,1,0,0,,"Calle",,"ROSARIO","Rosario","Asfalto","Natural","II","Dentro","Urbana","S/D","No existe","Intersección","Bueno","Buena","Atardecer","Buen Tiempo","Lateral","S/D","Colisión","S/D","Faltante","S/D","S/D"
2015,3289,24/04/2015,"Viernes",0,,,"0.0",2,"Moto/Ciclomotor,Automóvil","Gardel ",2,1,0,0,1,0,0,,"Calle",,"RAFAELA","Castellanos","Asfalto","No existe","V","Dentro","Urbana","Ninguna","No existe","Intersección","Bueno","Buena","Diurna","Buen Tiempo","Lateral","S/D","Colisión","S/D","Faltante","Ninguna","S/D"
2015,3290,12/05/2015,"Martes",0,11:15:00,,"0.0",2,"Automóvil,Moto/Ciclomotor","Laprida Y Dr Manuel Martinez",3,2,0,0,1,0,0,,"Calle",,"ESPERANZA","Las Colonias","Asfalto","No existe","XI","Dentro","Urbana","Ninguna","No existe","Intersección","Bueno","Buena","Diurna","Buen Tiempo","Lateral","S/D","Colisión","Ninguna","Faltante","Ninguna","Sin restricción"
2015,3291,04/03/2015,"Miercoles",0,10:00:00,,"0.0",2,"Automóvil,Moto/Ciclomotor","F Ameghino 75",3,1,0,0,2,0,0,,"Calle",,"SUNCHALES","Castellanos","Asfalto","No existe","V","Dentro","Urbana","Ninguna","No existe","Recta","Deteriorada","Buena","Diurna","S/D","Lateral","S/D","Colisión","Ninguna","Faltante","Ninguna","Sin restricción"
2015,3292,23/05/2015,"Sabado",0,16:30:00,,"0.0",2,"Moto/Ciclomotor,Moto/Ciclomotor","Pueyrredon 1300",2,1,0,0,1,0,0,,"Calle",,"ESPERANZA","Las Colonias","Asfalto","Pavimento","XI","Dentro","Urbana","Ninguna","No existe","Intersección","Bueno","Buena","Diurna","Buen Tiempo","Frontal","S/D","Colisión","Ninguna","Horizontal","Línea divisoria pintada","Sin restricción"
2015,3293,05/05/2015,"Martes",0,12:50:00,,"0.0",3,"Automóvil,Moto/Ciclomotor,Bicicleta","Simon de Iriondo 3300",3,1,0,0,2,0,0,,"Calle",,"ESPERANZA","Las Colonias","Asfalto","No existe","XI","Dentro","Urbana","Ninguna","No existe","Recta","Bueno","Buena","Diurna","Buen Tiempo","Múltiple","S/D","Colisión","Ninguna","Faltante","Ninguna","Sin restricción"
2015,3294,06/05/2015,"Miercoles",0,08:30:00,,"0.0",2,"Pickup/Utilitario,Moto/Ciclomotor","Arturo Frondizi Y Bolivar",3,1,1,0,1,0,0,,"Calle",,"SUNCHALES","Castellanos","Asfalto","No existe","V","Dentro","Urbana","Ninguna","No existe","Intersección","Bueno","Buena","Diurna","Buen Tiempo","Lateral","S/D","Colisión","Ninguna","Vertical","Ninguna","Sin restricción"
2015,3295,06/05/2015,"Miercoles",0,12:15:00,,"0.0",2,"Automóvil,Moto/Ciclomotor","General Manuel Belgrano 1700",2,0,1,0,1,0,0,,"Calle",,"ESPERANZA","Las Colonias","Asfalto","Pavimento","XI","Dentro","Urbana","Ninguna","No existe","Intersección","Bueno","Buena","Diurna","Buen Tiempo","Lateral","S/D","Colisión","Ninguna","Faltante","Línea divisoria pintada","Sin restricción"
2015,3296,17/05/2015,"Domingo",0,07:50:00,,"0.0",2,"Automóvil,Moto/Ciclomotor","General Paz Y G Lehmann",2,1,0,0,1,0,0,,"Calle",,"ESPERANZA","Las Colonias","Asfalto","No existe","XI","Dentro","Urbana","Ninguna","No existe","Intersección","Bueno","Buena","Amanecer,Con luz artificial","Buen Tiempo","Lateral","S/D","Colisión","Ninguna","Vertical","Ninguna","Sin restricción"
2015,3297,08/05/2015,"Viernes",0,20:55:00,"Ruta Provincial 70","73.0",2,"Automóvil,Moto/Ciclomotor"," ",3,0,1,0,2,0,0,,"Ruta",70,"BELLA ITALIA","Castellanos","Asfalto","Natural","V","Dentro","Urbana","Semáforo","Intermitente","Recta","Bueno","Buena","Atardecer","Buen Tiempo","De alcance","S/D","Colisión","Ninguna","S/D","S/D","S/D"