"anio_acci","nro_acci","fecha","desc_dia","fecha_aprox","hora_aprox","desc_ruta","km","cant_participantes","desc_participante","calle_avenida_km","total","heridos_leves","heridos_graves","heridos_gravisimos","ilesos","fallecidos","sin_datos","posicion_XY","desc_tipo_via","desc_ruta_ori","desc_loc","desc_dpto","desc_tipo_calzada","desc_tipo_banquina","desc_unidad_regional","desc_lugar_calzada","desc_zona","desc_prioridad","desc_estado_semaforo","desc_lugar_via","desc_estado_via","desc_estado_visibilidad","desc_luminosidad","desc_estado_clima","desc_tipo_colision","desc_tipo_atropello","desc_tipo_hecho","desc_pres_calzada","desc_senializacion","desc_separacion_via","desc_restriccion"
2015,3298,27/05/2015,"Miercoles",0,12:15:00,,"0.0",2,"Moto/Ciclomotor,Otros","Berutti 2000",2,1,0,0,1,0,0,,"Calle",,"ESPERANZA","Las Colonias","Asfalto","Pavimento","XI","Dentro","Urbana","Ninguna","No existe","Intersección","Bueno","Buena","Diurna","Buen Tiempo","Lateral","S/D","Colisión","Ninguna","Horizontal","Línea divisoria pintada","Sin restricción"
2015,3299,17/05/2015,"Domingo",0,00:10:00,,"0.0",1,"Moto/Ciclomotor","Mariano Moreno 425",1,1,0,0,0,0,0,,"Calle",,"ESPERANZA","Las Colonias","Asfalto","No existe","XI","Dentro","Urbana","S/D","No existe","Recta","Bueno","Buena","Nocturna","Buen Tiempo","S/D","S/D","Despiste","Ninguna","Vertical","Ninguna","Sin restricción"
2015,3300,05/05/2015,"Martes",0,19:00:00,,"0.0",2,"Pickup/Utilitario,Automóvil","Saavedra Y Av Cordoba",2,1,0,0,1,0,0,,"Calle",,"ESPERANZA","Las Colonias","Asfalto","No existe","XI","Dentro","Urbana","Ninguna","No existe","Intersección","Bueno","Buena","Nocturna","Buen Tiempo","Frontal","S/D","Colisión","Ninguna","Horizontal,Vertical","Cordón divisorio","Sin restricción"
2015,3301,08/04/2015,"Miercoles",0,19:00:00,"Ruta Secundaria 63-s","0.0",2,"Pickup/Utilitario,Bicicleta"," ",2,1,0,0,1,0,0,,"Ruta","63-s","MARIA JUANA","Castellanos","Asfalto","Natural","V","Dentro","Rural","Ninguna","No existe","Recta","Con baches","Buena","Atardecer","Buen Tiempo","S/D","S/D","Atropello","S/D","Faltante","Ninguna","Sin restricción"
2015,3302,18/04/2015,"Sabado",0,06:00:00,,"0.0",2,"Moto/Ciclomotor,Moto/Ciclomotor","Chile Y Lavalle",2,1,0,0,1,0,0,,"Calle",,"RAFAELA","Castellanos","Hormigón","Pavimento","V","Dentro","Urbana","Ninguna","No existe","Intersección","Bueno","Buena","Nocturna","Buen Tiempo","Frontal","S/D","Colisión","S/D","Faltante","Ninguna","Sin restricción"
2015,3303,02/05/2015,"Sabado",0,06:30:00,,"0.0",2,"Moto/Ciclomotor,Camión","Av Dr E Salva Y Lisandro de la Torre",3,1,1,0,1,0,0,,"Calle",,"RAFAELA","Castellanos","Hormigón","No existe","V","Dentro","Urbana","S/D","Funciona","Intersección","Bueno","Buena","Amanecer","Buen Tiempo","Lateral","S/D","Colisión","S/D","Vertical","Ninguna","Sin restricción"
2015,3304,11/05/2015,"Lunes",0,10:30:00,"Ruta Provincial 70","0.0",1,"Moto/Ciclomotor","Avenida Los Inmigrantes 344",1,1,0,0,0,0,0,,"Ruta",70,"BELLA ITALIA","Castellanos","Asfalto","Ripio","V","Dentro","Urbana","Ninguna","No existe","Recta","Deteriorada","Buena","Amanecer","Buen Tiempo","S/D","S/D","Caída ocupante","Ninguna","Vertical","Línea divisoria pintada","Sin restricción"
2015,3305,17/05/2015,"Domingo",0,,,"0.0",2,"Moto/Ciclomotor,Pickup/Utilitario","G Mainardi Y Ayacucho",3,1,1,0,1,0,0,,"Calle",,"RAFAELA","Castellanos","Hormigón","No existe","V","S/D","Urbana","Ninguna","No existe","Intersección","Bueno","Buena","Atardecer","Buen Tiempo","Otro","S/D","Colisión","Ninguna","Faltante","Ninguna","S/D"
2015,3306,08/05/2015,"Viernes",0,,,"0.0",2,"Moto/Ciclomotor,Moto/Ciclomotor","Av Italia Y J Abele",3,2,0,0,1,0,0,,"Calle",,"RAFAELA","Castellanos","Hormigón","No existe","V","S/D","Urbana","S/D","No existe","Intersección","Bueno","Buena","S/D","Buen Tiempo","Lateral","S/D","Colisión","Ninguna","Faltante","Ninguna","S/D"
2015,3307,18/04/2015,"Sabado",0,,"Ruta Secundaria 203-s","6.0",1,"Automóvil"," ",1,1,0,0,0,0,0,,"Ruta","203-s","ZENÓN PEREYRA","Castellanos","Hormigón","Natural","V","S/D","Rural","Ninguna","No existe","Curva","Resbaladiza,Deteriorada","Buena","Amanecer","Buen Tiempo","Otro","S/D","Despiste","S/D","Faltante","Ninguna","Sin restricción"
2015,3308,04/05/2015,"Lunes",0,19:40:00,,"0.0",2,"Bicicleta,Moto/Ciclomotor","Calle 11 2800",2,0,1,0,1,0,0,,"Avenida",,"FRONTERA","Castellanos","Asfalto","Natural","V","Dentro","Urbana","Ninguna","No existe","Recta","Bueno","Reducida","Nocturna","Buen Tiempo","S/D","S/D","Atropello","S/D","S/D","Ninguna","Sin restricción"
2015,3309,15/05/2015,"Viernes",0,10:10:00,,"0.0",2,"Moto/Ciclomotor,Pickup/Utilitario","Urquiza Y Jose Ingenieros",2,1,0,0,1,0,0,,"Calle",,"RAFAELA","Castellanos","Hormigón","No existe","V","Dentro","Urbana","Ninguna","No existe","Recta","Bueno","Buena","Diurna","Buen Tiempo","Otro","S/D","Colisión","Ninguna","Faltante","Ninguna","Accidente Previo"
2015,3310,10/05/2015,"Domingo",0,07:35:00,,"0.0",2,"Moto/Ciclomotor,Automóvil","Almafuerte Y Saavedra",2,0,1,0,1,0,0,,"Calle",,"ESPERANZA","Las Colonias","Asfalto","No existe","XI","Dentro","Urbana","Ninguna","No existe","Intersección","Bueno","Buena","Diurna","Buen Tiempo","Frontal,Lateral","S/D","Colisión","Ninguna","Vertical","Ninguna","Sin restricción"
2015,3311,07/05/2015,"Jueves",0,08:55:00,,"0.0",2,"Moto/Ciclomotor,Automóvil","Mariano Moreno 3200",2,1,0,0,1,0,0,,"Calle",,"ESPERANZA","Las Colonias","Asfalto","No existe","XI","Dentro","Urbana","Ninguna","No existe","Recta","Bueno","Buena","Diurna","Buen Tiempo","Frontal","S/D","Colisión","Ninguna","Vertical","Ninguna","Sin restricción"
2015,3312,02/05/2015,"Sabado",0,18:30:00,,"0.0",2,"Automóvil,Peatón","Remedios de Escalada 877",2,1,0,0,1,0,0,,"Calle",,"SANTA FE","La Capital","Asfalto","S/D","I","S/D","Urbana","Ninguna","Funciona","Recta","Bueno","Buena","Diurna","Buen Tiempo","S/D","S/D","Atropello","Otro","S/D","S/D","Sin restricción"
2015,3313,30/04/2015,"Jueves",0,19:00:00,,"0.0",2,"Moto/Ciclomotor,Moto/Ciclomotor","Intendente Gimenez Y E Oliber",2,1,0,0,1,0,0,,"Calle",,"RAFAELA","Castellanos","Asfalto","S/D","V","S/D","Urbana","Ninguna","S/D","Recta","Bueno","S/D","S/D","S/D","Frontal","S/D","Colisión","S/D","S/D","Ninguna","Accidente Previo"
2015,3314,11/05/2015,"Lunes",0,07:35:00,,"0.0",1,"Pickup/Utilitario","Gobernador Crespo Y Saavedra",2,2,0,0,0,0,0,,"Calle",,"ESPERANZA","Las Colonias","Asfalto","No existe","XI","Dentro","Urbana","Ninguna","No existe","Recta","Bueno","Reducida","Amanecer,Con luz artificial","Niebla","Contra objeto fijo","S/D","Colisión","Ninguna","Vertical","Ninguna","Sin restricción"
2015,3315,28/04/2015,"Martes",0,16:40:00,,"0.0",2,"Bicicleta,Moto/Ciclomotor","Bv Santa Fe Y Pueyrredon",2,1,0,0,1,0,0,,"Calle",,"RAFAELA","Castellanos","Asfalto","S/D","V","S/D","Urbana","Ninguna","Funciona","Recta","Bueno","Buena","Diurna","Buen Tiempo","S/D","S/D","Atropello","Ninguna","Vertical","Ninguna","Sin restricción"
2015,3316,27/04/2015,"Lunes",0,17:00:00,,"0.0",2,"Moto/Ciclomotor,Pickup/Utilitario","Jorge Newbery Y La Plata",3,1,0,0,2,0,0,,"Calle",,"RAFAELA","Castellanos","S/D","S/D","V","S/D","Urbana","S/D","S/D","S/D","S/D","S/D","S/D","S/D","S/D","S/D","S/D","S/D","S/D","S/D","S/D"
2015,3317,27/04/2015,"Lunes",0,13:45:00,,"0.0",2,"Automóvil,Peatón","Paraguay 253",2,1,0,0,1,0,0,,"Calle",,"RAFAELA","Castellanos","Asfalto","No existe","V","S/D","Urbana","Ninguna","No existe","Recta","Bueno","Buena","Diurna","Buen Tiempo","S/D","S/D","Atropello","Ninguna","Horizontal","Ninguna","Sin restricción"
2015,3318,13/03/2015,"Viernes",0,16:35:00,,"0.0",2,"Moto/Ciclomotor,Automóvil","Dentesano Y Avenida Belgrano",2,1,0,0,1,0,0,,"Calle",,"SUNCHALES","Castellanos","Asfalto","No existe","V","Dentro","Urbana","Ninguna","No existe","Intersección","Bueno","Buena","Diurna","Buen Tiempo","Lateral","S/D","Colisión","Material Suelto","Vertical","Ninguna","Sin restricción"
2015,3319,11/05/2015,"Lunes",0,00:05:00,,"0.0",2,"Moto/Ciclomotor,Automóvil","Calle 6-Ituzaingo Y Calle 13-Iturraspe",2,1,0,0,1,0,0,,"Calle",,"RECONQUISTA","General Obligado","Hormigón","No existe","IX","Dentro","Urbana","Ninguna","No existe","Recta","Bueno","Buena","Nocturna","Buen Tiempo","Lateral","S/D","Colisión","Ninguna","Vertical","Cordón divisorio","Sin restricción"
2015,3320,20/05/2015,"Miercoles",0,,,"0.0",2,"Moto/Ciclomotor,Moto/Ciclomotor","Maipu Y Hipolito Irigoyen",2,2,0,0,0,0,0,,"Calle",,"SAN CRISTÓBAL","San Cristóbal","Asfalto","Pavimento","XIII","Dentro","Urbana","Ninguna","No existe","Intersección","Bueno","Buena","Diurna","Buen Tiempo","Lateral","S/D","Colisión","Ninguna","Faltante","Ninguna","Sin restricción"
2015,3321,06/05/2015,"Miercoles",0,07:45:00,,"0.0",2,"Moto/Ciclomotor,Transporte de Pasajeros Urbano (> 8 asientos)","Calle 26 - Bolivar Y Calle 31-Newbery",2,1,0,0,1,0,0,,"Calle",,"RECONQUISTA","General Obligado","Hormigón","No existe","IX","Dentro","Urbana","Ninguna","No existe","Intersección","Bueno","Buena","Diurna","Buen Tiempo","Lateral","S/D","Colisión","Ninguna","Vertical","Cordón divisorio","Sin restricción"
2015,3322,20/05/2015,"Miercoles",0,14:00:00,,"0.0",2,"Automóvil,Moto/Ciclomotor","Saavedra Y Maipu",2,1,0,0,1,0,0,,"Calle",,"SAN CRISTÓBAL","San Cristóbal","Asfalto","Pavimento","XIII","Dentro","Urbana","Ninguna","No existe","Intersección","Bueno","Buena","Diurna","Buen Tiempo","Frontal","S/D","Colisión","Ninguna","Faltante","Ninguna","Sin restricción"
2015,3324,06/05/2015,"Miercoles",0,12:30:00,,"0.0",2,"Moto/Ciclomotor,Pickup/Utilitario","BV. IRIGOYEN Y BV PERON",5,4,0,0,1,0,0,,"Avenida",,"RECONQUISTA","General Obligado","Asfalto","Natural","IX","Dentro","Urbana","Semáforo","Funciona","Recta","Bueno","S/D","Diurna","Buen Tiempo","Lateral","S/D","Colisión","Ninguna","Vertical","S/D","Sin restricción"
2015,3325,11/05/2015,"Lunes",0,12:40:00,,"0.0",2,"Pickup/Utilitario,Moto/Ciclomotor","8 de Setiembre Y Mariano Moreno",2,0,1,0,1,0,0,,"Calle",,"ESMERALDA","Castellanos","Tierra","Natural","V","Dentro","Urbana","Ninguna","No existe","Intersección","Bueno","Buena","Diurna","Buen Tiempo","Lateral","S/D","Colisión","Material Suelto","Faltante","Ninguna","Sin restricción"
2015,3326,12/05/2015,"Martes",0,08:10:00,,"0.0",2,"Automóvil,Moto/Ciclomotor","Rafaela Y Av Los Colonizadores",3,0,1,0,2,0,0,,"Avenida",,"ESPERANZA","Las Colonias","Asfalto,Ripio","No existe","XI","Dentro","Urbana","Ninguna","No existe","Intersección","Bueno","Buena","Diurna","Buen Tiempo","Lateral","S/D","Colisión","Ninguna","Faltante","Ninguna","Sin restricción"
2015,3327,16/05/2015,"Sabado",0,06:55:00,,"0.0",2,"Automóvil,Moto/Ciclomotor","Mariano Moreno Y Laprida",3,1,0,0,2,0,0,,"Calle",,"ESPERANZA","Las Colonias","Asfalto","No existe","XI","Dentro","Urbana","Ninguna","No existe","Intersección","Bueno","Buena","Nocturna","Buen Tiempo","Lateral","S/D","Colisión","Ninguna","Faltante","Ninguna","Sin restricción"
2015,3328,23/05/2015,"Sabado",0,07:40:00,,"0.0",2,"Automóvil,Peatón","Bv Rivadavia Y Hipolito Irigoyen",3,2,1,0,0,0,0,,"Calle",,"SAN CRISTÓBAL","San Cristóbal","Asfalto","No existe","XIII","Dentro","Urbana","Ninguna","No existe","Intersección","Bueno","Buena","Diurna","Buen Tiempo","S/D","S/D","Atropello","Ninguna","Faltante","Ninguna","Sin restricción"
2015,3329,02/05/2015,"Sabado",0,12:20:00,,"0.0",2,"Moto/Ciclomotor,Pickup/Utilitario","Calle 26 - Bolivar Y Calle 31-Newbery",2,0,1,0,1,0,0,,"Calle",,"RECONQUISTA","General Obligado","Hormigón","No existe","IX","Dentro","Urbana","Ninguna","No existe","Intersección","Bueno","Buena","Diurna","Buen Tiempo","Lateral","S/D","Colisión","Ninguna","Vertical","Cordón divisorio","Sin restricción"
2015,3330,02/05/2015,"Sabado",0,20:30:00,,"0.0",2,"Automóvil,Moto/Ciclomotor","Calle 34 bis Y Calle 19",3,2,0,0,1,0,0,,"Calle",,"LAS PAREJAS","Belgrano","Ripio","S/D","III","S/D","Urbana","S/D","S/D","Intersección","Bueno","Buena","Nocturna","S/D","Lateral","S/D","Colisión","S/D","S/D","S/D","S/D"
2015,3331,27/05/2015,"Miercoles",0,09:30:00,,"0.0",2,"Automóvil,Moto/Ciclomotor","Calle 12 San Martin Y Calle 21-Gdor. iriondo",3,2,0,0,1,0,0,,"Calle",,"RECONQUISTA","General Obligado","Asfalto","Pavimento","IX","Dentro","Urbana","Ninguna","No existe","Recta","Bueno","Buena","Diurna","Buen Tiempo","De alcance","S/D","Colisión","Ninguna","Faltante","Ninguna","Sin restricción"
2015,3332,18/05/2015,"Lunes",0,18:15:00,,"0.0",2,"Moto/Ciclomotor,Automóvil","Calle 23-Gral lopez Y Calle 8-Chacabuco",2,1,0,0,1,0,0,,"Calle",,"RECONQUISTA","General Obligado","Asfalto","S/D","IX","S/D","Urbana","Ninguna","No existe","Intersección","Bueno","Buena","Diurna","Buen Tiempo","S/D","S/D","Colisión","Ninguna","S/D","Ninguna","Sin restricción"
2015,3333,18/05/2015,"Lunes",0,10:10:00,,"0.0",2,"Automóvil,Moto/Ciclomotor","Calle 26 - Bolivar Y Calle 27-Gdor Freyre",3,2,0,0,1,0,0,,"Calle",,"RECONQUISTA","General Obligado","Asfalto","S/D","IX","S/D","Urbana","Ninguna","No existe","Intersección","Bueno","Buena","Diurna","Buen Tiempo","Lateral","S/D","Colisión","Ninguna","Faltante","S/D","S/D"
2015,3334,18/05/2015,"Lunes",0,09:03:00,,"0.0",2,"Moto/Ciclomotor,Automóvil","Santa Fe Y Mendoza",2,1,0,0,1,0,0,,"Calle",,"LAS ROSAS","Belgrano","Asfalto","No existe","III","S/D","Urbana","Ninguna","No existe","Intersección","Bueno","Buena","Diurna","Buen Tiempo","De alcance","S/D","Colisión","Ninguna","S/D","Ninguna","Sin restricción"
2015,3335,26/05/2015,"Martes",0,23:20:00,,"0.0",2,"Moto/Ciclomotor,Ambulancia","Calle 12 San Martin Y Calle 21-Gdor. iriondo",2,0,1,0,1,0,0,,"Calle",,"RECONQUISTA","General Obligado","Hormigón","No existe","IX","Dentro","Urbana","Ninguna","No existe","Intersección","Bueno","Buena","Nocturna,Con luz artificial","Lluvia","Lateral","S/D","Colisión","Agua","Vertical","Cordón divisorio","Sin restricción"
2015,3336,13/05/2015,"Miercoles",0,12:10:00,,"0.0",1,"Moto/Ciclomotor","Italia Y Ituzaingo",1,0,1,0,0,0,0,,"Calle",,"LAS ROSAS","Belgrano","Asfalto","Pavimento","III","S/D","Urbana","Ninguna","No existe","Recta","Bueno","Buena","Diurna","Buen Tiempo","S/D","S/D","S/D","Ninguna","Horizontal","Ninguna","Sin restricción"
2015,3337,13/05/2015,"Miercoles",0,06:55:00,,"0.0",2,"Automóvil,Moto/Ciclomotor","Calle 50 Y Calle 25 - Pietropaolo",3,0,1,1,1,0,0,,"Calle",,"RECONQUISTA","General Obligado","Ripio","Natural","IX","Dentro","Urbana","Ninguna","No existe","Recta","Otro","Reducida","Amanecer","Lluvia","Frontal","S/D","Colisión","Agua,Otro","Faltante","Vegetación","Sin restricción"
2015,3338,26/05/2015,"Martes",0,23:15:00,,"0.0",2,"Peatón,Moto/Ciclomotor","Calle 31-Newbery Y Calle 28 - San Lorenzo",2,1,0,0,1,0,0,,"Calle",,"RECONQUISTA","General Obligado","Hormigón","No existe","IX","Dentro","Urbana","Ninguna","No existe","Intersección","Bueno","Buena","Nocturna","Lluvia","Lateral","S/D","Atropello","Agua","Vertical","Cordón divisorio","Sin restricción"
2015,3339,14/05/2015,"Jueves",0,20:00:00,"Ruta Nacional 9","394.0",2,"Pickup/Utilitario,Pickup/Utilitario"," ",2,1,0,0,1,0,0,,"Ruta",9,"TORTUGAS","Belgrano","Asfalto","Pavimento","III","Dentro","Rural","Marca Vial","No existe","Recta","S/D","Buena","Nocturna","Buen Tiempo","De alcance,Otro","S/D","Colisión","Ninguna","S/D","Vegetación","Sin restricción"
2015,3340,02/05/2015,"Sabado",0,12:00:00,,"0.0",2,"Moto/Ciclomotor,Automóvil","Calle 20 9 de Julio Y Calle 9-Mariano Moreno",2,1,0,0,1,0,0,,"Calle",,"RECONQUISTA","General Obligado","Hormigón","No existe","IX","Dentro","Urbana","Ninguna","No existe","Intersección","Bueno","Buena","Diurna","Buen Tiempo","Lateral","S/D","Colisión","Ninguna","Vertical","Cordón divisorio","Sin restricción"
2015,3341,16/05/2015,"Sabado",0,12:45:00,"Ruta Provincial 65","0.0",1,"Automóvil","Ruta Provincial 65 ",2,0,1,0,1,0,0,,"Ruta",65,"LAS ROSAS","Belgrano","Asfalto","Natural","III","Fuera","Rural","Ninguna","No existe","Recta","Ahuellamiento","Buena","Diurna","Buen Tiempo","Otro","S/D","Despiste","Ninguna","Faltante","Línea divisoria pintada","Sin restricción"
2015,3342,24/05/2015,"Domingo",0,16:00:00,,"0.0",2,"Ambulancia,Moto/Ciclomotor"," ",2,1,0,0,1,0,0,,"Calle",,"RECONQUISTA","General Obligado","Asfalto","Natural","IX","Dentro","Urbana","Ninguna","No existe","Intersección","Bueno","Buena","Diurna","Otro","Lateral","S/D","Colisión","Material Suelto","Vertical","Vegetación","Sin restricción"
2015,3343,18/05/2015,"Lunes",0,09:20:00,,"0.0",2,"Automóvil,Moto/Ciclomotor","Calle 25-Rivadavia Y Calle 16 Gral Obligado",2,1,0,0,1,0,0,,"Calle",,"RECONQUISTA","General Obligado","Asfalto","No existe","IX","S/D","Urbana","S/D","No existe","Intersección","Bueno","S/D","Diurna","Buen Tiempo","Frontal","S/D","Colisión","S/D","S/D","S/D","S/D"
2015,3344,22/05/2015,"Viernes",0,13:55:00,,"0.0",1,"Moto/Ciclomotor","Calle 38-Corrientes Y Calle 40 - Formosa",1,0,1,0,0,0,0,,"Calle",,"RECONQUISTA","General Obligado","Hormigón","No existe","IX","Dentro","Urbana","Otra Señal","No existe","Recta","Bueno","Buena","Diurna","Buen Tiempo","Lateral","S/D","Caída ocupante","Ninguna","Vertical","Cordón divisorio","Sin restricción"
2015,3345,16/05/2015,"Sabado",0,02:30:00,,"0.0",1,"Moto/Ciclomotor","San Martin Y Maipu",2,2,0,0,0,0,0,,"Calle",,"LAS ROSAS","Belgrano","Asfalto","No existe","III","S/D","Urbana","Ninguna","No existe","Recta","Bueno","Buena","Nocturna","Buen Tiempo","Contra objeto fijo","S/D","Colisión","Ninguna","S/D","Cordón divisorio","Sin restricción"
2015,3346,28/05/2015,"Jueves",0,12:15:00,,"0.0",2,"Automóvil,Moto/Ciclomotor"," ",2,1,0,0,1,0,0,,"Calle",,"RECONQUISTA","General Obligado","Asfalto","Pavimento","IX","Dentro","Urbana","Ninguna","No existe","Intersección","Bueno","Buena","Diurna","Buen Tiempo","Lateral","S/D","Colisión","Material Suelto","Vertical","Cordón divisorio","Sin restricción"
2015,3347,22/05/2015,"Viernes",0,10:45:00,,"0.0",2,"Bicicleta,Automóvil","Calle 22- 25 de Mayo Y Calle 9-Mariano Moreno",3,0,1,0,2,0,0,,"Calle",,"RECONQUISTA","General Obligado","Hormigón","No existe","IX","Dentro","Urbana","Ninguna","No existe","Intersección","Bueno","Buena","Diurna","Buen Tiempo","S/D","S/D","Atropello","Ninguna","Vertical","Cordón divisorio","Sin restricción"
2015,3348,18/05/2015,"Lunes",0,09:50:00,,"0.0",2,"Bicicleta,Automóvil","San Lorenzo Y Italia",2,1,0,0,1,0,0,,"Calle",,"EL TRÉBOL","San Martín","Asfalto","S/D","XVIII","S/D","Urbana","S/D","No existe","Recta","Bueno","Buena","Diurna","Buen Tiempo","S/D","S/D","Atropello","S/D","S/D","Ninguna","Sin restricción"
2015,3349,30/05/2015,"Sabado",0,17:30:00,,"0.0",2,"Automóvil,Moto/Ciclomotor"," ",2,1,0,0,1,0,0,,"Calle",,"RECONQUISTA","General Obligado","Asfalto","No existe","IX","Dentro","Urbana","Ninguna","No existe","Intersección","Bueno","Buena","Diurna","Buen Tiempo","Lateral","S/D","Colisión","Otro","Vertical","Cordón divisorio","Sin restricción"
2015,3350,04/05/2015,"Lunes",0,17:00:00,"Ruta Nacional 34","0.0",1,"Moto/Ciclomotor"," ",1,1,0,0,0,0,0,,"Ruta",34,"HERSILIA","San Cristóbal","Ripio","No existe","XIII","Dentro","Rural","Ninguna","No existe","Recta","Bueno","Buena","Diurna","Buen Tiempo","S/D","S/D","Caída ocupante","S/D","Horizontal","Ninguna","Sin restricción"
2015,3351,04/05/2015,"Lunes",0,09:00:00,,"0.0",2,"Automóvil,Moto/Ciclomotor","Salta Y Las Heras",2,1,0,0,1,0,0,,"Calle",,"SAN CRISTÓBAL","San Cristóbal","Asfalto","Pavimento","XIII","Dentro","Urbana","Ninguna","No existe","Intersección","Bueno","Buena","Diurna","Buen Tiempo","Lateral","S/D","Colisión","Ninguna","Faltante","Ninguna","Sin restricción"
2015,3352,27/05/2015,"Miercoles",0,14:40:00,,"0.0",2,"Moto/Ciclomotor,Automóvil","Hipolito Irigoyen 1051",2,2,0,0,0,0,0,,"Calle",,"SAN CRISTÓBAL","San Cristóbal","Asfalto","Pavimento","XIII","Dentro","Urbana","S/D","No existe","Intersección","Bueno","Buena","Diurna","S/D","S/D","S/D","S/D","Ninguna","Faltante","Ninguna","S/D"
2015,3353,28/05/2015,"Jueves",0,08:20:00,,"0.0",1,"Bicicleta","R P A Janssen Y Cullen",1,1,0,0,0,0,0,,"Calle",,"ESPERANZA","Las Colonias","Asfalto","No existe","XI","Dentro","Urbana","Ninguna","No existe","Intersección","Bueno","Buena","Diurna","Buen Tiempo","S/D","S/D","Atropello","Ninguna","Vertical","Ninguna","Sin restricción"
2015,3354,25/05/2015,"Lunes",0,,,"0.0",2,"Pickup/Utilitario,Automóvil","Bv G L Lhemann ",6,0,1,0,5,0,0,,"Calle",,"RAFAELA","Castellanos","Asfalto","No existe","V","Dentro","Urbana","Ninguna","No existe","Recta","Bueno","Buena","S/D","Buen Tiempo","S/D","S/D","S/D","S/D","Faltante","Cordón divisorio","Sin restricción"
2015,3355,05/05/2015,"Martes",0,11:30:00,,"0.0",2,"Automóvil,Moto/Ciclomotor","Caseros Y Bv San Martin",2,1,0,0,1,0,0,,"Calle",,"SAN CRISTÓBAL","San Cristóbal","Asfalto","Pavimento","XIII","S/D","Urbana","Ninguna","No existe","Intersección","Bueno","Buena","Diurna","Buen Tiempo","Lateral","S/D","Colisión","Ninguna","Faltante","Ninguna","Sin restricción"
2015,3356,17/05/2015,"Domingo",0,01:30:00,"Ruta Provincial 6","59.0",2,"Moto/Ciclomotor,Automóvil"," ",3,0,1,0,2,0,0,,"Ruta",6,"ESPERANZA","Las Colonias","Asfalto","Natural","XI","Dentro","Rural","Ninguna","No existe","Recta","Bueno","Reducida","Nocturna","Niebla","Frontal","S/D","Colisión","Ninguna","Horizontal","Ninguna","Sin restricción"
2015,3357,23/03/2015,"Lunes",0,08:00:00,,"0.0",1,"Moto/Ciclomotor","Manuel Belgrano Y Pje. s/n",1,0,1,0,0,0,0,,"Calle",,"EL TRÉBOL","San Martín","Tierra","No existe","XVIII","S/D","Urbana","Ninguna","No existe","Intersección","Bueno","Buena","Atardecer","Buen Tiempo","Atropello animal","S/D","Colisión","S/D","S/D","Ninguna","Sin restricción"
2015,3358,26/05/2015,"Martes",0,12:20:00,,"0.0",2,"Moto/Ciclomotor,Otros","Bv Rivadavia Y Laprida",2,1,0,0,0,0,1,,"Calle",,"SAN CRISTÓBAL","San Cristóbal","Asfalto","No existe","XIII","Dentro","Urbana","Ninguna","No existe","Intersección","Bueno","Buena","Diurna","Buen Tiempo","Lateral","S/D","Colisión","Ninguna","Faltante","Ninguna","Sin restricción"
2015,3359,11/05/2015,"Lunes",0,00:45:00,,"0.0",1,"Moto/Ciclomotor"," ",1,0,1,0,0,0,0,,"Camino Rural",,"HERSILIA","San Cristóbal","Tierra","No existe","XIII","Dentro","Rural","Ninguna","No existe","Recta","Bueno","Reducida","Nocturna","Buen Tiempo","Contra objeto fijo","S/D","Colisión","S/D","Horizontal","Ninguna","Sin restricción"
2015,3360,15/05/2015,"Viernes",0,15:45:00,,"0.0",2,"Automóvil,Moto/Ciclomotor","Avenida 18 Y Avenida 17",2,0,1,0,1,0,0,,"Avenida",,"LAS PAREJAS","Belgrano","Hormigón","No existe","III","S/D","Urbana","Ninguna","No existe","Intersección","Bueno","Buena","Diurna","Buen Tiempo","Lateral","S/D","Colisión","Ninguna","Vertical","Cordón divisorio","Sin restricción"
2015,3361,31/05/2015,"Domingo",0,11:40:00,,"0.0",2,"Moto/Ciclomotor,Moto/Ciclomotor","Gral Alvear 1200",2,2,0,0,0,0,0,,"Calle",,"SAN CRISTÓBAL","San Cristóbal","Asfalto","No existe","XIII","Dentro","Urbana","Ninguna","No existe","Recta","Bueno","Buena","Diurna","Buen Tiempo","Lateral","S/D","Colisión","Ninguna","Faltante","Ninguna","Sin restricción"
2015,3362,13/05/2015,"Miercoles",0,13:15:00,,"0.0",2,"Automóvil,Moto/Ciclomotor","Calle 15-Pcio. Diez Y Calle 20 9 de Julio",2,1,0,0,1,0,0,,"Calle",,"RECONQUISTA","General Obligado","Hormigón","No existe","IX","Dentro","Urbana","Ninguna","No existe","Intersección","Bueno","Buena","Diurna","Buen Tiempo","Frontal","S/D","Colisión","Ninguna","Vertical","Ninguna","Sin restricción"
2015,3363,30/05/2015,"Sabado",0,,,"0.0",2,"Automóvil,Bicicleta","Calle 11-Alvear Y Calle 10-Ludue±a",2,1,0,0,1,0,0,,"Calle",,"RECONQUISTA","General Obligado","S/D","S/D","IX","S/D","Urbana","S/D","S/D","S/D","S/D","S/D","S/D","S/D","S/D","S/D","Atropello","S/D","S/D","S/D","S/D"