"anio_acci","nro_acci","fecha","desc_dia","fecha_aprox","hora_aprox","desc_ruta","km","cant_participantes","desc_participante","calle_avenida_km","total","heridos_leves","heridos_graves","heridos_gravisimos","ilesos","fallecidos","sin_datos","posicion_XY","desc_tipo_via","desc_ruta_ori","desc_loc","desc_dpto","desc_tipo_calzada","desc_tipo_banquina","desc_unidad_regional","desc_lugar_calzada","desc_zona","desc_prioridad","desc_estado_semaforo","desc_lugar_via","desc_estado_via","desc_estado_visibilidad","desc_luminosidad","desc_estado_clima","desc_tipo_colision","desc_tipo_atropello","desc_tipo_hecho","desc_pres_calzada","desc_senializacion","desc_separacion_via","desc_restriccion"
2015,3365,15/05/2015,"Viernes",0,12:10:00,,"0.0",2,"Moto/Ciclomotor,Moto/Ciclomotor","Calle 20 Y Calle 23",3,1,0,0,2,0,0,,"S/D",,"LAS PAREJAS","Belgrano","Hormigón","No existe","III","S/D","Urbana","Ninguna","No existe","Intersección","Bueno","Buena","Diurna","Buen Tiempo","Lateral","S/D","Colisión","Ninguna","Horizontal","Ninguna","Sin restricción"
2015,3366,29/05/2015,"Viernes",0,12:10:00,,"0.0",2,"Automóvil,Moto/Ciclomotor","Calle 11-Alvear Y Calle 13-Iturraspe",2,1,0,0,1,0,0,,"Calle",,"RECONQUISTA","General Obligado","Hormigón","No existe","IX","Dentro","Urbana","Ninguna","No existe","Intersección","Bueno","Buena","Diurna","Buen Tiempo","Frontal","S/D","Colisión","Ninguna","Vertical","Ninguna","Sin restricción"
2015,3367,03/05/2015,"Domingo",0,22:40:00,,"0.0",2,"Moto/Ciclomotor,Automóvil","Bv Santa Fe 2117",2,1,0,0,1,0,0,,"Avenida",,"RAFAELA","Castellanos","Asfalto","S/D","V","Dentro","Urbana","Ninguna","S/D","Recta","Bueno","Buena","Nocturna","Buen Tiempo","De alcance","S/D","Colisión","Ninguna","Vertical","Ninguna","Sin restricción"
2015,3368,06/05/2015,"Miercoles",0,16:45:00,,"0.0",2,"Moto/Ciclomotor,Automóvil","Rivadavia Y Berutti",3,2,0,0,1,0,0,,"Calle",,"ESPERANZA","Las Colonias","Asfalto","No existe","XI","Dentro","Urbana","Ninguna","No existe","Intersección","Bueno","Buena","Diurna","Buen Tiempo","Lateral","S/D","Colisión","Ninguna","Faltante","Ninguna","Sin restricción"
2015,3370,08/05/2015,"Viernes",0,16:45:00,,"0.0",2,"Moto/Ciclomotor,Automóvil","Calle 11-Alvear Y Calle 28 - San Lorenzo",2,1,0,0,1,0,0,,"Calle",,"RECONQUISTA","General Obligado","Asfalto","No existe","IX","Dentro","Urbana","Ninguna","No existe","Intersección","Bueno","Buena","Diurna","Buen Tiempo","Frontal","S/D","Colisión","Ninguna","Vertical","Cordón divisorio","Sin restricción"
2015,3371,11/05/2015,"Lunes",0,,,"0.0",2,"Moto/Ciclomotor,Automóvil","Ituzaingo Y Santa Fe",2,1,0,0,1,0,0,,"Calle",,"CALCHAQUÍ","Vera","Asfalto","S/D","XIX","Dentro","Urbana","S/D","S/D","Intersección","S/D","S/D","Atardecer","S/D","Lateral","S/D","Colisión","S/D","S/D","S/D","S/D"
2015,3372,20/05/2015,"Miercoles",0,17:20:00,,"0.0",2,"Bicicleta,Automóvil","Calle 11-Alvear Y Calle 26 - Bolivar",2,1,0,0,1,0,0,,"Calle",,"RECONQUISTA","General Obligado","Asfalto","No existe","IX","Dentro","Urbana","Ninguna","No existe","Intersección","Bueno","Buena","Diurna","Buen Tiempo","S/D","S/D","Atropello","Ninguna","Vertical","Cordón divisorio","Sin restricción"
2015,3373,19/05/2015,"Martes",0,19:05:00,,"0.0",2,"Automóvil,Moto/Ciclomotor","Juan De Garay Y Bv Belgrano",2,1,0,0,1,0,0,,"Calle",,"CALCHAQUÍ","Vera","Asfalto","S/D","XIX","Dentro","Urbana","S/D","S/D","Intersección","S/D","S/D","S/D","S/D","S/D","S/D","Colisión","S/D","S/D","S/D","S/D"
2015,3374,29/05/2015,"Viernes",0,,"Ruta Provincial 38","0.0",2,"Automóvil,Moto/Ciclomotor"," ",2,1,0,0,1,0,0,,"Ruta",38,"CALCHAQUÍ","Vera","Tierra","S/D","XIX","S/D","S/D","Ninguna","S/D","S/D","S/D","S/D","S/D","S/D","S/D","S/D","Colisión","S/D","S/D","S/D","S/D"
2015,3375,29/05/2015,"Viernes",0,,,"0.0",1,"Automóvil","25 de Mayo Y Pueyrredon",3,2,0,0,0,0,1,,"Calle",,"CALCHAQUÍ","Vera","Asfalto","S/D","XIX","Fuera","Urbana","Ninguna","No existe","Recta","Bueno","Buena","S/D","Buen Tiempo","Contra objeto fijo","S/D","Colisión","S/D","S/D","Ninguna","Sin restricción"
2015,3376,27/04/2015,"Lunes",0,19:00:00,,"0.0",2,"Bicicleta,Moto/Ciclomotor","Santa Fe Y Belgrano",2,2,0,0,0,0,0,,"Calle",,"SAN GENARO","San Jerónimo","Asfalto","No existe","XV","Dentro","Urbana","Ninguna","No existe","Intersección","Bueno","Buena","Nocturna","Buen Tiempo","S/D","S/D","Atropello","Ninguna","Faltante","Ninguna","Sin restricción"
2015,3377,08/05/2015,"Viernes",0,12:00:00,,"0.0",2,"Automóvil,Moto/Ciclomotor","Avda 25 de Mayo Y Sarmiento",2,1,0,0,1,0,0,,"Avenida",,"GÁLVEZ","San Jerónimo","Asfalto","No existe","XV","Dentro","Urbana","Ninguna","No existe","Intersección","Bueno","Buena","Diurna","Buen Tiempo","Lateral","S/D","Colisión","S/D","Vertical","Ninguna","Sin restricción"
2015,3378,01/05/2015,"Viernes",0,19:15:00,,"0.0",2,"Bicicleta,Transporte de Pasajeros Larga Distancia (Piso  y  1/2)","Avda 25 de Mayo Y Sarmiento",2,1,0,0,1,0,0,,"Avenida",,"GÁLVEZ","San Jerónimo","Asfalto","No existe","XV","Dentro","Urbana","Ninguna","No existe","Intersección","Bueno","Buena","Atardecer","Buen Tiempo","S/D","S/D","Atropello","S/D","S/D","Ninguna","Sin restricción"
2015,3379,06/06/2015,"Sabado",0,20:00:00,,"0.0",2,"Automóvil,Moto/Ciclomotor","Sarmeinto 1200",2,1,0,0,1,0,0,,"Calle",,"ALEJANDRA","San Javier","Tierra","S/D","XIV","S/D","S/D","S/D","S/D","Recta","Bueno","Buena","Atardecer","Buen Tiempo","Lateral","S/D","Colisión","Ninguna","Faltante","S/D","Sin restricción"
2015,3380,07/05/2015,"Jueves",0,20:30:00,,"0.0",2,"Automóvil,Bicicleta","Bvard 20 de Junio Y Lavalle",2,1,0,0,1,0,0,,"Avenida",,"GÁLVEZ","San Jerónimo","Asfalto","No existe","XV","Dentro","Urbana","Semáforo","Funciona","Intersección","Bueno","Buena","Nocturna,Con luz artificial","Buen Tiempo","S/D","S/D","Atropello","S/D","S/D","Ninguna","Sin restricción"
2015,3381,12/05/2015,"Martes",0,11:40:00,"Ruta Nacional 11","0.0",1,"Moto/Ciclomotor"," ",1,1,0,0,0,0,0,,"Ruta",11,"CORONDA","San Jerónimo","Asfalto","Ripio","XV","S/D","Urbana","Ninguna","No existe","Recta","Bueno","Buena","Diurna","Buen Tiempo","S/D","S/D","Despiste","S/D","S/D","S/D","Sin restricción"
2015,3382,16/05/2015,"Sabado",0,20:20:00,,"0.0",2,"Moto/Ciclomotor,Peatón"," ",2,1,0,0,1,0,0,,"Calle",,"RECONQUISTA","General Obligado","Asfalto","Pavimento","IX","Dentro","Urbana","Ninguna","No existe","Intersección","Bueno","Buena","Nocturna","Buen Tiempo","S/D","S/D","Atropello","Otro","Vertical","Cordón divisorio","Sin restricción"
2015,3383,30/05/2015,"Sabado",0,18:40:00,,"0.0",2,"Moto/Ciclomotor,Automóvil","Caseros Y 9 de Julio",3,2,0,0,1,0,0,,"Calle",,"VILLA OCAMPO","General Obligado","Asfalto","Pavimento","IX","S/D","Urbana","Ninguna","No existe","Intersección","Bueno","Buena","Diurna","Buen Tiempo","Otro","S/D","Colisión","Otro","Faltante","Ninguna","Sin restricción"
2015,3384,10/05/2015,"Domingo",0,,"Ruta Provincial 80","0.0",2,"Automóvil,Camión"," ",2,1,0,0,1,0,0,,"Ruta",80,"GÁLVEZ","San Jerónimo","Asfalto","Natural","XV","Dentro","Rural","Marca Vial","No existe","Recta","Con baches","Buena","Nocturna","Buen Tiempo","De alcance","S/D","Colisión,Despiste","Otro","Faltante","Línea divisoria pintada","Sin restricción"
2015,3385,31/05/2015,"Domingo",0,20:30:00,"Ruta Secundaria 40-s","0.0",2,"Pickup/Utilitario,Automóvil"," ",3,2,0,0,1,0,0,,"Ruta","40-s","FORTÍN AGUILA","Vera","S/D","Natural","XIX","S/D","Rural","S/D","S/D","Recta","Bueno","Reducida","Nocturna","Buen Tiempo","De alcance","S/D","Colisión","S/D","S/D","S/D","S/D"
2015,3386,24/05/2015,"Domingo",0,20:30:00,,"0.0",2,"Moto/Ciclomotor,Automóvil","Alberdi Y Mitre",2,1,1,0,0,0,0,,"Calle",,"CORONDA","San Jerónimo","Asfalto","Pavimento","XV","S/D","Urbana","Ninguna","No existe","Intersección","Bueno","Buena","Nocturna","Buen Tiempo","Lateral","S/D","Colisión","S/D","S/D","S/D","Sin restricción"
2015,3387,31/05/2015,"Domingo",0,15:00:00,,"0.0",1,"Moto/Ciclomotor"," ",2,2,0,0,0,0,0,,"Camino Rural",,"FORTÍN AGUILA","Vera","S/D","S/D","XIX","S/D","Rural","S/D","S/D","Recta","S/D","S/D","Diurna","S/D","S/D","S/D","Caída ocupante","S/D","S/D","S/D","S/D"
2015,3388,30/05/2015,"Sabado",0,15:25:00,,"0.0",2,"Moto/Ciclomotor,Pickup/Utilitario","Bv Sarmiento Y Avenida San Martin",4,3,0,0,1,0,0,,"Avenida",,"VILLA OCAMPO","General Obligado","Hormigón","Pavimento","IX","S/D","Urbana","Ninguna","No existe","Intersección","Bueno","Buena","Diurna","Buen Tiempo","Lateral","S/D","Caída ocupante","Otro","Horizontal","Línea divisoria pintada","Sin restricción"
2015,3389,15/05/2015,"Viernes",0,19:30:00,"Ruta Secundaria 40-s","0.0",1,"Moto/Ciclomotor"," ",2,1,0,0,1,0,0,,"Ruta","40-s","FORTÍN OLMOS","Vera","Tierra","S/D","XIX","S/D","Rural","Ninguna","S/D","Recta","S/D","Buena","Atardecer","Buen Tiempo","Atropello animal","S/D","Colisión","S/D","S/D","S/D","S/D"
2015,3390,05/05/2015,"Martes",0,09:05:00,,"0.0",2,"Moto/Ciclomotor,Pickup/Utilitario","9 de Julio Y Francisco Conti",4,3,0,0,1,0,0,,"Calle",,"VILLA OCAMPO","General Obligado","Asfalto","Natural","IX","Dentro","Urbana","Ninguna","No existe","Intersección","Bueno","Buena","Diurna","Buen Tiempo","De alcance","S/D","Colisión","Otro","Faltante","Ninguna","Sin restricción"
2015,3391,13/05/2015,"Miercoles",0,16:05:00,,"0.0",2,"Moto/Ciclomotor,Automóvil","Calle 19-Habegger Y Calle 8-Chacabuco",2,1,0,0,1,0,0,,"Calle",,"RECONQUISTA","General Obligado","Asfalto","No existe","IX","Dentro","Urbana","Ninguna","No existe","Intersección","Bueno","Buena","Atardecer","Buen Tiempo","S/D","S/D","Colisión","Ninguna","Faltante","Cordón divisorio","Sin restricción"
2015,3392,14/05/2015,"Jueves",0,10:10:00,,"0.0",2,"Moto/Ciclomotor,Automóvil","San Lorenzo Y Padre Tibaldo",3,2,0,0,1,0,0,,"Calle",,"VILLA OCAMPO","General Obligado","Asfalto","Natural","IX","Dentro","Urbana","Ninguna","No existe","Intersección","Bueno","Buena","Diurna","Buen Tiempo","Lateral","S/D","Colisión","Otro","Faltante","Ninguna","Sin restricción"
2015,3393,19/05/2015,"Martes",0,12:30:00,,"0.0",2,"Automóvil,Moto/Ciclomotor","Calle 15-Patricio Diez Y Ferrocarril Belgrano",2,1,0,0,1,0,0,,"Calle",,"RECONQUISTA","General Obligado","Asfalto","No existe","IX","S/D","Urbana","Ninguna","No existe","Intersección","Bueno","Buena","Diurna","Buen Tiempo","Frontal","S/D","Atropello","Ninguna","Faltante","Ninguna","Sin restricción"
2015,3394,10/05/2015,"Domingo",0,06:00:00,,"0.0",2,"Pickup/Utilitario,Moto/Ciclomotor","Saavedra Y Pte Peron",3,2,0,0,1,0,0,,"Calle",,"VERA","Vera","Asfalto","S/D","XIX","Dentro","Urbana","S/D","S/D","Intersección","S/D","S/D","Amanecer","S/D","Lateral","S/D","Colisión","S/D","S/D","S/D","S/D"
2015,3395,16/05/2015,"Sabado",0,22:45:00,,"0.0",2,"Moto/Ciclomotor,Moto/Ciclomotor","Urquiza Y 25 de Mayo",2,2,0,0,0,0,0,,"Calle",,"VERA","Vera","Tierra","No existe","XIX","Dentro","Urbana","Ninguna","No existe","Intersección","S/D","Reducida","Nocturna","Buen Tiempo","Frontal","S/D","Colisión","S/D","Faltante","Ninguna","Sin restricción"
2015,3396,24/05/2015,"Domingo",0,23:45:00,,"0.0",2,"Moto/Ciclomotor,Automóvil","Jose de San Martin Y Garay",3,1,1,0,0,0,1,,"Calle",,"CORONDA","San Jerónimo","Asfalto","S/D","XV","S/D","Urbana","Ninguna","No existe","Intersección","Bueno","Buena","Nocturna","Buen Tiempo","Lateral","S/D","Colisión","S/D","S/D","S/D","Sin restricción"
2015,3397,17/05/2015,"Domingo",0,19:25:00,,"0.0",2,"Bicicleta,Moto/Ciclomotor","Mitre B Y J V Gimenez",2,2,0,0,0,0,0,,"Calle",,"VERA","Vera","Asfalto","S/D","XIX","Dentro","Urbana","S/D","S/D","Recta","S/D","Buena","Atardecer","S/D","S/D","S/D","Atropello","S/D","S/D","S/D","S/D"
2015,3398,13/05/2015,"Miercoles",0,10:15:00,,"0.0",2,"Moto/Ciclomotor,Automóvil","Calle 12 San Martin Y Calle 19-Habegger",3,2,0,0,1,0,0,,"Calle",,"RECONQUISTA","General Obligado","Asfalto","No existe","IX","S/D","Urbana","Ninguna","No existe","Intersección","Bueno","Buena","Diurna","Buen Tiempo","Frontal","S/D","Colisión","Ninguna","Faltante","Cordón divisorio","Sin restricción"
2015,3399,22/05/2015,"Viernes",0,12:10:00,,"0.0",2,"Moto/Ciclomotor,Pickup/Utilitario","Mitre B Y A Mendez",2,1,0,0,1,0,0,,"Calle",,"VERA","Vera","S/D","S/D","XIX","Dentro","Urbana","S/D","S/D","Intersección","S/D","S/D","Diurna","S/D","Lateral","S/D","Colisión","S/D","S/D","S/D","S/D"
2015,3400,30/05/2015,"Sabado",0,18:20:00,,"0.0",2,"Automóvil,Moto/Ciclomotor","San Martin Y Colon",2,1,0,0,1,0,0,,"Calle",,"VERA","Vera","Asfalto","S/D","XIX","Dentro","Urbana","S/D","S/D","Intersección","S/D","S/D","Atardecer","S/D","Lateral","S/D","Colisión","S/D","S/D","S/D","S/D"
2015,3401,01/06/2015,"Lunes",0,07:55:00,"Ruta Nacional 11","861.0",2,"Automóvil,Automóvil"," ",3,2,0,0,1,0,0,,"Ruta",11,"VILLA OCAMPO","General Obligado","Asfalto","Natural","IX","Dentro","Rural","Ninguna","No existe","Recta","Bueno","Buena","Diurna","Buen Tiempo","De alcance","S/D","Colisión","Otro","Faltante","Ninguna","Sin restricción"
2015,3402,29/05/2015,"Viernes",0,07:55:00,,"0.0",2,"Bicicleta,Automóvil"," ",2,1,0,0,1,0,0,,"Calle",,"RECONQUISTA","General Obligado","Asfalto","S/D","IX","S/D","Urbana","Ninguna","No existe","Intersección","Bueno","Buena","Diurna","Buen Tiempo","S/D","S/D","Atropello","Ninguna","Faltante","Cordón divisorio","Sin restricción"
2015,3403,13/06/2015,"Sabado",0,10:15:00,,"0.0",2,"Moto/Ciclomotor,Pickup/Utilitario","Alberdi Y R Mejias",2,1,0,0,1,0,0,,"Calle",,"VILLA OCAMPO","General Obligado","Asfalto","Natural","IX","Dentro","Urbana","Ninguna","No existe","Intersección","Bueno","Buena","Diurna","Buen Tiempo","Lateral","S/D","Colisión","S/D","Faltante","Ninguna","Sin restricción"
2015,3404,03/05/2015,"Domingo",0,10:40:00,,"0.0",2,"Pickup/Utilitario,Automóvil","Moreno Y Velez Sarfield",2,0,2,0,0,0,0,,"Calle",,"SAN JOSÉ DE LA ESQUINA","Caseros","Asfalto","No existe","IV","Dentro","Urbana","Ninguna","No existe","Intersección","Bueno","Buena","Diurna","Buen Tiempo","Lateral","S/D","Colisión","Ninguna","Vertical","Ninguna","Sin restricción"
2015,3405,13/05/2015,"Miercoles",0,12:00:00,,"0.0",2,"Automóvil,Moto/Ciclomotor","IRIGOYEN Y PATRICIO DIEZ",2,1,0,0,1,0,0,,"S/D",,"RECONQUISTA","General Obligado","Asfalto","No existe","IX","S/D","Urbana","Semáforo","Funciona","Intersección","Bueno","Buena","Nocturna","Buen Tiempo","Lateral","S/D","Atropello","Ninguna","Vertical","Ninguna","Sin restricción"
2015,3406,13/05/2015,"Miercoles",0,13:30:00,"Ruta Provincial 92","0.0",2,"Pickup/Utilitario,Moto/Ciclomotor"," ",2,1,0,0,1,0,0,,"Ruta",92,"SAN JOSÉ DE LA ESQUINA","Caseros","Asfalto","No existe","IV","Dentro","Urbana","Señal Pare","No existe","Intersección","Bueno","Buena","Diurna","Buen Tiempo","Otro","S/D","Colisión","Ninguna","Vertical","Línea divisoria pintada","Sin restricción"
2015,3407,20/05/2015,"Miercoles",0,19:40:00,"Ruta Provincial 13","0.0",2,"Pickup/Utilitario,Pickup/Utilitario","RP13 Y EMPALME RP4 ",2,2,0,0,0,0,0,,"Ruta",13,"SAN CRISTÓBAL","San Cristóbal","Asfalto","Natural","XIII","Dentro","Urbana","Ninguna","S/D","Cruce","Bueno","Buena","Nocturna","Buen Tiempo","Lateral","S/D","Colisión","Ninguna","Faltante","Ninguna","Sin restricción"
2015,3408,29/05/2015,"Viernes",0,21:50:00,,"0.0",2,"Pickup/Utilitario,Moto/Ciclomotor","25 de Mayo Y Urquiza",4,1,0,0,3,0,0,,"Calle",,"SAN JOSÉ DE LA ESQUINA","Caseros","Asfalto","No existe","IV","Dentro","Urbana","Ninguna","No existe","Intersección","Bueno","Buena","Nocturna,Con luz artificial","Buen Tiempo","De alcance","S/D","Colisión","Ninguna","Vertical","Ninguna","Sin restricción"
2015,3409,20/05/2015,"Miercoles",0,13:35:00,,"0.0",2,"Moto/Ciclomotor,Pickup/Utilitario","Av Julian Bustinza Y 9 de Julio",2,0,1,0,1,0,0,,"Avenida",,"PIAMONTE","San Martín","Asfalto","Pavimento","XVIII","Dentro","Urbana","Ninguna","No existe","Intersección","Bueno","Buena","Diurna","Buen Tiempo","Lateral","S/D","Colisión","Ninguna","Faltante","Ninguna","Sin restricción"
2015,3410,21/05/2015,"Jueves",0,19:45:00,"Ruta Nacional 34","384.0",2,"Moto/Ciclomotor,Moto/Ciclomotor"," ",2,2,0,0,0,0,0,,"Ruta",34,"CERES","San Cristóbal","Asfalto","Ripio","XIII","S/D","S/D","S/D","No existe","Intersección","Bueno","Reducida","Nocturna","Buen Tiempo","S/D","S/D","Colisión","S/D","S/D","S/D","Sin restricción"
2015,3411,13/05/2015,"Miercoles",0,06:55:00,"Ruta Nacional 11","0.0",2,"Moto/Ciclomotor,Automóvil","Calle 33-Pueyrredon Y Ruta Nacional 11",2,1,0,0,1,0,0,,"Ruta",11,"RECONQUISTA","General Obligado","Asfalto","Pavimento","IX","Dentro","Urbana","Semáforo","S/D","Intersección","Bueno","Buena","Diurna","Buen Tiempo","Lateral","S/D","Colisión","Otro","Vertical","Cordón divisorio","Sin restricción"
2015,3412,19/05/2015,"Martes",0,21:00:00,,"0.0",2,"Moto/Ciclomotor,Automóvil","Avenida Sargento Cabral Y Sarmiento",3,1,0,0,2,0,0,,"Avenida",,"CERES","San Cristóbal","Asfalto","No existe","XIII","S/D","Urbana","Ninguna","No existe","Intersección","Bueno","Buena","Nocturna,Con luz artificial","Buen Tiempo","S/D","S/D","Colisión","S/D","Faltante","Vegetación","Sin restricción"
2015,3414,19/05/2015,"Martes",0,20:00:00,,"0.0",2,"Pickup/Utilitario,Peatón","25 de mayo Y Cornelio Saavedra",3,1,0,0,2,0,0,,"Avenida",,"CERES","San Cristóbal","Asfalto","No existe","XIII","S/D","S/D","S/D","No existe","Intersección","Con baches","Buena","Nocturna,Con luz artificial","Buen Tiempo","S/D","S/D","Atropello","S/D","S/D","Cordón divisorio","Sin restricción"
2015,3415,23/05/2015,"Sabado",0,12:00:00,,"0.0",2,"Automóvil,Automóvil","Avenida Italia Y 9 de Julio",3,3,0,0,0,0,0,,"Avenida",,"CERES","San Cristóbal","Hormigón","No existe","XIII","Dentro","Urbana","Ninguna","No existe","Intersección","Bueno","Buena","Diurna","Buen Tiempo","Lateral","S/D","Colisión","Otro","Faltante","Ninguna","Sin restricción"
2015,3416,10/05/2015,"Domingo",0,19:05:00,,"0.0",2,"Moto/Ciclomotor,Peatón","Avenida de Mayo Y Avenida Chacabuco",3,2,0,0,1,0,0,,"Avenida",,"CERES","San Cristóbal","Asfalto","No existe","XIII","S/D","Urbana","Ninguna","No existe","Intersección","Bueno","Buena","Amanecer","Buen Tiempo","Frontal","S/D","Atropello","S/D","Vertical","Vegetación","Sin restricción"
2015,3417,12/05/2015,"Martes",0,11:50:00,,"0.0",2,"Moto/Ciclomotor,Pickup/Utilitario","Juan D Peron Y Ituzaingo",2,1,0,0,1,0,0,,"Calle",,"SAN CRISTÓBAL","San Cristóbal","Tierra","Natural","XIII","Dentro","Urbana","Ninguna","No existe","Intersección","Bueno","Buena","Diurna","Buen Tiempo","S/D","S/D","Colisión","Ninguna","Faltante","Ninguna","Sin restricción"
2015,3418,15/05/2015,"Viernes",0,20:00:00,,"0.0",1,"Moto/Ciclomotor","P P Sellares Y Corrientes",1,1,0,0,0,0,0,,"Calle",,"HELVECIA","Garay","Asfalto","Natural","VII","Dentro","Urbana","Ninguna","No existe","Intersección","Bueno","Reducida","Nocturna","Buen Tiempo","S/D","S/D","Caída ocupante","Ninguna","Faltante","Línea divisoria pintada","Sin restricción"
2015,3419,07/05/2015,"Jueves",0,06:55:00,"Ruta Provincial 1","38.5",2,"Moto/Ciclomotor,Moto/Ciclomotor"," ",2,2,0,0,0,0,0,,"Ruta",1,"SANTA ROSA DE CALCHINES","Garay","Asfalto","Natural","VII","Dentro","Rural","Ninguna","No existe","Recta","Bueno","Buena","Amanecer","Buen Tiempo","De alcance","S/D","Colisión","Ninguna","Faltante","Ninguna","Sin restricción"
2015,3420,04/05/2015,"Lunes",0,18:20:00,,"0.0",2,"Moto/Ciclomotor,Taxi/Remis","Av Blas Parera Y Santa Cruz",2,1,0,0,1,0,0,,"Avenida",,"SANTA FE","La Capital","Asfalto","No existe","I","S/D","Urbana","Ninguna","No existe","Intersección","Bueno","Buena","Diurna","Buen Tiempo","Frontal","S/D","Colisión","S/D","Faltante","S/D","Sin restricción"
2015,3421,15/05/2015,"Viernes",0,11:00:00,,"0.0",2,"Moto/Ciclomotor,Moto/Ciclomotor","Gorriti Y Bernardo de Irigoyen",2,1,0,0,1,0,0,,"Avenida",,"SANTA FE","La Capital","Asfalto","No existe","I","S/D","Urbana","Ninguna","No existe","Intersección","Bueno","Buena","Diurna","Buen Tiempo","De alcance","S/D","Colisión","Ninguna","Faltante","Ninguna","Sin restricción"
2015,3422,14/05/2015,"Jueves",0,18:20:00,,"0.0",2,"Moto/Ciclomotor,Moto/Ciclomotor","Av Blas Parera Y La Pampa",2,2,0,0,0,0,0,,"Avenida",,"SANTA FE","La Capital","Asfalto","No existe","I","S/D","Urbana","Ninguna","No existe","Intersección","Bueno","Buena","Atardecer","Buen Tiempo","De alcance","S/D","Colisión","S/D","Faltante","Ninguna","Sin restricción"
2015,3423,07/05/2015,"Jueves",0,17:30:00,,"0.0",2,"Moto/Ciclomotor,Moto/Ciclomotor","Cogorno 5559",2,1,0,0,1,0,0,,"Calle",,"SANTA FE","La Capital","Asfalto","No existe","I","S/D","Urbana","Ninguna","No existe","Recta","Bueno","Buena","Diurna","Buen Tiempo","De alcance","S/D","Colisión","Ninguna","Faltante","Ninguna","Sin restricción"
2015,3424,07/05/2015,"Jueves",0,09:55:00,,"0.0",2,"Moto/Ciclomotor,Automóvil","Gorriti Y Av Blas Parera",2,1,0,0,1,0,0,,"Avenida",,"SANTA FE","La Capital","Asfalto","No existe","I","S/D","Urbana","Semáforo","Funciona","Intersección","Bueno","Buena","Diurna","Buen Tiempo","Frontal","S/D","Colisión","Ninguna","Faltante","Ninguna","Sin restricción"
2015,3425,28/05/2015,"Jueves",0,22:10:00,"Ruta Provincial 1","0.0",2,"Moto/Ciclomotor,Automóvil","Maipu Y Boulevard General B Mitre",3,1,0,0,2,0,0,,"Ruta",1,"HELVECIA","Garay","Asfalto","Natural","VII","Dentro","Urbana","Ninguna","No existe","Intersección","Bueno","Reducida","Nocturna","Buen Tiempo","Frontal","S/D","Colisión","Ninguna","Faltante","Línea divisoria pintada","Sin restricción"
2015,3426,13/05/2015,"Miercoles",0,17:35:00,,"0.0",2,"Moto/Ciclomotor,Automóvil","San Jeronimo Y Pedro Diaz Colodrero",2,1,0,0,1,0,0,,"Calle",,"SANTA FE","La Capital","Hormigón","S/D","I","Dentro","Urbana","Ninguna","No existe","Intersección","Bueno","Buena","Diurna","Buen Tiempo","Lateral","S/D","Colisión","Ninguna","Faltante","Ninguna","Sin restricción"
2015,3427,30/04/2015,"Jueves",0,22:15:00,"Autopista Provincial Brigadier E.López","81.0",2,"Pickup/Utilitario,Camión","Urquiza ",2,1,0,0,1,0,0,,"Autopista","Brigadier E.López","BARRANCAS","San Jerónimo","Asfalto","Pavimento","XV","Dentro","Rural","Ninguna","No existe","Recta","Bueno","Buena","Nocturna","Buen Tiempo","Lateral","S/D","Colisión","Ninguna","S/D","Ninguna","Sin restricción"
2015,3428,19/05/2015,"Martes",0,10:20:00,,"0.0",2,"Moto/Ciclomotor,Automóvil","Calle 10-Ludue±a Y Calle 11-Alvear",2,1,0,0,1,0,0,,"Calle",,"RECONQUISTA","General Obligado","Asfalto","No existe","IX","Dentro","Urbana","Ninguna","No existe","Intersección","Bueno","Buena","Diurna","Buen Tiempo","Lateral","S/D","Colisión","S/D","Faltante","Ninguna","Sin restricción"
2015,3429,25/05/2015,"Lunes",0,,,"0.0",2,"Moto/Ciclomotor,Automóvil","Entre Rios Y San Martin",3,1,0,0,2,0,0,,"Calle",,"VILLA CONSTITUCIÓN","Constitución","Asfalto","Pavimento","VI","Dentro","Urbana","Ninguna","No existe","Intersección","Bueno","Buena","Diurna","Buen Tiempo","Frontal","S/D","Colisión","Ninguna","Faltante","Ninguna","Sin restricción"
2015,3430,14/05/2015,"Jueves",0,12:30:00,,"0.0",2,"Automóvil,Transporte de Pasajeros Urbano (> 8 asientos)","Av Facundo Zuviria Y Padilla",2,1,0,0,1,0,0,,"Avenida",,"SANTA FE","La Capital","Hormigón","No existe","I","Dentro","Urbana","Semáforo","Funciona","Intersección","Bueno","Buena","Diurna","Buen Tiempo","Lateral","S/D","Colisión","Ninguna","Vertical","Ninguna","Sin restricción"
2015,3431,24/05/2015,"Domingo",0,05:15:00,,"0.0",2,"Moto/Ciclomotor,Automóvil","Calle 15-Patricio Diez Y Calle 28 - San Lorenzo",3,2,0,0,1,0,0,,"Calle",,"RECONQUISTA","General Obligado","Asfalto","Pavimento","IX","Dentro","Urbana","Ninguna","No existe","Recta","Bueno","Reducida","Nocturna,Con luz artificial","Buen Tiempo","De alcance","S/D","Colisión","S/D","Faltante","Ninguna","Sin restricción"