"anio_acci","nro_acci","fecha","desc_dia","fecha_aprox","hora_aprox","desc_ruta","km","cant_participantes","desc_participante","calle_avenida_km","total","heridos_leves","heridos_graves","heridos_gravisimos","ilesos","fallecidos","sin_datos","posicion_XY","desc_tipo_via","desc_ruta_ori","desc_loc","desc_dpto","desc_tipo_calzada","desc_tipo_banquina","desc_unidad_regional","desc_lugar_calzada","desc_zona","desc_prioridad","desc_estado_semaforo","desc_lugar_via","desc_estado_via","desc_estado_visibilidad","desc_luminosidad","desc_estado_clima","desc_tipo_colision","desc_tipo_atropello","desc_tipo_hecho","desc_pres_calzada","desc_senializacion","desc_separacion_via","desc_restriccion"
2015,3432,18/05/2015,"Lunes",0,21:30:00,,"0.0",2,"Camión,Moto/Ciclomotor","Avenida Italia Y Independencia",2,0,1,0,1,0,0,,"Calle",,"CERES","San Cristóbal","Asfalto","No existe","XIII","Dentro","Urbana","Ninguna","No existe","Intersección","Bueno","Buena","Nocturna,Con luz artificial","Buen Tiempo","Lateral","S/D","Colisión","Ninguna","Faltante","Ninguna","Sin restricción"
2015,3433,16/05/2015,"Sabado",0,19:45:00,"Ruta Nacional 9","379.0",2,"Automóvil,Automóvil"," ",9,5,0,0,4,0,0,,"Ruta",9,"ARMSTRONG","Belgrano","Asfalto","No existe","III","Dentro","Urbana","Ninguna","No existe","Recta","Bueno","Buena","Nocturna","Buen Tiempo","S/D","S/D","Colisión","S/D","S/D","Ninguna","Sin restricción"
2015,3434,25/05/2015,"Lunes",0,,,"0.0",2,"Moto/Ciclomotor,Automóvil","Cordoba Y Gral Lopez",2,1,0,0,1,0,0,,"Calle",,"VILLA CONSTITUCIÓN","Constitución","Asfalto","Pavimento","VI","Dentro","Urbana","Ninguna","No existe","Intersección","Bueno","Buena","Diurna","Buen Tiempo","Lateral","S/D","Colisión","Ninguna","Faltante","Ninguna","Sin restricción"
2015,3435,22/05/2015,"Viernes",0,20:15:00,"Ruta Provincial 1","0.0",2,"Automóvil,Moto/Ciclomotor","Primera Junta Y Ruta Provic 1",2,1,0,0,1,0,0,,"Ruta",1,"SANTA ROSA DE CALCHINES","Garay","Asfalto","Pavimento","VII","Dentro","Urbana","Ninguna","No existe","Intersección","Bueno","Buena","Nocturna","Buen Tiempo","Lateral","S/D","Colisión","Ninguna","Faltante","Ninguna","Sin restricción"
2015,3436,15/05/2015,"Viernes",0,15:10:00,,"0.0",2,"Moto/Ciclomotor,Taxi/Remis","9 de Julio Y Pedro Diaz Colodrero",2,1,0,0,1,0,0,,"Calle",,"SANTA FE","La Capital","Hormigón","No existe","I","Dentro","Urbana","Ninguna","No existe","Recta","Bueno","Buena","Diurna","Buen Tiempo","De alcance","S/D","Colisión","Ninguna","Faltante","Ninguna","Sin restricción"
2015,3437,31/05/2015,"Domingo",0,18:05:00,,"0.0",2,"Moto/Ciclomotor,Automóvil","Uruguay Y San Martin",4,3,0,0,1,0,0,,"Calle",,"SANTA ROSA DE CALCHINES","Garay","Asfalto","Natural","VII","Dentro","Urbana","Ninguna","No existe","Intersección","Bueno","Buena","Atardecer","Buen Tiempo","Lateral","S/D","Colisión","Ninguna","Faltante","Ninguna","Sin restricción"
2015,3438,19/05/2015,"Martes",0,,,"0.0",2,"Moto/Ciclomotor,Automóvil"," ",3,2,0,0,1,0,0,,"Avenida",,"VILLA CONSTITUCIÓN","Constitución","Asfalto","Pavimento","VI","Dentro","Urbana","Ninguna","No existe","Intersección","Bueno","Buena","Diurna","Buen Tiempo","Lateral","S/D","Colisión","Ninguna","Faltante","Ninguna","Sin restricción"
2015,3439,15/05/2015,"Viernes",0,17:50:00,,"0.0",2,"Peatón,Automóvil","San Jeronimo Y Iturraspe",2,1,0,0,1,0,0,"-31.628833333333,-60.702805555556","Calle",,"SANTA FE","La Capital","Hormigón","No existe","I","Dentro","Urbana","Ninguna","No existe","Recta","Bueno","Buena","Diurna","Buen Tiempo","S/D","S/D","Atropello","Ninguna","Faltante","Ninguna","Sin restricción"
2015,3440,22/05/2015,"Viernes",0,16:20:00,,"0.0",2,"Moto/Ciclomotor,Moto/Ciclomotor","San Martin 1237",2,2,0,0,0,0,0,,"Calle",,"MALABRIGO","General Obligado","Asfalto","No existe","IX","Dentro","Urbana","Ninguna","No existe","Recta","Bueno","Buena","Diurna","Buen Tiempo","Lateral","S/D","Colisión","S/D","Faltante","Ninguna","Sin restricción"
2015,3441,28/05/2015,"Jueves",0,07:00:00,"Ruta Provincial 10","0.0",1,"Automóvil","Tucuman ",4,3,0,0,1,0,0,,"Ruta",10,"BERNARDO DE IRIGOYEN","San Jerónimo","Tierra","Natural","XV","Fuera","Rural","Ninguna","No existe","Cruce","Otro","Reducida","Amanecer","Niebla","S/D","S/D","Despiste","Material Suelto","Vertical","Ninguna","Sin restricción"
2015,3442,19/05/2015,"Martes",0,19:30:00,"Ruta Nacional 11","427.0",2,"Moto/Ciclomotor,Bicicleta"," ",3,3,0,0,0,0,0,,"Ruta",11,"CORONDA","San Jerónimo","Asfalto","S/D","XV","S/D","Rural","S/D","S/D","Recta","Bueno","S/D","Nocturna","S/D","S/D","S/D","Atropello","S/D","S/D","S/D","S/D"
2015,3443,18/05/2015,"Lunes",0,,,"0.0",2,"Moto/Ciclomotor,Automóvil","Av. del Trabajo Y Belgrano",3,2,0,0,1,0,0,,"Avenida",,"VILLA CONSTITUCIÓN","Constitución","Asfalto","Pavimento","VI","Dentro","Urbana","Ninguna","No existe","Intersección","Bueno","Buena","Diurna","Buen Tiempo","Lateral","S/D","Colisión","Ninguna","Faltante","Ninguna","Sin restricción"
2015,3444,12/05/2015,"Martes",0,16:30:00,,"0.0",2,"Moto/Ciclomotor,Bicicleta","Jose de San Martin Y Guemes",2,1,0,0,1,0,0,,"Calle",,"CORONDA","San Jerónimo","Asfalto","No existe","XV","Dentro","Urbana","Semáforo","Intermitente","Intersección","Bueno","Buena","Atardecer","Buen Tiempo","S/D","S/D","Atropello","S/D","S/D","S/D","S/D"
2015,3445,27/05/2015,"Miercoles",0,21:00:00,"Ruta Nacional 177","0.0",2,"Automóvil,Automóvil"," ",4,4,0,0,0,0,0,,"Ruta",177,"EMPALME VILLA CONSTITUCIÓN","Constitución","Asfalto","Natural","VI","Dentro","Urbana","S/D","No existe","Intersección","Bueno","Buena","Nocturna","Buen Tiempo","De alcance","S/D","Colisión","Ninguna","S/D","Línea divisoria pintada","Sin restricción"
2015,3446,22/05/2015,"Viernes",0,21:40:00,,"0.0",2,"Automóvil,Bicicleta","Avda 25 de Mayo Y Dorrego",3,1,0,0,2,0,0,,"Avenida",,"GÁLVEZ","San Jerónimo","Asfalto","No existe","XV","Dentro","Urbana","Otra Señal","No existe","Intersección","Bueno","Buena","Nocturna,Con luz artificial","Buen Tiempo","S/D","S/D","Atropello","Otro","S/D","Ninguna","Sin restricción"
2015,3447,01/05/2015,"Viernes",0,04:00:00,"Ruta Nacional 11","416.0",1,"Automóvil"," ",2,2,0,0,0,0,0,,"Ruta",11,"CORONDA","San Jerónimo","Asfalto","S/D","XV","Fuera","Rural","Semáforo","Funciona","Curva","Bueno","Buena","Nocturna","Buen Tiempo","S/D","S/D","Caída ocupante,Despiste","S/D","Vertical","Guardarrail","S/D"
2015,3448,03/05/2015,"Domingo",0,05:45:00,"Ruta Provincial 1","0.0",1,"Moto/Ciclomotor","Pedro de Vega Y Ruta Prov 1",2,1,0,0,1,0,0,,"Ruta",1,"CAYASTA","Garay","Asfalto","Pavimento","VII","Dentro","Urbana","Ninguna","No existe","Recta","Bueno","Reducida","Nocturna","Buen Tiempo","S/D","S/D","Caída ocupante","S/D","Faltante","Ninguna","Sin restricción"
2015,3449,04/05/2015,"Lunes",0,11:10:00,,"0.0",3,"Automóvil,Bicicleta,Moto/Ciclomotor","Pte peron ",3,1,0,0,2,0,0,,"Avenida",,"GÁLVEZ","San Jerónimo","Asfalto","No existe","XV","Dentro","Urbana","Ninguna","No existe","Recta","Bueno","Buena","Diurna","Buen Tiempo","Frontal","S/D","Colisión","Otro","Faltante","Ninguna","Sin restricción"
2015,3450,26/05/2015,"Martes",0,04:55:00,"Autopista Nacional 9","249.5",1,"Automóvil"," ",4,3,0,0,1,0,0,,"Autopista",9,"EMPALME VILLA CONSTITUCIÓN","Constitución","Asfalto","Natural","VI","Dentro","Rural","S/D","No existe","Recta","Bueno","Buena","Nocturna","Buen Tiempo","S/D","S/D","Vuelco","Ninguna","S/D","Línea divisoria pintada","Sin restricción"
2015,3451,11/05/2015,"Lunes",0,06:15:00,,"0.0",2,"Moto/Ciclomotor,Tractor","San Martin 600",2,0,1,0,1,0,0,,"Calle",,"SAN CARLOS SUR","Las Colonias","Asfalto","No existe","XI","Dentro","Urbana","S/D","No existe","Recta","Bueno","Reducida","Amanecer","Niebla","S/D","S/D","Colisión","S/D","S/D","Línea divisoria pintada","Sin restricción"
2015,3452,16/05/2015,"Sabado",0,16:30:00,"Ruta Nacional 11","744.0",1,"Moto/Ciclomotor"," ",1,1,0,0,0,0,0,,"Ruta",11,"MALABRIGO","General Obligado","Asfalto","Natural","IX","Fuera","Urbana","Ninguna","No existe","Recta","Bueno","Buena","Diurna","Buen Tiempo","Atropello animal","S/D","Colisión","S/D","Vertical","Línea divisoria pintada","Sin restricción"
2015,3453,30/05/2015,"Sabado",0,20:00:00,,"0.0",2,"Moto/Ciclomotor,Peatón"," ",2,2,0,0,0,0,0,,"Calle",,"EMPALME VILLA CONSTITUCIÓN","Constitución","Asfalto","Pavimento","II","Dentro","Urbana","S/D","No existe","Intersección","Bueno","Reducida","Atardecer","Buen Tiempo","S/D","S/D","Atropello","Ninguna","S/D","Ninguna","Sin restricción"
2015,3454,08/05/2015,"Viernes",0,18:05:00,"Ruta Provincial 1","29.0",2,"Moto/Ciclomotor,Automóvil"," ",2,0,1,0,1,0,0,,"Ruta",1,"SANTA ROSA DE CALCHINES","Garay","Asfalto","Natural","VII","Dentro","Rural","S/D","No existe","Recta","Bueno","Buena","Nocturna","Buen Tiempo","De alcance","S/D","Colisión","S/D","Vertical","Vegetación","S/D"
2015,3455,09/05/2015,"Sabado",0,06:45:00,"Ruta Provincial 70","0.0",2,"Automóvil,Moto/Ciclomotor","A Aufranc Y Rivadavia",3,1,1,0,1,0,0,,"Ruta",70,"ESPERANZA","Las Colonias","Asfalto","Pavimento","XI","Dentro","Urbana","Semáforo","Funciona","Intersección","Bueno","Buena","Amanecer,Con luz artificial","Buen Tiempo","Frontal","S/D","Colisión","Ninguna","Horizontal,Vertical","Línea divisoria pintada","Sin restricción"
2015,3456,12/05/2015,"Martes",0,18:30:00,,"0.0",2,"Automóvil,Moto/Ciclomotor","Belgrano Y Corrientes",2,1,0,0,1,0,0,,"Calle",,"MALABRIGO","General Obligado","Asfalto","Natural","IX","Dentro","Urbana","Ninguna","No existe","Intersección","Bueno","Buena","Atardecer","Buen Tiempo","Lateral","S/D","Colisión","S/D","S/D","Ninguna","Sin restricción"
2015,3457,28/05/2015,"Jueves",0,23:15:00,"Ruta Provincial 6","0.0",2,"Camión,Moto/Ciclomotor"," ",2,0,1,0,1,0,0,,"Ruta",6,"SAN CARLOS SUR","Las Colonias","Asfalto","Natural","XI","S/D","Urbana","S/D","No existe","Recta","Bueno","Reducida","Nocturna","Buen Tiempo","Lateral","S/D","Colisión","S/D","Vertical","Línea divisoria pintada","Sin restricción"
2015,3458,08/05/2015,"Viernes",0,,,"0.0",2,"Moto/Ciclomotor,Automóvil","Saavedra Y Santiago del Estero",2,1,0,0,1,0,0,,"Calle",,"VILLA CONSTITUCIÓN","Constitución","Asfalto","S/D","VI","Dentro","Urbana","Ninguna","S/D","Intersección","Bueno","S/D","S/D","Buen Tiempo","Frontal","S/D","Colisión","Ninguna","Faltante","S/D","Sin restricción"
2015,3459,30/05/2015,"Sabado",0,12:20:00,,"0.0",2,"Automóvil,Moto/Ciclomotor","Mariano Moreno 500",4,2,0,0,2,0,0,,"Calle",,"ESPERANZA","Las Colonias","Asfalto","Pavimento","XI","Dentro","Urbana","Ninguna","No existe","Intersección","Bueno","Buena","Diurna","Buen Tiempo","Lateral","S/D","Colisión","Ninguna","Faltante","Línea divisoria pintada","Sin restricción"
2015,3460,06/05/2015,"Miercoles",0,,,"0.0",2,"Bicicleta,Automóvil","Saavedra Y Lisandro de la Torre",2,1,0,0,1,0,0,,"Calle",,"VILLA CONSTITUCIÓN","Constitución","Asfalto","Pavimento","VI","Dentro","Urbana","Ninguna","No existe","Intersección","Bueno","Buena","Diurna","Buen Tiempo","S/D","S/D","Atropello","Ninguna","Faltante","Ninguna","Sin restricción"
2015,3461,04/05/2015,"Lunes",0,,,"0.0",2,"Moto/Ciclomotor,Automóvil","Presidente Peron Y Moreno",2,1,0,0,1,0,0,,"Avenida",,"VILLA CONSTITUCIÓN","Constitución","Asfalto","No existe","VI","Dentro","Urbana","S/D","No existe","Intersección","Bueno","Buena","Diurna","Buen Tiempo","Lateral","S/D","Colisión","Ninguna","Faltante","Ninguna","Sin restricción"
2015,3462,26/05/2015,"Martes",0,12:30:00,,"0.0",2,"Moto/Ciclomotor,Transporte de Pasajeros Larga Distancia (> 8 asientos)","San Martin Y La Rioja",2,1,0,0,1,0,0,,"Calle",,"CERES","San Cristóbal","Ripio","No existe","XIII","Dentro","Urbana","Ninguna","No existe","Intersección","Bueno","Buena","Diurna","Buen Tiempo","Lateral","S/D","Colisión","S/D","Faltante","Ninguna","Sin restricción"
2015,3463,18/05/2015,"Lunes",0,14:40:00,,"0.0",2,"Moto/Ciclomotor,Automóvil","Sarmiento Y 23 de Setiembre",3,2,0,0,0,0,1,,"Calle",,"VILLA CONSTITUCIÓN","Constitución","Asfalto","S/D","VI","S/D","Urbana","S/D","S/D","Intersección","Bueno","Buena","Diurna","S/D","Frontal","S/D","Colisión","S/D","S/D","S/D","S/D"
2015,3464,04/05/2015,"Lunes",0,,"Autopista Nacional 9","247.0",2,"Moto/Ciclomotor,Automóvil","14 de Febrero Y Independencia",2,1,0,0,1,0,0,,"Autopista",9,"VILLA CONSTITUCIÓN","Constitución","Asfalto","Pavimento","VII","Dentro","Rural","Ninguna","No existe","Intersección","Bueno","Buena","Diurna","Buen Tiempo","Lateral","S/D","Colisión","Ninguna","Faltante","Ninguna","Sin restricción"
2015,3465,16/05/2015,"Sabado",0,13:40:00,,"0.0",2,"Bicicleta,Automóvil","San Jeronimo 3900",2,1,0,0,1,0,0,"-31.631638888889,-60.703583333333","Calle",,"SANTA FE","La Capital","Hormigón","No existe","I","Dentro","Urbana","Ninguna","No existe","Recta","Bueno","Buena","Diurna","Buen Tiempo","S/D","S/D","Atropello","Ninguna","Faltante","Ninguna","Sin restricción"
2015,3466,17/06/2015,"Miercoles",0,12:25:00,,"0.0",2,"Moto/Ciclomotor,Moto/Ciclomotor","Nicolas Schneider 1900",2,1,0,0,1,0,0,,"Calle",,"ESPERANZA","Las Colonias","Asfalto","Pavimento","XI","Dentro","Urbana","Ninguna","No existe","Intersección","Bueno","Buena","Diurna","Buen Tiempo","Frontal","S/D","Colisión","Ninguna","Vertical","Línea divisoria pintada","Sin restricción"
2015,3467,09/02/2015,"Lunes",0,,"Ruta Nacional 34","53.5",2,"Moto/Ciclomotor,Camión"," ",2,0,0,0,1,1,0,"-32.607800, -61.161472","Ruta",34,"TOTORAS","Iriondo","Asfalto","Natural","X","Dentro","Rural","S/D","No existe","Recta","Bueno","S/D","S/D","S/D","S/D","S/D","Colisión","S/D","S/D","Línea divisoria pintada","Sin restricción"
2015,3468,16/02/2015,"Lunes",0,,,"0.0",2,"Moto/Ciclomotor,Automóvil","Bv. Segui Y Ayacucho",2,0,0,0,1,1,0,"-32.980944444444,-60.6355","Avenida",,"ROSARIO","Rosario","Asfalto","No existe","II","Dentro","Urbana","S/D","S/D","Intersección","Bueno","S/D","S/D","S/D","S/D","S/D","Colisión","S/D","S/D","Cordón divisorio,Línea divisoria pintada","Sin restricción"
2015,3469,20/06/2015,"Sabado",0,19:00:00,,"0.0",1,"Moto/Ciclomotor","Mariano Moreno 2100",1,1,0,0,0,0,0,,"Calle",,"ESPERANZA","Las Colonias","Asfalto","No existe","XI","Dentro","Urbana","Ninguna","No existe","Intersección","Bueno","Buena","Nocturna,Con luz artificial","Buen Tiempo","Lateral","S/D","Caída ocupante","Ninguna","Vertical","Línea divisoria pintada","Sin restricción"
2015,3470,02/06/2015,"Martes",0,08:30:00,,"0.0",2,"Automóvil,Automóvil","Juan Jose Paso 2000",2,1,0,0,1,0,0,,"Calle",,"ESPERANZA","Las Colonias","Asfalto","Pavimento","XI","Dentro","Urbana","Ninguna","No existe","Intersección","Bueno","Buena","Diurna","Buen Tiempo","Lateral","S/D","Colisión","Ninguna","Vertical","Línea divisoria pintada","Sin restricción"
2015,3471,01/06/2015,"Lunes",0,13:10:00,"Ruta Provincial 6","0.0",1,"Moto/Ciclomotor","Ruta provincial 70 ",1,1,0,0,0,0,0,,"Ruta",6,"ESPERANZA","Las Colonias","Asfalto","Natural","XI","Dentro","Urbana","Ninguna","No existe","Intersección","Bueno","Buena","Diurna","Buen Tiempo","S/D","S/D","Caída ocupante","Ninguna","Horizontal,Vertical","Línea divisoria pintada","Sin restricción"
2015,3472,24/06/2015,"Miercoles",0,06:40:00,,"0.0",1,"Moto/Ciclomotor","Las Heras Y 1 de Mayo",1,1,0,0,0,0,0,,"Calle",,"ESPERANZA","Las Colonias","Asfalto","No existe","XI","Dentro","Urbana","Ninguna","No existe","Intersección","Bueno","Buena","Diurna","Buen Tiempo","S/D","S/D","Colisión","Ninguna","Horizontal","Cordón divisorio","Sin restricción"
2015,3473,18/06/2015,"Jueves",0,12:35:00,,"0.0",2,"Pickup/Utilitario,Moto/Ciclomotor","Rodriguez Peña Y Berutti",2,1,0,0,1,0,0,,"Calle",,"ESPERANZA","Las Colonias","Asfalto","No existe","XI","S/D","Urbana","Ninguna","No existe","Rotonda","Bueno","Buena","Diurna","Buen Tiempo","Frontal","S/D","Colisión","Ninguna","Horizontal,Vertical","Ninguna","Sin restricción"
2015,3474,03/06/2015,"Miercoles",0,19:40:00,,"0.0",2,"Pickup/Utilitario,Moto/Ciclomotor","Alberdi 1968",2,1,0,0,1,0,0,,"Calle",,"ESPERANZA","Las Colonias","Asfalto","No existe","XI","S/D","Urbana","Ninguna","No existe","Recta","Bueno","Buena","Nocturna","Buen Tiempo","Lateral","S/D","Colisión","Ninguna","Horizontal,Vertical","Ninguna","Sin restricción"
2015,3475,17/05/2015,"Domingo",0,20:25:00,,"0.0",2,"Moto/Ciclomotor,Automóvil","9 de Julio Y Luciano Torrent",2,1,0,0,1,0,0,,"Calle",,"SANTA FE","La Capital","Hormigón","No existe","I","Dentro","Urbana","Ninguna","No existe","Intersección","Bueno","Buena","Nocturna,Con luz artificial","Buen Tiempo","Lateral","S/D","Colisión","Ninguna","Faltante","Ninguna","Sin restricción"
2015,3476,10/05/2015,"Domingo",0,04:20:00,,"0.0",3,"Moto/Ciclomotor,Peatón,Automóvil","Gral Jose de San Martin Y Pres Domingo F Sarmiento",3,2,0,0,1,0,0,,"Calle",,"ARROYO SECO","Rosario","Hormigón","No existe","II","Dentro","Urbana","Ninguna","No existe","Intersección","Bueno","Buena","Nocturna,Con luz artificial","Buen Tiempo","De alcance","S/D","Colisión,Atropello","S/D","S/D","Ninguna","Sin restricción"
2015,3477,02/05/2015,"Sabado",0,,,"0.0",2,"Moto/Ciclomotor,Automóvil","Catamarca Y Moreno",2,1,0,0,1,0,0,,"Calle",,"VILLA CONSTITUCIÓN","Constitución","Asfalto","S/D","VI","Dentro","Urbana","Ninguna","S/D","Intersección","Bueno","S/D","S/D","Buen Tiempo","Lateral","S/D","Colisión","S/D","Faltante","Ninguna","Sin restricción"
2015,3478,18/05/2015,"Lunes",0,19:15:00,,"0.0",2,"Moto/Ciclomotor,Automóvil","Av A del Valle Y Risso",2,1,0,0,1,0,0,,"Avenida",,"SANTA FE","La Capital","Asfalto","No existe","I","Dentro","Urbana","Ninguna","No existe","Intersección","Bueno","Buena","Nocturna,Con luz artificial","Buen Tiempo","Lateral","S/D","Colisión","Ninguna","Faltante","Ninguna","Sin restricción"
2015,3479,14/05/2015,"Jueves",0,11:00:00,"Ruta Secundaria 10-s","0.0",1,"Automóvil"," ",1,1,0,0,0,0,0,,"Ruta","10-s","DÍAZ","San Jerónimo","Ripio","Natural","XV","Dentro","Rural","Ninguna","No existe","Recta","Resbaladiza","Buena","Diurna","Buen Tiempo","S/D","S/D","Vuelco","Material Suelto","Faltante","Ninguna","Sin restricción"
2015,3480,26/05/2015,"Martes",0,11:00:00,,"0.0",2,"Bicicleta,Automóvil","San Nicolas Y 1 de Mayo",2,1,0,0,1,0,0,,"Calle",,"ARROYO SECO","Rosario","Hormigón","S/D","II","Dentro","Urbana","Ninguna","S/D","Intersección","Bueno","S/D","Diurna","Buen Tiempo","S/D","S/D","Atropello","S/D","Faltante","Ninguna","Sin restricción"
2015,3481,01/05/2015,"Viernes",0,20:30:00,,"0.0",2,"Bicicleta,Moto/Ciclomotor","Avda. 9 de Julio ",3,3,0,0,0,0,0,,"Calle",,"DESVÍO ARIJÓN","San Jerónimo","Ripio","Natural","XV","Dentro","Urbana","S/D","S/D","Recta","Bueno","Buena","Nocturna","Buen Tiempo","Lateral","S/D","Atropello","S/D","Faltante","S/D","S/D"
2015,3482,08/05/2015,"Viernes",0,10:00:00,,"0.0",2,"Moto/Ciclomotor,Automóvil","Avda. Los Eucaliptus ",2,1,0,0,1,0,0,,"Calle",,"DESVÍO ARIJÓN","San Jerónimo","Asfalto","Natural","XV","Dentro","Urbana","S/D","S/D","Recta","Bueno","Buena","Diurna","Buen Tiempo","Lateral","S/D","Colisión","S/D","Faltante","S/D","S/D"
2015,3483,12/06/2015,"Viernes",0,12:30:00,,"0.0",2,"Pickup/Utilitario,Automóvil","Dr Galvez Y Gobernador Crespo",5,3,0,0,2,0,0,,"Calle",,"ESPERANZA","Las Colonias","Asfalto","No existe","XI","Dentro","Urbana","Ninguna","No existe","Intersección","Bueno","Buena","Diurna","Buen Tiempo","S/D","S/D","Colisión","Ninguna","Horizontal","Cordón divisorio","Sin restricción"
2015,3484,24/02/2015,"Martes",0,10:00:00,"Autopista Nacional Gral. Juan Jose Valle","256.0",2,"Moto/Ciclomotor,Automóvil"," ",3,0,2,0,1,0,0,,"Autopista","Gral. Juan Jose Valle","FIGHIERA","Rosario","Asfalto","S/D","II","Dentro","Urbana","S/D","S/D","Recta","Bueno","S/D","Diurna","S/D","De alcance","S/D","Colisión","S/D","S/D","S/D","S/D"
2015,3485,03/05/2015,"Domingo",0,06:00:00,,"0.0",2,"Automóvil,Pickup/Utilitario","Garay Y Rivadavia",2,2,0,0,0,0,0,,"Calle",,"FIGHIERA","Rosario","S/D","S/D","II","Dentro","Urbana","S/D","S/D","Intersección","S/D","S/D","Amanecer","S/D","S/D","S/D","Vuelco","S/D","S/D","S/D","S/D"
2015,3486,26/04/2015,"Domingo",0,05:30:00,"Ruta Nacional 11","0.0",2,"Moto/Ciclomotor,Moto/Ciclomotor"," ",2,0,2,0,0,0,0,,"Ruta",11,"FLORENCIA","General Obligado","Asfalto","Pavimento","IX","Dentro","Urbana","Ninguna","No existe","Recta","Bueno","Reducida","Nocturna","Buen Tiempo","Lateral","S/D","Colisión","S/D","Faltante","Línea divisoria pintada","Sin restricción"
2015,3487,27/06/2015,"Sabado",0,20:00:00,,"0.0",1,"Automóvil","Dr Galvez Y Mariano Moreno",4,3,0,0,0,0,1,,"Calle",,"ESPERANZA","Las Colonias","Asfalto","No existe","XI","Dentro","Urbana","Ninguna","No existe","Intersección","Bueno","Buena","Atardecer","Buen Tiempo","S/D","S/D","Colisión","Ninguna","Horizontal","Ninguna","Sin restricción"
2015,3488,25/05/2015,"Lunes",0,04:00:00,,"0.0",2,"Moto/Ciclomotor,Automóvil","General Manuel Belgrano 1600",3,2,0,0,1,0,0,,"Calle",,"ESPERANZA","Las Colonias","Asfalto","Pavimento","XI","Dentro","Urbana","Ninguna","No existe","Intersección","Bueno","Buena","Nocturna","Buen Tiempo","Lateral","S/D","Colisión","Ninguna","Horizontal","Línea divisoria pintada","Sin restricción"
2015,3489,31/05/2015,"Domingo",0,03:00:00,"Ruta Secundaria 87-s","10.0",1,"Moto/Ciclomotor"," ",2,1,0,1,0,0,0,,"Ruta","87-s","MARGARITA","Vera","Ripio","Natural","XIX","S/D","Rural","Ninguna","No existe","Recta","S/D","Buena","Nocturna","Buen Tiempo","S/D","S/D","Caída ocupante,Despiste","Ninguna","Faltante","S/D","Sin restricción"
2015,3490,29/05/2015,"Viernes",0,17:50:00,,"0.0",2,"Moto/Ciclomotor,Automóvil"," ",2,1,0,0,0,0,1,,"Calle",,"RECONQUISTA","General Obligado","Asfalto","No existe","IX","S/D","Urbana","Ninguna","No existe","Intersección","Bueno","Buena","Atardecer","Buen Tiempo","Frontal","S/D","Colisión","Ninguna","Faltante","Cordón divisorio","Sin restricción"
2015,3491,29/05/2015,"Viernes",0,19:35:00,,"0.0",2,"Moto/Ciclomotor,Automóvil"," ",4,1,0,0,3,0,0,,"Calle",,"RECONQUISTA","General Obligado","Asfalto","S/D","IX","S/D","Urbana","Ninguna","No existe","Intersección","Bueno","Buena","Nocturna","Buen Tiempo","Frontal","S/D","Colisión","Ninguna","Faltante","Cordón divisorio","Sin restricción"
2015,3492,18/05/2015,"Lunes",0,23:00:00,,"0.0",2,"Moto/Ciclomotor,Automóvil","Av A del Valle Y Presidente Roca",2,1,0,0,1,0,0,,"Avenida",,"SANTA FE","La Capital","Hormigón","No existe","I","Dentro","Urbana","Ninguna","No existe","Rotonda","Bueno","Buena","Nocturna,Con luz artificial","Buen Tiempo","S/D","S/D","Colisión","S/D","Faltante","Ninguna","Sin restricción"
2015,3493,21/05/2015,"Jueves",0,15:15:00,,"0.0",2,"Automóvil,Automóvil","RUTA 88,5",2,1,0,0,1,0,0,,"Calle",,"LANDETA","San Martín","Asfalto","Natural","XVIII","Dentro","Rural","Ninguna","No existe","Recta","Bueno","Buena","Diurna","Buen Tiempo","Frontal","S/D","Colisión","Ninguna","Horizontal","Línea divisoria pintada","Sin restricción"
2015,3494,13/06/2015,"Sabado",0,20:00:00,,"0.0",2,"Moto/Ciclomotor,Moto/Ciclomotor","CALLE 1 Y CALLE 74",2,2,0,0,0,0,0,,"Calle",,"FRONTERA","Castellanos","Asfalto","No existe","V","S/D","Urbana","S/D","S/D","Intersección","Bueno","Buena","Nocturna,Con luz artificial","Buen Tiempo","Lateral","S/D","Colisión","S/D","S/D","S/D","S/D"
2015,3495,18/02/2015,"Miercoles",0,07:15:00,,"0.0",2,"Automóvil,Automóvil","Av. Ntra.Sra.del Rosario Y Ayacucho",2,0,0,0,1,1,0,"-32.999472222222,-60.636333333333","Avenida",,"ROSARIO","Rosario","Asfalto","No existe","II","Dentro","Urbana","S/D","S/D","Intersección","Bueno","Buena","Diurna","Buen Tiempo","S/D","S/D","Colisión","S/D","S/D","S/D","Sin restricción"
2015,3496,20/05/2015,"Miercoles",0,18:50:00,,"0.0",2,"Pickup/Utilitario,Automóvil","Ruta Prov 13 Y N Avellaneda",5,5,0,0,0,0,0,,"Calle",,"CARLOS PELLEGRINI","San Martín","Asfalto","Ripio","XVIII","Dentro","Urbana","S/D","No existe","Recta","Bueno","Buena","Atardecer","Buen Tiempo","Lateral","S/D","Colisión","S/D","Horizontal","Ninguna","Sin restricción"