"anio_acci","nro_acci","fecha","desc_dia","fecha_aprox","hora_aprox","desc_ruta","km","cant_participantes","desc_participante","calle_avenida_km","total","heridos_leves","heridos_graves","heridos_gravisimos","ilesos","fallecidos","sin_datos","posicion_XY","desc_tipo_via","desc_ruta_ori","desc_loc","desc_dpto","desc_tipo_calzada","desc_tipo_banquina","desc_unidad_regional","desc_lugar_calzada","desc_zona","desc_prioridad","desc_estado_semaforo","desc_lugar_via","desc_estado_via","desc_estado_visibilidad","desc_luminosidad","desc_estado_clima","desc_tipo_colision","desc_tipo_atropello","desc_tipo_hecho","desc_pres_calzada","desc_senializacion","desc_separacion_via","desc_restriccion"
2015,3497,30/05/2015,"Sabado",0,17:30:00,,"0.0",3,"Bicicleta,Pickup/Utilitario,Peatón","Calle 26 - Bolivar Y Calle 25-Rivadavia",4,3,0,0,1,0,0,,"Calle",,"RECONQUISTA","General Obligado","Hormigón","No existe","IX","Dentro","Urbana","Ninguna","No existe","Intersección","Bueno","Buena","Diurna","Buen Tiempo","S/D","S/D","Atropello","Ninguna","Vertical","Cordón divisorio","Sin restricción"
2015,3498,25/06/2015,"Jueves",0,20:00:00,,"0.0",2,"Moto/Ciclomotor,Automóvil","Ituzaingo Y Gral Juan Pablo Lopez",2,1,0,0,1,0,0,,"Calle",,"RAFAELA","Castellanos","Asfalto","S/D","V","S/D","Urbana","Ninguna","No existe","Intersección","Bueno","S/D","Nocturna","Buen Tiempo","Frontal,Lateral","S/D","Colisión","S/D","S/D","Ninguna","Sin restricción"
2015,3499,03/05/2015,"Domingo",0,10:15:00,"Ruta Provincial 66","0.0",2,"Pickup/Utilitario,Automóvil","Ruta Prov 13 ",7,2,2,0,3,0,0,,"Ruta",66,"CARLOS PELLEGRINI","San Martín","Asfalto","Natural","XVIII","Dentro","Rural","Señal Pare","No existe","Cruce","Bueno","Buena","Diurna","Buen Tiempo","Lateral","S/D","Colisión","S/D","Horizontal,Vertical","Cordón divisorio","Sin restricción"
2015,3500,17/05/2015,"Domingo",0,16:25:00,,"0.0",2,"Pickup/Utilitario,Moto/Ciclomotor","25 de mayo Y San Martin",2,1,0,0,1,0,0,,"Calle",,"MALABRIGO","General Obligado","Asfalto","Pavimento","IX","Dentro","Urbana","Ninguna","No existe","Intersección","Bueno","Buena","Diurna","Buen Tiempo","Lateral","S/D","Colisión","S/D","Horizontal","Ninguna","Sin restricción"
2015,3501,01/05/2015,"Viernes",0,05:20:00,,"0.0",2,"Automóvil,Moto/Ciclomotor","Lisandro de la Torre ",3,2,0,0,1,0,0,,"Calle",,"ARROYO SECO","Rosario","Asfalto","Natural","II","Dentro","Urbana","Ninguna","No existe","Intersección","Deteriorada","Buena","Nocturna,Con luz artificial","Buen Tiempo","Lateral","S/D","Colisión","S/D","Faltante","Ninguna","Sin restricción"
2015,3502,26/06/2015,"Viernes",0,23:00:00,,"0.0",2,"Moto/Ciclomotor,Automóvil","Parana Y Bernardo de Irigoyen",2,1,0,0,1,0,0,,"Calle",,"RAFAELA","Castellanos","Asfalto","No existe","II","S/D","Urbana","Ninguna","No existe","Intersección","Bueno","Buena","Nocturna","Buen Tiempo","Lateral","S/D","Colisión","S/D","S/D","Ninguna","Sin restricción"
2015,3503,19/05/2015,"Martes",0,08:10:00,,"0.0",2,"Moto/Ciclomotor,Automóvil","Av A del Valle Y Espora",2,1,0,0,1,0,0,,"Avenida",,"SANTA FE","La Capital","Hormigón","No existe","I","Dentro","Urbana","Ninguna","No existe","Intersección","Bueno","Buena","Diurna","Buen Tiempo","S/D","S/D","Colisión","Ninguna","Faltante","Ninguna","Sin restricción"
2015,3504,01/06/2015,"Lunes",0,06:55:00,,"0.0",2,"Moto/Ciclomotor,Automóvil","Bv Pte Roca Y Arenales",2,1,0,0,1,0,0,,"Calle",,"RAFAELA","Castellanos","Asfalto","No existe","V","Dentro","Urbana","Ninguna","No existe","Intersección","Bueno","Reducida","Amanecer","Buen Tiempo","Lateral","S/D","Colisión","S/D","Faltante","Ninguna","Sin restricción"
2015,3505,19/05/2015,"Martes",0,13:00:00,,"0.0",2,"Moto/Ciclomotor,Pickup/Utilitario","Estanislao Zeballos Y 4 de Enero",2,1,0,0,1,0,0,,"Calle",,"SANTA FE","La Capital","Hormigón","No existe","I","Dentro","Urbana","Ninguna","No existe","Intersección","Bueno","Buena","Diurna","Buen Tiempo","Lateral","S/D","Colisión","Ninguna","Faltante","Ninguna","Sin restricción"
2015,3506,19/02/2015,"Jueves",0,04:50:00,,"0.0",2,"Peatón,Automóvil","Av Facundo Zuviria Y Javier de la Rosa",2,0,0,0,1,1,0,"-31.597333333333,-60.700444444444","Avenida",,"SANTA FE","La Capital","Asfalto","No existe","I","Dentro","Urbana","Semáforo","Intermitente","Intersección","Bueno","Reducida","Nocturna,Con luz artificial","Buen Tiempo","S/D","S/D","Atropello","S/D","Horizontal,Vertical","Cordón divisorio","Sin restricción"
2015,3507,19/02/2015,"Jueves",0,22:00:00,"Autopista Nacional A008","0.0",2,"Peatón,Camión","Av. Circunvalacion Y Tucuman",2,0,0,0,1,1,0,"-32.932836, -60.722906","Autopista","A008","ROSARIO","Rosario","Asfalto","Pavimento","II","Dentro","Urbana","S/D","No existe","Recta","Bueno","Reducida","Nocturna,Con luz artificial","Buen Tiempo","S/D","S/D","Atropello","S/D","S/D","Vegetación","Sin restricción"
2015,3508,21/02/2015,"Sabado",0,00:14:00,"Autopista Provincial Brigadier E.López","51.0",2,"Automóvil,Camión","AP01 km 51 desc ",3,1,0,0,1,1,0,"-32.466535, -60.914511","Autopista","Brigadier E.López","MACIEL","San Jerónimo","Asfalto","Pavimento","XV","Dentro","Rural","S/D","No existe","Recta","Bueno","Reducida","Nocturna,Con luz artificial","Buen Tiempo","De alcance","S/D","Colisión","S/D","Horizontal,Vertical","Guardarrail,Vegetación","Sin restricción"
2015,3509,30/05/2015,"Sabado",0,23:20:00,,"0.0",2,"Moto/Ciclomotor,Automóvil","Calle 13-Iturraspe Y Calle 33-Pueyrredon",3,1,0,0,2,0,0,,"Calle",,"RECONQUISTA","General Obligado","Hormigón","No existe","IX","Dentro","Urbana","Ninguna","Funciona","Intersección","Bueno","Buena","Nocturna,Con luz artificial","Buen Tiempo","Lateral","S/D","Colisión","Ninguna","Vertical","Cordón divisorio","Sin restricción"
2015,3510,04/06/2015,"Jueves",0,14:00:00,,"0.0",2,"Moto/Ciclomotor,Automóvil","M Aragon Y J Dopazo",2,1,0,0,1,0,0,,"Calle",,"RAFAELA","Castellanos","Asfalto","No existe","V","Dentro","Urbana","Ninguna","No existe","Recta","Bueno","Buena","Diurna","Buen Tiempo","S/D","S/D","Colisión","Ninguna","Faltante","Cordón divisorio","Sin restricción"
2015,3511,28/06/2015,"Domingo",0,02:40:00,,"0.0",1,"Moto/Ciclomotor","Antonio Podio 30",1,0,1,0,0,0,0,,"Avenida",,"RAFAELA","Castellanos","Asfalto","Pavimento","V","Dentro","Urbana","Ninguna","No existe","Recta","Bueno","Buena","Nocturna,Con luz artificial","Buen Tiempo","S/D","S/D","Colisión","Ninguna","Faltante","Cordón divisorio","Sin restricción"
2015,3512,20/05/2015,"Miercoles",0,13:40:00,,"0.0",2,"Moto/Ciclomotor,Automóvil","San Jeronimo Y Regis Martinez",2,1,0,0,1,0,0,,"Calle",,"SANTA FE","La Capital","Hormigón","No existe","I","Dentro","Urbana","Ninguna","No existe","Intersección","Bueno","Buena","Diurna","Buen Tiempo","Lateral","S/D","Colisión","Ninguna","Faltante","Ninguna","Sin restricción"
2015,3513,16/05/2015,"Sabado",0,23:00:00,,"0.0",2,"Moto/Ciclomotor,Automóvil","Av A del Valle Y Salvador del Carril",2,1,0,0,1,0,0,,"Avenida",,"SANTA FE","La Capital","Hormigón","No existe","I","Dentro","Urbana","Semáforo","Funciona","Intersección","Bueno","Buena","Nocturna,Con luz artificial","Buen Tiempo","Lateral","S/D","Colisión","Ninguna","Vertical","Ninguna","Sin restricción"
2015,3514,30/06/2015,"Martes",0,19:15:00,"Ruta Provincial 70","0.0",2,"Pickup/Utilitario,Moto/Ciclomotor","A Aufranc Y Simon de Iriondo",2,0,1,0,1,0,0,,"Ruta",70,"ESPERANZA","Las Colonias","Asfalto","No existe","XI","Dentro","Urbana","Semáforo","No existe","Intersección","Bueno","Buena","Nocturna","Buen Tiempo","Frontal","S/D","Colisión","Ninguna","Horizontal,Vertical","Ninguna","Sin restricción"
2015,3515,23/05/2015,"Sabado",0,00:40:00,,"0.0",1,"Moto/Ciclomotor","Mariano Moreno Y S J Puig",2,1,1,0,0,0,0,,"Calle",,"GOBERNADOR CRESPO","San Justo","Ripio","Natural","XVI","S/D","Urbana","Ninguna","No existe","Intersección","Bueno","Buena","Nocturna","Buen Tiempo","Atropello animal","S/D","Colisión","Ninguna","Faltante","Ninguna","Sin restricción"
2015,3516,20/06/2015,"Sabado",0,19:40:00,"Ruta Provincial 70","0.0",2,"Moto/Ciclomotor,Automóvil","A Aufranc Y General Manuel Belgrano",2,1,0,0,1,0,0,,"Ruta",70,"ESPERANZA","Las Colonias","Asfalto","No existe","XI","Dentro","Urbana","Ninguna","No existe","Intersección","Bueno","Buena","Nocturna","Buen Tiempo","Frontal,Lateral","S/D","Colisión","S/D","Faltante","Ninguna","Sin restricción"
2015,3517,29/06/2015,"Lunes",0,07:15:00,,"0.0",2,"Bicicleta,Automóvil","San Martin 1600",2,1,0,0,1,0,0,,"Calle",,"SAN CARLOS CENTRO","Las Colonias","Asfalto","No existe","XI","Dentro","Urbana","Ninguna","No existe","Recta","Bueno","Reducida","Amanecer","Lluvia","S/D","S/D","Atropello","Agua","Vertical","Cordón divisorio","Sin restricción"
2015,3518,10/06/2015,"Miercoles",0,18:40:00,,"0.0",2,"Automóvil,Bicicleta","Domingo Faustino Sarmiento Y Marcos Avellaneda",4,3,0,0,1,0,0,,"Calle",,"ESPERANZA","Las Colonias","Asfalto","No existe","XI","Dentro","Urbana","Ninguna","No existe","Intersección","Bueno","Buena","Diurna","Buen Tiempo","S/D","S/D","Atropello","Ninguna","Vertical","Ninguna","Sin restricción"
2015,3519,10/06/2015,"Miercoles",0,20:15:00,,"0.0",2,"Pickup/Utilitario,Moto/Ciclomotor","Soler Y General Manuel Belgrano",3,2,0,0,1,0,0,,"Calle",,"ESPERANZA","Las Colonias","Asfalto","No existe","XI","Dentro","Urbana","Ninguna","No existe","Intersección","Bueno","Buena","Nocturna,Con luz artificial","Buen Tiempo","Lateral","S/D","Colisión","Ninguna","Horizontal","Ninguna","Sin restricción"
2015,3520,19/06/2015,"Viernes",0,11:55:00,,"0.0",2,"Moto/Ciclomotor,Automóvil","Chacabuco Y Hipolito Irigoyen",3,1,0,0,2,0,0,,"Calle",,"ESPERANZA","Las Colonias","Asfalto","No existe","XI","Dentro","Urbana","Ninguna","No existe","Intersección","Bueno","Buena","Diurna","Buen Tiempo","Lateral","S/D","Colisión","Ninguna","Vertical","Ninguna","Sin restricción"
2015,3521,11/06/2015,"Jueves",0,,,"0.0",2,"Moto/Ciclomotor,Automóvil","General Manuel Belgrano Y Guemes",2,0,1,0,1,0,0,,"Calle",,"ESPERANZA","Las Colonias","Asfalto","No existe","XI","Dentro","Urbana","Ninguna","No existe","Intersección","Bueno","Buena","Diurna","Buen Tiempo","Frontal,Lateral","S/D","Colisión","S/D","Faltante","Ninguna","Sin restricción"
2015,3522,10/06/2015,"Miercoles",0,19:25:00,,"0.0",2,"Bicicleta,Moto/Ciclomotor","Mariano Moreno Y Laprida",3,1,0,0,2,0,0,,"Calle",,"ESPERANZA","Las Colonias","Asfalto","No existe","XI","Dentro","Urbana","Ninguna","No existe","Intersección","Bueno","Buena","Diurna","Buen Tiempo","S/D","S/D","Atropello","Ninguna","Vertical","Ninguna","Sin restricción"
2015,3523,02/06/2015,"Martes",0,20:00:00,,"0.0",2,"Moto/Ciclomotor,Bicicleta","Simon de Iriondo Y F Soutomayor",2,1,0,0,1,0,0,,"Calle",,"ESPERANZA","Las Colonias","Asfalto","No existe","XI","Dentro","Urbana","Ninguna","No existe","Intersección","Bueno","Buena","Nocturna","Buen Tiempo","S/D","S/D","Atropello","S/D","Faltante","Ninguna","Sin restricción"
2015,3524,29/05/2015,"Viernes",0,,,"0.0",2,"Moto/Ciclomotor,Automóvil"," ",3,2,0,0,1,0,0,,"Calle",,"ESPERANZA","Las Colonias","S/D","S/D","XI","Dentro","Urbana","S/D","S/D","Recta","Bueno","S/D","S/D","S/D","S/D","S/D","Colisión","S/D","S/D","S/D","S/D"
2015,3525,14/06/2015,"Domingo",0,05:35:00,"Ruta Provincial 70","0.0",2,"Camión,Moto/Ciclomotor","Ruta provincial 70 Y Nicolas Schneider",3,0,2,0,1,0,0,,"Ruta",70,"ESPERANZA","Las Colonias","Asfalto","Pavimento","XI","Dentro","Urbana","Semáforo","Funciona","Intersección","Bueno","Buena","Nocturna,Con luz artificial","Buen Tiempo","Lateral","S/D","Colisión","Ninguna","Horizontal,Vertical","Ninguna","Sin restricción"
2015,3526,14/06/2015,"Domingo",0,12:20:00,,"0.0",2,"Moto/Ciclomotor,Automóvil","CATAMARCA Y HERNANDEZ",4,2,0,0,2,0,0,,"Calle",,"SAN VICENTE.","Castellanos","Asfalto","No existe","V","Dentro","Urbana","Ninguna","No existe","Intersección","Bueno","Buena","Diurna","Buen Tiempo","Lateral","S/D","Colisión","Ninguna","Faltante","Ninguna","Sin restricción"
2015,3527,20/06/2015,"Sabado",0,12:50:00,,"0.0",2,"Moto/Ciclomotor,Automóvil","S A Rodriguez Y M Champagnat",3,2,0,0,1,0,0,,"Calle",,"RAFAELA","Castellanos","Asfalto","No existe","V","Dentro","Urbana","Ninguna","No existe","Intersección","Bueno","Buena","Diurna","Buen Tiempo","Lateral","S/D","Colisión","Ninguna","Horizontal","Ninguna","Sin restricción"
2015,3528,19/06/2015,"Viernes",0,,,"0.0",2,"Moto/Ciclomotor,Automóvil","LAVALLE Y ZAFFATTI",3,2,0,0,1,0,0,,"Calle",,"RAFAELA","Castellanos","Asfalto","No existe","V","Dentro","Urbana","S/D","No existe","Intersección","Bueno","Buena","S/D","Buen Tiempo","Lateral","S/D","Colisión","Ninguna","Horizontal","Ninguna","Sin restricción"
2015,3529,06/06/2015,"Sabado",0,13:00:00,"Ruta Provincial 6","0.0",2,"Moto/Ciclomotor,Pickup/Utilitario"," ",2,1,0,0,1,0,0,,"Ruta",6,"SAN CARLOS NORTE","Las Colonias","Asfalto","Ripio","XI","Dentro","Rural","Ninguna","No existe","Recta","Bueno","Buena","Diurna","Buen Tiempo","Lateral","S/D","Atropello","S/D","Faltante","Ninguna","Sin restricción"
2015,3530,11/03/2015,"Miercoles",0,,,"0.0",2,"Moto/Ciclomotor,Automóvil","Ayacucho Y G Mainardi",3,1,0,0,2,0,0,,"Calle",,"RAFAELA","Castellanos","Asfalto,Hormigón","No existe","V","Dentro","Urbana","Ninguna","No existe","Intersección","Bueno","Buena","S/D","Buen Tiempo","Lateral","S/D","Colisión","Ninguna","Horizontal","Ninguna","Sin restricción"
2015,3531,26/05/2015,"Martes",0,08:45:00,,"0.0",2,"Automóvil,Moto/Ciclomotor","Dr J Lopez Y Sarmiento",3,2,0,0,1,0,0,,"Calle",,"SAN CARLOS CENTRO","Las Colonias","Asfalto","No existe","XI","Dentro","Urbana","S/D","No existe","Intersección","Bueno","Buena","Diurna","Buen Tiempo","Lateral","S/D","Colisión","S/D","Faltante","Línea divisoria pintada","Sin restricción"
2015,3532,08/06/2015,"Lunes",0,12:50:00,,"0.0",2,"Moto/Ciclomotor,Automóvil","Laprida Y Bartolome Mitre",2,0,1,0,1,0,0,,"Calle",,"ESPERANZA","Las Colonias","Asfalto","No existe","XI","Dentro","Urbana","Ninguna","No existe","Intersección","Bueno","Buena","Diurna","Buen Tiempo","Frontal,Lateral","S/D","Colisión","S/D","Faltante","Ninguna","Sin restricción"
2015,3533,01/06/2015,"Lunes",0,04:50:00,,"0.0",2,"Automóvil,Otros","Gorriti 2900",2,1,0,0,1,0,0,,"Avenida",,"SANTA FE","La Capital","Asfalto","Pavimento","I","Dentro","Urbana","S/D","No existe","Recta","Bueno","Buena","Nocturna,Con luz artificial","Buen Tiempo","Otro","S/D","Colisión","S/D","Faltante","S/D","S/D"
2015,3534,06/06/2015,"Sabado",0,12:15:00,,"0.0",2,"Peatón,Moto/Ciclomotor","Gorriti 3700",2,1,0,0,1,0,0,"-31.587722222222,-60.704611111111","Avenida",,"SANTA FE","La Capital","Asfalto","Pavimento","I","Dentro","Urbana","S/D","No existe","Recta","Bueno","Buena","Diurna","Buen Tiempo","S/D","S/D","Atropello","S/D","Faltante","S/D","S/D"
2015,3535,02/06/2015,"Martes",0,08:30:00,,"0.0",2,"Pickup/Utilitario,Bicicleta","Gregorio Donnet Y Domingo Faustino Sarmiento",2,1,0,0,1,0,0,,"Calle",,"ESPERANZA","Las Colonias","Asfalto","No existe","XI","Dentro","Urbana","Ninguna","No existe","Intersección","Bueno","Buena","Diurna","Buen Tiempo","S/D","S/D","Atropello","Ninguna","Faltante","Ninguna","Sin restricción"
2015,3536,22/06/2015,"Lunes",0,18:15:00,,"0.0",2,"Automóvil,Bicicleta","Domingo Faustino Sarmiento Y Las Heras",2,1,0,0,1,0,0,,"Calle",,"ESPERANZA","Las Colonias","Asfalto","No existe","XI","Dentro","Urbana","Ninguna","No existe","Intersección","Bueno,Resbaladiza","Buena","Diurna","Lluvia","S/D","S/D","Atropello","Agua","Vertical","Ninguna","Sin restricción"
2015,3537,07/06/2015,"Domingo",0,18:45:00,,"0.0",2,"Moto/Ciclomotor,Camión","Gorriti 4100",2,1,0,0,1,0,0,,"Avenida",,"SANTA FE","La Capital","Asfalto","Pavimento","I","Dentro","Urbana","S/D","No existe","Recta","Bueno","Buena","Nocturna,Con luz artificial","Buen Tiempo","Lateral","S/D","Colisión","S/D","Faltante","S/D","S/D"
2015,3538,20/06/2015,"Sabado",0,23:30:00,,"0.0",2,"Automóvil,Moto/Ciclomotor","Simon de Iriondo Y French",2,1,0,0,1,0,0,,"Calle",,"ESPERANZA","Las Colonias","Asfalto","No existe","XI","Dentro","Urbana","Ninguna","No existe","Intersección","Bueno","Buena","Nocturna,Con luz artificial","Buen Tiempo","Lateral","S/D","Colisión","Ninguna","Vertical","Ninguna","Sin restricción"
2015,3539,26/05/2015,"Martes",0,,,"0.0",2,"Moto/Ciclomotor,Camión","Av Argentina Y America",2,1,0,0,1,0,0,,"Avenida",,"ESPERANZA","Las Colonias","Asfalto","No existe","XI","Dentro","Urbana","S/D","No existe","Intersección","Bueno","S/D","Diurna","S/D","De alcance","S/D","Colisión","S/D","S/D","Cordón divisorio","Sin restricción"
2015,3540,19/06/2015,"Viernes",0,16:15:00,,"0.0",2,"Automóvil,Moto/Ciclomotor","San Martin Y G Lehmann",2,1,0,0,1,0,0,,"Calle",,"ESPERANZA","Las Colonias","Asfalto","No existe","XI","Dentro","Urbana","Ninguna","No existe","Intersección","Bueno","Buena","Diurna","Buen Tiempo","De alcance","S/D","Colisión","Ninguna","Vertical","S/D","Sin restricción"
2015,3541,07/06/2015,"Domingo",0,19:20:00,,"0.0",2,"Automóvil,Moto/Ciclomotor","1ro de Mayo Y Azcuenaga",2,1,0,0,1,0,0,,"Calle",,"SANTA FE","La Capital","Asfalto,Ripio","Natural","I","Dentro","Urbana","S/D","S/D","Intersección","Con baches,Deteriorada","Reducida","Nocturna,Con luz artificial","Buen Tiempo","Lateral","S/D","Colisión","Material Suelto","S/D","S/D","S/D"
2015,3542,08/06/2015,"Lunes",0,11:30:00,,"0.0",2,"Automóvil,Moto/Ciclomotor","Av A del Valle Y Gorriti",2,1,0,0,1,0,0,,"Avenida",,"SANTA FE","La Capital","Asfalto","Pavimento","I","Dentro","Urbana","S/D","Funciona","Intersección","Bueno","Buena","Diurna","S/D","Lateral","S/D","Colisión","S/D","Vertical","S/D","S/D"
2015,3543,31/05/2015,"Domingo",0,18:30:00,"Ruta Provincial 4","0.0",1,"Moto/Ciclomotor","Bv San Martin ",1,0,1,0,0,0,0,,"Ruta",4,"SAN CRISTÓBAL","San Cristóbal","Asfalto","Natural","XIII","Dentro","Urbana","Ninguna","No existe","Intersección","Bueno","S/D","Diurna","Buen Tiempo","S/D","S/D","Caída ocupante","Ninguna","Faltante","Ninguna","Sin restricción"
2015,3544,16/06/2015,"Martes",0,19:00:00,,"0.0",2,"Moto/Ciclomotor,Automóvil","A Alvarez Y Tucuman",2,0,1,0,1,0,0,,"Calle",,"RAFAELA","Castellanos","Asfalto","S/D","V","Dentro","Urbana","S/D","No existe","Intersección","Bueno","Buena","Atardecer","Buen Tiempo","Lateral","S/D","Colisión","Ninguna","S/D","S/D","S/D"
2015,3546,15/06/2015,"Lunes",0,11:20:00,"Ruta Nacional 34","0.0",3,"Automóvil,Automóvil,Automóvil","Ruta Nac 34 Gral Guemes Y Carlos Pellegrini",3,1,0,0,2,0,0,,"Ruta",34,"RAFAELA","Castellanos","Asfalto","Pavimento","V","Dentro","Urbana","Ninguna","No existe","Intersección","Bueno","Buena","Diurna","Buen Tiempo","Múltiple","S/D","Colisión","Ninguna","S/D","S/D","Sin restricción"
2015,3547,27/05/2015,"Miercoles",0,08:00:00,,"0.0",2,"Moto/Ciclomotor,Automóvil","Las Heras Y Salta",2,1,0,0,1,0,0,,"Calle",,"RAFAELA","Castellanos","Asfalto","No existe","V","Dentro","Urbana","Ninguna","No existe","Intersección","Bueno","Buena","Diurna","Buen Tiempo","Lateral","S/D","Colisión","Ninguna","Faltante","Ninguna","Sin restricción"
2015,3548,15/06/2015,"Lunes",0,17:40:00,,"0.0",2,"Automóvil,Moto/Ciclomotor","Av Luis Fanti Y Corrientes",2,1,0,0,1,0,0,,"Calle",,"RAFAELA","Castellanos","Hormigón","No existe","V","Dentro","Urbana","Ninguna","No existe","Intersección","Bueno","Buena","Diurna","Buen Tiempo","Lateral","S/D","Colisión","Ninguna","S/D","Cordón divisorio","Sin restricción"
2015,3549,21/06/2015,"Domingo",0,19:00:00,,"0.0",2,"Moto/Ciclomotor,Moto/Ciclomotor","Francia Y Luis Santi",2,1,0,0,1,0,0,,"Calle",,"RAFAELA","Castellanos","Asfalto","No existe","V","Dentro","Urbana","Ninguna","No existe","Intersección","Bueno","Buena","Atardecer","Buen Tiempo","Lateral","S/D","Colisión","Ninguna","Faltante","Ninguna","Sin restricción"
2015,3550,08/06/2015,"Lunes",0,11:30:00,"Ruta Nacional 11","434.8",2,"Camión,Pickup/Utilitario"," ",2,1,0,0,1,0,0,,"Ruta",11,"DESVÍO ARIJÓN","San Jerónimo","Asfalto","Ripio","XV","Dentro","Urbana","Ninguna","No existe","Recta","Bueno","Buena","Diurna","Buen Tiempo","Frontal","S/D","Colisión","Ninguna","Faltante","S/D","Sin restricción"
2015,3551,09/06/2015,"Martes",0,14:30:00,,"0.0",2,"Moto/Ciclomotor,Automóvil","Sarmiento Y Juan XXIII",2,1,0,0,1,0,0,,"Calle",,"BERNARDO DE IRIGOYEN","San Jerónimo","Asfalto","S/D","XV","Dentro","Urbana","Ninguna","No existe","Intersección","Bueno","Buena","Diurna","Buen Tiempo","Lateral","S/D","Colisión","Ninguna","Faltante","Ninguna","Sin restricción"
2015,3552,14/05/2015,"Jueves",0,07:45:00,,"0.0",1,"Moto/Ciclomotor","Victor Manuel Y Av Gral Bartolome Mitre",1,1,0,0,0,0,0,,"Calle",,"RAFAELA","Castellanos","Asfalto","No existe","V","Dentro","Urbana","Ninguna","Intermitente","Recta","Bueno","Buena","Diurna","Buen Tiempo","Atropello animal","S/D","Colisión","Ninguna","Faltante","Ninguna","Sin restricción"
2015,3553,23/06/2015,"Martes",0,12:00:00,,"0.0",2,"Automóvil,Peatón","Bv G L Lhemann Y San Martin",2,1,0,0,1,0,0,,"Avenida",,"RAFAELA","Castellanos","Asfalto","No existe","V","Dentro","Urbana","Ninguna","No existe","Intersección","Bueno","Buena","Diurna","Buen Tiempo","S/D","S/D","Atropello","Ninguna","Faltante","Ninguna","Sin restricción"
2015,3554,03/06/2015,"Miercoles",0,13:40:00,,"0.0",2,"Automóvil,Moto/Ciclomotor","General Manuel Belgrano Y Botto",2,1,0,0,1,0,0,,"Calle",,"LEHMANN","Castellanos","Asfalto","No existe","V","Dentro","Urbana","S/D","No existe","Intersección","Bueno","Buena","Diurna","Buen Tiempo","Lateral","S/D","Colisión","S/D","S/D","S/D","S/D"
2015,3555,04/05/2015,"Lunes",0,10:50:00,,"0.0",2,"Pickup/Utilitario,Moto/Ciclomotor","Calle 25-Rivadavia Y Calle 20-9 de Julio",2,1,0,0,1,0,0,,"Calle",,"RECONQUISTA","General Obligado","Asfalto","No existe","IX","Dentro","Urbana","Ninguna","No existe","Intersección","Bueno","Buena","Diurna","Buen Tiempo","Frontal","S/D","Colisión","Ninguna","Vertical","Cordón divisorio","Sin restricción"
2015,3556,05/06/2015,"Viernes",0,22:30:00,,"0.0",2,"Moto/Ciclomotor,Bicicleta","9 de julio 505",2,2,0,0,0,0,0,,"Calle",,"LEHMANN","Castellanos","Ripio","No existe","V","Dentro","Urbana","S/D","No existe","Recta","Bueno","Buena","Nocturna","Buen Tiempo","S/D","S/D","Atropello","S/D","Faltante","S/D","S/D"
2015,3557,23/06/2015,"Martes",0,15:30:00,,"0.0",2,"Moto/Ciclomotor,Moto/Ciclomotor","Tucuman 136",2,1,0,0,1,0,0,,"Calle",,"RAFAELA","Castellanos","Asfalto","No existe","V","Dentro","Urbana","Ninguna","No existe","Recta","Bueno","Buena","Diurna","Buen Tiempo","Lateral","S/D","Colisión","Ninguna","Faltante","Ninguna","Sin restricción"
2015,3558,10/06/2015,"Miercoles",0,06:00:00,"Ruta Nacional 34","231.0",2,"Camión,Pickup/Utilitario"," ",3,1,0,0,2,0,0,,"Ruta",34,"LEHMANN","Castellanos","Asfalto","Natural","V","Dentro","Rural","S/D","No existe","Recta","Bueno","Buena","Diurna","Buen Tiempo","De alcance","S/D","Colisión","S/D","Faltante","S/D","Sin restricción"
2015,3559,31/05/2015,"Domingo",0,19:50:00,,"0.0",2,"Moto/Ciclomotor,Automóvil","Leopoldo Lugones Y Ricardo Rojas",2,1,0,0,1,0,0,,"Calle",,"RAFAELA","Castellanos","Asfalto","No existe","V","Dentro","Urbana","Ninguna","No existe","Intersección","Bueno","Buena","Atardecer","Buen Tiempo","Lateral","S/D","Colisión","S/D","Faltante","Ninguna","S/D"
2015,3560,20/05/2015,"Miercoles",0,11:25:00,,"0.0",2,"Moto/Ciclomotor,Bicicleta","Rivadavia Y 25 de Mayo",2,2,0,0,0,0,0,,"Calle",,"SAN CARLOS CENTRO","Las Colonias","Asfalto","No existe","XI","Dentro","Urbana","Ninguna","No existe","Intersección","Bueno","Buena","Diurna","Buen Tiempo","S/D","S/D","Atropello","S/D","Faltante","Línea divisoria pintada","Sin restricción"