"anio_acci","nro_acci","fecha","desc_dia","fecha_aprox","hora_aprox","desc_ruta","km","cant_participantes","desc_participante","calle_avenida_km","total","heridos_leves","heridos_graves","heridos_gravisimos","ilesos","fallecidos","sin_datos","posicion_XY","desc_tipo_via","desc_ruta_ori","desc_loc","desc_dpto","desc_tipo_calzada","desc_tipo_banquina","desc_unidad_regional","desc_lugar_calzada","desc_zona","desc_prioridad","desc_estado_semaforo","desc_lugar_via","desc_estado_via","desc_estado_visibilidad","desc_luminosidad","desc_estado_clima","desc_tipo_colision","desc_tipo_atropello","desc_tipo_hecho","desc_pres_calzada","desc_senializacion","desc_separacion_via","desc_restriccion"
2015,3561,19/06/2015,"Viernes",0,18:20:00,,"0.0",2,"Moto/Ciclomotor,Automóvil","Gobernador Crespo Y N Providenti",2,1,0,0,1,0,0,,"Calle",,"RAFAELA","Castellanos","Asfalto","No existe","V","Dentro","Urbana","Ninguna","No existe","Intersección","Bueno","Buena","Atardecer","Buen Tiempo","Lateral","S/D","Colisión","Ninguna","Faltante","Ninguna","Sin restricción"
2015,3562,14/06/2015,"Domingo",0,17:00:00,,"0.0",2,"Moto/Ciclomotor,Automóvil","Bv Santa Fe Y Urquiza",2,0,1,0,1,0,0,,"Avenida",,"RAFAELA","Castellanos","Asfalto","No existe","V","Dentro","Urbana","Semáforo","Funciona","Intersección","Con baches","Buena","Diurna","Buen Tiempo","Lateral","S/D","Colisión","Ninguna","Vertical","Ninguna","Sin restricción"
2015,3563,12/05/2015,"Martes",0,19:00:00,,"0.0",1,"Moto/Ciclomotor","13 de Mayo Y Juan de Garay",1,1,0,0,0,0,0,,"Calle",,"SAN CARLOS CENTRO","Las Colonias","Ripio","Natural","XI","Dentro","Urbana","Ninguna","No existe","Intersección","Bueno","Buena","Diurna","Buen Tiempo","Lateral","S/D","Colisión","S/D","Faltante","Ninguna","Sin restricción"
2015,3564,06/06/2015,"Sabado",0,06:30:00,"Ruta Secundaria 280-s","0.0",1,"Automóvil"," ",2,2,0,0,0,0,0,,"Ruta","280-s","EUSEBIA","Castellanos","Ripio","No existe","V","Dentro","Rural","Ninguna","No existe","Recta","Bueno","Buena","Amanecer","Buen Tiempo","Otro","S/D","Vuelco","Ninguna","Faltante","Ninguna","Sin restricción"
2015,3565,02/05/2015,"Sabado",0,02:20:00,"Ruta Secundaria 280-s","20.0",1,"Moto/Ciclomotor"," ",1,1,0,0,0,0,0,,"Ruta","280-s","COLONIA ALDAO","Castellanos","Asfalto","Ripio","V","Dentro","Urbana","Ninguna","No existe","Curva","Con baches","Buena","Nocturna","Buen Tiempo","S/D","S/D","Caída ocupante","Otro","Faltante","Línea divisoria pintada","S/D"
2015,3566,22/06/2015,"Lunes",0,17:00:00,,"0.0",2,"Bicicleta,Moto/Ciclomotor","Benavidez Y Bv San Martin",2,1,0,0,1,0,0,,"Calle",,"BARRANCAS","San Jerónimo","Asfalto","No existe","XV","S/D","Urbana","Ninguna","No existe","Intersección","Bueno","Buena","Diurna","Buen Tiempo","S/D","S/D","Atropello","Ninguna","S/D","Ninguna","S/D"
2015,3567,28/06/2015,"Domingo",0,12:20:00,,"0.0",2,"Moto/Ciclomotor,Moto/Ciclomotor","Saavedra Y J M Lheritier",3,3,0,0,0,0,0,,"Calle",,"SAN CARLOS CENTRO","Las Colonias","Asfalto","No existe","XI","Dentro","Urbana","S/D","No existe","Intersección","Bueno","Buena","Diurna","Buen Tiempo","Lateral","S/D","Colisión","S/D","Faltante","Ninguna","Sin restricción"
2015,3568,25/05/2015,"Lunes",0,06:15:00,,"0.0",2,"Automóvil,Moto/Ciclomotor","Paraguay Y Belgrano",2,0,0,1,1,0,0,,"Calle",,"RAFAELA","Castellanos","Hormigón","No existe","V","S/D","Urbana","Ninguna","No existe","Intersección","Bueno","Buena","Amanecer","Buen Tiempo","Frontal","S/D","Colisión","Ninguna","Horizontal","Cordón divisorio","Sin restricción"
2015,3569,17/05/2015,"Domingo",0,06:00:00,,"0.0",1,"Moto/Ciclomotor","9 de Julio 525",1,1,0,0,0,0,0,,"Calle",,"RAFAELA","Castellanos","Asfalto","No existe","V","Dentro","Urbana","Ninguna","No existe","Recta","Bueno","Buena","Amanecer","Buen Tiempo","S/D","S/D","Caída ocupante","Ninguna","Faltante","Ninguna","Sin restricción"
2015,3570,03/06/2015,"Miercoles",0,19:45:00,,"0.0",2,"Bicicleta,Automóvil","Sarmiento Y 9 de Julio",2,1,0,0,1,0,0,,"Calle",,"SAN CARLOS CENTRO","Las Colonias","Asfalto","Pavimento","XI","Dentro","Urbana","Ninguna","No existe","Intersección","Bueno","Buena","Con luz artificial","Lluvia","S/D","S/D","Atropello","Agua","Horizontal,Vertical","Ninguna","Sin restricción"
2015,3571,20/05/2015,"Miercoles",0,19:00:00,,"0.0",2,"Moto/Ciclomotor,Automóvil","Av Gral Bartolome Mitre Y General Paz",3,0,1,0,0,0,2,,"Avenida",,"RAFAELA","Castellanos","S/D","S/D","V","S/D","Urbana","S/D","No existe","Intersección","S/D","S/D","Nocturna","Buen Tiempo","Lateral","S/D","Colisión","S/D","S/D","Barrera de hormigón","Sin restricción"
2015,3572,23/05/2015,"Sabado",0,07:15:00,,"0.0",2,"Automóvil,Automóvil","Almirante Brown 546",2,1,0,0,1,0,0,,"Calle",,"RAFAELA","Castellanos","Asfalto","No existe","V","Dentro","Urbana","Ninguna","No existe","Recta","Bueno","Buena","Amanecer","Buen Tiempo","De alcance","S/D","Colisión","Ninguna","Faltante","Ninguna","Sin restricción"
2015,3573,25/05/2015,"Lunes",0,08:30:00,,"0.0",2,"Moto/Ciclomotor,Automóvil","Calle 62 Y Calle 3",2,1,0,0,1,0,0,,"Calle",,"FRONTERA","Castellanos","Asfalto","S/D","V","S/D","Urbana","S/D","S/D","Intersección","Bueno","Buena","Diurna","Buen Tiempo","Lateral","S/D","Colisión","S/D","S/D","S/D","S/D"
2015,3574,20/06/2015,"Sabado",0,12:10:00,,"0.0",2,"Moto/Ciclomotor,Automóvil","Mariano Moreno 900",3,1,0,0,2,0,0,,"Calle",,"ESPERANZA","Las Colonias","Asfalto","Pavimento","XI","Dentro","Urbana","Ninguna","No existe","Recta","Bueno","Buena","Diurna","Buen Tiempo","Lateral","S/D","Colisión","Ninguna","Vertical","Línea divisoria pintada","Sin restricción"
2015,3575,02/06/2015,"Martes",0,08:00:00,,"0.0",2,"Moto/Ciclomotor,Moto/Ciclomotor","Luis Maggi Y J Operto",3,1,1,0,1,0,0,,"Calle",,"RAFAELA","Castellanos","Asfalto","No existe","V","S/D","Urbana","Ninguna","No existe","Intersección","Bueno","Buena","Diurna","Buen Tiempo","Lateral","S/D","Colisión","Ninguna","S/D","Ninguna","Sin restricción"
2015,3576,15/06/2015,"Lunes",0,08:00:00,,"0.0",2,"Moto/Ciclomotor,Pickup/Utilitario","Av Aristobulo del Valle Y Salta",2,1,0,0,1,0,0,,"Avenida",,"RAFAELA","Castellanos","Asfalto","No existe","V","Dentro","Urbana","Ninguna","No existe","Intersección","Bueno","Buena","Diurna","Buen Tiempo","Lateral","S/D","Colisión","Ninguna","Faltante","Ninguna","Sin restricción"
2015,3577,08/06/2015,"Lunes",0,21:15:00,,"0.0",2,"Moto/Ciclomotor,Automóvil","Francia Y Nicolas Avellaneda",2,1,0,0,1,0,0,,"Calle",,"RAFAELA","Castellanos","Hormigón","No existe","V","S/D","Urbana","Ninguna","No existe","Intersección","Bueno","Buena","Nocturna","Buen Tiempo","Frontal,Lateral","S/D","Colisión","Ninguna","S/D","Ninguna","Sin restricción"
2015,3578,20/06/2015,"Sabado",0,14:30:00,,"0.0",2,"Automóvil,Bicicleta","San Martin Y Santa Cruz",2,1,0,0,1,0,0,,"Calle",,"MARIA JUANA","Castellanos","S/D","S/D","V","S/D","Urbana","S/D","No existe","Recta","Bueno","Buena","Diurna","S/D","S/D","S/D","Atropello","S/D","S/D","S/D","S/D"
2015,3579,03/06/2015,"Miercoles",0,07:20:00,,"0.0",2,"Moto/Ciclomotor,Moto/Ciclomotor","Uruguay Y Ciudad de Esperanza",2,0,1,0,0,0,1,,"Calle",,"RAFAELA","Castellanos","Asfalto","No existe","V","S/D","Urbana","Ninguna","No existe","Intersección","Bueno","Buena","Nocturna","Buen Tiempo","Frontal","S/D","Colisión","Ninguna","Faltante","Ninguna","Sin restricción"
2015,3580,28/05/2015,"Jueves",0,06:30:00,,"0.0",2,"Automóvil,Automóvil","San Martin Y Comodoro Rivadavia",2,1,0,0,0,0,1,,"Calle",,"VILLA CONSTITUCIÓN","Constitución","Asfalto","S/D","VI","S/D","S/D","Semáforo","S/D","Intersección","Resbaladiza","Reducida","Diurna","Niebla","De alcance","S/D","Colisión","S/D","S/D","S/D","S/D"
2015,3581,06/06/2015,"Sabado",0,11:30:00,,"0.0",2,"Moto/Ciclomotor,Automóvil","Bv Santa Fe Y General Paz",2,1,0,0,1,0,0,,"Calle",,"RAFAELA","Castellanos","Asfalto","No existe","V","S/D","Urbana","Ninguna","No existe","Intersección","Bueno","Buena","Diurna","Buen Tiempo","Frontal","S/D","Colisión","Ninguna","Faltante","Ninguna","Sin restricción"
2015,3582,17/05/2015,"Domingo",0,19:30:00,,"0.0",2,"Moto/Ciclomotor,Moto/Ciclomotor","Avenida Sastre ",3,1,0,0,2,0,0,,"Avenida",,"FRONTERA","Castellanos","Asfalto","No existe","V","Dentro","Urbana","Semáforo","Funciona","Intersección","Bueno","Buena","Atardecer,Con luz artificial","Buen Tiempo","Lateral","S/D","Colisión","S/D","Vertical","Ninguna","Sin restricción"
2015,3583,28/03/2015,"Sabado",0,08:30:00,"Ruta Provincial 70","0.0",2,"Moto/Ciclomotor,Cuatriciclo"," ",2,0,2,0,0,0,0,,"Ruta",70,"COLONIA PUJOL","Las Colonias","Asfalto","Ripio","XI","Dentro","Rural","Ninguna","No existe","Recta","Bueno","Buena","Diurna","Buen Tiempo","De alcance","S/D","Colisión","Ninguna","Faltante","Línea divisoria pintada","Sin restricción"
2015,3584,12/06/2015,"Viernes",0,13:30:00,,"0.0",1,"Moto/Ciclomotor","Cullen Y Mariano Moreno",1,0,1,0,0,0,0,,"Calle",,"ESPERANZA","Las Colonias","Asfalto","No existe","XI","S/D","Urbana","Ninguna","No existe","Intersección","Bueno","Buena","Diurna","Buen Tiempo","S/D","S/D","Caída ocupante","Ninguna","Horizontal,Vertical","Ninguna","Sin restricción"
2015,3585,07/03/2015,"Sabado",0,20:15:00,,"0.0",2,"Bicicleta,Moto/Ciclomotor","America 3300",2,1,0,0,1,0,0,,"Calle",,"ESPERANZA","Las Colonias","Ripio","No existe","XI","Dentro","Urbana","Otra Señal","No existe","Recta","Bueno","Reducida","Nocturna","Buen Tiempo","S/D","S/D","Atropello","Ninguna","Vertical","Ninguna","Sin restricción"
2015,3586,30/06/2015,"Martes",0,08:40:00,,"0.0",2,"Pickup/Utilitario,Moto/Ciclomotor","Saavedra 2000",2,1,0,0,1,0,0,,"Calle",,"ESPERANZA","Las Colonias","Asfalto","No existe","XI","Dentro","Urbana","Ninguna","No existe","Intersección","Bueno","Buena","Diurna","Buen Tiempo","Frontal","S/D","Colisión","Ninguna","Horizontal,Vertical","Ninguna","Sin restricción"
2015,3587,03/06/2015,"Miercoles",0,11:00:00,,"0.0",2,"Automóvil,Bicicleta","Aaron Castellanos Y R G Videla",2,1,0,0,1,0,0,,"Calle",,"ESPERANZA","Las Colonias","Asfalto","No existe","XI","Dentro","Urbana","Ninguna","No existe","Intersección","Bueno","Buena","Diurna","Buen Tiempo","S/D","S/D","Atropello","Agua","Horizontal","Cordón divisorio","Sin restricción"
2015,3588,15/06/2015,"Lunes",0,11:00:00,,"0.0",2,"Pickup/Utilitario,Moto/Ciclomotor","Av Los Colonizadores Y Almirante Brown",2,0,1,0,1,0,0,,"Calle",,"ESPERANZA","Las Colonias","Asfalto","No existe","XI","Dentro","Urbana","Ninguna","No existe","Intersección","Bueno","Buena","Diurna","Buen Tiempo","S/D","S/D","Colisión","Ninguna","Horizontal","Cordón divisorio","Sin restricción"
2015,3589,06/05/2015,"Miercoles",0,19:30:00,,"0.0",2,"Bicicleta,Moto/Ciclomotor","B I Iturraspe Y Comisario Valentin Kaiser",2,1,0,0,1,0,0,,"Calle",,"RAFAELA","Castellanos","Hormigón","No existe","V","S/D","Urbana","Ninguna","No existe","Intersección","Bueno","Buena","Atardecer","Buen Tiempo","Lateral","S/D","Colisión","Ninguna","Faltante","Cordón divisorio","Sin restricción"
2015,3590,09/05/2015,"Sabado",0,22:00:00,"Ruta Provincial 70","8.0",1,"Automóvil"," ",3,2,1,0,0,0,0,,"Ruta",70,"COLONIA PUJOL","Las Colonias","Asfalto","Ripio","XI","S/D","Rural","Paso Peatonal","No existe","Recta","Bueno","Reducida","Nocturna","S/D","S/D","S/D","Despiste","Agua","S/D","Línea divisoria pintada","Sin restricción"
2015,3591,22/05/2015,"Viernes",0,23:45:00,,"0.0",2,"Moto/Ciclomotor,Automóvil","Arenales Y Mariano Moreno",2,1,0,0,1,0,0,,"S/D",,"RAFAELA","Castellanos","Hormigón","No existe","II","Dentro","Urbana","Ninguna","No existe","Intersección","Bueno","Buena","Nocturna","Buen Tiempo","Frontal","S/D","Colisión","Ninguna","Faltante","Cordón divisorio","Sin restricción"
2015,3592,14/06/2015,"Domingo",0,22:40:00,,"0.0",1,"Pickup/Utilitario"," ",1,0,1,0,0,0,0,,"Camino Rural",,"SANTO DOMINGO","Las Colonias","Ripio","No existe","XI","Fuera","Rural","Ninguna","No existe","Recta","Bueno","Buena","Nocturna","Buen Tiempo","S/D","S/D","Despiste","Material Suelto","S/D","Ninguna","Sin restricción"
2015,3593,13/06/2015,"Sabado",0,02:00:00,,"0.0",2,"Automóvil,Moto/Ciclomotor","Pueyrredon Y 1 de Mayo",3,1,0,0,2,0,0,,"Calle",,"ESPERANZA","Las Colonias","Asfalto","No existe","XI","Dentro","Urbana","Ninguna","No existe","Intersección","Bueno","Buena","Nocturna","Buen Tiempo","S/D","S/D","Colisión","Ninguna","Horizontal","Cordón divisorio","Sin restricción"
2015,3594,07/06/2015,"Domingo",0,15:00:00,,"0.0",2,"Moto/Ciclomotor,Pickup/Utilitario","Av Doctor E Salva Y J Operto",2,1,0,0,1,0,0,,"Avenida",,"RAFAELA","Castellanos","Asfalto","No existe","V","S/D","S/D","Semáforo","Funciona","Intersección","Bueno","Buena","Diurna","Buen Tiempo","Lateral","S/D","Colisión","S/D","S/D","Ninguna","Sin restricción"
2015,3595,19/06/2015,"Viernes",0,07:20:00,"Ruta Provincial 10","0.0",2,"Automóvil,Automóvil"," ",2,2,0,0,0,0,0,,"Ruta",10,"NUEVO TORINO","Las Colonias","Asfalto","Natural","XI","Dentro","Urbana","Ninguna","No existe","Recta","Con baches","Reducida","Amanecer","Escarcha","Frontal","S/D","Colisión","Ninguna","Faltante","Ninguna","Sin restricción"
2015,3596,05/05/2015,"Martes",0,16:50:00,,"0.0",2,"Moto/Ciclomotor,Automóvil"," ",3,2,0,0,1,0,0,,"Calle",,"RECONQUISTA","General Obligado","Asfalto","S/D","IX","S/D","Urbana","Ninguna","No existe","Intersección","Bueno","Buena","Atardecer","Buen Tiempo","Frontal","S/D","Colisión","Ninguna","Faltante","Cordón divisorio","Sin restricción"
2015,3597,03/06/2015,"Miercoles",0,15:45:00,"Ruta Provincial 6","0.0",2,"Pickup/Utilitario,Moto/Ciclomotor"," ",2,0,1,0,1,0,0,,"Ruta",6,"ESPERANZA","Las Colonias","Asfalto","No existe","XI","Dentro","Urbana","Ninguna","No existe","Intersección","Bueno","Buena","Diurna","Buen Tiempo","S/D","S/D","Colisión","Ninguna","Horizontal","Ninguna","Sin restricción"
2015,3598,05/02/2015,"Jueves",0,14:22:00,"Autopista Provincial Brigadier E.López","30.0",2,"Moto/Ciclomotor,Camión","AP01 km 30 desc ",3,0,1,0,1,1,0,"-32.638236, -60.827580","Autopista","Brigadier E.López","ANDINO","Iriondo","Asfalto","Pavimento","X","Dentro","Urbana","Marca Vial","No existe","Recta","Bueno","Buena","Diurna","Buen Tiempo","S/D","S/D","Colisión","S/D","Horizontal,Vertical","Vegetación","Sin restricción"
2015,3599,01/04/2015,"Miercoles",0,20:40:00,,"0.0",2,"Moto/Ciclomotor,Otros","Juan Bautista Alberdi ",2,1,0,0,0,0,1,,"Calle",,"RAFAELA","Castellanos","Hormigón","No existe","V","S/D","Urbana","Ninguna","No existe","Intersección","Bueno","Buena","Atardecer","Buen Tiempo","De alcance","S/D","Colisión","Ninguna","Faltante","Cordón divisorio","Sin restricción"
2015,3600,26/05/2015,"Martes",0,11:35:00,,"0.0",2,"Bicicleta,Automóvil","San Martin Y T Lubary",2,1,0,0,1,0,0,,"Calle",,"SAN CARLOS CENTRO","Las Colonias","Asfalto","No existe","XI","Dentro","Urbana","S/D","No existe","Intersección","Bueno","Buena","Diurna","Buen Tiempo","S/D","S/D","Atropello","S/D","Faltante","Línea divisoria pintada","Sin restricción"
2015,3601,30/05/2015,"Sabado",0,13:25:00,,"0.0",2,"Moto/Ciclomotor,Pickup/Utilitario","J M Estrada Y Constitucion",2,1,0,0,1,0,0,,"Calle",,"RAFAELA","Castellanos","Hormigón","No existe","V","S/D","Urbana","S/D","S/D","Intersección","Bueno","Buena","Diurna","Buen Tiempo","Lateral","S/D","Colisión","Ninguna","S/D","Ninguna","Sin restricción"
2015,3602,22/02/2015,"Domingo",0,05:00:00,,"0.0",2,"Moto/Ciclomotor,Taxi/Remis","Ayacucho Y Marco Polo",3,0,1,0,1,1,0,"-33.010529, -60.635722","Calle",,"ROSARIO","Rosario","Asfalto","No existe","II","Dentro","Urbana","S/D","S/D","Intersección","Bueno","Reducida","Nocturna,Con luz artificial","Buen Tiempo","S/D","S/D","Colisión","S/D","Horizontal,Vertical","S/D","Sin restricción"
2015,3604,22/02/2015,"Domingo",0,13:30:00,"Ruta Nacional 11","907.0",1,"Automóvil","RN11 km 907 carril desc ",3,0,2,0,0,1,0,"-28.207979, -59.264826","Ruta",11,"LAS TOSCAS","General Obligado","Asfalto","Natural","IX","Fuera","Rural","S/D","No existe","Recta","Bueno","Buena","Diurna","Buen Tiempo","S/D","S/D","Vuelco,Despiste","S/D","Horizontal,Vertical","Línea divisoria pintada","Sin restricción"
2015,3605,09/06/2015,"Martes",0,12:15:00,,"0.0",2,"Moto/Ciclomotor,Moto/Ciclomotor","Rivadavia 1600",1,0,1,0,0,0,0,,"S/D",,"ESPERANZA","Las Colonias","S/D","S/D","XI","S/D","Urbana","S/D","S/D","S/D","S/D","S/D","S/D","S/D","Contra objeto fijo","S/D","Colisión","S/D","S/D","S/D","S/D"
2015,3606,17/01/2015,"Sabado",0,21:30:00,"Ruta Provincial 70","14.0",2,"Moto/Ciclomotor,Pickup/Utilitario"," ",3,0,1,0,2,0,0,,"Ruta",70,"ESPERANZA","Las Colonias","Asfalto","Ripio","XI","Dentro","Urbana","Ninguna","S/D","Intersección","Bueno","Reducida","Nocturna","Buen Tiempo","Lateral","S/D","Colisión","Ninguna","Horizontal","Línea divisoria pintada","Sin restricción"
2015,3607,06/06/2015,"Sabado",0,13:00:00,"Ruta Nacional 34","0.0",2,"Moto/Ciclomotor,Automóvil","Bv Pte Roca ",2,1,0,0,0,0,1,,"Ruta",34,"RAFAELA","Castellanos","Asfalto","Pavimento","V","Dentro","Urbana","Semáforo","Funciona","Intersección","Bueno","Buena","Diurna","Buen Tiempo","Lateral","S/D","Colisión","S/D","Horizontal,Vertical","Cordón divisorio","Sin restricción"
2015,3608,06/06/2015,"Sabado",0,01:30:00,,"0.0",2,"Moto/Ciclomotor,Automóvil","Bv Santa Fe Y Pueyrredon",2,1,0,0,0,0,1,,"Avenida",,"RAFAELA","Castellanos","Asfalto","No existe","V","S/D","Urbana","Ninguna","No existe","Intersección","Bueno","Buena","Con luz artificial","Buen Tiempo","Lateral","S/D","Colisión","Ninguna","Faltante","Cordón divisorio","Sin restricción"
2015,3609,07/06/2015,"Domingo",0,19:10:00,,"0.0",2,"Moto/Ciclomotor,Otros","Avda. 9 de Julio Y San Luis",2,1,0,0,1,0,0,,"Avenida",,"DESVÍO ARIJÓN","San Jerónimo","Ripio","No existe","XV","Dentro","Urbana","S/D","No existe","Intersección","Bueno","Buena","Nocturna,Con luz artificial","Buen Tiempo","Lateral","S/D","Colisión","S/D","S/D","Ninguna","S/D"
2015,3610,14/04/2015,"Martes",0,20:00:00,,"0.0",2,"Automóvil,Moto/Ciclomotor","B I Iturraspe ",2,0,1,0,1,0,0,,"Calle",,"RAFAELA","Castellanos","Hormigón","No existe","V","Dentro","Urbana","Ninguna","No existe","Recta","Bueno","Buena","Nocturna","Buen Tiempo","Lateral","S/D","Colisión","Ninguna","Faltante","Ninguna","Sin restricción"
2015,3611,07/06/2015,"Domingo",0,21:00:00,,"0.0",2,"Moto/Ciclomotor,Automóvil","A Aguado Y Constitucion",4,1,1,0,2,0,0,,"Calle",,"RAFAELA","Castellanos","Hormigón","No existe","V","S/D","Urbana","Ninguna","No existe","Intersección","Bueno","Buena","Nocturna","Buen Tiempo","Lateral","S/D","Colisión","Ninguna","Faltante","Ninguna","Sin restricción"
2015,3612,06/05/2015,"Miercoles",0,14:00:00,"Ruta Nacional 34","0.0",2,"Camión,Moto/Ciclomotor","Bv Pte Roca ",3,0,1,0,2,0,0,,"Ruta",34,"RAFAELA","Castellanos","Hormigón","No existe","V","Dentro","Urbana","Semáforo","Funciona","Intersección","Bueno","Buena","Diurna","Buen Tiempo","De alcance","S/D","Colisión","Ninguna","Horizontal,Vertical","Cordón divisorio,Línea divisoria pintada","Sin restricción"
2015,3613,21/03/2015,"Sabado",0,08:15:00,,"0.0",2,"Moto/Ciclomotor,Automóvil","Av Italia Y Luis Santi",3,1,0,0,0,0,2,,"Avenida",,"RAFAELA","Castellanos","S/D","S/D","V","S/D","Urbana","Ninguna","No existe","Intersección","S/D","Buena","Diurna","Buen Tiempo","Lateral","S/D","Colisión","S/D","S/D","Guardarrail","Sin restricción"
2015,3614,24/06/2015,"Miercoles",0,19:15:00,,"0.0",2,"Moto/Ciclomotor,Automóvil","jose Ingenieros Y Avenida 9 de Julio",3,1,0,0,2,0,0,,"Avenida",,"ANGÉLICA","Castellanos","Ripio","S/D","V","Dentro","Urbana","Ninguna","No existe","Intersección","Bueno","Reducida","Con luz artificial","Buen Tiempo","Lateral","S/D","Colisión","S/D","S/D","Ninguna","Sin restricción"
2015,3615,11/06/2015,"Jueves",0,19:15:00,,"0.0",2,"Bicicleta,Automóvil","Av Brasil Y Ciudad de Esperanza",2,1,0,0,1,0,0,,"Calle",,"RAFAELA","Castellanos","Asfalto","No existe","V","S/D","Urbana","Ninguna","S/D","Intersección","Bueno","Buena","Nocturna","Buen Tiempo","S/D","S/D","Atropello","Ninguna","Faltante","Ninguna","Sin restricción"
2015,3616,15/05/2015,"Viernes",0,10:10:00,,"0.0",2,"Moto/Ciclomotor,Automóvil","Primera Junta Y Urquiza",2,1,0,0,1,0,0,,"Calle",,"RAFAELA","Castellanos","Hormigón","S/D","V","S/D","Urbana","Ninguna","No existe","Recta","Bueno","Buena","Diurna","Buen Tiempo","Otro","S/D","Colisión","Ninguna","Faltante","Cordón divisorio","Accidente Previo"
2015,3617,29/05/2015,"Viernes",0,21:20:00,,"0.0",2,"Moto/Ciclomotor,Automóvil","Bv Santa Fe Y Saavedra",2,1,0,0,1,0,0,,"S/D",,"RAFAELA","Castellanos","Hormigón","No existe","V","S/D","S/D","Ninguna","No existe","Intersección","Bueno","Buena","Nocturna","Buen Tiempo","Otro","S/D","Colisión","Ninguna","Faltante","Ninguna","Accidente Previo"
2015,3618,15/05/2015,"Viernes",0,14:00:00,,"0.0",2,"Automóvil,Automóvil","Garibaldi Y Pte.Roca",2,1,0,0,1,0,0,,"Calle",,"ROSARIO","Rosario","Asfalto","No existe","II","Dentro","Urbana","Ninguna","No existe","Intersección","Bueno","Buena","Diurna","Buen Tiempo","Lateral","S/D","Colisión","Ninguna","Faltante","Ninguna","Sin restricción"
2015,3619,03/06/2015,"Miercoles",0,19:00:00,,"0.0",2,"Moto/Ciclomotor,Moto/Ciclomotor","Bv H Irigoyen Y Las Heras",2,1,0,0,1,0,0,,"Calle",,"RAFAELA","Castellanos","S/D","S/D","V","Dentro","Urbana","Ninguna","No existe","Intersección","Bueno","Buena","Atardecer,Con luz artificial","Buen Tiempo","Lateral","S/D","Colisión","Ninguna","Faltante","Ninguna","Sin restricción"
2015,3620,03/06/2015,"Miercoles",0,10:25:00,"Ruta Nacional 11","0.0",2,"Automóvil,Moto/Ciclomotor","Gral Lopez ",2,1,0,0,1,0,0,,"Ruta",11,"CORONDA","San Jerónimo","Asfalto","Ripio","XV","Dentro","Urbana","Ninguna","No existe","Intersección","Bueno","Buena","Diurna","Buen Tiempo","Lateral","S/D","Colisión","S/D","S/D","Ninguna","S/D"
2015,3621,20/05/2015,"Miercoles",0,20:30:00,,"0.0",2,"Automóvil,Moto/Ciclomotor","L Cortazar ",5,3,1,0,1,0,0,,"Calle",,"RAFAELA","Castellanos","Ripio","No existe","V","Dentro","Urbana","Ninguna","No existe","Intersección","Bueno","Buena","Nocturna","Buen Tiempo","Lateral","S/D","Colisión","Ninguna","Faltante","Ninguna","Sin restricción"
2015,3622,27/06/2015,"Sabado",0,10:40:00,,"0.0",2,"Bicicleta,Automóvil","25 de Mayo Y Sarmiento",3,1,0,0,2,0,0,,"Calle",,"CORONDA","San Jerónimo","Hormigón","Pavimento","XV","S/D","Urbana","Semáforo","Funciona","Intersección","Bueno","Buena","Diurna","Buen Tiempo","S/D","S/D","Atropello","S/D","Faltante","Ninguna","Sin restricción"
2015,3623,24/05/2015,"Domingo",0,00:30:00,,"0.0",2,"Automóvil,Moto/Ciclomotor","Aaron Castellanos Y Las Heras",2,0,1,0,0,0,1,,"Calle",,"RAFAELA","Castellanos","Asfalto","No existe","V","S/D","Urbana","Ninguna","No existe","Intersección","Bueno","Buena","Nocturna","Buen Tiempo","Lateral","S/D","Colisión","Ninguna","Faltante","S/D","Sin restricción"
2015,3624,18/05/2015,"Lunes",0,19:30:00,"Autopista Provincial Brigadier E.López","63.0",1,"Automóvil"," ",2,1,0,0,1,0,0,,"Autopista","Brigadier E.López","MONJE","San Jerónimo","Asfalto","Pavimento","XV","Dentro","Rural","Policía de tránsito","S/D","Recta","Bueno","Buena","Nocturna,Con luz artificial","Buen Tiempo","S/D","S/D","Vuelco","Otro","Horizontal","Vegetación","Desvío Provisorio"
2015,3625,16/06/2015,"Martes",0,11:35:00,"Autopista Provincial Brigadier E.López","61.0",2,"Camión,Moto/Ciclomotor"," ",2,1,0,0,1,0,0,,"Autopista","Brigadier E.López","MONJE","San Jerónimo","Asfalto","Pavimento","XV","Dentro","Rural","S/D","No existe","Recta","Bueno","Buena","Diurna","Buen Tiempo","De alcance","S/D","Colisión","S/D","S/D","Vegetación","Sin restricción"
2015,3626,13/06/2015,"Sabado",0,19:20:00,,"0.0",2,"Automóvil,Moto/Ciclomotor","Av Brasil Y Victor Manuel",4,3,0,0,1,0,0,,"Avenida",,"RAFAELA","Castellanos","Hormigón","Pavimento","V","Dentro","Urbana","Ninguna","No existe","Intersección","Bueno","Reducida","Nocturna,Con luz artificial","Buen Tiempo","Lateral","S/D","Colisión","Ninguna","Faltante","Ninguna","Sin restricción"