"anio_acci","nro_acci","fecha","desc_dia","fecha_aprox","hora_aprox","desc_ruta","km","cant_participantes","desc_participante","calle_avenida_km","total","heridos_leves","heridos_graves","heridos_gravisimos","ilesos","fallecidos","sin_datos","posicion_XY","desc_tipo_via","desc_ruta_ori","desc_loc","desc_dpto","desc_tipo_calzada","desc_tipo_banquina","desc_unidad_regional","desc_lugar_calzada","desc_zona","desc_prioridad","desc_estado_semaforo","desc_lugar_via","desc_estado_via","desc_estado_visibilidad","desc_luminosidad","desc_estado_clima","desc_tipo_colision","desc_tipo_atropello","desc_tipo_hecho","desc_pres_calzada","desc_senializacion","desc_separacion_via","desc_restriccion"
2015,3627,30/06/2015,"Martes",1,,,"0.0",2,"Camión,Vehículo Oficial"," ",3,2,0,0,1,0,0,,"S/D",,"ZAVALLA","Rosario","S/D","S/D","II","S/D","S/D","S/D","S/D","S/D","S/D","S/D","S/D","S/D","S/D","S/D","S/D","S/D","S/D","S/D","S/D"
2015,3628,15/06/2015,"Lunes",0,14:15:00,,"0.0",1,"Moto/Ciclomotor","Urquiza Y Santa Fe",1,1,0,0,0,0,0,,"Calle",,"MONJE","San Jerónimo","Ripio","Ripio","XV","Fuera","Urbana","S/D","No existe","Intersección","Bueno","Reducida","Atardecer","Buen Tiempo","Atropello animal","S/D","Colisión","S/D","S/D","S/D","S/D"
2015,3629,27/06/2015,"Sabado",0,08:30:00,,"0.0",2,"Moto/Ciclomotor,Moto/Ciclomotor","Calle 60 Y Calle 7",2,1,0,0,1,0,0,,"Calle",,"FRONTERA","Castellanos","Asfalto","Natural","V","Dentro","Urbana","S/D","No existe","Intersección","Bueno","Buena","Diurna","Buen Tiempo","Lateral","S/D","Colisión","Agua","Faltante","S/D","Sin restricción"
2015,3630,08/06/2015,"Lunes",0,17:40:00,,"0.0",2,"Pickup/Utilitario,Moto/Ciclomotor","Sarmiento Y Lamadrid",2,1,0,0,1,0,0,,"Calle",,"LAS ROSAS","Belgrano","Ripio","No existe","III","Dentro","Urbana","Ninguna","No existe","Intersección","Bueno","Buena","Diurna","Buen Tiempo","Lateral","S/D","Colisión","Ninguna","Vertical","Ninguna","Sin restricción"
2015,3631,11/06/2015,"Jueves",0,12:00:00,,"0.0",2,"Automóvil,Automóvil","Dr Rovere Y Rosario",2,1,0,0,1,0,0,,"Calle",,"AROCENA","San Jerónimo","Ripio","Ripio","XV","S/D","Urbana","Ninguna","No existe","Intersección","Bueno","Buena","Diurna","Buen Tiempo","Lateral","S/D","Colisión","Otro","Faltante","Cordón divisorio","Sin restricción"
2015,3632,25/06/2015,"Jueves",0,09:00:00,,"0.0",2,"Automóvil,Moto/Ciclomotor","Bv Santa Fe Y Saavedra",3,2,0,0,1,0,0,,"Avenida",,"RAFAELA","Castellanos","Asfalto","No existe","V","S/D","Urbana","Ninguna","No existe","Intersección","S/D","Buena","Amanecer","Buen Tiempo","Lateral","S/D","Colisión","S/D","Faltante","Cordón divisorio","Sin restricción"
2015,3633,03/06/2015,"Miercoles",0,13:15:00,"Ruta Provincial 10","0.0",1,"Automóvil"," ",1,1,0,0,0,0,0,,"Ruta",10,"ESTACIÓN DÍAZ","San Jerónimo","Ripio","Ripio","XV","S/D","Rural","S/D","S/D","Recta","Resbaladiza","Buena","Diurna","Buen Tiempo","S/D","S/D","Despiste","S/D","S/D","S/D","Sin restricción"
2015,3634,10/06/2015,"Miercoles",0,13:10:00,,"0.0",2,"Automóvil,Otros","26 de Enero Y Cordoba",2,1,0,0,0,0,1,,"Calle",,"RAFAELA","Castellanos","Asfalto","No existe","V","S/D","Urbana","S/D","No existe","Intersección","Bueno","Buena","Diurna","Buen Tiempo","Lateral","S/D","Colisión","Ninguna","Faltante","Ninguna","Sin restricción"
2015,3635,12/06/2015,"Viernes",0,10:30:00,,"0.0",2,"Automóvil,Moto/Ciclomotor","San Martin Y Buenos Aires",2,0,1,0,1,0,0,,"Calle",,"LAS ROSAS","Belgrano","Asfalto","No existe","III","Dentro","Urbana","Ninguna","No existe","Intersección","Resbaladiza","Buena","Diurna","Buen Tiempo","Lateral","S/D","Colisión","Agua","Horizontal,Vertical","Ninguna","Sin restricción"
2015,3636,02/05/2015,"Sabado",0,19:10:00,,"0.0",2,"Bicicleta,Pickup/Utilitario","Av. Uriburu Y Mitre",3,1,0,0,2,0,0,,"Avenida",,"ROSARIO","Rosario","Asfalto","No existe","II","Dentro","Urbana","Ninguna","No existe","Recta","Bueno","Buena","Atardecer","Buen Tiempo","S/D","S/D","Atropello","Ninguna","Faltante","Ninguna","Sin restricción"
2015,3637,17/05/2015,"Domingo",0,15:39:00,,"0.0",2,"Moto/Ciclomotor,Pickup/Utilitario","Estanislao Zeballos Y Pje Esteban Echeverria",2,0,0,0,0,0,2,,"Calle",,"SANTA FE","La Capital","S/D","S/D","I","S/D","S/D","S/D","S/D","S/D","S/D","S/D","S/D","S/D","S/D","S/D","S/D","S/D","S/D","S/D","S/D"
2015,3638,16/05/2015,"Sabado",0,21:30:00,,"0.0",2,"Automóvil,Moto/Ciclomotor","Paraguay 4400",4,2,0,0,2,0,0,,"Calle",,"ROSARIO","Rosario","Asfalto","No existe","II","Dentro","Urbana","Ninguna","No existe","Intersección","Bueno","Buena","Nocturna","Buen Tiempo","De alcance","S/D","Colisión","Ninguna","Faltante","Ninguna","Sin restricción"
2015,3639,30/06/2015,"Martes",1,,,"0.0",2,"Pickup/Utilitario,Automóvil"," ",3,2,0,0,1,0,0,,"S/D",,"ZAVALLA","Rosario","S/D","S/D","II","S/D","S/D","S/D","S/D","S/D","S/D","S/D","S/D","S/D","S/D","S/D","S/D","S/D","S/D","S/D","S/D"
2015,3640,13/06/2015,"Sabado",0,05:00:00,"Ruta Provincial 70","71.8",3,"Pickup/Utilitario,Automóvil,Transporte de Pasajeros Larga Distancia (> 8 asientos)","Ruta Provincial 70 72",31,1,1,0,29,0,0,,"Ruta",70,"BELLA ITALIA","Castellanos","Asfalto","Natural","V","Dentro","Urbana","Ninguna","S/D","Recta","Bueno","Buena","Nocturna,Con luz artificial","Buen Tiempo","Frontal,Múltiple","S/D","Colisión","Ninguna","S/D","Línea divisoria pintada","Sin restricción"
2015,3641,18/06/2015,"Jueves",0,,,"0.0",2,"Moto/Ciclomotor,Pickup/Utilitario","Ciudad de Esperanza Y Bv Jaime Ferre",2,0,1,0,1,0,0,,"Avenida",,"RAFAELA","Castellanos","Asfalto","No existe","V","Dentro","Urbana","Ninguna","No existe","Intersección","Bueno","Buena","S/D","Buen Tiempo","Lateral","S/D","Colisión","Ninguna","Horizontal","Ninguna","Sin restricción"
2015,3642,14/06/2015,"Domingo",0,12:00:00,,"0.0",2,"Automóvil,Automóvil","Bv Pte Roca Y Cervantes",2,0,1,0,1,0,0,,"Avenida",,"RAFAELA","Castellanos","Asfalto","Pavimento","V","Dentro","Urbana","Ninguna","No existe","Intersección","Bueno","Buena","Diurna","Buen Tiempo","Lateral","S/D","Colisión","S/D","Horizontal","S/D","S/D"
2015,3643,05/06/2015,"Viernes",0,18:15:00,,"0.0",2,"Pickup/Utilitario,Moto/Ciclomotor"," ",3,1,0,0,2,0,0,,"Calle",,"ESPERANZA","Las Colonias","Asfalto","Pavimento","XI","Dentro","Urbana","Ninguna","No existe","Recta","Bueno","Buena","Diurna","Buen Tiempo","Lateral","S/D","Colisión","Ninguna","Faltante","Línea divisoria pintada","Sin restricción"
2015,3644,11/06/2015,"Jueves",0,,,"0.0",2,"Moto/Ciclomotor,Automóvil","14 de Julio Y Alvear",2,1,0,0,1,0,0,,"Calle",,"RAFAELA","Castellanos","Hormigón","No existe","V","Dentro","Urbana","Ninguna","No existe","Intersección","Bueno","Buena","S/D","Buen Tiempo","Lateral","S/D","Colisión","Ninguna","Horizontal","S/D","S/D"
2015,3645,29/05/2015,"Viernes",0,12:15:00,,"0.0",2,"Moto/Ciclomotor,Automóvil","Moreno Y 25 de Mayo",2,1,0,0,1,0,0,,"Calle",,"SAN CARLOS CENTRO","Las Colonias","Asfalto","No existe","XI","S/D","Urbana","Ninguna","No existe","Intersección","Bueno","Buena","Diurna","Buen Tiempo","Lateral","S/D","Colisión","S/D","Faltante","Línea divisoria pintada","Sin restricción"
2015,3646,29/05/2015,"Viernes",0,12:30:00,,"0.0",2,"Pickup/Utilitario,Moto/Ciclomotor","M Obligado Y Mariano Moreno",3,2,0,0,1,0,0,,"Calle",,"RAFAELA","Castellanos","Hormigón","No existe","V","Dentro","Urbana","Ninguna","No existe","Intersección","Bueno","Buena","Diurna","Buen Tiempo","Frontal","S/D","Colisión","Ninguna","Vertical","Ninguna","Sin restricción"
2015,3647,03/05/2015,"Domingo",0,03:45:00,,"0.0",3,"Automóvil,Automóvil,Automóvil","Av. Uriburu Y San Martin",4,3,0,0,1,0,0,,"Avenida",,"ROSARIO","Rosario","Asfalto","No existe","II","Dentro","Urbana","Semáforo","Funciona","Recta","Bueno","Buena","Nocturna","Buen Tiempo","De alcance,Múltiple","S/D","Colisión","Ninguna","Horizontal","S/D","Sin restricción"
2015,3648,30/05/2015,"Sabado",0,21:45:00,"Ruta Nacional 11","402.0",2,"Automóvil,Automóvil"," ",3,2,0,0,1,0,0,,"Ruta",11,"SAN FABIÁN","San Jerónimo","Asfalto","Natural","XV","Dentro","Urbana","S/D","No existe","Recta","Bueno","Buena","Nocturna","Buen Tiempo","De alcance","S/D","Colisión","S/D","Faltante","Línea divisoria pintada","Sin restricción"
2015,3649,12/06/2015,"Viernes",0,08:50:00,,"0.0",2,"Moto/Ciclomotor,Automóvil","Mitre Y Alberdi",2,1,0,0,1,0,0,,"Calle",,"CORONDA","San Jerónimo","Hormigón","Pavimento","XV","S/D","Urbana","Ninguna","No existe","Intersección","Bueno","Reducida","Diurna","Niebla","Lateral","S/D","Colisión","S/D","S/D","Ninguna","Sin restricción"
2015,3650,06/06/2015,"Sabado",0,18:20:00,,"0.0",2,"Moto/Ciclomotor,Pickup/Utilitario","Jorge Newbery Y La Plata",2,1,0,0,1,0,0,,"Calle",,"RAFAELA","Castellanos","Asfalto","S/D","V","S/D","Urbana","Ninguna","No existe","Intersección","Bueno","Buena","Diurna","Buen Tiempo","Lateral","S/D","Colisión","Ninguna","S/D","Ninguna","Sin restricción"
2015,3651,31/05/2015,"Domingo",0,20:15:00,"Ruta Nacional 11","0.0",2,"Bicicleta,Automóvil","Centenario Y Bv Lucio Ledesma",3,2,0,0,1,0,0,,"Ruta",11,"AROCENA","San Jerónimo","Arena","Natural","XV","Dentro","Urbana","S/D","No existe","Intersección","Bueno","Buena","Atardecer","Buen Tiempo","S/D","S/D","Atropello","S/D","Faltante","S/D","Sin restricción"
2015,3652,11/05/2015,"Lunes",0,01:20:00,"Autopista Provincial Brigadier E.López","62.0",2,"Automóvil,Camión"," ",3,2,0,0,1,0,0,,"Autopista","Brigadier E.López","MONJE","San Jerónimo","Asfalto","Pavimento","XV","Dentro","Urbana","Ninguna","No existe","Recta","Bueno","Reducida","Nocturna,Con luz artificial","Niebla","De alcance","S/D","Colisión","S/D","Horizontal,Vertical","Vegetación","Sin restricción"
2015,3653,17/06/2015,"Miercoles",0,12:30:00,,"0.0",2,"Pickup/Utilitario,Automóvil","Santiago del Estero Y P Gozzarelli",4,2,0,0,2,0,0,,"Calle",,"MONTE VERA","La Capital","Hormigón","No existe","I","Dentro","Urbana","Ninguna","No existe","Intersección","Bueno","Buena","Diurna","Buen Tiempo","Lateral","S/D","Colisión","Ninguna","S/D","Ninguna","Sin restricción"
2015,3654,17/06/2015,"Miercoles",0,19:30:00,,"0.0",2,"Moto/Ciclomotor,Automóvil","Av Gral Paz Y Martin Zapata",2,1,0,0,1,0,0,,"Avenida",,"SANTA FE","La Capital","Asfalto","No existe","I","S/D","Urbana","Ninguna","S/D","Recta","Bueno","Reducida","Nocturna","Buen Tiempo","Lateral","S/D","Colisión","Ninguna","S/D","Ninguna","Sin restricción"
2015,3655,16/05/2015,"Sabado",0,05:30:00,"Ruta Nacional 11","376.0",1,"Moto/Ciclomotor"," ",2,2,0,0,0,0,0,,"Ruta",11,"MONJE","San Jerónimo","Asfalto","Ripio","XV","Dentro","Rural","Ninguna","No existe","Recta","Bueno","Reducida","Nocturna","Buen Tiempo","S/D","S/D","Caída ocupante","S/D","Horizontal,Vertical","Ninguna","Sin restricción"
2015,3656,11/06/2015,"Jueves",0,18:00:00,,"0.0",2,"Moto/Ciclomotor,Automóvil","Vieytes Y Las Heras",2,1,0,0,1,0,0,,"Calle",,"SANTA FE","La Capital","Asfalto","S/D","I","S/D","Urbana","S/D","S/D","Intersección","Bueno","Buena","Atardecer,Con luz artificial","S/D","Lateral","S/D","Colisión","S/D","S/D","S/D","S/D"
2015,3657,18/06/2015,"Jueves",0,17:00:00,,"0.0",2,"Moto/Ciclomotor,Automóvil","Hernandarias Y Avellaneda",2,1,0,0,1,0,0,,"Calle",,"SANTA FE","La Capital","Asfalto","No existe","I","S/D","Urbana","Ninguna","No existe","Intersección","Bueno","Buena","Diurna","Buen Tiempo","Lateral","S/D","Colisión","Ninguna","S/D","Ninguna","Sin restricción"
2015,3658,26/06/2015,"Viernes",0,07:55:00,"Ruta Provincial 2","14.0",2,"Moto/Ciclomotor,Peatón","Ruta pcial 2 Av San Martin ",2,1,0,0,1,0,0,"-31.518255, -60.681506","Ruta",2,"MONTE VERA","La Capital","Hormigón","Natural","I","Dentro","Urbana","Ninguna","No existe","Intersección","Bueno","Buena","Atardecer","Buen Tiempo","S/D","S/D","Atropello","Ninguna","S/D","Ninguna","Sin restricción"
2015,3659,18/06/2015,"Jueves",0,17:30:00,,"0.0",2,"Moto/Ciclomotor,Automóvil","Sarmiento Y Ricardo Aldao",3,2,0,0,1,0,0,,"Calle",,"SANTA FE","La Capital","Asfalto","No existe","I","S/D","Urbana","Ninguna","No existe","Intersección","Bueno","Buena","Diurna","Buen Tiempo","Lateral","S/D","Colisión","Ninguna","S/D","Ninguna","Sin restricción"
2015,3660,26/06/2015,"Viernes",0,14:00:00,,"0.0",2,"Moto/Ciclomotor,Pickup/Utilitario","Rio Negro Y Angel Gallardo",4,1,1,0,2,0,0,,"Calle",,"MONTE VERA","La Capital","Ripio","No existe","I","Fuera","Urbana","Ninguna","No existe","Intersección","Bueno","Buena","Diurna","Buen Tiempo","Lateral","S/D","Colisión","Ninguna","S/D","Ninguna","Sin restricción"
2015,3661,17/06/2015,"Miercoles",0,13:15:00,,"0.0",2,"Moto/Ciclomotor,Automóvil"," ",2,1,0,0,1,0,0,,"Calle",,"SANTA FE","La Capital","Asfalto","S/D","I","S/D","Urbana","S/D","S/D","Intersección","Bueno","Buena","Diurna","S/D","Lateral","S/D","Colisión","S/D","S/D","S/D","S/D"
2015,3662,19/06/2015,"Viernes",0,13:20:00,,"0.0",2,"Camión,Moto/Ciclomotor","Av A del Valle 9126",3,2,0,0,1,0,0,,"Avenida",,"SANTA FE","La Capital","Asfalto","Natural","I","Dentro","Urbana","Ninguna","No existe","Recta","Con baches","Buena","Diurna","Buen Tiempo","Lateral","S/D","Colisión","Ninguna","Horizontal,Vertical","Ninguna","Sin restricción"
2015,3663,16/05/2015,"Sabado",0,20:00:00,,"0.0",2,"Moto/Ciclomotor,Automóvil","M Aragon Y A Diaz",2,1,0,0,1,0,0,,"Calle",,"RAFAELA","Castellanos","Hormigón","No existe","V","Dentro","Urbana","Ninguna","No existe","Intersección","Bueno","Buena","Nocturna","Buen Tiempo","Lateral","S/D","Colisión","Ninguna","Faltante","Cordón divisorio","Accidente Previo"
2015,3664,29/06/2015,"Lunes",0,12:00:00,,"0.0",2,"Automóvil,Bicicleta","Republica de Siria Y Padre Genesio",2,1,0,0,1,0,0,"-31.600805555556,-60.689277777778","Calle",,"SANTA FE","La Capital","Asfalto","S/D","I","S/D","Urbana","S/D","S/D","Intersección","Bueno","Buena","Diurna","S/D","S/D","S/D","Atropello","S/D","S/D","S/D","S/D"
2015,3665,19/06/2015,"Viernes",0,10:05:00,,"0.0",2,"Moto/Ciclomotor,Automóvil","Republica de Siria Y Av Galicia",2,1,0,0,1,0,0,,"Avenida",,"SANTA FE","La Capital","Asfalto","No existe","I","S/D","Urbana","Ninguna","No existe","Intersección","Bueno","Buena","Diurna","Buen Tiempo","Lateral","S/D","Colisión","Ninguna","S/D","Ninguna","Sin restricción"
2015,3666,04/06/2015,"Jueves",0,19:15:00,,"0.0",2,"Pickup/Utilitario,Moto/Ciclomotor","Candioti Y Pavon",2,1,0,0,1,0,0,,"Calle",,"SANTA FE","La Capital","Asfalto","S/D","I","Dentro","Urbana","S/D","S/D","Intersección","Bueno","Buena","Atardecer,Con luz artificial","S/D","Lateral","S/D","Colisión","S/D","S/D","S/D","S/D"
2015,3667,06/06/2015,"Sabado",0,16:15:00,,"0.0",2,"Automóvil,Otros","French Y Belgrano",2,1,0,0,1,0,0,,"Avenida",,"SANTA FE","La Capital","Asfalto","No existe","I","Dentro","Urbana","Ninguna","No existe","Intersección","Bueno","Buena","Diurna","Buen Tiempo","Otro","S/D","Vuelco","Ninguna","Faltante","Ninguna","Sin restricción"
2015,3668,05/06/2015,"Viernes",0,08:20:00,,"0.0",2,"Moto/Ciclomotor,Automóvil","Tacuari Y Boneo",2,1,0,0,1,0,0,,"Calle",,"SANTA FE","La Capital","Asfalto","S/D","I","Dentro","Urbana","S/D","S/D","Intersección","Bueno","Buena","Diurna","S/D","Lateral","S/D","Colisión","S/D","S/D","S/D","S/D"
2015,3669,24/06/2015,"Miercoles",0,08:40:00,,"0.0",2,"Moto/Ciclomotor,Pickup/Utilitario","Llerena ",2,1,0,0,1,0,0,,"Calle",,"SANTA FE","La Capital","Asfalto","No existe","I","S/D","Urbana","Ninguna","No existe","Intersección","Bueno","Buena","Diurna","Buen Tiempo","Lateral","S/D","Colisión","Otro","S/D","Ninguna","Sin restricción"
2015,3670,25/06/2015,"Jueves",0,12:25:00,,"0.0",2,"Moto/Ciclomotor,Pickup/Utilitario","Necochea Y Gorostiaga",2,1,0,0,1,0,0,,"Calle",,"SANTA FE","La Capital","Asfalto","Ripio","I","S/D","Urbana","Ninguna","No existe","Intersección","Bueno","Buena","Diurna","Buen Tiempo","Lateral","S/D","Colisión","Otro","S/D","Ninguna","Sin restricción"
2015,3671,19/06/2015,"Viernes",0,18:20:00,,"0.0",2,"Moto/Ciclomotor,Automóvil","Av A del Valle ",2,1,0,0,1,0,0,,"Avenida",,"SANTA FE","La Capital","Asfalto","No existe","I","Dentro","Urbana","Ninguna","No existe","Intersección","Deteriorada","Buena","Atardecer","S/D","Contra objeto fijo","S/D","Colisión","Otro","Horizontal,Vertical","Cordón divisorio","Sin restricción"
2015,3672,05/06/2015,"Viernes",0,13:00:00,,"0.0",2,"Moto/Ciclomotor,Pickup/Utilitario","Reg 12 de Infanteria Y Alvear",3,2,0,0,1,0,0,,"Calle",,"SANTA FE","La Capital","S/D","S/D","I","Dentro","Urbana","S/D","S/D","Intersección","Bueno","Buena","Diurna","S/D","Lateral","S/D","Colisión","S/D","S/D","S/D","S/D"
2015,3673,25/06/2015,"Jueves",0,12:00:00,,"0.0",2,"Moto/Ciclomotor,Taxi/Remis","LOS NOGALES 2550",2,1,0,0,1,0,0,,"Calle",,"SAUCE VIEJO","La Capital","Asfalto","No existe","I","Dentro","Urbana","Ninguna","No existe","Recta","Deteriorada","Buena","Diurna","S/D","De alcance","S/D","Colisión","Otro","Faltante","Ninguna","Sin restricción"
2015,3674,07/06/2015,"Domingo",0,16:40:00,,"0.0",2,"Automóvil,Automóvil","Risso Y Guemes",5,3,0,0,2,0,0,,"Calle",,"SANTA FE","La Capital","Asfalto","S/D","I","Dentro","Urbana","S/D","S/D","Intersección","Bueno","Buena","Diurna","S/D","Lateral","S/D","Colisión","S/D","S/D","S/D","S/D"
2015,3675,09/06/2015,"Martes",0,21:10:00,,"0.0",2,"Camión,Moto/Ciclomotor","Av A del Valle Y Lamothe",3,2,0,0,1,0,0,,"Avenida",,"SANTA FE","La Capital","Asfalto","Natural","I","Dentro","Urbana","Ninguna","No existe","Intersección","Con baches","Reducida","Nocturna","Otro","Lateral","S/D","Colisión","Ninguna","Horizontal,Vertical","Cordón divisorio","Sin restricción"
2015,3676,20/06/2015,"Sabado",0,19:00:00,,"0.0",2,"Moto/Ciclomotor,Camión","12 de Octubre Y Santa Cruz",2,1,0,0,0,0,1,,"Avenida",,"SANTA FE","La Capital","Hormigón","S/D","I","Dentro","Urbana","Otra Señal","S/D","Intersección","Con baches","S/D","Atardecer","Buen Tiempo","Lateral","S/D","Colisión","S/D","Vertical","Cordón divisorio","Sin restricción"
2015,3677,18/06/2015,"Jueves",0,20:30:00,"Ruta Nacional 11","480.0",2,"Moto/Ciclomotor,Automóvil"," ",2,1,0,0,1,0,0,,"Ruta",11,"RECREO","La Capital","Asfalto","Natural","I","S/D","Urbana","Ninguna","No existe","Recta","Bueno","Reducida","Nocturna,Con luz artificial","Buen Tiempo","De alcance","S/D","Colisión","Ninguna","Vertical","Línea divisoria pintada","Sin restricción"
2015,3678,02/06/2015,"Martes",0,15:20:00,,"0.0",2,"Moto/Ciclomotor,Automóvil","Av Blas Parera ",2,1,0,0,1,0,0,,"Avenida",,"SANTA FE","La Capital","Hormigón","Pavimento","I","Dentro","Urbana","Semáforo","Funciona","Intersección","Bueno","Buena","Diurna","Buen Tiempo","Lateral","S/D","Colisión","S/D","Horizontal,Vertical","Cordón divisorio","Sin restricción"
2015,3679,06/06/2015,"Sabado",0,11:50:00,,"0.0",2,"Moto/Ciclomotor,Moto/Ciclomotor","12 de Octubre 9738",2,2,0,0,0,0,0,,"Avenida",,"SANTA FE","La Capital","Hormigón","No existe","I","Dentro","Urbana","Otra Señal","No existe","Recta","Con baches","Buena","Diurna","Buen Tiempo","De alcance","S/D","Colisión","S/D","Vertical","Cordón divisorio","Sin restricción"
2015,3680,16/06/2015,"Martes",0,13:00:00,,"0.0",2,"Moto/Ciclomotor,Moto/Ciclomotor","Av Blas Parera Y Misiones",2,1,0,0,1,0,0,,"Avenida",,"SANTA FE","La Capital","Hormigón","No existe","I","Dentro","Urbana","Otra Señal","No existe","Intersección","Bueno","Buena","Diurna","Buen Tiempo","Lateral","S/D","Colisión","S/D","Vertical","Guardarrail","Sin restricción"
2015,3681,10/06/2015,"Miercoles",0,16:45:00,,"0.0",2,"Automóvil,Automóvil","Padre Genesio Y Necochea",4,2,0,0,2,0,0,,"Calle",,"SANTA FE","La Capital","Asfalto","S/D","I","Dentro","Urbana","S/D","S/D","Intersección","Bueno","Buena","Diurna","S/D","Lateral","S/D","Colisión","S/D","S/D","S/D","S/D"
2015,3682,04/06/2015,"Jueves",0,13:50:00,,"0.0",2,"Moto/Ciclomotor,Automóvil","Chiclana Y Matheu",2,1,0,0,1,0,0,,"Calle",,"SANTA FE","La Capital","Hormigón","Pavimento","I","Dentro","Urbana","Ninguna","No existe","Intersección","Deteriorada","Buena","Diurna","Buen Tiempo","Lateral","S/D","Colisión","S/D","Faltante","Ninguna","Sin restricción"
2015,3683,05/06/2015,"Viernes",0,19:00:00,"Ruta Nacional 11","0.0",2,"Moto/Ciclomotor,Automóvil","Bethoven ",2,1,0,0,1,0,0,,"Ruta",11,"RECREO","La Capital","Asfalto","Natural","I","S/D","Urbana","Ninguna","No existe","Intersección","Bueno","Buena","Atardecer,Con luz artificial","Buen Tiempo","De alcance","S/D","Colisión","Ninguna","Vertical","Línea divisoria pintada","Sin restricción"
2015,3684,12/06/2015,"Viernes",0,17:55:00,,"0.0",2,"Automóvil,Moto/Ciclomotor","Avenida 18 Y Calle 11",2,1,0,0,1,0,0,,"Avenida",,"LAS PAREJAS","Belgrano","Asfalto","No existe","III","Dentro","Urbana","Ninguna","No existe","Recta","Deteriorada","Buena","Diurna","Buen Tiempo","Lateral","S/D","Colisión","Ninguna","Vertical","Ninguna","Sin restricción"
2015,3685,25/06/2015,"Jueves",0,15:20:00,,"0.0",2,"Moto/Ciclomotor,Automóvil","J Castelli Y Necochea",2,1,0,0,1,0,0,,"Calle",,"SANTA FE","La Capital","S/D","No existe","I","S/D","Urbana","Ninguna","No existe","Intersección","Bueno","Buena","Diurna","Buen Tiempo","Lateral","S/D","Colisión","Otro","S/D","Ninguna","Sin restricción"
2015,3686,20/06/2015,"Sabado",0,09:30:00,,"0.0",2,"Moto/Ciclomotor,Pickup/Utilitario","Martin Zapata Y Alvear",2,1,0,0,1,0,0,,"Calle",,"SANTA FE","La Capital","Asfalto","No existe","I","S/D","Urbana","Ninguna","No existe","Intersección","Bueno","Buena","Diurna","Buen Tiempo","Lateral","S/D","Colisión","Ninguna","S/D","Ninguna","Sin restricción"
2015,3687,18/06/2015,"Jueves",0,12:10:00,,"0.0",2,"Pickup/Utilitario,Moto/Ciclomotor","Avenida 18 Y Avenida 17",2,1,0,0,1,0,0,,"Avenida",,"LAS PAREJAS","Belgrano","Asfalto","No existe","III","S/D","Urbana","Ninguna","No existe","Intersección","Bueno","Buena","Diurna","Buen Tiempo","Lateral","S/D","Colisión","Ninguna","Vertical","Ninguna","Sin restricción"
2015,3688,10/06/2015,"Miercoles",0,20:20:00,,"0.0",2,"Automóvil,Moto/Ciclomotor","Padre Genesio Y Sarmiento",2,1,0,0,1,0,0,,"Calle",,"SANTA FE","La Capital","Asfalto","S/D","I","Dentro","Urbana","S/D","S/D","Intersección","Bueno","Buena","Nocturna,Con luz artificial","S/D","Lateral","S/D","Colisión","S/D","S/D","S/D","S/D"
2015,3689,26/06/2015,"Viernes",0,14:10:00,,"0.0",2,"Moto/Ciclomotor,Automóvil","Av Gral Paz Y Agustin Delgado",2,1,0,0,1,0,0,,"Avenida",,"SANTA FE","La Capital","Asfalto","No existe","I","S/D","Urbana","Ninguna","Funciona","Recta","Bueno","Buena","Diurna","Buen Tiempo","Otro","S/D","Colisión","Otro","S/D","Ninguna","Sin restricción"
2015,3690,22/06/2015,"Lunes",0,19:55:00,,"0.0",2,"Moto/Ciclomotor,Pickup/Utilitario","Juarez Celman Y General San Martin",2,0,1,0,1,0,0,,"Calle",,"TORTUGAS","Belgrano","Asfalto","No existe","III","Dentro","Urbana","Ninguna","No existe","Intersección","Deteriorada","Reducida","Nocturna","Buen Tiempo","Frontal","S/D","Colisión","Ninguna","Vertical","Ninguna","Sin restricción"
2015,3691,29/06/2015,"Lunes",0,14:00:00,,"0.0",2,"Pickup/Utilitario,Automóvil","J Castelli Y Alberdi",2,1,0,0,1,0,0,,"Calle",,"SANTA FE","La Capital","Asfalto","No existe","I","S/D","Urbana","Ninguna","No existe","Intersección","Bueno","Buena","Diurna","Buen Tiempo","Lateral","S/D","Colisión","Ninguna","S/D","Ninguna","Sin restricción"
2015,3692,08/06/2015,"Lunes",0,00:00:00,,"0.0",2,"Moto/Ciclomotor,Moto/Ciclomotor","Pedro de Vega Y Juan Diaz de Solis",2,1,0,0,1,0,0,,"Calle",,"SANTA FE","La Capital","Asfalto","Natural","I","Dentro","Urbana","Ninguna","No existe","Intersección","Con baches","Reducida","Atardecer,Con luz artificial","Buen Tiempo","Lateral","S/D","Colisión","S/D","Faltante","Ninguna","Sin restricción"
2015,3693,15/06/2015,"Lunes",0,12:00:00,,"0.0",2,"Automóvil,Automóvil","Av Blas Parera Y Reg 12 de Infanteria",4,3,0,0,1,0,0,,"Avenida",,"SANTA FE","La Capital","Hormigón","Pavimento","I","Dentro","Urbana","Ninguna","No existe","Intersección","Bueno","Buena","Diurna","Buen Tiempo","Lateral","S/D","Colisión","S/D","Vertical","Cordón divisorio","Sin restricción"