"anio_acci","nro_acci","fecha","desc_dia","fecha_aprox","hora_aprox","desc_ruta","km","cant_participantes","desc_participante","calle_avenida_km","total","heridos_leves","heridos_graves","heridos_gravisimos","ilesos","fallecidos","sin_datos","posicion_XY","desc_tipo_via","desc_ruta_ori","desc_loc","desc_dpto","desc_tipo_calzada","desc_tipo_banquina","desc_unidad_regional","desc_lugar_calzada","desc_zona","desc_prioridad","desc_estado_semaforo","desc_lugar_via","desc_estado_via","desc_estado_visibilidad","desc_luminosidad","desc_estado_clima","desc_tipo_colision","desc_tipo_atropello","desc_tipo_hecho","desc_pres_calzada","desc_senializacion","desc_separacion_via","desc_restriccion"
2015,3694,27/06/2015,"Sabado",0,11:40:00,,"0.0",1,"Automóvil","Buenos Aires Y San Martin",1,1,0,0,0,0,0,,"Calle",,"LAS ROSAS","Belgrano","Asfalto","No existe","III","Fuera","Urbana","Ninguna","No existe","Recta","Bueno","Buena","Diurna","Buen Tiempo","Contra objeto fijo","S/D","Colisión","Ninguna","Horizontal,Vertical","Ninguna","Sin restricción"
2015,3695,14/06/2015,"Domingo",0,08:00:00,,"0.0",2,"Bicicleta,Moto/Ciclomotor","Av Blas Parera Y Gorriti",2,1,0,0,1,0,0,"-31.583083333333,-60.72625","Avenida",,"SANTA FE","La Capital","Hormigón","Pavimento","II","Dentro","Urbana","Semáforo","Funciona","Intersección","Bueno","Buena","Diurna","Buen Tiempo","S/D","S/D","Atropello","S/D","Horizontal,Vertical","Cordón divisorio","Sin restricción"
2015,3696,26/05/2015,"Martes",0,07:45:00,,"0.0",2,"Pickup/Utilitario,Bicicleta","Santiago de Chile Y Belgrano",2,1,0,0,1,0,0,,"Calle",,"SANTA FE","La Capital","Asfalto","No existe","I","Dentro","Urbana","Ninguna","No existe","Intersección","Bueno","Buena","Amanecer","Buen Tiempo","S/D","S/D","Atropello","S/D","Faltante","Cordón divisorio","Sin restricción"
2015,3697,16/06/2015,"Martes",0,14:10:00,,"0.0",2,"Automóvil,Peatón","Falucho 2763",2,1,0,0,1,0,0,"-31.674416666667,-60.75675","Calle",,"SANTO TOMÉ","La Capital","Asfalto","S/D","I","S/D","Urbana","Ninguna","No existe","Recta","Bueno","Buena","Diurna","Buen Tiempo","S/D","S/D","Atropello","S/D","S/D","Ninguna","Sin restricción"
2015,3698,17/06/2015,"Miercoles",0,11:10:00,,"0.0",2,"Moto/Ciclomotor,Automóvil"," Saavedra Miguel de Cervantes Y Nicolas Avellaneda",2,1,0,0,1,0,0,,"Calle",,"SANTO TOMÉ","La Capital","Asfalto","No existe","I","S/D","Urbana","Ninguna","No existe","Recta","Bueno","Buena","Diurna","Buen Tiempo","Otro","S/D","Colisión","S/D","Horizontal","Ninguna","Sin restricción"
2015,3699,16/06/2015,"Martes",0,08:30:00,"Ruta Nacional 11","0.0",2,"Moto/Ciclomotor,Automóvil","San Martin ",2,1,0,0,1,0,0,,"Ruta",11,"SANTA FE","La Capital","Asfalto","Natural","I","S/D","Urbana","Ninguna","No existe","Intersección","Bueno","Buena","Diurna","Buen Tiempo","De alcance","S/D","Colisión","Ninguna","Vertical","Línea divisoria pintada","Sin restricción"
2015,3700,18/06/2015,"Jueves",0,13:00:00,"Ruta Nacional 11","0.0",2,"Moto/Ciclomotor,Pickup/Utilitario","España ",2,1,0,0,1,0,0,,"Ruta",11,"RECREO","La Capital","Asfalto","Natural","I","S/D","Urbana","Ninguna","No existe","Intersección","Bueno","Buena","Diurna","Buen Tiempo","De alcance","S/D","Colisión","Ninguna","Vertical","Línea divisoria pintada","Sin restricción"
2015,3701,22/06/2015,"Lunes",0,02:20:00,,"0.0",2,"Automóvil,Moto/Ciclomotor","Avenida Nuestra Señora del Luj Y Cristobal Colon",3,0,0,0,2,0,1,,"Avenida",,"SANTO TOMÉ","La Capital","Asfalto","No existe","I","S/D","Urbana","Semáforo","Funciona","Recta","Bueno","Buena","Nocturna","Buen Tiempo","Otro","S/D","Colisión","S/D","S/D","Línea divisoria pintada","Sin restricción"
2015,3702,30/06/2015,"Martes",0,12:25:00,,"0.0",2,"Automóvil,Pickup/Utilitario","Av San Martin Y Republica de Italia",4,3,0,0,1,0,0,,"Avenida",,"LAGUNA PAIVA","La Capital","Hormigón","No existe","I","Dentro","Urbana","Semáforo","Funciona","Intersección","Bueno","Buena","Diurna","Buen Tiempo","Lateral","S/D","Colisión","Ninguna","Horizontal,Vertical","Vegetación","Sin restricción"
2015,3703,21/06/2015,"Domingo",0,21:25:00,,"0.0",2,"Automóvil,Moto/Ciclomotor","Paula Albarracin de Sarmiento Y Buenos Aires",2,1,0,0,0,0,1,,"Calle",,"SANTO TOMÉ","La Capital","Asfalto","S/D","I","S/D","Urbana","Ninguna","S/D","Intersección","Bueno","S/D","Nocturna","Buen Tiempo","Lateral","S/D","Otro","Otro","Faltante","Ninguna","Sin restricción"
2015,3704,14/06/2015,"Domingo",0,17:30:00,,"0.0",2,"Moto/Ciclomotor,Pickup/Utilitario","Ayacucho Y Cafferata",5,4,0,0,1,0,0,,"Calle",,"SANTA FE","La Capital","Ripio","Natural","I","Dentro","Urbana","Ninguna","No existe","Intersección","Deteriorada","Buena","Diurna","Buen Tiempo","Lateral","S/D","Colisión","S/D","Faltante","Ninguna","Sin restricción"
2015,3705,13/06/2015,"Sabado",0,11:00:00,,"0.0",2,"Moto/Ciclomotor,Pickup/Utilitario","Gorriti 4900",2,1,0,0,1,0,0,,"Avenida",,"SANTA FE","La Capital","Asfalto","No existe","I","S/D","Urbana","Ninguna","No existe","Recta","Bueno","Buena","Diurna","Buen Tiempo","De alcance","S/D","Colisión","Ninguna","Faltante","Ninguna","Sin restricción"
2015,3706,15/06/2015,"Lunes",0,14:40:00,,"0.0",2,"Moto/Ciclomotor,Automóvil","Espora Y Castañaduy",2,1,0,0,1,0,0,,"Calle",,"SANTA FE","La Capital","Asfalto","Natural","I","Dentro","Urbana","Ninguna","No existe","Intersección","Deteriorada","Buena","Diurna","Buen Tiempo","Lateral","S/D","Colisión","S/D","Faltante","S/D","Sin restricción"
2015,3707,11/06/2015,"Jueves",0,10:30:00,,"0.0",2,"Automóvil,Moto/Ciclomotor","Av Blas Parera Y Callejon Aguirre",2,1,0,0,1,0,0,,"Avenida",,"SANTA FE","La Capital","Asfalto","No existe","I","S/D","Urbana","Ninguna","No existe","Recta","Bueno","Buena","Diurna","Buen Tiempo","De alcance","S/D","Colisión","Ninguna","Faltante","Ninguna","Sin restricción"
2015,3708,21/06/2015,"Domingo",0,17:00:00,"Ruta Nacional 19","389.0",1,"Moto/Ciclomotor","Radical ",1,0,1,0,0,0,0,,"Ruta",19,"ARMSTRONG","Belgrano","Asfalto","No existe","III","Dentro","Rural","Ninguna","No existe","Recta","Bueno","Buena","Diurna","Buen Tiempo","Otro","S/D","Caída ocupante","Ninguna","S/D","Ninguna","Sin restricción"
2015,3709,08/06/2015,"Lunes",0,15:30:00,,"0.0",1,"Pickup/Utilitario","Beruti 6500",1,1,0,0,0,0,0,,"Calle",,"SANTA FE","La Capital","Asfalto","S/D","I","S/D","S/D","S/D","No existe","Recta","Bueno","Buena","Diurna","S/D","Otro","S/D","Otro","S/D","S/D","S/D","S/D"
2015,3710,27/06/2015,"Sabado",0,21:30:00,,"0.0",2,"Bicicleta,Moto/Ciclomotor","Calle 9 1200",2,1,0,0,0,0,1,,"Calle",,"LAS PAREJAS","Belgrano","Hormigón","No existe","III","S/D","Urbana","Ninguna","No existe","Recta","Bueno","Buena","Nocturna","Buen Tiempo","S/D","S/D","Atropello","Ninguna","Vertical","Ninguna","Sin restricción"
2015,3711,04/06/2015,"Jueves",0,13:30:00,"Autopista Provincial Brigadier E.López","151.0",1,"Pickup/Utilitario","Acc Aut a Santa Fe Rosario 151",2,1,0,0,1,0,0,,"Autopista","Brigadier E.López","SANTA FE","La Capital","Asfalto","Natural","I","S/D","S/D","Ninguna","No existe","Recta","Bueno","Buena","Diurna","Buen Tiempo","S/D","S/D","Despiste","Ninguna","Faltante","Guardarrail","Sin restricción"
2015,3712,04/06/2015,"Jueves",0,12:15:00,,"0.0",2,"Moto/Ciclomotor,Bicicleta","Av Blas Parera 9100",2,2,0,0,0,0,0,"-31.57625,-60.728333333333","Avenida",,"SANTA FE","La Capital","Asfalto","S/D","I","S/D","Urbana","Ninguna","S/D","Recta","Bueno","Buena","Diurna","Buen Tiempo","S/D","S/D","Atropello","Ninguna","Faltante","Ninguna","Sin restricción"
2015,3713,24/06/2015,"Miercoles",0,12:30:00,,"0.0",2,"Moto/Ciclomotor,Automóvil","Reg 12 de Infanteria Y Guemes",2,1,0,0,1,0,0,,"Calle",,"SANTA FE","La Capital","Asfalto","S/D","I","S/D","Urbana","S/D","S/D","Intersección","Bueno","Buena","Diurna","S/D","Lateral","S/D","Colisión","S/D","S/D","S/D","S/D"
2015,3714,02/06/2015,"Martes",0,15:05:00,,"0.0",2,"Moto/Ciclomotor,Automóvil","Echague Y Angel Cassanello",2,1,0,0,1,0,0,,"Calle",,"SANTA FE","La Capital","Asfalto","S/D","I","S/D","Urbana","S/D","S/D","Intersección","Bueno","Buena","Diurna","Buen Tiempo","Lateral","S/D","Colisión","S/D","S/D","S/D","S/D"
2015,3715,16/05/2015,"Sabado",0,17:40:00,,"0.0",2,"Moto/Ciclomotor,Automóvil","Av Blas Parera Y Pje Boedo",2,1,0,0,1,0,0,,"Avenida",,"SANTA FE","La Capital","Hormigón","Pavimento","I","Dentro","Urbana","Ninguna","No existe","Intersección","Bueno","Buena","Diurna","Buen Tiempo","Lateral","S/D","Colisión","S/D","Horizontal,Vertical","S/D","Sin restricción"
2015,3716,02/06/2015,"Martes",0,18:00:00,,"0.0",2,"Moto/Ciclomotor,Automóvil","Larrea Y Guemes",2,1,0,0,1,0,0,,"Calle",,"SANTA FE","La Capital","Asfalto","S/D","I","S/D","Urbana","S/D","S/D","Intersección","Bueno","Buena","Diurna","Buen Tiempo","Lateral","S/D","Colisión","S/D","S/D","S/D","Sin restricción"
2015,3717,16/06/2015,"Martes",0,20:00:00,,"0.0",2,"Moto/Ciclomotor,Automóvil","Cafferata Y Beruti",2,1,0,0,1,0,0,,"Calle",,"SANTA FE","La Capital","Asfalto","Natural","I","Dentro","Urbana","Ninguna","No existe","Intersección","Deteriorada","Reducida","Nocturna,Con luz artificial","Buen Tiempo","Lateral","S/D","Colisión","S/D","Faltante","Ninguna","Sin restricción"
2015,3718,02/06/2015,"Martes",0,18:00:00,,"0.0",2,"Moto/Ciclomotor,Moto/Ciclomotor","Alberdi Y French",2,1,0,0,1,0,0,,"Calle",,"SANTA FE","La Capital","Asfalto","S/D","I","S/D","Urbana","S/D","S/D","Intersección","Bueno","Buena","Atardecer","S/D","Lateral","S/D","Colisión","S/D","S/D","S/D","S/D"
2015,3719,03/06/2015,"Miercoles",0,13:30:00,,"0.0",2,"Automóvil,Automóvil","Av Gral Paz Y J Castelli",3,1,0,0,2,0,0,,"Avenida",,"SANTA FE","La Capital","Asfalto","S/D","I","S/D","Urbana","S/D","S/D","Intersección","Bueno","Buena","Diurna","Buen Tiempo","Lateral","S/D","Colisión","S/D","S/D","S/D","S/D"
2015,3721,18/06/2015,"Jueves",0,09:30:00,,"0.0",2,"Moto/Ciclomotor,Automóvil","Hernandarias Y Lamadrid",3,2,0,0,1,0,0,,"Calle",,"SANTA FE","La Capital","Asfalto","Natural","I","Dentro","Urbana","Ninguna","No existe","Intersección","Deteriorada","Buena","Diurna","Buen Tiempo","Lateral","S/D","Colisión","Material Suelto","Faltante","Ninguna","Sin restricción"
2015,3722,26/06/2015,"Viernes",0,20:10:00,,"0.0",1,"Moto/Ciclomotor","Jose Cibils 3800",2,1,0,0,1,0,0,,"Calle",,"SANTA FE","La Capital","Ripio","No existe","I","S/D","Urbana","Ninguna","No existe","Recta","Bueno","Buena","Diurna","Buen Tiempo","Lateral","S/D","Colisión","Ninguna","Faltante","Ninguna","Sin restricción"
2015,3723,18/06/2015,"Jueves",0,17:30:00,,"0.0",2,"Moto/Ciclomotor,Automóvil","Av Blas Parera Y Don Guanella",3,2,0,0,1,0,0,,"Calle",,"SANTA FE","La Capital","Asfalto","Natural","I","Dentro","Urbana","Ninguna","No existe","Intersección","Bueno","Buena","Diurna","Buen Tiempo","Lateral","S/D","Colisión","S/D","Horizontal,Vertical","Ninguna","Sin restricción"
2015,3724,27/06/2015,"Sabado",0,18:45:00,,"0.0",2,"Ambulancia,Moto/Ciclomotor","Azcuenaga Y 12 de septiembre",4,1,0,0,3,0,0,,"Calle",,"SANTO TOMÉ","La Capital","Asfalto","No existe","I","Dentro","Urbana","Ninguna","No existe","Intersección","Bueno","Buena","Atardecer","Buen Tiempo","Lateral","S/D","Colisión","S/D","Faltante","Ninguna","S/D"
2015,3725,18/06/2015,"Jueves",0,20:30:00,,"0.0",2,"Moto/Ciclomotor,Pickup/Utilitario","Pres Domingo Faustino Sarmient Y Juan Jose Paso",2,1,0,0,1,0,0,,"Calle",,"SANTO TOMÉ","La Capital","Asfalto","No existe","I","S/D","Urbana","Ninguna","No existe","Intersección","Bueno","Buena","Nocturna","Buen Tiempo","Frontal","S/D","Colisión","Ninguna","Faltante","Ninguna","Sin restricción"
2015,3726,21/06/2015,"Domingo",0,12:30:00,,"0.0",2,"Moto/Ciclomotor,Automóvil","Las Heras Y Pavon",2,1,0,0,1,0,0,,"Calle",,"SANTA FE","La Capital","Asfalto","S/D","I","S/D","Urbana","S/D","S/D","Intersección","Bueno","Buena","Diurna","S/D","Lateral","S/D","Colisión","S/D","S/D","S/D","S/D"
2015,3727,20/06/2015,"Sabado",0,21:00:00,,"0.0",2,"Moto/Ciclomotor,Pickup/Utilitario","Av A del Valle Y Matheu",2,1,0,0,1,0,0,,"Avenida",,"SANTA FE","La Capital","Asfalto","S/D","I","S/D","Urbana","S/D","S/D","Intersección","Bueno","Buena","Nocturna,Con luz artificial","S/D","Lateral","S/D","Colisión","S/D","S/D","S/D","S/D"
2015,3728,20/06/2015,"Sabado",0,20:00:00,"Ruta Nacional 11","0.0",2,"Automóvil,Moto/Ciclomotor","Ruta 11 Avenida Richieri Y 3 de febrero",2,1,0,0,1,0,0,,"Ruta",11,"SANTO TOMÉ","La Capital","Asfalto","Natural","I","Dentro","Urbana","Ninguna","No existe","Intersección","Bueno","Buena","Nocturna","Buen Tiempo","Lateral","S/D","Colisión","Otro","Horizontal","Ninguna","Sin restricción"
2015,3729,22/06/2015,"Lunes",0,10:15:00,,"0.0",2,"Automóvil,Moto/Ciclomotor","Pres Domingo Faustino Sarmient Y Juan Jose Paso",2,1,0,0,1,0,0,,"Calle",,"SANTO TOMÉ","La Capital","Asfalto","No existe","I","S/D","Urbana","Ninguna","No existe","Intersección","Bueno","Buena","Diurna","Buen Tiempo","Lateral","S/D","Colisión","Ninguna","Faltante","Ninguna","Sin restricción"
2015,3730,13/06/2015,"Sabado",0,19:15:00,,"0.0",2,"Pickup/Utilitario,Moto/Ciclomotor","Juan Jose Paso Y Pres Domingo Faustino Sarmient",3,2,0,0,1,0,0,,"Calle",,"SANTO TOMÉ","La Capital","Asfalto","No existe","I","S/D","Urbana","Ninguna","No existe","Intersección","Bueno","Buena","Atardecer","Buen Tiempo","Lateral","S/D","Colisión","Ninguna","Faltante","Ninguna","Sin restricción"
2015,3731,27/06/2015,"Sabado",0,06:33:00,,"0.0",2,"Automóvil,Moto/Ciclomotor","12 de septiembre Y Avenida Nuestra Señora del Luj",3,1,0,0,2,0,0,,"Avenida",,"SANTO TOMÉ","La Capital","Asfalto","No existe","I","S/D","S/D","Ninguna","Funciona","Intersección","Bueno","Buena","Amanecer","Buen Tiempo","De alcance","S/D","Colisión","Otro","Horizontal","Ninguna","Sin restricción"
2015,3732,13/06/2015,"Sabado",0,11:30:00,,"0.0",1,"Moto/Ciclomotor","Cordoba Y Santa Fe",1,1,0,0,0,0,0,,"Calle",,"SANTO TOMÉ","La Capital","Ripio","No existe","I","S/D","Urbana","Ninguna","No existe","Recta","Con baches","Buena","Diurna","Buen Tiempo","S/D","S/D","Caída ocupante","S/D","Faltante","Ninguna","Sin restricción"
2015,3733,03/06/2015,"Miercoles",0,14:30:00,,"0.0",2,"Automóvil,Automóvil","Av A del Valle Y Av Galicia",2,1,0,0,1,0,0,,"Avenida",,"SANTA FE","La Capital","S/D","S/D","I","S/D","Urbana","S/D","S/D","Intersección","Bueno","Buena","Diurna","S/D","S/D","S/D","Atropello","S/D","S/D","S/D","S/D"
2015,3734,05/06/2015,"Viernes",0,19:20:00,,"0.0",2,"Automóvil,Peatón","SAN MARTIN Y JUAN DE GARAY",2,1,0,0,1,0,0,,"Calle",,"RINCÓN POTRERO","La Capital","Asfalto","No existe","I","S/D","Urbana","Ninguna","No existe","Recta","Bueno","Buena","Atardecer","Buen Tiempo","S/D","S/D","Atropello","Ninguna","Vertical","Ninguna","Sin restricción"
2015,3735,03/06/2015,"Miercoles",0,19:00:00,,"0.0",2,"Moto/Ciclomotor,Bicicleta","Javier de la Rosa Y Belgrano",2,1,0,0,1,0,0,"-31.600083333333,-60.687944444444","Calle",,"SANTA FE","La Capital","Asfalto","S/D","I","S/D","Urbana","S/D","S/D","Intersección","Bueno","Buena","Atardecer,Con luz artificial","S/D","S/D","S/D","Atropello","S/D","S/D","S/D","S/D"
2015,3736,15/06/2015,"Lunes",0,20:00:00,"Ruta Provincial 1","6.0",2,"Moto/Ciclomotor,Automóvil"," ",2,1,0,0,0,0,1,,"Ruta",1,"SAN JOSÉ DEL RINCÓN","La Capital","Asfalto","Natural","I","S/D","Urbana","Ninguna","No existe","Recta","Bueno","Buena","Nocturna","Buen Tiempo","Lateral","S/D","Colisión","Ninguna","Faltante","Línea divisoria pintada","Sin restricción"
2015,3737,08/06/2015,"Lunes",0,09:20:00,,"0.0",2,"Pickup/Utilitario,Moto/Ciclomotor","4 de enero ",2,1,0,0,1,0,0,,"Calle",,"SANTO TOMÉ","La Capital","Tierra","No existe","I","S/D","Rural","Ninguna","No existe","Recta","Bueno","Buena","Diurna","Buen Tiempo","Frontal","S/D","Colisión","Ninguna","Faltante","Ninguna","Sin restricción"
2015,3738,08/06/2015,"Lunes",0,21:00:00,,"0.0",2,"Moto/Ciclomotor,Automóvil","Callejon Laborie/Los Naranjos 100",3,2,0,0,0,0,1,,"Calle",,"SANTA FE","La Capital","Arena","Natural","I","S/D","Urbana","Ninguna","No existe","Recta","Bueno","Buena","Con luz artificial","Buen Tiempo","Lateral","S/D","Colisión","Ninguna","Faltante","Ninguna","Sin restricción"
2015,3739,19/06/2015,"Viernes",0,18:20:00,,"0.0",2,"Moto/Ciclomotor,Pickup/Utilitario","Av Blas Parera Y Matheu",2,1,0,0,1,0,0,,"Avenida",,"SANTA FE","La Capital","Hormigón","Pavimento","I","Dentro","Urbana","Ninguna","No existe","Intersección","Bueno","Buena","Atardecer","Buen Tiempo","Lateral","S/D","Colisión","S/D","Horizontal,Vertical","Cordón divisorio","Sin restricción"
2015,3740,21/06/2015,"Domingo",0,19:50:00,"Ruta Provincial 1","11.0",2,"Moto/Ciclomotor,Moto/Ciclomotor","Ruta Nac 1 Y Calle 2",3,2,0,0,0,0,1,,"Ruta",1,"ARROYO LEYES","La Capital","Asfalto","Natural","I","S/D","Urbana","S/D","No existe","Recta","Bueno","Buena","Diurna","Buen Tiempo","Lateral","S/D","Colisión","Ninguna","Horizontal","Línea divisoria pintada","Sin restricción"
2015,3741,20/06/2015,"Sabado",0,06:50:00,,"0.0",2,"Automóvil,Camión","Estanislao Zeballos 4275",2,1,0,0,1,0,0,,"Calle",,"SANTA FE","La Capital","S/D","S/D","I","Dentro","Urbana","Ninguna","S/D","Recta","S/D","S/D","Diurna","Buen Tiempo","De alcance","S/D","Colisión","S/D","S/D","S/D","Sin restricción"
2015,3742,20/06/2015,"Sabado",0,11:10:00,,"0.0",2,"Moto/Ciclomotor,Automóvil","Av Blas Parera Y Vieytes",3,2,0,0,1,0,0,,"Avenida",,"SANTA FE","La Capital","Hormigón","Pavimento","I","Dentro","Urbana","Semáforo","Funciona","Intersección","Bueno","Buena","Diurna","Buen Tiempo","Lateral","S/D","Colisión","S/D","Horizontal,Vertical","Cordón divisorio","Sin restricción"
2015,3743,01/06/2015,"Lunes",0,17:30:00,,"0.0",2,"Automóvil,Automóvil","San Martin Y Salta",3,2,0,0,1,0,0,,"Calle",,"LAS ROSAS","Belgrano","S/D","No existe","III","S/D","Urbana","Ninguna","No existe","Intersección","Bueno","Buena","Diurna","Buen Tiempo","Lateral","S/D","Colisión","Ninguna","Vertical","Ninguna","Sin restricción"
2015,3744,25/06/2015,"Jueves",0,13:50:00,,"0.0",2,"Automóvil,Moto/Ciclomotor","San Lorenzo Y General San Martin",3,2,0,0,1,0,0,,"Avenida",,"BOUQUET","Belgrano","Asfalto","Pavimento","III","Dentro","Urbana","Ninguna","No existe","Intersección","Bueno","Buena","Diurna","Buen Tiempo","Lateral","S/D","Colisión","Ninguna","Horizontal","Ninguna","Sin restricción"
2015,3745,26/06/2015,"Viernes",0,23:50:00,,"0.0",2,"Moto/Ciclomotor,Automóvil"," ",2,1,0,0,1,0,0,,"Calle",,"SANTA FE","La Capital","Asfalto","S/D","I","S/D","Urbana","Ninguna","No existe","Intersección","Bueno","Reducida","Nocturna","Buen Tiempo","Lateral","S/D","Colisión","S/D","S/D","S/D","Sin restricción"
2015,3746,20/06/2015,"Sabado",0,15:30:00,,"0.0",2,"Moto/Ciclomotor,Moto/Ciclomotor","Alberdi Y J Castelli",4,2,0,0,2,0,0,,"Calle",,"SANTA FE","La Capital","Asfalto","No existe","I","S/D","Urbana","Ninguna","No existe","Intersección","Bueno","Buena","Diurna","Buen Tiempo","Lateral","S/D","Colisión","Ninguna","S/D","Ninguna","Sin restricción"
2015,3747,29/06/2015,"Lunes",0,18:00:00,,"0.0",2,"Moto/Ciclomotor,Automóvil","Alvear Y Pedro Centeno",3,2,0,0,1,0,0,,"Calle",,"SANTA FE","La Capital","Asfalto","No existe","I","S/D","Urbana","Ninguna","No existe","Intersección","Bueno","Buena","Diurna","Buen Tiempo","Lateral","S/D","Colisión","Otro","S/D","S/D","Sin restricción"
2015,3748,13/06/2015,"Sabado",0,03:30:00,"Autopista Nacional Rosario -Cordoba","393.0",2,"Automóvil,Camión"," ",3,2,0,0,1,0,0,,"Autopista","Rosario -Cordoba","TORTUGAS","Belgrano","Asfalto","Pavimento","III","Fuera","Rural","Ninguna","S/D","Recta","Bueno","Buena","Nocturna","Buen Tiempo","De alcance","S/D","Colisión","Ninguna","S/D","Vegetación,Línea divisoria pintada","Sin restricción"
2015,3749,20/06/2015,"Sabado",0,19:30:00,,"0.0",2,"Moto/Ciclomotor,Automóvil","Angel Cassanello Y Alberdi",4,3,0,0,1,0,0,,"Calle",,"SANTA FE","La Capital","Asfalto","No existe","I","S/D","Urbana","Ninguna","No existe","Intersección","Bueno","Reducida","Nocturna","Buen Tiempo","Lateral","S/D","Colisión","Ninguna","S/D","Ninguna","Sin restricción"
2015,3750,25/06/2015,"Jueves",0,13:30:00,,"0.0",2,"Pickup/Utilitario,Moto/Ciclomotor","Calle 29 Y Diagonal 1",3,1,0,0,2,0,0,,"Calle",,"LAS PAREJAS","Belgrano","Ripio","No existe","III","Dentro","Urbana","Ninguna","No existe","Recta","Bueno","Buena","Diurna","Buen Tiempo","Frontal","S/D","Colisión","Ninguna","Faltante","Ninguna","Sin restricción"
2015,3751,23/06/2015,"Martes",0,15:30:00,,"0.0",2,"Moto/Ciclomotor,Automóvil","Candioti Y Luciano Torrent",3,2,0,0,1,0,0,,"Calle",,"SANTA FE","La Capital","Asfalto","No existe","I","S/D","Urbana","Ninguna","No existe","Intersección","Bueno","Buena","Diurna","Buen Tiempo","Lateral","S/D","Colisión","Ninguna","S/D","Ninguna","Sin restricción"
2015,3752,23/06/2015,"Martes",0,20:00:00,,"0.0",2,"Moto/Ciclomotor,Automóvil","Gorostiaga Y Alberdi",3,1,0,0,2,0,0,,"Calle",,"SANTA FE","La Capital","Asfalto","No existe","I","S/D","Urbana","Ninguna","No existe","Intersección","Bueno","Reducida","Nocturna","Buen Tiempo","Lateral","S/D","Colisión","Ninguna","S/D","Ninguna","Sin restricción"
2015,3753,27/06/2015,"Sabado",0,,,"0.0",2,"Moto/Ciclomotor,Automóvil"," ",2,0,1,0,1,0,0,,"Avenida",,"SANTA FE","La Capital","Asfalto","S/D","I","S/D","Urbana","Ninguna","S/D","Intersección","Bueno","S/D","S/D","Buen Tiempo","Lateral","S/D","Colisión","Ninguna","S/D","S/D","Sin restricción"
2015,3754,25/06/2015,"Jueves",0,21:40:00,,"0.0",2,"Automóvil,Automóvil","Laprida Y Pje Calcena",3,1,0,0,2,0,0,,"Calle",,"SANTA FE","La Capital","Asfalto","No existe","I","S/D","Urbana","Ninguna","No existe","Intersección","Bueno","Reducida","Nocturna","Buen Tiempo","Lateral","S/D","Colisión","Otro","S/D","Ninguna","Sin restricción"
2015,3755,01/06/2015,"Lunes",0,08:25:00,,"0.0",2,"Bicicleta,Automóvil","Francia Y Primera Junta",2,1,0,0,1,0,0,"-31.645972222222,-60.714583333333","Calle",,"SANTA FE","La Capital","Asfalto","S/D","I","S/D","Urbana","S/D","S/D","Intersección","S/D","S/D","Diurna","S/D","S/D","S/D","Atropello","S/D","S/D","S/D","S/D"
2015,3756,12/06/2015,"Viernes",0,22:00:00,"Ruta Provincial 2","14.0",1,"Moto/Ciclomotor","RUTA 2  Y LA RIOJA ",1,1,0,0,0,0,0,,"Ruta",2,"MONTE VERA","La Capital","Hormigón","Ripio","I","Dentro","Urbana","Ninguna","No existe","Intersección","Bueno","Buena","Nocturna,Con luz artificial","Buen Tiempo","S/D","S/D","Caída ocupante","Ninguna","S/D","Ninguna","Sin restricción"
2015,3757,11/06/2015,"Jueves",0,18:30:00,,"0.0",2,"Moto/Ciclomotor,Automóvil","ESTANISLAO LOPEZ ",2,1,0,0,1,0,0,,"Calle",,"LA GUARDIA","La Capital","Hormigón","Natural","I","Dentro","Urbana","Ninguna","No existe","Distribuidor","Bueno","Buena","Diurna","Buen Tiempo","Frontal","S/D","Colisión","Ninguna","Faltante","Ninguna","Sin restricción"
2015,3758,01/06/2015,"Lunes",0,11:30:00,,"0.0",2,"Automóvil,Automóvil","Av Freyre Y Obispo Gelabert",2,1,0,0,1,0,0,,"Avenida",,"SANTA FE","La Capital","Asfalto","S/D","I","S/D","Urbana","S/D","S/D","Intersección","S/D","S/D","Diurna","S/D","S/D","S/D","Colisión","S/D","S/D","S/D","S/D"
2015,3759,13/06/2015,"Sabado",0,21:30:00,,"0.0",2,"Moto/Ciclomotor,Automóvil","BALDACCINI  Y NEUQUEN",2,0,1,0,1,0,0,,"Calle",,"SANTA FE","La Capital","Ripio","No existe","I","Dentro","Urbana","Ninguna","No existe","Intersección","Bueno","Buena","Nocturna,Con luz artificial","Buen Tiempo","Lateral","S/D","Colisión","Ninguna","S/D","Ninguna","Sin restricción"
2015,3760,01/06/2015,"Lunes",0,13:30:00,,"0.0",2,"Moto/Ciclomotor,Automóvil","Mendoza Y Juan Diaz de Solis",2,1,0,0,1,0,0,,"Calle",,"SANTA FE","La Capital","Asfalto","S/D","I","S/D","Urbana","S/D","S/D","Intersección","S/D","Buena","Diurna","S/D","S/D","S/D","Colisión","S/D","S/D","S/D","S/D"