"anio_acci","nro_acci","fecha","desc_dia","fecha_aprox","hora_aprox","desc_ruta","km","cant_participantes","desc_participante","calle_avenida_km","total","heridos_leves","heridos_graves","heridos_gravisimos","ilesos","fallecidos","sin_datos","posicion_XY","desc_tipo_via","desc_ruta_ori","desc_loc","desc_dpto","desc_tipo_calzada","desc_tipo_banquina","desc_unidad_regional","desc_lugar_calzada","desc_zona","desc_prioridad","desc_estado_semaforo","desc_lugar_via","desc_estado_via","desc_estado_visibilidad","desc_luminosidad","desc_estado_clima","desc_tipo_colision","desc_tipo_atropello","desc_tipo_hecho","desc_pres_calzada","desc_senializacion","desc_separacion_via","desc_restriccion"
2015,3761,14/06/2015,"Domingo",0,16:10:00,,"0.0",2,"Moto/Ciclomotor,Automóvil","25 de Mayo ",4,3,0,0,1,0,0,,"Calle",,"SAN LORENZO","San Lorenzo","Asfalto","Pavimento","XVII","Dentro","Urbana","Ninguna","No existe","Intersección","Bueno","Buena","Diurna","Buen Tiempo","Lateral","S/D","Colisión","Ninguna","Horizontal","Ninguna","Sin restricción"
2015,3762,01/06/2015,"Lunes",0,08:00:00,,"0.0",2,"Moto/Ciclomotor,Automóvil","Av Freyre Y Bv Pellegrini",2,1,0,0,1,0,0,,"Avenida",,"SANTA FE","La Capital","Asfalto","S/D","I","S/D","Urbana","S/D","S/D","Intersección","S/D","S/D","Diurna","S/D","S/D","S/D","Colisión","S/D","S/D","S/D","S/D"
2015,3763,03/06/2015,"Miercoles",0,10:00:00,,"0.0",2,"Moto/Ciclomotor,Pickup/Utilitario","Lamadrid Y Mendoza",2,1,0,0,1,0,0,,"Calle",,"SANTA FE","La Capital","Asfalto","S/D","I","S/D","Urbana","S/D","S/D","Intersección","S/D","S/D","Diurna","S/D","S/D","S/D","Colisión","S/D","S/D","S/D","S/D"
2015,3764,03/06/2015,"Miercoles",0,14:20:00,,"0.0",1,"Bicicleta","General Lopez 3300",1,1,0,0,0,0,0,,"Calle",,"SAN LORENZO","San Lorenzo","Hormigón","No existe","XVII","S/D","Urbana","S/D","No existe","Recta","Bueno","Buena","Nocturna","Buen Tiempo","S/D","S/D","Caída ocupante","S/D","S/D","S/D","S/D"
2015,3765,14/06/2015,"Domingo",0,04:10:00,,"0.0",1,"Automóvil","San Lorenzo ",2,2,0,0,0,0,0,,"Calle",,"PUERTO SAN MARTÍN","San Lorenzo","Asfalto","Natural","XVII","Dentro","Rural","Ninguna","No existe","Intersección","Deteriorada","Reducida","Nocturna","Buen Tiempo","S/D","S/D","Vuelco","Ninguna","Horizontal","Ninguna","Sin restricción"
2015,3766,03/06/2015,"Miercoles",0,18:45:00,,"0.0",2,"Automóvil,Camión","Av San Martin Y Falucho",2,1,0,0,1,0,0,,"Avenida",,"SAN LORENZO","San Lorenzo","S/D","S/D","XII","S/D","Urbana","S/D","S/D","Intersección","S/D","S/D","Diurna","S/D","Lateral","S/D","Colisión","S/D","S/D","S/D","S/D"
2015,3767,14/06/2015,"Domingo",0,21:30:00,,"0.0",2,"Moto/Ciclomotor,Automóvil","Av San Martin Y Cordoba",3,1,0,0,2,0,0,,"Avenida",,"PUERTO SAN MARTÍN","San Lorenzo","Asfalto","No existe","XVII","Dentro","Urbana","Ninguna","No existe","Intersección","Bueno","Buena","Nocturna","Buen Tiempo","Lateral","S/D","Colisión","Ninguna","Horizontal","Ninguna","Sin restricción"
2015,3768,04/06/2015,"Jueves",0,19:30:00,,"0.0",2,"Automóvil,Vehículo Oficial","Av San Martin Y Bv Oroño",2,1,0,0,1,0,0,,"Avenida",,"SAN LORENZO","San Lorenzo","Asfalto","S/D","XVII","S/D","Urbana","S/D","S/D","Intersección","Bueno","Buena","Atardecer","S/D","S/D","S/D","Colisión","S/D","S/D","S/D","S/D"
2015,3769,10/06/2015,"Miercoles",0,19:00:00,,"0.0",2,"Moto/Ciclomotor,Automóvil","Buenos Aires ",2,1,0,0,1,0,0,,"Calle",,"PUERTO SAN MARTÍN","San Lorenzo","Asfalto","No existe","XVII","Dentro","Urbana","Ninguna","No existe","Intersección","Bueno","Buena","Nocturna","Buen Tiempo","Lateral","S/D","Colisión","Ninguna","Horizontal","Ninguna","Sin restricción"
2015,3770,11/06/2015,"Jueves",0,16:45:00,,"0.0",2,"Moto/Ciclomotor,Automóvil","Irigoyen Y Ledesma",2,1,0,0,1,0,0,,"Calle",,"SAN LORENZO","San Lorenzo","Asfalto","S/D","XVII","S/D","Urbana","S/D","S/D","S/D","S/D","S/D","Diurna","S/D","S/D","S/D","Colisión","S/D","S/D","S/D","S/D"
2015,3771,16/06/2015,"Martes",0,,,"0.0",2,"Bicicleta,Automóvil","Av San Martin Y Eva Peron",2,0,1,0,1,0,0,,"Avenida",,"SAN LORENZO","San Lorenzo","S/D","S/D","XVII","S/D","Urbana","S/D","S/D","Intersección","S/D","S/D","S/D","S/D","S/D","S/D","Atropello","S/D","S/D","S/D","S/D"
2015,3772,08/06/2015,"Lunes",0,17:20:00,,"0.0",2,"Peatón,Automóvil","Sarmiento Y Jujuy",2,0,1,0,1,0,0,,"Calle",,"PUERTO SAN MARTÍN","San Lorenzo","Asfalto","No existe","XVII","Dentro","Urbana","Ninguna","No existe","Intersección","Bueno","Buena","Diurna","Buen Tiempo","S/D","S/D","Atropello","Ninguna","Horizontal","Ninguna","Sin restricción"
2015,3773,10/06/2015,"Miercoles",0,12:45:00,,"0.0",2,"Moto/Ciclomotor,Automóvil","Av Blas Parera 10000",2,1,0,0,0,0,1,,"Avenida",,"SANTA FE","La Capital","Hormigón","Natural","I","Dentro","Urbana","Ninguna","No existe","Recta","Bueno","Buena","Diurna","Buen Tiempo","De alcance","S/D","Colisión","S/D","Horizontal","Línea divisoria pintada","Sin restricción"
2015,3774,03/06/2015,"Miercoles",0,21:00:00,,"0.0",2,"Moto/Ciclomotor,Pickup/Utilitario","Av Lopez y Planes Y Candido Pujato",2,1,0,0,1,0,0,,"Avenida",,"SANTA FE","La Capital","Asfalto","S/D","I","S/D","Urbana","S/D","S/D","Intersección","S/D","S/D","Nocturna","S/D","S/D","S/D","Colisión","S/D","S/D","S/D","S/D"
2015,3775,05/06/2015,"Viernes",0,18:30:00,,"0.0",2,"Bicicleta,Automóvil","Av Freyre Y Hipolito Yrigoyen",2,1,0,0,1,0,0,"-31.640166666667,-60.71675","Avenida",,"SANTA FE","La Capital","Asfalto","S/D","I","S/D","Urbana","S/D","S/D","Intersección","S/D","S/D","Diurna","S/D","S/D","S/D","Atropello","S/D","S/D","S/D","S/D"
2015,3776,15/06/2015,"Lunes",0,16:35:00,,"0.0",2,"Moto/Ciclomotor,Pickup/Utilitario","Pedro Espinosa Y Carlos Eduardo Carranza",2,1,0,0,1,0,0,,"Calle",,"SANTA FE","La Capital","Tierra","No existe","I","Dentro","Urbana","Ninguna","No existe","Intersección","Deteriorada","Buena","Diurna","Buen Tiempo","Frontal","S/D","Colisión","S/D","S/D","Ninguna","Sin restricción"
2015,3777,08/06/2015,"Lunes",0,17:00:00,,"0.0",2,"Moto/Ciclomotor,Automóvil","Saavedra Y Gdor Crespo",2,1,0,0,1,0,0,,"Calle",,"SANTA FE","La Capital","Asfalto","S/D","I","S/D","Urbana","S/D","S/D","Intersección","S/D","S/D","Diurna","S/D","S/D","S/D","Colisión","S/D","S/D","S/D","S/D"
2015,3778,15/06/2015,"Lunes",0,12:20:00,,"0.0",2,"Moto/Ciclomotor,Automóvil","Av Freyre Y Gdor Crespo",2,1,0,0,1,0,0,,"Calle",,"SANTA FE","La Capital","Asfalto","S/D","I","S/D","Urbana","S/D","S/D","Intersección","S/D","Buena","Diurna","S/D","S/D","S/D","Colisión","S/D","S/D","S/D","S/D"
2015,3779,15/06/2015,"Lunes",0,19:00:00,,"0.0",2,"Moto/Ciclomotor,Automóvil","Av Freyre Y Bv Pellegrini",2,1,0,0,1,0,0,,"Avenida",,"SANTA FE","La Capital","Asfalto","S/D","I","S/D","Urbana","S/D","S/D","Intersección","S/D","S/D","Nocturna","S/D","S/D","S/D","Colisión","S/D","S/D","S/D","S/D"
2015,3780,25/06/2015,"Jueves",0,08:30:00,,"0.0",2,"Bicicleta,Automóvil","San Lorenzo Y La Rioja",2,1,0,0,1,0,0,"-31.64325,-60.716527777778","Calle",,"SANTA FE","La Capital","Asfalto","S/D","I","S/D","Urbana","S/D","S/D","Intersección","S/D","S/D","Diurna","S/D","S/D","S/D","Atropello","S/D","S/D","S/D","S/D"
2015,3781,17/06/2015,"Miercoles",0,15:00:00,,"0.0",2,"Automóvil,Pickup/Utilitario","Mateo Galvez Y Gral Mosconi",5,0,0,0,3,0,2,,"S/D",,"SAN LORENZO","San Lorenzo","S/D","S/D","XVII","S/D","S/D","S/D","S/D","Intersección","S/D","S/D","Diurna","S/D","S/D","S/D","Colisión","S/D","S/D","S/D","S/D"
2015,3782,12/06/2015,"Viernes",0,13:30:00,,"0.0",2,"Moto/Ciclomotor,Automóvil","Av Blas Parera Y Pedro Espinosa",2,1,0,0,1,0,0,,"Avenida",,"SANTA FE","La Capital","Asfalto","S/D","I","Dentro","Urbana","Ninguna","No existe","Intersección","Bueno","Buena","Diurna","Buen Tiempo","Frontal","S/D","Colisión","S/D","Horizontal","Ninguna","Sin restricción"
2015,3783,08/06/2015,"Lunes",0,15:35:00,,"0.0",1,"Moto/Ciclomotor","Beruti 6300",1,1,0,0,0,0,0,,"Calle",,"SANTA FE","La Capital","Asfalto","S/D","I","Dentro","Urbana","S/D","No existe","Recta","Bueno","Buena","Diurna","S/D","Otro","S/D","Otro","S/D","S/D","S/D","S/D"
2015,3784,25/06/2015,"Jueves",0,10:45:00,,"0.0",2,"Moto/Ciclomotor,Automóvil","Av Freyre Y La Rioja",2,1,0,0,1,0,0,,"Avenida",,"SANTA FE","La Capital","Asfalto","S/D","I","S/D","Urbana","S/D","S/D","Intersección","S/D","S/D","Diurna","S/D","S/D","S/D","Colisión","S/D","S/D","S/D","S/D"
2015,3785,25/06/2015,"Jueves",0,13:45:00,,"0.0",2,"Moto/Ciclomotor,Automóvil","Av Urquiza Y Lisandro de la Torre",2,1,0,0,1,0,0,,"Calle",,"SANTA FE","La Capital","Asfalto","S/D","I","S/D","Urbana","S/D","S/D","Intersección","S/D","S/D","Diurna","S/D","S/D","S/D","Colisión","S/D","S/D","S/D","S/D"
2015,3786,26/06/2015,"Viernes",0,10:40:00,,"0.0",2,"Moto/Ciclomotor,Automóvil","Junin Y San Lorenzo",2,1,0,0,1,0,0,,"Calle",,"SANTA FE","La Capital","Asfalto","S/D","I","S/D","Urbana","S/D","S/D","Intersección","S/D","S/D","Diurna","S/D","S/D","S/D","Colisión","S/D","S/D","S/D","S/D"
2015,3787,04/06/2015,"Jueves",0,12:05:00,,"0.0",2,"Moto/Ciclomotor,Pickup/Utilitario","Santiago de Chile Y Salta",3,2,0,0,1,0,0,,"Calle",,"SANTA FE","La Capital","Asfalto","S/D","I","S/D","Urbana","S/D","S/D","Intersección","S/D","S/D","Diurna","S/D","S/D","S/D","Colisión","S/D","S/D","S/D","S/D"
2015,3788,14/06/2015,"Domingo",0,14:45:00,,"0.0",2,"Automóvil,Moto/Ciclomotor","Francia Y Hipolito Yrigoyen",3,2,0,0,1,0,0,,"Calle",,"SANTA FE","La Capital","Asfalto","S/D","I","S/D","Urbana","S/D","S/D","Intersección","Bueno","S/D","Diurna","S/D","S/D","S/D","Colisión","S/D","S/D","S/D","S/D"
2015,3789,17/06/2015,"Miercoles",0,14:26:00,,"0.0",2,"Moto/Ciclomotor,Automóvil","Av Freyre Y Primera Junta",3,2,0,0,1,0,0,,"Avenida",,"SANTA FE","La Capital","Asfalto","S/D","I","S/D","Urbana","S/D","S/D","Intersección","S/D","S/D","Diurna","S/D","S/D","S/D","Colisión","S/D","S/D","S/D","S/D"
2015,3790,18/06/2015,"Jueves",0,14:40:00,,"0.0",2,"Camión,Moto/Ciclomotor","M Diaz Velez Y Genaro Roldan",2,1,0,0,1,0,0,,"Calle",,"SAN LORENZO","San Lorenzo","S/D","S/D","XVII","S/D","Urbana","S/D","S/D","S/D","S/D","S/D","Diurna","S/D","S/D","S/D","Colisión","S/D","S/D","S/D","S/D"
2015,3791,18/06/2015,"Jueves",0,10:20:00,,"0.0",2,"Moto/Ciclomotor,Automóvil","Av Freyre Y Bv Pellegrini",3,2,0,0,1,0,0,,"Avenida",,"SANTA FE","La Capital","Asfalto","S/D","I","S/D","Urbana","S/D","S/D","Intersección","S/D","S/D","Diurna","S/D","S/D","S/D","Colisión","S/D","S/D","S/D","S/D"
2015,3792,18/06/2015,"Jueves",0,18:30:00,,"0.0",2,"Moto/Ciclomotor,Automóvil","Av San Martin Y Bv Oroño",2,1,0,0,1,0,0,,"Avenida",,"SAN LORENZO","San Lorenzo","Asfalto","S/D","XVII","S/D","Urbana","S/D","S/D","Intersección","S/D","S/D","Diurna","S/D","S/D","S/D","Colisión","S/D","S/D","S/D","S/D"
2015,3793,19/06/2015,"Viernes",0,20:35:00,,"0.0",2,"Moto/Ciclomotor,Pickup/Utilitario","Saavedra Y Junin",2,1,0,0,1,0,0,,"Calle",,"SANTA FE","La Capital","Asfalto","S/D","I","S/D","Urbana","S/D","S/D","Intersección","Bueno","S/D","Nocturna","S/D","S/D","S/D","Colisión","S/D","S/D","S/D","S/D"
2015,3794,19/06/2015,"Viernes",0,13:50:00,,"0.0",2,"Automóvil,Moto/Ciclomotor","Av San Martin Y Italia",2,1,0,0,1,0,0,,"Avenida",,"SAN LORENZO","San Lorenzo","Asfalto","S/D","XVII","S/D","Urbana","S/D","S/D","Intersección","Bueno","S/D","Diurna","S/D","S/D","S/D","Colisión","S/D","S/D","S/D","S/D"
2015,3795,23/06/2015,"Martes",0,16:20:00,,"0.0",2,"Automóvil,Moto/Ciclomotor"," ",2,1,0,0,1,0,0,,"Calle",,"CAPITÁN BERMÚDEZ","San Lorenzo","Asfalto","No existe","XIII","Dentro","Urbana","Ninguna","No existe","Intersección","Bueno","Buena","Atardecer","Buen Tiempo","Frontal","S/D","Colisión","S/D","Faltante","Ninguna","Sin restricción"
2015,3796,15/06/2015,"Lunes",0,14:30:00,,"0.0",2,"Automóvil,Moto/Ciclomotor","Avenida Nuestra Señora del Luj 2530",2,1,0,0,1,0,0,,"Avenida",,"SANTO TOMÉ","La Capital","Asfalto","S/D","I","S/D","Urbana","S/D","S/D","Recta","Bueno","Buena","Diurna","Buen Tiempo","S/D","S/D","Colisión","S/D","Horizontal","Ninguna","S/D"
2015,3797,16/06/2015,"Martes",0,13:05:00,,"0.0",2,"Automóvil,Moto/Ciclomotor","7 de marzo Y Simon de Iriondo",2,1,0,0,1,0,0,,"Calle",,"SANTO TOMÉ","La Capital","Asfalto","S/D","I","S/D","Urbana","S/D","Funciona","Intersección","Bueno","Buena","Diurna","Buen Tiempo","Lateral","S/D","Colisión","S/D","S/D","Ninguna","Sin restricción"
2015,3798,22/06/2015,"Lunes",0,18:13:00,,"0.0",1,"Moto/Ciclomotor","Clemente Albelo Y Francia",1,1,0,0,0,0,0,,"Calle",,"SAN LORENZO","San Lorenzo","S/D","S/D","XVII","S/D","Urbana","S/D","S/D","Intersección","S/D","S/D","Atardecer","S/D","Atropello animal","S/D","Colisión","S/D","S/D","S/D","S/D"
2015,3799,24/06/2015,"Miercoles",0,22:20:00,,"0.0",1,"Moto/Ciclomotor","Av Peñaloza Y Espora",2,1,0,0,1,0,0,,"Avenida",,"SANTA FE","La Capital","Asfalto,Hormigón","Natural","I","Dentro","Urbana","Ninguna","No existe","Intersección","Bueno","Buena","Nocturna,Con luz artificial","Buen Tiempo","Lateral","S/D","Colisión","Material Suelto","Faltante","Cordón divisorio","Sin restricción"
2015,3800,25/06/2015,"Jueves",0,11:10:00,,"0.0",2,"Automóvil,Moto/Ciclomotor","Dorrego Y Cayetano Silva",2,0,1,0,1,0,0,,"Calle",,"SAN LORENZO","San Lorenzo","Asfalto","S/D","XVII","S/D","Urbana","S/D","S/D","Intersección","S/D","S/D","Diurna","S/D","S/D","S/D","Colisión","S/D","S/D","S/D","S/D"
2015,3801,23/06/2015,"Martes",0,17:30:00,,"0.0",2,"Moto/Ciclomotor,Pickup/Utilitario","Hernandarias 4455",2,1,0,0,1,0,0,,"Calle",,"SANTA FE","La Capital","Hormigón","Pavimento","I","Dentro","Urbana","Ninguna","No existe","Recta","Bueno","Buena","Diurna","Buen Tiempo","Lateral","S/D","Colisión","S/D","Faltante","Ninguna","Sin restricción"
2015,3802,09/06/2015,"Martes",0,13:00:00,,"0.0",2,"Moto/Ciclomotor,Moto/Ciclomotor","Reconquista Y Jujuy",2,0,1,0,1,0,0,,"Calle",,"PUERTO SAN MARTÍN","San Lorenzo","Asfalto","No existe","XVII","Dentro","Urbana","Ninguna","No existe","Intersección","Bueno","Buena","Diurna","Buen Tiempo","Lateral","S/D","Colisión","Ninguna","Horizontal","Ninguna","Sin restricción"
2015,3803,24/06/2015,"Miercoles",0,11:20:00,,"0.0",2,"Moto/Ciclomotor,Automóvil","Richieri Y General Lopez",2,1,0,0,1,0,0,,"S/D",,"SAN LORENZO","San Lorenzo","S/D","S/D","XVII","S/D","S/D","S/D","S/D","Intersección","S/D","S/D","Diurna","S/D","S/D","S/D","Colisión","S/D","S/D","S/D","S/D"
2015,3804,20/06/2015,"Sabado",0,13:00:00,,"0.0",2,"Bicicleta,Automóvil","Bv Pellegrini Y Av Lopez y Planes",2,1,0,0,1,0,0,"-31.633138888889,-60.715027777778","Avenida",,"SANTA FE","La Capital","Asfalto","S/D","I","S/D","Urbana","S/D","S/D","Intersección","S/D","Buena","Diurna","S/D","S/D","S/D","Atropello","S/D","S/D","S/D","S/D"
2015,3805,14/06/2015,"Domingo",0,04:10:00,,"0.0",2,"Moto/Ciclomotor,Automóvil","Mariano Candioti Y La Rioja",2,1,0,0,0,0,1,,"Calle",,"SANTO TOMÉ","La Capital","Asfalto","No existe","I","S/D","Urbana","Otra Señal","No existe","Intersección","S/D","Buena","Nocturna","S/D","De alcance","S/D","Colisión","S/D","Faltante","Ninguna","Sin restricción"
2015,3806,01/06/2015,"Lunes",0,,,"0.0",2,"Automóvil,Moto/Ciclomotor","Jujuy Y Tucuman",2,1,0,0,1,0,0,,"Calle",,"CAPITÁN BERMÚDEZ","San Lorenzo","Asfalto","No existe","XVII","Dentro","Urbana","Ninguna","No existe","Intersección","Bueno","Buena","Diurna","Buen Tiempo","Frontal","S/D","Colisión","S/D","S/D","Ninguna","Sin restricción"
2015,3807,09/06/2015,"Martes",0,20:15:00,,"0.0",2,"Automóvil,Moto/Ciclomotor","12 de Octubre Y Saavedra",3,0,1,0,2,0,0,,"Calle",,"TOSTADO","9 de Julio","Asfalto","No existe","XII","Dentro","Urbana","Ninguna","No existe","Intersección","Bueno","Buena","Nocturna","Buen Tiempo","Lateral","S/D","Colisión","Ninguna","Faltante","Cordón divisorio","Sin restricción"
2015,3808,14/06/2015,"Domingo",0,20:00:00,,"0.0",2,"Bicicleta,Automóvil","Independencia Y Moreno",2,0,1,0,1,0,0,,"Calle",,"TOSTADO","9 de Julio","Asfalto","No existe","XII","Dentro","Urbana","Ninguna","No existe","Intersección","Bueno","Buena","Nocturna,Con luz artificial","Buen Tiempo","S/D","S/D","Atropello","Ninguna","Faltante","Ninguna","Sin restricción"
2015,3809,27/06/2015,"Sabado",0,05:00:00,,"0.0",2,"Moto/Ciclomotor,Moto/Ciclomotor","Independencia ",4,1,3,0,0,0,0,,"Calle",,"TOSTADO","9 de Julio","Asfalto","S/D","VII","S/D","Urbana","S/D","No existe","Recta","Bueno","S/D","Nocturna","Buen Tiempo","Frontal","S/D","Colisión","Ninguna","S/D","S/D","S/D"
2015,3810,24/06/2015,"Miercoles",0,12:20:00,"Ruta Nacional A012","0.0",2,"Bicicleta,Automóvil","Ing White ",2,1,0,0,1,0,0,,"Ruta","A012","SAN LORENZO","San Lorenzo","S/D","S/D","XVII","S/D","S/D","S/D","S/D","S/D","S/D","S/D","Diurna","S/D","S/D","S/D","Atropello","S/D","S/D","S/D","S/D"
2015,3811,26/06/2015,"Viernes",0,11:45:00,,"0.0",2,"Pickup/Utilitario,Moto/Ciclomotor","Cnel Bogado Y Cortada Uruguay",3,2,0,0,1,0,0,,"Calle",,"SAN LORENZO","San Lorenzo","S/D","S/D","XVII","S/D","Urbana","S/D","S/D","S/D","S/D","S/D","Diurna","S/D","S/D","S/D","Colisión","S/D","S/D","S/D","S/D"
2015,3812,17/06/2015,"Miercoles",0,06:50:00,,"0.0",2,"Moto/Ciclomotor,Bicicleta","Av San Lorenzo Y Paraguay",2,1,0,0,1,0,0,,"Calle",,"CAPITÁN BERMÚDEZ","San Lorenzo","Asfalto","No existe","XVII","Dentro","Urbana","Ninguna","No existe","Intersección","Bueno","Buena","Amanecer","Buen Tiempo","S/D","S/D","Atropello","S/D","Faltante","Ninguna","Sin restricción"
2015,3813,21/06/2015,"Domingo",0,08:00:00,,"0.0",2,"Automóvil,Automóvil","Avda Francia Y Av San Lorenzo",2,1,1,0,0,0,0,,"Avenida",,"CAPITÁN BERMÚDEZ","San Lorenzo","Asfalto","S/D","XVII","Dentro","Urbana","S/D","S/D","Intersección","Bueno","Buena","Diurna","Buen Tiempo","Frontal","S/D","Colisión","S/D","S/D","S/D","Sin restricción"
2015,3814,15/06/2015,"Lunes",0,18:50:00,,"0.0",2,"Moto/Ciclomotor,Bicicleta","Eva Peron Y J V Gonzalez",2,1,0,0,1,0,0,,"Calle",,"CAPITÁN BERMÚDEZ","San Lorenzo","Asfalto","S/D","XVII","Dentro","Urbana","S/D","S/D","Intersección","Bueno","Buena","Diurna","Buen Tiempo","S/D","S/D","Atropello","S/D","S/D","S/D","Sin restricción"
2015,3815,19/06/2015,"Viernes",0,15:20:00,,"0.0",1,"Moto/Ciclomotor","Hernandarias Y J Macia",1,1,0,0,0,0,0,,"Calle",,"SANTO TOMÉ","La Capital","Asfalto","No existe","I","S/D","Urbana","Ninguna","No existe","Intersección","Bueno","Buena","Diurna","Buen Tiempo","Contra objeto fijo","S/D","Colisión","S/D","Faltante","Ninguna","Sin restricción"
2015,3816,09/06/2015,"Martes",0,19:30:00,,"0.0",2,"Automóvil,Moto/Ciclomotor","Santa fe Y Av San Lorenzo",2,1,0,0,1,0,0,,"Calle",,"CAPITÁN BERMÚDEZ","San Lorenzo","Asfalto","S/D","XVII","Dentro","Urbana","Ninguna","S/D","Intersección","Bueno","Buena","Nocturna","Buen Tiempo","Frontal","S/D","Colisión","S/D","S/D","Ninguna","Sin restricción"
2015,3817,27/06/2015,"Sabado",0,10:30:00,,"0.0",2,"Moto/Ciclomotor,Moto/Ciclomotor","Ayacucho Y Larguia",3,3,0,0,0,0,0,,"Calle",,"SANTA FE","La Capital","Asfalto","Natural","I","S/D","Urbana","Ninguna","No existe","Intersección","Deteriorada","Buena","Diurna","Buen Tiempo","Lateral","S/D","Colisión","S/D","S/D","Ninguna","Sin restricción"
2015,3818,08/06/2015,"Lunes",0,13:00:00,,"0.0",3,"Taxi/Remis,Automóvil,Moto/Ciclomotor","Sgto Cabral Y Cordoba",4,0,0,0,2,0,2,,"Calle",,"PUERTO SAN MARTÍN","San Lorenzo","Asfalto","No existe","XVII","Dentro","Urbana","Ninguna","No existe","Intersección","Bueno","Buena","Diurna","Buen Tiempo","Lateral,Múltiple","S/D","Colisión","Ninguna","Horizontal","Ninguna","Sin restricción"
2015,3819,03/06/2015,"Miercoles",0,18:45:00,"Ruta Nacional 11","0.0",2,"Moto/Ciclomotor,Automóvil","Ruta 18 S Y Ruta Nac 11",3,2,0,0,1,0,0,,"Ruta",11,"PUERTO SAN MARTÍN","San Lorenzo","Asfalto","Natural","XVII","Dentro","Urbana","Ninguna","No existe","Intersección","Bueno","Reducida","Atardecer","Buen Tiempo","Lateral","S/D","Colisión","Ninguna","Horizontal","Ninguna","Sin restricción"
2015,3820,03/06/2015,"Miercoles",0,13:30:00,,"0.0",1,"Moto/Ciclomotor","Pte Hipolito Irigoyen ",2,2,0,0,0,0,0,,"Calle",,"PUERTO SAN MARTÍN","San Lorenzo","Asfalto","No existe","XVII","Fuera","Urbana","Ninguna","No existe","Recta","Bueno","Buena","Diurna","Buen Tiempo","S/D","S/D","Caída ocupante","Ninguna","Horizontal","Ninguna","Sin restricción"
2015,3821,13/06/2015,"Sabado",0,10:50:00,,"0.0",2,"Automóvil,Camión","Sarmiento Y Jujuy",2,1,0,0,1,0,0,,"Calle",,"PUERTO SAN MARTÍN","San Lorenzo","Asfalto","No existe","XVII","Dentro","Urbana","Ninguna","No existe","Intersección","Bueno","Buena","Diurna","Buen Tiempo","Lateral","S/D","Colisión","Ninguna","Horizontal","Ninguna","Sin restricción"
2015,3822,29/06/2015,"Lunes",0,17:00:00,,"0.0",2,"Moto/Ciclomotor,Automóvil","Azcuenaga Y Azopardo",2,1,0,0,1,0,0,,"Calle",,"SANTA FE","La Capital","Hormigón","Natural","I","Dentro","S/D","Ninguna","No existe","Intersección","Deteriorada","Buena","Diurna","Buen Tiempo","Lateral","S/D","Colisión","Agua","S/D","Ninguna","Sin restricción"
2015,3823,01/06/2015,"Lunes",0,12:30:00,"Autopista Provincial Brigadier E.López","12.0",1,"Pickup/Utilitario"," ",2,1,0,0,1,0,0,,"Autopista","Brigadier E.López","FRAY LUIS BELTRÁN","San Lorenzo","Asfalto","Pavimento","XVII","S/D","Rural","Ninguna","No existe","Recta","Bueno","Buena","Diurna","Buen Tiempo","S/D","S/D","Vuelco","S/D","Horizontal","Vegetación","Sin restricción"
2015,3824,03/06/2015,"Miercoles",0,23:15:00,"Ruta Nacional 11","497.0",1,"Automóvil"," ",1,1,0,0,0,0,0,,"Ruta",11,"CANDIOTI","La Capital","Asfalto","Natural","I","Dentro","Rural","Ninguna","No existe","Recta","Bueno","Buena","Nocturna","Buen Tiempo","Atropello animal","S/D","Colisión","Ninguna","Horizontal","Línea divisoria pintada","S/D"
2015,3825,01/06/2015,"Lunes",0,17:15:00,,"0.0",2,"Automóvil,Moto/Ciclomotor","Av San Martin Y Teniente Agneta",2,1,0,0,1,0,0,,"Calle",,"FRAY LUIS BELTRÁN","San Lorenzo","Asfalto","Natural","XVII","Dentro","Urbana","Ninguna","No existe","Intersección","Bueno","Buena","Diurna","Buen Tiempo","Lateral","S/D","Colisión","Agua","Horizontal","Ninguna","Sin restricción"
2015,3826,04/06/2015,"Jueves",0,18:15:00,,"0.0",2,"Automóvil,Moto/Ciclomotor","Av San Martin Y Maestra Barragan - Ex Bs.As.",2,1,0,0,1,0,0,,"Calle",,"FRAY LUIS BELTRÁN","San Lorenzo","Asfalto","No existe","XVII","Dentro","Urbana","Ninguna","No existe","Intersección","Bueno","Buena","Atardecer","Buen Tiempo","Lateral","S/D","Colisión","S/D","Horizontal","Ninguna","S/D"
2015,3827,03/06/2015,"Miercoles",0,17:10:00,,"0.0",2,"Automóvil,Automóvil","Congreso Y Av San Martin",2,1,0,0,0,0,1,,"S/D",,"SAN LORENZO","San Lorenzo","S/D","S/D","XVII","S/D","S/D","S/D","S/D","S/D","S/D","S/D","Diurna","S/D","S/D","S/D","S/D","S/D","S/D","S/D","S/D"
2015,3828,20/06/2015,"Sabado",0,19:30:00,"Ruta Nacional 11","0.0",2,"Automóvil,Moto/Ciclomotor","Ruta Nacional 11 Y Chubut",2,1,0,0,1,0,0,,"Ruta",11,"RECREO","La Capital","Asfalto","Ripio","I","Dentro","Urbana","Ninguna","No existe","Intersección","S/D","Buena","Atardecer","Buen Tiempo","Lateral","S/D","Colisión","Ninguna","Horizontal","Línea divisoria pintada","Sin restricción"
2015,3829,26/06/2015,"Viernes",0,20:35:00,,"0.0",2,"Moto/Ciclomotor,Automóvil","Av San Martin Y Bussi",2,1,0,0,1,0,0,,"Avenida",,"FRAY LUIS BELTRÁN","San Lorenzo","Tierra","Natural","XVII","Dentro","Urbana","Ninguna","No existe","Intersección","Bueno","Reducida polvo","Nocturna","S/D","Lateral","S/D","Colisión","S/D","Faltante","Ninguna","Sin restricción"
2015,3830,10/06/2015,"Miercoles",0,12:45:00,"Ruta Provincial 2","305.0",1,"Automóvil"," ",3,1,0,0,2,0,0,,"Ruta",2,"CARCARAÑÁ","San Lorenzo","Asfalto","Natural","XVII","Fuera","Rural","Ninguna","No existe","Recta","Con baches","Buena","Diurna","Buen Tiempo","S/D","S/D","Vuelco","Otro","S/D","Línea divisoria pintada","Sin restricción"