"anio_acci","nro_acci","fecha","desc_dia","fecha_aprox","hora_aprox","desc_ruta","km","cant_participantes","desc_participante","calle_avenida_km","total","heridos_leves","heridos_graves","heridos_gravisimos","ilesos","fallecidos","sin_datos","posicion_XY","desc_tipo_via","desc_ruta_ori","desc_loc","desc_dpto","desc_tipo_calzada","desc_tipo_banquina","desc_unidad_regional","desc_lugar_calzada","desc_zona","desc_prioridad","desc_estado_semaforo","desc_lugar_via","desc_estado_via","desc_estado_visibilidad","desc_luminosidad","desc_estado_clima","desc_tipo_colision","desc_tipo_atropello","desc_tipo_hecho","desc_pres_calzada","desc_senializacion","desc_separacion_via","desc_restriccion"
2015,3831,14/06/2015,"Domingo",0,10:00:00,,"0.0",2,"Automóvil,Automóvil","Av Blas Parera Y French",2,1,0,0,1,0,0,,"Avenida",,"SANTA FE","La Capital","Asfalto","Pavimento","I","Dentro","Urbana","S/D","No existe","Intersección","Bueno","Buena","Diurna","Buen Tiempo","Lateral","S/D","Colisión","S/D","Horizontal,Vertical","S/D","Sin restricción"
2015,3832,12/06/2015,"Viernes",0,11:20:00,,"0.0",2,"Automóvil,Moto/Ciclomotor","Florencio Fernandez Y Gdor Servando Bayo",3,2,0,0,1,0,0,,"Calle",,"SANTA FE","La Capital","Asfalto","No existe","I","S/D","Urbana","Ninguna","No existe","Intersección","Bueno","Buena","Diurna","Buen Tiempo","Frontal","S/D","Colisión","Ninguna","S/D","Ninguna","Sin restricción"
2015,3833,24/06/2015,"Miercoles",0,11:25:00,,"0.0",2,"Moto/Ciclomotor,Automóvil","Pedro Espinosa Y Carlos Eduardo Carranza",3,1,1,0,1,0,0,,"Calle",,"SANTA FE","La Capital","Tierra","No existe","I","Dentro","Urbana","Ninguna","No existe","Intersección","Bueno","Buena","Diurna","Buen Tiempo","Frontal","S/D","Colisión","S/D","Faltante","Ninguna","Sin restricción"
2015,3834,30/06/2015,"Martes",0,10:00:00,,"0.0",2,"Bicicleta,Moto/Ciclomotor","Ayacucho Y Edmundo Rosas",2,2,0,0,0,0,0,"-31.589361111111,-60.732083333333","Calle",,"SANTA FE","La Capital","Asfalto","Natural","I","Dentro","Urbana","Ninguna","No existe","Intersección","Deteriorada","Reducida","Diurna","Niebla","S/D","S/D","Atropello","Material Suelto","Faltante","Ninguna","Sin restricción"
2015,3835,23/06/2015,"Martes",0,19:55:00,,"0.0",2,"Automóvil,Moto/Ciclomotor","Sarmiento Y Gral Lopez",2,1,0,0,1,0,0,,"Calle",,"FRAY LUIS BELTRÁN","San Lorenzo","Asfalto","No existe","XVII","Dentro","Urbana","Ninguna","S/D","Intersección","S/D","S/D","Atardecer","Buen Tiempo","Lateral","S/D","Colisión","S/D","S/D","S/D","Sin restricción"
2015,3836,19/06/2015,"Viernes",0,16:10:00,,"0.0",2,"Moto/Ciclomotor,Moto/Ciclomotor","Don Guanella Y Sebastian Gaboto",2,1,0,0,1,0,0,,"Calle",,"SANTA FE","La Capital","Asfalto","Natural","I","Dentro","Urbana","Ninguna","No existe","Intersección","Deteriorada","Buena","Diurna","Buen Tiempo","Lateral","S/D","Colisión","Material Suelto","Faltante","Ninguna","Sin restricción"
2015,3837,11/06/2015,"Jueves",0,11:50:00,,"0.0",2,"Pickup/Utilitario,Moto/Ciclomotor","Mitre Y Pte Peron",2,1,0,0,1,0,0,,"S/D",,"FRAY LUIS BELTRÁN","San Lorenzo","Asfalto","No existe","XVII","S/D","Urbana","Ninguna","No existe","Intersección","Bueno","Buena","Diurna","Buen Tiempo","Lateral","S/D","Colisión","S/D","S/D","Ninguna","Sin restricción"
2015,3838,23/06/2015,"Martes",0,16:45:00,,"0.0",2,"Automóvil,Moto/Ciclomotor","Av San Martin Y Maestra Barragan - Ex Bs.As.",2,1,0,0,1,0,0,,"Calle",,"FRAY LUIS BELTRÁN","San Lorenzo","Asfalto","No existe","XVII","Dentro","Urbana","Ninguna","No existe","Intersección","Bueno","Buena","Diurna","Buen Tiempo","Lateral","S/D","Colisión","Agua","Faltante","Ninguna","Sin restricción"
2015,3839,19/06/2015,"Viernes",0,,,"0.0",1,"Automóvil","25 de mayo Y Pasaje Almte Guillermo Brown",2,1,0,0,1,0,0,,"Calle",,"SANTO TOMÉ","La Capital","Asfalto","No existe","I","Dentro","Urbana","Semáforo","Funciona","Recta","Bueno","Buena","Diurna","Buen Tiempo","Contra objeto fijo","S/D","Colisión","S/D","S/D","Ninguna","Sin restricción"
2015,3840,04/06/2015,"Jueves",0,02:00:00,,"0.0",3,"Moto/Ciclomotor,Moto/Ciclomotor,Moto/Ciclomotor","7 de marzo Y Mariano Candioti",4,3,0,0,1,0,0,,"Calle",,"SANTO TOMÉ","La Capital","Asfalto","S/D","I","Dentro","Urbana","Ninguna","No existe","Intersección","Bueno","Buena","Nocturna,Con luz artificial","Buen Tiempo","Lateral","S/D","Colisión","S/D","Faltante","Ninguna","Sin restricción"
2015,3841,08/06/2015,"Lunes",0,,,"0.0",1,"Moto/Ciclomotor","Libertad Y Sebastian Gaboto",1,1,0,0,0,0,0,,"Calle",,"SANTO TOMÉ","La Capital","Asfalto","No existe","I","Dentro","Urbana","Ninguna","No existe","Intersección","Bueno","Buena","Nocturna","Buen Tiempo","Contra objeto fijo","S/D","Colisión","S/D","S/D","Ninguna","Sin restricción"
2015,3842,07/06/2015,"Domingo",0,02:10:00,,"0.0",2,"Automóvil,Automóvil","25 de Mayo 1900",3,2,0,0,1,0,0,,"Calle",,"TOSTADO","9 de Julio","Asfalto","No existe","XII","Dentro","Urbana","Ninguna","No existe","Recta","Bueno","Buena","Nocturna,Con luz artificial","Buen Tiempo","Frontal","S/D","Colisión","Ninguna","Faltante","Ninguna","Sin restricción"
2015,3843,09/06/2015,"Martes",0,01:50:00,,"0.0",2,"Automóvil,Moto/Ciclomotor","Pje Gregoria P de Denis Y Entre Rios",2,0,0,0,1,0,1,,"Calle",,"SANTA FE","La Capital","S/D","S/D","I","S/D","Urbana","S/D","S/D","Intersección","S/D","S/D","Nocturna","S/D","S/D","S/D","S/D","S/D","S/D","S/D","S/D"
2015,3844,27/06/2015,"Sabado",0,09:30:00,,"0.0",2,"Moto/Ciclomotor,Bicicleta","PUENTE CENTENO ",2,1,0,0,1,0,0,,"S/D",,"SANTA FE","La Capital","S/D","S/D","I","Dentro","Urbana","S/D","S/D","Puente","S/D","S/D","Diurna","S/D","S/D","S/D","Atropello","S/D","S/D","S/D","S/D"
2015,3845,01/06/2015,"Lunes",0,18:10:00,,"0.0",2,"Camión,Moto/Ciclomotor","Republica Argentina Y Saavedra",3,0,2,0,0,0,1,,"Calle",,"TOSTADO","9 de Julio","Asfalto","S/D","XII","S/D","Urbana","Ninguna","No existe","Intersección","Bueno","Buena","Diurna","Buen Tiempo","Lateral","S/D","Colisión","S/D","Faltante","Ninguna","Sin restricción"
2015,3846,03/06/2015,"Miercoles",0,09:00:00,,"0.0",2,"Automóvil,Automóvil","ALTURA M RODRIGUEZ ",2,1,0,0,1,0,0,,"Avenida",,"RECREO","La Capital","Asfalto","Natural","I","S/D","Urbana","Ninguna","No existe","Recta","Bueno","Buena","Diurna","Buen Tiempo","Lateral","S/D","Colisión","S/D","Horizontal","Guardarrail,Línea divisoria pintada","Sin restricción"
2015,3847,16/06/2015,"Martes",0,08:15:00,"Autopista Nacional Rosario -Cordoba","312.0",2,"Automóvil,Automóvil"," ",7,2,0,0,5,0,0,,"Autopista","Rosario -Cordoba","ROLDÁN","San Lorenzo","Asfalto","Natural","XVII","Dentro","Rural","S/D","No existe","Recta","Bueno","Buena","Diurna","Buen Tiempo","Otro","S/D","Colisión","S/D","Vertical","Vegetación,Línea divisoria pintada","Sin restricción"
2015,3848,24/06/2015,"Miercoles",0,10:15:00,,"0.0",2,"Moto/Ciclomotor,Automóvil","Cordoba Y Falucho",2,1,0,0,1,0,0,,"Calle",,"PUERTO SAN MARTÍN","San Lorenzo","Asfalto","Pavimento","XVII","Dentro","Urbana","Ninguna","No existe","Intersección","Bueno","Buena","Diurna","Buen Tiempo","Lateral","S/D","Colisión","Ninguna","Horizontal","Ninguna","Sin restricción"
2015,3849,10/06/2015,"Miercoles",0,18:00:00,,"0.0",2,"Moto/Ciclomotor,Pickup/Utilitario","Dr Zavalla Y 3 de Febrero",2,1,0,0,0,0,1,,"Calle",,"SANTA FE","La Capital","S/D","S/D","I","S/D","Urbana","S/D","S/D","S/D","S/D","S/D","Diurna","S/D","S/D","S/D","S/D","S/D","S/D","S/D","S/D"
2015,3850,22/06/2015,"Lunes",0,13:30:00,,"0.0",3,"Moto/Ciclomotor,Moto/Ciclomotor,Pickup/Utilitario","Av San Martin Y Tucuman",5,4,0,0,1,0,0,,"Avenida",,"PUERTO SAN MARTÍN","San Lorenzo","Asfalto","No existe","XVII","Dentro","Urbana","Ninguna","No existe","Intersección","Bueno","Buena","Diurna","Buen Tiempo","Múltiple","S/D","Colisión","Ninguna","Horizontal","Ninguna","Sin restricción"
2015,3851,20/06/2015,"Sabado",0,12:30:00,"Ruta Nacional 11","480.0",2,"Moto/Ciclomotor,Pickup/Utilitario"," ",3,2,0,0,1,0,0,,"Ruta",11,"RECREO","La Capital","Asfalto","Ripio","I","S/D","Urbana","Ninguna","No existe","Recta","Bueno","Buena","Diurna","Buen Tiempo","Frontal","S/D","Colisión","Ninguna","Horizontal","Línea divisoria pintada","Sin restricción"
2015,3852,14/06/2015,"Domingo",0,00:49:00,,"0.0",2,"Automóvil,Moto/Ciclomotor","Corrientes Y Dr Zavalla",2,0,0,0,0,0,2,,"Calle",,"SANTA FE","La Capital","S/D","S/D","I","S/D","Urbana","S/D","S/D","S/D","S/D","S/D","Nocturna","S/D","S/D","S/D","S/D","S/D","S/D","S/D","S/D"
2015,3853,30/06/2015,"Martes",0,19:40:00,"Ruta Nacional 178","180.0",2,"Camión,Automóvil"," ",5,1,0,0,4,0,0,,"Ruta",178,"LAS PAREJAS","Belgrano","Asfalto","Natural","III","Fuera","Urbana","Ninguna","No existe","Recta","Bueno","Reducida","Nocturna","Buen Tiempo","Lateral","S/D","Colisión","Ninguna","Horizontal","Línea divisoria pintada","Sin restricción"
2015,3854,28/06/2015,"Domingo",0,18:25:00,,"0.0",2,"Automóvil,Moto/Ciclomotor","Las Heras Y Risso",3,1,0,0,2,0,0,,"Calle",,"SANTA FE","La Capital","Asfalto","S/D","I","S/D","Urbana","S/D","S/D","Intersección","Bueno","Buena","Atardecer,Con luz artificial","S/D","Lateral","S/D","Colisión","S/D","S/D","S/D","S/D"
2015,3855,06/06/2015,"Sabado",0,13:00:00,,"0.0",2,"Automóvil,Camión","Av de Circunvalacion ",3,1,0,0,2,0,0,,"Avenida",,"RECREO","La Capital","Asfalto","Natural","I","Dentro","Urbana","Ninguna","No existe","Recta","Bueno","Buena","Diurna","Buen Tiempo","Lateral","S/D","Colisión","Ninguna","Horizontal","Guardarrail,Línea divisoria pintada","Sin restricción"
2015,3856,17/06/2015,"Miercoles",0,12:30:00,"Ruta Nacional 11","477.0",2,"Moto/Ciclomotor,Automóvil"," ",3,2,0,0,1,0,0,,"Ruta",11,"RECREO","La Capital","Asfalto","Natural","I","S/D","Urbana","Ninguna","No existe","Recta","Bueno","Buena","Diurna","Buen Tiempo","Frontal","S/D","Colisión","Ninguna","Horizontal","Línea divisoria pintada","Sin restricción"
2015,3857,22/06/2015,"Lunes",0,08:40:00,"Autopista Nacional Rosario -Cordoba","318.0",1,"Automóvil"," ",1,1,0,0,0,0,0,,"Autopista","Rosario -Cordoba","ROLDÁN","San Lorenzo","Asfalto","Natural","XVII","Dentro","Rural","Ninguna","No existe","Recta","Bueno","Buena","Diurna","Buen Tiempo","S/D","S/D","Incendio,Despiste","S/D","Vertical","Ninguna","Sin restricción"
2015,3858,12/06/2015,"Viernes",0,23:10:00,,"0.0",2,"Pickup/Utilitario,Moto/Ciclomotor","Av Gral Lopez Y Saavedra",2,0,0,0,0,0,2,,"Calle",,"SANTA FE","La Capital","S/D","S/D","I","S/D","Urbana","S/D","S/D","S/D","S/D","S/D","Nocturna","S/D","S/D","S/D","S/D","S/D","S/D","S/D","S/D"
2015,3859,24/06/2015,"Miercoles",0,08:30:00,"Ruta Nacional 9","0.0",2,"Automóvil,Moto/Ciclomotor","Catamarca Y Avenida Alberdi",5,2,0,0,3,0,0,,"Ruta",9,"ROLDÁN","San Lorenzo","Asfalto","Ripio","XVII","Dentro","Urbana","S/D","No existe","Recta","Bueno","Buena","Diurna","Buen Tiempo","Lateral","S/D","Colisión","S/D","Vertical","Línea divisoria pintada","S/D"
2015,3860,18/06/2015,"Jueves",0,12:50:00,,"0.0",2,"Moto/Ciclomotor,Taxi/Remis","Dorrego Y Rivadavia",2,1,0,0,1,0,0,,"Calle",,"SAN LORENZO","San Lorenzo","S/D","S/D","I","S/D","S/D","S/D","S/D","S/D","S/D","S/D","Diurna","S/D","S/D","S/D","Colisión","S/D","S/D","S/D","S/D"
2015,3861,26/06/2015,"Viernes",0,08:50:00,"Autopista Nacional Rosario -Cordoba","316.0",2,"Moto/Ciclomotor,Automóvil"," ",2,1,0,0,1,0,0,,"Autopista","Rosario -Cordoba","ROLDÁN","San Lorenzo","Asfalto","Natural","XVII","Dentro","Rural","S/D","No existe","Recta","Bueno","Buena","Diurna","Buen Tiempo","S/D","S/D","Otro","S/D","Vertical","Ninguna","Sin restricción"
2015,3862,16/06/2015,"Martes",0,18:05:00,,"0.0",2,"Moto/Ciclomotor,Moto/Ciclomotor","Dorrego Y Moreno",2,2,0,0,0,0,0,,"Calle",,"SAN LORENZO","San Lorenzo","S/D","S/D","XVII","S/D","Urbana","S/D","S/D","S/D","S/D","S/D","Atardecer","Buen Tiempo","S/D","S/D","Colisión","S/D","S/D","S/D","S/D"
2015,3863,27/06/2015,"Sabado",0,12:00:00,,"0.0",2,"Moto/Ciclomotor,Taxi/Remis","Mendoza Y Santiago de Chile",2,1,0,0,1,0,0,,"Calle",,"SANTA FE","La Capital","Asfalto","S/D","I","S/D","Urbana","S/D","S/D","Intersección","S/D","S/D","Diurna","S/D","S/D","S/D","Colisión","S/D","S/D","S/D","S/D"
2015,3864,27/06/2015,"Sabado",0,11:15:00,,"0.0",2,"Bicicleta,Pickup/Utilitario","Francia Y Vera",2,1,0,0,1,0,0,"-31.641944444444,-60.713444444444","Calle",,"SANTA FE","La Capital","Asfalto","S/D","I","S/D","Urbana","S/D","S/D","Intersección","S/D","S/D","Diurna","S/D","S/D","S/D","Atropello","S/D","S/D","S/D","S/D"
2015,3865,03/06/2015,"Miercoles",0,01:00:00,,"0.0",2,"Automóvil,Moto/Ciclomotor","Corrientes Y Av Urquiza",2,1,0,0,1,0,0,,"Calle",,"SANTA FE","La Capital","S/D","S/D","I","S/D","Urbana","S/D","S/D","S/D","S/D","S/D","Nocturna","S/D","S/D","S/D","S/D","S/D","S/D","S/D","S/D"
2015,3866,26/06/2015,"Viernes",0,16:00:00,,"0.0",2,"Automóvil,Automóvil","Independencia Y Mendoza",2,1,0,0,1,0,0,,"Calle",,"ROLDÁN","San Lorenzo","Hormigón","No existe","XVII","Dentro","Urbana","Ninguna","No existe","Intersección","Bueno","Buena","Diurna","Buen Tiempo","Lateral","S/D","Colisión","S/D","Vertical","Ninguna","Sin restricción"
2015,3867,21/06/2015,"Domingo",0,03:05:00,,"0.0",2,"Automóvil,Automóvil","Bv Pellegrini Y Naciones Unidas",3,2,0,0,1,0,0,,"Calle",,"SANTA FE","La Capital","Asfalto","Pavimento","I","Dentro","Urbana","S/D","No existe","Curva","Bueno","Reducida","Nocturna","Buen Tiempo","Lateral","S/D","Colisión","S/D","Faltante","Cordón divisorio","S/D"
2015,3868,03/06/2015,"Miercoles",0,12:30:00,,"0.0",2,"Moto/Ciclomotor,Camión","Lamadrid Y Gdor Crespo",2,1,0,0,1,0,0,,"Calle",,"SANTA FE","La Capital","Asfalto","Pavimento","I","Dentro","Urbana","Ninguna","No existe","Intersección","Bueno","Buena","Diurna","Buen Tiempo","Lateral","S/D","Colisión","S/D","Faltante","Cordón divisorio","Sin restricción"
2015,3869,24/06/2015,"Miercoles",0,12:00:00,,"0.0",2,"Moto/Ciclomotor,Automóvil","Alberti Y Av Urquiza",2,1,0,0,1,0,0,,"Calle",,"SANTA FE","La Capital","Asfalto","No existe","I","Dentro","Urbana","Ninguna","No existe","Intersección","Bueno","Buena","Diurna","Buen Tiempo","Lateral","S/D","Colisión","Ninguna","Faltante","Ninguna","Sin restricción"
2015,3870,25/06/2015,"Jueves",0,08:30:00,,"0.0",2,"Moto/Ciclomotor,Taxi/Remis","Av Facundo Zuviria Y Luciano Torrent",2,1,0,0,1,0,0,,"Calle",,"SANTA FE","La Capital","Hormigón","No existe","I","Dentro","Urbana","Semáforo","Funciona","Recta","Bueno,Con baches","Buena","Diurna","Buen Tiempo","De alcance","S/D","Colisión","Ninguna","Vertical","Ninguna","Sin restricción"
2015,3871,26/06/2015,"Viernes",0,06:50:00,,"0.0",2,"Automóvil,Moto/Ciclomotor","Av A del Valle Y Espora",2,1,0,0,1,0,0,,"Avenida",,"SANTA FE","La Capital","Hormigón","No existe","I","Dentro","Urbana","Ninguna","No existe","Intersección","Bueno","Buena","Amanecer,Con luz artificial","Buen Tiempo","Lateral","S/D","Colisión","Otro","Faltante","Ninguna","Sin restricción"
2015,3872,16/06/2015,"Martes",0,17:40:00,,"0.0",2,"Automóvil,Pickup/Utilitario","San Carlos Y Catamarca",2,1,0,0,1,0,0,,"Calle",,"SAN LORENZO","San Lorenzo","S/D","S/D","XVII","S/D","S/D","S/D","S/D","Intersección","S/D","S/D","Diurna","S/D","S/D","S/D","Colisión","S/D","S/D","S/D","S/D"
2015,3873,24/06/2015,"Miercoles",0,14:20:00,,"0.0",2,"Automóvil,Moto/Ciclomotor","Bouvier Y C Remondino",2,1,0,0,1,0,0,,"Calle",,"SAN LORENZO","San Lorenzo","S/D","S/D","XVII","S/D","Urbana","S/D","S/D","S/D","S/D","S/D","Diurna","S/D","S/D","S/D","Colisión","S/D","S/D","S/D","S/D"
2015,3874,29/06/2015,"Lunes",0,18:30:00,,"0.0",2,"Moto/Ciclomotor,Automóvil","Candido Pujato Y Pje Lassaga",2,1,0,0,1,0,0,,"Calle",,"SANTA FE","La Capital","Asfalto","S/D","I","S/D","Urbana","S/D","S/D","Intersección","S/D","S/D","Diurna","S/D","S/D","S/D","Colisión","S/D","S/D","S/D","S/D"
2015,3875,29/06/2015,"Lunes",0,15:30:00,,"0.0",2,"Moto/Ciclomotor,Automóvil","Av Freyre Y Primera Junta",2,1,0,0,1,0,0,,"Avenida",,"SANTA FE","La Capital","Asfalto","S/D","I","S/D","Urbana","S/D","S/D","Intersección","S/D","S/D","Diurna","S/D","S/D","S/D","Colisión","S/D","S/D","S/D","S/D"
2015,3876,15/06/2015,"Lunes",0,19:35:00,,"0.0",2,"Automóvil,Moto/Ciclomotor","J J Paso Y Dr Zavalla",2,1,0,0,0,0,1,,"Calle",,"SANTA FE","La Capital","S/D","S/D","I","S/D","Urbana","S/D","S/D","S/D","S/D","S/D","Diurna","S/D","S/D","S/D","S/D","S/D","S/D","S/D","S/D"
2015,3877,15/06/2015,"Lunes",0,21:50:00,,"0.0",2,"Automóvil,Moto/Ciclomotor","Francia Y Amenabar",2,1,0,0,0,0,1,,"Calle",,"SANTA FE","La Capital","S/D","S/D","I","S/D","Urbana","S/D","S/D","S/D","S/D","S/D","Nocturna","S/D","S/D","S/D","S/D","S/D","S/D","S/D","S/D"
2015,3878,08/06/2015,"Lunes",0,19:15:00,,"0.0",2,"Moto/Ciclomotor,Automóvil","San Juan Y Uruguay",3,1,0,0,2,0,0,,"Calle",,"SANTA FE","La Capital","S/D","S/D","I","S/D","Urbana","S/D","S/D","S/D","S/D","S/D","Nocturna","S/D","S/D","S/D","S/D","S/D","S/D","S/D","S/D"
2015,3879,04/06/2015,"Jueves",0,11:00:00,,"0.0",2,"Automóvil,Moto/Ciclomotor","Av Gral Lopez Y Dr Zavalla",2,1,0,0,1,0,0,,"Calle",,"SANTA FE","La Capital","S/D","S/D","I","S/D","Urbana","S/D","S/D","S/D","S/D","S/D","Diurna","S/D","S/D","S/D","S/D","S/D","S/D","S/D","S/D"
2015,3880,01/06/2015,"Lunes",0,18:00:00,,"0.0",2,"Automóvil,Moto/Ciclomotor","Corrientes 3100",2,1,0,0,0,0,1,,"Calle",,"SANTA FE","La Capital","S/D","S/D","I","S/D","Urbana","S/D","S/D","S/D","S/D","S/D","Diurna","S/D","S/D","S/D","Colisión","S/D","S/D","S/D","S/D"
2015,3881,04/06/2015,"Jueves",0,10:00:00,,"0.0",2,"Moto/Ciclomotor,Automóvil","Las Heras Y Quintana",2,1,0,0,1,0,0,,"Calle",,"SANTA FE","La Capital","Asfalto","No existe","I","Dentro","Urbana","Ninguna","No existe","Recta","Bueno","Buena","Diurna","Buen Tiempo","Lateral","S/D","Colisión","Ninguna","S/D","Ninguna","Sin restricción"
2015,3882,20/06/2015,"Sabado",0,17:25:00,,"0.0",2,"Automóvil,Bicicleta","Sgto Cabral Y Jujuy",2,1,0,0,1,0,0,,"Calle",,"PUERTO SAN MARTÍN","San Lorenzo","Asfalto","No existe","XVII","Dentro","Urbana","Ninguna","No existe","Intersección","Bueno","Buena","Atardecer","Buen Tiempo","S/D","S/D","Atropello","Ninguna","Horizontal","Ninguna","Sin restricción"
2015,3883,30/06/2015,"Martes",0,21:30:00,,"0.0",2,"Moto/Ciclomotor,Automóvil","Av Urquiza Y Primera Junta",2,1,0,0,1,0,0,,"S/D",,"SANTA FE","La Capital","Asfalto","S/D","I","S/D","Urbana","S/D","S/D","Intersección","S/D","S/D","Nocturna","S/D","S/D","S/D","Colisión","S/D","S/D","S/D","S/D"
2015,3884,28/05/2015,"Jueves",0,07:50:00,"Autovía Nacional Gral. Juan Jose Valle","247.0",6,"Transporte de Pasajeros Larga Distancia (Doble Piso),Camión,Automóvil,Camión,Pickup/Utilitario,Transporte de Pasajeros Larga Distancia (Doble Piso)"," ",29,21,1,0,6,0,1,,"Autovía","Gral. Juan Jose Valle","EMPALME VILLA CONSTITUCIÓN","Constitución","Asfalto","Natural","VI","Dentro","Rural","S/D","No existe","Recta","Bueno","Reducida","Amanecer","Niebla","Múltiple","S/D","Colisión","Ninguna","S/D","Línea divisoria pintada","S/D"
2015,3885,24/06/2015,"Miercoles",0,09:30:00,,"17.0",2,"Pickup/Utilitario,Camión"," ",6,4,0,0,0,0,2,,"S/D",,"SAN LORENZO","San Lorenzo","S/D","S/D","XVII","S/D","S/D","S/D","S/D","S/D","S/D","S/D","Diurna","S/D","S/D","S/D","S/D","S/D","S/D","S/D","S/D"
2015,3886,11/06/2015,"Jueves",0,20:00:00,,"0.0",2,"Automóvil,Bicicleta","Irigoyen Y Catamarca",2,1,0,0,0,0,1,,"S/D",,"SAN LORENZO","San Lorenzo","S/D","S/D","XVII","S/D","S/D","S/D","S/D","S/D","S/D","S/D","Nocturna","S/D","S/D","S/D","Atropello","S/D","S/D","S/D","S/D"
2015,3887,29/06/2015,"Lunes",0,20:00:00,,"0.0",2,"Automóvil,Moto/Ciclomotor","Rca Oriental del Uruguay Y Mariano Candioti",3,1,1,0,1,0,0,,"Calle",,"SANTO TOMÉ","La Capital","Asfalto","Natural","I","S/D","Urbana","Ninguna","No existe","Otro","Bueno","Buena","Nocturna,Con luz artificial","Buen Tiempo","Lateral","S/D","Colisión","S/D","S/D","S/D","Sin restricción"
2015,3888,04/06/2015,"Jueves",0,10:00:00,,"0.0",2,"Moto/Ciclomotor,Automóvil","Av A del Valle Y Vieytes",2,1,0,0,1,0,0,,"Avenida",,"SANTA FE","La Capital","Hormigón","No existe","I","Dentro","Urbana","Ninguna","No existe","Intersección","Bueno","Buena","Diurna","Buen Tiempo","Lateral","S/D","Colisión","S/D","Faltante","Ninguna","Sin restricción"
2015,3889,06/06/2015,"Sabado",0,04:15:00,,"0.0",2,"Moto/Ciclomotor,Automóvil","Belgrano Y Angel Cassanello",4,3,0,0,1,0,0,,"Calle",,"SANTA FE","La Capital","Asfalto","No existe","I","S/D","Urbana","Ninguna","No existe","Intersección","Bueno","Reducida","Nocturna","Buen Tiempo","Lateral","S/D","Colisión","Ninguna","S/D","Ninguna","Sin restricción"
2015,3890,27/06/2015,"Sabado",0,21:30:00,,"0.0",1,"Automóvil","Mariano Moreno 3920",2,1,0,0,1,0,0,,"Calle",,"SANTO TOMÉ","La Capital","Asfalto","No existe","I","S/D","Urbana","Ninguna","No existe","Intersección","Bueno","Buena","Nocturna","Buen Tiempo","Frontal","S/D","Colisión","S/D","S/D","S/D","Sin restricción"
2015,3891,24/06/2015,"Miercoles",0,08:00:00,,"0.0",1,"Moto/Ciclomotor","Rca Oriental del Uruguay Y Cordoba",1,0,0,1,0,0,0,,"Calle",,"SANTO TOMÉ","La Capital","Asfalto","No existe","I","S/D","Urbana","S/D","S/D","Intersección","Bueno","Buena","Amanecer","Buen Tiempo","S/D","S/D","S/D","S/D","S/D","S/D","Sin restricción"
2015,3892,01/06/2015,"Lunes",0,12:50:00,,"0.0",2,"Moto/Ciclomotor,Automóvil","Dorrego Y Salvador del Carril",2,1,0,0,1,0,0,,"Avenida",,"SANTA FE","La Capital","Asfalto","No existe","I","S/D","Urbana","Ninguna","S/D","Intersección","Bueno","Buena","Diurna","Buen Tiempo","Lateral","S/D","Colisión","Ninguna","S/D","Ninguna","Sin restricción"
2015,3893,01/06/2015,"Lunes",0,16:10:00,,"0.0",2,"Moto/Ciclomotor,Automóvil","Candioti Y Derqui",2,1,0,0,1,0,0,,"Calle",,"SANTA FE","La Capital","Asfalto","No existe","I","S/D","Urbana","Ninguna","No existe","Intersección","Bueno","Buena","Diurna","Buen Tiempo","Lateral","S/D","Colisión","Ninguna","S/D","Ninguna","Sin restricción"
2015,3894,02/06/2015,"Martes",0,18:15:00,,"0.0",2,"Automóvil,Automóvil","Salvador del Carril Y Av Urquiza",2,1,0,0,1,0,0,,"Avenida",,"SANTA FE","La Capital","Asfalto","No existe","I","S/D","Urbana","Ninguna","No existe","Recta","Bueno","Buena","Diurna","Buen Tiempo","De alcance","S/D","Colisión","Ninguna","S/D","Ninguna","Sin restricción"
2015,3895,05/06/2015,"Viernes",0,16:00:00,,"0.0",2,"Moto/Ciclomotor,Pickup/Utilitario","Necochea Y Luciano Torrent",2,1,0,0,1,0,0,,"Calle",,"SANTA FE","La Capital","Asfalto","No existe","I","S/D","Urbana","Ninguna","No existe","Intersección","Bueno","Buena","Diurna","Buen Tiempo","Lateral","S/D","Colisión","Ninguna","S/D","Ninguna","Sin restricción"
2015,3896,08/06/2015,"Lunes",0,01:20:00,,"0.0",2,"Moto/Ciclomotor,Automóvil","Av A del Valle Y J Castelli",3,1,0,0,2,0,0,,"Avenida",,"SANTA FE","La Capital","Asfalto","No existe","I","S/D","Urbana","Ninguna","S/D","Intersección","Bueno","Buena","Nocturna","Buen Tiempo","Lateral","S/D","Colisión","Ninguna","S/D","Ninguna","Sin restricción"
2015,3897,03/06/2015,"Miercoles",0,14:10:00,,"0.0",2,"Moto/Ciclomotor,Automóvil","Av A del Valle Y Llerena",2,1,0,0,1,0,0,,"Avenida",,"SANTA FE","La Capital","Hormigón","No existe","I","Dentro","Urbana","Semáforo","Funciona","Intersección","Bueno","Buena","Diurna","Buen Tiempo","Lateral","S/D","Colisión","S/D","Vertical","Ninguna","Sin restricción"
2015,3898,08/06/2015,"Lunes",0,14:50:00,,"0.0",2,"Moto/Ciclomotor,Automóvil","J P Lopez Y Candioti",3,2,0,0,1,0,0,,"Calle",,"SANTA FE","La Capital","Asfalto","No existe","I","S/D","Urbana","Ninguna","No existe","Intersección","Bueno","Buena","Diurna","Buen Tiempo","Lateral","S/D","Colisión","Ninguna","S/D","Ninguna","Sin restricción"