"anio_acci","nro_acci","fecha","desc_dia","fecha_aprox","hora_aprox","desc_ruta","km","cant_participantes","desc_participante","calle_avenida_km","total","heridos_leves","heridos_graves","heridos_gravisimos","ilesos","fallecidos","sin_datos","posicion_XY","desc_tipo_via","desc_ruta_ori","desc_loc","desc_dpto","desc_tipo_calzada","desc_tipo_banquina","desc_unidad_regional","desc_lugar_calzada","desc_zona","desc_prioridad","desc_estado_semaforo","desc_lugar_via","desc_estado_via","desc_estado_visibilidad","desc_luminosidad","desc_estado_clima","desc_tipo_colision","desc_tipo_atropello","desc_tipo_hecho","desc_pres_calzada","desc_senializacion","desc_separacion_via","desc_restriccion"
2015,3899,16/06/2015,"Martes",0,,,"0.0",2,"Moto/Ciclomotor,Moto/Ciclomotor","Republica de Siria Y Llerena",3,2,0,0,1,0,0,,"Calle",,"SANTA FE","La Capital","Asfalto","No existe","I","S/D","Urbana","Ninguna","No existe","Intersección","Bueno","Buena","S/D","Buen Tiempo","Lateral","S/D","Colisión","Ninguna","S/D","Ninguna","Sin restricción"
2015,3900,05/06/2015,"Viernes",0,17:00:00,,"0.0",2,"Bicicleta,Automóvil","Pedro de Vega Y Sarmiento",2,1,0,0,1,0,0,"-31.613027777778,-60.686111111111","Calle",,"SANTA FE","La Capital","Asfalto","No existe","I","S/D","Urbana","Ninguna","No existe","Recta","Bueno","Reducida","Atardecer","Buen Tiempo","S/D","S/D","Atropello","Ninguna","S/D","Ninguna","Sin restricción"
2015,3901,17/06/2015,"Miercoles",0,10:45:00,,"0.0",2,"Moto/Ciclomotor,Automóvil","Av Gral Paz Y Salvador del Carril",3,2,0,0,1,0,0,,"Avenida",,"SANTA FE","La Capital","Asfalto","No existe","I","S/D","Urbana","Ninguna","Funciona","Recta","Bueno","Buena","Diurna","Buen Tiempo","Lateral","S/D","Colisión","Ninguna","S/D","Ninguna","Sin restricción"
2015,3902,04/06/2015,"Jueves",0,20:40:00,,"0.0",2,"Bicicleta,Automóvil","Pje Lassaga Y Vieytes",2,1,0,0,1,0,0,"-31.601166666667,-60.700944444444","Calle",,"SANTA FE","La Capital","Hormigón","No existe","I","Dentro","Urbana","Ninguna","No existe","Recta","Bueno","Buena","Nocturna,Con luz artificial","Buen Tiempo","S/D","S/D","Atropello","S/D","Faltante","Ninguna","Sin restricción"
2015,3903,17/06/2015,"Miercoles",0,12:30:00,,"0.0",2,"Moto/Ciclomotor,Pickup/Utilitario","Av Gral Paz Y Quintana",2,1,0,0,1,0,0,,"Avenida",,"SANTA FE","La Capital","Asfalto","No existe","I","S/D","Urbana","Ninguna","S/D","Intersección","Bueno","Buena","Diurna","Buen Tiempo","Lateral","S/D","Colisión","Ninguna","S/D","Ninguna","Sin restricción"
2015,3904,11/06/2015,"Jueves",0,13:50:00,,"0.0",2,"Moto/Ciclomotor,Automóvil","Av A del Valle 7200",2,1,0,0,1,0,0,,"Avenida",,"SANTA FE","La Capital","Hormigón","No existe","I","Dentro","Urbana","Ninguna","No existe","Recta","Bueno","Buena","Diurna","Buen Tiempo","S/D","S/D","Colisión","S/D","Faltante","Ninguna","Sin restricción"
2015,3905,02/06/2015,"Martes",0,21:00:00,,"0.0",2,"Automóvil,Moto/Ciclomotor","Francia Y J J Paso",2,0,0,0,0,0,2,,"S/D",,"SANTA FE","La Capital","S/D","S/D","I","S/D","Urbana","S/D","S/D","S/D","S/D","S/D","Nocturna","S/D","S/D","S/D","S/D","S/D","S/D","S/D","S/D"
2015,3906,12/06/2015,"Viernes",0,18:30:00,,"0.0",2,"Moto/Ciclomotor,Automóvil","Luciano Torrent Y Av Facundo Zuviria",2,1,0,0,1,0,0,,"Avenida",,"SANTA FE","La Capital","Hormigón","No existe","I","Dentro","Urbana","Semáforo","Funciona","Intersección","Bueno","Buena","Atardecer,Con luz artificial","Buen Tiempo","S/D","S/D","Colisión","Ninguna","Vertical","Ninguna","Sin restricción"
2015,3907,10/06/2015,"Miercoles",0,18:20:00,,"0.0",2,"Taxi/Remis,Moto/Ciclomotor","Diagonal Goyena Y Gdor Freyre",3,0,0,0,0,0,3,,"Calle",,"SANTA FE","La Capital","S/D","S/D","I","S/D","S/D","S/D","S/D","S/D","S/D","S/D","S/D","S/D","S/D","S/D","S/D","S/D","S/D","S/D","S/D"
2015,3908,14/06/2015,"Domingo",0,15:30:00,,"0.0",2,"Moto/Ciclomotor,Automóvil","Av A del Valle Y Quintana",2,1,0,0,1,0,0,,"Avenida",,"SANTA FE","La Capital","Hormigón","No existe","I","Dentro","Urbana","Ninguna","No existe","Intersección","Bueno","Buena","Diurna","Buen Tiempo","Lateral","S/D","Colisión","Ninguna","Faltante","Ninguna","Sin restricción"
2015,3909,24/06/2015,"Miercoles",0,10:00:00,,"0.0",2,"Automóvil,Moto/Ciclomotor","Av Freyre Y Corrientes",2,0,0,0,0,0,2,,"Calle",,"SANTA FE","La Capital","S/D","S/D","I","S/D","Urbana","S/D","S/D","S/D","S/D","S/D","Diurna","S/D","S/D","S/D","S/D","S/D","S/D","S/D","S/D"
2015,3910,12/06/2015,"Viernes",0,23:40:00,,"0.0",2,"Moto/Ciclomotor,Automóvil","Av Peñaloza Y Regis Martinez",3,0,0,0,0,0,3,,"Calle",,"SANTA FE","La Capital","S/D","S/D","I","S/D","S/D","S/D","S/D","S/D","S/D","S/D","S/D","S/D","S/D","S/D","S/D","S/D","S/D","S/D","S/D"
2015,3911,17/06/2015,"Miercoles",0,11:45:00,,"0.0",2,"Moto/Ciclomotor,Automóvil","Av A del Valle Y Regis Martinez",2,1,0,0,1,0,0,,"Avenida",,"SANTA FE","La Capital","Hormigón","No existe","I","Dentro","Urbana","Ninguna","No existe","Intersección","Bueno","Buena","Diurna","Buen Tiempo","Lateral","S/D","Colisión","Ninguna","Faltante","Ninguna","Sin restricción"
2015,3912,02/06/2015,"Martes",0,20:30:00,,"0.0",2,"Automóvil,Moto/Ciclomotor","Av Gral Lopez Y Francia",2,0,0,0,0,0,2,,"Avenida",,"SANTA FE","La Capital","S/D","S/D","I","S/D","Urbana","S/D","S/D","S/D","S/D","S/D","Nocturna","S/D","S/D","S/D","S/D","S/D","S/D","S/D","S/D"
2015,3913,27/06/2015,"Sabado",0,12:00:00,,"0.0",2,"Automóvil,Moto/Ciclomotor","Saavedra Y Francia",2,0,0,0,0,0,2,,"Calle",,"SANTA FE","La Capital","S/D","S/D","I","S/D","Urbana","S/D","S/D","S/D","S/D","S/D","Diurna","S/D","S/D","S/D","S/D","S/D","S/D","S/D","S/D"
2015,3914,14/06/2015,"Domingo",0,20:45:00,,"0.0",2,"Automóvil,Moto/Ciclomotor","Quintana Y Saavedra",3,0,0,0,0,0,3,,"Calle",,"SANTA FE","La Capital","S/D","S/D","I","S/D","Urbana","S/D","S/D","S/D","S/D","S/D","S/D","S/D","S/D","S/D","S/D","S/D","S/D","S/D","S/D"
2015,3915,17/06/2015,"Miercoles",0,11:00:00,,"0.0",2,"Moto/Ciclomotor,Moto/Ciclomotor","Saavedra Y Martin Zapata",2,0,0,0,0,0,2,,"S/D",,"SANTA FE","La Capital","S/D","S/D","I","S/D","S/D","S/D","S/D","S/D","S/D","S/D","S/D","S/D","S/D","S/D","S/D","S/D","S/D","S/D","S/D"
2015,3916,24/06/2015,"Miercoles",0,15:00:00,,"0.0",2,"Moto/Ciclomotor,Pickup/Utilitario","Diagonal Goyena Y San Lorenzo",2,1,0,0,0,0,1,,"Calle",,"SANTA FE","La Capital","S/D","S/D","I","S/D","S/D","S/D","S/D","S/D","S/D","S/D","S/D","S/D","S/D","S/D","S/D","S/D","S/D","S/D","S/D"
2015,3917,28/06/2015,"Domingo",0,22:30:00,,"0.0",2,"Moto/Ciclomotor,Automóvil","Av Facundo Zuviria Y Fray Mamerto Esquiu",2,0,0,0,0,0,2,,"Calle",,"SANTA FE","La Capital","S/D","S/D","I","S/D","S/D","S/D","S/D","S/D","S/D","S/D","S/D","S/D","S/D","S/D","Despiste","S/D","S/D","S/D","S/D"
2015,3918,26/06/2015,"Viernes",0,20:50:00,,"0.0",2,"Automóvil,Moto/Ciclomotor","San Jose Y Estanislao Zeballos",2,0,0,0,0,0,2,,"Calle",,"SANTA FE","La Capital","S/D","S/D","I","S/D","Urbana","S/D","S/D","S/D","S/D","S/D","S/D","S/D","S/D","S/D","S/D","S/D","S/D","S/D","S/D"
2015,3919,28/06/2015,"Domingo",0,20:00:00,,"0.0",2,"Automóvil,Automóvil","J J Paso Y Saavedra",2,0,0,0,0,0,2,,"Calle",,"SANTA FE","La Capital","S/D","S/D","I","S/D","Urbana","S/D","S/D","S/D","S/D","S/D","Nocturna","S/D","S/D","S/D","S/D","S/D","S/D","S/D","S/D"
2015,3920,17/06/2015,"Miercoles",0,21:00:00,,"0.0",2,"Automóvil,Moto/Ciclomotor","J J Paso Y San Jose",3,0,0,0,0,0,3,,"Calle",,"SANTA FE","La Capital","S/D","S/D","I","S/D","Urbana","S/D","S/D","S/D","S/D","S/D","Nocturna","S/D","S/D","S/D","S/D","S/D","S/D","S/D","S/D"
2015,3921,18/06/2015,"Jueves",0,00:10:00,,"0.0",2,"Automóvil,Moto/Ciclomotor","J J Paso Y San Lorenzo",3,0,0,0,0,0,3,,"Calle",,"SANTA FE","La Capital","S/D","S/D","I","S/D","Urbana","S/D","S/D","S/D","S/D","S/D","Nocturna","S/D","S/D","S/D","S/D","S/D","S/D","S/D","S/D"
2015,3922,26/06/2015,"Viernes",0,23:30:00,,"0.0",2,"Moto/Ciclomotor,Moto/Ciclomotor","Gdor Freyre Y Ricardo Aldao",4,0,0,0,0,0,4,,"Avenida",,"SANTA FE","La Capital","S/D","S/D","I","S/D","S/D","S/D","S/D","S/D","S/D","S/D","Nocturna","S/D","S/D","S/D","S/D","S/D","S/D","S/D","S/D"
2015,3923,14/06/2015,"Domingo",0,20:00:00,,"0.0",2,"Moto/Ciclomotor,Pickup/Utilitario","Monseñor Zaspe Y Roque Saenz Peña",2,0,0,0,0,0,2,,"S/D",,"SANTA FE","La Capital","S/D","S/D","I","S/D","S/D","S/D","S/D","S/D","S/D","S/D","Nocturna","S/D","S/D","S/D","S/D","S/D","S/D","S/D","S/D"
2015,3924,01/06/2015,"Lunes",0,,,"0.0",2,"Pickup/Utilitario,Moto/Ciclomotor","Av San Martin Y Rosario",2,1,0,0,0,0,1,,"S/D",,"SAN LORENZO","San Lorenzo","S/D","S/D","XVII","S/D","S/D","S/D","S/D","S/D","S/D","S/D","Nocturna","S/D","S/D","S/D","Colisión","S/D","S/D","S/D","S/D"
2015,3926,30/06/2015,"Martes",0,12:45:00,,"0.0",2,"Bicicleta,Pickup/Utilitario","Urquiza Y Tte. roca",2,1,0,0,1,0,0,,"S/D",,"SAN LORENZO","San Lorenzo","S/D","S/D","XVII","S/D","S/D","S/D","S/D","S/D","S/D","S/D","Diurna","S/D","S/D","S/D","Atropello","S/D","S/D","S/D","S/D"
2015,3927,18/06/2015,"Jueves",0,13:00:00,,"0.0",2,"Automóvil,Moto/Ciclomotor","Av Gral Lopez 3400",2,0,0,0,0,0,2,,"Avenida",,"SANTA FE","La Capital","S/D","S/D","I","S/D","Urbana","S/D","S/D","S/D","S/D","S/D","Diurna","S/D","S/D","S/D","S/D","S/D","S/D","S/D","S/D"
2015,3928,22/06/2015,"Lunes",0,20:30:00,,"0.0",2,"Automóvil,Moto/Ciclomotor","San Jose Y 3 de Febrero",2,1,0,0,0,0,1,,"Calle",,"SANTA FE","La Capital","S/D","S/D","I","S/D","Urbana","S/D","S/D","S/D","S/D","S/D","Nocturna","S/D","S/D","S/D","S/D","S/D","S/D","S/D","S/D"
2015,3929,16/06/2015,"Martes",0,20:30:00,"Ruta Nacional 11","0.0",2,"Automóvil,Moto/Ciclomotor","Intendente Manuel Irigoyen ",2,0,0,0,0,0,2,,"Ruta",11,"SANTA FE","La Capital","S/D","S/D","I","S/D","Urbana","S/D","S/D","S/D","S/D","S/D","Nocturna","S/D","S/D","S/D","S/D","S/D","S/D","S/D","S/D"
2015,3930,16/06/2015,"Martes",0,19:20:00,,"0.0",2,"Automóvil,Moto/Ciclomotor","J J Paso Y Francia",2,0,0,0,0,0,2,,"Calle",,"SANTA FE","La Capital","S/D","S/D","I","S/D","Urbana","S/D","S/D","S/D","S/D","S/D","Nocturna","S/D","S/D","S/D","S/D","S/D","S/D","S/D","S/D"
2015,3931,12/06/2015,"Viernes",0,19:10:00,,"0.0",2,"Automóvil,Moto/Ciclomotor","Reconquista Y Piton",3,2,0,0,1,0,0,,"Calle",,"PUERTO SAN MARTÍN","San Lorenzo","Asfalto","No existe","XVII","Dentro","Urbana","Ninguna","No existe","Intersección","Bueno","Buena","Nocturna","Buen Tiempo","Contra objeto fijo","S/D","Colisión","Ninguna","Horizontal","Ninguna","Sin restricción"
2015,3932,06/06/2015,"Sabado",0,05:00:00,,"0.0",2,"Moto/Ciclomotor,Otros","Av Gral Lopez Y Av Urquiza",2,1,0,0,1,0,0,,"Calle",,"SANTA FE","La Capital","S/D","S/D","I","S/D","Urbana","S/D","S/D","S/D","S/D","S/D","Nocturna","S/D","S/D","S/D","S/D","S/D","S/D","S/D","S/D"
2015,3933,10/06/2015,"Miercoles",0,11:00:00,,"0.0",2,"Automóvil,Automóvil","Ruta Nac 168 ",2,0,0,0,0,0,2,,"Calle",,"SANTA FE","La Capital","S/D","S/D","I","S/D","Urbana","S/D","S/D","S/D","S/D","S/D","Diurna","S/D","S/D","S/D","S/D","S/D","S/D","S/D","S/D"
2015,3934,08/06/2015,"Lunes",0,23:30:00,,"0.0",2,"Moto/Ciclomotor,Automóvil","San Juan Y Santiago del Estero",2,0,0,0,0,0,2,,"S/D",,"SANTA FE","La Capital","S/D","S/D","I","S/D","S/D","S/D","S/D","S/D","S/D","S/D","Nocturna","S/D","S/D","S/D","Otro","S/D","S/D","S/D","S/D"
2015,3935,18/06/2015,"Jueves",0,18:30:00,,"0.0",2,"Moto/Ciclomotor,Automóvil","Juan Del Campillo Y San Jeronimo",2,1,0,0,1,0,0,,"Calle",,"SANTA FE","La Capital","Hormigón","No existe","I","Dentro","Urbana","Ninguna","No existe","Intersección","Bueno","Buena","Atardecer,Con luz artificial","Buen Tiempo","Lateral","S/D","Colisión","Ninguna","Faltante","Ninguna","Sin restricción"
2015,3936,10/06/2015,"Miercoles",0,18:20:00,,"0.0",2,"Moto/Ciclomotor,Automóvil","Diagonal Goyena Y Av Freyre",3,0,0,0,0,0,3,,"Calle",,"SANTA FE","La Capital","S/D","S/D","I","S/D","Urbana","S/D","S/D","S/D","S/D","S/D","Atardecer","S/D","S/D","S/D","S/D","S/D","S/D","S/D","S/D"
2015,3937,19/06/2015,"Viernes",0,19:10:00,,"0.0",2,"Moto/Ciclomotor,Automóvil","Pedro Alejandro Vittori Y M De Polonia",2,1,0,0,1,0,0,,"S/D",,"SANTA FE","La Capital","Hormigón","No existe","I","Dentro","Urbana","Ninguna","No existe","Recta","Bueno","Buena","Nocturna,Con luz artificial","Buen Tiempo","De alcance","S/D","Colisión","Ninguna","Faltante","Ninguna","Sin restricción"
2015,3938,21/06/2015,"Domingo",0,08:30:00,,"0.0",2,"Bicicleta,Automóvil","9 de Julio Y Iturraspe",2,1,0,0,1,0,0,"-31.628555555556,-60.704","Calle",,"SANTA FE","La Capital","Hormigón","No existe","I","Dentro","Urbana","Ninguna","No existe","Intersección","Bueno","Buena","Diurna","Buen Tiempo","S/D","S/D","Atropello","S/D","Faltante","Ninguna","Sin restricción"
2015,3939,26/06/2015,"Viernes",0,20:35:00,,"0.0",2,"Automóvil,Moto/Ciclomotor","Av Freyre Y Corrientes",2,0,0,0,0,0,2,,"Avenida",,"SANTA FE","La Capital","S/D","S/D","I","S/D","Urbana","S/D","S/D","S/D","S/D","S/D","Nocturna","S/D","S/D","S/D","S/D","S/D","S/D","S/D","S/D"
2015,3940,15/06/2015,"Lunes",0,12:25:00,,"0.0",2,"Moto/Ciclomotor,Otros","PUENTE CARRETERO ",2,2,0,0,0,0,0,,"Calle",,"SANTA FE","La Capital","S/D","S/D","I","Dentro","Urbana","S/D","S/D","S/D","S/D","S/D","Diurna","S/D","S/D","S/D","S/D","S/D","S/D","S/D","S/D"
2015,3941,22/06/2015,"Lunes",0,10:45:00,,"0.0",2,"Moto/Ciclomotor,Automóvil","Av A del Valle Y Espora",2,1,0,0,1,0,0,,"Avenida",,"SANTA FE","La Capital","Hormigón","No existe","I","Dentro","Urbana","S/D","No existe","Intersección","Bueno","Buena","Diurna","Buen Tiempo","Lateral","S/D","Colisión","Ninguna","Faltante","Ninguna","Sin restricción"
2015,3942,01/07/2015,"Miercoles",0,10:40:00,,"0.0",2,"Pickup/Utilitario,Moto/Ciclomotor","Av Facundo Zuviria Y French",2,1,0,0,0,0,1,,"Avenida",,"SANTA FE","La Capital","Asfalto","Pavimento","I","Dentro","Urbana","S/D","No existe","Intersección","Bueno","Buena","Diurna","Buen Tiempo","Lateral","S/D","Colisión","S/D","Faltante","S/D","S/D"
2015,3943,02/07/2015,"Jueves",0,18:00:00,,"0.0",1,"Automóvil","Pje Chubut Y Gdor Freyre",1,1,0,0,0,0,0,,"Calle",,"SANTA FE","La Capital","Tierra,Ripio","Natural","I","Dentro","Urbana","S/D","No existe","Intersección","Con baches,Deteriorada","Buena","Atardecer,Con luz artificial","Buen Tiempo","S/D","S/D","Despiste","Material Suelto","S/D","S/D","S/D"
2015,3944,05/06/2015,"Viernes",0,20:00:00,,"0.0",2,"Moto/Ciclomotor,Moto/Ciclomotor","Av Peñaloza Y Gorostiaga",2,1,0,0,0,0,1,,"S/D",,"SANTA FE","La Capital","S/D","S/D","I","S/D","S/D","S/D","S/D","S/D","S/D","S/D","Nocturna","S/D","S/D","S/D","S/D","S/D","S/D","S/D","S/D"
2015,3945,22/06/2015,"Lunes",0,14:00:00,,"0.0",2,"Otros,Otros","Laurencio Maradona Y Pje Calderon de Sanabria",2,1,0,0,0,0,1,,"Calle",,"SANTA FE","La Capital","Asfalto","Natural","I","Dentro","Urbana","Ninguna","No existe","Recta","Bueno","Buena","Amanecer","Buen Tiempo","Frontal","S/D","Colisión","S/D","Faltante","Ninguna","Sin restricción"
2015,3946,04/07/2015,"Sabado",0,18:30:00,,"0.0",2,"Automóvil,Moto/Ciclomotor","9 de Julio Y Azcuenaga",2,1,0,0,0,0,1,,"Calle",,"SANTA FE","La Capital","Tierra,Ripio","Natural","I","Dentro","Urbana","S/D","No existe","Intersección","Deteriorada","Buena","Atardecer,Con luz artificial","Buen Tiempo","Lateral","S/D","Colisión","Material Suelto","S/D","S/D","S/D"
2015,3947,02/06/2015,"Martes",0,18:00:00,,"0.0",2,"Automóvil,Bicicleta","Gdor Freyre Y Hernandarias",3,0,0,0,0,0,3,"-31.604777777778,-60.70675","Calle",,"SANTA FE","La Capital","S/D","S/D","I","S/D","S/D","S/D","S/D","S/D","S/D","S/D","Atardecer","S/D","S/D","S/D","Atropello","S/D","S/D","S/D","S/D"
2015,3948,11/07/2015,"Sabado",0,21:20:00,,"0.0",2,"Automóvil,Bicicleta","Av A del Valle Y Lamothe",2,1,0,0,1,0,0,"-31.582472222222,-60.689777777778","Avenida",,"SANTA FE","La Capital","Asfalto,Ripio","Pavimento","I","Dentro","Urbana","S/D","No existe","Intersección","Bueno","Buena","Nocturna,Con luz artificial","Buen Tiempo","S/D","S/D","Atropello","S/D","Faltante","S/D","S/D"
2015,3949,04/06/2015,"Jueves",0,09:00:00,,"0.0",2,"Moto/Ciclomotor,Automóvil","Saavedra Y Estanislao Zeballos",2,0,0,0,0,0,2,,"Calle",,"SANTA FE","La Capital","S/D","S/D","I","S/D","S/D","S/D","S/D","S/D","S/D","S/D","Diurna","S/D","S/D","S/D","S/D","S/D","S/D","S/D","S/D"
2015,3951,13/07/2015,"Lunes",0,05:00:00,,"0.0",2,"Automóvil,Moto/Ciclomotor","Gorriti Y Av A del Valle",2,1,0,0,1,0,0,,"Avenida",,"SANTA FE","La Capital","Asfalto","Pavimento","I","Dentro","Urbana","S/D","Funciona","Curva","Bueno","Buena","Nocturna,Con luz artificial","Buen Tiempo","Lateral","S/D","Colisión","S/D","S/D","S/D","S/D"
2015,3952,10/06/2015,"Miercoles",0,,,"0.0",2,"Automóvil,Otros","Laurencio Maradona ",2,1,0,0,1,0,0,,"Calle",,"SANTA FE","La Capital","S/D","Ripio","I","Dentro","Urbana","Otra Señal","No existe","Recta","Bueno","Reducida","Nocturna","Buen Tiempo","Lateral","S/D","Colisión","S/D","Faltante","Ninguna","Sin restricción"
2015,3953,23/06/2015,"Martes",0,19:00:00,,"0.0",2,"Automóvil,Automóvil","Martin Zavalla Y Grl Brig Estanislao Lopez",2,0,0,0,0,0,2,,"Calle",,"SANTO TOMÉ","La Capital","S/D","S/D","I","S/D","Urbana","S/D","S/D","S/D","S/D","S/D","Nocturna","S/D","S/D","S/D","Otro","S/D","S/D","S/D","S/D"
2015,3954,17/07/2015,"Viernes",0,23:50:00,,"0.0",2,"Automóvil,Moto/Ciclomotor","Av Facundo Zuviria Y Risso",2,1,0,0,1,0,0,,"Avenida",,"SANTA FE","La Capital","Asfalto","Pavimento","I","Dentro","Urbana","S/D","No existe","Intersección","Bueno","Buena","Nocturna,Con luz artificial","Buen Tiempo","Lateral","S/D","Colisión","S/D","Faltante","S/D","S/D"
2015,3955,22/06/2015,"Lunes",0,20:40:00,,"0.0",2,"Moto/Ciclomotor,Pickup/Utilitario","Av Urquiza Y J Castelli",3,1,0,0,2,0,0,,"Calle",,"SANTA FE","La Capital","Hormigón","No existe","I","Dentro","Urbana","Ninguna","No existe","Intersección","Con baches","Buena","Nocturna,Con luz artificial","Buen Tiempo","Lateral","S/D","Colisión","Otro","Faltante","Ninguna","Sin restricción"
2015,3956,16/06/2015,"Martes",0,20:15:00,,"0.0",2,"Moto/Ciclomotor,Automóvil","Av A del Valle Y Lavaisse",3,1,0,0,2,0,0,,"Avenida",,"SANTA FE","La Capital","Hormigón","No existe","I","Dentro","Urbana","Semáforo","Funciona","Intersección","Bueno","Buena","Nocturna,Con luz artificial","Buen Tiempo","Lateral","S/D","Colisión","Ninguna","Vertical","Ninguna","Sin restricción"
2015,3957,28/06/2015,"Domingo",0,18:40:00,,"0.0",2,"Automóvil,Moto/Ciclomotor","Corrientes Y Av Urquiza",2,0,0,0,0,0,2,,"Avenida",,"SANTA FE","La Capital","S/D","S/D","I","S/D","Urbana","S/D","S/D","S/D","S/D","S/D","Atardecer","S/D","S/D","S/D","S/D","S/D","S/D","S/D","S/D"
2015,3958,08/06/2015,"Lunes",0,20:15:00,,"0.0",2,"Bicicleta,Camión","Av Gral Lopez Y Amenabar",2,1,0,0,1,0,0,"-31.655392, -60.737803","Calle",,"SANTA FE","La Capital","S/D","S/D","I","S/D","Urbana","S/D","S/D","S/D","S/D","S/D","Nocturna","S/D","S/D","S/D","Atropello","S/D","S/D","S/D","S/D"
2015,3959,16/06/2015,"Martes",0,09:30:00,,"0.0",2,"Peatón,Moto/Ciclomotor","Pedro Alejandro Vittori Y Juan Del Campillo",2,1,0,0,1,0,0,"-31.630527777778,-60.699333333333","Calle",,"SANTA FE","La Capital","Hormigón","No existe","I","Dentro","Urbana","Ninguna","No existe","Recta","Bueno","Buena","Diurna","Buen Tiempo","S/D","S/D","Atropello","Ninguna","Faltante","Ninguna","Sin restricción"
2015,3960,04/08/2015,"Martes",0,13:00:00,,"0.0",2,"Automóvil,Moto/Ciclomotor","Av Urquiza Y Dorrego",2,1,0,0,1,0,0,,"Calle",,"SANTA FE","La Capital","S/D","S/D","XVII","Dentro","Urbana","S/D","S/D","S/D","S/D","S/D","S/D","S/D","S/D","S/D","S/D","S/D","S/D","S/D","S/D"
2015,3961,12/06/2015,"Viernes",0,08:40:00,,"0.0",1,"Transporte de Pasajeros Urbano (> 8 asientos)","Saavedra 1577",2,0,0,0,0,0,2,,"Calle",,"SANTA FE","La Capital","S/D","S/D","I","S/D","Urbana","S/D","S/D","S/D","S/D","S/D","Diurna","S/D","S/D","S/D","S/D","S/D","S/D","S/D","S/D"
2015,3962,15/06/2015,"Lunes",0,11:00:00,,"0.0",2,"Moto/Ciclomotor,Automóvil","Av A del Valle Y Estanislao Zeballos",3,2,0,0,1,0,0,,"Avenida",,"SANTA FE","La Capital","Hormigón","No existe","I","Dentro","Urbana","Semáforo","Funciona","Rotonda","Bueno","Buena","Diurna","Buen Tiempo","Lateral","S/D","Colisión","Ninguna","Vertical","Ninguna","Sin restricción"
2015,3963,04/06/2015,"Jueves",0,09:30:00,,"0.0",2,"Moto/Ciclomotor,Automóvil","San Jose Y Estanislao Zeballos",3,0,0,0,0,0,3,,"Calle",,"SANTA FE","La Capital","S/D","S/D","I","Dentro","Urbana","S/D","S/D","S/D","S/D","S/D","Diurna","S/D","S/D","S/D","S/D","S/D","S/D","S/D","S/D"
2015,3964,01/06/2015,"Lunes",0,14:00:00,,"0.0",2,"Moto/Ciclomotor,Pickup/Utilitario","J Castelli Y Saavedra",2,0,0,0,0,0,2,,"Calle",,"SANTA FE","La Capital","S/D","S/D","I","Dentro","Urbana","S/D","S/D","S/D","S/D","S/D","S/D","S/D","S/D","S/D","S/D","S/D","S/D","S/D","S/D"
2015,3965,24/07/2015,"Viernes",0,13:15:00,,"0.0",2,"Moto/Ciclomotor,Otros","Padre Genesio Y 1ro de Mayo",2,2,0,0,0,0,0,,"Calle",,"SANTA FE","La Capital","Asfalto","Natural","I","Dentro","Urbana","S/D","No existe","Intersección","Con baches","Buena","Diurna","S/D","Lateral","S/D","Colisión","S/D","Faltante","S/D","S/D"
2015,3966,29/07/2015,"Miercoles",0,09:20:00,,"0.0",2,"Moto/Ciclomotor,Bicicleta","Av Facundo Zuviria 1800",2,1,0,0,0,0,1,"-31.619194444444,-60.689027777778","Avenida",,"SANTA FE","La Capital","Asfalto","Pavimento","I","Dentro","Urbana","S/D","No existe","Recta","Bueno","Buena","Diurna","Buen Tiempo","S/D","S/D","Atropello","S/D","S/D","S/D","S/D"
2015,3967,27/05/2015,"Miercoles",0,11:40:00,,"0.0",2,"Moto/Ciclomotor,Automóvil","Av Iriondo Y S Martin",2,1,0,0,1,0,0,,"Calle",,"SAN JUSTO","San Justo","Asfalto","No existe","XVI","Dentro","Urbana","Ninguna","No existe","Intersección","Bueno","Buena","Diurna","Buen Tiempo","De alcance","S/D","Colisión","Ninguna","Faltante","Cordón divisorio","Sin restricción"
2015,3968,19/05/2015,"Martes",0,22:20:00,,"0.0",2,"Automóvil,Moto/Ciclomotor","Marcos Angeloni Y N Figueredo",2,1,0,0,1,0,0,,"Calle",,"SAN JUSTO","San Justo","Hormigón","No existe","XVI","Dentro","Urbana","Ninguna","No existe","Intersección","Bueno","Buena","Nocturna,Con luz artificial","Buen Tiempo","Frontal","S/D","Colisión","Ninguna","Vertical","Ninguna","Sin restricción"
2015,3969,20/05/2015,"Miercoles",0,20:30:00,,"0.0",2,"Moto/Ciclomotor,Moto/Ciclomotor","Cno San Roque Y Gral Urquiza",2,2,0,0,0,0,0,,"Calle",,"SAN JUSTO","San Justo","Asfalto","Natural","XVI","Dentro","Urbana","Ninguna","No existe","Intersección","S/D","Buena","Nocturna,Con luz artificial","Buen Tiempo","De alcance","S/D","Colisión","Material Suelto","S/D","Ninguna","Sin restricción"
2015,3970,25/06/2015,"Jueves",0,11:50:00,,"0.0",2,"Automóvil,Moto/Ciclomotor","Segundo Sombra Y Av San Martin",4,2,1,0,1,0,0,,"Calle",,"VIDELA","San Justo","Tierra","Natural","XVI","Dentro","Urbana","Ninguna","No existe","Intersección","Bueno","Buena","Diurna","Buen Tiempo","Lateral","S/D","Colisión","S/D","S/D","Ninguna","Sin restricción"
2015,3971,12/06/2015,"Viernes",0,02:50:00,"Ruta Nacional 11","558.7",2,"Automóvil,Camión"," ",3,1,0,0,2,0,0,,"Ruta",11,"ANGELONI","San Justo","Asfalto","Natural","XVI","Dentro","Rural","Ninguna","No existe","Recta","Bueno","Buena","Nocturna","Buen Tiempo","De alcance","S/D","Colisión","S/D","S/D","Ninguna","Sin restricción"
2015,3972,19/05/2015,"Martes",0,14:15:00,"Ruta Secundaria 54-s","0.0",1,"Vehículo Oficial"," ",1,0,1,0,0,0,0,,"Ruta","54-s","VIDELA","San Justo","Tierra","Natural","XVI","Dentro","Rural","Ninguna","No existe","Recta","Bueno","Buena","Diurna","Buen Tiempo","S/D","S/D","Vuelco","S/D","Faltante","Ninguna","Sin restricción"
2015,3973,11/05/2015,"Lunes",0,18:50:00,,"0.0",2,"Automóvil,Moto/Ciclomotor","Urquiza ",2,1,0,0,1,0,0,,"Calle",,"VIDELA","San Justo","Ripio","Ripio","XVI","Dentro","Urbana","Ninguna","No existe","Intersección","Bueno","Buena","Diurna","Buen Tiempo","Lateral","S/D","Colisión","S/D","Faltante","Ninguna","Sin restricción"