"anio_acci","nro_acci","fecha","desc_dia","fecha_aprox","hora_aprox","desc_ruta","km","cant_participantes","desc_participante","calle_avenida_km","total","heridos_leves","heridos_graves","heridos_gravisimos","ilesos","fallecidos","sin_datos","posicion_XY","desc_tipo_via","desc_ruta_ori","desc_loc","desc_dpto","desc_tipo_calzada","desc_tipo_banquina","desc_unidad_regional","desc_lugar_calzada","desc_zona","desc_prioridad","desc_estado_semaforo","desc_lugar_via","desc_estado_via","desc_estado_visibilidad","desc_luminosidad","desc_estado_clima","desc_tipo_colision","desc_tipo_atropello","desc_tipo_hecho","desc_pres_calzada","desc_senializacion","desc_separacion_via","desc_restriccion"
2015,3974,27/04/2015,"Lunes",0,17:50:00,,"0.0",2,"Pickup/Utilitario,Bicicleta","Independencia Y Gdor Cabal",2,1,0,0,1,0,0,,"Calle",,"SAN JUSTO","San Justo","Asfalto","No existe","XVI","Dentro","Urbana","Ninguna","No existe","Intersección","Bueno","Buena","Diurna","Buen Tiempo","De alcance","S/D","Atropello","S/D","S/D","Ninguna","Sin restricción"
2015,3975,28/06/2015,"Domingo",0,06:55:00,"Ruta Provincial 1","128.0",2,"Automóvil,Peatón"," ",2,0,1,0,0,0,1,,"Ruta",1,"COLONIA SAN JOAQUIN","Garay","Asfalto","Natural","VII","Dentro","Urbana","Ninguna","No existe","Recta","Bueno","Buena","Amanecer","Buen Tiempo","S/D","S/D","Atropello","S/D","Horizontal","Línea divisoria pintada","Sin restricción"
2015,3976,07/07/2015,"Martes",0,07:50:00,,"0.0",2,"Moto/Ciclomotor,Pickup/Utilitario","Bv C Pellegrini Y Gral Urquiza",2,1,0,0,1,0,0,,"Calle",,"SAN JUSTO","San Justo","Asfalto","No existe","XVI","Dentro","Urbana","Ninguna","No existe","Intersección","Bueno","Buena","Diurna","Buen Tiempo","De alcance","S/D","Colisión","S/D","Horizontal","Ninguna","Sin restricción"
2015,3977,13/06/2015,"Sabado",0,20:30:00,"Ruta Nacional 34","378.0",1,"Moto/Ciclomotor"," ",1,1,0,0,0,0,0,,"Ruta",34,"CERES","San Cristóbal","Asfalto","Natural","XIII","S/D","S/D","S/D","No existe","Otro","Bueno","Buena","Nocturna","Buen Tiempo","S/D","S/D","Caída ocupante","S/D","Vertical","Cordón divisorio","Sin restricción"
2015,3978,23/06/2015,"Martes",0,00:20:00,"Ruta Provincial 1","21.0",1,"Automóvil"," ",6,4,2,0,0,0,0,,"Ruta",1,"LOS ZAPALLOS","Garay","Asfalto","Natural","VII","Dentro","Rural","Ninguna","No existe","Recta","Bueno","Buena","Nocturna,Con luz artificial","Buen Tiempo","Lateral","S/D","Vuelco","Ninguna","S/D","Vegetación","Sin restricción"
2015,3979,13/06/2015,"Sabado",0,19:40:00,,"0.0",1,"Moto/Ciclomotor"," ",1,0,1,0,0,0,0,,"Camino Rural",,"HERSILIA","San Cristóbal","Tierra","Natural","XIII","Dentro","Rural","Ninguna","No existe","Recta","Bueno","Buena","Diurna","Buen Tiempo","S/D","S/D","S/D","S/D","Faltante","Ninguna","Sin restricción"
2015,3980,06/06/2015,"Sabado",0,08:30:00,,"0.0",1,"Moto/Ciclomotor","SD ",1,0,1,0,0,0,0,,"Calle",,"MALABRIGO","General Obligado","Tierra","S/D","IX","S/D","Urbana","S/D","S/D","Recta","Bueno","S/D","Diurna","Buen Tiempo","S/D","S/D","Caída ocupante","S/D","S/D","S/D","S/D"
2015,3981,29/05/2015,"Viernes",0,20:30:00,"Ruta Secundaria 77-s","0.0",1,"Moto/Ciclomotor"," ",1,1,0,0,0,0,0,,"Ruta","77-s","AMBROSETTI","San Cristóbal","Ripio","Natural","XIII","S/D","Rural","Ninguna","No existe","Recta","Deteriorada","Reducida","Nocturna","Buen Tiempo","S/D","S/D","Caída ocupante","Ninguna","S/D","Ninguna","Sin restricción"
2015,3982,02/06/2015,"Martes",0,18:50:00,,"0.0",2,"Moto/Ciclomotor,Automóvil","Calle 8-Chacabuco Y Calle 19-Habegger",2,1,0,0,1,0,0,,"Calle",,"RECONQUISTA","General Obligado","Asfalto","No existe","IX","S/D","Urbana","Ninguna","No existe","Intersección","Bueno","Buena","Atardecer","Buen Tiempo","Lateral","S/D","Colisión","Ninguna","Faltante","Cordón divisorio","Sin restricción"
2015,3983,08/06/2015,"Lunes",0,17:00:00,,"0.0",2,"Automóvil,Moto/Ciclomotor","Av Federico Carlos Sigel Y Moreno",2,1,0,0,1,0,0,,"Avenida",,"MALABRIGO","General Obligado","Asfalto","Natural","IX","Dentro","Urbana","Ninguna","No existe","Intersección","Bueno","Buena","Diurna","Buen Tiempo","Lateral","S/D","Colisión","S/D","S/D","S/D","Sin restricción"
2015,3984,12/06/2015,"Viernes",0,18:45:00,,"0.0",2,"Pickup/Utilitario,Moto/Ciclomotor","Avenida Mitre Y Perez de Denis Gregoria",3,0,1,0,2,0,0,,"Calle",,"CERES","San Cristóbal","Asfalto","No existe","XIII","Dentro","Urbana","Ninguna","No existe","Intersección","Bueno","Buena","Atardecer","Buen Tiempo","Frontal","S/D","Colisión","S/D","Horizontal","Ninguna","Sin restricción"
2015,3985,08/06/2015,"Lunes",0,12:05:00,,"0.0",2,"Moto/Ciclomotor,Moto/Ciclomotor","Laprida Y Pringles",2,2,0,0,0,0,0,,"Calle",,"SAN CRISTÓBAL","San Cristóbal","Ripio","No existe","XIII","Fuera","Urbana","S/D","No existe","Intersección","Bueno","Buena","Diurna","Buen Tiempo","Lateral","S/D","Colisión","S/D","S/D","Ninguna","Sin restricción"
2015,3986,06/06/2015,"Sabado",0,11:15:00,,"0.0",2,"Moto/Ciclomotor,Pickup/Utilitario","Calle 16-Obligado ",2,1,0,0,1,0,0,,"Calle",,"RECONQUISTA","General Obligado","Asfalto","No existe","IX","S/D","Urbana","Ninguna","No existe","Recta","Bueno","Buena","Diurna","Buen Tiempo","Lateral","S/D","Colisión","Ninguna","Faltante","Cordón divisorio","Sin restricción"
2015,3987,11/06/2015,"Jueves",0,08:25:00,"Ruta Secundaria 87-s","0.0",1,"Moto/Ciclomotor"," ",1,1,0,0,0,0,0,,"Ruta","87-s","MALABRIGO","General Obligado","Tierra","Natural","IX","Dentro","Rural","Ninguna","No existe","Recta","Bueno","S/D","Diurna","Buen Tiempo","S/D","S/D","Caída ocupante","S/D","S/D","Ninguna","Sin restricción"
2015,3988,15/06/2015,"Lunes",0,12:05:00,"Ruta Secundaria 88-s","0.0",1,"Moto/Ciclomotor"," ",1,0,1,0,0,0,0,,"Ruta","88-s","MALABRIGO","General Obligado","S/D","No existe","IX","S/D","Rural","Ninguna","No existe","Recta","Bueno","S/D","Nocturna","Buen Tiempo","S/D","S/D","Caída ocupante","Ninguna","Faltante","Ninguna","Sin restricción"
2015,3989,06/06/2015,"Sabado",0,10:25:00,,"0.0",2,"Moto/Ciclomotor,Pickup/Utilitario","Calle 22- 25 de Mayo Y Calle 19-Habegger",3,1,1,0,1,0,0,,"Calle",,"RECONQUISTA","General Obligado","Asfalto","No existe","IX","S/D","Urbana","Ninguna","No existe","Intersección","Bueno","Buena","Diurna","Buen Tiempo","Frontal","S/D","Colisión","Ninguna","Faltante","Cordón divisorio","Sin restricción"
2015,3990,17/06/2015,"Miercoles",0,16:50:00,,"0.0",1,"Moto/Ciclomotor","Santa Fe Y Santiago del Estero",1,1,0,0,0,0,0,,"Calle",,"MALABRIGO","General Obligado","Asfalto","No existe","IX","Dentro","Urbana","Ninguna","No existe","Intersección","Bueno","S/D","Diurna","Buen Tiempo","S/D","S/D","Caída ocupante","S/D","S/D","Ninguna","Sin restricción"
2015,3991,07/06/2015,"Domingo",0,04:45:00,,"0.0",1,"Automóvil","Bartolome Mitre 999",3,3,0,0,0,0,0,,"Calle",,"SANTA ROSA DE CALCHINES","Garay","Asfalto","Pavimento","VII","S/D","Urbana","Ninguna","No existe","Intersección","Bueno","S/D","Nocturna","Buen Tiempo","Contra objeto fijo","S/D","Colisión","Ninguna","Faltante","Vegetación","Sin restricción"
2015,3992,10/06/2015,"Miercoles",0,21:30:00,,"0.0",2,"Moto/Ciclomotor,Automóvil"," ",2,1,0,0,1,0,0,,"Calle",,"RECONQUISTA","General Obligado","Asfalto","No existe","IX","S/D","Urbana","Ninguna","No existe","Plaza","Bueno","Buena","Atardecer","Buen Tiempo","Lateral","S/D","Colisión","Ninguna","Faltante","Cordón divisorio","Sin restricción"
2015,3993,16/06/2015,"Martes",0,11:30:00,,"0.0",2,"Automóvil,Peatón","San Martin 673",2,1,0,0,1,0,0,,"Calle",,"SANTA ROSA DE CALCHINES","Garay","Hormigón,Tierra","S/D","VII","Fuera","Urbana","S/D","S/D","Intersección","Bueno","S/D","Diurna","Buen Tiempo","S/D","S/D","Otro","S/D","S/D","Cordón divisorio","Sin restricción"
2015,3994,01/03/2015,"Domingo",0,02:20:00,"Ruta Nacional 11","428.0",1,"Automóvil"," ",1,0,0,0,0,1,0,"-31.932839, -60.912903","Ruta",11,"CORONDA","San Jerónimo","Asfalto","Natural","XV","Fuera","Rural","Ninguna","No existe","Recta","Bueno","Reducida","Nocturna","Buen Tiempo","Contra objeto fijo","S/D","Colisión,Explosión,Incendio,Despiste","S/D","Vertical","Línea divisoria pintada","Sin restricción"
2015,3995,06/06/2015,"Sabado",0,08:20:00,,"0.0",2,"Automóvil,Moto/Ciclomotor","Calle 20-9 de Julio Y Calle 33-Pueyrredon",2,1,0,0,1,0,0,,"Calle",,"RECONQUISTA","General Obligado","Hormigón","No existe","IX","Dentro","Urbana","Ninguna","No existe","Intersección","Bueno","Buena","Diurna","Buen Tiempo","Frontal","S/D","Colisión","Ninguna","Vertical","Ninguna","Sin restricción"
2015,3996,11/06/2015,"Jueves",0,12:20:00,,"0.0",2,"Pickup/Utilitario,Moto/Ciclomotor","A Rossi 981",2,1,0,0,1,0,0,,"Calle",,"SANTA ROSA DE CALCHINES","Garay","Asfalto","Pavimento","VII","Dentro","Urbana","Ninguna","No existe","Intersección","Bueno","Buena","Diurna","Buen Tiempo","Lateral","S/D","Colisión","Ninguna","Faltante","Barrera de hormigón","Sin restricción"
2015,3997,06/06/2015,"Sabado",0,06:00:00,"Ruta Nacional 11","561.0",2,"Automóvil,Camión","Ruta Nacional 11 561",7,4,0,0,3,0,0,,"Ruta",11,"SAN JUSTO","San Justo","Asfalto","Ripio","XVI","Dentro","Rural","Otra Señal","No existe","Recta","Bueno","Reducida","Nocturna","Buen Tiempo","Lateral","S/D","Colisión","Ninguna","Vertical","Línea divisoria pintada","Sin restricción"
2015,3998,06/01/2015,"Martes",0,11:30:00,,"0.0",2,"Moto/Ciclomotor,Pickup/Utilitario","Brett S Y Runciman",3,0,0,0,1,1,1,"-33.760944444444,-61.954722222222","Calle",,"VENADO TUERTO","General López","Tierra","No existe","VIII","Dentro","Urbana","S/D","No existe","Intersección","Deteriorada","Buena","Diurna","Buen Tiempo","Lateral","S/D","Colisión","Otro","Faltante","Ninguna","Sin restricción"
2015,3999,15/06/2015,"Lunes",0,10:25:00,,"0.0",2,"Bicicleta,Automóvil","HABEGGER Y BV IRIGOYEN",2,1,0,0,1,0,0,,"Calle",,"RECONQUISTA","General Obligado","Asfalto","No existe","IX","Dentro","Urbana","Semáforo","Funciona","Intersección","Bueno","Buena","Diurna","Buen Tiempo","S/D","S/D","Atropello","Ninguna","Vertical","Cordón divisorio","Sin restricción"
2015,4000,01/06/2015,"Lunes",0,11:10:00,,"0.0",2,"Moto/Ciclomotor,Moto/Ciclomotor","Laprida Y Saavedra",2,1,0,0,1,0,0,,"Calle",,"SAN CRISTÓBAL","San Cristóbal","Ripio","Natural","XIII","Dentro","Urbana","Ninguna","No existe","Intersección","Bueno","Buena","Diurna","Buen Tiempo","Lateral","S/D","Colisión","Ninguna","Faltante","Ninguna","Sin restricción"
2015,4001,21/06/2015,"Domingo",0,17:25:00,,"0.0",2,"Automóvil,Moto/Ciclomotor","B de Tucuman Y Gral Urquiza",5,3,1,0,1,0,0,,"Calle",,"SAN JUSTO","San Justo","Asfalto","No existe","XVI","Dentro","Urbana","Ninguna","No existe","Intersección","Bueno","Buena","Diurna","Buen Tiempo","Frontal,Lateral","S/D","Colisión","Ninguna","S/D","Cordón divisorio","Sin restricción"
2015,4002,14/06/2015,"Domingo",0,11:45:00,"Ruta Nacional 11","0.0",2,"Automóvil,Bicicleta","Av San Martin Y Moreno",2,1,0,0,1,0,0,,"Ruta",11,"SAN LORENZO","San Lorenzo","S/D","S/D","XVII","S/D","S/D","S/D","S/D","S/D","S/D","S/D","Diurna","S/D","S/D","S/D","S/D","S/D","S/D","S/D","S/D"
2015,4003,29/06/2015,"Lunes",0,20:10:00,,"0.0",2,"Moto/Ciclomotor,Pickup/Utilitario","Calle 29-Alte Brown Y Calle 29-Alte Brown",2,1,0,0,1,0,0,,"Calle",,"RECONQUISTA","General Obligado","Asfalto","No existe","IX","Dentro","Urbana","Ninguna","No existe","Intersección","Otro","Reducida","Nocturna","Buen Tiempo","De alcance","S/D","Colisión","S/D","Faltante","Ninguna","Sin restricción"
2015,4004,04/06/2015,"Jueves",0,13:20:00,,"0.0",2,"Moto/Ciclomotor,Automóvil","Calle 35-Espa±a Y Calle 26 - Bolivar",3,2,0,0,1,0,0,,"Calle",,"RECONQUISTA","General Obligado","Asfalto","No existe","IX","S/D","Urbana","Ninguna","No existe","Intersección","Otro","Buena","Diurna","Buen Tiempo","De alcance","S/D","Colisión","Otro","Faltante","Ninguna","Sin restricción"
2015,4005,04/06/2015,"Jueves",0,18:50:00,,"0.0",2,"Bicicleta,Moto/Ciclomotor","Calle 8-Chacabuco Y Calle 9-Mariano Moreno",2,1,0,0,1,0,0,,"Calle",,"RECONQUISTA","General Obligado","Asfalto","Pavimento","IX","Dentro","Urbana","Ninguna","No existe","Recta","Bueno","Reducida","Nocturna","Otro","S/D","S/D","Atropello","Ninguna","Faltante","Ninguna","Sin restricción"
2015,4006,08/06/2015,"Lunes",0,17:30:00,,"0.0",2,"Automóvil,Moto/Ciclomotor","Calle 33-Pueyrredon Y Calle 24 - Olessio",2,1,0,0,1,0,0,,"Calle",,"RECONQUISTA","General Obligado","Asfalto","No existe","IX","S/D","Urbana","Ninguna","No existe","Intersección","Bueno","Buena","Diurna","Buen Tiempo","Lateral","S/D","Colisión","Ninguna","Faltante","Ninguna","Sin restricción"
2015,4007,01/03/2015,"Domingo",0,13:40:00,"Autopista Provincial Brigadier E.López","60.0",1,"Automóvil","AP01 km 60 asc. ",5,2,0,0,2,1,0,"-32.392311, -60.941070","Autopista","Brigadier E.López","MONJE","San Jerónimo","Asfalto","Pavimento","XV","S/D","Rural","Ninguna","No existe","Puente","Bueno","Reducida","Diurna","Lluvia","S/D","S/D","Vuelco,Despiste","Agua","Horizontal,Vertical","Vegetación,Ninguna","Sin restricción"
2015,4008,15/06/2015,"Lunes",0,10:05:00,,"0.0",2,"Automóvil,Moto/Ciclomotor","Calle 17-Bartolome Mitre Y Calle 12 San Martin",2,1,0,0,0,0,1,,"Calle",,"RECONQUISTA","General Obligado","Asfalto","S/D","IX","Dentro","Urbana","S/D","No existe","S/D","Bueno","Buena","Diurna","S/D","S/D","S/D","S/D","S/D","S/D","S/D","S/D"
2015,4009,03/06/2015,"Miercoles",0,21:05:00,,"0.0",2,"Automóvil,Moto/Ciclomotor","S/D ",3,2,0,0,1,0,0,,"Calle",,"RECONQUISTA","General Obligado","Asfalto","Pavimento","IX","Dentro","Urbana","Ninguna","No existe","Intersección","Bueno","Reducida","Nocturna","Buen Tiempo","S/D","S/D","Colisión","S/D","Vertical","Cordón divisorio","Sin restricción"
2015,4010,16/06/2015,"Martes",0,,,"0.0",2,"Pickup/Utilitario,Moto/Ciclomotor","Bv Mariano Moreno Y Pueyrredon",2,1,0,0,1,0,0,,"Avenida",,"SAN CRISTÓBAL","San Cristóbal","Asfalto","No existe","XIII","Dentro","Urbana","Ninguna","No existe","Intersección","Bueno","Reducida","Nocturna","Buen Tiempo","Lateral","S/D","Colisión","Agua","Faltante","Ninguna","Sin restricción"
2015,4011,21/06/2015,"Domingo",0,15:20:00,,"0.0",2,"Automóvil,Pickup/Utilitario","Gral Alvear Y Cochabamba",4,2,0,0,2,0,0,,"Calle",,"SAN CRISTÓBAL","San Cristóbal","Asfalto","Pavimento","XIII","Dentro","Urbana","Ninguna","No existe","Intersección","Bueno","Buena","Diurna","Buen Tiempo","Lateral","S/D","Colisión","S/D","S/D","Ninguna","Sin restricción"
2015,4012,02/06/2015,"Martes",0,14:00:00,,"0.0",2,"Moto/Ciclomotor,Automóvil","Balcarce Y Alberdi",2,1,0,0,1,0,0,,"Calle",,"SANTA FE","La Capital","S/D","S/D","I","S/D","Urbana","S/D","S/D","Intersección","S/D","S/D","Diurna","S/D","Lateral","S/D","Colisión","S/D","S/D","S/D","S/D"
2015,4013,22/06/2015,"Lunes",0,18:10:00,,"0.0",2,"Automóvil,Automóvil","Calle 22- 25 de Mayo Y Calle 25-Rivadavia",3,1,0,0,2,0,0,,"Calle",,"RECONQUISTA","General Obligado","Asfalto","No existe","IX","S/D","Urbana","Ninguna","No existe","Intersección","Resbaladiza","Buena","Atardecer","Lluvia","Frontal","S/D","Colisión","Agua","Faltante","Cordón divisorio","Sin restricción"
2015,4014,05/06/2015,"Viernes",0,02:45:00,,"0.0",1,"Moto/Ciclomotor","J B Justo Y Sarmiento",1,0,1,0,0,0,0,,"Calle",,"SAN CRISTÓBAL","San Cristóbal","Asfalto","Pavimento","XIII","Dentro","Urbana","Ninguna","No existe","Recta","Bueno","Buena","Nocturna","Buen Tiempo","Contra objeto fijo","S/D","Caída ocupante","Ninguna","Vertical","Ninguna","Sin restricción"
2015,4015,27/06/2015,"Sabado",0,11:45:00,,"0.0",2,"Automóvil,Moto/Ciclomotor","Pasaje 8-10 Moreno ",2,1,0,0,1,0,0,,"S/D",,"RECONQUISTA","General Obligado","Asfalto","No existe","IX","S/D","Urbana","Ninguna","No existe","Recta","Bueno","Buena","Diurna","Buen Tiempo","Lateral","S/D","Despiste","Ninguna","Faltante","Ninguna","Sin restricción"
2015,4016,13/06/2015,"Sabado",0,,,"0.0",2,"Pickup/Utilitario,Moto/Ciclomotor","S/D ",4,2,1,0,1,0,0,,"Calle",,"RECONQUISTA","General Obligado","Tierra","Natural","IX","Dentro","Urbana","Ninguna","No existe","Intersección","Ahuellamiento","Buena","Diurna","Buen Tiempo","S/D","S/D","Colisión","Otro","Faltante","Vegetación","Sin restricción"
2015,4017,02/06/2015,"Martes",0,16:00:00,,"0.0",2,"Automóvil,Automóvil","Necochea Y Maipu",3,1,0,0,2,0,0,,"Calle",,"SANTA FE","La Capital","S/D","S/D","I","S/D","Urbana","S/D","S/D","Intersección","S/D","S/D","Diurna","S/D","Lateral","S/D","Colisión","S/D","S/D","S/D","S/D"
2015,4018,29/06/2015,"Lunes",0,19:42:00,,"0.0",2,"Bicicleta,Pickup/Utilitario","Calle 15-Patricio Diez Y Calle 8-Chacabuco",2,1,0,0,1,0,0,,"Calle",,"RECONQUISTA","General Obligado","Asfalto","No existe","IX","S/D","Urbana","Ninguna","No existe","Intersección","Bueno","Buena","Atardecer,Con luz artificial","Lluvia","S/D","S/D","Atropello","Agua","Faltante","Ninguna","Sin restricción"
2015,4019,03/06/2015,"Miercoles",0,,,"0.0",2,"Moto/Ciclomotor,Automóvil","Calle 27-Gdor Freyre Y Roca Pte",2,1,0,0,1,0,0,,"S/D",,"RECONQUISTA","General Obligado","Asfalto","No existe","XIII","S/D","Urbana","Ninguna","No existe","Intersección","Bueno","Buena","Diurna","Buen Tiempo","Otro","S/D","Colisión","Ninguna","S/D","S/D","Sin restricción"
2015,4020,28/06/2015,"Domingo",0,16:20:00,,"0.0",2,"Moto/Ciclomotor,Automóvil","Calle 15-Patricio Diez Y Calle 22- 25 de Mayo",3,2,0,0,1,0,0,,"Calle",,"RECONQUISTA","General Obligado","Hormigón","No existe","IX","Dentro","Urbana","Ninguna","No existe","Intersección","Bueno","Buena","Diurna","Buen Tiempo","Lateral","S/D","Colisión","S/D","Vertical","Cordón divisorio","Sin restricción"
2015,4021,06/06/2015,"Sabado",0,01:35:00,,"0.0",2,"Moto/Ciclomotor,Moto/Ciclomotor","Av 7 Jefes Y Cordoba",3,3,0,0,0,0,0,,"Avenida",,"SANTA FE","La Capital","S/D","S/D","I","S/D","Urbana","S/D","S/D","Intersección","S/D","S/D","Nocturna","S/D","Lateral","S/D","Colisión","S/D","S/D","S/D","S/D"
2015,4022,18/06/2015,"Jueves",0,19:50:00,,"0.0",3,"Moto/Ciclomotor,Automóvil,Moto/Ciclomotor","Calle 8-Chacabuco ",4,2,0,0,2,0,0,,"Calle",,"RECONQUISTA","General Obligado","Asfalto","No existe","IX","S/D","Urbana","Ninguna","No existe","Recta","Bueno","Buena","Nocturna,Con luz artificial","Buen Tiempo","Lateral","S/D","Colisión","Ninguna","Faltante","Cordón divisorio","Sin restricción"
2015,4023,18/06/2015,"Jueves",0,09:40:00,"Ruta Secundaria 3-s","49.0",1,"Moto/Ciclomotor"," ",1,0,1,0,0,0,0,,"Ruta","3-s","GARABATO","Vera","Asfalto","Natural","XIX","Dentro","Rural","Ninguna","No existe","Recta","Bueno","Buena","Diurna","Buen Tiempo","Frontal","S/D","Colisión","S/D","Horizontal","Ninguna","Sin restricción"
2015,4024,28/06/2015,"Domingo",0,23:40:00,,"0.0",2,"Automóvil,Moto/Ciclomotor","Av. de los Trabaj. Ferroviario Y Ituzaingo",7,1,0,0,6,0,0,,"Avenida",,"SAN CRISTÓBAL","San Cristóbal","Asfalto","No existe","XIII","S/D","Urbana","Ninguna","No existe","Intersección","Bueno","Buena","Nocturna","Buen Tiempo","Frontal","S/D","Colisión","Ninguna","Faltante","Ninguna","Sin restricción"
2015,4025,08/06/2015,"Lunes",0,18:15:00,,"0.0",2,"Automóvil,Moto/Ciclomotor","Calle 16-Obligado Y Calle 33-Pueyrredon",3,1,1,0,1,0,0,,"Calle",,"RECONQUISTA","General Obligado","Asfalto","No existe","IX","S/D","Urbana","Ninguna","No existe","Intersección","Bueno","Buena","Diurna","Buen Tiempo","Frontal","S/D","Colisión","Ninguna","Vertical","Ninguna","Sin restricción"
2015,4026,05/06/2015,"Viernes",0,21:50:00,,"0.0",2,"Moto/Ciclomotor,Automóvil","Calle 15-Patricio Diez 1171",3,1,0,0,2,0,0,,"Calle",,"RECONQUISTA","General Obligado","Asfalto","No existe","IX","Dentro","Urbana","Ninguna","No existe","Recta","Bueno","Buena","Nocturna,Con luz artificial","Buen Tiempo","De alcance","S/D","Colisión","Ninguna","Vertical","Cordón divisorio","Sin restricción"
2015,4027,30/06/2015,"Martes",0,14:15:00,,"0.0",2,"Bicicleta,Automóvil","Mariano Moreno Y Pte Roca",2,1,0,0,1,0,0,,"Avenida",,"SAN GUILLERMO","San Cristóbal","S/D","Natural","XIII","S/D","Urbana","Ninguna","No existe","Intersección","Bueno","Buena","Diurna","Buen Tiempo","S/D","S/D","Atropello","S/D","S/D","Ninguna","Sin restricción"
2015,4028,23/06/2015,"Martes",0,20:00:00,,"0.0",2,"Moto/Ciclomotor,Automóvil","Calle 22- 25 de Mayo Y Calle 23-Gral lopez",3,2,0,0,1,0,0,,"Calle",,"RECONQUISTA","General Obligado","Asfalto","Pavimento","IX","Dentro","Urbana","Ninguna","No existe","Intersección","Bueno","Buena","Nocturna,Con luz artificial","Buen Tiempo","Lateral","S/D","Colisión","Ninguna","Vertical","Cordón divisorio","Sin restricción"
2015,4029,07/06/2015,"Domingo",0,16:00:00,,"0.0",2,"Pickup/Utilitario,Automóvil","Bv Galvez Y Dorrego",2,1,0,0,1,0,0,,"Calle",,"SANTA FE","La Capital","S/D","S/D","I","S/D","Urbana","S/D","S/D","Intersección","S/D","S/D","Diurna","S/D","Lateral","S/D","Colisión","S/D","S/D","S/D","S/D"
2015,4030,10/06/2015,"Miercoles",0,,,"0.0",2,"Moto/Ciclomotor,Moto/Ciclomotor","Candioti Y Gdor Candioti",2,1,0,0,1,0,0,,"Calle",,"SANTA FE","La Capital","S/D","S/D","I","S/D","Urbana","S/D","S/D","Intersección","S/D","S/D","S/D","S/D","Lateral","S/D","Colisión","S/D","S/D","S/D","S/D"
2015,4031,06/06/2015,"Sabado",0,10:15:00,,"0.0",2,"Automóvil,Bicicleta","2 de Abril ",2,1,0,0,1,0,0,,"Calle",,"CAPITÁN BERMÚDEZ","San Lorenzo","Asfalto","S/D","XVII","Dentro","Urbana","S/D","S/D","Intersección","Bueno","S/D","Diurna","Buen Tiempo","S/D","S/D","Atropello","S/D","S/D","S/D","S/D"
2015,4032,19/06/2015,"Viernes",0,19:35:00,,"0.0",2,"Moto/Ciclomotor,Pickup/Utilitario","Calle 20 9 de Julio Y Calle 11-Alvear",3,2,0,0,1,0,0,,"Calle",,"RECONQUISTA","General Obligado","Hormigón","No existe","IX","Dentro","Urbana","Ninguna","No existe","Intersección","Bueno","Buena","Nocturna","Buen Tiempo","Lateral","S/D","Colisión","S/D","Vertical","Cordón divisorio","Sin restricción"
2015,4033,18/06/2015,"Jueves",0,22:30:00,,"0.0",2,"Moto/Ciclomotor,Automóvil","Guemes Y Maipu",3,2,0,0,1,0,0,,"Calle",,"SANTA FE","La Capital","S/D","S/D","I","S/D","Urbana","S/D","S/D","Intersección","S/D","S/D","Nocturna","S/D","Lateral","S/D","Colisión","S/D","S/D","S/D","Sin restricción"
2015,4034,04/03/2015,"Miercoles",0,14:15:00,"Ruta Nacional 9","320.0",1,"Automóvil","RN 1V09 ",1,0,0,0,0,1,0,"-32.914825, -60.823840","Ruta",9,"ROLDÁN","San Lorenzo","Asfalto","Natural","XVII","Fuera","Rural","Ninguna","No existe","Recta","Bueno","Buena","Diurna","Buen Tiempo","S/D","S/D","Vuelco","S/D","Faltante","Línea divisoria pintada","Sin restricción"
2015,4035,24/06/2015,"Miercoles",0,06:30:00,,"0.0",2,"Moto/Ciclomotor,Automóvil","Bv Galvez Y Alberdi",2,1,0,0,1,0,0,,"Calle",,"SANTA FE","La Capital","S/D","S/D","I","S/D","Urbana","S/D","S/D","Intersección","S/D","S/D","Amanecer","S/D","Lateral","S/D","Colisión","S/D","S/D","S/D","S/D"
2015,4036,05/06/2015,"Viernes",0,16:30:00,,"0.0",2,"Moto/Ciclomotor,Moto/Ciclomotor","Av San Lorenzo Y C Escalada",2,2,0,0,0,0,0,,"Calle",,"CAPITÁN BERMÚDEZ","San Lorenzo","Asfalto","No existe","XVII","Dentro","Urbana","Ninguna","S/D","Intersección","Bueno","Buena","Diurna","Buen Tiempo","Frontal","S/D","Colisión","S/D","S/D","Ninguna","Sin restricción"
2015,4037,25/06/2015,"Jueves",0,16:35:00,,"0.0",2,"Moto/Ciclomotor,Automóvil","Av Almte Brown Y Maipu",2,1,0,0,1,0,0,,"Calle",,"SANTA FE","La Capital","S/D","S/D","I","S/D","Urbana","S/D","S/D","Intersección","S/D","S/D","Diurna","S/D","Lateral","S/D","Colisión","S/D","S/D","S/D","S/D"
2015,4038,05/06/2015,"Viernes",0,13:40:00,,"0.0",2,"Moto/Ciclomotor,Automóvil","SD ",2,1,0,0,1,0,0,,"Calle",,"CAPITÁN BERMÚDEZ","San Lorenzo","Asfalto","No existe","XVII","S/D","Urbana","S/D","No existe","Intersección","Bueno","Buena","Diurna","Buen Tiempo","Frontal","S/D","Colisión","S/D","Faltante","S/D","S/D"