"anio_acci","nro_acci","fecha","desc_dia","fecha_aprox","hora_aprox","desc_ruta","km","cant_participantes","desc_participante","calle_avenida_km","total","heridos_leves","heridos_graves","heridos_gravisimos","ilesos","fallecidos","sin_datos","posicion_XY","desc_tipo_via","desc_ruta_ori","desc_loc","desc_dpto","desc_tipo_calzada","desc_tipo_banquina","desc_unidad_regional","desc_lugar_calzada","desc_zona","desc_prioridad","desc_estado_semaforo","desc_lugar_via","desc_estado_via","desc_estado_visibilidad","desc_luminosidad","desc_estado_clima","desc_tipo_colision","desc_tipo_atropello","desc_tipo_hecho","desc_pres_calzada","desc_senializacion","desc_separacion_via","desc_restriccion"
2015,4039,25/06/2015,"Jueves",0,09:00:00,,"0.0",2,"Moto/Ciclomotor,Automóvil","Gdor Candioti Y Las Heras",2,1,0,0,1,0,0,,"Calle",,"SANTA FE","La Capital","S/D","S/D","I","S/D","Urbana","S/D","S/D","Intersección","S/D","Buena","Diurna","S/D","Lateral","S/D","Colisión","S/D","S/D","S/D","S/D"
2015,4040,01/06/2015,"Lunes",0,18:20:00,,"0.0",2,"Automóvil,Moto/Ciclomotor","Av San Lorenzo Y Rivadavia Bernardino",2,1,0,0,1,0,0,,"Avenida",,"CAPITÁN BERMÚDEZ","San Lorenzo","S/D","S/D","XVII","Dentro","Urbana","S/D","S/D","Intersección","S/D","S/D","Diurna","S/D","S/D","S/D","Colisión","S/D","S/D","S/D","S/D"
2015,4041,06/06/2015,"Sabado",0,22:40:00,,"0.0",2,"Automóvil,Moto/Ciclomotor","J V Gonzalez Y Eva Peron",2,1,0,0,1,0,0,,"Calle",,"CAPITÁN BERMÚDEZ","San Lorenzo","Asfalto","No existe","XVII","S/D","Urbana","S/D","S/D","Intersección","Bueno","S/D","Nocturna","Buen Tiempo","Frontal","S/D","Colisión","S/D","S/D","S/D","Sin restricción"
2015,4042,30/06/2015,"Martes",0,18:00:00,,"0.0",2,"Moto/Ciclomotor,Taxi/Remis","Calle 8-Chacabuco Y Calle 33-Pueyrredon",3,2,0,0,0,0,1,,"Calle",,"RECONQUISTA","General Obligado","Hormigón","No existe","IX","Dentro","Urbana","Ninguna","No existe","Intersección","Bueno","Buena","Diurna","Buen Tiempo","Frontal","S/D","Colisión","S/D","Vertical","Ninguna","Sin restricción"
2015,4043,27/06/2015,"Sabado",0,10:15:00,,"0.0",2,"Moto/Ciclomotor,Automóvil","Candioti ",2,1,0,0,1,0,0,,"Calle",,"SANTA FE","La Capital","S/D","S/D","I","S/D","Urbana","S/D","S/D","Intersección","S/D","S/D","Diurna","S/D","Lateral","S/D","Colisión","S/D","S/D","S/D","S/D"
2015,4044,30/06/2015,"Martes",0,13:20:00,,"0.0",2,"Moto/Ciclomotor,Moto/Ciclomotor","Calle 25-Rivadavia Y Roca Pte",3,3,0,0,0,0,0,,"Calle",,"RECONQUISTA","General Obligado","Hormigón","No existe","IX","Dentro","Urbana","Ninguna","No existe","Intersección","Bueno","Buena","Diurna","Buen Tiempo","Frontal","S/D","Colisión","S/D","Vertical","Ninguna","Sin restricción"
2015,4045,26/06/2015,"Viernes",0,11:50:00,,"0.0",2,"Automóvil,Moto/Ciclomotor","Calle 15-Patricio Diez Y Calle 12 San Martin",4,1,0,0,3,0,0,,"Calle",,"RECONQUISTA","General Obligado","Hormigón","No existe","IX","Dentro","Urbana","Ninguna","No existe","Recta","Bueno","Buena","Diurna","Buen Tiempo","Lateral","S/D","Colisión","S/D","Vertical","Ninguna","Sin restricción"
2015,4046,05/03/2015,"Jueves",0,15:15:00,"Ruta Nacional 33","612.0",1,"Automóvil"," ",2,0,1,0,0,1,0,"-33.815245, -62.174049","Ruta",33,"MAGGIOLO","General López","Asfalto","Natural","VIII","Fuera","Rural","Ninguna","No existe","Recta","Bueno","Buena","Diurna","Buen Tiempo","Contra objeto fijo","S/D","Colisión,Despiste","S/D","Horizontal,Vertical","Línea divisoria pintada","Sin restricción"
2015,4047,07/06/2015,"Domingo",0,07:50:00,,"0.0",1,"Automóvil","Calle 10-Ludue±a Y Calle 21-Gdor. iriondo",3,3,0,0,0,0,0,,"Calle",,"RECONQUISTA","General Obligado","Hormigón","No existe","IX","Dentro","Urbana","Ninguna","Intermitente","Recta","Bueno","Buena","Diurna","Buen Tiempo","Frontal","S/D","Colisión","Ninguna","Vertical","Cordón divisorio","Sin restricción"
2015,4048,08/03/2015,"Domingo",0,02:55:00,"Ruta Nacional 34","343.0",2,"Moto/Ciclomotor,Camión"," ",2,0,0,0,1,1,0,"-30.223978, -61.731598","Ruta",34,"ARRUFÓ","San Cristóbal","Asfalto","Natural","XIII","Dentro","Rural","Señal Pare","No existe","Recta","Deteriorada","Buena","Nocturna","Buen Tiempo","Lateral","S/D","Colisión","Otro","Horizontal","Línea divisoria pintada","Sin restricción"
2015,4049,21/06/2015,"Domingo",0,01:45:00,,"0.0",2,"Moto/Ciclomotor,Automóvil","Calle 15-Patricio Diez Y Calle 28-San lorenzo",4,3,0,0,1,0,0,,"Calle",,"RECONQUISTA","General Obligado","Asfalto","No existe","IX","S/D","Urbana","S/D","No existe","Intersección","Bueno","Buena","Nocturna,Con luz artificial","Buen Tiempo","Frontal","S/D","Colisión","Ninguna","Faltante","S/D","Sin restricción"
2015,4050,05/06/2015,"Viernes",0,19:30:00,"Ruta Secundaria 3-s","0.0",1,"Camión"," ",1,1,0,0,0,0,0,,"Ruta","3-s","CAÑADA OMBÚ","Vera","Tierra","Natural","XIX","S/D","Rural","Ninguna","No funciona","Recta","Bueno","Reducida polvo","Nocturna","Buen Tiempo","Contra objeto fijo","S/D","Colisión","S/D","Faltante","Barrera de hormigón","Sin restricción"
2015,4051,01/01/2015,"Jueves",0,07:30:00,"Autopista Nacional A008","0.0",1,"Automóvil","Av. Circunvalacion ",1,0,0,0,0,1,0," -32.989847,-60.704207","Autopista","A008","ROSARIO","Rosario","Asfalto","Natural","II","Fuera","Urbana","Ninguna","No existe","Recta","Bueno","Reducida","Diurna","Lluvia","Contra objeto fijo","S/D","Colisión,Despiste","Agua","Horizontal,Vertical","Guardarrail,Vegetación","Sin restricción"
2015,4052,06/01/2015,"Martes",0,,,"0.0",1,"Moto/Ciclomotor"," ",1,0,0,0,0,1,0,"-31.603740,-60.716637","S/D",,"SANTA FE","La Capital","S/D","S/D","I","S/D","Urbana","S/D","S/D","S/D","S/D","S/D","S/D","S/D","S/D","S/D","S/D","S/D","S/D","S/D","S/D"
2015,4053,06/01/2015,"Martes",0,,,"0.0",1,"Moto/Ciclomotor"," ",1,0,0,0,0,1,0,"-32.903747,-60.695754","S/D",,"ROSARIO","Rosario","S/D","S/D","II","S/D","Urbana","S/D","S/D","S/D","S/D","S/D","S/D","S/D","S/D","S/D","S/D","S/D","S/D","S/D","S/D"
2015,4054,18/01/2015,"Domingo",0,,,"0.0",1,"Moto/Ciclomotor"," ",1,0,0,0,0,1,0,"-33.044909,-61.169125","S/D",,"CASILDA","Caseros","S/D","S/D","IV","S/D","Urbana","S/D","S/D","S/D","S/D","S/D","S/D","S/D","S/D","S/D","S/D","S/D","S/D","S/D","S/D"
2015,4055,06/07/2015,"Lunes",0,20:45:00,,"0.0",2,"Moto/Ciclomotor,Moto/Ciclomotor","B J Lasserre Y Av Brasil",3,1,1,0,1,0,0,,"Avenida",,"RAFAELA","Castellanos","Hormigón","S/D","V","Dentro","Urbana","Otra Señal","S/D","Intersección","Bueno","S/D","Nocturna","Buen Tiempo","S/D","S/D","Caída ocupante","Ninguna","Horizontal","Línea divisoria pintada","Sin restricción"
2015,4056,11/07/2015,"Sabado",0,21:30:00,,"0.0",2,"Moto/Ciclomotor,Automóvil","Simon Bolivar Y Rosario",4,1,1,0,2,0,0,,"Calle",,"RAFAELA","Castellanos","Hormigón","No existe","V","Dentro","Urbana","Ninguna","No existe","Intersección","Bueno","Buena","Nocturna","Buen Tiempo","Lateral","S/D","Colisión","Otro","Horizontal","Ninguna","Sin restricción"
2015,4057,17/06/2015,"Miercoles",0,21:30:00,,"0.0",3,"Automóvil,Moto/Ciclomotor,Bicicleta","Calle 18 - Gral Belgrano Y Calle 25-Rivadavia",3,2,0,0,1,0,0,,"Calle",,"RECONQUISTA","General Obligado","Asfalto","No existe","IX","Dentro","Urbana","Ninguna","No existe","Intersección","Bueno","Buena","Nocturna,Con luz artificial","Buen Tiempo","Lateral","S/D","Colisión,Atropello","Ninguna","Vertical","Cordón divisorio","Sin restricción"
2015,4058,09/07/2015,"Jueves",0,10:00:00,"Ruta Nacional 34","194.5",2,"Camión,Pickup/Utilitario"," ",6,1,0,0,5,0,0,,"Ruta",34,"ANGÉLICA","Castellanos","Asfalto","Natural","V","S/D","Rural","Ninguna","No existe","Recta","Bueno","Buena","Diurna","Buen Tiempo","De alcance","S/D","Colisión","Ninguna","S/D","Línea divisoria pintada","Sin restricción"
2015,4059,26/06/2015,"Viernes",0,13:30:00,,"0.0",2,"Moto/Ciclomotor,Automóvil","Sargento Cabral 240",2,1,0,0,0,0,1,,"Calle",,"RAFAELA","Castellanos","Hormigón","No existe","V","Dentro","Urbana","Ninguna","No existe","Recta","Bueno","Buena","Diurna","Buen Tiempo","Otro","S/D","Colisión","Ninguna","Faltante","Ninguna","Sin restricción"
2015,4061,07/07/2015,"Martes",0,20:30:00,,"0.0",2,"Moto/Ciclomotor,Automóvil","Av Roque Saenz Pe±a Y 1ro de Mayo",2,0,1,0,0,0,1,,"Avenida",,"RAFAELA","Castellanos","Asfalto","No existe","V","Dentro","Urbana","Ninguna","No existe","Intersección","Bueno","Buena","Nocturna","Buen Tiempo","Lateral","S/D","Colisión","Ninguna","S/D","S/D","Sin restricción"
2015,4062,08/07/2015,"Miercoles",0,12:20:00,,"0.0",2,"Moto/Ciclomotor,Moto/Ciclomotor","Av Luis Fanti Y Scalabrini Ortiz",2,1,0,0,1,0,0,,"Avenida",,"RAFAELA","Castellanos","Asfalto,Hormigón","Pavimento","V","Dentro","Urbana","Ninguna","No existe","Intersección","Bueno","Buena","Diurna","Buen Tiempo","S/D","S/D","Colisión","Ninguna","Horizontal","Cordón divisorio","Sin restricción"
2015,4063,07/07/2015,"Martes",0,19:00:00,,"0.0",2,"Automóvil,Moto/Ciclomotor","Saavedra Y J M Estrada",2,0,1,0,0,0,1,,"Calle",,"RAFAELA","Castellanos","Asfalto","S/D","V","S/D","Urbana","Ninguna","S/D","Intersección","Bueno","S/D","Nocturna","Buen Tiempo","Lateral","S/D","Colisión","Ninguna","Faltante","Ninguna","Sin restricción"
2015,4064,16/02/2015,"Lunes",0,18:30:00,"Ruta Provincial 14","154.0",2,"Automóvil,Pickup/Utilitario"," ",4,1,0,0,0,3,0,"-33.957343, -61.875771","Ruta",14,"MARÍA TERESA","General López","Asfalto","Natural","VIII","Dentro","Rural","Ninguna","No existe","Recta","Con baches","Reducida","Diurna","Lluvia","Frontal","S/D","Colisión","Agua","S/D","Línea divisoria pintada","Sin restricción"
2015,4065,11/04/2015,"Sabado",0,09:45:00,,"0.0",2,"Moto/Ciclomotor,Automóvil","Belgrano Y Rivadavia",3,2,0,0,1,0,0,,"Calle",,"VILLA OCAMPO","General Obligado","Asfalto","Natural","IX","Dentro","Urbana","Ninguna","No existe","Intersección","Bueno","Buena","Diurna","Buen Tiempo","Lateral","S/D","Colisión","S/D","Faltante","Ninguna","Sin restricción"
2015,4066,08/07/2015,"Miercoles",0,13:00:00,,"0.0",2,"Automóvil,Moto/Ciclomotor","Carrero Podio 1533",2,1,0,0,1,0,0,,"Calle",,"RAFAELA","Castellanos","Asfalto","No existe","V","Dentro","Urbana","Ninguna","No existe","Recta","Bueno","Buena","Diurna","Buen Tiempo","Lateral","S/D","Colisión","Ninguna","Faltante","Cordón divisorio","Sin restricción"
2015,4067,04/07/2015,"Sabado",0,20:30:00,,"0.0",2,"Moto/Ciclomotor,Moto/Ciclomotor","M.MORENO Y GALVEZ",2,0,1,0,1,0,0,,"Calle",,"SAN VICENTE.","Castellanos","Asfalto","No existe","V","Dentro","Urbana","Ninguna","No existe","Intersección","Bueno","Buena","Nocturna,Con luz artificial","Buen Tiempo","Lateral","S/D","Colisión","Ninguna","Faltante","Cordón divisorio","Sin restricción"
2015,4068,07/07/2015,"Martes",0,11:30:00,,"0.0",2,"Moto/Ciclomotor,Automóvil","Velez Sarfield Y Francisco Peretti",3,1,0,0,2,0,0,,"Calle",,"RAFAELA","Castellanos","Asfalto","Pavimento","V","Dentro","Urbana","Ninguna","No existe","Intersección","Bueno","Buena","Diurna","Buen Tiempo","Lateral","S/D","Colisión","Ninguna","Vertical","Ninguna","Sin restricción"
2015,4069,08/03/2015,"Domingo",0,04:30:00,,"0.0",1,"Moto/Ciclomotor","Av. Estanislao López Y Madres de Plaza de Mayo",1,0,0,0,0,1,0,"-32.927574, -60.656994","Avenida",,"ROSARIO","Rosario","Asfalto","No existe","II","Fuera","Urbana","Semáforo","Funciona","Intersección","Bueno","Reducida","Nocturna,Con luz artificial","Buen Tiempo","Contra objeto fijo","S/D","Caída ocupante,Colisión,Despiste","Ninguna","S/D","Ninguna","Sin restricción"
2015,4070,11/04/2015,"Sabado",0,16:30:00,,"0.0",2,"Peatón,Moto/Ciclomotor","Calle s/n ",2,0,1,0,1,0,0,,"Calle",,"VILLA OCAMPO","General Obligado","Tierra","Natural","IX","Dentro","Urbana","Ninguna","No existe","Recta","Deteriorada","Buena","Diurna","Buen Tiempo","S/D","S/D","Atropello","Material Suelto","Faltante","Ninguna","Sin restricción"
2015,4071,08/03/2015,"Domingo",0,06:30:00,"Ruta Provincial 1","3.2",1,"Moto/Ciclomotor"," ",2,0,0,0,0,2,0,"-31.622700, -60.598003","Ruta",1,"COLASTINE","La Capital","Asfalto","Natural","I","Fuera","Urbana","Otra Señal","S/D","Recta","Otro","Reducida","Amanecer","Buen Tiempo","Contra objeto fijo","S/D","Caída ocupante,Colisión","Otro","Horizontal,Vertical","Línea divisoria pintada","Obra en Construcción"
2015,4072,15/04/2015,"Miercoles",0,07:45:00,"Ruta Nacional 11","873.0",2,"Moto/Ciclomotor,Pickup/Utilitario"," ",3,2,0,0,1,0,0,,"Ruta",11,"VILLA OCAMPO","General Obligado","Asfalto","Natural","IX","Fuera","Urbana","Ninguna","No existe","Curva","Bueno","Reducida","Amanecer","Niebla","Lateral","S/D","Colisión","S/D","Horizontal","Ninguna","Sin restricción"
2015,4073,09/07/2015,"Jueves",0,08:00:00,,"0.0",2,"Moto/Ciclomotor,Pickup/Utilitario","General Paz Y Caseros",3,2,0,0,1,0,0,,"Calle",,"RAFAELA","Castellanos","Hormigón","No existe","V","Dentro","Urbana","Ninguna","No existe","Intersección","Bueno","Reducida","Diurna","Niebla","Frontal","S/D","Colisión","S/D","Faltante","Cordón divisorio","Accidente Previo"
2015,4074,01/06/2015,"Lunes",0,19:50:00,,"0.0",2,"Moto/Ciclomotor,Pickup/Utilitario","Cordoba Y Rosario",3,2,0,0,1,0,0,,"Calle",,"VERA","Vera","S/D","S/D","XIX","S/D","Urbana","S/D","S/D","Intersección","S/D","S/D","Nocturna","S/D","S/D","S/D","Colisión","S/D","S/D","S/D","S/D"
2015,4075,04/06/2015,"Jueves",0,17:30:00,,"0.0",2,"Automóvil,Moto/Ciclomotor","J B Mitri Y Italia",2,1,0,0,1,0,0,,"Calle",,"SUNCHALES","Castellanos","Asfalto","No existe","V","Dentro","Urbana","Ninguna","No existe","Intersección","Bueno","Buena","Atardecer","Buen Tiempo","Lateral","S/D","Colisión","Ninguna","Faltante","Ninguna","Sin restricción"
2015,4076,06/06/2015,"Sabado",0,06:00:00,"Ruta Nacional 34","0.0",2,"Automóvil,Moto/Ciclomotor"," ",5,0,1,0,4,0,0,,"Ruta",34,"SUNCHALES","Castellanos","Asfalto","Pavimento","V","Dentro","Urbana","Ninguna","No existe","Recta","Bueno","Buena","Nocturna","Buen Tiempo","S/D","S/D","Colisión","Ninguna","Faltante","Línea divisoria pintada","Sin restricción"
2015,4077,07/07/2015,"Martes",0,12:10:00,,"0.0",2,"Automóvil,Moto/Ciclomotor","Av Aristobulo del Valle Y Constitucion",2,1,0,0,1,0,0,,"Calle",,"RAFAELA","Castellanos","Asfalto","No existe","V","Dentro","Urbana","Ninguna","No existe","Intersección","Bueno","Buena","Diurna","Buen Tiempo","Lateral","S/D","Colisión","S/D","Faltante","Ninguna","Sin restricción"
2015,4078,03/06/2015,"Miercoles",0,06:50:00,,"0.0",2,"Automóvil,Moto/Ciclomotor","Presbitero Jose Houriet Y Mitre B",2,1,0,0,1,0,0,,"Calle",,"VERA","Vera","Asfalto","S/D","XIX","Dentro","Urbana","S/D","S/D","Intersección","S/D","S/D","Amanecer","S/D","Lateral","S/D","Colisión","S/D","S/D","S/D","S/D"
2015,4079,05/06/2015,"Viernes",0,00:30:00,,"0.0",2,"Moto/Ciclomotor,Moto/Ciclomotor","San Martin Y E Aleman",2,1,0,0,1,0,0,,"S/D",,"VERA","Vera","Asfalto","Pavimento","XIX","S/D","Urbana","S/D","S/D","Intersección","S/D","S/D","Nocturna","S/D","S/D","S/D","Colisión","S/D","S/D","S/D","S/D"
2015,4080,07/07/2015,"Martes",0,07:55:00,"Ruta Provincial 70","73.0",2,"Moto/Ciclomotor,Transporte de Pasajeros"," ",2,0,1,0,1,0,0,,"Ruta",70,"BELLA ITALIA","Castellanos","Asfalto","Pavimento","V","S/D","S/D","Ninguna","No existe","Recta","Bueno","Buena","Diurna","Buen Tiempo","Lateral","S/D","Colisión","Ninguna","S/D","Línea divisoria pintada","Sin restricción"
2015,4081,09/06/2015,"Martes",0,16:50:00,,"0.0",2,"Automóvil,Moto/Ciclomotor","Corrientes ",2,1,0,0,0,0,1,,"Calle",,"VERA","Vera","Asfalto","S/D","XIX","S/D","Urbana","S/D","S/D","Intersección","S/D","S/D","Diurna","S/D","S/D","S/D","Colisión","S/D","S/D","S/D","S/D"
2015,4082,25/01/2015,"Domingo",0,19:20:00,,"0.0",2,"Moto/Ciclomotor,Moto/Ciclomotor","B Geuna Y Pbro A Zurbriggen",2,2,0,0,0,0,0,,"Calle",,"RAFAELA","Castellanos","Ripio","No existe","V","Dentro","Urbana","Ninguna","No existe","Intersección","Bueno","Buena","Atardecer","Buen Tiempo","Frontal","S/D","Colisión","Ninguna","Faltante","Ninguna","Sin restricción"
2015,4083,11/07/2015,"Sabado",0,05:30:00,"Ruta Nacional 34","0.0",2,"Automóvil,Automóvil","Coronel Pringles ",6,2,0,0,4,0,0,,"Ruta",34,"RAFAELA","Castellanos","Asfalto","Pavimento","V","Dentro","Urbana","Semáforo","Funciona","Intersección","Bueno","Buena","Nocturna","Buen Tiempo","Frontal","S/D","Colisión","S/D","Horizontal","Cordón divisorio","Sin restricción"
2015,4084,08/03/2015,"Domingo",0,09:15:00,"Ruta Nacional 34","177.5",2,"Automóvil,Pickup/Utilitario"," ",8,7,0,0,0,1,0,"-30.495261, -61.943036","Ruta",34,"SAN VICENTE.","Castellanos","Asfalto","Natural","V","Dentro","Rural","Ninguna","No existe","Recta","Bueno","Buena","Diurna","Buen Tiempo","Lateral","S/D","Colisión","Ninguna","Faltante","Línea divisoria pintada","Sin restricción"
2015,4085,03/06/2015,"Miercoles",0,12:45:00,,"0.0",2,"Moto/Ciclomotor,Automóvil","25 de Mayo Y San Martin",3,2,0,0,1,0,0,,"Calle",,"CALCHAQUÍ","Vera","Asfalto","Natural","XIX","S/D","Urbana","Ninguna","No existe","Intersección","Bueno","Buena","Diurna","Buen Tiempo","S/D","S/D","Colisión","S/D","S/D","Ninguna","Sin restricción"
2015,4086,06/07/2015,"Lunes",0,20:45:00,,"0.0",2,"Moto/Ciclomotor,Moto/Ciclomotor","Juan Larrea Y Av Brasil",3,1,1,0,1,0,0,,"Avenida",,"RAFAELA","Castellanos","Hormigón","No existe","V","Dentro","Urbana","Ninguna","No existe","Intersección","Bueno","Buena","Nocturna","Buen Tiempo","S/D","S/D","Despiste","Ninguna","Horizontal","Ninguna","Sin restricción"
2015,4087,07/06/2015,"Domingo",0,17:20:00,,"0.0",1,"Moto/Ciclomotor"," ",1,0,0,0,0,0,1,,"S/D",,"CALCHAQUÍ","Vera","Tierra","Natural","XIX","S/D","Rural","Ninguna","No existe","Recta","Bueno","S/D","Diurna","Buen Tiempo","S/D","S/D","Caída ocupante","S/D","Faltante","Ninguna","Sin restricción"
2015,4088,27/06/2015,"Sabado",0,20:00:00,"Ruta Provincial 40","0.0",1,"Pickup/Utilitario"," ",2,0,0,0,1,0,1,,"Ruta",40,"FORTÍN OLMOS","Vera","Asfalto","Natural","XIX","Dentro","Rural","Ninguna","No existe","Recta","Bueno","S/D","Nocturna","Buen Tiempo","S/D","S/D","S/D","S/D","S/D","Ninguna","Sin restricción"
2015,4089,04/07/2015,"Sabado",0,14:50:00,,"0.0",2,"Moto/Ciclomotor,Automóvil","R Casabella Y Av Luis Fanti",2,1,0,0,1,0,0,,"Avenida",,"RAFAELA","Castellanos","Asfalto","Pavimento","V","Dentro","Urbana","Ninguna","No existe","Intersección","Bueno","Buena","Diurna","Buen Tiempo","S/D","S/D","Colisión","Ninguna","Horizontal","Cordón divisorio","Sin restricción"
2015,4090,25/06/2015,"Jueves",0,18:00:00,"Ruta Secundaria 83-s","0.0",1,"Moto/Ciclomotor"," ",1,1,0,0,0,0,0,,"Ruta","83-s","FORTÍN OLMOS","Vera","Tierra","Natural","XIX","Dentro","Rural","Ninguna","No existe","Recta","Con baches","S/D","Diurna","Buen Tiempo","S/D","S/D","Caída ocupante","S/D","S/D","Ninguna","Sin restricción"
2015,4091,18/06/2015,"Jueves",0,19:25:00,,"0.0",2,"Bicicleta,Automóvil","A Lezama Y E Aleman",2,1,0,0,1,0,0,,"Calle",,"VERA","Vera","Asfalto","S/D","XIX","S/D","Urbana","S/D","S/D","Intersección","S/D","S/D","Atardecer","S/D","S/D","S/D","Atropello","S/D","S/D","S/D","S/D"
2015,4092,01/05/2015,"Viernes",0,10:00:00,,"0.0",1,"Vehículo Oficial"," ",2,2,0,0,0,0,0,,"Camino Rural",,"HUMBERTO 1°","Castellanos","Ripio","No existe","V","Fuera","Rural","Ninguna","No existe","Recta","Otro","Buena","Diurna","Buen Tiempo","S/D","S/D","Despiste","Material Suelto","Faltante","Ninguna","Sin restricción"
2015,4093,21/06/2015,"Domingo",0,13:20:00,,"0.0",2,"Moto/Ciclomotor,Automóvil","Mitre B Y 9 de Julio",3,2,0,0,1,0,0,,"Calle",,"VERA","Vera","S/D","S/D","XIX","S/D","Urbana","S/D","S/D","Intersección","S/D","S/D","Diurna","S/D","S/D","S/D","S/D","S/D","S/D","S/D","S/D"
2015,4094,06/06/2015,"Sabado",0,21:30:00,,"0.0",3,"Moto/Ciclomotor,Moto/Ciclomotor,Automóvil","Av Moreno Y Dentesano bis",3,1,0,0,2,0,0,,"Calle",,"SUNCHALES","Castellanos","Ripio","S/D","V","S/D","Urbana","Ninguna","S/D","Recta","Bueno","Reducida","Nocturna","Otro","Múltiple","S/D","Colisión","Ninguna","Faltante","S/D","Sin restricción"
2015,4095,06/06/2015,"Sabado",0,10:15:00,,"0.0",2,"Bicicleta,Automóvil","Bv San Martin Y Salta",3,1,0,0,2,0,0,,"Avenida",,"HUMBERTO 1°","Castellanos","Asfalto","Natural","V","S/D","Urbana","Ninguna","No existe","Intersección","Bueno","Buena","Diurna","Buen Tiempo","S/D","S/D","Atropello","Ninguna","Faltante","Cordón divisorio","Sin restricción"
2015,4096,20/06/2015,"Sabado",0,17:50:00,"Ruta Secundaria 83-s","11.0",1,"Automóvil"," ",2,1,0,0,1,0,0,,"Ruta","83-s","LA GALLARETA","Vera","Asfalto","Natural","XIX","Fuera","Rural","Ninguna","No existe","Recta","Con baches","Buena","Diurna","Buen Tiempo","S/D","S/D","Vuelco","S/D","Faltante","Ninguna","Sin restricción"
2015,4097,03/07/2015,"Viernes",0,06:30:00,,"0.0",2,"Moto/Ciclomotor,Automóvil","Alvear Y Chile",2,0,1,0,1,0,0,,"Calle",,"RAFAELA","Castellanos","Hormigón","No existe","V","S/D","Urbana","Ninguna","No existe","Intersección","Bueno","Buena","Nocturna","Lluvia","Frontal,Lateral","S/D","Colisión","Agua","Faltante","Ninguna","Sin restricción"
2015,4098,10/03/2015,"Martes",0,03:00:00,,"0.0",1,"Automóvil","Guido y Spano Y Palestina",1,0,0,0,0,1,0,"-32.886027777778,-60.710944444444","Calle",,"ROSARIO","Rosario","Asfalto","No existe","II","Fuera","Urbana","Ninguna","No existe","Intersección","S/D","Reducida","Nocturna,Con luz artificial","Buen Tiempo","S/D","S/D","Vuelco,Despiste","S/D","S/D","Ninguna","Sin restricción"
2015,4100,10/06/2015,"Miercoles",0,15:30:00,,"0.0",2,"Automóvil,Bicicleta","R Saenz Peña Y Leandro N Alem",2,1,0,0,1,0,0,,"Calle",,"SUNCHALES","Castellanos","Asfalto","No existe","V","Dentro","Urbana","Ninguna","No existe","Intersección","Bueno","Buena","Diurna","Buen Tiempo","S/D","S/D","Atropello","Ninguna","Faltante","Ninguna","Sin restricción"
2015,4101,22/07/2015,"Miercoles",0,13:35:00,,"0.0",2,"Moto/Ciclomotor,Moto/Ciclomotor","Carrero Podio Y Falucho",2,1,1,0,0,0,0,,"Calle",,"RAFAELA","Castellanos","Asfalto","Pavimento","V","S/D","S/D","S/D","No existe","Intersección","S/D","Buena","Diurna","Buen Tiempo","Lateral","S/D","Colisión","S/D","S/D","Ninguna","Sin restricción"
2015,4102,19/06/2015,"Viernes",0,12:00:00,,"0.0",2,"Bicicleta,Automóvil","Dentesano bis Y Av Lisandro de la Torre",2,1,0,0,1,0,0,,"Avenida",,"SUNCHALES","Castellanos","Asfalto","S/D","V","Dentro","Urbana","Ninguna","S/D","Intersección","Bueno","S/D","Diurna","Buen Tiempo","S/D","S/D","Atropello","Ninguna","S/D","Ninguna","Sin restricción"
2015,4103,13/07/2015,"Lunes",0,16:00:00,"Autovía Nacional 19","74.5",2,"Automóvil,Camión"," ",3,2,0,0,1,0,0,,"Autovía",19,"ANGÉLICA","Castellanos","Asfalto","Natural","V","S/D","S/D","Otra Señal","No existe","Recta","Bueno","Buena","Diurna","Buen Tiempo","De alcance","S/D","Colisión","Ninguna","Horizontal,Vertical","Guardarrail,Línea divisoria pintada","Sin restricción"
2015,4104,01/06/2015,"Lunes",0,07:40:00,,"0.0",2,"Moto/Ciclomotor,Pickup/Utilitario","Av A del Valle Y Quintana",2,1,0,0,1,0,0,,"Calle",,"SANTA FE","La Capital","Hormigón","No existe","I","Dentro","Urbana","Ninguna","No existe","Intersección","Bueno","Buena","Diurna,Con luz artificial","Buen Tiempo","Lateral","S/D","Colisión","Otro","Faltante","Ninguna","Sin restricción"
2015,4105,01/07/2015,"Miercoles",0,16:30:00,,"0.0",2,"Peatón,Moto/Ciclomotor","Bv Santa Fe 549",2,1,0,0,1,0,0,,"Avenida",,"RAFAELA","Castellanos","Asfalto","Pavimento","V","Dentro","Urbana","Ninguna","No existe","Recta","Bueno","Buena","Diurna","Buen Tiempo","S/D","S/D","Atropello","Ninguna","Faltante","Ninguna","Sin restricción"
2015,4106,11/06/2015,"Jueves",0,08:35:00,,"0.0",2,"Moto/Ciclomotor,Automóvil","Av Leandro Alem Y Dorrego",3,2,0,0,1,0,0,,"Calle",,"SANTA FE","La Capital","S/D","S/D","I","Dentro","Urbana","S/D","S/D","Intersección","S/D","S/D","Diurna","S/D","Lateral","S/D","Colisión","S/D","S/D","S/D","S/D"
2015,4107,18/07/2015,"Sabado",0,12:50:00,,"0.0",2,"Moto/Ciclomotor,Automóvil","MORENO Y GALVEZ",5,1,1,0,3,0,0,,"Calle",,"SAN VICENTE.","Castellanos","Asfalto","No existe","V","Dentro","Urbana","Ninguna","No existe","Intersección","Bueno","Buena","Diurna","Buen Tiempo","Lateral","S/D","Colisión","Ninguna","Faltante","Cordón divisorio","Sin restricción"