"anio_acci","nro_acci","fecha","desc_dia","fecha_aprox","hora_aprox","desc_ruta","km","cant_participantes","desc_participante","calle_avenida_km","total","heridos_leves","heridos_graves","heridos_gravisimos","ilesos","fallecidos","sin_datos","posicion_XY","desc_tipo_via","desc_ruta_ori","desc_loc","desc_dpto","desc_tipo_calzada","desc_tipo_banquina","desc_unidad_regional","desc_lugar_calzada","desc_zona","desc_prioridad","desc_estado_semaforo","desc_lugar_via","desc_estado_via","desc_estado_visibilidad","desc_luminosidad","desc_estado_clima","desc_tipo_colision","desc_tipo_atropello","desc_tipo_hecho","desc_pres_calzada","desc_senializacion","desc_separacion_via","desc_restriccion"
2015,4108,21/05/2015,"Jueves",0,20:30:00,,"0.0",2,"Automóvil,Moto/Ciclomotor","Tucuman Y 9 de Julio",2,1,0,0,1,0,0,,"Calle",,"SUNCHALES","Castellanos","Asfalto","S/D","V","S/D","Urbana","S/D","S/D","Intersección","Bueno","S/D","Nocturna","Buen Tiempo","S/D","S/D","Colisión","Ninguna","Vertical","Ninguna","Sin restricción"
2015,4109,28/05/2015,"Jueves",0,19:30:00,,"0.0",2,"Moto/Ciclomotor,Automóvil","Av Irigoyen ",3,1,0,0,2,0,0,,"Avenida",,"SUNCHALES","Castellanos","Asfalto","No existe","V","S/D","Urbana","Ninguna","Intermitente","Recta","Bueno","Buena","Atardecer","Buen Tiempo","Lateral","S/D","Colisión","Ninguna","Vertical","Línea divisoria pintada","Sin restricción"
2015,4110,20/04/2015,"Lunes",0,15:10:00,,"0.0",2,"Moto/Ciclomotor,Moto/Ciclomotor","E Zeballos Y Brasil",2,2,0,0,0,0,0,,"Calle",,"SUNCHALES","Castellanos","Ripio","S/D","V","S/D","Urbana","Ninguna","S/D","Intersección","Bueno","S/D","Diurna","Buen Tiempo","Lateral","S/D","Colisión","Ninguna","Faltante","S/D","Sin restricción"
2015,4111,02/05/2015,"Sabado",0,22:30:00,,"0.0",2,"Automóvil,Moto/Ciclomotor","Gral Paz Y Velez Sarfield",3,2,0,0,1,0,0,,"Calle",,"SUNCHALES","Castellanos","Ripio","No existe","V","Dentro","Urbana","Ninguna","No existe","Recta","Deteriorada","Buena","Nocturna","Buen Tiempo","Lateral","S/D","Colisión","Ninguna","Faltante","Ninguna","Sin restricción"
2015,4112,20/06/2015,"Sabado",0,22:45:00,"Ruta Nacional 34","275.0",1,"Automóvil"," ",1,1,0,0,0,0,0,,"Ruta",34,"TACURAL","Castellanos","Asfalto","S/D","V","S/D","Urbana","Ninguna","No existe","Curva","Bueno","Buena","Nocturna","Buen Tiempo","S/D","S/D","Despiste","Ninguna","Vertical","Ninguna","Sin restricción"
2015,4113,03/06/2015,"Miercoles",0,11:30:00,,"0.0",2,"Moto/Ciclomotor,Automóvil","Cordoba Y Av A del Valle",2,1,0,0,1,0,0,,"Avenida",,"SANTA FE","La Capital","Hormigón","S/D","I","Dentro","Urbana","Ninguna","No existe","Recta","Bueno","Buena","Diurna","Buen Tiempo","Lateral","S/D","Caída ocupante,Colisión","Otro","Faltante","Ninguna","Sin restricción"
2015,4114,02/06/2015,"Martes",0,13:15:00,,"0.0",2,"Automóvil,Automóvil","Av Facundo Zuviria Y Pedro Diaz Colodrero",2,1,0,0,1,0,0,,"Avenida",,"SANTA FE","La Capital","Hormigón","S/D","I","Dentro","Urbana","Semáforo","S/D","Recta","Bueno","Buena","Diurna","Buen Tiempo","De alcance","S/D","Colisión","Otro","Vertical","Ninguna","Sin restricción"
2015,4115,17/06/2015,"Miercoles",0,12:20:00,,"0.0",2,"Moto/Ciclomotor,Automóvil","Estanislao Lopez ",2,1,0,0,1,0,0,,"Calle",,"CALCHAQUÍ","Vera","Asfalto","Natural","XIX","Dentro","Urbana","S/D","No existe","Recta","Bueno","Buena","Diurna","Buen Tiempo","Lateral","S/D","Colisión","S/D","S/D","Ninguna","Sin restricción"
2015,4116,02/06/2015,"Martes",0,17:50:00,,"0.0",3,"Automóvil,Automóvil,Moto/Ciclomotor","Calle 16 Gral Obligado Y Calle 19-Habegger",3,1,0,0,2,0,0,,"Calle",,"RECONQUISTA","General Obligado","Hormigón","No existe","IX","Dentro","Urbana","Ninguna","No existe","Recta","Bueno","Buena","Diurna","Buen Tiempo","Frontal","S/D","Colisión","Ninguna","Horizontal","Ninguna","Sin restricción"
2015,4117,22/06/2015,"Lunes",0,15:05:00,,"0.0",2,"Automóvil,Moto/Ciclomotor","Sarmiento Y Leandro N Alem",2,1,0,0,1,0,0,,"Calle",,"SUNCHALES","Castellanos","Asfalto","No existe","V","Dentro","Urbana","Ninguna","No existe","Intersección","Bueno","Buena","Diurna","Buen Tiempo","Lateral","S/D","Colisión","Ninguna","Faltante","Ninguna","Sin restricción"
2015,4119,06/07/2015,"Lunes",0,20:00:00,,"0.0",2,"Moto/Ciclomotor,Pickup/Utilitario","Luis Maggi Y Nicanor Alvarez",2,0,1,0,1,0,0,,"Calle",,"RAFAELA","Castellanos","Asfalto","S/D","V","S/D","Urbana","S/D","S/D","Intersección","Bueno","S/D","Nocturna","Buen Tiempo","Lateral","S/D","Colisión","Ninguna","S/D","S/D","S/D"
2015,4120,09/06/2015,"Martes",0,20:30:00,"Ruta Provincial 1","4.0",2,"Moto/Ciclomotor,Moto/Ciclomotor"," ",2,2,0,0,0,0,0,,"Ruta",1,"COLASTINE","La Capital","Asfalto","Natural","I","Dentro","Urbana","Ninguna","No existe","Recta","Con baches","Reducida","Nocturna","S/D","Lateral","S/D","Colisión","Ninguna","Horizontal","Ninguna","Sin restricción"
2015,4121,15/06/2015,"Lunes",0,19:00:00,"Ruta Provincial 1","0.5",1,"Moto/Ciclomotor"," ",1,1,0,0,0,0,0,,"Ruta",1,"COLASTINE","La Capital","Asfalto","Pavimento","I","Dentro","Urbana","Ninguna","No existe","Recta","Bueno","S/D","Atardecer","Buen Tiempo","S/D","S/D","Caída ocupante","S/D","S/D","Ninguna","Sin restricción"
2015,4122,22/06/2015,"Lunes",0,17:35:00,,"0.0",2,"Pickup/Utilitario,Moto/Ciclomotor","Sarmiento Y Santa Fe",2,1,0,0,1,0,0,,"Calle",,"CALCHAQUÍ","Vera","Asfalto","Natural","XIX","Dentro","Urbana","Ninguna","No existe","Intersección","Bueno","Buena","Atardecer","Buen Tiempo","S/D","S/D","Colisión","S/D","Faltante","Ninguna","Sin restricción"
2015,4123,07/07/2015,"Martes",0,12:00:00,,"0.0",2,"Automóvil,Bicicleta","Av Doctor E Salva Y Chiaraviglio",2,1,0,0,1,0,0,,"Avenida",,"RAFAELA","Castellanos","Asfalto","S/D","V","Dentro","Urbana","Ninguna","S/D","Intersección","Bueno","S/D","Diurna","Buen Tiempo","De alcance","S/D","Colisión","Ninguna","S/D","Ninguna","Sin restricción"
2015,4124,19/06/2015,"Viernes",0,22:30:00,"Ruta Provincial 1","0.0",1,"Otros"," ",1,1,0,0,0,0,0,,"Ruta",1,"COLASTINE","La Capital","Asfalto","Natural","I","Dentro","Urbana","Ninguna","No existe","Recta","S/D","Buena","Nocturna","Buen Tiempo","Otro","S/D","Caída ocupante","Ninguna","S/D","Ninguna","Sin restricción"
2015,4125,22/06/2015,"Lunes",0,20:30:00,,"0.0",1,"Moto/Ciclomotor","Sarmiento Y Dorrego",2,1,0,0,1,0,0,,"Calle",,"CALCHAQUÍ","Vera","Asfalto","Natural","XIX","S/D","Urbana","Ninguna","No existe","Intersección","Bueno","Buena","Con luz artificial","Buen Tiempo","Contra objeto fijo","S/D","Colisión","S/D","S/D","Ninguna","Sin restricción"
2015,4126,10/06/2015,"Miercoles",0,,,"0.0",2,"Automóvil,Otros","Gdor Candioti Y Candioti",2,1,0,0,1,0,0,,"Calle",,"SANTA FE","La Capital","S/D","S/D","I","S/D","Urbana","S/D","S/D","Intersección","S/D","S/D","S/D","S/D","Lateral","S/D","Colisión","S/D","S/D","S/D","S/D"
2015,4127,26/06/2015,"Viernes",0,21:30:00,,"0.0",2,"Automóvil,Moto/Ciclomotor","Av Peñaloza Y French",2,1,0,0,0,0,1,,"Calle",,"SANTA FE","La Capital","Asfalto","No existe","II","S/D","Urbana","S/D","No existe","Intersección","Bueno","Buena","Nocturna","Buen Tiempo","Lateral","S/D","Colisión","S/D","S/D","S/D","S/D"
2015,4128,15/06/2015,"Lunes",0,09:30:00,,"0.0",2,"Automóvil,Otros","Las Heras Y Gdor Crespo",2,1,0,0,1,0,0,,"Calle",,"SANTA FE","La Capital","S/D","S/D","I","S/D","Urbana","S/D","S/D","Intersección","S/D","S/D","S/D","S/D","Lateral","S/D","Colisión","S/D","S/D","S/D","S/D"
2015,4129,07/06/2015,"Domingo",0,20:45:00,"Ruta Nacional 11","0.0",2,"Moto/Ciclomotor,Moto/Ciclomotor","Mitre ",4,4,0,0,0,0,0,,"Ruta",11,"CALCHAQUÍ","Vera","Asfalto","No existe","XIX","Dentro","Urbana","Ninguna","No existe","Intersección","Bueno","Buena","Con luz artificial","Buen Tiempo","S/D","S/D","Colisión","S/D","S/D","Ninguna","Sin restricción"
2015,4130,15/06/2015,"Lunes",0,09:30:00,,"0.0",2,"Automóvil,Otros","Las Heras Y Gdor Crespo",2,1,0,0,1,0,0,,"Calle",,"SANTA FE","La Capital","S/D","S/D","I","S/D","Urbana","S/D","S/D","Intersección","S/D","S/D","S/D","S/D","Lateral","S/D","Colisión","S/D","S/D","S/D","S/D"
2015,4131,27/06/2015,"Sabado",0,08:30:00,,"0.0",2,"Moto/Ciclomotor,Moto/Ciclomotor","Calle 60 ",2,1,0,0,1,0,0,,"Calle",,"FRONTERA","Castellanos","Asfalto","No existe","V","Dentro","Urbana","Ninguna","No existe","Intersección","Bueno","Buena","Diurna","Buen Tiempo","Lateral","S/D","Colisión","Agua","S/D","Ninguna","Sin restricción"
2015,4132,01/06/2015,"Lunes",1,,,"0.0",2,"Moto/Ciclomotor,Otros","Millan Medina Y Ntra Sra del Transito",4,3,0,0,0,0,1,,"Avenida",,"SANTA FE","La Capital","Asfalto","S/D","I","S/D","Urbana","S/D","No existe","Intersección","Bueno","Buena","Nocturna","Buen Tiempo","Lateral","S/D","Colisión","S/D","S/D","Ninguna","Sin restricción"
2015,4133,27/06/2015,"Sabado",0,11:45:00,,"0.0",2,"Pickup/Utilitario,Moto/Ciclomotor","25 de Mayo Y San Martin",4,1,0,0,3,0,0,,"Calle",,"CALCHAQUÍ","Vera","S/D","S/D","XIX","S/D","Urbana","S/D","S/D","Intersección","S/D","S/D","Diurna","S/D","S/D","S/D","Colisión","S/D","S/D","S/D","S/D"
2015,4134,06/07/2015,"Lunes",0,17:30:00,,"0.0",1,"Moto/Ciclomotor","J J Paso 450",1,0,1,0,0,0,0,,"Calle",,"CERES","San Cristóbal","Asfalto","No existe","XIII","Dentro","Urbana","Ninguna","No existe","Recta","Bueno","Buena","Diurna","Buen Tiempo","Atropello animal","S/D","Colisión","S/D","S/D","S/D","Sin restricción"
2015,4135,24/07/2015,"Viernes",0,23:00:00,"Ruta Nacional 34","213.0",2,"Automóvil,Camión"," ",2,1,0,0,1,0,0,,"Ruta",34,"SUSANA","Castellanos","Asfalto","Ripio","V","Dentro","Rural","Policía de tránsito","No existe","Recta","Bueno","Reducida","Nocturna","Buen Tiempo","De alcance","S/D","Colisión","Ninguna","Horizontal","Línea divisoria pintada","Accidente Previo"
2015,4136,26/06/2015,"Viernes",0,15:00:00,,"0.0",2,"Moto/Ciclomotor,Pickup/Utilitario","Reg 12 de Infanteria Y Diagonal Aguirre",3,1,0,0,0,0,2,,"Calle",,"SANTA FE","La Capital","Asfalto","No existe","I","S/D","Urbana","S/D","No existe","Intersección","S/D","Buena","Diurna","Buen Tiempo","Frontal","S/D","Colisión","S/D","S/D","S/D","Sin restricción"
2015,4137,25/07/2015,"Sabado",0,20:00:00,,"0.0",2,"Automóvil,Moto/Ciclomotor"," ",3,1,0,0,0,0,2,,"Calle",,"TOSTADO","9 de Julio","Asfalto","S/D","XII","S/D","S/D","Ninguna","No existe","Recta","Bueno","Buena","Nocturna","Buen Tiempo","Lateral","S/D","Colisión","Ninguna","Vertical","Ninguna","Sin restricción"
2015,4138,20/07/2015,"Lunes",0,16:30:00,,"0.0",2,"Automóvil,Moto/Ciclomotor","Islas Malvinas ",2,1,0,0,1,0,0,,"Calle",,"TOSTADO","9 de Julio","Ripio","No existe","XII","Dentro","Urbana","Ninguna","No existe","Recta","Bueno","Buena","Diurna","Buen Tiempo","Frontal","S/D","Colisión","Ninguna","Faltante","Ninguna","Sin restricción"
2015,4139,25/07/2015,"Sabado",0,14:00:00,,"0.0",2,"Moto/Ciclomotor,Automóvil","P Pfeiffer Y 3 de Febrero",2,1,0,0,1,0,0,,"Calle",,"RAFAELA","Castellanos","Hormigón","No existe","V","S/D","Urbana","Ninguna","No existe","Intersección","Bueno","Buena","Diurna","Buen Tiempo","Lateral","S/D","Colisión","S/D","S/D","Cordón divisorio","Sin restricción"
2015,4140,09/06/2015,"Martes",0,18:20:00,,"0.0",2,"Moto/Ciclomotor,Automóvil","San Martin Y Moreno",2,1,0,0,1,0,0,,"Avenida",,"MOISÉS VILLE","San Cristóbal","Asfalto","S/D","XIII","S/D","Urbana","Ninguna","No existe","Intersección","S/D","Buena","Diurna","Buen Tiempo","Frontal","S/D","Colisión","Ninguna","Faltante","S/D","Sin restricción"
2015,4141,24/07/2015,"Viernes",0,19:00:00,,"0.0",2,"Automóvil,Moto/Ciclomotor","Gabriel Maggi Y J Buffa",2,1,0,0,1,0,0,,"Calle",,"RAFAELA","Castellanos","Ripio","No existe","V","S/D","Urbana","Ninguna","No existe","Intersección","Bueno","Buena","Nocturna","Buen Tiempo","Frontal,Lateral","S/D","Colisión","Ninguna","Faltante","Ninguna","Sin restricción"
2015,4142,25/07/2015,"Sabado",0,18:00:00,,"0.0",2,"Automóvil,Moto/Ciclomotor"," ",3,2,0,0,1,0,0,,"Calle",,"RAFAELA","Castellanos","Hormigón","No existe","V","S/D","Urbana","Ninguna","No existe","Intersección","Bueno","Buena","Diurna","Buen Tiempo","Lateral","S/D","Colisión","Ninguna","S/D","Cordón divisorio","Sin restricción"
2015,4143,23/06/2015,"Martes",0,,,"0.0",2,"Moto/Ciclomotor,Automóvil","14 de Julio Y Av Italia",2,1,0,0,1,0,0,,"Avenida",,"RAFAELA","Castellanos","Hormigón","No existe","V","S/D","Urbana","Ninguna","No existe","Intersección","Bueno","Buena","S/D","Buen Tiempo","Lateral","S/D","Colisión","Ninguna","Faltante","Ninguna","Sin restricción"
2015,4144,20/07/2015,"Lunes",0,16:30:00,,"0.0",2,"Moto/Ciclomotor,Automóvil","Av Brasil Y Lavalle",2,1,0,0,1,0,0,,"Calle",,"RAFAELA","Castellanos","Hormigón","No existe","V","S/D","Urbana","Ninguna","No existe","Intersección","Bueno","Buena","Diurna","Buen Tiempo","Frontal,Lateral","S/D","Colisión","Ninguna","Faltante","Ninguna","Sin restricción"
2015,4145,09/07/2015,"Jueves",0,21:20:00,,"0.0",2,"Moto/Ciclomotor,Moto/Ciclomotor","Av Eduardo Minetti Y Mariano Moreno",3,3,0,0,0,0,0,,"Calle",,"VILLA MINETTI","9 de Julio","Ripio","Natural","XII","Dentro","Urbana","Ninguna","No existe","Intersección","Resbaladiza","Reducida","Nocturna,Con luz artificial","Buen Tiempo","Lateral","S/D","Colisión","Material Suelto","Faltante","Ninguna","Sin restricción"
2015,4146,22/06/2015,"Lunes",0,18:20:00,,"0.0",2,"Moto/Ciclomotor,Automóvil","alto verdi Y pje 4",2,1,0,0,0,0,1,,"S/D",,"SANTA FE","La Capital","Tierra","No existe","I","S/D","Urbana","Ninguna","S/D","Otro","Bueno","Buena","Atardecer","Buen Tiempo","Frontal","S/D","Colisión","S/D","Faltante","Ninguna","Sin restricción"
2015,4147,30/06/2015,"Martes",0,,,"0.0",2,"Automóvil,Pickup/Utilitario","C Bolliger Y Bv Jaime Ferre",2,1,0,0,1,0,0,,"Avenida",,"RAFAELA","Castellanos","Asfalto,Hormigón","No existe","V","S/D","Urbana","Ninguna","No existe","Intersección","Bueno","Buena","S/D","S/D","S/D","S/D","Colisión","Ninguna","Horizontal","Ninguna","Sin restricción"
2015,4148,17/07/2015,"Viernes",0,21:20:00,,"0.0",2,"Moto/Ciclomotor,Automóvil","Bv Santa Fe Y Pueyrredon",2,1,0,0,1,0,0,,"Calle",,"RAFAELA","Castellanos","Asfalto","No existe","V","Dentro","Urbana","Ninguna","No existe","Intersección","Bueno","Buena","Nocturna","Buen Tiempo","Lateral","S/D","Colisión","Ninguna","Faltante","Ninguna","Sin restricción"
2015,4149,12/07/2015,"Domingo",0,06:15:00,,"0.0",1,"Automóvil","Nicanor Alvarez Y P Harrys",2,0,1,0,0,0,1,,"Calle",,"RAFAELA","Castellanos","Asfalto","No existe","V","Dentro","Urbana","Ninguna","No existe","Recta","Bueno","Buena","Nocturna","Buen Tiempo","Contra objeto fijo","S/D","Colisión","Ninguna","Faltante","Ninguna","Sin restricción"
2015,4150,07/07/2015,"Martes",0,18:20:00,,"0.0",2,"Pickup/Utilitario,Moto/Ciclomotor","Santa Fe Y Victoria",5,1,0,0,4,0,0,,"Calle",,"CERES","San Cristóbal","Asfalto","No existe","XIII","S/D","Urbana","Ninguna","No existe","Intersección","Bueno","Buena","Atardecer","Buen Tiempo","Lateral","S/D","Colisión","S/D","Horizontal","Cordón divisorio","Sin restricción"
2015,4151,13/06/2015,"Sabado",0,15:30:00,,"0.0",2,"Moto/Ciclomotor,Moto/Ciclomotor","PJE 3 Y PJE 13",3,2,0,0,0,0,1,,"Calle",,"ALTO VERDE","La Capital","Tierra","No existe","I","Dentro","Urbana","Ninguna","No existe","Curva","Bueno","Buena","Diurna","Buen Tiempo","Frontal","S/D","Colisión","S/D","Faltante","Ninguna","Sin restricción"
2015,4152,16/07/2015,"Jueves",0,22:15:00,,"0.0",2,"Moto/Ciclomotor,Moto/Ciclomotor","9 de Julio Y Padre Calleri",2,0,2,0,0,0,0,,"Calle",,"MARIA JUANA","Castellanos","Asfalto","S/D","V","Dentro","Urbana","Ninguna","No existe","Intersección","Bueno","Buena","Nocturna,Con luz artificial","Buen Tiempo","Lateral","S/D","Colisión","Ninguna","Vertical","Ninguna","S/D"
2015,4153,03/06/2015,"Miercoles",0,18:30:00,,"0.0",2,"Bicicleta,Otros","Mitre Bartolome Y Lavalle",2,1,0,0,1,0,0,,"Calle",,"SUNCHALES","Castellanos","Asfalto","No existe","V","Dentro","Urbana","Ninguna","No existe","Recta","Bueno","Buena","Diurna","Buen Tiempo","S/D","S/D","Atropello","Ninguna","Faltante","Ninguna","Accidente Previo"
2015,4155,03/05/2015,"Domingo",0,00:45:00,,"0.0",1,"Vehículo Oficial","Nicolas Avellaneda Y Simon Bolivar",2,1,0,0,1,0,0,,"Calle",,"RAFAELA","Castellanos","Asfalto","No existe","V","Dentro","Urbana","Ninguna","No existe","Intersección","Bueno","Buena","Nocturna","Buen Tiempo","Lateral","S/D","Colisión","Ninguna","Vertical","Ninguna","Sin restricción"
2015,4156,15/07/2015,"Miercoles",0,18:00:00,,"0.0",2,"Moto/Ciclomotor,Peatón","Gaboto Y Av Aristobulo del Valle",2,0,1,0,1,0,0,,"Avenida",,"RAFAELA","Castellanos","Asfalto","No existe","V","Dentro","Urbana","Ninguna","No existe","Intersección","Bueno","Buena","Diurna","Buen Tiempo","S/D","S/D","Atropello","Ninguna","Faltante","Ninguna","Sin restricción"
2015,4157,03/06/2015,"Miercoles",0,14:30:00,,"0.0",2,"Moto/Ciclomotor,Automóvil","Luis Maggi Y Peru",3,1,1,0,1,0,0,,"Calle",,"RAFAELA","Castellanos","Hormigón","No existe","V","S/D","Urbana","Ninguna","Funciona","Intersección","Bueno","Buena","Diurna","Buen Tiempo","Lateral","S/D","Colisión","Ninguna","Horizontal,Vertical","Ninguna","Sin restricción"
2015,4158,11/07/2015,"Sabado",0,12:00:00,,"0.0",2,"Pickup/Utilitario,Moto/Ciclomotor","Gabriel Maggi Y Bv G L Lhemann",2,0,1,0,1,0,0,,"Avenida",,"RAFAELA","Castellanos","Asfalto","S/D","V","S/D","Urbana","Ninguna","Intermitente","Intersección","Bueno","Buena","Diurna","Buen Tiempo","Frontal","S/D","Colisión","Ninguna","S/D","Cordón divisorio","Sin restricción"
2015,4159,27/07/2015,"Lunes",0,,,"0.0",1,,"Av Gral Bartolome Mitre Y General Paz",2,1,0,0,1,0,0,,"Avenida",,"RAFAELA","Castellanos","S/D","No existe","V","Dentro","Urbana","Ninguna","No existe","Intersección","Bueno","Buena","Diurna","Buen Tiempo","Frontal","S/D","Colisión","Ninguna","Faltante","Ninguna","Sin restricción"
2015,4160,27/07/2015,"Lunes",0,,,"0.0",2,"Pickup/Utilitario,Moto/Ciclomotor","Av Gral Bartolome Mitre Y General Paz",2,1,0,0,1,0,0,,"Avenida",,"RAFAELA","Castellanos","S/D","No existe","V","Dentro","Urbana","Ninguna","No existe","Intersección","Bueno","Buena","Diurna","Buen Tiempo","Frontal","S/D","Colisión","Ninguna","Faltante","Ninguna","Sin restricción"
2015,4161,26/02/2015,"Jueves",0,12:00:00,,"0.0",2,"Automóvil,Moto/Ciclomotor","Bv Jaime Ferre Y Woodgate",2,1,0,0,1,0,0,,"Calle",,"RAFAELA","Castellanos","Asfalto","No existe","V","S/D","Urbana","Ninguna","No existe","Intersección","Bueno","Buena","Diurna","Buen Tiempo","S/D","S/D","Colisión","Ninguna","Faltante","S/D","Sin restricción"
2015,4162,06/07/2015,"Lunes",0,18:30:00,,"0.0",2,"Automóvil,Moto/Ciclomotor","27 de setiembre Y Chiaraviglio",3,2,0,0,1,0,0,,"Calle",,"RAFAELA","Castellanos","Asfalto","No existe","V","Dentro","Urbana","Ninguna","No existe","Intersección","Bueno","Buena","Diurna","Buen Tiempo","Otro","S/D","Colisión","Ninguna","S/D","Línea divisoria pintada","Sin restricción"
2015,4163,27/07/2015,"Lunes",0,18:00:00,,"0.0",2,"Moto/Ciclomotor,Automóvil","A Alvarez 554",3,2,0,0,1,0,0,,"Calle",,"RAFAELA","Castellanos","Asfalto","No existe","V","Dentro","Urbana","Ninguna","No existe","Recta","Bueno","Buena","Diurna","Buen Tiempo","S/D","S/D","Otro","Ninguna","Faltante","Ninguna","S/D"
2015,4164,22/07/2015,"Miercoles",0,13:30:00,,"0.0",2,"Moto/Ciclomotor,Automóvil","Belgrano Y Sargento Cabral",2,1,0,0,1,0,0,,"Calle",,"RAFAELA","Castellanos","Asfalto","No existe","V","Dentro","Urbana","Ninguna","No existe","Intersección","Bueno","Buena","Diurna","Buen Tiempo","Lateral","S/D","Colisión","Ninguna","Faltante","Ninguna","Sin restricción"
2015,4165,01/06/2015,"Lunes",0,,,"0.0",2,"Automóvil,Peatón","San Martin Y Salta",2,1,0,0,1,0,0,,"Avenida",,"VILLA CONSTITUCIÓN","Constitución","Asfalto","Pavimento","II","Dentro","Urbana","Ninguna","No existe","Intersección","Bueno","Buena","Diurna","Buen Tiempo","S/D","S/D","Atropello","Agua","Faltante","Ninguna","Sin restricción"
2015,4166,12/06/2015,"Viernes",0,13:15:00,,"0.0",1,"Automóvil"," ",2,0,1,0,0,0,1,,"Camino Rural",,"HERSILIA","San Cristóbal","Tierra","No existe","XIII","Fuera","Rural","Ninguna","No existe","Recta","Bueno","S/D","Diurna","Buen Tiempo","S/D","S/D","Despiste","S/D","Horizontal","Vegetación","Sin restricción"
2015,4167,26/06/2015,"Viernes",0,12:45:00,,"0.0",2,"Moto/Ciclomotor,Automóvil","Chubut 1500",2,1,0,0,0,0,1,,"Calle",,"VILLA CONSTITUCIÓN","Constitución","Asfalto","S/D","VI","S/D","Urbana","S/D","S/D","Rotonda","Bueno","Buena","Diurna","S/D","S/D","S/D","Colisión","S/D","S/D","S/D","S/D"
2015,4168,06/07/2015,"Lunes",0,20:30:00,,"0.0",2,"Pickup/Utilitario,Automóvil","J Operto Y Nicasio Oro±o",5,2,0,0,3,0,0,,"Calle",,"RAFAELA","Castellanos","Hormigón","No existe","V","S/D","Urbana","S/D","S/D","Intersección","Bueno","S/D","Nocturna","Buen Tiempo","Lateral","S/D","Colisión","Ninguna","S/D","Ninguna","S/D"
2015,4169,01/06/2015,"Lunes",1,,,"0.0",2,"Automóvil,Automóvil","Manuel Dorrego Y Lisandro de la Torre",2,1,0,0,1,0,0,,"Avenida",,"VILLA CONSTITUCIÓN","Constitución","Asfalto","Pavimento","VI","Dentro","Urbana","Ninguna","No existe","Intersección","Bueno","Buena","Diurna","Buen Tiempo","Frontal","S/D","Colisión","Ninguna","Faltante","Ninguna","Sin restricción"
2015,4170,02/06/2015,"Martes",0,,,"0.0",2,"Moto/Ciclomotor,Vehículo Oficial","Juan Jose de Urquiza Y Berutti",3,1,0,0,2,0,0,,"Calle",,"VILLA CONSTITUCIÓN","Constitución","Asfalto","Pavimento","VI","Dentro","Urbana","Ninguna","No existe","Intersección","Bueno","Buena","Diurna","Buen Tiempo","Lateral","S/D","Colisión","Ninguna","Faltante","Ninguna","Sin restricción"
2015,4171,10/06/2015,"Miercoles",0,02:10:00,,"0.0",2,"Moto/Ciclomotor,Automóvil","IRIONDO Y HIPOLITO IRIGOYEN",2,1,0,0,1,0,0,,"Calle",,"RECONQUISTA","General Obligado","Asfalto","Pavimento","IX","Dentro","Urbana","S/D","No existe","Intersección","Bueno","Buena","Nocturna,Con luz artificial","Buen Tiempo","Lateral","S/D","Colisión","Ninguna","Vertical","Cordón divisorio","Sin restricción"
2015,4172,10/06/2015,"Miercoles",0,,,"0.0",2,"Moto/Ciclomotor,Automóvil","Independencia Y Presidente Peron",2,1,0,0,0,0,1,,"Calle",,"VILLA CONSTITUCIÓN","Constitución","Asfalto","Pavimento","VI","Dentro","Urbana","Ninguna","No existe","Intersección","Bueno","Buena","Diurna","Buen Tiempo","Lateral","S/D","Colisión","Ninguna","Faltante","Ninguna","Sin restricción"
2015,4173,04/06/2015,"Jueves",0,18:53:00,,"0.0",2,"Moto/Ciclomotor,Automóvil","Simon Bolivar Y Bartolome Mitre",3,2,0,0,0,0,1,,"Calle",,"VILLA CONSTITUCIÓN","Constitución","Asfalto","S/D","VI","S/D","Urbana","S/D","S/D","Intersección","Bueno","Buena","Atardecer","S/D","Frontal","S/D","Colisión","S/D","S/D","S/D","S/D"
2015,4174,21/06/2015,"Domingo",0,10:30:00,,"0.0",2,"Moto/Ciclomotor,Automóvil","Mitre Y Pedro Ferre",3,1,0,0,2,0,0,,"Calle",,"SANTA FE","La Capital","S/D","S/D","I","S/D","Urbana","S/D","S/D","Intersección","S/D","S/D","Diurna","S/D","Lateral","S/D","Colisión","S/D","S/D","S/D","S/D"
2015,4175,09/06/2015,"Martes",0,16:15:00,,"0.0",2,"Bicicleta,Automóvil","Calle 21-Gdor. iriondo Y Calle 20-9 de Julio",2,1,0,0,1,0,0,,"Calle",,"RECONQUISTA","General Obligado","Asfalto","Natural","IX","Dentro","S/D","Ninguna","No existe","Recta","Bueno","Buena","Diurna","Buen Tiempo","S/D","S/D","Atropello","Ninguna","Vertical","Cordón divisorio","Sin restricción"
2015,4176,13/06/2015,"Sabado",0,,,"0.0",2,"Moto/Ciclomotor,Automóvil","San Martin Y Cordoba",2,1,0,0,1,0,0,,"Avenida",,"VILLA CONSTITUCIÓN","Constitución","Asfalto","Pavimento","VII","Dentro","Urbana","Ninguna","No existe","Intersección","Bueno","Buena","Diurna","Buen Tiempo","Lateral","S/D","Colisión","Ninguna","Faltante","Ninguna","Sin restricción"