"anio_acci","nro_acci","fecha","desc_dia","fecha_aprox","hora_aprox","desc_ruta","km","cant_participantes","desc_participante","calle_avenida_km","total","heridos_leves","heridos_graves","heridos_gravisimos","ilesos","fallecidos","sin_datos","posicion_XY","desc_tipo_via","desc_ruta_ori","desc_loc","desc_dpto","desc_tipo_calzada","desc_tipo_banquina","desc_unidad_regional","desc_lugar_calzada","desc_zona","desc_prioridad","desc_estado_semaforo","desc_lugar_via","desc_estado_via","desc_estado_visibilidad","desc_luminosidad","desc_estado_clima","desc_tipo_colision","desc_tipo_atropello","desc_tipo_hecho","desc_pres_calzada","desc_senializacion","desc_separacion_via","desc_restriccion"
2015,4177,25/06/2015,"Jueves",0,16:35:00,,"0.0",1,"Taxi/Remis","Alvear Y Castellanos",3,2,0,0,1,0,0,,"Calle",,"SANTA FE","La Capital","S/D","S/D","I","Dentro","Urbana","S/D","S/D","Intersección","S/D","Buena","Diurna","S/D","Lateral","S/D","Colisión","S/D","S/D","S/D","S/D"
2015,4178,22/06/2015,"Lunes",0,19:15:00,,"0.0",1,"Moto/Ciclomotor"," ",1,0,1,0,0,0,0,,"Camino Rural",,"EMPALME VILLA CONSTITUCIÓN","Constitución","Ripio","Natural","VI","Fuera","Rural","Ninguna","No existe","Recta","S/D","Buena","Atardecer","Buen Tiempo","S/D","S/D","Caída ocupante","Ninguna","Faltante","Ninguna","Sin restricción"
2015,4179,13/06/2015,"Sabado",0,11:00:00,,"0.0",2,"Automóvil,Bicicleta","Calle 4 - Ledesma Y Calle 35-Espa±a",2,1,0,0,1,0,0,,"Calle",,"RECONQUISTA","General Obligado","Asfalto","No existe","IX","Dentro","Urbana","Ninguna","No existe","Intersección","Bueno","Buena","Diurna","Buen Tiempo","S/D","S/D","Atropello","Ninguna","Vertical","Ninguna","Sin restricción"
2015,4180,19/06/2015,"Viernes",0,00:50:00,,"0.0",2,"Moto/Ciclomotor,Taxi/Remis","Bv Galvez Y Guemes",3,1,0,0,2,0,0,,"Calle",,"SANTA FE","La Capital","S/D","S/D","I","S/D","Urbana","S/D","S/D","Intersección","S/D","S/D","Nocturna","S/D","Lateral","S/D","Colisión","S/D","S/D","S/D","S/D"
2015,4181,12/06/2015,"Viernes",0,13:30:00,"Ruta Provincial 21","0.0",2,"Moto/Ciclomotor,Automóvil","San Martin 2500",2,1,0,0,0,0,1,,"Ruta",21,"VILLA CONSTITUCIÓN","Constitución","Asfalto","S/D","VI","Dentro","Urbana","S/D","S/D","Recta","S/D","Buena","Diurna","S/D","Frontal","S/D","Colisión","S/D","S/D","S/D","S/D"
2015,4182,27/06/2015,"Sabado",0,02:30:00,"Ruta Provincial 21","0.0",1,"Automóvil"," ",1,0,1,0,0,0,0,,"Ruta",21,"EMPALME VILLA CONSTITUCIÓN","Constitución","Asfalto","Natural","VI","Fuera","Rural","Ninguna","No existe","Curva","Bueno","Buena","Nocturna","Buen Tiempo","S/D","S/D","Vuelco","Ninguna","Vertical","Cordón divisorio","Sin restricción"
2015,4183,03/06/2015,"Miercoles",0,,,"0.0",2,"Moto/Ciclomotor,Automóvil","Manuel Dorrego Y Mendoza",2,1,0,0,1,0,0,,"Avenida",,"VILLA CONSTITUCIÓN","Constitución","Asfalto","Natural","VI","Dentro","Urbana","Ninguna","No existe","Intersección","Bueno","Buena","Diurna","Buen Tiempo","Frontal","S/D","Colisión","Ninguna","Faltante","Ninguna","Sin restricción"
2015,4184,01/06/2015,"Lunes",0,,,"0.0",2,"Bicicleta,Moto/Ciclomotor","Islas Malvinas Y Almafuerte",2,0,1,0,1,0,0,,"S/D",,"VILLA CONSTITUCIÓN","Constitución","Asfalto","Pavimento","VI","S/D","S/D","Ninguna","No existe","Intersección","Bueno","Buena","Diurna","Buen Tiempo","Lateral","S/D","Colisión","Ninguna","Faltante","Ninguna","Sin restricción"
2015,4185,20/06/2015,"Sabado",0,07:30:00,"Ruta Provincial 21","0.0",2,"Moto/Ciclomotor,Automóvil","Mosconi Y Ruta Prov 21",2,1,0,0,1,0,0,,"Ruta",21,"VILLA CONSTITUCIÓN","Constitución","Asfalto","S/D","VI","Dentro","Rural","S/D","S/D","Recta","Bueno","Buena","Amanecer","S/D","Lateral","S/D","Colisión","S/D","S/D","S/D","Sin restricción"
2015,4186,23/06/2015,"Martes",0,15:40:00,,"0.0",2,"Peatón,Automóvil"," ",2,1,0,0,1,0,0,,"Calle",,"SANTA FE","La Capital","S/D","S/D","I","S/D","Urbana","S/D","S/D","Curva","S/D","S/D","Diurna","S/D","S/D","S/D","Atropello","S/D","S/D","S/D","S/D"
2015,4187,12/06/2015,"Viernes",0,,,"0.0",2,"Otros,Moto/Ciclomotor","Yapeyu Y Independencia",2,0,0,0,0,0,2,,"Calle",,"VILLA CONSTITUCIÓN","Constitución","Asfalto","Pavimento","I","Dentro","Urbana","Ninguna","No existe","Intersección","Bueno","Buena","Diurna","Buen Tiempo","Lateral","S/D","Colisión","Ninguna","Faltante","Ninguna","Sin restricción"
2015,4188,11/06/2015,"Jueves",0,,,"0.0",2,"Automóvil,Automóvil","San Martin Y Santiago del Estero",2,1,0,0,1,0,0,,"S/D",,"VILLA CONSTITUCIÓN","Constitución","Asfalto","Pavimento","VI","Dentro","Urbana","Ninguna","No existe","Recta","Bueno","Buena","Diurna","Buen Tiempo","Frontal","S/D","Colisión","Ninguna","Faltante","Ninguna","Sin restricción"
2015,4189,13/06/2015,"Sabado",0,17:15:00,,"0.0",2,"Automóvil,Automóvil","Domingo Silva Y Candioti",2,1,0,0,1,0,0,,"Calle",,"SANTA FE","La Capital","S/D","S/D","I","S/D","Urbana","S/D","S/D","Intersección","S/D","S/D","Diurna","S/D","Lateral","S/D","Colisión","S/D","S/D","S/D","S/D"
2015,4190,03/06/2015,"Miercoles",0,07:10:00,,"0.0",2,"Automóvil,Bicicleta","Calle 15-Pcio. Diez Y Calle 6-Ituzaingo",2,1,0,0,1,0,0,,"Calle",,"RECONQUISTA","General Obligado","Asfalto","No existe","IX","Dentro","Urbana","Ninguna","No existe","Intersección","Bueno","Buena","Diurna","Buen Tiempo","Lateral","S/D","Colisión","Ninguna","Vertical","Cordón divisorio","Sin restricción"
2015,4191,01/06/2015,"Lunes",0,,,"0.0",2,"Moto/Ciclomotor,Automóvil","Chaco Y Saavedra",2,1,0,0,1,0,0,,"Avenida",,"VILLA CONSTITUCIÓN","Constitución","Asfalto","S/D","VI","Dentro","Urbana","Ninguna","No existe","Intersección","Otro","Buena","Diurna","Buen Tiempo","Frontal","S/D","Colisión","Agua","Faltante","Ninguna","Sin restricción"
2015,4192,13/06/2015,"Sabado",0,10:40:00,,"0.0",2,"Moto/Ciclomotor,Automóvil","Necochea Y Candioti",2,1,0,0,1,0,0,,"Avenida",,"SANTA FE","La Capital","S/D","S/D","I","S/D","Urbana","S/D","S/D","Intersección","S/D","S/D","Diurna","S/D","Lateral","S/D","Colisión","S/D","S/D","S/D","S/D"
2015,4193,05/06/2015,"Viernes",0,17:00:00,,"0.0",2,"Bicicleta,Pickup/Utilitario","Simon De Iriondo Y La Esmeralda",2,1,0,0,0,0,1,,"Calle",,"SANTA FE","La Capital","Hormigón","No existe","IX","Dentro","Urbana","Ninguna","No existe","Intersección","Bueno","Buena","Diurna","Buen Tiempo","S/D","S/D","Atropello","Ninguna","Vertical","Ninguna","Sin restricción"
2015,4194,04/06/2015,"Jueves",0,,,"0.0",2,"Moto/Ciclomotor,Automóvil","San Martin ",3,2,0,0,1,0,0,,"S/D",,"VILLA CONSTITUCIÓN","Constitución","Asfalto","Pavimento","VI","Dentro","Urbana","Semáforo","Funciona","Intersección","Bueno","Buena","Diurna","Buen Tiempo","Lateral","S/D","Colisión","Ninguna","Horizontal","Ninguna","Sin restricción"
2015,4195,04/06/2015,"Jueves",0,,,"0.0",2,"Automóvil,Automóvil","Manuel Dorrego Y 14 de Febrero",4,3,0,0,1,0,0,,"Avenida",,"VILLA CONSTITUCIÓN","Constitución","Asfalto","Pavimento","I","Dentro","Urbana","Semáforo","Funciona","Intersección","Bueno","Buena","Diurna","Buen Tiempo","Frontal","S/D","Colisión","Ninguna","Horizontal","Ninguna","Sin restricción"
2015,4196,06/06/2015,"Sabado",0,,,"0.0",2,"Automóvil,Moto/Ciclomotor","Belgrano Y Presidente Peron",2,1,0,0,1,0,0,,"S/D",,"VILLA CONSTITUCIÓN","Constitución","Asfalto","Pavimento","VI","S/D","S/D","Ninguna","No existe","Intersección","Bueno","Buena","Diurna","Buen Tiempo","Lateral","S/D","Colisión","Ninguna","Faltante","Ninguna","Sin restricción"
2015,4197,07/06/2015,"Domingo",0,,,"0.0",2,"Moto/Ciclomotor,Automóvil","Independencia Y 14 de Febrero",2,1,0,0,1,0,0,,"Avenida",,"VILLA CONSTITUCIÓN","Constitución","Asfalto","Pavimento","VI","Dentro","Urbana","Ninguna","No existe","Intersección","Bueno","Buena","Diurna","Buen Tiempo","Frontal","S/D","Colisión","Ninguna","Faltante","Ninguna","Sin restricción"
2015,4198,08/06/2015,"Lunes",0,,,"0.0",2,"Moto/Ciclomotor,Automóvil","Rivadavia Y Santiago del Estero",2,1,0,0,1,0,0,,"Calle",,"VILLA CONSTITUCIÓN","Constitución","Asfalto","Pavimento","VI","Dentro","Urbana","Ninguna","No existe","Intersección","Otro","Buena","Diurna","Buen Tiempo","Lateral","S/D","Colisión","Ninguna","Faltante","Ninguna","Sin restricción"
2015,4199,21/06/2015,"Domingo",0,,,"0.0",2,"Moto/Ciclomotor,Pickup/Utilitario","Manuel Dorrego Y Entre Rios",3,2,0,0,1,0,0,,"Avenida",,"VILLA CONSTITUCIÓN","Constitución","Asfalto","Pavimento","I","Dentro","Urbana","Ninguna","No existe","Intersección","Bueno","Buena","Diurna","Buen Tiempo","Frontal","S/D","Colisión","Ninguna","Faltante","Ninguna","Sin restricción"
2015,4200,13/07/2015,"Lunes",0,18:15:00,"Ruta Provincial 13","118.0",2,"Camión,Pickup/Utilitario"," ",3,1,0,0,2,0,0,,"Ruta",13,"EMPALME VILLA CONSTITUCIÓN","Constitución","Asfalto","Natural","V","Dentro","Rural","Ninguna","No existe","Recta","Bueno","Buena","Diurna","Buen Tiempo","De alcance","S/D","Colisión","Ninguna","Horizontal","Ninguna","Sin restricción"
2015,4201,27/06/2015,"Sabado",0,11:45:00,"Ruta Provincial 90","0.0",2,"Pickup/Utilitario,Camión"," ",3,2,0,0,1,0,0,,"Ruta",90,"ALCORTA","Constitución","Asfalto","Pavimento","VI","Dentro","Urbana","S/D","No existe","Intersección","Bueno","Buena","Diurna","Otro","Lateral","S/D","Colisión","Ninguna","Faltante","S/D","Desvío Provisorio"
2015,4202,21/06/2015,"Domingo",0,09:20:00,"Autopista Nacional Gral. Juan Jose Valle","0.0",2,"Pickup/Utilitario,Automóvil"," ",3,1,1,0,0,0,1,,"Autopista","Gral. Juan Jose Valle","VILLA CONSTITUCIÓN","Constitución","Asfalto","S/D","VI","S/D","S/D","S/D","S/D","Recta","S/D","Buena","Diurna","S/D","Frontal","S/D","Colisión","S/D","S/D","S/D","S/D"
2015,4203,27/06/2015,"Sabado",0,01:00:00,"Ruta Provincial 18","0.0",2,"Pickup/Utilitario,Automóvil"," ",4,2,0,0,2,0,0,,"Ruta",18,"PAVÓN ARRIBA","Constitución","Asfalto","Natural","VI","Dentro","Rural","Ninguna","S/D","Curva","Bueno","S/D","Nocturna","Buen Tiempo","Frontal,Lateral","S/D","Colisión","S/D","Faltante","Línea divisoria pintada","Sin restricción"
2015,4204,24/06/2015,"Miercoles",0,,,"0.0",2,"Moto/Ciclomotor,Automóvil","Manuel Dorrego Y Formosa",3,2,0,0,1,0,0,,"Calle",,"VILLA CONSTITUCIÓN","Constitución","Asfalto","Pavimento","VI","Dentro","Urbana","Ninguna","No existe","Intersección","Bueno","Buena","Diurna","Buen Tiempo","Lateral","S/D","Colisión","Ninguna","Faltante","Ninguna","Sin restricción"
2015,4205,20/06/2015,"Sabado",0,,,"0.0",2,"Moto/Ciclomotor,Automóvil","San Martin Y Lisandro de la Torre",2,1,0,0,1,0,0,,"Calle",,"VILLA CONSTITUCIÓN","Constitución","Asfalto","Pavimento","VI","Dentro","Urbana","Ninguna","No existe","Intersección","Bueno","Buena","Diurna","Buen Tiempo","Frontal","S/D","Colisión","Ninguna","Faltante","Ninguna","Sin restricción"
2015,4206,26/06/2015,"Viernes",0,,,"0.0",2,"Moto/Ciclomotor,Automóvil","14 de Febrero Y Puerto Piedras",2,1,0,0,1,0,0,,"Avenida",,"VILLA CONSTITUCIÓN","Constitución","Tierra","S/D","VI","Dentro","Urbana","Ninguna","No existe","Intersección","Con baches","Buena","Diurna","Buen Tiempo","Lateral","S/D","Colisión","Ninguna","Faltante","Ninguna","Sin restricción"
2015,4207,05/06/2015,"Viernes",0,,,"0.0",2,"Moto/Ciclomotor,Automóvil","Entre Rios Y Saavedra",3,1,0,0,2,0,0,,"Avenida",,"VILLA CONSTITUCIÓN","Constitución","Asfalto","Pavimento","VI","Dentro","Urbana","Ninguna","No existe","Intersección","Bueno","Buena","Diurna","Buen Tiempo","Frontal","S/D","Colisión","Ninguna","Faltante","Ninguna","Sin restricción"
2015,4208,31/07/2015,"Viernes",0,17:10:00,,"0.0",2,"Automóvil,Automóvil","Velez Sarfield Y Francisco Peretti",2,1,0,0,1,0,0,,"Calle",,"RAFAELA","Castellanos","Asfalto","No existe","V","Dentro","Urbana","S/D","No existe","Intersección","Bueno","Buena","Diurna","Buen Tiempo","Lateral","S/D","Colisión","Agua","Horizontal,Vertical","Cordón divisorio","Sin restricción"
2015,4209,05/06/2015,"Viernes",0,,,"0.0",2,"Moto/Ciclomotor,Automóvil","Hipolito Irigoyen Y Simon Bolivar",2,1,0,0,1,0,0,,"Calle",,"VILLA CONSTITUCIÓN","Constitución","Asfalto","Pavimento","VI","Dentro","Urbana","Ninguna","No existe","Intersección","Bueno","Buena","Diurna","Buen Tiempo","Frontal","S/D","Colisión","Ninguna","Faltante","Ninguna","Sin restricción"
2015,4210,01/06/2015,"Lunes",0,19:30:00,"Ruta Secundaria 61-s","10.0",1,"Automóvil"," ",1,1,0,0,0,0,0,,"Ruta","61-s","SOLEDAD","San Cristóbal","Ripio","Ripio","XIII","S/D","Rural","Ninguna","No existe","Recta","S/D","Buena","Atardecer","Buen Tiempo","S/D","S/D","Vuelco","Ninguna","S/D","Vegetación","Sin restricción"
2015,4211,07/06/2015,"Domingo",0,,,"0.0",2,"Moto/Ciclomotor,Automóvil","Saavedra Y Misiones",2,1,0,0,1,0,0,,"Avenida",,"VILLA CONSTITUCIÓN","Constitución","Asfalto","Pavimento","VI","Dentro","Urbana","Ninguna","No existe","Intersección","Bueno","Buena","Diurna","Buen Tiempo","Frontal","S/D","Colisión","Ninguna","Faltante","Ninguna","Sin restricción"
2015,4212,25/06/2015,"Jueves",0,,,"0.0",2,"Moto/Ciclomotor,Automóvil","Santiago del Estero Y Juan Jose de Urquiza",2,1,0,0,1,0,0,,"Calle",,"VILLA CONSTITUCIÓN","Constitución","Asfalto","Pavimento","VI","Dentro","Urbana","Ninguna","No existe","Intersección","Bueno","Buena","Diurna","Buen Tiempo","Lateral","S/D","Colisión","Ninguna","Faltante","Ninguna","Sin restricción"
2015,4213,24/06/2015,"Miercoles",0,14:00:00,,"0.0",2,"Moto/Ciclomotor,Automóvil"," ",2,0,1,0,1,0,0,,"Camino Rural",,"PAVÓN ARRIBA","Constitución","Tierra","No existe","VI","Dentro","Rural","Ninguna","No existe","Recta","Bueno","Buena","Diurna","Buen Tiempo","Lateral","S/D","Colisión","S/D","Faltante","Ninguna","Sin restricción"
2015,4214,27/06/2015,"Sabado",0,,,"0.0",1,"Moto/Ciclomotor","Presidente Peron Y Alberdi",2,1,0,0,1,0,0,,"Calle",,"VILLA CONSTITUCIÓN","Constitución","Hormigón","Pavimento","VI","Dentro","Urbana","Ninguna","No existe","Intersección","Bueno","Buena","Diurna","Buen Tiempo","S/D","S/D","Caída ocupante","Ninguna","Faltante","Ninguna","Sin restricción"
2015,4215,27/06/2015,"Sabado",0,,,"0.0",2,"Moto/Ciclomotor,Automóvil","Independencia Y Misiones",2,1,0,0,1,0,0,,"Calle",,"VILLA CONSTITUCIÓN","Constitución","Asfalto","Pavimento","VI","Dentro","Urbana","Ninguna","No existe","Intersección","Bueno","Buena","Diurna","Buen Tiempo","Frontal","S/D","Colisión","Ninguna","Faltante","Ninguna","Sin restricción"
2015,4216,29/07/2015,"Miercoles",0,15:00:00,"Ruta Nacional 34","171.5",2,"Automóvil,Camión"," ",5,3,0,0,2,0,0,,"Ruta",34,"SAN VICENTE.","Castellanos","Hormigón","Ripio","V","Dentro","Rural","Ninguna","No existe","Curva","Bueno","Buena","Diurna","Buen Tiempo","Frontal","S/D","Colisión","Ninguna","Vertical","Línea divisoria pintada","Sin restricción"
2015,4217,27/06/2015,"Sabado",0,,,"0.0",2,"Moto/Ciclomotor,Automóvil","Saavedra Y Santiago del Estero",3,1,0,0,2,0,0,,"Calle",,"VILLA CONSTITUCIÓN","Constitución","Asfalto","Pavimento","VI","Dentro","Urbana","Ninguna","No existe","Intersección","Bueno","Buena","Diurna","Buen Tiempo","Lateral","S/D","Colisión","Ninguna","Faltante","Ninguna","Sin restricción"
2015,4218,11/06/2015,"Jueves",0,03:00:00,,"0.0",3,"Moto/Ciclomotor,Camión,Moto/Ciclomotor","RUTA ACCESO PUEBLO 114",3,1,0,0,2,0,0,,"Calle",,"VILA","Castellanos","Asfalto","Natural","V","S/D","Urbana","S/D","No existe","Intersección","Bueno","Buena","Nocturna","S/D","Múltiple","S/D","Colisión","Ninguna","Vertical","S/D","Sin restricción"
2015,4219,03/07/2015,"Viernes",0,,"Ruta Secundaria 91-s","0.0",1,"Automóvil"," ",1,1,0,0,0,0,0,,"Ruta","91-s","SANTA MARGARITA","9 de Julio","Ripio","Natural","XII","Fuera","Rural","Ninguna","No existe","Recta","Bueno","Buena","Diurna","Buen Tiempo","Otro","S/D","Vuelco","Ninguna","S/D","Ninguna","Sin restricción"
2015,4220,02/07/2015,"Jueves",0,20:00:00,"Ruta Provincial 70","7.0",1,"Automóvil"," ",1,1,0,0,0,0,0,,"Ruta",70,"COLONIA PUJOL","Las Colonias","Asfalto","Natural","XI","Dentro","Urbana","Ninguna","No existe","Recta","Bueno","Reducida","Nocturna","Buen Tiempo","S/D","S/D","Vuelco","Ninguna","Faltante","Línea divisoria pintada","Sin restricción"
2015,4221,16/07/2015,"Jueves",0,13:00:00,,"0.0",2,"Automóvil,Moto/Ciclomotor","Av Argentina 300",2,1,0,0,1,0,0,,"Avenida",,"ESPERANZA","Las Colonias","Asfalto","No existe","XI","Dentro","Urbana","Otra Señal","No existe","Recta","Bueno","Buena","Diurna","Buen Tiempo","S/D","S/D","Colisión","Ninguna","Vertical","Cordón divisorio","Sin restricción"
2015,4222,06/07/2015,"Lunes",0,18:40:00,,"0.0",2,"Bicicleta,Automóvil","Av Cordoba Y Mariano Moreno",2,1,0,0,1,0,0,,"Avenida",,"ESPERANZA","Las Colonias","Asfalto","No existe","XI","Dentro","Urbana","Ninguna","No existe","Intersección","Bueno","Buena","Nocturna","Buen Tiempo","S/D","S/D","Atropello","Ninguna","Horizontal,Vertical","Ninguna","Sin restricción"
2015,4223,02/07/2015,"Jueves",0,13:05:00,,"0.0",2,"Moto/Ciclomotor,Bicicleta","Mariano Moreno 1000",2,2,0,0,0,0,0,,"Calle",,"ESPERANZA","Las Colonias","Asfalto","Pavimento","XI","Dentro","Urbana","Ninguna","S/D","Recta","Bueno","Buena","Diurna","Buen Tiempo","S/D","S/D","Atropello","Ninguna","Vertical","Línea divisoria pintada","Sin restricción"
2015,4224,19/07/2015,"Domingo",0,02:45:00,,"0.0",2,"Automóvil,Moto/Ciclomotor","General Manuel Belgrano 3200",2,0,1,0,1,0,0,,"Calle",,"ESPERANZA","Las Colonias","Asfalto","No existe","XI","Dentro","Urbana","Ninguna","No existe","Recta","Bueno","Buena","Nocturna","Buen Tiempo","S/D","S/D","Colisión","Ninguna","Horizontal","Cordón divisorio","Sin restricción"
2015,4225,19/07/2015,"Domingo",0,02:10:00,,"0.0",2,"Automóvil,Moto/Ciclomotor","Mariano Moreno 3500",2,1,0,0,1,0,0,,"Calle",,"ESPERANZA","Las Colonias","Asfalto","No existe","XI","Dentro","Urbana","Ninguna","No existe","Recta","Bueno","Buena","Nocturna,Con luz artificial","Buen Tiempo","S/D","S/D","Colisión","Ninguna","Horizontal","Cordón divisorio","Sin restricción"
2015,4226,05/07/2015,"Domingo",0,11:45:00,,"0.0",2,"Automóvil,Moto/Ciclomotor","Castelli 2000",2,1,0,0,1,0,0,,"Calle",,"ESPERANZA","Las Colonias","Asfalto","Pavimento","XI","Dentro","Urbana","Ninguna","No existe","Intersección","Bueno","Buena","Diurna","Buen Tiempo","Lateral","S/D","Colisión","Ninguna","Vertical","Cordón divisorio","Sin restricción"
2015,4227,30/07/2015,"Jueves",0,20:40:00,,"0.0",2,"Moto/Ciclomotor,Automóvil","M M T de Hoenfels 2900",2,0,1,0,1,0,0,,"Calle",,"ESPERANZA","Las Colonias","Asfalto","No existe","XI","Dentro","Urbana","Ninguna","No existe","Recta","Bueno","Buena","Nocturna,Con luz artificial","Buen Tiempo","De alcance","S/D","Colisión","Ninguna","Horizontal,Vertical","Ninguna","Sin restricción"
2015,4228,27/07/2015,"Lunes",0,18:00:00,,"0.0",2,"Moto/Ciclomotor,Automóvil","Av Los Colonizadores 1100",2,0,1,0,1,0,0,,"Calle",,"ESPERANZA","Las Colonias","Asfalto","Pavimento","XI","Dentro","Urbana","Ninguna","No existe","Intersección","Bueno","Buena","Atardecer","Buen Tiempo","Lateral","S/D","Colisión","Ninguna","Vertical","Cordón divisorio","Sin restricción"
2015,4229,26/07/2015,"Domingo",0,06:05:00,"Ruta Nacional 11","443.0",1,"Automóvil"," ",3,1,0,0,2,0,0,,"Ruta",11,"SAUCE VIEJO","La Capital","Asfalto","No existe","I","Dentro","Urbana","Ninguna","No existe","Puente","Bueno","Reducida","Nocturna","Buen Tiempo","Contra objeto fijo","S/D","Colisión","S/D","S/D","Línea divisoria pintada","Sin restricción"
2015,4230,06/07/2015,"Lunes",0,13:45:00,,"0.0",2,"Automóvil,Moto/Ciclomotor","Vieytes Y Necochea",2,1,0,0,1,0,0,,"Calle",,"SANTA FE","La Capital","Asfalto","S/D","I","S/D","Urbana","S/D","No existe","Intersección","S/D","S/D","Diurna","S/D","Lateral","S/D","Colisión","S/D","S/D","S/D","S/D"
2015,4231,24/05/2015,"Domingo",0,,,"0.0",2,"Automóvil,Moto/Ciclomotor","America Y Rosario",3,2,0,0,1,0,0,,"Calle",,"SAUCE VIEJO","La Capital","Asfalto","No existe","I","S/D","Urbana","Ninguna","No existe","Intersección","Bueno","S/D","Atardecer","Buen Tiempo","Frontal","S/D","Colisión","S/D","Faltante","Ninguna","Sin restricción"
2015,4232,03/07/2015,"Viernes",0,17:35:00,"Ruta Provincial 2","0.0",2,"Moto/Ciclomotor,Automóvil","Ruta pcial 2 Av San Martin 5200",2,1,0,0,1,0,0,,"Ruta",2,"MONTE VERA","La Capital","Asfalto","Natural","I","Dentro","Urbana","Ninguna","No existe","Recta","Bueno","Buena","Diurna","Buen Tiempo","De alcance","S/D","Colisión","Ninguna","S/D","Ninguna","Sin restricción"
2015,4233,06/07/2015,"Lunes",0,13:45:00,,"0.0",2,"Automóvil,Moto/Ciclomotor","Av Galicia Y Belgrano",2,1,0,0,1,0,0,,"Avenida",,"SANTA FE","La Capital","Asfalto","S/D","I","S/D","Urbana","S/D","S/D","Intersección","S/D","S/D","Diurna","S/D","Lateral","S/D","Colisión","S/D","S/D","S/D","S/D"
2015,4234,25/07/2015,"Sabado",0,23:45:00,,"0.0",2,"Moto/Ciclomotor,Otros"," ",2,1,0,0,0,0,1,,"Calle",,"MONTE VERA","La Capital","Hormigón","Natural","I","Dentro","Urbana","Ninguna","No existe","Recta","Bueno","Buena","Nocturna,Con luz artificial","Buen Tiempo","Lateral","S/D","Colisión","S/D","S/D","Ninguna","Sin restricción"
2015,4235,26/07/2015,"Domingo",0,18:55:00,,"0.0",2,"Automóvil,Moto/Ciclomotor","Francia 1000",2,1,0,0,1,0,0,,"Calle",,"SAUCE VIEJO","La Capital","Asfalto","No existe","I","S/D","S/D","S/D","No existe","Recta","Bueno","Buena","Diurna","Buen Tiempo","Lateral","S/D","Colisión","S/D","S/D","Ninguna","Sin restricción"
2015,4236,02/07/2015,"Jueves",0,12:00:00,,"0.0",2,"Moto/Ciclomotor,Pickup/Utilitario","Av Blas Parera Y Vieytes",2,1,0,0,1,0,0,,"Avenida",,"SANTA FE","La Capital","Hormigón","Pavimento","I","Dentro","Urbana","Semáforo","Funciona","Intersección","Bueno","Buena","Diurna","Buen Tiempo","Lateral","S/D","Colisión","S/D","Horizontal,Vertical","Cordón divisorio","Sin restricción"
2015,4237,21/07/2015,"Martes",0,17:25:00,,"0.0",2,"Moto/Ciclomotor,Automóvil","Rio Negro Y Brigadier Estanislao Lopez",2,1,0,0,1,0,0,,"Calle",,"MONTE VERA","La Capital","Ripio","No existe","I","Dentro","Urbana","Ninguna","No existe","Intersección","Bueno","Buena","Diurna","Buen Tiempo","De alcance","S/D","Colisión","S/D","S/D","Ninguna","Sin restricción"
2015,4238,06/07/2015,"Lunes",0,16:00:00,,"0.0",2,"Camión,Pickup/Utilitario","Av Blas Parera 9400",2,1,0,0,1,0,0,,"Avenida",,"SANTA FE","La Capital","Hormigón","No existe","I","Dentro","Urbana","Otra Señal","No existe","Intersección","Bueno","Buena","Diurna","Buen Tiempo","Lateral","S/D","Colisión","S/D","Vertical","Guardarrail","Sin restricción"
2015,4239,09/07/2015,"Jueves",0,19:45:00,,"0.0",2,"Automóvil,Moto/Ciclomotor","12 de Octubre Y Hugo Wast",2,1,0,0,1,0,0,,"Calle",,"SANTA FE","La Capital","Hormigón","No existe","I","Dentro","Urbana","Otra Señal","No existe","Intersección","Bueno","Buena","Atardecer","Buen Tiempo","Lateral","S/D","Colisión","S/D","Vertical","Cordón divisorio","Sin restricción"
2015,4240,06/07/2015,"Lunes",0,11:00:00,,"0.0",2,"Automóvil,Moto/Ciclomotor","Belgrano Y Matheu",2,1,0,0,1,0,0,,"Calle",,"SANTA FE","La Capital","Asfalto","S/D","I","S/D","Urbana","S/D","S/D","Intersección","S/D","S/D","Diurna","S/D","Lateral","S/D","Colisión","S/D","S/D","S/D","S/D"
2015,4241,10/07/2015,"Viernes",0,18:45:00,,"0.0",2,"Automóvil,Bicicleta","Reinares Y La Pampa",2,1,0,0,1,0,0,"-31.573194444444,-60.738611111111","Calle",,"SANTA FE","La Capital","Ripio","No existe","I","Dentro","Urbana","Otra Señal","No existe","Intersección","Con baches","Buena","Atardecer","Buen Tiempo","S/D","S/D","Atropello","S/D","Vertical","Ninguna","Sin restricción"
2015,4242,08/07/2015,"Miercoles",0,14:30:00,,"0.0",2,"Automóvil,Moto/Ciclomotor","Av Galicia Y Belgrano",2,1,0,0,1,0,0,,"Avenida",,"SANTA FE","La Capital","Asfalto","S/D","I","S/D","Urbana","S/D","S/D","Intersección","S/D","S/D","Diurna","S/D","Lateral","S/D","Colisión","S/D","S/D","S/D","S/D"