"anio_acci","nro_acci","fecha","desc_dia","fecha_aprox","hora_aprox","desc_ruta","km","cant_participantes","desc_participante","calle_avenida_km","total","heridos_leves","heridos_graves","heridos_gravisimos","ilesos","fallecidos","sin_datos","posicion_XY","desc_tipo_via","desc_ruta_ori","desc_loc","desc_dpto","desc_tipo_calzada","desc_tipo_banquina","desc_unidad_regional","desc_lugar_calzada","desc_zona","desc_prioridad","desc_estado_semaforo","desc_lugar_via","desc_estado_via","desc_estado_visibilidad","desc_luminosidad","desc_estado_clima","desc_tipo_colision","desc_tipo_atropello","desc_tipo_hecho","desc_pres_calzada","desc_senializacion","desc_separacion_via","desc_restriccion"
2015,4243,06/07/2015,"Lunes",0,18:45:00,,"0.0",2,"Moto/Ciclomotor,Automóvil","Sarmiento Y Gorriti",2,1,0,0,1,0,0,,"Calle",,"SANTA FE","La Capital","Asfalto","No existe","I","Dentro","Urbana","Ninguna","No existe","Intersección","Bueno","Reducida","Atardecer","Buen Tiempo","Lateral","S/D","Colisión","Ninguna","Faltante","Ninguna","Sin restricción"
2015,4244,26/07/2015,"Domingo",0,19:45:00,"Ruta Nacional 11","0.0",2,"Automóvil,Automóvil","Saavedra ",3,2,0,0,1,0,0,,"Ruta",11,"SAUCE VIEJO","La Capital","Asfalto","Pavimento","I","S/D","Urbana","Ninguna","No existe","Intersección","Bueno","Buena","Atardecer","Buen Tiempo","Lateral","S/D","Colisión","S/D","Faltante","Ninguna","Sin restricción"
2015,4245,10/07/2015,"Viernes",0,05:40:00,,"0.0",2,"Automóvil,Camión","Av A del Valle Y Padre Genesio",3,2,0,0,1,0,0,,"Avenida",,"SANTA FE","La Capital","Asfalto","S/D","I","S/D","Urbana","Semáforo","S/D","Recta","S/D","S/D","Nocturna","S/D","De alcance","S/D","Colisión","S/D","S/D","S/D","S/D"
2015,4246,10/07/2015,"Viernes",0,16:15:00,,"0.0",2,"Pickup/Utilitario,Moto/Ciclomotor","Paula Albarracin de Sarmiento Y Juan Jose Paso",2,1,0,0,1,0,0,,"Calle",,"SANTO TOMÉ","La Capital","Asfalto","No existe","I","S/D","Urbana","Ninguna","No existe","Intersección","Bueno","Buena","Diurna","Buen Tiempo","Lateral","S/D","Colisión","Ninguna","Faltante","Ninguna","Sin restricción"
2015,4247,08/07/2015,"Miercoles",0,18:40:00,,"0.0",1,"Automóvil","Av A del Valle 10500",3,2,0,0,1,0,0,,"Avenida",,"SANTA FE","La Capital","Asfalto","Natural","I","Fuera","Urbana","Ninguna","No existe","Recta","Deteriorada","Reducida","Atardecer","Otro","S/D","S/D","Despiste","Ninguna","Horizontal,Vertical","Guardarrail,Vegetación","Sin restricción"
2015,4248,19/07/2015,"Domingo",0,00:10:00,,"12.5",2,"Moto/Ciclomotor,Moto/Ciclomotor"," ",3,3,0,0,0,0,0,,"Calle",,"MONTE VERA","La Capital","Hormigón","Natural","I","Dentro","Urbana","S/D","No existe","Recta","Bueno","Buena","Nocturna,Con luz artificial","Buen Tiempo","De alcance","S/D","Colisión","S/D","S/D","Ninguna","Sin restricción"
2015,4249,13/07/2015,"Lunes",0,21:30:00,,"0.0",2,"Moto/Ciclomotor,Automóvil","Belgrano Y Av A del Valle",2,1,0,0,1,0,0,,"Avenida",,"SANTA FE","La Capital","Ripio","Natural","I","Dentro","Urbana","Ninguna","No existe","Intersección","Deteriorada","Reducida","Nocturna","Otro","Lateral","S/D","Colisión","Ninguna","Faltante","Ninguna","Sin restricción"
2015,4250,17/07/2015,"Viernes",0,19:00:00,,"0.0",2,"Moto/Ciclomotor,Camión","Av A del Valle Y Lamothe",2,1,0,0,1,0,0,,"Avenida",,"SANTA FE","La Capital","Asfalto","Natural","I","Dentro","Urbana","Ninguna","No existe","Intersección","Con baches","Reducida","Atardecer","S/D","Lateral","S/D","Colisión","Ninguna","Horizontal,Vertical","Ninguna","Sin restricción"
2015,4251,27/07/2015,"Lunes",0,10:00:00,,"0.0",2,"Bicicleta,Automóvil","Av A del Valle Y Lamothe",2,1,0,0,1,0,0,"-31.583416666667,-60.690055555556","Avenida",,"SANTA FE","La Capital","Asfalto","No existe","I","Dentro","Urbana","Ninguna","No existe","Intersección","Deteriorada","Reducida","Diurna,Con luz artificial","Otro","S/D","S/D","Atropello","Ninguna","Horizontal,Vertical","Ninguna","Sin restricción"
2015,4252,15/07/2015,"Miercoles",0,21:30:00,,"0.0",2,"Transporte de Pasajeros Larga Distancia (> 8 asientos),Moto/Ciclomotor","Baldaccini Y Entre Rios",2,0,1,0,1,0,0,,"Calle",,"MONTE VERA","La Capital","Hormigón","No existe","I","Dentro","Urbana","Ninguna","No existe","Intersección","Bueno","Buena","Nocturna,Con luz artificial","Buen Tiempo","Lateral","S/D","Colisión","S/D","S/D","Ninguna","Sin restricción"
2015,4253,15/07/2015,"Miercoles",0,21:10:00,,"0.0",2,"Moto/Ciclomotor,Moto/Ciclomotor","P Gozzarelli Y Buenos Aires",2,1,0,0,1,0,0,,"Calle",,"MONTE VERA","La Capital","Ripio","Natural","I","Dentro","Urbana","Ninguna","No existe","Intersección","Bueno","Buena","Nocturna,Con luz artificial","Buen Tiempo","Lateral","S/D","Colisión","S/D","S/D","Ninguna","Sin restricción"
2015,4254,13/07/2015,"Lunes",0,19:30:00,,"0.0",2,"Automóvil,Moto/Ciclomotor","French Y A Godoy",4,2,0,0,2,0,0,,"Calle",,"SANTA FE","La Capital","S/D","S/D","I","S/D","Urbana","S/D","S/D","S/D","S/D","S/D","Nocturna","S/D","Lateral","S/D","Colisión","S/D","S/D","S/D","S/D"
2015,4255,14/07/2015,"Martes",0,13:10:00,,"0.0",2,"Pickup/Utilitario,Pickup/Utilitario","Ayacucho Y Candioti",4,2,0,0,2,0,0,,"Calle",,"SANTA FE","La Capital","Asfalto","S/D","I","S/D","Urbana","S/D","S/D","Intersección","S/D","S/D","Diurna","S/D","Lateral","S/D","Colisión","S/D","S/D","S/D","S/D"
2015,4256,15/07/2015,"Miercoles",0,14:40:00,,"0.0",2,"Automóvil,Moto/Ciclomotor","Av A del Valle Y Ayacucho",2,1,0,0,1,0,0,,"Avenida",,"SANTA FE","La Capital","Asfalto","S/D","I","S/D","Urbana","S/D","S/D","Intersección","S/D","S/D","Diurna","S/D","De alcance","S/D","Colisión","S/D","S/D","S/D","S/D"
2015,4257,10/07/2015,"Viernes",0,08:10:00,"Ruta Provincial 5","0.0",2,"Moto/Ciclomotor,Bicicleta"," ",2,1,1,0,0,0,0,,"Ruta",5,"MONTE VERA","La Capital","Hormigón","Natural","I","Dentro","Rural","Ninguna","No existe","Recta","S/D","Buena","Diurna","Buen Tiempo","Lateral","S/D","Atropello","S/D","S/D","Ninguna","Sin restricción"
2015,4258,19/07/2015,"Domingo",0,16:45:00,,"0.0",2,"Automóvil,Moto/Ciclomotor","Guemes Y Javier de la Rosa",3,2,0,0,1,0,0,,"Calle",,"SANTA FE","La Capital","S/D","S/D","I","S/D","Urbana","S/D","S/D","Intersección","S/D","S/D","Diurna","S/D","Lateral","S/D","Colisión","S/D","S/D","S/D","S/D"
2015,4259,19/07/2015,"Domingo",0,20:45:00,,"0.0",2,"Automóvil,Moto/Ciclomotor","Mitre Y Risso",2,1,0,0,1,0,0,,"Calle",,"SANTA FE","La Capital","S/D","S/D","I","S/D","Urbana","S/D","S/D","Intersección","S/D","S/D","Nocturna","S/D","Lateral","S/D","Colisión","S/D","S/D","S/D","S/D"
2015,4260,26/07/2015,"Domingo",0,16:40:00,,"0.0",2,"Automóvil,Moto/Ciclomotor","Rivadavia Y Risso",2,1,0,0,1,0,0,,"Calle",,"SANTA FE","La Capital","S/D","S/D","I","S/D","Urbana","S/D","S/D","Intersección","S/D","S/D","Diurna","S/D","Lateral","S/D","Colisión","S/D","S/D","S/D","S/D"
2015,4261,13/03/2015,"Viernes",0,08:30:00,,"0.0",2,"Otros,Otros","Echagubel Y Hilario Ascasubi",2,1,0,0,1,0,0,,"Calle",,"FIRMAT","General López","Ripio","Natural","VIII","S/D","Urbana","Ninguna","S/D","Intersección","Bueno","Buena","Diurna","Buen Tiempo","Frontal","S/D","Colisión","S/D","S/D","Ninguna","Sin restricción"
2015,4262,01/03/2015,"Domingo",0,08:00:00,,"0.0",2,"Otros,Otros","Mendoza 300",2,0,1,0,1,0,0,,"Calle",,"FIRMAT","General López","Asfalto","Pavimento","VIII","S/D","Urbana","S/D","No existe","Recta","Bueno","Buena","Diurna","Buen Tiempo","Frontal","S/D","Colisión","S/D","S/D","Ninguna","Sin restricción"
2015,4263,27/04/2015,"Lunes",0,22:30:00,,"0.0",2,"Otros,Otros","Hilario Ascasubi Y Juan G. de Las Heras",2,1,0,0,1,0,0,,"Calle",,"FIRMAT","General López","Ripio","Natural","VIII","S/D","Urbana","Ninguna","No existe","Intersección","Deteriorada","Reducida","Nocturna","Otro","Lateral","S/D","Colisión","Fluidos","S/D","Vegetación","S/D"
2015,4264,17/05/2015,"Domingo",0,08:45:00,,"0.0",2,"Automóvil,Moto/Ciclomotor","San Martin Y 25 de Mayo",2,0,1,0,1,0,0,,"Calle",,"VERA","Vera","Asfalto","No existe","XIX","Dentro","Urbana","Semáforo","Funciona","Intersección","Bueno","Buena","Diurna","Buen Tiempo","Lateral","S/D","Colisión","S/D","Horizontal","Cordón divisorio","Sin restricción"
2015,4265,10/03/2015,"Martes",0,07:30:00,"Ruta Nacional 11","422.4",1,"Automóvil","Av L de la Torre-Ruta Nac 11 1700",1,0,0,0,0,1,0,"-31.971833333333,-60.926555555556","Ruta",11,"CORONDA","San Jerónimo","Asfalto","No existe","XV","Fuera","Urbana","Marca Vial","No existe","Distribuidor","Bueno","Buena","Diurna","Buen Tiempo","Contra objeto fijo","S/D","Colisión,Despiste","S/D","Horizontal,Vertical","Cordón divisorio","Sin restricción"
2015,4267,08/07/2015,"Miercoles",0,22:20:00,"Ruta Provincial 2","18.0",2,"Moto/Ciclomotor,Moto/Ciclomotor"," ",4,3,0,0,1,0,0,,"Ruta",2,"MONTE VERA","La Capital","Ripio","No existe","I","Dentro","Rural","Ninguna","No existe","Recta","Bueno","Buena","Nocturna,Con luz artificial","Buen Tiempo","De alcance","S/D","Colisión","S/D","S/D","Ninguna","Sin restricción"
2015,4268,10/03/2015,"Martes",0,10:00:00,"Ruta Nacional 11","0.0",2,"Bicicleta,Moto/Ciclomotor","Av Blas Parera Y Vieytes",3,1,0,0,1,1,0,"-31.596944444444,-60.722583333333","Ruta",11,"SANTA FE","La Capital","Hormigón","Pavimento","I","Dentro","Urbana","Semáforo","Funciona","Intersección","Bueno","Buena","Diurna","Buen Tiempo","Lateral","S/D","Atropello","S/D","Horizontal,Vertical","Cordón divisorio,Vegetación","Sin restricción"
2015,4269,25/07/2015,"Sabado",0,18:00:00,,"0.0",2,"Moto/Ciclomotor,Peatón","Pres Domingo Faustino Sarmient Y Juan Jose Paso",2,1,0,0,1,0,0,"-31.659611111111,-60.774527777778","Calle",,"SANTO TOMÉ","La Capital","S/D","No existe","I","S/D","Urbana","Ninguna","No existe","Intersección","Bueno","Buena","Diurna","Buen Tiempo","S/D","S/D","Atropello","Ninguna","Faltante","Ninguna","Sin restricción"
2015,4270,01/05/2015,"Viernes",0,17:00:00,,"0.0",2,"Moto/Ciclomotor,Automóvil","Calle 2106 Y Camino Nuevo Soldini",3,1,0,0,2,0,0,,"Calle",,"ROSARIO","Rosario","Asfalto","Natural","II","Fuera","Urbana","Ninguna","No existe","Intersección","Bueno","Buena","Diurna","Buen Tiempo","Lateral","S/D","Colisión","S/D","Faltante","Ninguna","Sin restricción"
2015,4271,25/07/2015,"Sabado",0,12:20:00,,"0.0",2,"Pickup/Utilitario,Moto/Ciclomotor","Lisandro de La Torre Y Mendoza",2,1,0,0,0,0,1,,"Calle",,"SANTO TOMÉ","La Capital","Tierra,Ripio","No existe","I","S/D","Urbana","Ninguna","No existe","Intersección","Bueno","Buena","Diurna","Buen Tiempo","Lateral","S/D","Colisión","S/D","Vertical","Ninguna","Sin restricción"
2015,4272,16/07/2015,"Jueves",0,16:55:00,,"0.0",2,"Automóvil,Peatón","Azcuenaga 3500",2,1,0,0,1,0,0,"-31.678055555556,-60.777222222222","Calle",,"SANTO TOMÉ","La Capital","Asfalto","No existe","I","S/D","Urbana","Ninguna","No existe","Recta","Bueno","Buena","Diurna","Buen Tiempo","S/D","S/D","Atropello","S/D","Faltante","Ninguna","Sin restricción"
2015,4273,23/05/2015,"Sabado",0,,,"0.0",2,"Otros,Otros","Dorrego Y Andreu",2,1,0,0,1,0,0,,"Calle",,"VILLA GOBERNADOR GÁLVEZ","Rosario","Asfalto","No existe","II","Dentro","Urbana","Ninguna","No existe","Recta","Bueno","Buena","S/D","Buen Tiempo","De alcance","S/D","Colisión","S/D","Faltante","Ninguna","Sin restricción"
2015,4274,17/05/2015,"Domingo",0,,,"0.0",2,"Moto/Ciclomotor,Automóvil","Misiones Y Independencia",2,1,0,0,1,0,0,,"Calle",,"VILLA CONSTITUCIÓN","Constitución","Asfalto","Pavimento","VI","Dentro","Urbana","Ninguna","No existe","Intersección","Bueno","Buena","Diurna","Buen Tiempo","Lateral","S/D","Colisión","Ninguna","Faltante","Ninguna","Sin restricción"
2015,4275,18/05/2015,"Lunes",0,20:00:00,,"0.0",2,"Moto/Ciclomotor,Automóvil","Mendoza Y Bv. Oroño",2,1,0,0,1,0,0,,"Avenida",,"ROSARIO","Rosario","Asfalto","S/D","II","Dentro","Urbana","Ninguna","No existe","Recta","Bueno","Buena","Nocturna,Con luz artificial","Buen Tiempo","De alcance","S/D","Colisión","S/D","Faltante","Cordón divisorio","Sin restricción"
2015,4276,04/07/2015,"Sabado",0,21:30:00,,"0.0",2,"Moto/Ciclomotor,Moto/Ciclomotor","Avenida Nuestra Señora del Luj Y Maletti",3,3,0,0,0,0,0,,"Calle",,"SANTO TOMÉ","La Capital","Asfalto","No existe","I","S/D","Urbana","Ninguna","No existe","Intersección","Bueno","Reducida","Nocturna","Buen Tiempo","Lateral","S/D","Colisión","S/D","Faltante","Ninguna","Sin restricción"
2015,4277,03/07/2015,"Viernes",0,17:20:00,,"0.0",2,"Moto/Ciclomotor,Peatón","Pres Domingo Faustino Sarmient Y Martin de Pueyrredon",2,1,0,0,1,0,0,"-31.657361111111,-60.788388888889","Calle",,"SANTO TOMÉ","La Capital","S/D","No existe","I","S/D","Urbana","Ninguna","No existe","Intersección","Bueno","Buena","Diurna","Buen Tiempo","S/D","S/D","Atropello","Ninguna","Faltante","Ninguna","Sin restricción"
2015,4278,22/05/2015,"Viernes",0,12:00:00,,"0.0",2,"Moto/Ciclomotor,Automóvil","Pueyrredon Y Laprida",2,1,0,0,1,0,0,,"Calle",,"PAVÓN ARRIBA","Constitución","Asfalto","No existe","VI","Dentro","Urbana","Ninguna","No existe","Intersección","Bueno","Buena","Diurna","Buen Tiempo","Lateral","S/D","Colisión","S/D","Faltante","Ninguna","Sin restricción"
2015,4279,19/07/2015,"Domingo",0,20:15:00,,"0.0",2,"Automóvil,Moto/Ciclomotor","Grl Juan Lavalle Y Monteagudo",3,2,0,0,1,0,0,,"Calle",,"SANTO TOMÉ","La Capital","Tierra","No existe","I","S/D","Urbana","Ninguna","No existe","Intersección","Bueno","Reducida","Nocturna","Buen Tiempo","Lateral","S/D","Colisión","S/D","Faltante","Ninguna","Sin restricción"
2015,4280,13/03/2015,"Viernes",0,08:20:00,,"0.0",2,"Otros,Otros","Libertad Y Boulevard Solis",2,1,0,0,1,0,0,,"Avenida",,"FIRMAT","General López","Asfalto","Pavimento","VIII","Dentro","Urbana","S/D","No existe","Intersección","Bueno","Buena","Diurna","Buen Tiempo","Lateral","S/D","Colisión","S/D","S/D","S/D","Sin restricción"
2015,4281,02/07/2015,"Jueves",0,20:20:00,,"0.0",2,"Moto/Ciclomotor,Moto/Ciclomotor","Pres Domingo Faustino Sarmient Y Dalmacio Velez Sarfield",3,2,0,0,1,0,0,,"Calle",,"SANTO TOMÉ","La Capital","Asfalto","No existe","I","S/D","Urbana","Ninguna","No existe","Intersección","Bueno","Buena","Nocturna","Buen Tiempo","Lateral","S/D","Colisión","Ninguna","Faltante","Ninguna","Sin restricción"
2015,4282,24/07/2015,"Viernes",0,20:25:00,,"0.0",2,"Bicicleta,Vehículo Oficial","J P Lopez Y Pje Gaboto",2,1,0,0,1,0,0,"-31.603416666667,-60.717305555556","Calle",,"SANTA FE","La Capital","Asfalto","Natural","I","Dentro","Urbana","Ninguna","No existe","Intersección","Deteriorada","Reducida","Nocturna,Con luz artificial","Buen Tiempo","S/D","S/D","Atropello","Material Suelto","Faltante","Ninguna","Sin restricción"
2015,4283,02/07/2015,"Jueves",0,20:30:00,,"509.5",2,"Moto/Ciclomotor,Peatón","1ro de Mayo S/N",2,1,0,0,1,0,0,,"Calle",,"NELSON","La Capital","Tierra","Natural","I","S/D","Urbana","Ninguna","S/D","Recta","Bueno","Buena","Nocturna,Con luz artificial","Buen Tiempo","S/D","S/D","Atropello","Ninguna","Faltante","Ninguna","Sin restricción"
2015,4284,28/07/2015,"Martes",0,19:10:00,,"0.0",2,"Moto/Ciclomotor,Moto/Ciclomotor","Pasaje Almte Guillermo Brown Y Cordoba",2,2,0,0,0,0,0,,"Calle",,"SANTO TOMÉ","La Capital","Asfalto","S/D","I","S/D","Urbana","Ninguna","No existe","Intersección","S/D","Buena","Atardecer","Buen Tiempo","De alcance","S/D","Colisión","S/D","Faltante","Ninguna","Sin restricción"
2015,4285,01/07/2015,"Miercoles",0,18:50:00,,"0.0",2,"Moto/Ciclomotor,Pickup/Utilitario","Huergo Y Avellaneda",2,1,0,0,1,0,0,,"Calle",,"SANTA FE","La Capital","Asfalto","No existe","I","S/D","Urbana","S/D","No existe","Intersección","Bueno","Reducida","Atardecer","Buen Tiempo","Lateral","S/D","Colisión","Ninguna","S/D","Ninguna","Sin restricción"
2015,4286,27/07/2015,"Lunes",0,19:15:00,"Ruta Nacional 11","0.0",2,"Automóvil,Moto/Ciclomotor","Saavdra ",3,2,0,0,1,0,0,,"Ruta",11,"RECREO","La Capital","Asfalto","Ripio","I","Dentro","Urbana","Ninguna","No existe","Intersección","Bueno","Buena","Atardecer","Buen Tiempo","Lateral","S/D","Colisión","Ninguna","Horizontal","Línea divisoria pintada","Sin restricción"
2015,4287,11/07/2015,"Sabado",0,14:10:00,"Ruta Nacional 11","479.0",2,"Pickup/Utilitario,Moto/Ciclomotor"," ",3,1,1,0,1,0,0,,"Ruta",11,"RECREO","La Capital","Asfalto","Ripio","I","Dentro","Urbana","Ninguna","No existe","Recta","Bueno","Buena","Diurna","Buen Tiempo","Lateral","S/D","Colisión","Ninguna","Horizontal","Línea divisoria pintada","Sin restricción"
2015,4288,20/07/2015,"Lunes",0,20:00:00,,"0.0",2,"Moto/Ciclomotor,Automóvil","Guemes Y J P Lopez",2,1,0,0,1,0,0,,"Calle",,"SANTA FE","La Capital","Asfalto","No existe","I","S/D","Urbana","Ninguna","No existe","Intersección","Bueno","Buena","Nocturna","Buen Tiempo","Lateral","S/D","Colisión","Ninguna","S/D","Ninguna","Sin restricción"
2015,4289,02/07/2015,"Jueves",0,19:20:00,,"0.0",1,"Bicicleta","Estanislao Zeballos 4453",1,1,0,0,0,0,0,"-31.600222222222,-60.718527777778","Calle",,"SANTA FE","La Capital","Hormigón","Pavimento","I","Dentro","Urbana","S/D","No existe","Recta","Resbaladiza","Buena","Nocturna,Con luz artificial","Buen Tiempo","S/D","S/D","Caída ocupante","Agua,Fluidos","Vertical","Ninguna","Sin restricción"
2015,4290,10/07/2015,"Viernes",0,12:00:00,,"0.0",1,"Pickup/Utilitario","Av Pte Peron 4000",1,1,0,0,0,0,0,,"Calle",,"SANTA FE","La Capital","Asfalto","Pavimento","I","Dentro","Urbana","Semáforo","Funciona","Recta","Bueno","Buena","Diurna","Buen Tiempo","Contra objeto fijo","S/D","Colisión","S/D","Vertical","Ninguna","Sin restricción"
2015,4292,06/07/2015,"Lunes",0,07:30:00,,"0.0",2,"Pickup/Utilitario,Bicicleta","Sebastian Gaboto Y Iturraspe",2,0,0,0,0,0,2,"-31.625361111111,-60.721305555556","Calle",,"SANTA FE","La Capital","Tierra","No existe","I","Dentro","Urbana","Ninguna","No existe","Intersección","Ahuellamiento","Buena","Diurna","Buen Tiempo","Lateral","S/D","Atropello","S/D","Faltante","Ninguna","Sin restricción"
2015,4293,19/07/2015,"Domingo",0,23:00:00,,"0.0",2,"Automóvil,Bicicleta","Gdor Freyre Y Pedro de Vega",2,0,0,0,0,0,2,"-31.608388888889,-60.707805555556","Calle",,"SANTA FE","La Capital","S/D","S/D","I","Dentro","Urbana","S/D","S/D","S/D","S/D","S/D","Nocturna","S/D","S/D","S/D","Atropello","S/D","S/D","S/D","S/D"
2015,4294,17/01/2015,"Sabado",0,13:50:00,,"0.0",1,"Moto/Ciclomotor","Los Alelies Y Federico Luchetti",1,1,0,0,0,0,0,,"Calle",,"RAFAELA","Castellanos","Asfalto","No existe","V","S/D","Urbana","Ninguna","No existe","Curva","Bueno","Buena","Diurna","Buen Tiempo","Atropello animal","S/D","Atropello","Ninguna","Faltante","Ninguna","S/D"
2015,4295,22/07/2015,"Miercoles",0,16:00:00,,"0.0",2,"Moto/Ciclomotor,Automóvil","Av Peñaloza Y Estanislao Zeballos",2,1,0,0,1,0,0,,"Avenida",,"SANTA FE","La Capital","Hormigón","Pavimento","I","Dentro","Urbana","Semáforo","Funciona","Intersección","Bueno","Buena","Diurna","Buen Tiempo","Lateral","S/D","Colisión","S/D","Horizontal","Cordón divisorio","Sin restricción"
2015,4296,17/07/2015,"Viernes",0,17:00:00,,"0.0",2,"Moto/Ciclomotor,Automóvil","Pedro de Vega Y Gdor Freyre",2,0,0,0,0,0,2,,"Calle",,"SANTA FE","La Capital","S/D","S/D","I","Dentro","Urbana","S/D","S/D","S/D","S/D","S/D","Diurna","S/D","S/D","S/D","S/D","S/D","S/D","S/D","S/D"
2015,4297,06/07/2015,"Lunes",0,20:25:00,,"0.0",2,"Taxi/Remis,Moto/Ciclomotor","Av Gral Paz Y J M Zuviria",2,1,0,0,1,0,0,,"Avenida",,"SANTA FE","La Capital","Asfalto","No existe","I","S/D","Urbana","Ninguna","No existe","Intersección","Bueno","Reducida","Nocturna","Buen Tiempo","Lateral","S/D","Colisión","Ninguna","S/D","Ninguna","Sin restricción"
2015,4298,10/07/2015,"Viernes",0,11:00:00,,"0.0",2,"Automóvil,Moto/Ciclomotor","J Castelli Y Gdor Freyre",2,0,0,0,0,0,2,,"Calle",,"SANTA FE","La Capital","S/D","S/D","I","Dentro","Urbana","S/D","S/D","S/D","S/D","S/D","Diurna","S/D","S/D","S/D","S/D","S/D","S/D","S/D","S/D"
2015,4299,22/07/2015,"Miercoles",0,03:00:00,,"0.0",2,"Moto/Ciclomotor,Automóvil","Chiclana Y Alberti",2,1,0,0,1,0,0,,"Calle",,"SANTA FE","La Capital","Tierra","Natural","I","Dentro","Urbana","Ninguna","No existe","Intersección","Ahuellamiento","Reducida","Nocturna,Con luz artificial","Buen Tiempo","Lateral","S/D","Colisión","Material Suelto","Faltante","Ninguna","Sin restricción"
2015,4301,30/05/2015,"Sabado",0,11:05:00,,"0.0",2,"Automóvil,Moto/Ciclomotor","Garay Y Alberdi",3,2,0,0,0,0,1,,"Calle",,"CORONDA","San Jerónimo","Asfalto","S/D","XV","S/D","Urbana","Ninguna","No existe","Intersección","Bueno","Buena","Nocturna","Buen Tiempo","Lateral","S/D","Colisión","S/D","S/D","S/D","Sin restricción"
2015,4302,12/07/2015,"Domingo",0,,,"0.0",2,"Moto/Ciclomotor,Automóvil","Av Peñaloza Y Alberti",2,1,0,0,0,0,1,,"Calle",,"SANTA FE","La Capital","S/D","S/D","I","Dentro","Urbana","S/D","S/D","S/D","S/D","S/D","S/D","S/D","S/D","S/D","S/D","S/D","S/D","S/D","S/D"
2015,4303,06/07/2015,"Lunes",0,21:10:00,,"0.0",2,"Moto/Ciclomotor,Automóvil","Av A del Valle Y J Castelli",2,1,0,0,1,0,0,,"Avenida",,"SANTA FE","La Capital","Asfalto","No existe","I","S/D","Urbana","Ninguna","No existe","Intersección","Bueno","Reducida","Nocturna","Buen Tiempo","Lateral","S/D","Colisión","S/D","S/D","Ninguna","Sin restricción"
2015,4304,13/07/2015,"Lunes",0,11:30:00,,"0.0",2,"Moto/Ciclomotor,Automóvil","San Juan Y J P Lopez",4,2,0,0,0,0,2,,"Calle",,"SANTA FE","La Capital","S/D","S/D","I","Dentro","Urbana","S/D","S/D","S/D","S/D","S/D","S/D","S/D","S/D","S/D","S/D","S/D","S/D","S/D","S/D"
2015,4305,20/07/2015,"Lunes",0,12:00:00,,"0.0",2,"Moto/Ciclomotor,Pickup/Utilitario","Castañaduy Y J Castelli",3,2,0,0,1,0,0,,"Calle",,"SANTA FE","La Capital","Hormigón","Natural","I","Dentro","Urbana","Ninguna","No existe","Intersección","Deteriorada","Buena","Diurna","Buen Tiempo","Lateral","S/D","Colisión","Material Suelto","Faltante","Ninguna","Sin restricción"
2015,4306,09/07/2015,"Jueves",0,16:50:00,,"0.0",2,"Moto/Ciclomotor,Pickup/Utilitario","Av Gral Paz Y Luciano Torrent",2,1,0,0,1,0,0,,"Avenida",,"SANTA FE","La Capital","Asfalto","No existe","I","S/D","Urbana","Ninguna","No existe","Intersección","Bueno","Buena","Diurna","Buen Tiempo","Lateral","S/D","Colisión","Ninguna","S/D","Ninguna","Sin restricción"
2015,4307,09/07/2015,"Jueves",0,18:25:00,,"0.0",2,"Moto/Ciclomotor,Pickup/Utilitario","A Godoy Y Pedro de Vega",2,1,0,0,1,0,0,,"Calle",,"SANTA FE","La Capital","Asfalto","No existe","I","S/D","Urbana","Ninguna","S/D","Intersección","Bueno","Reducida","Diurna","Buen Tiempo","Lateral","S/D","Colisión","Ninguna","S/D","Ninguna","Sin restricción"
2015,4308,29/05/2015,"Viernes",0,12:50:00,,"0.0",2,"Automóvil,Moto/Ciclomotor","Ituzaingo 1200",2,1,0,0,0,0,1,,"Calle",,"SAN CRISTÓBAL","San Cristóbal","Asfalto","Pavimento","XIII","Dentro","Urbana","Ninguna","No existe","Recta","Bueno","Buena","Nocturna","Buen Tiempo","Lateral","S/D","Colisión","Ninguna","Faltante","Ninguna","Sin restricción"
2015,4309,20/07/2015,"Lunes",0,08:10:00,,"0.0",2,"Moto/Ciclomotor,Pickup/Utilitario","Juan Diaz de Solis Y Angel Cassanello",2,1,0,0,1,0,0,,"Calle",,"SANTA FE","La Capital","Asfalto","Natural","I","Dentro","Urbana","Ninguna","No existe","Intersección","Deteriorada","Buena","Diurna","Buen Tiempo","Lateral","S/D","Colisión","Material Suelto","Faltante","Ninguna","Sin restricción"
2015,4310,11/07/2015,"Sabado",0,,,"0.0",2,"Moto/Ciclomotor,Otros","Rivadavia Y J Castelli",2,1,0,0,1,0,0,,"Calle",,"SANTA FE","La Capital","S/D","S/D","I","S/D","Urbana","S/D","S/D","S/D","S/D","S/D","S/D","S/D","S/D","S/D","S/D","S/D","S/D","S/D","S/D"
2015,4311,17/07/2015,"Viernes",0,18:00:00,,"0.0",1,"Moto/Ciclomotor","Vieytes Y Juan Diaz de Solis",3,2,0,0,1,0,0,,"Calle",,"SANTA FE","La Capital","Asfalto","Natural","I","Dentro","Urbana","Ninguna","No existe","Intersección","Deteriorada","Reducida","Atardecer","Buen Tiempo","Lateral","S/D","Colisión","Material Suelto","Faltante","Ninguna","Sin restricción"