"anio_acci","nro_acci","fecha","desc_dia","fecha_aprox","hora_aprox","desc_ruta","km","cant_participantes","desc_participante","calle_avenida_km","total","heridos_leves","heridos_graves","heridos_gravisimos","ilesos","fallecidos","sin_datos","posicion_XY","desc_tipo_via","desc_ruta_ori","desc_loc","desc_dpto","desc_tipo_calzada","desc_tipo_banquina","desc_unidad_regional","desc_lugar_calzada","desc_zona","desc_prioridad","desc_estado_semaforo","desc_lugar_via","desc_estado_via","desc_estado_visibilidad","desc_luminosidad","desc_estado_clima","desc_tipo_colision","desc_tipo_atropello","desc_tipo_hecho","desc_pres_calzada","desc_senializacion","desc_separacion_via","desc_restriccion"
2015,4312,11/07/2015,"Sabado",0,21:15:00,,"0.0",2,"Moto/Ciclomotor,Taxi/Remis","J Castelli Y Las Heras",2,1,0,0,1,0,0,,"Calle",,"SANTA FE","La Capital","Asfalto","No existe","I","S/D","Urbana","Ninguna","No existe","Intersección","Bueno","Reducida","Nocturna","Buen Tiempo","Lateral","S/D","Colisión","Ninguna","S/D","Ninguna","Sin restricción"
2015,4313,11/03/2015,"Miercoles",0,01:15:00,"Autopista Nacional Gral. Juan Jose Valle","240.0",2,"Camión,Camión","Aut BsAs-Ros calzada ascendente ",2,0,0,0,1,1,0,"  -33.315831, -60.324454","Autopista","Gral. Juan Jose Valle","VILLA CONSTITUCIÓN","Constitución","Asfalto","Natural","VI","Dentro","Rural","Señal Pare","No existe","Intersección","Bueno","Reducida","Nocturna","Buen Tiempo","Lateral","S/D","Colisión","Ninguna","Faltante","Vegetación","Sin restricción"
2015,4314,02/07/2015,"Jueves",0,13:00:00,"Ruta Nacional 11","477.0",2,"Automóvil,Moto/Ciclomotor"," ",2,1,0,0,1,0,0,,"Ruta",11,"RECREO","La Capital","Asfalto","Ripio","I","Dentro","Urbana","Ninguna","No existe","Recta","Bueno","Buena","Diurna","Buen Tiempo","Lateral","S/D","Colisión","Ninguna","Horizontal","Línea divisoria pintada","Sin restricción"
2015,4315,16/07/2015,"Jueves",0,19:00:00,,"0.0",2,"Bicicleta,Automóvil","Av Peñaloza 7900",2,1,0,0,1,0,0,"-31.591361111111,-60.712027777778","Avenida",,"SANTA FE","La Capital","Asfalto","Pavimento","I","Dentro","Urbana","Ninguna","No existe","Recta","Bueno","Buena","Nocturna,Con luz artificial","Buen Tiempo","S/D","S/D","Atropello","Material Suelto","Faltante","Cordón divisorio","Sin restricción"
2015,4316,13/03/2015,"Viernes",0,23:30:00,,"0.0",2,"Moto/Ciclomotor,Moto/Ciclomotor","Italia Y Pte.Quintana",2,0,0,0,0,1,1,"-32.980777777778,-60.656944444444","Calle",,"ROSARIO","Rosario","Asfalto","No existe","II","Dentro","Urbana","Ninguna","No existe","Intersección","Bueno","Buena","Nocturna,Con luz artificial","Buen Tiempo","Lateral","S/D","Colisión","Ninguna","S/D","Ninguna","Sin restricción"
2015,4317,11/07/2015,"Sabado",0,21:15:00,,"0.0",2,"Peatón,Automóvil","Hernandarias 2300",2,1,0,0,1,0,0,"-31.608027777778,-60.691416666667","Calle",,"SANTA FE","La Capital","Asfalto","No existe","I","S/D","Urbana","Ninguna","No existe","Recta","Bueno","Reducida","Nocturna","Buen Tiempo","S/D","S/D","Atropello","Ninguna","S/D","Ninguna","Sin restricción"
2015,4318,15/04/2015,"Miercoles",0,12:30:00,,"0.0",2,"Otros,Otros","Mendoza Y Gral. Jose de San Martin",2,1,0,0,0,0,1,,"Calle",,"FIRMAT","General López","Asfalto","Pavimento","VIII","S/D","Urbana","Ninguna","No existe","Cruce","Bueno","Buena","Diurna","S/D","Lateral","S/D","Colisión","Ninguna","S/D","Cordón divisorio","S/D"
2015,4319,15/07/2015,"Miercoles",0,13:30:00,,"0.0",2,"Moto/Ciclomotor,Automóvil","Pje Calcena Y Laprida",3,2,0,0,1,0,0,,"Calle",,"SANTA FE","La Capital","Asfalto","No existe","I","S/D","Urbana","S/D","No existe","Intersección","Bueno","Buena","Diurna","S/D","Frontal","S/D","Colisión","Ninguna","S/D","S/D","Sin restricción"
2015,4320,28/05/2015,"Jueves",0,,"Ruta Nacional 177","0.0",2,"Automóvil,Pickup/Utilitario","RN177 Y DESVIO DE CAMIONES ",2,1,0,0,1,0,0,,"Ruta",177,"VILLA CONSTITUCIÓN","Constitución","S/D","S/D","VI","S/D","S/D","S/D","S/D","S/D","S/D","S/D","S/D","S/D","S/D","S/D","S/D","S/D","S/D","S/D","S/D"
2015,4321,23/07/2015,"Jueves",0,05:20:00,,"0.0",2,"Moto/Ciclomotor,Taxi/Remis","Pedro Alejandro Vittori Y Pedro Centeno",2,1,0,0,1,0,0,,"Calle",,"SANTA FE","La Capital","Hormigón","No existe","I","Dentro","Urbana","Semáforo","Intermitente","Intersección","Bueno","Buena","Nocturna,Con luz artificial","Buen Tiempo","S/D","S/D","Colisión","Ninguna","Vertical","Ninguna","Sin restricción"
2015,4322,21/07/2015,"Martes",0,11:00:00,,"0.0",2,"Peatón,Automóvil","Av Facundo Zuviria Y Iturraspe",2,1,0,0,1,0,0,"-31.628333333333,-60.704972222222","Calle",,"SANTA FE","La Capital","Hormigón","S/D","I","Dentro","Urbana","Semáforo","Funciona","Intersección","Bueno","Buena","Diurna","Buen Tiempo","S/D","S/D","Atropello","Ninguna","Vertical","Ninguna","Sin restricción"
2015,4323,20/07/2015,"Lunes",0,20:00:00,,"0.0",2,"Moto/Ciclomotor,Automóvil","Av A del Valle Y Regis Martinez",2,1,0,0,1,0,0,,"Avenida",,"SANTA FE","La Capital","Hormigón","No existe","I","Dentro","Urbana","Ninguna","No existe","Intersección","S/D","Buena","Nocturna,Con luz artificial","Buen Tiempo","S/D","S/D","Colisión","Ninguna","Faltante","Ninguna","Sin restricción"
2015,4324,17/07/2015,"Viernes",0,21:00:00,,"0.0",2,"Moto/Ciclomotor,Automóvil","Av A del Valle Y Agustin Delgado",2,1,0,0,1,0,0,,"Avenida",,"SANTA FE","La Capital","Hormigón","No existe","I","Dentro","Urbana","Ninguna","No existe","Recta","S/D","Buena","Nocturna,Con luz artificial","Buen Tiempo","S/D","S/D","Colisión","Agua","Faltante","Ninguna","Reparación de Vía"
2015,4325,16/07/2015,"Jueves",0,17:45:00,,"0.0",2,"Moto/Ciclomotor,Automóvil","San Jeronimo Y Cordoba",2,1,0,0,1,0,0,,"Calle",,"SANTA FE","La Capital","Hormigón","No existe","I","Dentro","Urbana","Ninguna","No existe","Intersección","Bueno","Buena","Atardecer,Con luz artificial","Buen Tiempo","Lateral","S/D","Colisión","Ninguna","Faltante","Ninguna","Sin restricción"
2015,4326,07/05/2015,"Jueves",0,,,"0.0",2,"Moto/Ciclomotor,Moto/Ciclomotor","Saavedra Y Santiago del Estero",2,1,0,0,1,0,0,,"Calle",,"VILLA CONSTITUCIÓN","Constitución","S/D","S/D","VI","Dentro","S/D","S/D","S/D","S/D","S/D","S/D","S/D","S/D","Frontal","S/D","Colisión","S/D","S/D","S/D","S/D"
2015,4327,28/05/2015,"Jueves",0,,,"0.0",2,"Moto/Ciclomotor,Automóvil","Berutti 2349",2,1,0,0,1,0,0,,"Calle",,"VILLA CONSTITUCIÓN","Constitución","S/D","S/D","VI","Dentro","S/D","S/D","S/D","Recta","S/D","S/D","S/D","S/D","S/D","S/D","S/D","S/D","S/D","S/D","S/D"
2015,4328,09/07/2015,"Jueves",0,13:45:00,,"0.0",2,"Bicicleta,Moto/Ciclomotor","Av Freyre Y Tucuman",2,1,0,0,1,0,0,"-31.644,-60.718166666667","Avenida",,"SANTA FE","La Capital","Asfalto","S/D","I","S/D","Urbana","S/D","S/D","Intersección","S/D","S/D","Diurna","S/D","S/D","S/D","Colisión,Atropello","S/D","S/D","S/D","S/D"
2015,4329,02/05/2015,"Sabado",0,00:00:00,,"0.0",2,"Moto/Ciclomotor,Automóvil","Rio Negro Y Simon Bolivar",2,1,0,0,0,0,1,,"Calle",,"VILLA CONSTITUCIÓN","Constitución","Asfalto","S/D","VI","Dentro","Urbana","S/D","S/D","Intersección","Bueno","Buena","S/D","S/D","Frontal","S/D","Colisión","S/D","S/D","S/D","S/D"
2015,4330,11/07/2015,"Sabado",0,19:00:00,"Ruta Provincial 1","4.5",2,"Moto/Ciclomotor,Otros"," ",3,2,0,0,0,0,1,,"Ruta",1,"COLASTINE","La Capital","Asfalto","Ripio","I","Dentro","Urbana","Semáforo","Intermitente","Recta","Bueno","Buena","Nocturna,Con luz artificial","Buen Tiempo","De alcance","S/D","Colisión","S/D","S/D","Ninguna","Sin restricción"
2015,4331,08/07/2015,"Miercoles",0,19:20:00,,"0.0",2,"Bicicleta,Automóvil","Av Mosconi 2200",2,1,0,0,1,0,0,"-31.645916666667,-60.729277777778","Calle",,"SANTA FE","La Capital","Asfalto","S/D","I","S/D","Urbana","S/D","S/D","Recta","S/D","S/D","Diurna","S/D","S/D","S/D","Atropello","S/D","S/D","S/D","S/D"
2015,4332,11/07/2015,"Sabado",0,16:15:00,"Ruta Provincial 1","1.8",2,"Automóvil,Automóvil"," ",3,2,0,0,0,0,1,,"Ruta",1,"COLASTINE","La Capital","Asfalto","Pavimento","I","Dentro","Urbana","Semáforo","S/D","Recta","Bueno","Buena","Diurna","Buen Tiempo","De alcance","S/D","Colisión","S/D","S/D","S/D","Sin restricción"
2015,4333,07/07/2015,"Martes",0,17:50:00,,"0.0",2,"Automóvil,Automóvil","Bv Pellegrini Y Francia",2,1,0,0,1,0,0,,"Avenida",,"SANTA FE","La Capital","Asfalto","S/D","I","S/D","Urbana","S/D","S/D","Intersección","S/D","S/D","Diurna","S/D","S/D","S/D","Colisión","S/D","S/D","S/D","S/D"
2015,4334,04/07/2015,"Sabado",0,13:45:00,,"0.0",2,"Moto/Ciclomotor,Pickup/Utilitario","San Lorenzo Y Hipolito Yrigoyen",2,1,0,0,1,0,0,,"Calle",,"SANTA FE","La Capital","S/D","S/D","I","S/D","Urbana","S/D","S/D","Intersección","S/D","S/D","Diurna","S/D","S/D","S/D","Colisión","S/D","S/D","S/D","S/D"
2015,4335,06/07/2015,"Lunes",0,20:30:00,,"0.0",2,"Moto/Ciclomotor,Automóvil","Pje Publico 8100",2,1,0,0,1,0,0,,"Calle",,"SANTA FE","La Capital","Ripio","Pavimento","I","Dentro","Urbana","Ninguna","No existe","Recta","Con baches","Reducida","Con luz artificial","Buen Tiempo","Lateral","S/D","Colisión","S/D","Faltante","Ninguna","Sin restricción"
2015,4336,07/07/2015,"Martes",0,19:50:00,"Ruta Provincial 1","3.0",2,"Otros,Otros"," ",3,2,0,0,0,0,1,,"Ruta",1,"COLASTINE","La Capital","Asfalto","Ripio","I","Dentro","Urbana","Ninguna","No existe","Recta","Bueno","Buena","Nocturna,Con luz artificial","Buen Tiempo","De alcance","S/D","Colisión","S/D","S/D","S/D","Sin restricción"
2015,4337,20/07/2015,"Lunes",0,02:30:00,,"0.0",2,"Automóvil,Moto/Ciclomotor","SAN MARTIN Y CONSTITUYENTES",3,2,0,0,1,0,0,,"Calle",,"RINCÓN POTRERO","La Capital","Asfalto","No existe","I","Dentro","Urbana","Ninguna","No existe","Intersección","Resbaladiza","Reducida","Nocturna","Buen Tiempo","Lateral","S/D","Colisión","Material Suelto","Faltante","Ninguna","Sin restricción"
2015,4338,20/07/2015,"Lunes",0,09:30:00,,"0.0",2,"Moto/Ciclomotor,Transporte de Pasajeros Urbano (> 8 asientos)","Gregorio Gamboa Y Ludovico Pagani",3,1,1,0,1,0,0,,"Calle",,"SAN JOSÉ DEL RINCÓN","La Capital","Asfalto","No existe","I","Dentro","Urbana","Ninguna","No existe","Intersección","Bueno","Buena","Diurna","Buen Tiempo","Lateral","S/D","Colisión","S/D","S/D","Ninguna","Sin restricción"
2015,4339,06/07/2015,"Lunes",0,13:50:00,,"0.0",2,"Moto/Ciclomotor,Automóvil","Av Blas Parera Y Vieytes",2,1,0,0,1,0,0,,"Avenida",,"SANTA FE","La Capital","Hormigón","Pavimento","I","Dentro","Urbana","Semáforo","Funciona","Intersección","Bueno","Buena","Diurna","Buen Tiempo","Lateral","S/D","Colisión","S/D","Horizontal,Vertical","Cordón divisorio","Sin restricción"
2015,4340,01/07/2015,"Miercoles",0,17:00:00,"Ruta Provincial 1","1.0",2,"Moto/Ciclomotor,Otros"," ",2,1,0,0,0,0,1,,"Ruta",1,"COLASTINE","La Capital","Asfalto","Ripio","I","Dentro","Urbana","Ninguna","No existe","Recta","Bueno","Buena","Diurna","Buen Tiempo","De alcance","S/D","Colisión","S/D","S/D","S/D","Sin restricción"
2015,4341,04/07/2015,"Sabado",0,13:15:00,,"0.0",2,"Automóvil,Moto/Ciclomotor","Calle 2 Y Antiguo camino a Santa Rosa",5,3,0,0,2,0,0,,"Calle",,"ARROYO LEYES","La Capital","Arena","Natural","I","Dentro","Urbana","S/D","No existe","Intersección","Bueno","Buena","Diurna","Buen Tiempo","S/D","S/D","Colisión","S/D","Faltante","Vegetación","Sin restricción"
2015,4342,03/07/2015,"Viernes",0,17:30:00,,"0.0",2,"Moto/Ciclomotor,Automóvil","Av Freyre Y Tucuman",2,1,0,0,1,0,0,,"Avenida",,"SANTA FE","La Capital","S/D","S/D","I","S/D","Urbana","S/D","S/D","Intersección","S/D","S/D","Diurna","S/D","S/D","S/D","Colisión","S/D","S/D","S/D","S/D"
2015,4343,03/07/2015,"Viernes",0,12:30:00,,"0.0",2,"Moto/Ciclomotor,Pickup/Utilitario","Av Freyre Y Tucuman",2,1,0,0,1,0,0,,"Avenida",,"SANTA FE","La Capital","Asfalto","S/D","I","S/D","Urbana","S/D","S/D","Intersección","S/D","S/D","Diurna","S/D","S/D","S/D","Colisión","S/D","S/D","S/D","S/D"
2015,4344,03/07/2015,"Viernes",0,11:30:00,,"0.0",2,"Moto/Ciclomotor,Automóvil","Eva Peron Y Candido Pujato",2,1,0,0,1,0,0,,"Avenida",,"SANTA FE","La Capital","Asfalto","S/D","I","S/D","Urbana","S/D","S/D","Intersección","S/D","S/D","Diurna","S/D","S/D","S/D","Colisión","S/D","S/D","S/D","S/D"
2015,4345,28/07/2015,"Martes",0,18:45:00,,"0.0",2,"Moto/Ciclomotor,Automóvil","Av Blas Parera Y Larrea",3,2,0,0,1,0,0,,"Avenida",,"SANTA FE","La Capital","Hormigón","Pavimento","I","Dentro","Urbana","Semáforo","Funciona","Intersección","Bueno","Buena","Amanecer","Buen Tiempo","Lateral","S/D","Colisión","S/D","Horizontal,Vertical","Cordón divisorio","Sin restricción"
2015,4346,28/07/2015,"Martes",0,18:40:00,,"0.0",2,"Moto/Ciclomotor,Pickup/Utilitario","Av Blas Parera Y Estanislao Zeballos",3,2,0,0,1,0,0,,"Avenida",,"SANTA FE","La Capital","Hormigón","Pavimento","I","Dentro","Urbana","Semáforo","Funciona","Intersección","Bueno","Buena","Atardecer,Con luz artificial","Buen Tiempo","Lateral","S/D","Colisión","S/D","Horizontal,Vertical","Cordón divisorio","Sin restricción"
2015,4347,20/07/2015,"Lunes",0,19:30:00,,"0.0",2,"Moto/Ciclomotor,Automóvil","Gorriti Y Av Blas Parera",2,1,0,0,1,0,0,,"Avenida",,"SANTA FE","La Capital","Asfalto","No existe","I","S/D","Urbana","Semáforo","Funciona","Intersección","Bueno","Buena","Atardecer","Buen Tiempo","De alcance","S/D","Colisión","Ninguna","Faltante","Ninguna","Sin restricción"
2015,4348,08/07/2015,"Miercoles",0,08:00:00,,"0.0",2,"Moto/Ciclomotor,Pickup/Utilitario","Cafferata Y Beruti",2,1,0,0,1,0,0,,"Calle",,"SANTA FE","La Capital","Asfalto","No existe","I","S/D","Urbana","Ninguna","No existe","Intersección","Bueno","Buena","Diurna","Buen Tiempo","De alcance","S/D","Colisión","Ninguna","Faltante","Ninguna","Sin restricción"
2015,4349,02/07/2015,"Jueves",0,20:50:00,,"0.0",2,"Automóvil,Moto/Ciclomotor","Callejon Mendez 6100",2,1,0,0,1,0,0,,"Calle",,"SANTA FE","La Capital","Asfalto","No existe","I","S/D","Urbana","Ninguna","No existe","Recta","Bueno","Buena","Nocturna","Buen Tiempo","De alcance","S/D","Colisión","Ninguna","Faltante","Ninguna","Sin restricción"
2015,4350,11/07/2015,"Sabado",0,18:15:00,,"0.0",2,"Moto/Ciclomotor,Taxi/Remis","Martin Zapata 3400",2,0,0,0,0,0,2,,"Calle",,"SANTA FE","La Capital","S/D","S/D","I","S/D","S/D","S/D","S/D","S/D","S/D","S/D","S/D","S/D","S/D","S/D","S/D","S/D","S/D","S/D","S/D"
2015,4351,05/07/2015,"Domingo",0,19:00:00,,"0.0",2,"Moto/Ciclomotor,Automóvil","Lavalle 3100",2,0,0,0,0,0,2,,"Calle",,"SANTA FE","La Capital","S/D","S/D","I","S/D","S/D","S/D","S/D","S/D","S/D","S/D","S/D","S/D","S/D","S/D","S/D","S/D","S/D","S/D","S/D"
2015,4352,11/07/2015,"Sabado",0,18:40:00,,"0.0",2,"Automóvil,Automóvil","Angel Cassanello Y Saavedra",4,2,0,0,1,0,1,,"Calle",,"SANTA FE","La Capital","S/D","S/D","I","Dentro","Urbana","S/D","S/D","S/D","S/D","S/D","Diurna","S/D","S/D","S/D","S/D","S/D","S/D","S/D","S/D"
2015,4353,08/07/2015,"Miercoles",0,19:00:00,,"0.0",3,"Moto/Ciclomotor,Automóvil,Moto/Ciclomotor","Chiclana Y Larrea",4,2,0,0,2,0,0,,"Calle",,"SANTA FE","La Capital","Asfalto","Natural","I","Dentro","Urbana","Ninguna","No existe","Intersección","Resbaladiza","Reducida","Atardecer,Con luz artificial","Buen Tiempo","Múltiple","S/D","Colisión","Material Suelto","Vertical","Ninguna","Sin restricción"
2015,4354,06/07/2015,"Lunes",0,06:30:00,,"0.0",2,"Moto/Ciclomotor,Automóvil"," ",2,1,0,0,1,0,0,,"Avenida",,"SANTA FE","La Capital","Hormigón","Pavimento","I","Dentro","Urbana","Ninguna","No existe","Intersección","Bueno","Reducida","Amanecer","Niebla","Lateral","S/D","Colisión","S/D","Faltante","Cordón divisorio","Sin restricción"
2015,4355,22/07/2015,"Miercoles",0,19:10:00,,"0.0",2,"Moto/Ciclomotor,Automóvil","Av Freyre Y La Rioja",2,1,0,0,1,0,0,,"Avenida",,"SANTA FE","La Capital","S/D","S/D","I","S/D","Urbana","S/D","S/D","Intersección","S/D","S/D","Nocturna","S/D","S/D","S/D","S/D","S/D","S/D","S/D","S/D"
2015,4356,08/07/2015,"Miercoles",0,22:20:00,"Ruta Nacional 11","509.0",2,"Camión,Otros"," ",3,0,2,0,0,0,1,,"Ruta",11,"NELSON","La Capital","Asfalto","S/D","I","Dentro","Urbana","S/D","No existe","Recta","Bueno","S/D","S/D","Buen Tiempo","S/D","S/D","Colisión","S/D","S/D","S/D","S/D"
2015,4357,27/07/2015,"Lunes",0,18:30:00,,"0.0",2,"Moto/Ciclomotor,Pickup/Utilitario","Espora Y San Jeronimo",3,2,0,0,1,0,0,,"Calle",,"SANTA FE","La Capital","Asfalto","No existe","I","Dentro","Urbana","Ninguna","No existe","Intersección","Bueno,Con baches","Buena","Atardecer,Con luz artificial","Buen Tiempo","Lateral","S/D","Colisión","Ninguna","Faltante","Ninguna","Sin restricción"
2015,4358,10/07/2015,"Viernes",0,16:10:00,,"0.0",2,"Moto/Ciclomotor,Automóvil","Gdor Freyre Y J P Lopez",2,1,0,0,0,0,1,,"Calle",,"SANTA FE","La Capital","S/D","S/D","I","S/D","S/D","S/D","S/D","S/D","S/D","S/D","S/D","S/D","S/D","S/D","S/D","S/D","S/D","S/D","S/D"
2015,4359,04/07/2015,"Sabado",0,07:10:00,,"0.0",2,"Automóvil,Camión","J M Zuviria Y Pedro de Vega",2,0,0,0,0,0,2,,"Calle",,"SANTA FE","La Capital","S/D","S/D","I","Dentro","Urbana","S/D","S/D","S/D","S/D","S/D","Diurna","S/D","S/D","S/D","S/D","S/D","S/D","S/D","S/D"
2015,4360,13/07/2015,"Lunes",0,12:00:00,,"0.0",2,"Peatón,Automóvil","De La Salle 5400",2,1,0,0,1,0,0,"-31.563861111111,-60.719916666667","Calle",,"SANTA FE","La Capital","Tierra","No existe","I","S/D","S/D","Ninguna","No existe","Recta","Deteriorada","Buena","Diurna","Buen Tiempo","S/D","S/D","Atropello","S/D","Faltante","S/D","S/D"
2015,4361,21/07/2015,"Martes",0,20:00:00,,"0.0",2,"Moto/Ciclomotor,Automóvil","Av Freyre 2900",2,1,0,0,1,0,0,,"Avenida",,"SANTA FE","La Capital","Asfalto","S/D","I","S/D","Urbana","S/D","S/D","Recta","S/D","S/D","Nocturna","S/D","S/D","S/D","Colisión","S/D","S/D","S/D","S/D"
2015,4362,04/07/2015,"Sabado",0,21:00:00,,"0.0",2,"Peatón,Automóvil","Vieytes Y Bernardo de Irigoyen",2,1,0,0,1,0,0,"-31.596361111111,-60.725777777778","S/D",,"SANTA FE","La Capital","Asfalto,Tierra","Natural","I","S/D","Urbana","Ninguna","No existe","Intersección","Resbaladiza","Reducida","Nocturna","Buen Tiempo","S/D","S/D","Atropello","Material Suelto","Vertical","Ninguna","Sin restricción"
2015,4363,21/07/2015,"Martes",0,12:15:00,,"0.0",2,"Moto/Ciclomotor,Automóvil","Av Freyre Y Tucuman",2,1,0,0,1,0,0,,"Avenida",,"SANTA FE","La Capital","Asfalto","S/D","I","S/D","Urbana","S/D","S/D","Intersección","S/D","S/D","Diurna","S/D","S/D","S/D","Colisión","S/D","S/D","S/D","S/D"
2015,4364,11/07/2015,"Sabado",0,19:00:00,,"0.0",2,"Moto/Ciclomotor,Otros"," ",2,1,0,0,0,0,1,,"Calle",,"SANTA FE","La Capital","Asfalto,Tierra","S/D","I","Dentro","Urbana","S/D","No existe","Intersección","S/D","Buena","Con luz artificial","Buen Tiempo","Lateral","S/D","Colisión","Otro","Faltante","Ninguna","Sin restricción"
2015,4365,02/07/2015,"Jueves",0,21:00:00,,"0.0",2,"Moto/Ciclomotor,Automóvil","Gorriti ",2,1,0,0,1,0,0,,"Avenida",,"SANTA FE","La Capital","Hormigón","Pavimento","I","Dentro","Urbana","Ninguna","No existe","Intersección","Bueno","Buena","Nocturna,Con luz artificial","Buen Tiempo","Lateral","S/D","Colisión","S/D","Vertical","Cordón divisorio","Sin restricción"
2015,4366,02/07/2015,"Jueves",0,22:10:00,,"0.0",2,"Automóvil,Automóvil","Primera Junta Y Juan Diaz de Solis",2,1,0,0,1,0,0,,"Calle",,"SANTA FE","La Capital","Asfalto","S/D","I","S/D","Urbana","S/D","S/D","Intersección","S/D","S/D","Nocturna","S/D","S/D","S/D","Colisión","S/D","S/D","S/D","S/D"
2015,4367,20/07/2015,"Lunes",0,17:30:00,,"0.0",2,"Moto/Ciclomotor,Automóvil","Bv Pellegrini 3500",3,2,0,0,1,0,0,,"Avenida",,"SANTA FE","La Capital","Asfalto","S/D","I","S/D","Urbana","S/D","S/D","Recta","S/D","S/D","Diurna","S/D","S/D","S/D","Colisión","S/D","S/D","S/D","S/D"
2015,4368,31/07/2015,"Viernes",0,17:10:00,,"0.0",2,"Moto/Ciclomotor,Automóvil","Francia Y Mariano Comas",2,0,1,0,1,0,0,,"Calle",,"SANTA FE","La Capital","Asfalto","S/D","I","S/D","Urbana","S/D","S/D","Intersección","S/D","S/D","Diurna","S/D","S/D","S/D","Colisión","S/D","S/D","S/D","S/D"
2015,4369,20/07/2015,"Lunes",0,21:30:00,,"0.0",2,"Moto/Ciclomotor,Automóvil","M De Polonia Y Pje Ingenieros",2,1,0,0,1,0,0,,"Calle",,"SANTA FE","La Capital","Asfalto","S/D","I","S/D","Urbana","S/D","S/D","Intersección","S/D","S/D","Nocturna","S/D","S/D","S/D","Colisión","S/D","S/D","S/D","S/D"
2015,4370,29/07/2015,"Miercoles",0,19:30:00,,"0.0",2,"Automóvil,Moto/Ciclomotor","Gorriti 5756",2,1,0,0,1,0,0,,"Calle",,"SANTA FE","La Capital","Ripio","No existe","I","S/D","Urbana","Ninguna","No existe","Recta","Bueno","Buena","Atardecer","Buen Tiempo","Frontal","S/D","Colisión","Ninguna","Faltante","Ninguna","Sin restricción"
2015,4371,09/05/2015,"Sabado",0,20:00:00,,"0.0",1,"Pickup/Utilitario","Dr Fernandez 541",1,1,0,0,0,0,0,,"Calle",,"SUARDI","San Cristóbal","Hormigón","No existe","XIII","Dentro","Urbana","Ninguna","No existe","Recta","Bueno","Buena","Nocturna,Con luz artificial","Buen Tiempo","S/D","S/D","Colisión","S/D","Vertical","Ninguna","Sin restricción"
2015,4372,02/07/2015,"Jueves",0,06:05:00,,"0.0",2,"Moto/Ciclomotor,Automóvil","Av Freyre Y La Rioja",2,1,0,0,1,0,0,,"Avenida",,"SANTA FE","La Capital","Asfalto","S/D","I","S/D","Urbana","S/D","S/D","Intersección","S/D","S/D","Amanecer","S/D","S/D","S/D","Colisión","S/D","S/D","S/D","S/D"
2015,4373,31/07/2015,"Viernes",0,10:20:00,,"0.0",2,"Moto/Ciclomotor,Taxi/Remis","Lamadrid Y Tucuman",2,1,0,0,1,0,0,,"Calle",,"SANTA FE","La Capital","Asfalto","S/D","I","S/D","Urbana","S/D","S/D","Intersección","S/D","S/D","Diurna","S/D","S/D","S/D","Colisión","S/D","S/D","S/D","S/D"
2015,4374,11/07/2015,"Sabado",0,11:45:00,,"0.0",1,"Moto/Ciclomotor","13 de diciembre 4537",2,2,0,0,0,0,0,,"S/D",,"SANTO TOMÉ","La Capital","S/D","No existe","I","S/D","S/D","S/D","No existe","Otro","Bueno","S/D","S/D","Buen Tiempo","S/D","S/D","Caída ocupante","S/D","S/D","S/D","Sin restricción"
2015,4375,27/07/2015,"Lunes",0,15:40:00,,"0.0",2,"Bicicleta,Automóvil","Av A del Valle Y Regis Martinez",2,1,0,0,1,0,0,"-31.619111111111,-60.6985","Avenida",,"SANTA FE","La Capital","Hormigón","No existe","I","Dentro","Urbana","Ninguna","No existe","Intersección","Bueno","Buena","Diurna","Buen Tiempo","S/D","S/D","Atropello","Ninguna","Faltante","Ninguna","Sin restricción"
2015,4376,01/07/2015,"Miercoles",0,09:20:00,,"0.0",2,"Moto/Ciclomotor,Automóvil","Hipolito Yrigoyen Y Saavedra",2,1,0,0,1,0,0,,"Calle",,"SANTA FE","La Capital","Asfalto","S/D","I","S/D","Urbana","S/D","S/D","Intersección","S/D","S/D","Diurna","S/D","S/D","S/D","Colisión","S/D","S/D","S/D","S/D"
2015,4377,11/05/2015,"Lunes",0,13:50:00,,"0.0",1,"Moto/Ciclomotor","Riobamba 758",1,0,1,0,0,0,0,,"Calle",,"SAN CRISTÓBAL","San Cristóbal","Tierra","Ripio","XIII","Dentro","Urbana","Ninguna","No existe","Recta","Bueno","Buena","Diurna","Buen Tiempo","Atropello animal","S/D","Colisión","Ninguna","Faltante","Ninguna","Sin restricción"
2015,4378,30/07/2015,"Jueves",0,19:30:00,,"0.0",2,"Moto/Ciclomotor,Automóvil","San Jeronimo 5600",2,1,0,0,1,0,0,,"S/D",,"SANTA FE","La Capital","Asfalto","No existe","I","Dentro","Urbana","Ninguna","No existe","Recta","Bueno","Buena","Atardecer,Con luz artificial","Buen Tiempo","Otro","S/D","Caída ocupante,Colisión","Ninguna","Faltante","Ninguna","Sin restricción"
2015,4379,23/05/2015,"Sabado",0,18:00:00,,"0.0",2,"Automóvil,Peatón","B Sur Mer 300",2,1,0,0,1,0,0,,"Calle",,"GÁLVEZ","San Jerónimo","Asfalto","No existe","XV","Dentro","Urbana","Ninguna","No existe","Recta","Bueno","Buena","Atardecer","Buen Tiempo","S/D","S/D","Atropello","S/D","Vertical","Ninguna","Sin restricción"
2015,4380,16/07/2015,"Jueves",0,17:45:00,,"0.0",2,"Moto/Ciclomotor,Automóvil","Av Facundo Zuviria Y Hernandarias",2,1,0,0,0,0,1,,"Calle",,"SANTA FE","La Capital","S/D","S/D","I","Dentro","Urbana","S/D","S/D","S/D","S/D","S/D","S/D","S/D","S/D","S/D","S/D","S/D","S/D","S/D","S/D"