"anio_acci","nro_acci","fecha","desc_dia","fecha_aprox","hora_aprox","desc_ruta","km","cant_participantes","desc_participante","calle_avenida_km","total","heridos_leves","heridos_graves","heridos_gravisimos","ilesos","fallecidos","sin_datos","posicion_XY","desc_tipo_via","desc_ruta_ori","desc_loc","desc_dpto","desc_tipo_calzada","desc_tipo_banquina","desc_unidad_regional","desc_lugar_calzada","desc_zona","desc_prioridad","desc_estado_semaforo","desc_lugar_via","desc_estado_via","desc_estado_visibilidad","desc_luminosidad","desc_estado_clima","desc_tipo_colision","desc_tipo_atropello","desc_tipo_hecho","desc_pres_calzada","desc_senializacion","desc_separacion_via","desc_restriccion"
2015,4381,01/07/2015,"Miercoles",0,10:15:00,,"0.0",2,"Moto/Ciclomotor,Automóvil","Eva Peron Y Bv Pellegrini",2,1,0,0,1,0,0,,"Avenida",,"SANTA FE","La Capital","Asfalto","S/D","I","S/D","Urbana","S/D","S/D","Intersección","S/D","S/D","Diurna","S/D","S/D","S/D","Colisión","S/D","S/D","S/D","S/D"
2015,4382,24/07/2015,"Viernes",0,12:00:00,,"0.0",2,"Moto/Ciclomotor,Automóvil","Av A del Valle Y Martin Zapata",3,2,0,0,1,0,0,,"Avenida",,"SANTA FE","La Capital","Hormigón","No existe","I","Dentro","Urbana","Ninguna","No existe","Intersección","Bueno","Buena","Diurna","Buen Tiempo","Lateral","S/D","Colisión","Ninguna","Faltante","Ninguna","Sin restricción"
2015,4383,30/07/2015,"Jueves",0,06:00:00,,"0.0",2,"Moto/Ciclomotor,Transporte de Pasajeros Urbano (> 8 asientos)","Mendoza Y Av Freyre",2,0,1,0,1,0,0,,"Avenida",,"SANTA FE","La Capital","Asfalto","S/D","I","S/D","Urbana","S/D","S/D","Intersección","S/D","S/D","Diurna","S/D","S/D","S/D","Colisión","S/D","S/D","S/D","S/D"
2015,4384,01/07/2015,"Miercoles",0,13:20:00,,"0.0",2,"Moto/Ciclomotor,Automóvil","Junin Y San Lorenzo",2,1,0,0,1,0,0,,"Calle",,"SANTA FE","La Capital","Asfalto","S/D","I","S/D","Urbana","S/D","S/D","Intersección","S/D","S/D","Diurna","S/D","S/D","S/D","Colisión","S/D","S/D","S/D","S/D"
2015,4385,01/07/2015,"Miercoles",0,10:00:00,,"0.0",2,"Bicicleta,Pickup/Utilitario","Suipacha Y Roque Saenz Peña",2,1,0,0,1,0,0,,"Calle",,"SANTA FE","La Capital","Asfalto","No existe","I","Dentro","Urbana","Ninguna","No existe","Intersección","Bueno","Buena","Diurna","Buen Tiempo","S/D","S/D","Atropello","S/D","Faltante","Cordón divisorio","Sin restricción"
2015,4386,29/07/2015,"Miercoles",0,21:20:00,,"0.0",2,"Moto/Ciclomotor,Automóvil","Juan de Garay Y Pje Alfonso",2,1,0,0,1,0,0,,"Calle",,"SANTA FE","La Capital","Asfalto","S/D","I","S/D","Urbana","S/D","S/D","Intersección","S/D","S/D","Nocturna","S/D","S/D","S/D","Colisión","S/D","S/D","S/D","S/D"
2015,4387,21/05/2015,"Jueves",0,,,"0.0",1,"Moto/Ciclomotor","Luis Maggi Y J Galvez",1,0,1,0,0,0,0,,"Calle",,"RAFAELA","Castellanos","Hormigón","No existe","V","S/D","Urbana","Ninguna","No existe","Recta","Bueno","Buena","Diurna","Otro","S/D","S/D","Caída ocupante","Ninguna","Faltante","Ninguna","Sin restricción"
2015,4388,23/07/2015,"Jueves",0,19:50:00,,"0.0",2,"Automóvil,Automóvil","Av A del Valle 5100",2,1,0,0,1,0,0,,"Avenida",,"SANTA FE","La Capital","Asfalto","No existe","I","Dentro","Urbana","Otra Señal","No existe","Recta","Con baches","Buena","Atardecer,Con luz artificial","Buen Tiempo","De alcance","S/D","Colisión","Agua","Faltante","Ninguna","Obra en Construcción,Reparación de Vía"
2015,4389,02/07/2015,"Jueves",0,14:45:00,,"0.0",2,"Moto/Ciclomotor,Automóvil","Av Peñaloza Y Martin Zapata",2,1,0,0,0,0,1,,"Calle",,"SANTA FE","La Capital","S/D","S/D","I","Dentro","Urbana","S/D","S/D","S/D","S/D","S/D","Diurna","S/D","S/D","S/D","S/D","S/D","S/D","S/D","S/D"
2015,4390,27/07/2015,"Lunes",0,12:15:00,,"0.0",2,"Bicicleta,Automóvil","Av Freyre Y Santiago del Estero",2,1,0,0,1,0,0,"-31.63525,-60.715666666667","Avenida",,"SANTA FE","La Capital","Asfalto","S/D","I","S/D","Urbana","S/D","S/D","Intersección","S/D","S/D","Diurna","S/D","S/D","S/D","Atropello","S/D","S/D","S/D","S/D"
2015,4391,02/07/2015,"Jueves",0,19:00:00,,"0.0",1,"Moto/Ciclomotor","Entre Rios Y Los Constituyentes Bis",2,2,0,0,0,0,0,,"Calle",,"LAGUNA PAIVA","La Capital","Asfalto","No existe","I","Dentro","Urbana","Ninguna","No existe","Intersección","Bueno","Buena","Atardecer,Con luz artificial","Buen Tiempo","Atropello animal","S/D","Colisión","Ninguna","Horizontal,Vertical","Ninguna","Sin restricción"
2015,4392,01/07/2015,"Miercoles",0,13:30:00,,"0.0",2,"Moto/Ciclomotor,Automóvil","Roque Saenz Peña Y Tucuman",2,1,0,0,1,0,0,,"Calle",,"SANTA FE","La Capital","Asfalto","S/D","I","S/D","Urbana","S/D","S/D","Intersección","S/D","S/D","Diurna","S/D","S/D","S/D","Colisión","S/D","S/D","S/D","S/D"
2015,4393,12/07/2015,"Domingo",0,16:00:00,,"0.0",2,"Moto/Ciclomotor,Pickup/Utilitario","Av A del Valle Y Iturraspe",2,1,0,0,1,0,0,,"Avenida",,"SANTA FE","La Capital","Hormigón","No existe","I","Dentro","Urbana","S/D","No existe","Intersección","Bueno","Buena","Diurna","Buen Tiempo","Lateral","S/D","Colisión","Otro","Faltante","Ninguna","Sin restricción"
2015,4394,27/07/2015,"Lunes",0,10:15:00,,"0.0",2,"Moto/Ciclomotor,Pickup/Utilitario","Av Lopez y Planes 3600",2,1,0,0,1,0,0,,"Avenida",,"SANTA FE","La Capital","Asfalto","S/D","I","S/D","Urbana","S/D","S/D","Recta","S/D","S/D","Diurna","S/D","S/D","S/D","Colisión","S/D","S/D","S/D","S/D"
2015,4395,03/07/2015,"Viernes",0,19:30:00,,"0.0",2,"Moto/Ciclomotor,Moto/Ciclomotor","Av Facundo Zuviria Y Gorostiaga",3,0,0,0,0,0,3,,"Calle",,"SANTA FE","La Capital","S/D","S/D","I","Dentro","Urbana","S/D","S/D","S/D","S/D","S/D","Diurna","S/D","S/D","S/D","S/D","S/D","S/D","S/D","S/D"
2015,4396,09/07/2015,"Jueves",0,19:00:00,,"0.0",2,"Automóvil,Automóvil","Av Pte Peron 32",3,3,0,0,0,0,0,,"Avenida",,"LAGUNA PAIVA","La Capital","Asfalto","Natural","I","Dentro","Urbana","Ninguna","No existe","Recta","Con baches","Buena","Atardecer,Con luz artificial","Buen Tiempo","Frontal","S/D","Colisión","Ninguna","S/D","Ninguna","Sin restricción"
2015,4397,11/07/2015,"Sabado",0,09:30:00,,"0.0",1,"Moto/Ciclomotor","Av A del Valle Y Iturraspe",2,1,0,0,1,0,0,,"Avenida",,"SANTA FE","La Capital","Hormigón","No existe","I","Dentro","Urbana","Ninguna","No existe","Intersección","Bueno","Buena","Diurna","Buen Tiempo","Lateral","S/D","Colisión","S/D","Faltante","Ninguna","Sin restricción"
2015,4398,07/07/2015,"Martes",0,13:30:00,,"0.0",2,"Automóvil,Automóvil","Gdor Crespo Y San Jose",2,1,0,0,1,0,0,,"Calle",,"SANTA FE","La Capital","Asfalto","Pavimento","I","Dentro","Urbana","Ninguna","No existe","Intersección","Bueno","Buena","Diurna","Buen Tiempo","Lateral","S/D","Colisión","S/D","Faltante","Cordón divisorio","Sin restricción"
2015,4399,10/07/2015,"Viernes",0,19:30:00,,"0.0",2,"Automóvil,Automóvil","San Jeronimo Y Juan Del Campillo",4,2,0,0,2,0,0,,"Calle",,"SANTA FE","La Capital","Hormigón","No existe","I","Dentro","Urbana","Ninguna","No existe","Intersección","Bueno","Buena","Nocturna,Con luz artificial","Buen Tiempo","Lateral","S/D","Colisión","Ninguna","Faltante","Ninguna","Sin restricción"
2015,4400,09/07/2015,"Jueves",0,17:30:00,,"0.0",2,"Moto/Ciclomotor,Pickup/Utilitario","Lamadrid Y Hipolito Yrigoyen",2,1,0,0,1,0,0,,"Calle",,"SANTA FE","La Capital","Asfalto","Pavimento","I","Dentro","Urbana","Ninguna","No existe","Intersección","Bueno","Buena","Diurna","Buen Tiempo","Lateral","S/D","Colisión","S/D","Faltante","Cordón divisorio","Sin restricción"
2015,4401,13/07/2015,"Lunes",0,,,"0.0",1,"Automóvil"," ",2,1,0,0,1,0,0,,"Avenida",,"LAGUNA PAIVA","La Capital","Asfalto","Natural","I","Fuera","Urbana","Ninguna","No existe","Recta","Con baches","Buena","Amanecer","Buen Tiempo","Contra objeto fijo","S/D","Colisión","Ninguna","Faltante","Ninguna","Sin restricción"
2015,4402,23/07/2015,"Jueves",0,18:00:00,,"0.0",2,"Automóvil,Automóvil","Junin Y Francia",2,1,0,0,1,0,0,,"Calle",,"SANTA FE","La Capital","Asfalto","S/D","I","S/D","Urbana","S/D","S/D","Intersección","S/D","S/D","Atardecer","S/D","S/D","S/D","Colisión","S/D","S/D","S/D","S/D"
2015,4403,10/07/2015,"Viernes",0,15:45:00,,"0.0",2,"Moto/Ciclomotor,Automóvil","Domingo Silva Y Pedro Alejandro Vittori",3,2,0,0,1,0,0,,"Calle",,"SANTA FE","La Capital","Asfalto","No existe","I","Dentro","Urbana","Ninguna","No existe","Intersección","Bueno","Buena","Diurna","Buen Tiempo","Lateral","S/D","Colisión","Ninguna","Faltante","Ninguna","Sin restricción"
2015,4404,05/07/2015,"Domingo",0,09:15:00,,"0.0",1,"Transporte de Pasajeros Urbano (> 8 asientos)","Salta Y Francia",2,1,0,0,1,0,0,,"Calle",,"SANTA FE","La Capital","Asfalto","S/D","I","S/D","Urbana","S/D","S/D","Intersección","S/D","Buena","Diurna","S/D","S/D","S/D","S/D","S/D","S/D","S/D","S/D"
2015,4405,28/07/2015,"Martes",0,08:00:00,,"0.0",2,"Moto/Ciclomotor,Moto/Ciclomotor","Av Blas Parera Y Estado de Israel",3,3,0,0,0,0,0,,"Calle",,"SANTA FE","La Capital","Hormigón","Pavimento","I","Dentro","Urbana","Semáforo","Funciona","Intersección","Bueno","Buena","Diurna","Buen Tiempo","Lateral","S/D","Colisión","Material Suelto","Horizontal,Vertical","Cordón divisorio","Sin restricción"
2015,4406,23/07/2015,"Jueves",0,09:05:00,,"0.0",2,"Moto/Ciclomotor,Taxi/Remis","Av Urquiza Y Santiago del Estero",2,1,0,0,1,0,0,,"Calle",,"SANTA FE","La Capital","Asfalto","S/D","I","S/D","Urbana","S/D","S/D","Intersección","S/D","S/D","Diurna","S/D","S/D","S/D","Colisión","S/D","S/D","S/D","S/D"
2015,4407,22/07/2015,"Miercoles",0,11:30:00,,"0.0",2,"Moto/Ciclomotor,Automóvil","Av Pte Peron Y Santiago del Estero",2,1,0,0,1,0,0,,"Calle",,"SANTA FE","La Capital","Asfalto","Pavimento","I","Dentro","Urbana","Paso Peatonal","No existe","Intersección","Bueno","Buena","Diurna","Buen Tiempo","Lateral","S/D","Colisión","S/D","Faltante","Cordón divisorio","Sin restricción"
2015,4408,17/07/2015,"Viernes",0,11:30:00,,"0.0",2,"Moto/Ciclomotor,Automóvil","Av Almte Brown Y Angel Cassanello",2,1,0,0,1,0,0,,"Avenida",,"SANTA FE","La Capital","Asfalto","No existe","I","S/D","Urbana","Ninguna","No existe","Recta","Bueno","Buena","Diurna","Buen Tiempo","Lateral","S/D","Colisión","Ninguna","S/D","Ninguna","Sin restricción"
2015,4409,08/07/2015,"Miercoles",0,14:45:00,,"0.0",2,"Moto/Ciclomotor,Automóvil","1º de Mayo Y Rivadavia",2,1,0,0,1,0,0,,"Calle",,"LAGUNA PAIVA","La Capital","S/D","No existe","I","Dentro","Urbana","Ninguna","No existe","Intersección","Bueno","Buena","Diurna","Buen Tiempo","Lateral","S/D","Colisión","Ninguna","Faltante","Ninguna","Sin restricción"
2015,4410,27/07/2015,"Lunes",0,12:50:00,,"0.0",2,"Moto/Ciclomotor,Automóvil","French Y Gdor Rodolfo Lehman",3,2,0,0,1,0,0,,"Calle",,"SANTA FE","La Capital","Asfalto","Natural","I","Dentro","Urbana","Ninguna","No existe","Intersección","Deteriorada","Buena","Diurna","Buen Tiempo","Lateral","S/D","Colisión","Material Suelto","Faltante","Ninguna","Sin restricción"
2015,4411,15/07/2015,"Miercoles",0,12:30:00,,"0.0",2,"Moto/Ciclomotor,Automóvil","Estanislao Zeballos Y Europa",3,2,0,0,1,0,0,,"Calle",,"SANTA FE","La Capital","Hormigón","Pavimento","I","Dentro","Urbana","Ninguna","No existe","Intersección","Bueno","Buena","Diurna","Buen Tiempo","Lateral","S/D","Colisión","S/D","Vertical","Ninguna","Sin restricción"
2015,4412,22/07/2015,"Miercoles",0,14:30:00,,"0.0",2,"Moto/Ciclomotor,Automóvil","Av Freyre Y La Rioja",3,2,0,0,1,0,0,,"Calle",,"SANTA FE","La Capital","Asfalto","S/D","I","S/D","Urbana","S/D","S/D","Intersección","S/D","S/D","Diurna","S/D","S/D","S/D","Colisión","S/D","S/D","S/D","S/D"
2015,4413,22/07/2015,"Miercoles",0,13:00:00,,"0.0",2,"Pickup/Utilitario,Moto/Ciclomotor","Av Pte Peron Y Santiago del Estero",2,1,0,0,1,0,0,,"Avenida",,"SANTA FE","La Capital","Asfalto","S/D","I","S/D","Urbana","S/D","S/D","Intersección","S/D","S/D","Diurna","S/D","S/D","S/D","Colisión","S/D","S/D","S/D","S/D"
2015,4414,03/07/2015,"Viernes",0,08:50:00,,"0.0",2,"Peatón,Moto/Ciclomotor","Av Freyre 2500",3,2,0,0,1,0,0,"-31.644055555556,-60.717888888889","Avenida",,"SANTA FE","La Capital","Asfalto","S/D","I","S/D","Urbana","S/D","S/D","Recta","S/D","S/D","Diurna","S/D","S/D","S/D","Atropello","S/D","S/D","S/D","S/D"
2015,4415,08/07/2015,"Miercoles",0,12:30:00,,"0.0",2,"Peatón,Pickup/Utilitario","Pedro Alejandro Vittori Y Martin Zapata",2,1,0,0,1,0,0,"-31.620222222222,-60.697805555556","Calle",,"SANTA FE","La Capital","Hormigón","No existe","I","Dentro","Urbana","Ninguna","No existe","Intersección","Bueno","Buena","Diurna","Buen Tiempo","S/D","S/D","Atropello","Ninguna","Faltante","Ninguna","Sin restricción"
2015,4416,28/07/2015,"Martes",0,12:40:00,"Ruta Nacional 11","450.0",2,"Automóvil,Automóvil"," ",5,3,0,0,2,0,0,,"Ruta",11,"SAUCE VIEJO","La Capital","Asfalto","Ripio","I","Dentro","Urbana","Ninguna","No existe","Recta","Bueno","Buena","Diurna","Buen Tiempo","Frontal","S/D","Colisión","Otro","Faltante","Línea divisoria pintada","Sin restricción"
2015,4417,03/07/2015,"Viernes",0,20:30:00,,"0.0",2,"Moto/Ciclomotor,Automóvil","Av A del Valle 4800",4,1,0,0,3,0,0,,"Avenida",,"SANTA FE","La Capital","Hormigón","No existe","I","Dentro","Urbana","Ninguna","No existe","Recta","Bueno","Buena","Nocturna,Con luz artificial","Buen Tiempo","De alcance","S/D","Colisión","Otro","Faltante","Ninguna","Sin restricción"
2015,4418,02/07/2015,"Jueves",0,22:00:00,,"0.0",2,"Moto/Ciclomotor,Automóvil","Dr Zavalla Y Mendoza",3,2,0,0,1,0,0,,"Calle",,"SANTA FE","La Capital","Asfalto","S/D","I","S/D","Urbana","S/D","S/D","Intersección","S/D","S/D","Nocturna","S/D","S/D","S/D","Colisión","S/D","S/D","S/D","S/D"
2015,4419,03/07/2015,"Viernes",0,18:30:00,,"0.0",4,"Moto/Ciclomotor,Automóvil,Automóvil,Automóvil","Pedro Centeno Y Av Facundo Zuviria",4,1,0,0,3,0,0,,"Avenida",,"SANTA FE","La Capital","Asfalto","No existe","I","Dentro","Urbana","Semáforo","Funciona","Recta","Bueno","Buena","Atardecer,Con luz artificial","Buen Tiempo","De alcance,Múltiple","S/D","Colisión","Ninguna","Vertical","Ninguna","Sin restricción"
2015,4420,03/07/2015,"Viernes",0,18:15:00,,"0.0",2,"Moto/Ciclomotor,Automóvil","Av Pte Peron Y Junin",3,2,0,0,1,0,0,,"Avenida",,"SANTA FE","La Capital","Asfalto","Pavimento","I","Dentro","Urbana","Otra Señal","No existe","Intersección","Bueno","Buena","Atardecer","Buen Tiempo","Lateral","S/D","Colisión","S/D","Faltante","Cordón divisorio","Sin restricción"
2015,4421,22/07/2015,"Miercoles",0,15:00:00,,"0.0",2,"Moto/Ciclomotor,Pickup/Utilitario","Mitre Y Quintana",2,1,0,0,1,0,0,,"Calle",,"SANTA FE","La Capital","Asfalto","No existe","I","S/D","Urbana","Ninguna","No existe","Intersección","Bueno","Buena","Diurna","Buen Tiempo","Lateral","S/D","Colisión","Ninguna","S/D","Ninguna","Sin restricción"
2015,4422,16/07/2015,"Jueves",0,19:15:00,,"0.0",2,"Moto/Ciclomotor,Pickup/Utilitario","Saavedra Y Junin",2,1,0,0,1,0,0,,"Calle",,"SANTA FE","La Capital","Asfalto","S/D","I","Dentro","Urbana","S/D","S/D","Intersección","S/D","S/D","Atardecer","S/D","S/D","S/D","Colisión","S/D","S/D","S/D","S/D"
2015,4423,22/07/2015,"Miercoles",0,18:00:00,,"0.0",2,"Bicicleta,Automóvil","Balcarce Y Alvear",2,1,0,0,1,0,0,"-31.637972222222,-60.696833333333","Calle",,"SANTA FE","La Capital","S/D","S/D","I","S/D","Urbana","S/D","S/D","Intersección","S/D","S/D","S/D","S/D","S/D","S/D","Atropello","S/D","S/D","S/D","S/D"
2015,4424,15/07/2015,"Miercoles",0,23:00:00,,"0.0",2,"Moto/Ciclomotor,Automóvil","Hipolito Yrigoyen Y Lamadrid",3,2,0,0,1,0,0,,"Calle",,"SANTA FE","La Capital","Asfalto","S/D","I","S/D","Urbana","S/D","S/D","Intersección","S/D","S/D","Nocturna","S/D","S/D","S/D","Colisión","S/D","S/D","S/D","S/D"
2015,4425,22/07/2015,"Miercoles",0,12:50:00,,"0.0",2,"Moto/Ciclomotor,Automóvil","Lavalle 4000",2,1,0,0,1,0,0,,"Calle",,"SANTA FE","La Capital","S/D","S/D","I","S/D","Urbana","S/D","S/D","Intersección","S/D","S/D","S/D","S/D","Lateral","S/D","Colisión","S/D","S/D","S/D","S/D"
2015,4426,14/07/2015,"Martes",0,17:00:00,,"0.0",2,"Moto/Ciclomotor,Taxi/Remis","Bv Pellegrini Y Saavedra",2,1,0,0,1,0,0,,"Avenida",,"SANTA FE","La Capital","Asfalto","S/D","I","S/D","Urbana","S/D","S/D","Intersección","S/D","S/D","Diurna","S/D","S/D","S/D","Colisión","S/D","S/D","S/D","S/D"
2015,4427,22/07/2015,"Miercoles",0,21:30:00,,"0.0",2,"Moto/Ciclomotor,Automóvil","Angel Cassanello Y Pje Cullen",2,1,0,0,1,0,0,,"Calle",,"SANTA FE","La Capital","Asfalto","No existe","I","S/D","Urbana","Ninguna","No existe","Intersección","Bueno","Reducida","Nocturna","Buen Tiempo","Lateral","S/D","Colisión","Ninguna","S/D","Ninguna","Sin restricción"
2015,4428,20/07/2015,"Lunes",0,,,"0.0",2,"Moto/Ciclomotor,Automóvil","Calchines Y Alberdi",2,1,0,0,1,0,0,,"Calle",,"SANTA FE","La Capital","S/D","S/D","I","S/D","Urbana","S/D","S/D","Intersección","S/D","S/D","S/D","S/D","Lateral","S/D","Colisión","S/D","S/D","S/D","S/D"
2015,4429,14/07/2015,"Martes",0,,,"0.0",2,"Moto/Ciclomotor,Automóvil","Lisandro de la Torre Y Pje Jose Galisteo",3,2,0,0,1,0,0,,"Calle",,"SANTA FE","La Capital","Asfalto","S/D","I","S/D","Urbana","S/D","S/D","Intersección","S/D","S/D","S/D","S/D","S/D","S/D","Colisión","S/D","S/D","S/D","S/D"
2015,4430,19/07/2015,"Domingo",0,17:00:00,,"0.0",2,"Peatón,Taxi/Remis","Balcarce Y San Luis",2,1,0,0,1,0,0,"-31.637277777778,-60.700027777778","Calle",,"SANTA FE","La Capital","S/D","S/D","I","S/D","Urbana","S/D","S/D","Intersección","S/D","S/D","S/D","S/D","S/D","S/D","Atropello","S/D","S/D","S/D","S/D"
2015,4431,23/07/2015,"Jueves",0,17:40:00,,"0.0",2,"Moto/Ciclomotor,Automóvil","Pedro de Vega Y Republica de Siria",2,0,1,0,1,0,0,,"Calle",,"SANTA FE","La Capital","Asfalto","No existe","I","S/D","Urbana","Ninguna","No existe","Intersección","Bueno","Reducida","Atardecer","Buen Tiempo","Lateral","S/D","Colisión","Ninguna","S/D","Ninguna","Sin restricción"
2015,4432,14/07/2015,"Martes",0,20:30:00,,"0.0",2,"Moto/Ciclomotor,Automóvil","J Castelli Y Estrada",3,2,0,0,1,0,0,,"Calle",,"SANTA FE","La Capital","Asfalto,Hormigón","Pavimento","I","Dentro","Urbana","Ninguna","No existe","Intersección","Deteriorada","Reducida","Nocturna,Con luz artificial","Buen Tiempo","Lateral","S/D","Colisión","Agua","Vertical","Ninguna","Sin restricción"
2015,4433,17/07/2015,"Viernes",0,,,"0.0",2,"Bicicleta,Moto/Ciclomotor","Av Gral Paz Y Pedro Centeno",2,1,0,0,1,0,0,"-31.629,-60.692055555556","Calle",,"SANTA FE","La Capital","S/D","S/D","I","S/D","Urbana","S/D","S/D","Intersección","S/D","S/D","S/D","S/D","S/D","S/D","Atropello","S/D","S/D","S/D","S/D"
2015,4434,10/07/2015,"Viernes",0,10:10:00,,"0.0",2,"Moto/Ciclomotor,Automóvil","Av Leandro Alem Y Velez Sarsfield",3,2,0,0,0,0,1,,"Avenida",,"SANTA FE","La Capital","S/D","S/D","I","Dentro","Urbana","S/D","S/D","Intersección","S/D","S/D","Diurna","S/D","Lateral","S/D","Colisión","S/D","S/D","S/D","S/D"
2015,4435,16/07/2015,"Jueves",0,22:45:00,,"0.0",2,"Moto/Ciclomotor,Moto/Ciclomotor","Gdor Candioti 1726",2,1,0,0,1,0,0,,"Calle",,"SANTA FE","La Capital","S/D","S/D","I","S/D","Urbana","S/D","S/D","Intersección","S/D","S/D","S/D","S/D","Lateral","S/D","Colisión","S/D","S/D","S/D","S/D"
2015,4436,24/07/2015,"Viernes",0,09:00:00,,"0.0",2,"Moto/Ciclomotor,Pickup/Utilitario","Llerena Y Mitre",2,1,0,0,1,0,0,,"Calle",,"SANTA FE","La Capital","Asfalto","No existe","I","S/D","Urbana","Ninguna","No existe","Intersección","Bueno","Buena","Diurna","Buen Tiempo","Lateral","S/D","Colisión","Ninguna","S/D","S/D","Sin restricción"
2015,4437,01/07/2015,"Miercoles",0,11:45:00,,"0.0",2,"Moto/Ciclomotor,Automóvil","Domingo Silva Y Pje Bustamante",2,1,0,0,1,0,0,,"Calle",,"SANTA FE","La Capital","Hormigón","No existe","I","Dentro","Urbana","Ninguna","No existe","Intersección","Bueno","Buena","Diurna","Buen Tiempo","Lateral","S/D","Colisión","Ninguna","Faltante","Ninguna","Sin restricción"
2015,4438,08/07/2015,"Miercoles",0,12:15:00,,"0.0",2,"Moto/Ciclomotor,Taxi/Remis","Guemes 3400",2,1,0,0,1,0,0,,"Calle",,"SANTA FE","La Capital","S/D","S/D","I","S/D","Urbana","S/D","S/D","Intersección","S/D","S/D","Diurna","S/D","Lateral","S/D","Colisión","S/D","S/D","S/D","S/D"
2015,4439,27/07/2015,"Lunes",0,15:15:00,,"0.0",2,"Automóvil,Pickup/Utilitario","Av Almte Brown ",2,1,0,0,1,0,0,,"Avenida",,"SANTA FE","La Capital","Asfalto","No existe","I","S/D","Urbana","Ninguna","No existe","Intersección","Bueno","Buena","Diurna","Buen Tiempo","Lateral","S/D","Colisión","Ninguna","S/D","Ninguna","Sin restricción"
2015,4440,06/07/2015,"Lunes",0,20:00:00,,"0.0",3,"Moto/Ciclomotor,Automóvil,Automóvil","Boneo 2500",3,1,0,0,2,0,0,,"Calle",,"SANTA FE","La Capital","Hormigón","No existe","I","Dentro","Urbana","Ninguna","No existe","Recta","Bueno,Con baches","Buena","Nocturna,Con luz artificial","Buen Tiempo","Contra objeto fijo","S/D","Colisión","Ninguna","Faltante","Ninguna","Sin restricción"
2015,4441,08/07/2015,"Miercoles",0,18:30:00,,"0.0",2,"Moto/Ciclomotor,Automóvil","Balcarce 2000",2,1,0,0,1,0,0,,"Calle",,"SANTA FE","La Capital","S/D","S/D","I","Dentro","Urbana","S/D","S/D","Intersección","S/D","S/D","Atardecer","S/D","Frontal","S/D","Colisión","S/D","S/D","S/D","S/D"
2015,4442,02/07/2015,"Jueves",0,13:10:00,,"0.0",2,"Moto/Ciclomotor,Automóvil","Guemes Y Candioti",2,1,0,0,1,0,0,,"Calle",,"SANTA FE","La Capital","S/D","S/D","I","S/D","Urbana","S/D","S/D","Intersección","S/D","S/D","Diurna","S/D","Frontal","S/D","Colisión","S/D","S/D","S/D","S/D"
2015,4443,10/07/2015,"Viernes",0,14:00:00,,"0.0",2,"Moto/Ciclomotor,Automóvil","Av A del Valle Y Vieytes",2,1,0,0,1,0,0,,"Avenida",,"SANTA FE","La Capital","Hormigón","No existe","I","Dentro","Urbana","Ninguna","No existe","Intersección","Bueno","Buena","Diurna","Buen Tiempo","Lateral","S/D","Colisión","Ninguna","Faltante","Ninguna","Sin restricción"
2015,4444,16/07/2015,"Jueves",0,14:50:00,,"0.0",2,"Moto/Ciclomotor,Automóvil","Gdor Freyre Y Guemes",2,1,0,0,1,0,0,,"Calle",,"SANTA FE","La Capital","S/D","S/D","I","S/D","Urbana","S/D","S/D","Intersección","S/D","S/D","S/D","S/D","Lateral","S/D","Colisión","S/D","S/D","S/D","S/D"
2015,4445,18/07/2015,"Sabado",0,13:25:00,,"0.0",2,"Moto/Ciclomotor,Automóvil","Francia Y Santiago del Estero",2,1,0,0,1,0,0,,"Calle",,"SANTA FE","La Capital","Asfalto","S/D","I","S/D","Urbana","S/D","S/D","Intersección","S/D","S/D","Diurna","S/D","S/D","S/D","Colisión","S/D","S/D","S/D","S/D"
2015,4446,27/07/2015,"Lunes",0,16:10:00,,"0.0",2,"Moto/Ciclomotor,Camión","Av A del Valle Y J P Lopez",2,1,0,0,1,0,0,,"Avenida",,"SANTA FE","La Capital","Asfalto","No existe","I","S/D","Urbana","Ninguna","Funciona","Intersección","Bueno","Buena","Diurna","Buen Tiempo","De alcance","S/D","Colisión","Ninguna","S/D","Ninguna","Sin restricción"
2015,4447,02/07/2015,"Jueves",0,16:20:00,,"0.0",2,"Pickup/Utilitario,Moto/Ciclomotor","Bv 14 de Diciembre Y Dr Ricardo Fischer",2,0,1,0,1,0,0,,"Calle",,"ARMSTRONG","Belgrano","Asfalto","Pavimento","III","Dentro","Urbana","Ninguna","No existe","Intersección","Bueno","Buena","Diurna","Buen Tiempo","Lateral","S/D","Colisión","Ninguna","S/D","Ninguna","Sin restricción"
2015,4448,16/07/2015,"Jueves",0,09:30:00,,"0.0",2,"Moto/Ciclomotor,Taxi/Remis","Alvear Y Castellanos",2,1,0,0,1,0,0,,"S/D",,"SANTA FE","La Capital","S/D","S/D","I","S/D","S/D","S/D","S/D","Intersección","S/D","S/D","S/D","S/D","Lateral","S/D","Colisión","S/D","S/D","S/D","S/D"
2015,4449,14/07/2015,"Martes",0,14:00:00,,"0.0",2,"Moto/Ciclomotor,Automóvil","Vera Y Pje Paraguay",2,1,0,0,1,0,0,,"Calle",,"SANTA FE","La Capital","Asfalto","S/D","I","S/D","Urbana","S/D","S/D","Intersección","S/D","S/D","Diurna","S/D","S/D","S/D","Colisión","S/D","S/D","S/D","S/D"
2015,4450,11/07/2015,"Sabado",0,06:00:00,,"0.0",2,"Moto/Ciclomotor,Automóvil","Bv Galvez Y Dorrego",2,1,0,0,1,0,0,,"Calle",,"SANTA FE","La Capital","S/D","S/D","I","S/D","Urbana","S/D","S/D","Intersección","S/D","S/D","S/D","S/D","Lateral","S/D","Colisión","S/D","S/D","S/D","S/D"