"anio_acci","nro_acci","fecha","desc_dia","fecha_aprox","hora_aprox","desc_ruta","km","cant_participantes","desc_participante","calle_avenida_km","total","heridos_leves","heridos_graves","heridos_gravisimos","ilesos","fallecidos","sin_datos","posicion_XY","desc_tipo_via","desc_ruta_ori","desc_loc","desc_dpto","desc_tipo_calzada","desc_tipo_banquina","desc_unidad_regional","desc_lugar_calzada","desc_zona","desc_prioridad","desc_estado_semaforo","desc_lugar_via","desc_estado_via","desc_estado_visibilidad","desc_luminosidad","desc_estado_clima","desc_tipo_colision","desc_tipo_atropello","desc_tipo_hecho","desc_pres_calzada","desc_senializacion","desc_separacion_via","desc_restriccion"
2015,4451,02/07/2015,"Jueves",0,17:45:00,,"0.0",1,"Moto/Ciclomotor","Calle 25 Y Calle 24",1,0,1,0,0,0,0,,"Calle",,"LAS PAREJAS","Belgrano","Hormigón","No existe","III","Dentro","Urbana","Ninguna","No existe","Intersección","Bueno","Buena","Atardecer","Otro","Contra objeto fijo","S/D","Colisión","Ninguna","Vertical","Ninguna","Sin restricción"
2015,4452,06/07/2015,"Lunes",0,19:00:00,,"0.0",2,"Automóvil,Moto/Ciclomotor","Avenida 21 Y Calle 24",4,1,0,0,3,0,0,,"Avenida",,"LAS PAREJAS","Belgrano","Asfalto","No existe","III","S/D","Urbana","Ninguna","No existe","Recta","Bueno","Reducida","Nocturna","Buen Tiempo","Frontal","S/D","Colisión","Ninguna","Vertical","Ninguna","Sin restricción"
2015,4453,09/07/2015,"Jueves",0,17:15:00,"Ruta Nacional 9","391.0",2,"Pickup/Utilitario,Camión","Ruta Nacional 19 391",2,1,0,0,1,0,0,,"Ruta",9,"TORTUGAS","Belgrano","Asfalto","S/D","III","S/D","Rural","Ninguna","No existe","Recta","Bueno","Buena","Diurna","Buen Tiempo","Frontal","S/D","Colisión","Ninguna","S/D","Ninguna","Sin restricción"
2015,4454,27/07/2015,"Lunes",0,08:00:00,,"0.0",2,"Moto/Ciclomotor,Pickup/Utilitario","Av Galicia Y Guemes",3,2,0,0,1,0,0,,"Avenida",,"SANTA FE","La Capital","Asfalto","No existe","I","S/D","Urbana","Ninguna","No existe","Intersección","Bueno","Buena","Diurna","Buen Tiempo","Lateral","S/D","Colisión","Ninguna","S/D","Ninguna","Sin restricción"
2015,4455,11/07/2015,"Sabado",0,22:30:00,,"0.0",2,"Moto/Ciclomotor,Automóvil","Lamadrid Y Vera",2,2,0,0,0,0,0,,"Calle",,"SANTA FE","La Capital","Asfalto","S/D","I","S/D","Urbana","S/D","S/D","Intersección","S/D","S/D","S/D","S/D","S/D","S/D","Colisión","S/D","S/D","S/D","S/D"
2015,4456,01/07/2015,"Miercoles",0,22:30:00,,"0.0",2,"Moto/Ciclomotor,Automóvil","Av Freyre Y Obispo Gelabert",2,1,0,0,1,0,0,,"Avenida",,"SANTA FE","La Capital","Asfalto","S/D","I","S/D","Urbana","S/D","S/D","Intersección","S/D","S/D","Nocturna","S/D","S/D","S/D","Colisión","S/D","S/D","S/D","S/D"
2015,4457,12/07/2015,"Domingo",0,18:45:00,,"0.0",2,"Automóvil,Moto/Ciclomotor","Avenida 21 Y Avenida 16",2,1,0,0,1,0,0,,"Avenida",,"LAS PAREJAS","Belgrano","Asfalto","No existe","III","Dentro","Urbana","Ninguna","No existe","Recta","Bueno","Buena","Atardecer","Lluvia","Frontal","S/D","Colisión","Agua","Vertical","Ninguna","Sin restricción"
2015,4458,11/07/2015,"Sabado",0,02:00:00,,"0.0",2,"Moto/Ciclomotor,Automóvil","Lamadrid Y Pje Falucho",2,1,0,0,1,0,0,,"Calle",,"SANTA FE","La Capital","Asfalto","S/D","I","S/D","Urbana","S/D","S/D","Intersección","S/D","S/D","Nocturna","S/D","S/D","S/D","Colisión","S/D","S/D","S/D","S/D"
2015,4459,28/07/2015,"Martes",0,12:20:00,,"0.0",2,"Moto/Ciclomotor,Automóvil","Angel Cassanello Y Las Heras",2,1,0,0,1,0,0,,"Calle",,"SANTA FE","La Capital","Asfalto","No existe","I","S/D","Urbana","Ninguna","No existe","Intersección","Bueno","Buena","Diurna","Buen Tiempo","Frontal","S/D","Colisión","Ninguna","S/D","S/D","Sin restricción"
2015,4460,23/07/2015,"Jueves",0,18:05:00,,"0.0",2,"Automóvil,Automóvil","Cordoba Y Guemes",5,1,0,0,4,0,0,,"Calle",,"SANTA FE","La Capital","S/D","S/D","I","S/D","Urbana","S/D","S/D","Intersección","S/D","S/D","Atardecer","S/D","Lateral","S/D","Colisión","S/D","S/D","S/D","S/D"
2015,4461,16/06/2015,"Martes",0,11:00:00,,"0.0",2,"Automóvil,Otros","Gdor Candioti Y Castellanos",2,1,0,0,1,0,0,,"Calle",,"SANTA FE","La Capital","S/D","S/D","I","S/D","Urbana","S/D","S/D","Intersección","S/D","S/D","S/D","S/D","Lateral","S/D","Colisión","S/D","S/D","S/D","S/D"
2015,4463,14/07/2015,"Martes",0,20:15:00,,"0.0",1,,"Candioti Y Castellanos",5,1,0,0,4,0,0,,"Calle",,"SANTA FE","La Capital","S/D","S/D","I","Dentro","Urbana","S/D","S/D","Intersección","S/D","S/D","Nocturna","S/D","Lateral","S/D","Colisión","S/D","S/D","S/D","S/D"
2015,4464,18/07/2015,"Sabado",0,14:20:00,,"0.0",2,"Automóvil,Pickup/Utilitario","Sarmiento Y Agustin Delgado",2,1,0,0,1,0,0,,"Calle",,"SANTA FE","La Capital","Asfalto","No existe","I","S/D","Urbana","Ninguna","No existe","Intersección","Bueno","Buena","Diurna","Buen Tiempo","Lateral","S/D","Colisión","Ninguna","S/D","Ninguna","Sin restricción"
2015,4465,14/07/2015,"Martes",0,20:15:00,,"0.0",2,"Automóvil,Automóvil","Candioti Y Castellanos",5,1,0,0,4,0,0,,"Calle",,"SANTA FE","La Capital","S/D","S/D","I","S/D","Urbana","S/D","S/D","Intersección","S/D","S/D","Nocturna","S/D","Lateral","S/D","Colisión","S/D","S/D","S/D","S/D"
2015,4466,26/07/2015,"Domingo",0,04:30:00,,"0.0",2,"Taxi/Remis,Automóvil","Balcarce Y Belgrano",2,1,0,0,1,0,0,,"Calle",,"SANTA FE","La Capital","S/D","S/D","I","S/D","Urbana","S/D","S/D","Intersección","S/D","S/D","Amanecer","S/D","Lateral","S/D","Colisión","S/D","S/D","S/D","S/D"
2015,4467,08/06/2015,"Lunes",0,08:25:00,,"0.0",2,"Moto/Ciclomotor,Automóvil","IRIGOYEN Y PUENTE ",2,1,0,0,1,0,0,,"S/D",,"RECONQUISTA","General Obligado","Asfalto","Pavimento","IX","S/D","Urbana","Ninguna","No existe","Recta","Bueno","Reducida","Amanecer","Niebla","De alcance","S/D","Colisión","Otro","Faltante","Ninguna","Sin restricción"
2015,4468,11/07/2015,"Sabado",0,20:25:00,"Ruta Provincial 13","12.0",2,"Automóvil,Camión"," ",3,0,1,0,2,0,0,,"Ruta",13,"LAS ROSAS","Belgrano","Asfalto","Natural","III","Dentro","Rural","Ninguna","No existe","Recta","Bueno","Reducida","Nocturna","Niebla","Lateral","S/D","Colisión","S/D","Faltante","Vegetación","Sin restricción"
2015,4469,25/07/2015,"Sabado",0,01:40:00,,"0.0",2,"Peatón,Automóvil","Domingo Silva Y Avellaneda",2,1,0,0,1,0,0,"-31.634194444444,-60.686638888889","Calle",,"SANTA FE","La Capital","S/D","S/D","I","S/D","Urbana","S/D","S/D","Intersección","S/D","S/D","Nocturna","S/D","S/D","S/D","Atropello","S/D","S/D","S/D","S/D"
2015,4470,14/07/2015,"Martes",0,06:30:00,"Ruta Nacional 178","0.0",2,"Moto/Ciclomotor,Camión"," ",5,1,0,0,4,0,0,,"Ruta",178,"LAS ROSAS","Belgrano","Asfalto","Natural","VI","S/D","Urbana","Ninguna","No existe","Recta","Bueno","Buena","Nocturna","Buen Tiempo","De alcance","S/D","Colisión","Ninguna","S/D","Línea divisoria pintada","Sin restricción"
2015,4471,09/07/2015,"Jueves",0,19:15:00,,"0.0",1,"Moto/Ciclomotor","Santa Fe Y Dr G Zimmermann",1,0,1,0,0,0,0,,"Calle",,"ESPERANZA","Las Colonias","Asfalto","No existe","XI","S/D","Urbana","Ninguna","No existe","Recta","Bueno","Buena","S/D","Buen Tiempo","S/D","S/D","Caída ocupante","Ninguna","Vertical","Ninguna","Sin restricción"
2015,4472,23/07/2015,"Jueves",0,21:30:00,,"0.0",2,"Peatón,Automóvil","Bv Galvez Y Pedro Alejandro Vittori",2,1,0,0,1,0,0,"-31.635888888889,-60.701083333333","Calle",,"SANTA FE","La Capital","S/D","S/D","I","S/D","Urbana","S/D","S/D","Intersección","S/D","S/D","Nocturna","S/D","S/D","S/D","Atropello","S/D","S/D","S/D","S/D"
2015,4473,27/07/2015,"Lunes",0,13:30:00,"Ruta Nacional 11","0.0",2,"Automóvil,Moto/Ciclomotor"," ",2,1,0,0,1,0,0,,"Ruta",11,"SANTA FE","La Capital","S/D","S/D","I","S/D","Urbana","S/D","S/D","S/D","S/D","S/D","Diurna","S/D","S/D","S/D","Colisión","S/D","S/D","S/D","S/D"
2015,4474,04/07/2015,"Sabado",0,18:30:00,,"0.0",2,"Automóvil,Moto/Ciclomotor","Javier Arrufo Y Enrrique Crippa",3,2,0,0,1,0,0,,"Calle",,"ARRUFÓ","San Cristóbal","Ripio","S/D","XIII","Dentro","Urbana","Ninguna","No existe","Intersección","Bueno","Buena","Atardecer","Buen Tiempo","Lateral","S/D","Caída ocupante,Colisión","Otro","Faltante","Ninguna","Sin restricción"
2015,4475,17/07/2015,"Viernes",0,21:30:00,,"0.0",3,"Pickup/Utilitario,Moto/Ciclomotor,Moto/Ciclomotor","San Luis Y Flotron",3,0,2,0,1,0,0,,"Calle",,"ARMSTRONG","Belgrano","Asfalto","Pavimento","III","Dentro","Urbana","Ninguna","No existe","Intersección","Bueno","Buena","Nocturna","Buen Tiempo","Lateral","S/D","Colisión","Ninguna","Faltante","Ninguna","Sin restricción"
2015,4476,22/07/2015,"Miercoles",0,20:35:00,,"0.0",2,"Moto/Ciclomotor,Automóvil"," ",2,0,0,0,0,0,2,,"Calle",,"SANTA FE","La Capital","S/D","S/D","I","Dentro","Urbana","S/D","S/D","Puente","S/D","S/D","Nocturna,Con luz artificial","S/D","Frontal","S/D","Colisión","S/D","S/D","S/D","S/D"
2015,4477,10/07/2015,"Viernes",0,20:30:00,"Ruta Nacional 168","470.0",4,"Automóvil,Automóvil,Pickup/Utilitario,Automóvil","Ruta Nac 168 470",4,1,0,0,3,0,0,,"Ruta",168,"SANTA FE","La Capital","S/D","S/D","I","S/D","Urbana","S/D","S/D","Puente","S/D","S/D","Nocturna","S/D","De alcance","S/D","Colisión","S/D","S/D","S/D","S/D"
2015,4478,17/07/2015,"Viernes",0,06:10:00,,"0.0",2,"Bicicleta,Moto/Ciclomotor"," ",2,0,0,0,0,0,2,,"Calle",,"SANTA FE","La Capital","S/D","S/D","I","S/D","Urbana","S/D","S/D","Puente","S/D","S/D","Amanecer","S/D","S/D","S/D","Atropello","S/D","S/D","S/D","S/D"
2015,4479,16/07/2015,"Jueves",0,21:30:00,,"0.0",2,"Moto/Ciclomotor,Automóvil","Bv Pellegrini Y San Lorenzo",2,1,0,0,1,0,0,,"Calle",,"SANTA FE","La Capital","Asfalto","S/D","I","Dentro","Urbana","S/D","S/D","Intersección","S/D","S/D","Nocturna","S/D","S/D","S/D","Colisión","S/D","S/D","S/D","S/D"
2015,4480,30/07/2015,"Jueves",0,20:45:00,,"0.0",2,"Moto/Ciclomotor,Peatón","Saavedra Y Uruguay",2,1,0,0,1,0,0,"-31.659583333333,-60.720027777778","Calle",,"SANTA FE","La Capital","S/D","S/D","I","S/D","Urbana","S/D","S/D","S/D","S/D","S/D","Nocturna","S/D","S/D","S/D","Atropello","S/D","S/D","S/D","S/D"
2015,4481,18/07/2015,"Sabado",0,10:50:00,,"0.0",1,"Moto/Ciclomotor","Bv Mariano Moreno Y Caseros",1,1,0,0,0,0,0,,"Calle",,"SAN CRISTÓBAL","San Cristóbal","Asfalto","Pavimento","XIII","S/D","Urbana","Policía de tránsito","No existe","Intersección","Bueno","Buena","Diurna","Buen Tiempo","Lateral","S/D","Colisión","S/D","Faltante","Ninguna","Accidente Previo"
2015,4482,22/07/2015,"Miercoles",0,20:35:00,,"0.0",2,"Moto/Ciclomotor,Automóvil","PUENTE CARRETERO ",2,0,0,0,0,0,2,,"Calle",,"SANTA FE","La Capital","S/D","S/D","I","Dentro","Urbana","S/D","S/D","Puente","S/D","S/D","Nocturna","S/D","Frontal","S/D","Colisión","S/D","S/D","S/D","S/D"
2015,4483,20/07/2015,"Lunes",0,15:15:00,"Ruta Nacional 34","369.5",1,"Pickup/Utilitario","Ruta Nac 34 ",2,2,0,0,0,0,0,,"Ruta",34,"HERSILIA","San Cristóbal","Asfalto","Ripio","XIII","Dentro","Urbana","Ninguna","No existe","Curva","Bueno","Buena","Diurna","Buen Tiempo","S/D","S/D","Vuelco","Ninguna","Vertical","Línea divisoria pintada","Sin restricción"
2015,4484,25/07/2015,"Sabado",0,18:50:00,"Ruta Nacional 178","186.0",2,"Automóvil,Automóvil"," ",4,4,0,0,0,0,0,,"Ruta",178,"LAS PAREJAS","Belgrano","Asfalto","Ripio","III","Fuera","Rural","Ninguna","No existe","Recta","Bueno","Buena","Nocturna","Buen Tiempo","Frontal","S/D","Colisión","Ninguna","Horizontal","Ninguna","Sin restricción"
2015,4485,16/07/2015,"Jueves",0,18:00:00,,"0.0",2,"Moto/Ciclomotor,Automóvil","Av Freyre Y Moreno",2,0,0,0,0,0,2,,"Avenida",,"SANTA FE","La Capital","S/D","S/D","I","Dentro","Urbana","S/D","S/D","Intersección","S/D","S/D","Diurna","S/D","Lateral","S/D","Colisión","S/D","S/D","S/D","S/D"
2015,4486,30/06/2015,"Martes",0,10:00:00,,"0.0",2,"Moto/Ciclomotor,Automóvil","Dr Zavalla Y 3 de Febrero",2,0,0,0,0,0,2,,"Calle",,"SANTA FE","La Capital","S/D","S/D","I","Dentro","Urbana","S/D","S/D","S/D","S/D","S/D","Diurna","S/D","S/D","S/D","S/D","S/D","S/D","S/D","S/D"
2015,4487,27/07/2015,"Lunes",0,21:05:00,,"0.0",2,"Moto/Ciclomotor,Transporte de Pasajeros Larga Distancia (> 8 asientos)","Cerrito Y Buenos Aires",12,1,1,0,10,0,0,,"Calle",,"LAS ROSAS","Belgrano","Asfalto","No existe","III","S/D","Urbana","Ninguna","No existe","Intersección","Bueno","Buena","Nocturna","Buen Tiempo","Lateral","S/D","Colisión","Ninguna","Vertical","Cordón divisorio","Sin restricción"
2015,4488,10/07/2015,"Viernes",0,16:00:00,,"0.0",2,"Automóvil,Moto/Ciclomotor","Intendente Manuel Irigoyen ",3,2,0,0,1,0,0,,"Calle",,"SANTA FE","La Capital","Asfalto","Natural","I","Dentro","Urbana","Ninguna","No existe","Recta","Bueno","Buena","Diurna","Buen Tiempo","Lateral","S/D","Colisión","S/D","Faltante","Ninguna","Sin restricción"
2015,4489,20/07/2015,"Lunes",0,18:30:00,,"0.0",2,"Pickup/Utilitario,Bicicleta","G Alvear 1400",2,0,1,0,1,0,0,,"Calle",,"ESPERANZA","Las Colonias","Asfalto","Pavimento","XI","Dentro","Urbana","Ninguna","No existe","Intersección","Bueno","Buena","Diurna","Buen Tiempo","S/D","S/D","Atropello","Ninguna","Vertical","Línea divisoria pintada","Sin restricción"
2015,4490,16/07/2015,"Jueves",0,16:10:00,,"0.0",2,"Moto/Ciclomotor,Automóvil","Av Urquiza Y Lisandro de la Torre",2,0,0,0,0,0,2,,"Avenida",,"SANTA FE","La Capital","S/D","S/D","I","Dentro","Urbana","S/D","S/D","Intersección","S/D","S/D","Diurna","S/D","Lateral","S/D","Colisión","S/D","S/D","S/D","S/D"
2015,4491,30/07/2015,"Jueves",0,11:45:00,,"0.0",1,"Moto/Ciclomotor","Alvear Y Calchines",2,1,0,0,1,0,0,,"Calle",,"SANTA FE","La Capital","S/D","S/D","I","Dentro","Urbana","S/D","S/D","Intersección","S/D","S/D","S/D","S/D","Lateral","S/D","Colisión","S/D","S/D","S/D","S/D"
2015,4492,14/07/2015,"Martes",0,19:30:00,,"0.0",2,"Moto/Ciclomotor,Automóvil","PUENTE CARRETERO ",2,0,0,0,0,0,2,,"Calle",,"SANTA FE","La Capital","S/D","S/D","I","Dentro","Urbana","S/D","S/D","Puente","S/D","S/D","Atardecer","S/D","Frontal","S/D","Colisión","S/D","S/D","S/D","S/D"
2015,4493,10/07/2015,"Viernes",0,20:50:00,,"0.0",2,"Moto/Ciclomotor,Moto/Ciclomotor","PUENTE CARRETERO ",2,0,0,0,0,0,2,,"Calle",,"SANTA FE","La Capital","S/D","S/D","I","Dentro","Urbana","S/D","S/D","Puente","S/D","Buena","Nocturna","S/D","Frontal","S/D","Colisión","S/D","S/D","S/D","S/D"
2015,4494,10/07/2015,"Viernes",0,20:40:00,,"0.0",2,"Moto/Ciclomotor,Automóvil","Lisandro de la Torre Y Pje Jose Galisteo",2,0,0,0,0,0,2,,"Calle",,"SANTA FE","La Capital","S/D","S/D","I","Dentro","Urbana","S/D","S/D","Intersección","S/D","S/D","Nocturna","S/D","Frontal","S/D","Colisión","S/D","S/D","S/D","S/D"
2015,4495,20/07/2015,"Lunes",0,11:30:00,"Ruta Provincial 4","4.7",2,"Camión,Transporte de Pasajeros Larga Distancia (> 8 asientos)"," ",5,2,0,0,3,0,0,,"Ruta",4,"SAN CRISTÓBAL","San Cristóbal","Asfalto","Natural","XIII","Dentro","Urbana","Ninguna","No existe","Recta","Bueno","Buena","Diurna","Buen Tiempo","Lateral","S/D","Colisión","Ninguna","Faltante","Ninguna","Sin restricción"
2015,4496,27/07/2015,"Lunes",0,23:00:00,,"0.0",2,"Moto/Ciclomotor,Pickup/Utilitario","Av Leandro Alem Y Las Heras",2,1,0,0,1,0,0,,"Calle",,"SANTA FE","La Capital","S/D","S/D","I","Dentro","Urbana","S/D","S/D","Recta","S/D","S/D","Nocturna","S/D","Lateral","S/D","Colisión","S/D","S/D","S/D","S/D"
2015,4497,06/04/2015,"Lunes",0,20:30:00,,"0.0",2,"Moto/Ciclomotor,Automóvil","Av Freyre Y Jujuy",2,1,0,0,0,0,1,,"Calle",,"SANTA FE","La Capital","S/D","S/D","I","Dentro","Urbana","S/D","S/D","Intersección","S/D","Buena","Nocturna","S/D","Lateral","S/D","Colisión","S/D","S/D","S/D","S/D"
2015,4498,27/07/2015,"Lunes",0,18:00:00,,"0.0",2,"Bicicleta,Automóvil","Candioti Y Sargento Cabral",2,1,0,0,1,0,0,"-31.640944444444,-60.696555555556","Calle",,"SANTA FE","La Capital","S/D","S/D","I","Dentro","Urbana","S/D","S/D","Intersección","S/D","S/D","Diurna","S/D","Lateral","S/D","Atropello","S/D","S/D","S/D","S/D"
2015,4499,02/08/2015,"Domingo",0,06:20:00,"Ruta Nacional 34","0.0",3,"Moto/Ciclomotor,Transporte de Pasajeros Larga Distancia (> 8 asientos),Moto/Ciclomotor","Ruta  NAC 34 / Corrientes ",55,3,0,0,2,0,50,,"Ruta",34,"CERES","San Cristóbal","Asfalto","No existe","XIII","S/D","Urbana","S/D","No existe","Intersección","Bueno","Buena","Amanecer","Buen Tiempo","De alcance","S/D","Colisión","S/D","Horizontal","Guardarrail,Cordón divisorio","Sin restricción"
2015,4500,20/07/2015,"Lunes",0,18:00:00,,"0.0",1,"Moto/Ciclomotor","Jose B Garcia 1700",2,2,0,0,0,0,0,,"Calle",,"ESPERANZA","Las Colonias","Asfalto","Pavimento","XI","Dentro","Urbana","Ninguna","No existe","Recta","Bueno","Buena","Diurna","Buen Tiempo","Contra objeto fijo","S/D","Colisión","Ninguna","Vertical","Línea divisoria pintada","Sin restricción"
2015,4501,01/07/2015,"Miercoles",0,12:15:00,,"0.0",2,"Automóvil,Moto/Ciclomotor","Uruguay Y San Lorenzo",2,1,0,0,0,0,1,,"Calle",,"SANTA FE","La Capital","S/D","S/D","I","Dentro","Urbana","S/D","S/D","Intersección","S/D","Buena","Diurna","S/D","Lateral","S/D","Colisión","S/D","S/D","S/D","S/D"
2015,4502,26/07/2015,"Domingo",0,09:00:00,,"0.0",2,"Automóvil,Automóvil","Av Almte Brown Y Bv Muttis",3,2,0,0,1,0,0,,"Calle",,"SANTA FE","La Capital","S/D","S/D","I","Dentro","Urbana","S/D","S/D","Rotonda","S/D","S/D","Diurna","S/D","Lateral","S/D","Colisión","S/D","S/D","S/D","S/D"
2015,4503,30/06/2015,"Martes",0,16:00:00,,"0.0",2,"Moto/Ciclomotor,Automóvil","Jujuy Y Gdor Freyre",2,0,0,0,0,0,2,,"Calle",,"SANTA FE","La Capital","S/D","S/D","I","Dentro","Urbana","S/D","S/D","Intersección","S/D","S/D","Diurna","S/D","Lateral","S/D","Colisión","S/D","S/D","S/D","S/D"
2015,4504,26/07/2015,"Domingo",0,17:50:00,"Ruta Nacional 168","0.0",2,"Automóvil,Automóvil","Nicasio Oroño ",3,2,0,0,0,0,1,,"Ruta",168,"SANTA FE","La Capital","S/D","S/D","I","Dentro","Urbana","S/D","S/D","Puente","S/D","S/D","Diurna","S/D","De alcance","S/D","Colisión","S/D","S/D","S/D","S/D"
2015,4505,26/07/2015,"Domingo",0,03:30:00,,"0.0",2,"Moto/Ciclomotor,Moto/Ciclomotor","Baron Hirsch Y Mitre",3,3,0,0,0,0,0,,"Calle",,"MOISÉS VILLE","San Cristóbal","Asfalto","No existe","XIII","S/D","Urbana","Ninguna","No existe","Intersección","Bueno","Buena","Nocturna","Buen Tiempo","Lateral","S/D","Colisión","Ninguna","Faltante","Ninguna","Sin restricción"
2015,4506,24/06/2015,"Miercoles",0,17:50:00,,"0.0",2,"Moto/Ciclomotor,Peatón"," ",2,1,0,0,1,0,0,,"Calle",,"PEREZ","Rosario","Asfalto","No existe","II","S/D","Urbana","Ninguna","No existe","Recta","Bueno","Buena","Diurna","Buen Tiempo","S/D","S/D","Atropello","S/D","Faltante","Ninguna","Sin restricción"
2015,4507,09/07/2015,"Jueves",0,01:20:00,"Ruta Nacional 34","344.0",2,"Camión,Pickup/Utilitario"," ",6,1,1,0,4,0,0,,"Ruta",34,"ARRUFÓ","San Cristóbal","Asfalto","Natural","XIII","Dentro","Rural","Marca Vial","No existe","Curva","Bueno","Reducida","Nocturna","Buen Tiempo","Lateral","S/D","Colisión","Otro","Vertical","Línea divisoria pintada","Sin restricción"
2015,4508,04/07/2015,"Sabado",0,15:00:00,"Ruta Provincial 14","76.0",3,"Automóvil,Automóvil,Automóvil"," ",5,1,0,0,4,0,0,,"Ruta",14,"BOMBAL","Constitución","Asfalto","Natural","VI","Dentro","Rural","Ninguna","No existe","Recta","Ahuellamiento","Buena","Diurna","Buen Tiempo","Múltiple","S/D","Colisión","Ninguna","Faltante","Ninguna","Sin restricción"
2015,4509,02/07/2015,"Jueves",0,12:20:00,,"0.0",2,"Automóvil,Moto/Ciclomotor","Aaron Castellanos Y Rodriguez Peña",6,1,0,0,5,0,0,,"Calle",,"ESPERANZA","Las Colonias","Asfalto","No existe","XI","Dentro","Urbana","Ninguna","No existe","Intersección","Bueno","Buena","Diurna","Buen Tiempo","Frontal","S/D","Colisión","Ninguna","Faltante","Ninguna","Sin restricción"
2015,4510,16/06/2015,"Martes",0,09:30:00,"Ruta Nacional A012","61.8",2,"Automóvil,Moto/Ciclomotor"," ",2,1,0,0,1,0,0,,"Ruta","A012","RICARDONE","San Lorenzo","Asfalto","Natural","XVII","S/D","Urbana","S/D","No funciona","Recta","Bueno","Buena","Diurna","Buen Tiempo","S/D","S/D","Colisión","Ninguna","Vertical","Ninguna","Sin restricción"
2015,4511,05/07/2015,"Domingo",0,05:10:00,,"0.0",2,"Automóvil,Moto/Ciclomotor","Hipolito Vieytes Y Lavalle",3,1,0,0,2,0,0,,"Calle",,"CERES","San Cristóbal","Asfalto","No existe","XIII","S/D","Urbana","Ninguna","No existe","Intersección","Bueno","Buena","Atardecer,Con luz artificial","Buen Tiempo","Lateral","S/D","Colisión","S/D","Vertical","Ninguna","Sin restricción"
2015,4512,13/06/2015,"Sabado",0,23:30:00,,"0.0",1,"Moto/Ciclomotor","Alvear Y Castellanos",3,2,0,0,1,0,0,,"Calle",,"SANTA FE","La Capital","S/D","S/D","I","S/D","Urbana","S/D","S/D","Intersección","S/D","S/D","Nocturna","S/D","S/D","S/D","Colisión","S/D","S/D","S/D","S/D"
2015,4513,24/07/2015,"Viernes",0,19:00:00,,"0.0",2,"Moto/Ciclomotor,Pickup/Utilitario","ROTONDA CLUB COLON ",2,1,0,0,1,0,0,,"Calle",,"SANTA FE","La Capital","S/D","S/D","I","S/D","Urbana","S/D","S/D","Rotonda","S/D","S/D","Atardecer","S/D","S/D","S/D","Colisión","S/D","S/D","S/D","S/D"
2015,4514,29/07/2015,"Miercoles",0,09:05:00,,"0.0",2,"Moto/Ciclomotor,Automóvil","Hernandarias Y Alvear",2,1,0,0,1,0,0,,"Calle",,"SANTA FE","La Capital","Asfalto","No existe","I","S/D","Urbana","Ninguna","No existe","Intersección","Bueno","Buena","Diurna","Buen Tiempo","Lateral","S/D","Colisión","Ninguna","S/D","Ninguna","Sin restricción"
2015,4515,27/07/2015,"Lunes",0,22:40:00,,"0.0",2,"Automóvil,Moto/Ciclomotor","Bernardino Rivadavia Y Santa Fe",2,1,0,0,1,0,0,,"Avenida",,"TORTUGAS","Belgrano","Hormigón","No existe","III","Dentro","Urbana","Ninguna","No existe","Intersección","Bueno","Buena","Nocturna","Buen Tiempo","De alcance","S/D","Colisión","Ninguna","Vertical","Ninguna","Sin restricción"
2015,4516,30/07/2015,"Jueves",0,10:55:00,"Autopista Nacional Rosario -Cordoba","389.0",1,"Pickup/Utilitario"," ",1,1,0,0,0,0,0,,"Autopista","Rosario -Cordoba","TORTUGAS","Belgrano","Asfalto","Pavimento","III","Fuera","Rural","Ninguna","No existe","Recta","Bueno","Reducida","Diurna","Lluvia","S/D","S/D","Vuelco,Despiste","Agua","Horizontal","Vegetación","Sin restricción"
2015,4517,30/07/2015,"Jueves",0,22:30:00,,"0.0",2,"Moto/Ciclomotor,Automóvil","Pje Calcena Y Velez Sarsfield",2,1,0,0,1,0,0,,"Calle",,"SANTA FE","La Capital","Asfalto","No existe","I","S/D","Urbana","Ninguna","No existe","Intersección","Bueno","Reducida","Nocturna","Buen Tiempo","Lateral","S/D","Colisión","S/D","S/D","S/D","Sin restricción"
2015,4518,11/07/2015,"Sabado",0,06:30:00,,"0.0",1,"Moto/Ciclomotor"," ",2,0,0,2,0,0,0,,"Calle",,"VILLA MINETTI","9 de Julio","Tierra","No existe","XII","Fuera","Rural","Ninguna","S/D","Recta","Bueno","Reducida","Nocturna","Niebla","Otro","S/D","Despiste","S/D","Faltante","Ninguna","S/D"
2015,4519,20/04/2015,"Lunes",0,07:00:00,,"0.0",2,"Otros,Otros","IRIONDO Y BV INDEPENDENCIA",2,1,0,0,0,0,1,,"Calle",,"FUENTES","San Lorenzo","Asfalto","No existe","XVII","Dentro","Urbana","Ninguna","No existe","Intersección","Bueno","Buena","Amanecer","Buen Tiempo","Lateral","S/D","Colisión","Ninguna","Faltante","Ninguna","Sin restricción"
2015,4520,16/05/2015,"Sabado",0,09:30:00,"Ruta Provincial 1","2.5",2,"Automóvil,Moto/Ciclomotor"," ",2,1,0,0,0,0,1,,"Ruta",1,"COLASTINE","La Capital","Asfalto","Natural","I","S/D","Urbana","Ninguna","No existe","Recta","Bueno","S/D","S/D","Buen Tiempo","Lateral","S/D","Colisión","Ninguna","Horizontal","Ninguna","Reparación de Vía"
2015,4521,16/07/2015,"Jueves",0,12:00:00,,"0.0",2,"Automóvil,Moto/Ciclomotor","Mariano Moreno Y 9 de Julio",2,1,0,0,1,0,0,,"Calle",,"VILLA MINETTI","9 de Julio","Ripio","No existe","XII","S/D","Urbana","Ninguna","No existe","Intersección","Bueno","Buena","Diurna","Buen Tiempo","Lateral","S/D","Colisión","S/D","Faltante","Ninguna","S/D"
2015,4522,17/06/2015,"Miercoles",0,12:35:00,,"0.0",2,"Automóvil,Pickup/Utilitario","San Martin Y Ameghino",2,2,0,0,0,0,0,,"Avenida",,"ROSARIO","Rosario","Asfalto","S/D","II","Dentro","Urbana","S/D","S/D","Cruce","Bueno","S/D","S/D","S/D","S/D","S/D","Colisión","S/D","S/D","S/D","S/D"