"anio_acci","nro_acci","fecha","desc_dia","fecha_aprox","hora_aprox","desc_ruta","km","cant_participantes","desc_participante","calle_avenida_km","total","heridos_leves","heridos_graves","heridos_gravisimos","ilesos","fallecidos","sin_datos","posicion_XY","desc_tipo_via","desc_ruta_ori","desc_loc","desc_dpto","desc_tipo_calzada","desc_tipo_banquina","desc_unidad_regional","desc_lugar_calzada","desc_zona","desc_prioridad","desc_estado_semaforo","desc_lugar_via","desc_estado_via","desc_estado_visibilidad","desc_luminosidad","desc_estado_clima","desc_tipo_colision","desc_tipo_atropello","desc_tipo_hecho","desc_pres_calzada","desc_senializacion","desc_separacion_via","desc_restriccion"
2015,4523,23/06/2015,"Martes",0,16:00:00,,"0.0",2,"Moto/Ciclomotor,Moto/Ciclomotor","Amenabar Y J.M.de Rosas",2,1,0,0,1,0,0,,"Calle",,"ROSARIO","Rosario","Asfalto","No existe","II","Dentro","Urbana","Ninguna","No existe","Intersección","Bueno","Buena","Diurna","Buen Tiempo","Lateral","S/D","Colisión","Ninguna","Faltante","Ninguna","Sin restricción"
2015,4524,30/05/2015,"Sabado",0,02:10:00,,"0.0",2,"Moto/Ciclomotor,Automóvil","Bv. Segui Y Laprida",3,2,0,0,1,0,0,,"Calle",,"ROSARIO","Rosario","Asfalto","No existe","II","Dentro","Urbana","Ninguna","No existe","Intersección","Bueno","Buena","Nocturna,Con luz artificial","Buen Tiempo","Lateral","S/D","Colisión","S/D","Faltante","Cordón divisorio","Sin restricción"
2015,4525,18/07/2015,"Sabado",0,18:20:00,,"0.0",1,"Moto/Ciclomotor","Cristobal Colon 1100",1,0,1,0,0,0,0,,"Calle",,"SAN CRISTÓBAL","San Cristóbal","Tierra","No existe","XIII","Dentro","S/D","Ninguna","No existe","Recta","Bueno","Buena","Diurna","Buen Tiempo","Otro","S/D","Caída ocupante","Ninguna","Faltante","Ninguna","Sin restricción"
2015,4526,16/06/2015,"Martes",0,19:05:00,,"0.0",2,"Peatón,Transporte de Pasajeros Urbano (> 8 asientos)","San Martin Y Amenabar",2,1,0,0,1,0,0,,"Avenida",,"ROSARIO","Rosario","Asfalto","S/D","II","Dentro","Urbana","Semáforo","S/D","Recta","Bueno","Buena","Con luz artificial","S/D","S/D","S/D","Atropello","S/D","Vertical","S/D","S/D"
2015,4527,16/06/2015,"Martes",0,18:00:00,,"0.0",2,"Moto/Ciclomotor,Transporte de Pasajeros Urbano (> 8 asientos)","Sanchez de Bustamante ",2,1,0,0,1,0,0,,"Calle",,"ROSARIO","Rosario","S/D","S/D","II","S/D","Urbana","S/D","S/D","Recta","S/D","S/D","Diurna","S/D","S/D","S/D","Colisión","S/D","S/D","S/D","S/D"
2015,4528,20/06/2015,"Sabado",0,01:30:00,,"0.0",2,"Automóvil,Moto/Ciclomotor","Buenos Aires Y Bv. Segui",2,1,0,0,1,0,0,,"Calle",,"ROSARIO","Rosario","Asfalto","No existe","II","Dentro","Urbana","Ninguna","No existe","Intersección","Bueno","Buena","Nocturna,Con luz artificial","Buen Tiempo","Lateral","S/D","Colisión","Ninguna","Faltante","Cordón divisorio","Sin restricción"
2015,4529,03/06/2015,"Miercoles",0,19:00:00,"Ruta Provincial 31","0.0",1,"Moto/Ciclomotor"," ",1,1,0,0,0,0,0,,"Ruta",31,"TARTAGAL","Vera","S/D","S/D","XIX","Dentro","Rural","S/D","S/D","Recta","Bueno","Reducida","Atardecer","Lluvia","Atropello animal","S/D","Colisión","Agua","S/D","S/D","S/D"
2015,4530,05/06/2015,"Viernes",0,17:45:00,,"0.0",2,"Moto/Ciclomotor,Automóvil","Rueda Y Maipu",3,2,0,0,1,0,0,,"Calle",,"ROSARIO","Rosario","Asfalto","No existe","II","Dentro","Urbana","Ninguna","No existe","Intersección","Bueno","Buena","Diurna","Buen Tiempo","Lateral","S/D","Colisión","Agua","Faltante","Ninguna","Sin restricción"
2015,4531,27/06/2015,"Sabado",0,10:30:00,,"0.0",2,"Moto/Ciclomotor,Pickup/Utilitario","Av. Uriburu Y J.M.de Rosas",2,1,0,0,1,0,0,,"Calle",,"ROSARIO","Rosario","Asfalto","No existe","II","Dentro","Urbana","Ninguna","No existe","Intersección","Bueno","Buena","Diurna","Buen Tiempo","Lateral","S/D","Colisión","Ninguna","Faltante","Ninguna","Sin restricción"
2015,4532,01/06/2015,"Lunes",0,17:00:00,,"0.0",2,"Moto/Ciclomotor,Automóvil","Ayacucho Y Dean Funes",3,2,0,0,1,0,0,,"Calle",,"ROSARIO","Rosario","Asfalto","No existe","II","Dentro","Urbana","Ninguna","No funciona","Intersección","Bueno","Buena","Diurna","Buen Tiempo","Lateral","S/D","Colisión","S/D","Faltante","Ninguna","Sin restricción"
2015,4533,12/06/2015,"Viernes",0,19:00:00,,"0.0",1,"Moto/Ciclomotor","Bv. Segui Y Santiago",1,1,0,0,0,0,0,,"Avenida",,"ROSARIO","Rosario","S/D","S/D","II","Dentro","Urbana","S/D","S/D","Intersección","S/D","S/D","Atardecer","S/D","S/D","S/D","Caída ocupante","S/D","S/D","S/D","S/D"
2015,4534,16/06/2015,"Martes",0,17:45:00,,"0.0",2,"Bicicleta,Automóvil","Chacabuco Y Gaboto",3,2,0,0,1,0,0,,"Calle",,"ROSARIO","Rosario","Asfalto","No existe","II","Dentro","Urbana","Ninguna","No existe","Intersección","Bueno","Buena","Diurna","Buen Tiempo","S/D","S/D","Atropello","Ninguna","Faltante","Ninguna","S/D"
2015,4535,30/04/2015,"Jueves",0,10:30:00,,"0.0",2,"Moto/Ciclomotor,Automóvil","Av. Ovidio Lagos Y Av. Circunvalacion",3,2,0,0,1,0,0,,"Calle",,"ROSARIO","Rosario","S/D","Pavimento","II","Dentro","Urbana","Semáforo","Funciona","Intersección","Bueno","Buena","Diurna","Buen Tiempo","De alcance","S/D","Colisión","S/D","Horizontal,Vertical","Guardarrail","Sin restricción"
2015,4536,19/06/2015,"Viernes",0,14:50:00,,"0.0",2,"Automóvil,Moto/Ciclomotor","Av. Corrientes Y Ocampo",2,1,0,0,1,0,0,,"Calle",,"ROSARIO","Rosario","Asfalto","S/D","II","Dentro","Urbana","S/D","S/D","Curva","Bueno","Buena","Diurna","Buen Tiempo","Lateral","S/D","Colisión","S/D","S/D","S/D","S/D"
2015,4537,13/06/2015,"Sabado",0,,,"0.0",2,"Automóvil,Pickup/Utilitario","San Martin Y Bv. Segui",2,1,0,0,1,0,0,,"Calle",,"ROSARIO","Rosario","S/D","S/D","II","Dentro","Urbana","S/D","S/D","Intersección","S/D","S/D","S/D","S/D","S/D","S/D","Colisión","S/D","S/D","S/D","S/D"
2015,4538,20/05/2015,"Miercoles",0,09:00:00,,"0.0",2,"Moto/Ciclomotor,Automóvil","Ayolas Y Beruti",3,2,0,0,1,0,0,,"Calle",,"ROSARIO","Rosario","S/D","No existe","II","Dentro","Urbana","Ninguna","No existe","Intersección","Bueno","Buena","Diurna","Buen Tiempo","Lateral","S/D","Colisión","S/D","Faltante","Ninguna","Sin restricción"
2015,4539,25/06/2015,"Jueves",0,16:35:00,,"0.0",2,"Moto/Ciclomotor,Otros","Alvear Y Castellanos",3,2,0,0,1,0,0,,"Calle",,"SANTA FE","La Capital","S/D","S/D","II","Dentro","Urbana","S/D","S/D","Intersección","S/D","Buena","Diurna","S/D","Lateral","S/D","Colisión","S/D","S/D","S/D","S/D"
2015,4540,28/06/2015,"Domingo",0,12:25:00,,"0.0",2,"Automóvil,Automóvil","Entre Rios Y Mr.Ross",3,1,0,0,2,0,0,,"Calle",,"ROSARIO","Rosario","S/D","S/D","II","Dentro","Urbana","S/D","S/D","Intersección","S/D","Buena","Diurna","S/D","S/D","S/D","Colisión","S/D","S/D","S/D","S/D"
2015,4541,19/06/2015,"Viernes",0,16:00:00,,"0.0",2,"Automóvil,Automóvil","Ayacucho 16:00",2,1,0,0,1,0,0,,"Calle",,"ROSARIO","Rosario","Asfalto","No existe","II","Dentro","Urbana","Ninguna","No existe","Intersección","Bueno","Buena","Diurna","Buen Tiempo","Otro","S/D","Colisión","Ninguna","Faltante","Ninguna","Sin restricción"
2015,4542,23/06/2015,"Martes",0,13:00:00,,"0.0",2,"Moto/Ciclomotor,Automóvil","Centeno Y Necochea",3,2,0,0,1,0,0,,"Calle",,"ROSARIO","Rosario","Asfalto","No existe","II","Dentro","Urbana","Ninguna","No existe","Intersección","Bueno","Buena","Diurna","Buen Tiempo","Lateral","S/D","Colisión","Ninguna","Faltante","Ninguna","Sin restricción"
2015,4543,23/06/2015,"Martes",0,16:00:00,,"0.0",2,"Moto/Ciclomotor,Automóvil","Buenos Aires Y Amenabar",3,2,0,0,1,0,0,,"Calle",,"ROSARIO","Rosario","Asfalto","No existe","II","Dentro","Urbana","Ninguna","No existe","Intersección","Bueno","Buena","Diurna","Buen Tiempo","Lateral","S/D","Colisión","Ninguna","Faltante","Ninguna","Sin restricción"
2015,4544,13/06/2015,"Sabado",0,07:50:00,,"0.0",1,"Automóvil","Av. Ntra.Sra.del Rosario 300",2,2,0,0,0,0,0,,"Avenida",,"ROSARIO","Rosario","Asfalto","No existe","II","Dentro","Urbana","Semáforo","Funciona","Recta","Bueno","S/D","Nocturna","Otro","S/D","S/D","Caída ocupante","S/D","S/D","Ninguna","Sin restricción"
2015,4545,12/06/2015,"Viernes",0,,,"0.0",2,"Moto/Ciclomotor,Taxi/Remis","Av. Corrientes Y Ayolas",2,1,0,0,1,0,0,,"S/D",,"ROSARIO","Rosario","S/D","S/D","II","S/D","S/D","S/D","S/D","Intersección","S/D","S/D","S/D","S/D","S/D","S/D","Colisión","S/D","S/D","S/D","S/D"
2015,4546,19/06/2015,"Viernes",0,13:12:00,,"0.0",2,"Automóvil,Moto/Ciclomotor","Bv. Segui Y L.N.Alem",2,1,0,0,1,0,0,,"Calle",,"ROSARIO","Rosario","Asfalto","No existe","II","Dentro","Urbana","Ninguna","No existe","Intersección","Bueno","Buena","Diurna","Otro","Lateral","S/D","Colisión","Ninguna","Faltante","Cordón divisorio","Sin restricción"
2015,4547,11/06/2015,"Jueves",0,,,"0.0",2,"Pickup/Utilitario,Moto/Ciclomotor","Av. Corrientes Y Dean Funes",3,2,0,0,1,0,0,,"Calle",,"ROSARIO","Rosario","S/D","S/D","II","Dentro","Urbana","S/D","S/D","Intersección","S/D","S/D","S/D","S/D","S/D","S/D","Colisión","S/D","S/D","S/D","S/D"
2015,4548,12/06/2015,"Viernes",0,10:00:00,,"0.0",2,"Peatón,Pickup/Utilitario","Ayacucho Y Av. Arijon",2,1,0,0,1,0,0,,"Avenida",,"ROSARIO","Rosario","Asfalto","No existe","II","S/D","Urbana","Semáforo","Funciona","Intersección","Bueno","Buena","Diurna","Buen Tiempo","S/D","S/D","Atropello","S/D","S/D","Línea divisoria pintada","Sin restricción"
2015,4549,18/06/2015,"Jueves",0,20:30:00,,"0.0",2,"Automóvil,Moto/Ciclomotor","Grandoli Y Bv. Segui",2,1,0,0,1,0,0,,"Calle",,"ROSARIO","Rosario","Asfalto","No existe","II","Dentro","Urbana","Ninguna","No existe","Intersección","Bueno","Buena","Nocturna","Buen Tiempo","Lateral","S/D","Colisión","Ninguna","Faltante","Cordón divisorio","Sin restricción"
2015,4550,15/06/2015,"Lunes",0,,,"0.0",3,"Automóvil,Moto/Ciclomotor,Moto/Ciclomotor","Dr.Rivas Y San Martin",3,1,0,0,2,0,0,,"Avenida",,"ROSARIO","Rosario","Asfalto","S/D","II","Dentro","Urbana","Semáforo","Intermitente","Intersección","Bueno","Buena","Nocturna","S/D","Lateral","S/D","Colisión","Ninguna","S/D","S/D","S/D"
2015,4551,09/06/2015,"Martes",0,20:10:00,,"0.0",2,"Bicicleta,Moto/Ciclomotor","Saavedra Y Sarmiento",2,1,0,0,1,0,0,,"Calle",,"ROSARIO","Rosario","S/D","S/D","II","Dentro","Urbana","S/D","No existe","Intersección","S/D","S/D","Nocturna","S/D","S/D","S/D","Atropello","S/D","S/D","S/D","S/D"
2015,4552,14/06/2015,"Domingo",0,16:30:00,,"0.0",2,"Moto/Ciclomotor,Automóvil","Beruti Y Gaboto",2,1,0,0,1,0,0,,"Calle",,"ROSARIO","Rosario","Asfalto","No existe","II","Dentro","Urbana","Ninguna","No existe","Intersección","Bueno","Buena","Diurna","Buen Tiempo","Lateral","S/D","Colisión","Ninguna","Faltante","Ninguna","Sin restricción"
2015,4553,07/06/2015,"Domingo",0,17:10:00,,"0.0",2,"Automóvil,Moto/Ciclomotor","Pte.Quintana Y L.N.Alem",3,2,0,0,1,0,0,,"Calle",,"ROSARIO","Rosario","Asfalto","No existe","II","Dentro","Urbana","Ninguna","No existe","Intersección","Bueno","Buena","Diurna","Buen Tiempo","Lateral","S/D","Colisión","S/D","Faltante","Ninguna","Sin restricción"
2015,4554,08/06/2015,"Lunes",0,08:00:00,,"0.0",2,"Moto/Ciclomotor,Automóvil","Bv. Segui Y Italia",2,1,0,0,1,0,0,,"Avenida",,"ROSARIO","Rosario","Asfalto","S/D","II","Dentro","Urbana","S/D","S/D","Intersección","Bueno","Buena","Diurna","Buen Tiempo","Lateral","S/D","Colisión","S/D","S/D","S/D","S/D"
2015,4555,08/06/2015,"Lunes",0,21:30:00,,"0.0",2,"Moto/Ciclomotor,Automóvil","Centeno Y Sarmiento",2,1,0,0,1,0,0,,"Calle",,"ROSARIO","Rosario","Asfalto","S/D","II","Dentro","Urbana","S/D","S/D","Intersección","Bueno","S/D","Nocturna,Con luz artificial","Buen Tiempo","Lateral","S/D","Colisión","S/D","S/D","S/D","S/D"
2015,4556,23/06/2015,"Martes",0,09:55:00,,"0.0",2,"Automóvil,Pickup/Utilitario","Sarmiento Y Viamonte",2,1,0,0,1,0,0,,"Calle",,"ROSARIO","Rosario","Asfalto","S/D","II","Dentro","Urbana","S/D","S/D","Intersección","Bueno","Buena","Diurna","Buen Tiempo","Lateral","S/D","Colisión","S/D","S/D","S/D","S/D"
2015,4557,06/06/2015,"Sabado",0,12:05:00,,"0.0",2,"Bicicleta,Automóvil","Av. Corrientes Y Olegario V.Andrade",2,1,0,0,1,0,0,,"Calle",,"ROSARIO","Rosario","S/D","S/D","II","Dentro","Urbana","S/D","S/D","Intersección","S/D","S/D","Diurna","S/D","S/D","S/D","Atropello","S/D","S/D","S/D","S/D"
2015,4558,03/06/2015,"Miercoles",0,11:58:00,,"0.0",2,"Bicicleta,Automóvil","Reg.11 de Infanteria Y Mitre",2,1,0,0,1,0,0,,"Calle",,"ROSARIO","Rosario","S/D","S/D","II","Dentro","Urbana","S/D","S/D","Intersección","S/D","Buena","Diurna","S/D","S/D","S/D","Atropello","S/D","S/D","S/D","S/D"
2015,4559,01/06/2015,"Lunes",0,17:00:00,,"0.0",2,"Automóvil,Automóvil","Pte.Roca Y Hilarion de la Quintana",2,1,0,0,1,0,0,,"Calle",,"ROSARIO","Rosario","Asfalto","S/D","II","Dentro","Urbana","S/D","S/D","Intersección","S/D","Buena","Diurna","S/D","Lateral","S/D","Colisión","S/D","S/D","S/D","S/D"
2015,4560,07/06/2015,"Domingo",0,14:50:00,,"0.0",2,"Automóvil,Moto/Ciclomotor","Amenabar Y Necochea",3,2,0,0,1,0,0,,"Calle",,"ROSARIO","Rosario","Asfalto","No existe","II","Dentro","Urbana","Ninguna","No existe","Intersección","Bueno","Buena","Diurna","Buen Tiempo","Lateral","S/D","Colisión","S/D","Faltante","Ninguna","Sin restricción"
2015,4561,23/06/2015,"Martes",0,16:05:00,,"0.0",2,"Automóvil,Moto/Ciclomotor","Bv. Oroño 2500",2,1,0,0,1,0,0,,"Avenida",,"ROSARIO","Rosario","Asfalto","S/D","II","Dentro","Urbana","Semáforo","Funciona","Recta","Bueno","Buena","Diurna","Buen Tiempo","De alcance","S/D","Colisión","S/D","Vertical","Cordón divisorio","S/D"
2015,4562,08/06/2015,"Lunes",0,17:15:00,,"0.0",2,"Pickup/Utilitario,Moto/Ciclomotor","Bv. Segui Y Mitre",3,1,0,0,2,0,0,,"Avenida",,"ROSARIO","Rosario","Asfalto","S/D","II","Dentro","Urbana","S/D","No existe","Intersección","Bueno","Buena","Diurna","S/D","Lateral","S/D","Colisión","S/D","S/D","S/D","Sin restricción"
2015,4563,08/06/2015,"Lunes",0,11:00:00,,"0.0",2,"Automóvil,Bicicleta","Necochea Y Garay",2,1,0,0,1,0,0,,"Calle",,"ROSARIO","Rosario","Asfalto","No existe","II","Dentro","Urbana","Ninguna","No existe","Intersección","Bueno","Buena","Diurna","Buen Tiempo","S/D","S/D","Atropello","Ninguna","Faltante","Ninguna","Sin restricción"
2015,4564,12/06/2015,"Viernes",0,17:50:00,,"0.0",2,"Moto/Ciclomotor,Automóvil","Ayacucho 5500",3,1,0,0,2,0,0,,"Avenida",,"ROSARIO","Rosario","Asfalto","No existe","II","Dentro","Urbana","Semáforo","Funciona","Recta","Bueno","S/D","Diurna","Buen Tiempo","Lateral","S/D","Colisión","S/D","S/D","Ninguna","Sin restricción"
2015,4565,25/06/2015,"Jueves",0,15:00:00,,"0.0",2,"Bicicleta,Automóvil","Cerrito Y Paraguay",2,1,0,0,1,0,0,,"Calle",,"ROSARIO","Rosario","Asfalto","S/D","II","Dentro","Urbana","S/D","S/D","Recta","Bueno","Buena","Diurna","Buen Tiempo","S/D","S/D","Atropello","S/D","S/D","S/D","S/D"
2015,4566,31/05/2015,"Domingo",0,18:00:00,,"0.0",2,"Moto/Ciclomotor,Automóvil","1 de Mayo Y Rueda",2,1,0,0,1,0,0,,"Calle",,"ROSARIO","Rosario","Asfalto","No existe","II","Dentro","Urbana","Ninguna","No existe","Intersección","Bueno","Buena","Atardecer","Buen Tiempo","De alcance","S/D","Atropello","Ninguna","Faltante","Ninguna","Sin restricción"
2015,4567,12/06/2015,"Viernes",0,20:50:00,,"0.0",2,"Automóvil,Moto/Ciclomotor","L.N.Alem Y Bv. Segui",3,2,0,0,1,0,0,,"Calle",,"ROSARIO","Rosario","Asfalto","No existe","II","Dentro","Urbana","Ninguna","No existe","Intersección","Bueno","Buena","Nocturna","Buen Tiempo","Lateral","S/D","Colisión","S/D","Faltante","Cordón divisorio","Sin restricción"
2015,4568,08/06/2015,"Lunes",0,06:40:00,,"0.0",2,"Moto/Ciclomotor,Automóvil","Av. Uriburu Y L.N.Alem",2,1,0,0,1,0,0,,"Avenida",,"ROSARIO","Rosario","Asfalto","S/D","II","Dentro","Urbana","S/D","S/D","Intersección","S/D","S/D","Diurna","Buen Tiempo","Lateral","S/D","Colisión","S/D","S/D","Ninguna","Sin restricción"
2015,4569,26/06/2015,"Viernes",0,05:45:00,,"0.0",2,"Automóvil,Automóvil","Paraguay Y Pasco",2,1,0,0,1,0,0,,"Calle",,"ROSARIO","Rosario","Asfalto","S/D","II","Dentro","Urbana","S/D","S/D","Recta","Bueno","Buena","Nocturna,Con luz artificial","Buen Tiempo","Lateral","S/D","Colisión","S/D","S/D","S/D","S/D"
2015,4570,27/06/2015,"Sabado",0,12:15:00,,"0.0",2,"Peatón,Automóvil","San Martin Y Rueda",2,1,0,0,1,0,0,,"Calle",,"ROSARIO","Rosario","Asfalto","S/D","II","S/D","Urbana","Semáforo","Funciona","Recta","Bueno","Buena","Diurna","Buen Tiempo","S/D","S/D","Atropello","S/D","S/D","Línea divisoria pintada","S/D"
2015,4571,29/06/2015,"Lunes",0,07:55:00,,"0.0",2,"Moto/Ciclomotor,Automóvil","Av. Pellegrini 2400",2,1,0,0,1,0,0,,"Avenida",,"ROSARIO","Rosario","Asfalto","S/D","II","S/D","S/D","S/D","S/D","Recta","Bueno","Buena","Diurna","Buen Tiempo","Lateral","S/D","Colisión","S/D","S/D","S/D","S/D"
2015,4572,15/06/2015,"Lunes",0,09:00:00,,"0.0",2,"Moto/Ciclomotor,Automóvil","Buenos Aires Y Saavedra",3,2,0,0,1,0,0,,"Calle",,"ROSARIO","Rosario","Asfalto","No existe","II","Dentro","Urbana","Ninguna","No existe","Intersección","Bueno","Buena","Diurna","Buen Tiempo","De alcance","S/D","Colisión","S/D","Faltante","Ninguna","Sin restricción"
2015,4573,06/06/2015,"Sabado",0,22:40:00,,"0.0",2,"Moto/Ciclomotor,Automóvil","Pavon Y H. Quiroga",2,1,0,0,1,0,0,,"Calle",,"ROSARIO","Rosario","Asfalto","No existe","II","S/D","Urbana","Ninguna","No existe","Intersección","Bueno","Buena","Nocturna","Buen Tiempo","Lateral","S/D","Colisión","S/D","S/D","Ninguna","Sin restricción"
2015,4574,16/06/2015,"Martes",0,10:55:00,,"0.0",2,"Moto/Ciclomotor,Pickup/Utilitario","España Y Garibaldi",2,1,0,0,1,0,0,,"Calle",,"ROSARIO","Rosario","Asfalto","S/D","II","Dentro","Urbana","S/D","S/D","Intersección","Bueno","S/D","Diurna","Buen Tiempo","S/D","S/D","Colisión","S/D","S/D","S/D","S/D"
2015,4575,26/06/2015,"Viernes",0,02:00:00,,"0.0",2,"Moto/Ciclomotor,Moto/Ciclomotor","Saavedra Y Bv. Oroño",2,2,0,0,0,0,0,,"Avenida",,"ROSARIO","Rosario","Asfalto","S/D","II","S/D","Urbana","S/D","S/D","Intersección","Bueno","S/D","Nocturna","S/D","S/D","S/D","Colisión","S/D","S/D","S/D","S/D"
2015,4576,04/06/2015,"Jueves",0,11:20:00,,"0.0",2,"Bicicleta,Automóvil","1 de Mayo Y Dr.Rivas",2,1,0,0,1,0,0,,"Calle",,"ROSARIO","Rosario","Asfalto","No existe","II","Dentro","Urbana","S/D","No existe","Recta","Bueno","Buena","Diurna","Buen Tiempo","S/D","S/D","Atropello","S/D","Faltante","Ninguna","Sin restricción"
2015,4577,25/06/2015,"Jueves",0,17:10:00,,"0.0",2,"Moto/Ciclomotor,Pickup/Utilitario","Mitre Y Uruguay",3,2,0,0,1,0,0,,"Calle",,"ROSARIO","Rosario","Asfalto","S/D","II","S/D","Urbana","S/D","S/D","Intersección","S/D","S/D","Diurna","S/D","S/D","S/D","Colisión","S/D","S/D","S/D","S/D"
2015,4578,01/06/2015,"Lunes",0,10:00:00,,"0.0",2,"Moto/Ciclomotor,Pickup/Utilitario","Bv. Segui Y Buenos Aires",2,1,0,0,1,0,0,,"Calle",,"ROSARIO","Rosario","Asfalto","No existe","II","Dentro","Urbana","Ninguna","No existe","Intersección","Bueno","Buena","Diurna","Buen Tiempo","Lateral","S/D","Colisión","S/D","Faltante","Cordón divisorio","Sin restricción"
2015,4579,02/06/2015,"Martes",0,12:30:00,,"0.0",2,"Moto/Ciclomotor,Taxi/Remis","San Martin Y Pasco",2,1,0,0,1,0,0,,"Calle",,"ROSARIO","Rosario","Asfalto","S/D","II","Dentro","Urbana","S/D","S/D","Intersección","Bueno","Buena","Diurna","Buen Tiempo","De alcance","S/D","Colisión","S/D","S/D","S/D","S/D"
2015,4580,26/06/2015,"Viernes",0,21:30:00,,"0.0",2,"Moto/Ciclomotor,Moto/Ciclomotor","Necochea Y 24 De Setiembre",2,2,0,0,0,0,0,,"Calle",,"ROSARIO","Rosario","Asfalto","No existe","II","Dentro","Urbana","Ninguna","No existe","Intersección","Bueno","Buena","Nocturna,Con luz artificial","Buen Tiempo","Lateral","S/D","Colisión","S/D","Faltante","Ninguna","Sin restricción"
2015,4581,13/06/2015,"Sabado",0,19:30:00,,"0.0",2,"Automóvil,Moto/Ciclomotor","San Martin Y Galvez",2,1,0,0,1,0,0,,"Avenida",,"ROSARIO","Rosario","Asfalto","S/D","II","Dentro","Urbana","Semáforo","Funciona","Intersección","Bueno","Buena","Nocturna,Con luz artificial","Buen Tiempo","Lateral","S/D","Colisión","S/D","Vertical","S/D","S/D"
2015,4582,30/06/2015,"Martes",0,10:30:00,,"0.0",2,"Moto/Ciclomotor,Automóvil","Callao Y Mr.Ross",2,1,0,0,1,0,0,,"Calle",,"ROSARIO","Rosario","S/D","S/D","II","Dentro","Urbana","S/D","S/D","Intersección","S/D","S/D","Diurna","S/D","S/D","S/D","Colisión","S/D","S/D","S/D","S/D"
2015,4583,25/06/2015,"Jueves",0,12:50:00,,"0.0",2,"Automóvil,Moto/Ciclomotor","Necochea Y Ayolas",2,1,0,0,1,0,0,,"Calle",,"ROSARIO","Rosario","Asfalto","No existe","II","Dentro","Urbana","Semáforo","No existe","Intersección","Bueno","Buena","Diurna","Buen Tiempo","Lateral","S/D","Colisión","S/D","Faltante","Ninguna","Sin restricción"
2015,4584,18/06/2015,"Jueves",0,09:45:00,,"0.0",2,"Bicicleta,Pickup/Utilitario","Justo Juan Bautista 272",2,1,0,0,1,0,0,,"Calle",,"ARROYO SECO","Rosario","Asfalto","S/D","II","Dentro","Urbana","Ninguna","S/D","Recta","Bueno","S/D","Diurna","Buen Tiempo","S/D","S/D","Atropello","S/D","Faltante","Ninguna","Sin restricción"
2015,4585,13/06/2015,"Sabado",0,05:40:00,"Ruta Provincial 21","0.0",2,"Automóvil,Automóvil"," ",2,2,0,0,0,0,0,,"Ruta",21,"ARROYO SECO","Rosario","Asfalto","S/D","II","S/D","Urbana","Ninguna","S/D","Recta","Bueno,Ahuellamiento","S/D","Amanecer","Buen Tiempo","S/D","S/D","Colisión","S/D","Faltante","Ninguna","Sin restricción"
2015,4586,14/06/2015,"Domingo",0,19:40:00,,"0.0",2,"Automóvil,Automóvil","1 de Mayo 800",2,1,0,0,1,0,0,,"Calle",,"ARROYO SECO","Rosario","Asfalto","No existe","II","Dentro","Urbana","Ninguna","No existe","Intersección","Bueno","Buena","Atardecer","Buen Tiempo","De alcance","S/D","Colisión","S/D","Faltante","Ninguna","Sin restricción"
2015,4587,20/06/2015,"Sabado",0,21:10:00,,"0.0",2,"Moto/Ciclomotor,Automóvil","Sarmiento Y Dean Funes",2,1,0,0,1,0,0,,"S/D",,"ROSARIO","Rosario","Asfalto","S/D","II","S/D","Urbana","S/D","S/D","Recta","Bueno","S/D","Nocturna","Buen Tiempo","Lateral","S/D","Colisión","S/D","S/D","S/D","S/D"
2015,4588,12/06/2015,"Viernes",0,01:00:00,,"0.0",2,"Moto/Ciclomotor,Automóvil","Av. Ovidio Lagos Y Av. Pte.Peron",2,1,0,0,0,0,1,,"Avenida",,"ROSARIO","Rosario","S/D","S/D","II","Dentro","Urbana","S/D","S/D","Intersección","S/D","Buena","Diurna","S/D","S/D","S/D","Colisión","S/D","S/D","S/D","S/D"
2015,4589,28/06/2015,"Domingo",0,13:00:00,,"0.0",2,"Moto/Ciclomotor,Taxi/Remis","Bv. Segui Y Roullon",3,2,0,0,1,0,0,,"Avenida",,"ROSARIO","Rosario","Asfalto","S/D","II","Dentro","Urbana","Semáforo","S/D","Intersección","Bueno","S/D","Diurna","Lluvia","Lateral","S/D","Colisión","Agua","Vertical","Barrera de hormigón","Sin restricción"
2015,4590,01/06/2015,"Lunes",0,09:15:00,,"0.0",2,"Automóvil,Peatón","Av San Martin Y Morelli",2,1,0,0,1,0,0,,"S/D",,"PEREZ","Rosario","S/D","No existe","II","Dentro","Urbana","Ninguna","Funciona","Intersección","Otro","Buena","Diurna","Otro","S/D","S/D","Atropello","Otro","Faltante","Línea divisoria pintada","Sin restricción"
2015,4591,30/06/2015,"Martes",0,19:15:00,,"0.0",3,"Automóvil,Automóvil,Transporte de Pasajeros Urbano (> 8 asientos)","Juan Canals Y Mr.Ross",21,8,0,0,13,0,0,,"Calle",,"ROSARIO","Rosario","Asfalto","S/D","II","Dentro","Urbana","S/D","S/D","Intersección","Bueno","S/D","Diurna","S/D","Múltiple","S/D","Colisión","S/D","S/D","S/D","S/D"
2015,4592,29/06/2015,"Lunes",0,08:30:00,,"0.0",2,"Automóvil,Moto/Ciclomotor","Bv. Oroño Y Gaboto",2,1,0,0,1,0,0,,"Avenida",,"ROSARIO","Rosario","Asfalto","No existe","II","Dentro","Urbana","S/D","S/D","Intersección","S/D","S/D","Diurna","S/D","S/D","S/D","Colisión","S/D","S/D","S/D","S/D"
2015,4593,30/05/2015,"Sabado",0,16:30:00,,"0.0",2,"Moto/Ciclomotor,Automóvil","Leandro Alem Y Jolly Medrano",3,1,0,0,2,0,0,,"S/D",,"PEREZ","Rosario","S/D","No existe","II","S/D","S/D","Ninguna","No existe","Intersección","Otro","Buena","Atardecer","Otro","Lateral","S/D","Colisión","Otro","Faltante","Ninguna","Sin restricción"