"anio_acci","nro_acci","fecha","desc_dia","fecha_aprox","hora_aprox","desc_ruta","km","cant_participantes","desc_participante","calle_avenida_km","total","heridos_leves","heridos_graves","heridos_gravisimos","ilesos","fallecidos","sin_datos","posicion_XY","desc_tipo_via","desc_ruta_ori","desc_loc","desc_dpto","desc_tipo_calzada","desc_tipo_banquina","desc_unidad_regional","desc_lugar_calzada","desc_zona","desc_prioridad","desc_estado_semaforo","desc_lugar_via","desc_estado_via","desc_estado_visibilidad","desc_luminosidad","desc_estado_clima","desc_tipo_colision","desc_tipo_atropello","desc_tipo_hecho","desc_pres_calzada","desc_senializacion","desc_separacion_via","desc_restriccion"
2015,4594,14/07/2015,"Martes",0,23:00:00,,"0.0",2,"Automóvil,Moto/Ciclomotor","Bartolome Mitre Y Guemes",2,0,1,0,1,0,0,,"Calle",,"ESPERANZA","Las Colonias","Asfalto","No existe","XI","S/D","Urbana","Ninguna","No existe","Intersección","Bueno","Buena","Nocturna","Buen Tiempo","Frontal,Lateral","S/D","Colisión","Ninguna","Faltante","Ninguna","Sin restricción"
2015,4595,30/06/2015,"Martes",0,09:20:00,,"0.0",2,"Moto/Ciclomotor,Automóvil","Uruguay Y Bv. Oroño",2,1,0,0,1,0,0,,"S/D",,"ROSARIO","Rosario","S/D","S/D","II","S/D","Urbana","S/D","S/D","Intersección","S/D","S/D","Diurna","Buen Tiempo","S/D","S/D","Colisión","S/D","S/D","S/D","S/D"
2015,4596,30/06/2015,"Martes",0,10:30:00,,"0.0",2,"Moto/Ciclomotor,Automóvil","Bv. Segui Y Italia",2,1,0,0,1,0,0,,"Calle",,"ROSARIO","Rosario","S/D","S/D","II","Dentro","Urbana","S/D","S/D","Intersección","S/D","S/D","Diurna","S/D","S/D","S/D","Colisión","S/D","S/D","S/D","S/D"
2015,4597,22/06/2015,"Lunes",0,08:30:00,,"0.0",2,"Moto/Ciclomotor,Taxi/Remis","Av. Pte.Peron Y F.More",3,2,0,0,1,0,0,,"Avenida",,"ROSARIO","Rosario","Asfalto","Pavimento","II","S/D","Urbana","Semáforo","Funciona","Intersección","Bueno","Buena","Diurna","Buen Tiempo","Lateral","S/D","Colisión","Ninguna","Vertical","Cordón divisorio","Sin restricción"
2015,4598,03/07/2015,"Viernes",0,14:40:00,,"0.0",2,"Pickup/Utilitario,Moto/Ciclomotor","Bv 25 de Mayo Y San Lorenzo",2,1,0,0,1,0,0,,"Calle",,"SAN CRISTÓBAL","San Cristóbal","Ripio","Pavimento","XIII","S/D","Urbana","Ninguna","No existe","Intersección","Bueno","Buena","Diurna","Buen Tiempo","Lateral","S/D","Colisión","S/D","Faltante","Ninguna","Sin restricción"
2015,4599,21/06/2015,"Domingo",0,17:20:00,,"0.0",2,"Moto/Ciclomotor,Automóvil","Solis Y Rueda",3,2,0,0,1,0,0,,"Calle",,"ROSARIO","Rosario","Asfalto","No existe","II","Dentro","Urbana","S/D","No existe","Intersección","Bueno","Buena","Atardecer","Buen Tiempo","Lateral","S/D","Colisión","Ninguna","Faltante","Ninguna","Sin restricción"
2015,4600,18/07/2015,"Sabado",0,14:00:00,,"0.0",2,"Automóvil,Moto/Ciclomotor","Sarmiento Y Pringles",2,1,0,0,1,0,0,,"Calle",,"SAN CRISTÓBAL","San Cristóbal","Asfalto","Pavimento","XIII","S/D","S/D","Ninguna","No existe","Intersección","Bueno","Buena","Diurna","Buen Tiempo","Lateral","S/D","Colisión","S/D","Faltante","S/D","Sin restricción"
2015,4601,06/06/2015,"Sabado",0,01:30:00,,"0.0",2,"Moto/Ciclomotor,Automóvil","Italia 1700",2,1,0,0,1,0,0,,"Calle",,"ROSARIO","Rosario","Asfalto","S/D","II","Dentro","Urbana","S/D","S/D","Intersección","Bueno","Buena","Nocturna,Con luz artificial","Buen Tiempo","Lateral","S/D","Colisión","S/D","S/D","S/D","S/D"
2015,4602,15/06/2015,"Lunes",0,14:30:00,,"0.0",2,"Transporte de Pasajeros Urbano (> 8 asientos),Moto/Ciclomotor","Saavedra Y San Martin",2,1,0,0,1,0,0,,"Calle",,"ROSARIO","Rosario","Asfalto","S/D","II","Dentro","Urbana","S/D","S/D","Intersección","S/D","S/D","Diurna","S/D","S/D","S/D","Colisión","S/D","S/D","S/D","S/D"
2015,4603,02/06/2015,"Martes",0,08:10:00,,"0.0",2,"Moto/Ciclomotor,Transporte de Pasajeros Urbano (> 8 asientos)","Bv. Segui Y Av. Corrientes",2,1,0,0,1,0,0,,"Avenida",,"ROSARIO","Rosario","S/D","S/D","II","Dentro","Urbana","S/D","S/D","Recta","S/D","S/D","Diurna","S/D","S/D","S/D","Colisión","S/D","S/D","S/D","S/D"
2015,4604,19/06/2015,"Viernes",0,07:05:00,,"0.0",2,"Bicicleta,Pickup/Utilitario","F.More Y Pje. Patagones",2,1,0,0,0,0,1,,"Calle",,"ROSARIO","Rosario","Asfalto","No existe","II","S/D","Urbana","Ninguna","No existe","Intersección","Bueno","Buena","Amanecer","Otro","S/D","S/D","Atropello","Ninguna","Faltante","Ninguna","Sin restricción"
2015,4605,06/06/2015,"Sabado",0,13:30:00,,"0.0",2,"Automóvil,Moto/Ciclomotor","Italia 2600",3,2,0,0,1,0,0,,"Calle",,"ROSARIO","Rosario","Asfalto","S/D","II","Dentro","Urbana","S/D","S/D","Intersección","Bueno","Buena","S/D","Buen Tiempo","Lateral","S/D","Colisión","S/D","S/D","S/D","S/D"
2015,4606,03/06/2015,"Miercoles",0,12:15:00,,"0.0",2,"Moto/Ciclomotor,Automóvil","Cochabamba 2500",3,2,0,0,1,0,0,,"S/D",,"ROSARIO","Rosario","Asfalto","S/D","II","S/D","S/D","S/D","S/D","Intersección","Bueno","Buena","Diurna","Buen Tiempo","Lateral","S/D","Colisión","S/D","S/D","S/D","S/D"
2015,4607,18/06/2015,"Jueves",0,09:15:00,,"0.0",2,"Bicicleta,Automóvil","Matienzo Y Virasoro",2,1,0,0,1,0,0,,"Calle",,"ROSARIO","Rosario","Asfalto","S/D","II","Dentro","Urbana","Ninguna","S/D","Intersección","Bueno","S/D","Diurna","Otro","Lateral","S/D","Atropello","Ninguna","Faltante","Ninguna","Sin restricción"
2015,4608,03/06/2015,"Miercoles",0,19:40:00,,"0.0",2,"Moto/Ciclomotor,Automóvil","Bv. Oroño Y Lugones",2,1,0,0,0,0,1,,"Avenida",,"ROSARIO","Rosario","Asfalto","S/D","II","S/D","Urbana","S/D","S/D","Recta","Bueno","Buena","Nocturna,Con luz artificial","Buen Tiempo","Lateral","S/D","Colisión","S/D","S/D","S/D","S/D"
2015,4609,02/06/2015,"Martes",0,10:00:00,,"0.0",2,"Pickup/Utilitario,Taxi/Remis","Galvez Y Francia F",2,1,0,0,1,0,0,,"Calle",,"ROSARIO","Rosario","Asfalto","S/D","II","Dentro","Urbana","S/D","S/D","Intersección","Bueno","Buena","Diurna","Buen Tiempo","Lateral","S/D","Colisión","S/D","S/D","S/D","S/D"
2015,4610,30/05/2015,"Sabado",0,14:10:00,,"0.0",2,"Moto/Ciclomotor,Automóvil","Biedma Y Av. Corrientes",3,1,0,0,2,0,0,,"Calle",,"ROSARIO","Rosario","S/D","S/D","II","S/D","Urbana","S/D","S/D","Intersección","S/D","S/D","S/D","S/D","S/D","S/D","Colisión","S/D","S/D","S/D","S/D"
2015,4611,01/06/2015,"Lunes",0,09:35:00,,"0.0",2,"Peatón,Otros","Virasoro Y Mitre",2,1,0,0,0,0,1,,"Calle",,"ROSARIO","Rosario","Asfalto","S/D","II","Dentro","Urbana","S/D","S/D","Recta","Bueno","Buena","Diurna","Buen Tiempo","S/D","S/D","Atropello","S/D","S/D","S/D","S/D"
2015,4612,04/06/2015,"Jueves",0,10:45:00,,"0.0",2,"Taxi/Remis,Moto/Ciclomotor","Pasco Y Italia",3,2,0,0,1,0,0,,"Calle",,"ROSARIO","Rosario","Asfalto","S/D","II","Dentro","Urbana","S/D","S/D","Intersección","Bueno","Buena","Diurna","Buen Tiempo","Lateral","S/D","Colisión","S/D","S/D","S/D","S/D"
2015,4613,13/06/2015,"Sabado",0,13:30:00,,"0.0",2,"Vehículo Oficial,Automóvil","Godoy Cruz Y F.More",3,2,0,0,1,0,0,,"Avenida",,"ROSARIO","Rosario","Asfalto","Pavimento","II","Dentro","Urbana","Semáforo","Funciona","Intersección","Otro","Buena","Diurna","Otro","Lateral","S/D","Colisión","Ninguna","Vertical","Cordón divisorio","Sin restricción"
2015,4614,14/06/2015,"Domingo",0,19:30:00,,"0.0",2,"Otros,Moto/Ciclomotor","Bv. Oroño Y Bv. 27 De Febrero",3,1,0,0,2,0,0,,"Avenida",,"ROSARIO","Rosario","Asfalto","S/D","II","Dentro","Urbana","Semáforo","S/D","Intersección","Bueno","Buena","Diurna,Con luz artificial","Buen Tiempo","Lateral","S/D","Colisión","S/D","Vertical","S/D","S/D"
2015,4615,08/06/2015,"Lunes",0,22:00:00,,"0.0",2,"Automóvil,Pickup/Utilitario","Ocampo Y Av. Corrientes",3,1,0,0,2,0,0,,"Calle",,"ROSARIO","Rosario","Asfalto","S/D","II","Dentro","Urbana","S/D","S/D","Intersección","Bueno","Buena","Nocturna,Con luz artificial","Buen Tiempo","Lateral","S/D","Colisión","S/D","S/D","S/D","S/D"
2015,4616,21/07/2015,"Martes",0,09:00:00,,"0.0",2,"Automóvil,Automóvil","Belgrano Y Vera Mujica",2,1,0,0,1,0,0,,"Calle",,"BOMBAL","Constitución","Hormigón","No existe","VI","Dentro","Urbana","Ninguna","No existe","Intersección","Bueno","Buena","Diurna","Buen Tiempo","Lateral","S/D","Colisión","Ninguna","Vertical","Ninguna","Sin restricción"
2015,4617,02/07/2015,"Jueves",0,21:20:00,,"0.0",2,"Automóvil,Moto/Ciclomotor","Lavalle Y 9 de Julio",3,1,0,0,2,0,0,,"Calle",,"ESPERANZA","Las Colonias","Asfalto","No existe","XI","S/D","Urbana","Ninguna","No existe","Intersección","Bueno","Buena","Nocturna","Buen Tiempo","Frontal","S/D","Colisión","Ninguna","Faltante","Ninguna","Sin restricción"
2015,4618,24/06/2015,"Miercoles",0,20:20:00,,"0.0",2,"Automóvil,Automóvil","Av. Pellegrini Y Rodriguez",4,1,0,0,3,0,0,,"Calle",,"ROSARIO","Rosario","Asfalto","S/D","II","Dentro","Urbana","Semáforo","Funciona","Intersección","Bueno","Buena","Nocturna,Con luz artificial","Buen Tiempo","Lateral","S/D","Colisión","S/D","Vertical","S/D","S/D"
2015,4619,12/07/2015,"Domingo",0,04:45:00,"Ruta Provincial 14","71.0",1,"Automóvil"," ",2,1,0,0,1,0,0,,"Ruta",14,"BOMBAL","Constitución","Asfalto","Natural","II","Fuera","Rural","Ninguna","No existe","Recta","Ahuellamiento","Buena","Nocturna","Buen Tiempo","S/D","S/D","Vuelco","Ninguna","Faltante","Ninguna","Sin restricción"
2015,4620,20/06/2015,"Sabado",0,12:15:00,,"0.0",2,"Automóvil,Moto/Ciclomotor","Santiago Y Pte.Quintana",3,1,0,0,2,0,0,,"Calle",,"ROSARIO","Rosario","Asfalto","S/D","II","S/D","Urbana","S/D","S/D","Cruce","Bueno","S/D","Diurna","Buen Tiempo","S/D","S/D","Colisión","S/D","S/D","S/D","S/D"
2015,4621,20/06/2015,"Sabado",0,14:10:00,,"0.0",2,"Automóvil,Automóvil","Mariano Moreno Y Uruguay",2,1,0,0,1,0,0,,"Calle",,"ROSARIO","Rosario","Asfalto","S/D","II","S/D","Urbana","S/D","S/D","Cruce","Bueno","S/D","Diurna","S/D","S/D","S/D","Colisión","S/D","S/D","S/D","S/D"
2015,4622,11/06/2015,"Jueves",0,10:20:00,,"0.0",2,"Pickup/Utilitario,Bicicleta","Bv. 27 De Febrero Y Matienzo",2,1,0,0,1,0,0,,"Calle",,"ROSARIO","Rosario","Asfalto","No existe","II","Dentro","Urbana","Semáforo","Intermitente","Intersección","Bueno","Buena","Diurna","Buen Tiempo","S/D","S/D","Atropello","Ninguna","Vertical","Ninguna","Sin restricción"
2015,4623,05/05/2015,"Martes",0,11:00:00,,"0.0",2,"Peatón,Transporte de Pasajeros Urbano (> 8 asientos)","Santa Fe Y San Martin",2,1,0,0,1,0,0,,"Calle",,"ROSARIO","Rosario","Asfalto","No existe","II","Dentro","Urbana","Ninguna","No existe","Intersección","Bueno","Buena","Diurna","Buen Tiempo","S/D","S/D","Caída ocupante","S/D","Faltante","Ninguna","Sin restricción"
2015,4624,03/05/2015,"Domingo",0,21:20:00,,"0.0",2,"Automóvil,Peatón","Av. Belgrano 500",2,1,0,0,1,0,0,,"Avenida",,"ROSARIO","Rosario","S/D","S/D","II","Dentro","Urbana","Ninguna","S/D","Recta","Bueno","S/D","Nocturna","Buen Tiempo","S/D","S/D","Atropello","S/D","Faltante","Ninguna","Sin restricción"
2015,4625,29/05/2015,"Viernes",0,09:00:00,,"0.0",2,"Bicicleta,Automóvil","Bv. Oroño 200",2,1,0,0,1,0,0,,"Avenida",,"ROSARIO","Rosario","Asfalto","No existe","II","Dentro","Urbana","Ninguna","No existe","Recta","Bueno","Buena","Diurna","Buen Tiempo","S/D","S/D","Atropello","S/D","Faltante","Cordón divisorio","Sin restricción"
2015,4626,15/06/2015,"Lunes",0,,,"0.0",2,"Automóvil,Moto/Ciclomotor","San Martin Y J.M.Gutierrez",5,1,0,0,4,0,0,,"Calle",,"ROSARIO","Rosario","S/D","S/D","II","Dentro","Urbana","S/D","S/D","Intersección","S/D","S/D","S/D","S/D","S/D","S/D","Colisión","S/D","S/D","S/D","S/D"
2015,4627,29/06/2015,"Lunes",0,01:45:00,,"0.0",1,"Automóvil","Mr.Ross Y Entre Rios",2,2,0,0,0,0,0,,"Calle",,"ROSARIO","Rosario","Asfalto","S/D","II","Dentro","Urbana","S/D","S/D","Intersección","S/D","S/D","Nocturna","S/D","S/D","S/D","S/D","S/D","S/D","S/D","S/D"
2015,4628,01/06/2015,"Lunes",0,14:40:00,,"0.0",2,"Peatón,Pickup/Utilitario","Alvear Y Av. Arijon",2,1,0,0,1,0,0,,"Avenida",,"ROSARIO","Rosario","Asfalto","Pavimento","II","Dentro","Urbana","Ninguna","No existe","Intersección","Bueno","Buena","Diurna","Buen Tiempo","S/D","S/D","Atropello","S/D","S/D","Ninguna","Sin restricción"
2015,4629,19/06/2015,"Viernes",0,18:00:00,,"0.0",2,"Moto/Ciclomotor,Automóvil","H. Brandoni Y Mariano Moreno",2,1,0,0,1,0,0,,"Calle",,"ROSARIO","Rosario","Asfalto","Pavimento","II","Dentro","Urbana","Ninguna","No existe","Intersección","Bueno","Buena","Diurna","Buen Tiempo","Lateral","S/D","Colisión","S/D","S/D","Ninguna","Sin restricción"
2015,4630,23/06/2015,"Martes",0,17:40:00,,"0.0",2,"Moto/Ciclomotor,Automóvil","Balcarce Y Hilarion de la Quintana",2,1,0,0,1,0,0,,"Calle",,"ROSARIO","Rosario","Asfalto","Pavimento","II","Dentro","Urbana","Ninguna","No existe","Intersección","Bueno","Buena","Diurna","Buen Tiempo","Lateral","S/D","Colisión","S/D","S/D","Ninguna","Sin restricción"
2015,4631,31/05/2015,"Domingo",0,20:30:00,,"0.0",2,"Automóvil,Bicicleta","San Lorenzo Y Av. Sorrento",2,1,0,0,1,0,0,,"Calle",,"ROSARIO","Rosario","Asfalto","No existe","II","Dentro","Urbana","Señal Pare","No existe","Intersección","Bueno","Buena","Nocturna,Con luz artificial","Buen Tiempo","S/D","S/D","Atropello","S/D","Vertical","Ninguna","Sin restricción"
2015,4632,03/06/2015,"Miercoles",0,21:30:00,,"0.0",2,"Moto/Ciclomotor,Camión","Padre R. Giaccone Y Mariano Moreno",3,2,0,0,1,0,0,,"Calle",,"ROSARIO","Rosario","Asfalto","Pavimento","II","Dentro","Urbana","Ninguna","No existe","Intersección","Bueno","Buena","Nocturna","Buen Tiempo","Lateral","S/D","Colisión","S/D","S/D","Ninguna","S/D"
2015,4633,23/06/2015,"Martes",0,15:30:00,,"0.0",2,"Moto/Ciclomotor,Transporte de Pasajeros Urbano (> 8 asientos)","Pueyrredon Y Esteban de Luca",3,1,0,0,2,0,0,,"Calle",,"ROSARIO","Rosario","Asfalto","Pavimento","II","Dentro","Urbana","Ninguna","No existe","Intersección","Bueno","Buena","Diurna","Buen Tiempo","Lateral","S/D","Colisión","S/D","S/D","Ninguna","Sin restricción"
2015,4634,06/06/2015,"Sabado",0,12:15:00,,"0.0",2,"Moto/Ciclomotor,Automóvil","Av. Pte.Peron Y Tte.Agneta",2,1,0,0,1,0,0,,"Avenida",,"ROSARIO","Rosario","Asfalto","No existe","II","Dentro","Urbana","Ninguna","No existe","Intersección","Bueno","Buena","Diurna","Buen Tiempo","Lateral","S/D","Colisión","Ninguna","Faltante","Ninguna","Sin restricción"
2015,4635,13/06/2015,"Sabado",0,20:10:00,,"0.0",2,"Moto/Ciclomotor,Automóvil","Bv. Oroño Y Av. Battle y Ordoñez",3,2,0,0,1,0,0,,"Calle",,"ROSARIO","Rosario","Asfalto","Pavimento","II","Dentro","Urbana","Ninguna","S/D","Intersección","Bueno","Buena","Diurna","Buen Tiempo","Lateral","S/D","Colisión","S/D","S/D","Ninguna","Sin restricción"
2015,4636,03/06/2015,"Miercoles",0,13:15:00,,"0.0",2,"Moto/Ciclomotor,Pickup/Utilitario","Garay Y Magallanes",2,1,0,0,0,0,1,,"Calle",,"ROSARIO","Rosario","Asfalto","No existe","II","Dentro","Urbana","Ninguna","No existe","Intersección","Bueno","Buena","Diurna","Buen Tiempo","Lateral","S/D","Colisión","Ninguna","Faltante","Ninguna","Sin restricción"
2015,4637,20/06/2015,"Sabado",0,17:30:00,,"0.0",2,"Automóvil,Automóvil","Bv. Oroño Y Av. Uriburu",2,1,0,0,1,0,0,,"Calle",,"ROSARIO","Rosario","Asfalto","Pavimento","II","Dentro","Urbana","Ninguna","S/D","Intersección","Bueno","Buena","Diurna","Buen Tiempo","Lateral","S/D","Colisión","S/D","S/D","Ninguna","Sin restricción"
2015,4638,30/05/2015,"Sabado",0,20:30:00,"Ruta Provincial 14","0.0",2,"Automóvil,Automóvil","Santa Fe Y Ruta Prov 14",2,1,0,0,1,0,0,,"Ruta",14,"PEREZ","Rosario","S/D","No existe","II","Dentro","Urbana","Ninguna","No existe","Intersección","Otro","Buena","Nocturna","Otro","De alcance","S/D","Colisión","Otro","Faltante","Línea divisoria pintada","Sin restricción"
2015,4639,02/06/2015,"Martes",0,09:40:00,"Ruta Nacional 33","848.0",2,"Moto/Ciclomotor,Automóvil","Ruta Nac 33 848",3,2,0,0,1,0,0,,"Ruta",33,"PEREZ","Rosario","S/D","No existe","II","S/D","S/D","Ninguna","No existe","Intersección","Otro","S/D","Diurna","Otro","Lateral","S/D","Colisión","Otro","Faltante","Línea divisoria pintada","Sin restricción"
2015,4640,22/05/2015,"Viernes",0,08:40:00,,"0.0",2,"Automóvil,Moto/Ciclomotor","Casiano Casas 1900",2,1,0,0,1,0,0,,"Calle",,"ROSARIO","Rosario","Asfalto","No existe","II","S/D","Urbana","Ninguna","No existe","Recta","Bueno","Buena","Diurna","Buen Tiempo","Lateral","S/D","Colisión","Otro","Faltante","Ninguna","Sin restricción"
2015,4641,31/05/2015,"Domingo",0,12:00:00,,"0.0",2,"Taxi/Remis,Automóvil","Bv. Oroño Y Catamarca",3,2,0,0,1,0,0,,"Calle",,"ROSARIO","Rosario","Asfalto","No existe","II","Dentro","Urbana","Ninguna","No existe","Intersección","Bueno","Buena","Diurna","Buen Tiempo","Lateral","S/D","Colisión","S/D","Faltante","Ninguna","Sin restricción"
2015,4642,01/06/2015,"Lunes",0,11:00:00,,"0.0",2,"Automóvil,Pickup/Utilitario","Esmeralda Y La Paz",3,3,0,0,0,0,0,,"Calle",,"ROSARIO","Rosario","Asfalto","No existe","II","Dentro","Urbana","Señal Pare","No existe","Intersección","Bueno","Buena","Diurna","Buen Tiempo","Lateral","S/D","Colisión","S/D","Vertical","Ninguna","Sin restricción"
2015,4643,15/06/2015,"Lunes",0,15:00:00,,"0.0",2,"Moto/Ciclomotor,Automóvil","Rep.Dominicana Y Formosa",2,1,0,0,1,0,0,,"Calle",,"ROSARIO","Rosario","Asfalto","Pavimento","II","Dentro","Urbana","Ninguna","No existe","Intersección","Bueno","Buena","Diurna","Buen Tiempo","S/D","S/D","Otro","Otro","Faltante","Ninguna","Sin restricción"
2015,4644,03/06/2015,"Miercoles",0,11:30:00,,"0.0",2,"Bicicleta,Automóvil","Riobamba Y Ayacucho",2,1,0,0,1,0,0,,"Calle",,"ROSARIO","Rosario","Asfalto","No existe","II","Dentro","Urbana","Señal Ceda el Paso","No existe","Intersección","Bueno","Buena","Diurna","Buen Tiempo","Lateral","S/D","Atropello","S/D","Horizontal","Ninguna","Sin restricción"
2015,4645,04/06/2015,"Jueves",0,,,"0.0",2,"Automóvil,Automóvil","Av. Sorrento ",3,1,0,0,2,0,0,,"Avenida",,"ROSARIO","Rosario","Asfalto","No existe","II","S/D","Urbana","Ninguna","No funciona","Recta","Bueno","Buena","Nocturna","Buen Tiempo","De alcance","S/D","Colisión","Otro","Faltante","Barrera de hormigón","Sin restricción"
2015,4646,03/06/2015,"Miercoles",0,14:40:00,,"0.0",2,"Moto/Ciclomotor,Moto/Ciclomotor","Bv. 27 De Febrero Y Laprida",2,1,0,0,1,0,0,,"Calle",,"ROSARIO","Rosario","Asfalto","No existe","II","Dentro","Urbana","Semáforo","Funciona","Recta","Bueno","Buena","Diurna","Buen Tiempo","Lateral","S/D","Colisión","S/D","Horizontal","Cordón divisorio","Sin restricción"
2015,4647,01/06/2015,"Lunes",0,15:20:00,,"0.0",2,"Automóvil,Pickup/Utilitario","Av. Pellegrini Y Fraga",2,1,0,0,0,0,1,,"Calle",,"ROSARIO","Rosario","Asfalto","Pavimento","II","Dentro","Urbana","Ninguna","No existe","Intersección","Bueno","Buena","Diurna","Buen Tiempo","Lateral","S/D","Colisión","Otro","Faltante","Cordón divisorio","Sin restricción"
2015,4648,17/06/2015,"Miercoles",0,15:20:00,,"0.0",2,"Moto/Ciclomotor,Automóvil","Av. Corrientes Y Reg.11 de Infanteria",2,1,0,0,1,0,0,,"Calle",,"ROSARIO","Rosario","Asfalto","S/D","II","S/D","Urbana","S/D","S/D","Intersección","Bueno","S/D","Diurna","Buen Tiempo","S/D","S/D","Colisión","S/D","S/D","S/D","S/D"
2015,4649,02/06/2015,"Martes",0,21:15:00,,"0.0",2,"Moto/Ciclomotor,Automóvil","Av. Provincias Unidas Y Marcos Paz",2,1,0,0,1,0,0,,"S/D",,"ROSARIO","Rosario","Asfalto","Pavimento","II","S/D","Urbana","Semáforo","Funciona","Intersección","Bueno","Buena","Nocturna,Con luz artificial","Buen Tiempo","Lateral","S/D","Colisión","Otro","Vertical","Cordón divisorio","Sin restricción"
2015,4650,27/06/2015,"Sabado",0,23:30:00,,"0.0",2,"Bicicleta,Otros","Madre Cabrini Y Mariano Moreno",2,1,0,0,1,0,0,,"Calle",,"ROSARIO","Rosario","Asfalto","Pavimento","II","Dentro","Urbana","Ninguna","No existe","Intersección","S/D","Buena","Nocturna","Buen Tiempo","S/D","S/D","Atropello","S/D","S/D","Ninguna","Sin restricción"
2015,4651,07/06/2015,"Domingo",0,02:00:00,,"0.0",2,"Moto/Ciclomotor,Peatón","Pje. J.Castelli ",2,1,0,0,1,0,0,,"S/D",,"ROSARIO","Rosario","Asfalto","No existe","II","S/D","S/D","Ninguna","No existe","Recta","Bueno","Buena","Nocturna","Buen Tiempo","S/D","S/D","Atropello","Otro","Faltante","Ninguna","Sin restricción"
2015,4652,05/06/2015,"Viernes",0,10:55:00,,"0.0",2,"Moto/Ciclomotor,Automóvil","Ayacucho Y Cochabamba",2,1,0,0,1,0,0,,"Calle",,"ROSARIO","Rosario","Asfalto","No existe","II","Dentro","Urbana","Otra Señal","No existe","Intersección","Bueno","Buena","Diurna","Buen Tiempo","Lateral","S/D","Colisión","S/D","Vertical","Ninguna","Sin restricción"
2015,4653,26/06/2015,"Viernes",0,12:50:00,,"0.0",2,"Moto/Ciclomotor,Automóvil","Av. Arijon 1900",2,1,0,0,1,0,0,,"Avenida",,"ROSARIO","Rosario","S/D","Pavimento","II","Dentro","Urbana","Ninguna","S/D","Recta","Bueno","Buena","Diurna","Buen Tiempo","De alcance","S/D","Colisión","S/D","S/D","Ninguna","Sin restricción"
2015,4654,04/06/2015,"Jueves",0,19:00:00,,"0.0",2,"Moto/Ciclomotor,Automóvil","Av. Pellegrini Y Cullen",2,1,0,0,1,0,0,,"Avenida",,"ROSARIO","Rosario","Asfalto","Pavimento","II","Dentro","Urbana","Semáforo","Funciona","Intersección","Bueno","Buena","Atardecer","Buen Tiempo","Lateral","S/D","Colisión","Otro","Vertical","Cordón divisorio","Sin restricción"
2015,4655,09/06/2015,"Martes",0,14:00:00,,"0.0",2,"Moto/Ciclomotor,Automóvil","Reg.11 de Infanteria Y Alvear",2,1,0,0,1,0,0,,"Calle",,"ROSARIO","Rosario","Asfalto","Pavimento","II","Dentro","Urbana","Ninguna","No existe","Intersección","Bueno","Buena","Diurna","Buen Tiempo","Lateral","S/D","Colisión","S/D","S/D","Ninguna","Sin restricción"
2015,4656,08/06/2015,"Lunes",0,19:00:00,,"0.0",2,"Automóvil,Moto/Ciclomotor","Av. Circunvalacion Y Pago de los Arroyos",3,2,0,0,1,0,0,,"Avenida",,"ROSARIO","Rosario","Asfalto","Pavimento","II","Dentro","Urbana","Ninguna","No existe","Recta","Bueno","Buena","Nocturna","Buen Tiempo","De alcance","S/D","Colisión","Ninguna","Vertical","Ninguna","Sin restricción"
2015,4657,10/06/2015,"Miercoles",0,21:20:00,,"0.0",2,"Taxi/Remis,Automóvil","Cerrito 900",2,2,0,0,0,0,0,,"Calle",,"ROSARIO","Rosario","Asfalto","No existe","II","Dentro","Urbana","Otra Señal","No existe","Recta","Bueno","Buena","Nocturna,Con luz artificial","Buen Tiempo","Lateral","S/D","Colisión","S/D","Vertical","Ninguna","Sin restricción"
2015,4658,01/06/2015,"Lunes",0,17:30:00,,"0.0",2,"Moto/Ciclomotor,Automóvil","Salta Y Rodriguez",2,1,0,0,1,0,0,,"Calle",,"ROSARIO","Rosario","Asfalto","No existe","II","S/D","Urbana","Semáforo","Funciona","Recta","Bueno","Buena","Diurna","Buen Tiempo","Otro","S/D","Colisión","Otro","Horizontal","Ninguna","Sin restricción"
2015,4659,22/05/2015,"Viernes",0,20:20:00,,"0.0",2,"Automóvil,Moto/Ciclomotor","Salvat 3000",3,1,0,0,2,0,0,,"Calle",,"ROSARIO","Rosario","Asfalto","No existe","II","Dentro","Urbana","Ninguna","No existe","Recta","Bueno","Buena","Atardecer","Buen Tiempo","De alcance","S/D","Colisión","Ninguna","Faltante","Cordón divisorio","Sin restricción"
2015,4660,07/06/2015,"Domingo",0,11:15:00,,"0.0",2,"Moto/Ciclomotor,Automóvil","J.J.Paso Y Bolivia",2,1,0,0,1,0,0,,"S/D",,"ROSARIO","Rosario","Asfalto","No existe","II","S/D","Urbana","Ninguna","No existe","Recta","Bueno","Buena","Diurna","Buen Tiempo","De alcance","S/D","Colisión","Otro","Faltante","Ninguna","Sin restricción"
2015,4661,29/06/2015,"Lunes",0,08:30:00,,"0.0",1,"Pickup/Utilitario","Bv. Segui Y Alsina",2,1,0,0,1,0,0,,"Avenida",,"ROSARIO","Rosario","Asfalto","S/D","II","Dentro","Urbana","Ninguna","No existe","Recta","Bueno","Reducida","Diurna","Niebla","Contra objeto fijo","S/D","Colisión","Ninguna","Faltante","Cordón divisorio","Sin restricción"
2015,4662,09/06/2015,"Martes",0,14:30:00,,"0.0",2,"Moto/Ciclomotor,Automóvil","Av. Provincias Unidas Y Sarmiento",2,1,0,0,1,0,0,,"S/D",,"ROSARIO","Rosario","Asfalto","Natural","II","S/D","Urbana","Ninguna","No existe","Recta","Otro","Buena","Diurna","Buen Tiempo","De alcance","S/D","Colisión","Otro","Vertical","Ninguna","Sin restricción"