"anio_acci","nro_acci","fecha","desc_dia","fecha_aprox","hora_aprox","desc_ruta","km","cant_participantes","desc_participante","calle_avenida_km","total","heridos_leves","heridos_graves","heridos_gravisimos","ilesos","fallecidos","sin_datos","posicion_XY","desc_tipo_via","desc_ruta_ori","desc_loc","desc_dpto","desc_tipo_calzada","desc_tipo_banquina","desc_unidad_regional","desc_lugar_calzada","desc_zona","desc_prioridad","desc_estado_semaforo","desc_lugar_via","desc_estado_via","desc_estado_visibilidad","desc_luminosidad","desc_estado_clima","desc_tipo_colision","desc_tipo_atropello","desc_tipo_hecho","desc_pres_calzada","desc_senializacion","desc_separacion_via","desc_restriccion"
2015,4663,10/06/2015,"Miercoles",0,13:30:00,,"0.0",2,"Moto/Ciclomotor,Automóvil","Fraga Y Riobamba",2,1,0,0,0,0,1,,"Calle",,"ROSARIO","Rosario","Asfalto","No existe","II","Dentro","Urbana","Ninguna","No existe","Intersección","Bueno","Buena","Diurna","Buen Tiempo","Lateral","S/D","Colisión","Otro","Faltante","Ninguna","Sin restricción"
2015,4664,29/06/2015,"Lunes",0,20:27:00,,"0.0",2,"Moto/Ciclomotor,Pickup/Utilitario","Aurora Y Av. Ovidio Lagos",2,1,0,0,1,0,0,,"Calle",,"ROSARIO","Rosario","Asfalto","No existe","II","Dentro","Urbana","Ninguna","No existe","Recta","Bueno","Reducida","Nocturna","Niebla","Lateral","S/D","Colisión","Ninguna","Faltante","Cordón divisorio","Sin restricción"
2015,4665,17/06/2015,"Miercoles",0,,,"0.0",2,"Transporte de Pasajeros Urbano (> 8 asientos),Otros","L.N.Alem 2000",6,4,0,0,1,0,1,,"Calle",,"ROSARIO","Rosario","Asfalto","No existe","II","Dentro","Urbana","Otra Señal","No existe","Intersección","Bueno","Buena","Diurna","Buen Tiempo","S/D","S/D","Colisión","S/D","Vertical","Ninguna","Sin restricción"
2015,4666,21/06/2015,"Domingo",0,,,"0.0",2,"Automóvil,Peatón","Av. Genova Y De Angelis Bis",2,1,0,0,1,0,0,,"Avenida",,"ROSARIO","Rosario","Asfalto","No existe","II","Dentro","Urbana","Ninguna","No existe","Recta","Bueno","Buena","Diurna","Buen Tiempo","S/D","S/D","Atropello","Ninguna","Faltante","Ninguna","Sin restricción"
2015,4667,04/06/2015,"Jueves",0,12:45:00,,"0.0",2,"Bicicleta,Automóvil","San Lorenzo Y Santiago",2,1,0,0,1,0,0,,"Calle",,"ROSARIO","Rosario","Asfalto","No existe","II","S/D","Urbana","Ninguna","No existe","Recta","Bueno","Buena","Diurna","Buen Tiempo","S/D","S/D","Atropello","Otro","Faltante","Ninguna","Sin restricción"
2015,4668,10/06/2015,"Miercoles",0,22:00:00,,"0.0",2,"Moto/Ciclomotor,Automóvil","Av. Provincias Unidas Y Montevideo",3,0,2,0,1,0,0,,"Avenida",,"ROSARIO","Rosario","Asfalto","Pavimento","II","Dentro","Urbana","Semáforo","Funciona","Intersección","Bueno","Buena","Nocturna,Con luz artificial","Buen Tiempo","Lateral","S/D","Colisión","Otro","Vertical","Cordón divisorio","Sin restricción"
2015,4669,09/06/2015,"Martes",0,09:00:00,,"0.0",2,"Moto/Ciclomotor,Automóvil","Santiago Y Lamadrid",2,1,0,0,1,0,0,,"Calle",,"ROSARIO","Rosario","Asfalto","Pavimento","II","Dentro","Urbana","Ninguna","S/D","Intersección","Bueno","Buena","Diurna","Buen Tiempo","Lateral","S/D","Colisión","S/D","S/D","Ninguna","Sin restricción"
2015,4670,29/06/2015,"Lunes",0,19:00:00,,"0.0",2,"Peatón,Automóvil","Paraguay ",2,1,0,0,1,0,0,,"Calle",,"ROSARIO","Rosario","S/D","S/D","II","Dentro","Urbana","S/D","S/D","S/D","S/D","S/D","Atardecer","S/D","S/D","S/D","Atropello","S/D","S/D","S/D","S/D"
2015,4671,15/06/2015,"Lunes",0,23:10:00,,"0.0",2,"Moto/Ciclomotor,Moto/Ciclomotor","Pueyrredon Y Ombu",2,1,0,0,1,0,0,,"Calle",,"ROSARIO","Rosario","Asfalto","Pavimento","II","Dentro","Urbana","Ninguna","No existe","Intersección","Bueno","Buena","Nocturna","Buen Tiempo","Lateral","S/D","Colisión","S/D","S/D","Ninguna","Sin restricción"
2015,4672,07/06/2015,"Domingo",0,09:20:00,,"0.0",2,"Moto/Ciclomotor,Automóvil","Catamarca Y San Nicolas",3,1,1,0,1,0,0,,"Calle",,"ROSARIO","Rosario","Asfalto","No existe","II","S/D","Urbana","Semáforo","Funciona","Recta","Bueno","Buena","Diurna","Buen Tiempo","Otro","S/D","Colisión","Otro","Vertical","Ninguna","Sin restricción"
2015,4673,18/06/2015,"Jueves",0,17:00:00,,"0.0",2,"Moto/Ciclomotor,Automóvil","Colon Y La Paz",2,1,0,0,1,0,0,,"Calle",,"ROSARIO","Rosario","Asfalto","No existe","II","Dentro","Urbana","Ninguna","No existe","Intersección","Bueno","Buena","Atardecer","Buen Tiempo","Lateral","S/D","Colisión","S/D","Faltante","Ninguna","Sin restricción"
2015,4674,11/06/2015,"Jueves",0,,,"0.0",2,"Automóvil,Moto/Ciclomotor","Bv. Segui Y Alvear",2,1,0,0,1,0,0,,"S/D",,"ROSARIO","Rosario","S/D","S/D","II","S/D","S/D","S/D","S/D","Intersección","S/D","S/D","S/D","S/D","S/D","S/D","Colisión","S/D","S/D","S/D","S/D"
2015,4675,17/06/2015,"Miercoles",0,17:15:00,,"0.0",2,"Automóvil,Automóvil","Mariano Moreno Y Catamarca",3,1,0,0,2,0,0,,"Calle",,"ROSARIO","Rosario","Asfalto","Pavimento","II","Dentro","Urbana","Ninguna","No existe","Intersección","S/D","Buena","Diurna","Buen Tiempo","Lateral","S/D","Colisión","S/D","S/D","Ninguna","Sin restricción"
2015,4676,14/06/2015,"Domingo",0,00:50:00,,"0.0",2,"Moto/Ciclomotor,Moto/Ciclomotor","Av. Provincias Unidas Y Rio Negro",2,2,0,0,0,0,0,,"Avenida",,"ROSARIO","Rosario","Hormigón","Pavimento","II","Dentro","Urbana","Marca Vial","No existe","Recta","Bueno","Buena","Nocturna,Con luz artificial","Buen Tiempo","Lateral","S/D","Colisión","Otro","Faltante","Cordón divisorio","Sin restricción"
2015,4677,06/06/2015,"Sabado",0,00:50:00,,"0.0",2,"Moto/Ciclomotor,Automóvil","Av. Arijon 2000",2,1,0,0,1,0,0,,"Avenida",,"ROSARIO","Rosario","Asfalto","Pavimento","II","Dentro","Urbana","Ninguna","S/D","Recta","Bueno","Buena","Nocturna","Buen Tiempo","Lateral","S/D","Colisión","S/D","S/D","Ninguna","Sin restricción"
2015,4678,27/05/2015,"Miercoles",0,21:30:00,,"0.0",2,"Moto/Ciclomotor,Automóvil","Santiago Y Comodoro Rivadavia",2,1,0,0,1,0,0,,"Calle",,"ROSARIO","Rosario","Asfalto","No existe","II","Dentro","Urbana","S/D","S/D","Intersección","S/D","S/D","Nocturna","S/D","S/D","S/D","Colisión","S/D","S/D","S/D","S/D"
2015,4679,11/06/2015,"Jueves",0,14:15:00,,"0.0",1,,"Tucuman Y Ricchieri",2,1,0,0,1,0,0,,"Calle",,"ROSARIO","Rosario","Asfalto","No existe","II","S/D","Urbana","Ninguna","No existe","Recta","Bueno","Buena","Diurna","Buen Tiempo","Otro","S/D","Colisión","Otro","Faltante","Ninguna","Sin restricción"
2015,4680,12/06/2015,"Viernes",0,14:40:00,,"0.0",2,"Automóvil,Moto/Ciclomotor","Jujuy Y Callao",2,1,0,0,1,0,0,,"Calle",,"ROSARIO","Rosario","Asfalto","No existe","II","S/D","Urbana","Semáforo","Funciona","Recta","Bueno","Buena","Diurna","Buen Tiempo","Otro","S/D","Colisión","Otro","Horizontal","Ninguna","Sin restricción"
2015,4681,15/06/2015,"Lunes",0,10:00:00,,"0.0",2,"Automóvil,Pickup/Utilitario","San Juan Y Matienzo",2,1,0,0,1,0,0,,"Calle",,"ROSARIO","Rosario","Asfalto","Pavimento","II","Dentro","Urbana","Semáforo","Funciona","Recta","Bueno","Buena","Diurna","Buen Tiempo","De alcance","S/D","Colisión","Otro","Vertical","Ninguna","Sin restricción"
2015,4682,29/06/2015,"Lunes",0,16:00:00,,"0.0",2,"Automóvil,Automóvil","Cochabamba Y L.N.Alem",4,3,0,0,1,0,0,,"Calle",,"ROSARIO","Rosario","Asfalto","No existe","II","Dentro","Urbana","Otra Señal","No existe","Intersección","Bueno","Buena","Nocturna,Con luz artificial","Lluvia","Lateral","S/D","Colisión","Agua","Vertical","Ninguna","Sin restricción"
2015,4683,15/06/2015,"Lunes",0,,,"0.0",2,"Moto/Ciclomotor,Automóvil","Bv. Segui Y Italia",2,1,0,0,1,0,0,,"Avenida",,"ROSARIO","Rosario","Asfalto","No existe","II","Dentro","Urbana","Semáforo","Funciona","Intersección","Bueno","Buena","Diurna","S/D","Lateral","S/D","Colisión","Ninguna","S/D","S/D","S/D"
2015,4684,17/06/2015,"Miercoles",0,14:00:00,,"0.0",2,"Taxi/Remis,Bicicleta","San Lorenzo Y Santiago",2,1,0,0,1,0,0,,"Calle",,"ROSARIO","Rosario","Asfalto","No existe","II","S/D","Urbana","Ninguna","No existe","Recta","Bueno","Buena","Diurna","Buen Tiempo","S/D","S/D","Atropello","Otro","Faltante","Ninguna","Sin restricción"
2015,4685,21/06/2015,"Domingo",0,20:00:00,,"0.0",2,"Automóvil,Automóvil","Av. Sorrento Y Cafferata",4,1,0,0,3,0,0,,"S/D",,"ROSARIO","Rosario","Asfalto","Pavimento","II","S/D","Urbana","Semáforo","No funciona","Curva","Bueno","Buena","Nocturna","Buen Tiempo","De alcance","S/D","Colisión","Otro","Vertical","Ninguna","Sin restricción"
2015,4686,24/06/2015,"Miercoles",0,13:00:00,,"0.0",1,"Moto/Ciclomotor","French Y Cullen",1,1,0,0,0,0,0,,"Calle",,"ROSARIO","Rosario","S/D","S/D","II","S/D","Urbana","S/D","S/D","S/D","S/D","S/D","Diurna","S/D","S/D","S/D","Caída ocupante","S/D","S/D","S/D","S/D"
2015,4687,13/06/2015,"Sabado",0,17:00:00,,"0.0",2,"Peatón,Pickup/Utilitario","Ing.Thedy Bis Y Av. Central",2,1,0,0,1,0,0,,"Avenida",,"ROSARIO","Rosario","Asfalto","S/D","II","S/D","Urbana","S/D","S/D","Intersección","Bueno","S/D","Diurna","S/D","S/D","S/D","Atropello","S/D","S/D","S/D","S/D"
2015,4688,22/06/2015,"Lunes",0,10:30:00,,"0.0",2,"Automóvil,Automóvil","Av. Wheelwright Y Pueyrredon",2,1,0,0,1,0,0,,"Calle",,"ROSARIO","Rosario","Asfalto","No existe","II","S/D","Urbana","Semáforo","Funciona","Recta","Bueno","Buena","Diurna","Buen Tiempo","Otro","S/D","Colisión","Otro","Vertical","Ninguna","Sin restricción"
2015,4689,27/06/2015,"Sabado",0,07:30:00,,"0.0",2,"Moto/Ciclomotor,Automóvil","Cafferata Y Catamarca",2,1,0,0,1,0,0,,"Calle",,"ROSARIO","Rosario","Asfalto","No existe","II","S/D","Urbana","Semáforo","Funciona","Recta","Bueno","Buena","Diurna","Buen Tiempo","Otro","S/D","Colisión","Otro","Vertical","Ninguna","Sin restricción"
2015,4690,17/06/2015,"Miercoles",0,13:10:00,,"0.0",2,"Moto/Ciclomotor,Automóvil","Av. Francia Y Av. Caseros Bis",2,1,0,0,1,0,0,,"Avenida",,"ROSARIO","Rosario","Asfalto","S/D","II","S/D","Urbana","S/D","S/D","Intersección","Bueno","S/D","Diurna","S/D","S/D","S/D","Colisión","S/D","S/D","S/D","S/D"
2015,4691,23/06/2015,"Martes",0,00:15:00,,"0.0",2,"Moto/Ciclomotor,Taxi/Remis","Av. Luis Carballo Y Pje. J.M.Estrada Bis",2,1,0,0,1,0,0,,"Calle",,"ROSARIO","Rosario","Asfalto","S/D","II","S/D","Urbana","S/D","S/D","Intersección","Bueno","S/D","Nocturna","S/D","S/D","S/D","Colisión","S/D","S/D","S/D","S/D"
2015,4692,29/06/2015,"Lunes",0,09:05:00,,"0.0",2,"Moto/Ciclomotor,Transporte de Pasajeros Urbano (> 8 asientos)","Salta Y Ricchieri",2,1,0,0,1,0,0,,"Calle",,"ROSARIO","Rosario","Asfalto","No existe","II","S/D","Urbana","Semáforo","Funciona","Recta","Bueno","S/D","Diurna","Buen Tiempo","Otro","S/D","Colisión","Otro","Vertical","Ninguna","Sin restricción"
2015,4693,24/06/2015,"Miercoles",0,23:30:00,,"0.0",1,"Taxi/Remis","Av. Luis Carballo Y Echeverria Bis",2,2,0,0,0,0,0,,"Avenida",,"ROSARIO","Rosario","Asfalto","S/D","II","S/D","Urbana","S/D","S/D","Intersección","Bueno","S/D","Nocturna","S/D","S/D","S/D","S/D","S/D","S/D","S/D","S/D"
2015,4694,28/06/2015,"Domingo",0,05:40:00,,"0.0",2,"Automóvil,Automóvil","Albert Sabin Y Av. Alberdi Bis",2,1,0,0,1,0,0,,"Avenida",,"ROSARIO","Rosario","Asfalto","S/D","II","S/D","Urbana","S/D","S/D","Intersección","Bueno","S/D","Amanecer","S/D","S/D","S/D","Colisión","S/D","S/D","S/D","S/D"
2015,4695,11/06/2015,"Jueves",0,15:00:00,,"0.0",2,"Moto/Ciclomotor,Automóvil","Casilda Y Pje. Nueva York Bis",2,1,0,0,1,0,0,,"Calle",,"ROSARIO","Rosario","Hormigón","S/D","II","S/D","Urbana","S/D","S/D","Intersección","Bueno","S/D","Diurna","S/D","S/D","S/D","Colisión","S/D","S/D","S/D","S/D"
2015,4696,30/06/2015,"Martes",0,08:30:00,,"0.0",2,"Peatón,Taxi/Remis","Guemes Y Av. Ovidio Lagos",2,1,0,0,1,0,0,,"Calle",,"ROSARIO","Rosario","Asfalto","No existe","II","S/D","Urbana","Semáforo","Funciona","Recta","Bueno","Buena","Diurna","Buen Tiempo","S/D","S/D","Atropello","S/D","S/D","Ninguna","Sin restricción"
2015,4697,22/06/2015,"Lunes",0,16:10:00,,"0.0",2,"Bicicleta,Automóvil","Warnes 1600",2,1,0,0,1,0,0,,"Calle",,"ROSARIO","Rosario","Asfalto","No existe","II","Dentro","Urbana","Ninguna","No existe","Recta","Bueno","Buena","Diurna","Buen Tiempo","Lateral","S/D","Atropello","S/D","Faltante","Ninguna","Sin restricción"
2015,4698,24/06/2015,"Miercoles",0,,,"0.0",2,"Automóvil,Moto/Ciclomotor","Av. Eva Peron Y Colombia",2,2,0,0,0,0,0,,"Avenida",,"ROSARIO","Rosario","Asfalto","No existe","II","Dentro","Urbana","Semáforo","Funciona","Intersección","S/D","Buena","S/D","Buen Tiempo","Lateral","S/D","Colisión","S/D","S/D","Cordón divisorio","Sin restricción"
2015,4699,18/06/2015,"Jueves",0,21:00:00,,"0.0",2,"Moto/Ciclomotor,Moto/Ciclomotor","J.J.Paso Y P.L.Funes",3,2,0,0,1,0,0,,"S/D",,"ROSARIO","Rosario","Asfalto","No existe","II","S/D","Urbana","Ninguna","No existe","Recta","Bueno","Buena","Nocturna","Buen Tiempo","De alcance","S/D","Colisión","S/D","Vertical","Ninguna","Sin restricción"
2015,4700,21/06/2015,"Domingo",0,03:15:00,,"0.0",2,"Automóvil,Moto/Ciclomotor","G.Carrasco Y Ferreyra",2,1,0,0,1,0,0,,"Calle",,"ROSARIO","Rosario","Asfalto","S/D","II","Dentro","Urbana","Ninguna","S/D","Intersección","Bueno","Buena","Diurna","Buen Tiempo","Lateral","S/D","Colisión","S/D","Faltante","S/D","Sin restricción"
2015,4701,24/06/2015,"Miercoles",0,,,"0.0",2,"Moto/Ciclomotor,Pickup/Utilitario","Bv. Argentino Y Av. Circunvalacion",2,1,0,0,0,0,1,,"Avenida",,"ROSARIO","Rosario","Asfalto","Pavimento","II","S/D","Urbana","Ninguna","No existe","Intersección","Bueno","Buena","Diurna","Buen Tiempo","Lateral","S/D","Colisión","Ninguna","S/D","S/D","Sin restricción"
2015,4702,30/06/2015,"Martes",0,19:45:00,,"0.0",2,"Moto/Ciclomotor,Automóvil","Bv. 27 De Febrero Y Esmeralda",2,1,0,0,1,0,0,,"Avenida",,"ROSARIO","Rosario","Asfalto","No existe","II","Dentro","Urbana","Ninguna","No existe","Intersección","Bueno","Buena","Atardecer","Buen Tiempo","Lateral","S/D","Colisión","Ninguna","Faltante","Vegetación","Sin restricción"
2015,4703,20/06/2015,"Sabado",0,05:30:00,,"0.0",2,"Moto/Ciclomotor,Otros","Av. Battle y Ordoñez Y Pte.Roca",3,2,0,0,0,0,1,,"Calle",,"ROSARIO","Rosario","Asfalto","No existe","II","Dentro","Urbana","S/D","No existe","Intersección","Bueno","Reducida","Amanecer","S/D","S/D","S/D","Colisión","S/D","Horizontal","Cordón divisorio","Sin restricción"
2015,4704,06/06/2015,"Sabado",0,13:00:00,,"0.0",2,"Moto/Ciclomotor,Pickup/Utilitario","Albert Sabin Y Cangallo",2,1,0,0,1,0,0,,"S/D",,"ROSARIO","Rosario","Asfalto","S/D","II","S/D","Urbana","S/D","S/D","Intersección","Bueno","S/D","Diurna","S/D","S/D","S/D","S/D","S/D","S/D","S/D","S/D"
2015,4705,22/06/2015,"Lunes",0,19:00:00,,"0.0",2,"Moto/Ciclomotor,Moto/Ciclomotor","San Martin 6200",3,3,0,0,0,0,0,,"Calle",,"ROSARIO","Rosario","Asfalto","No existe","II","Dentro","Urbana","Ninguna","No existe","Recta","Bueno","Buena","Atardecer","Buen Tiempo","S/D","S/D","Colisión","S/D","Vertical","Ninguna","Sin restricción"
2015,4707,26/06/2015,"Viernes",0,09:00:00,,"0.0",2,"Moto/Ciclomotor,Automóvil","Av. Arijon Y Av. Corrientes",2,1,0,0,1,0,0,,"Calle",,"ROSARIO","Rosario","Asfalto","No existe","II","Dentro","Urbana","Ninguna","No existe","Intersección","Bueno","Buena","Diurna","S/D","S/D","S/D","Colisión","S/D","Horizontal","Línea divisoria pintada","Sin restricción"
2015,4708,26/06/2015,"Viernes",0,18:00:00,,"0.0",2,"Moto/Ciclomotor,Automóvil","Paraguay Y Ceibo",3,2,0,0,1,0,0,,"Calle",,"ROSARIO","Rosario","Asfalto","No existe","II","Dentro","Urbana","Ninguna","No existe","Recta","Bueno","Buena","Diurna","S/D","S/D","S/D","Colisión","S/D","Horizontal","Ninguna","Sin restricción"
2015,4709,13/06/2015,"Sabado",0,14:00:00,,"0.0",2,"Automóvil,Pickup/Utilitario","Av. Alberdi Bis Y Harding",2,1,0,0,1,0,0,,"Avenida",,"ROSARIO","Rosario","Hormigón","S/D","II","S/D","Urbana","S/D","S/D","Intersección","Bueno","S/D","Diurna","S/D","S/D","S/D","S/D","S/D","S/D","S/D","S/D"
2015,4710,16/06/2015,"Martes",0,10:05:00,,"0.0",2,"Automóvil,Automóvil","Rep.Dominicana Y Pje. Rossini",4,0,0,0,1,0,3,,"S/D",,"ROSARIO","Rosario","Hormigón","S/D","II","S/D","Urbana","S/D","S/D","Intersección","Bueno","S/D","Diurna","S/D","S/D","S/D","S/D","S/D","S/D","S/D","S/D"
2015,4711,29/06/2015,"Lunes",0,,,"0.0",2,"Automóvil,Moto/Ciclomotor","Iturraspe Y Mariano Moreno",2,1,0,0,1,0,0,,"Calle",,"VENADO TUERTO","General López","Asfalto","No existe","VIII","Dentro","Urbana","S/D","No existe","Intersección","Bueno","Buena","S/D","S/D","S/D","S/D","S/D","S/D","S/D","S/D","S/D"
2015,4712,02/06/2015,"Martes",0,16:40:00,,"0.0",2,"Moto/Ciclomotor,Transporte de Pasajeros Larga Distancia (> 8 asientos)","Bv. Avellaneda Y Casilda",2,1,0,0,0,0,1,,"S/D",,"ROSARIO","Rosario","Hormigón","S/D","II","S/D","Urbana","S/D","S/D","Intersección","Bueno","S/D","Diurna","S/D","S/D","S/D","S/D","S/D","S/D","S/D","S/D"
2015,4713,26/06/2015,"Viernes",0,13:45:00,,"0.0",2,"Moto/Ciclomotor,Automóvil","Gral Jose de San Martin Y 9 de Julio",2,1,0,0,1,0,0,,"Calle",,"VENADO TUERTO","General López","Asfalto","No existe","VIII","Dentro","Urbana","S/D","No existe","Intersección","Bueno","Buena","Diurna","S/D","S/D","S/D","S/D","S/D","S/D","S/D","S/D"
2015,4714,27/06/2015,"Sabado",0,,,"0.0",2,"Automóvil,Automóvil","Vera Mujica Y J.J.Paso",2,1,0,0,1,0,0,,"Calle",,"ROSARIO","Rosario","Asfalto","Pavimento","II","S/D","Urbana","Otra Señal","No funciona","Intersección","Bueno","Buena","Diurna","Buen Tiempo","Lateral","S/D","Colisión","S/D","S/D","S/D","Sin restricción"
2015,4715,18/06/2015,"Jueves",0,12:00:00,,"0.0",2,"Bicicleta,Camión","Pje. Reclus Y ",2,1,0,0,1,0,0,,"Calle",,"ROSARIO","Rosario","Asfalto","No existe","II","Dentro","Urbana","Ninguna","No existe","Intersección","Bueno","Buena","Diurna","Buen Tiempo","S/D","S/D","Atropello","S/D","Faltante","Ninguna","Sin restricción"
2015,4716,25/06/2015,"Jueves",0,12:50:00,,"0.0",2,"Automóvil,Moto/Ciclomotor","Mariano Moreno Y Carlos Pellegrini",2,1,0,0,1,0,0,,"Calle",,"VENADO TUERTO","General López","Asfalto","S/D","VIII","Dentro","Urbana","S/D","No existe","Intersección","Bueno","Buena","Diurna","S/D","S/D","S/D","S/D","S/D","S/D","S/D","S/D"
2015,4717,07/06/2015,"Domingo",0,18:30:00,,"0.0",2,"Automóvil,Moto/Ciclomotor","Av. Ovidio Lagos ",2,1,0,0,1,0,0,,"Calle",,"ROSARIO","Rosario","Asfalto","Pavimento","II","Dentro","Urbana","Ninguna","No existe","Intersección","Bueno","Buena","Diurna","Buen Tiempo","Lateral","S/D","Colisión","S/D","Faltante","Ninguna","Sin restricción"
2015,4718,25/06/2015,"Jueves",0,11:50:00,,"0.0",2,"Automóvil,Moto/Ciclomotor","Cornelio Saavedra Y Maipu",2,1,0,0,1,0,0,,"Calle",,"VENADO TUERTO","General López","Asfalto","No existe","VIII","Dentro","Urbana","S/D","No existe","Recta","Bueno","Buena","Diurna","S/D","S/D","S/D","S/D","S/D","S/D","S/D","S/D"
2015,4719,30/06/2015,"Martes",1,,,"0.0",2,"Peatón,Automóvil","J.B.Justo Y Campbell",2,0,1,0,0,0,1,,"Calle",,"ROSARIO","Rosario","Asfalto","No existe","II","S/D","S/D","Ninguna","No existe","Recta","Bueno","Buena","Diurna","Buen Tiempo","S/D","S/D","Atropello","Otro","Faltante","Ninguna","Sin restricción"
2015,4720,17/06/2015,"Miercoles",0,,,"0.0",2,"Moto/Ciclomotor,Automóvil","J.L.Pagano Y Ottone Bis",2,1,0,0,1,0,0,,"Calle",,"ROSARIO","Rosario","Asfalto","No existe","II","S/D","Urbana","Ninguna","No existe","Recta","Bueno","Buena","Diurna","Buen Tiempo","De alcance","S/D","Colisión","Otro","Faltante","Ninguna","Sin restricción"
2015,4721,17/06/2015,"Miercoles",0,,,"0.0",2,"Taxi/Remis,Peatón","Pje. Asturias Bis Y Av. Genova",2,1,0,0,1,0,0,,"Avenida",,"ROSARIO","Rosario","Asfalto","No existe","II","S/D","S/D","Ninguna","No existe","Recta","Bueno","Buena","Atardecer","Buen Tiempo","S/D","S/D","Atropello","Otro","Faltante","Ninguna","Sin restricción"
2015,4722,24/06/2015,"Miercoles",0,,,"0.0",2,"Automóvil,Moto/Ciclomotor","Marconico Y Italia",2,1,0,0,1,0,0,,"Avenida",,"VENADO TUERTO","General López","Asfalto","No existe","VIII","Dentro","Urbana","S/D","No existe","Intersección","Bueno","Buena","S/D","S/D","S/D","S/D","S/D","S/D","S/D","S/D","S/D"
2015,4723,15/06/2015,"Lunes",0,07:30:00,,"0.0",1,"Pickup/Utilitario","Bv. Rondeau Y Castagnino",1,1,0,0,0,0,0,,"Avenida",,"ROSARIO","Rosario","Asfalto","No existe","II","S/D","Urbana","Ninguna","No existe","Recta","Bueno","Buena","Diurna","Buen Tiempo","Contra objeto fijo","S/D","Colisión","S/D","Faltante","Ninguna","Sin restricción"
2015,4724,20/06/2015,"Sabado",0,11:00:00,,"0.0",2,"Moto/Ciclomotor,Automóvil","AV EVA PERON  Y ALBERDI",3,1,1,0,1,0,0,,"Avenida",,"VENADO TUERTO","General López","Asfalto","No existe","VIII","Dentro","Urbana","S/D","No existe","Intersección","Bueno","Buena","Diurna","S/D","S/D","S/D","S/D","S/D","S/D","S/D","S/D"
2015,4725,12/06/2015,"Viernes",0,08:25:00,,"0.0",2,"Automóvil,Automóvil","Agrelo Y Washington",2,1,0,0,1,0,0,,"Calle",,"ROSARIO","Rosario","Asfalto","No existe","II","S/D","Urbana","Ninguna","No existe","Intersección","Bueno","Buena","Diurna","Buen Tiempo","Frontal","S/D","Colisión","S/D","Faltante","Ninguna","Sin restricción"
2015,4726,19/06/2015,"Viernes",0,13:10:00,,"0.0",2,"Moto/Ciclomotor,Automóvil","Jujuy Y Pedro Barberis",2,1,0,0,1,0,0,,"Calle",,"VENADO TUERTO","General López","Asfalto","No existe","VIII","Dentro","Urbana","S/D","No existe","Intersección","Bueno","Buena","Diurna","S/D","S/D","S/D","S/D","S/D","S/D","S/D","S/D"
2015,4727,17/06/2015,"Miercoles",0,11:30:00,,"0.0",2,"Moto/Ciclomotor,Pickup/Utilitario","SANTA FE Y MAJANO",2,1,0,0,1,0,0,,"Calle",,"VENADO TUERTO","General López","Asfalto,Tierra","No existe","VIII","Dentro","Urbana","S/D","No existe","Intersección","Bueno","Buena","Diurna","S/D","S/D","S/D","S/D","S/D","S/D","S/D","S/D"
2015,4728,14/03/2015,"Sabado",0,22:15:00,"Ruta Provincial 64","0.0",1,"Automóvil","RP64 y acc a AP01 ",2,0,0,0,0,2,0,"-31.964003, -60.948944","Ruta",64,"CORONDA","San Jerónimo","Asfalto","Natural","XV","Fuera","Rural","Marca Vial","No existe","Distribuidor","Bueno","Reducida","Nocturna,Con luz artificial","Buen Tiempo","Contra objeto fijo","S/D","Colisión,Despiste","S/D","S/D","Vegetación,Línea divisoria pintada","Sin restricción"
2015,4729,02/06/2015,"Martes",0,14:30:00,,"0.0",2,"Automóvil,Automóvil","Padre R. Giaccone Y Paraguay",2,1,0,0,1,0,0,,"Calle",,"ROSARIO","Rosario","Asfalto","No existe","II","Dentro","Urbana","Ninguna","No existe","Intersección","Bueno","Buena","Diurna","S/D","S/D","S/D","Colisión","S/D","Horizontal","Ninguna","Sin restricción"
2015,4730,02/06/2015,"Martes",0,11:20:00,,"0.0",1,"Moto/Ciclomotor","Irigoyen ",2,1,0,0,1,0,0,,"Calle",,"FUNES","Rosario","Tierra","S/D","II","S/D","Urbana","Ninguna","S/D","Intersección","S/D","Buena","Diurna","Buen Tiempo","Lateral","S/D","Colisión","S/D","Faltante","Ninguna","Sin restricción"
2015,4731,06/06/2015,"Sabado",0,15:30:00,,"0.0",2,"Taxi/Remis,Moto/Ciclomotor","Garzon Y Esquel",2,1,0,0,1,0,0,,"S/D",,"ROSARIO","Rosario","S/D","No existe","II","S/D","S/D","S/D","No existe","Intersección","S/D","S/D","Diurna","S/D","Lateral","S/D","Colisión","S/D","Faltante","S/D","Sin restricción"
2015,4732,22/06/2015,"Lunes",0,14:10:00,,"0.0",2,"Automóvil,Moto/Ciclomotor","Av. Ovidio Lagos 6400",3,2,0,0,1,0,0,,"Avenida",,"ROSARIO","Rosario","Asfalto","Pavimento","II","Dentro","Urbana","Ninguna","No existe","Recta","Bueno","Buena","Diurna","Buen Tiempo","De alcance","S/D","Colisión","S/D","Faltante","Ninguna","Sin restricción"
2015,4733,02/06/2015,"Martes",0,18:50:00,,"0.0",2,"Automóvil,Bicicleta","Hipolito Irigoyen Y Velez Sarfield",2,1,0,0,1,0,0,,"Calle",,"FUNES","Rosario","Ripio","No existe","II","S/D","Urbana","Ninguna","No existe","Intersección","S/D","Buena","Atardecer","Buen Tiempo","S/D","S/D","Atropello","S/D","S/D","Ninguna","Sin restricción"