"anio_acci","nro_acci","fecha","desc_dia","fecha_aprox","hora_aprox","desc_ruta","km","cant_participantes","desc_participante","calle_avenida_km","total","heridos_leves","heridos_graves","heridos_gravisimos","ilesos","fallecidos","sin_datos","posicion_XY","desc_tipo_via","desc_ruta_ori","desc_loc","desc_dpto","desc_tipo_calzada","desc_tipo_banquina","desc_unidad_regional","desc_lugar_calzada","desc_zona","desc_prioridad","desc_estado_semaforo","desc_lugar_via","desc_estado_via","desc_estado_visibilidad","desc_luminosidad","desc_estado_clima","desc_tipo_colision","desc_tipo_atropello","desc_tipo_hecho","desc_pres_calzada","desc_senializacion","desc_separacion_via","desc_restriccion"
2015,4734,03/06/2015,"Miercoles",0,16:10:00,,"0.0",2,"Automóvil,Moto/Ciclomotor","Av Fuerza Aerea Y Jorge Newbery",2,1,0,0,1,0,0,,"Avenida",,"FUNES","Rosario","Asfalto","S/D","II","S/D","Urbana","Ninguna","No existe","Intersección","Bueno","Buena","Diurna","Buen Tiempo","Lateral","S/D","Colisión","S/D","Faltante","Ninguna","Sin restricción"
2015,4735,16/06/2015,"Martes",0,16:00:00,,"0.0",2,"Automóvil,Moto/Ciclomotor","Junin Y Maipu",2,1,0,0,1,0,0,,"Calle",,"VENADO TUERTO","General López","Asfalto","No existe","VIII","Dentro","Urbana","S/D","No existe","Intersección","Bueno","Buena","Diurna","S/D","S/D","S/D","S/D","S/D","S/D","S/D","S/D"
2015,4736,06/06/2015,"Sabado",0,05:00:00,,"0.0",2,"Otros,Moto/Ciclomotor","Candelaria Y Ruta Nacional 9",2,1,0,0,0,0,1,,"S/D",,"FUNES","Rosario","Asfalto","No existe","II","S/D","Urbana","Ninguna","S/D","Recta","Bueno","Buena","Amanecer","Buen Tiempo","S/D","S/D","Colisión","S/D","S/D","Ninguna","Sin restricción"
2015,4737,10/06/2015,"Miercoles",0,13:20:00,"Autopista Nacional Rosario -Cordoba","0.0",1,"Automóvil"," ",2,1,0,0,1,0,0,,"Autopista","Rosario -Cordoba","FUNES","Rosario","Asfalto","Natural","II","S/D","S/D","Ninguna","No existe","Recta","Bueno","Buena","Diurna","Buen Tiempo","Contra objeto fijo","S/D","Colisión","S/D","S/D","Vegetación","Sin restricción"
2015,4738,07/06/2015,"Domingo",0,20:00:00,,"0.0",2,"Automóvil,Moto/Ciclomotor","Cullen Y Arevalo",2,1,0,0,1,0,0,,"S/D",,"ROSARIO","Rosario","S/D","No existe","II","S/D","S/D","Ninguna","No existe","Intersección","S/D","S/D","Nocturna","Otro","Lateral","S/D","Colisión","S/D","Faltante","Ninguna","Sin restricción"
2015,4739,19/06/2015,"Viernes",0,13:05:00,,"0.0",2,"Moto/Ciclomotor,Pickup/Utilitario","Chacabuco Y Gral Jose de San Martin",3,2,0,0,1,0,0,,"Calle",,"VENADO TUERTO","General López","Asfalto","No existe","VIII","Dentro","Urbana","S/D","No existe","Intersección","Bueno","Buena","Diurna","S/D","S/D","S/D","S/D","S/D","S/D","S/D","S/D"
2015,4740,06/06/2015,"Sabado",0,08:40:00,,"0.0",2,"Moto/Ciclomotor,Automóvil","Bv. Rondeau Y Maciel",2,1,0,0,1,0,0,,"Calle",,"ROSARIO","Rosario","Asfalto","No existe","II","Dentro","Urbana","Ninguna","No existe","Intersección","Bueno","Buena","Diurna","Buen Tiempo","Frontal","S/D","Colisión","S/D","Faltante","S/D","Sin restricción"
2015,4741,21/06/2015,"Domingo",0,13:15:00,,"0.0",2,"Moto/Ciclomotor,Moto/Ciclomotor","Av. Provincias Unidas Y J.B.Justo",3,1,0,0,2,0,0,,"Avenida",,"ROSARIO","Rosario","Asfalto","No existe","II","S/D","Urbana","Ninguna","No existe","Recta","Bueno","Buena","Diurna","S/D","De alcance","S/D","Colisión","S/D","Faltante","Ninguna","Sin restricción"
2015,4742,26/05/2015,"Martes",0,10:00:00,,"0.0",1,,"España Y Martin de Pueyrredon",2,1,0,0,1,0,0,,"Avenida",,"VENADO TUERTO","General López","Asfalto","No existe","VIII","S/D","Urbana","S/D","No existe","Intersección","Bueno","Buena","Diurna","S/D","S/D","S/D","S/D","S/D","S/D","S/D","S/D"
2015,4743,23/05/2015,"Sabado",0,10:40:00,,"0.0",2,"Moto/Ciclomotor,Automóvil","Junin Y Cristobal Colon",3,1,1,0,1,0,0,,"Calle",,"VENADO TUERTO","General López","Asfalto","No existe","VIII","Dentro","Urbana","S/D","No existe","Intersección","Bueno","Buena","Diurna","S/D","S/D","S/D","S/D","S/D","S/D","S/D","S/D"
2015,4744,21/06/2015,"Domingo",0,15:00:00,,"0.0",2,"Automóvil,Moto/Ciclomotor","Av. Francia Y Hilarion de la Quintana",3,2,0,0,1,0,0,,"Avenida",,"ROSARIO","Rosario","Asfalto","Pavimento","II","Dentro","Urbana","Ninguna","No existe","Intersección","Bueno","Buena","Diurna","Buen Tiempo","Lateral","S/D","Colisión","S/D","Faltante","Ninguna","Sin restricción"
2015,4745,26/05/2015,"Martes",0,10:00:00,,"0.0",2,"Automóvil,Moto/Ciclomotor","España Y Martin de Pueyrredon",2,1,0,0,1,0,0,,"Avenida",,"VENADO TUERTO","General López","Asfalto","No existe","VIII","S/D","Urbana","S/D","No existe","Intersección","Bueno","Buena","Diurna","S/D","S/D","S/D","S/D","S/D","S/D","S/D","S/D"
2015,4746,03/06/2015,"Miercoles",0,17:50:00,,"0.0",2,"Moto/Ciclomotor,Pickup/Utilitario","Av. Arijon Y España",2,1,0,0,1,0,0,,"Calle",,"ROSARIO","Rosario","Asfalto","No existe","II","Dentro","Urbana","Ninguna","Funciona","Recta","Bueno","Buena","Atardecer","S/D","S/D","S/D","Colisión","S/D","Vertical","Línea divisoria pintada","Sin restricción"
2015,4747,21/06/2015,"Domingo",0,20:00:00,,"0.0",2,"Taxi/Remis,Moto/Ciclomotor","Av. Provincias Unidas Y Av. Sorrento",5,5,0,0,0,0,0,,"Avenida",,"ROSARIO","Rosario","Asfalto","No existe","II","S/D","Urbana","Señal Ceda el Paso","No existe","Recta","Bueno","Buena","Nocturna","Buen Tiempo","De alcance","S/D","Colisión","S/D","Vertical","Línea divisoria pintada","Sin restricción"
2015,4748,19/06/2015,"Viernes",0,12:10:00,,"0.0",2,"Moto/Ciclomotor,Automóvil","Falucho Y Domingo Faustino Sarmiento",3,1,1,0,1,0,0,,"Avenida",,"VENADO TUERTO","General López","Asfalto","No existe","VIII","Dentro","Urbana","S/D","No existe","Intersección","Bueno","Buena","Diurna","S/D","S/D","S/D","S/D","S/D","S/D","S/D","S/D"
2015,4749,21/05/2015,"Jueves",0,07:30:00,,"0.0",2,"Moto/Ciclomotor,Moto/Ciclomotor","Lopez Y Mariano Moreno",2,1,0,0,1,0,0,,"Calle",,"VENADO TUERTO","General López","Asfalto","No existe","VIII","Dentro","Urbana","S/D","No existe","Intersección","Bueno","Buena","Diurna","S/D","S/D","S/D","S/D","S/D","S/D","S/D","S/D"
2015,4750,21/05/2015,"Jueves",0,11:45:00,,"0.0",2,"Moto/Ciclomotor,Automóvil","Gral Manuel Belgrano Y 25 de Mayo",2,0,1,0,1,0,0,,"Calle",,"VENADO TUERTO","General López","Asfalto","No existe","VIII","Dentro","Urbana","S/D","Funciona","Intersección","Bueno","Buena","Diurna","S/D","S/D","S/D","S/D","S/D","S/D","S/D","S/D"
2015,4751,15/03/2015,"Domingo",0,04:30:00,"Autopista Nacional Rosario -Cordoba","311.0",2,"Peatón,Automóvil"," ",2,0,0,0,0,1,1,"-32.931258, -60.867128","Autopista","Rosario -Cordoba","FUNES","Rosario","Asfalto","Natural","II","Dentro","Rural","Ninguna","No existe","Recta","Bueno","Reducida","Nocturna","S/D","S/D","S/D","Atropello","S/D","Horizontal,Vertical","Vegetación","Sin restricción"
2015,4752,16/06/2015,"Martes",0,14:00:00,,"0.0",2,"Moto/Ciclomotor,Automóvil","Cullen Y Riobamba",2,1,0,0,1,0,0,,"Calle",,"ROSARIO","Rosario","Asfalto","Pavimento","II","Dentro","Urbana","Ninguna","No existe","Recta","Bueno","Buena","Diurna","Buen Tiempo","Lateral","S/D","Colisión","Otro","Faltante","Ninguna","Sin restricción"
2015,4753,19/05/2015,"Martes",0,17:20:00,,"0.0",2,"Automóvil,Bicicleta","Ayacucho Y Dante Alighieri",2,0,1,0,1,0,0,,"Calle",,"VENADO TUERTO","General López","Asfalto","No existe","VIII","Dentro","Urbana","S/D","No existe","Intersección","Bueno","Buena","Diurna","S/D","S/D","S/D","Atropello","S/D","S/D","S/D","S/D"
2015,4754,03/06/2015,"Miercoles",0,23:15:00,,"0.0",2,"Moto/Ciclomotor,Pickup/Utilitario","Viamonte Y Necochea",2,1,0,0,1,0,0,,"Calle",,"ROSARIO","Rosario","Asfalto","No existe","II","Dentro","Urbana","Semáforo","No existe","Intersección","Bueno","Buena","Nocturna","Buen Tiempo","Lateral","S/D","Colisión","Ninguna","Vertical","S/D","Sin restricción"
2015,4755,14/06/2015,"Domingo",0,00:50:00,,"0.0",2,"Automóvil,Automóvil","Av Gral San Martin Y Chubut",2,2,0,0,0,0,0,,"Avenida",,"VILLA GOBERNADOR GÁLVEZ","Rosario","Asfalto","No existe","II","Dentro","Urbana","Ninguna","No funciona","Recta","Con baches","Reducida","Nocturna","Buen Tiempo","Lateral","S/D","Colisión","Otro","Faltante","Ninguna","Sin restricción"
2015,4756,13/06/2015,"Sabado",0,06:30:00,"Ruta Nacional 8","0.0",2,"Moto/Ciclomotor,Moto/Ciclomotor","Ruta Nac 8 Y Guillermo Brown",2,1,1,0,0,0,0,,"Ruta",8,"VENADO TUERTO","General López","Asfalto,Hormigón","No existe","VIII","Dentro","Urbana","S/D","Funciona","Intersección","Bueno","Buena","Amanecer,Con luz artificial","S/D","S/D","S/D","S/D","S/D","S/D","S/D","S/D"
2015,4757,19/05/2015,"Martes",0,,,"0.0",2,"Moto/Ciclomotor,Automóvil","España Y Cristobal Colon",2,1,0,0,1,0,0,,"Calle",,"VENADO TUERTO","General López","Asfalto","No existe","VIII","Dentro","Urbana","S/D","No existe","Intersección","Bueno","S/D","S/D","S/D","S/D","S/D","S/D","S/D","S/D","S/D","S/D"
2015,4758,14/06/2015,"Domingo",0,13:45:00,,"0.0",2,"Moto/Ciclomotor,Automóvil","Av Gral San Martin Y Liniers",3,2,0,0,1,0,0,,"Avenida",,"VILLA GOBERNADOR GÁLVEZ","Rosario","Asfalto","No existe","II","Dentro","Urbana","Ninguna","No existe","Intersección","Bueno","Buena","Diurna","Buen Tiempo","Lateral","S/D","Colisión","S/D","Faltante","Ninguna","Sin restricción"
2015,4759,19/06/2015,"Viernes",0,17:15:00,,"0.0",2,"Peatón,Automóvil","Av. Pellegrini Y Liniers",2,1,0,0,1,0,0,,"Avenida",,"ROSARIO","Rosario","Asfalto","Pavimento","II","Dentro","Urbana","Ninguna","No existe","Intersección","Bueno","Buena","Diurna","Buen Tiempo","S/D","S/D","Atropello","Otro","Faltante","Cordón divisorio","S/D"
2015,4760,15/05/2015,"Viernes",0,13:10:00,,"0.0",2,"Automóvil,Moto/Ciclomotor","Guillermo Brown Y Juan Jose Castelli",2,0,0,1,1,0,0,,"Calle",,"VENADO TUERTO","General López","Asfalto","No existe","VIII","Dentro","Urbana","S/D","No existe","Intersección","Bueno","Buena","Diurna","S/D","S/D","S/D","S/D","S/D","S/D","S/D","S/D"
2015,4761,12/06/2015,"Viernes",0,14:15:00,,"0.0",2,"Moto/Ciclomotor,Automóvil","Del Valle Ibarlucea Y Eva Peron",2,0,1,0,1,0,0,,"Calle",,"VILLA GOBERNADOR GÁLVEZ","Rosario","Asfalto","No existe","II","Dentro","Urbana","Ninguna","No existe","Recta","Con baches","Buena","Diurna","Buen Tiempo","Lateral","S/D","Colisión","Agua","Faltante","Ninguna","Sin restricción"
2015,4762,13/06/2015,"Sabado",0,21:40:00,,"0.0",2,"Automóvil,Moto/Ciclomotor","Caseros Y Catamarca",5,0,2,0,2,0,1,,"Calle",,"VENADO TUERTO","General López","Asfalto","No existe","VIII","Dentro","Urbana","S/D","S/D","Intersección","Bueno","Buena","Nocturna,Con luz artificial","S/D","S/D","S/D","S/D","S/D","S/D","S/D","S/D"
2015,4763,13/06/2015,"Sabado",0,13:00:00,,"0.0",2,"Moto/Ciclomotor,Automóvil","Av Gral San Martin Y Victor Hugo",2,1,0,0,1,0,0,,"Calle",,"VILLA GOBERNADOR GÁLVEZ","Rosario","Asfalto","No existe","II","Dentro","Urbana","Ninguna","No existe","Recta","Bueno","Buena","Diurna","Buen Tiempo","Lateral","S/D","Colisión","Ninguna","Faltante","Ninguna","Sin restricción"
2015,4764,11/05/2015,"Lunes",0,19:30:00,,"0.0",2,"Moto/Ciclomotor,Automóvil","Santa Fe Y P Jose T Maxwell",3,0,2,0,1,0,0,,"Calle",,"VENADO TUERTO","General López","Asfalto","No existe","VIII","Dentro","Urbana","S/D","No existe","Intersección","Bueno","Buena","Atardecer","S/D","S/D","S/D","S/D","S/D","S/D","S/D","S/D"
2015,4765,20/06/2015,"Sabado",0,03:30:00,,"0.0",2,"Moto/Ciclomotor,Automóvil","Matienzo Y Av. Pellegrini",3,2,0,0,1,0,0,,"Avenida",,"ROSARIO","Rosario","Asfalto","Pavimento","II","Dentro","Urbana","Semáforo","Funciona","Intersección","Bueno","Buena","Con luz artificial","Buen Tiempo","Lateral","S/D","Colisión","Otro","Vertical","Cordón divisorio","Sin restricción"
2015,4766,08/05/2015,"Viernes",0,18:30:00,,"0.0",2,"Automóvil,Moto/Ciclomotor","Av Dr Luis Chapuis Y Nora Wade de Basualde",2,1,0,0,1,0,0,,"Avenida",,"VENADO TUERTO","General López","Asfalto","No existe","VIII","Dentro","Urbana","S/D","No existe","Intersección","Bueno","Buena","Diurna","S/D","S/D","S/D","S/D","S/D","S/D","S/D","S/D"
2015,4767,06/06/2015,"Sabado",0,18:15:00,,"0.0",2,"Moto/Ciclomotor,Moto/Ciclomotor","Av Gral San Martin Y Av Juan Domingo Peron",4,4,0,0,0,0,0,,"Avenida",,"VILLA GOBERNADOR GÁLVEZ","Rosario","Asfalto","No existe","II","Dentro","Urbana","Semáforo","Funciona","Recta","Bueno","Buena","Atardecer","Buen Tiempo","Lateral","S/D","Colisión","Ninguna","Faltante","Ninguna","Sin restricción"
2015,4768,12/06/2015,"Viernes",0,07:25:00,,"0.0",2,"Pickup/Utilitario,Moto/Ciclomotor","Lisandro de la Torre Y Alvear",2,1,0,0,1,0,0,,"Avenida",,"VENADO TUERTO","General López","Asfalto","No existe","VIII","Dentro","Urbana","S/D","No existe","Intersección","Bueno","Buena","Atardecer,Con luz artificial","S/D","S/D","S/D","S/D","S/D","S/D","S/D","S/D"
2015,4769,07/05/2015,"Jueves",0,18:00:00,,"0.0",2,"Automóvil,Moto/Ciclomotor","España Y Carlos Pellegrini",2,0,1,0,1,0,0,,"Calle",,"VENADO TUERTO","General López","Asfalto","No existe","VIII","Dentro","Urbana","S/D","No existe","Intersección","Bueno","Buena","Diurna","S/D","S/D","S/D","S/D","S/D","S/D","S/D","S/D"
2015,4770,09/06/2015,"Martes",0,12:30:00,"Ruta Nacional 8","0.0",2,"Automóvil,Moto/Ciclomotor"," ",5,4,0,0,1,0,0,,"Ruta",8,"VENADO TUERTO","General López","Hormigón,Ripio","Ripio","VIII","Dentro","Urbana","S/D","No existe","Intersección","Bueno","Buena","Diurna","S/D","S/D","S/D","Colisión","S/D","S/D","S/D","S/D"
2015,4771,09/06/2015,"Martes",0,10:30:00,,"0.0",2,"Moto/Ciclomotor,Automóvil","Bartolome Mitre 665",2,1,0,0,1,0,0,,"Calle",,"VENADO TUERTO","General López","Asfalto","No existe","VIII","Dentro","Urbana","S/D","No existe","S/D","Bueno","Buena","Diurna","S/D","S/D","S/D","Colisión","S/D","S/D","S/D","S/D"
2015,4772,07/06/2015,"Domingo",0,09:00:00,,"0.0",2,"Moto/Ciclomotor,Automóvil","3 de Febrero Y Dante Alighieri",3,2,0,0,1,0,0,,"Calle",,"VENADO TUERTO","General López","Asfalto","No existe","VIII","Dentro","Urbana","S/D","No existe","Intersección","Bueno","Buena","Diurna","S/D","S/D","S/D","Colisión","S/D","S/D","S/D","S/D"
2015,4773,02/06/2015,"Martes",0,07:00:00,,"0.0",2,"Moto/Ciclomotor,Automóvil","Almafuerte Y P Jose T Maxwell",2,0,1,0,1,0,0,,"Calle",,"VENADO TUERTO","General López","Ripio","No existe","VIII","Dentro","Urbana","S/D","No existe","Intersección","Con baches","Buena","Amanecer","S/D","S/D","S/D","Colisión","S/D","S/D","S/D","S/D"
2015,4774,02/06/2015,"Martes",0,18:00:00,,"0.0",2,"Moto/Ciclomotor,Moto/Ciclomotor","Av Gral San Martin Y Bv San diego",3,2,0,0,1,0,0,,"Calle",,"VILLA GOBERNADOR GÁLVEZ","Rosario","Asfalto","No existe","II","Dentro","Urbana","Semáforo","Funciona","Recta","Bueno","Buena","Atardecer","Buen Tiempo","Lateral","S/D","Colisión","Otro","Faltante","Ninguna","Sin restricción"
2015,4775,08/05/2015,"Viernes",0,20:00:00,,"0.0",2,"Automóvil,Moto/Ciclomotor","España Y Iturraspe",2,1,0,0,1,0,0,,"Calle",,"VENADO TUERTO","General López","Asfalto","No existe","VIII","Dentro","Urbana","S/D","No existe","Intersección","Bueno","Buena","Nocturna,Con luz artificial","S/D","S/D","S/D","S/D","S/D","S/D","S/D","S/D"
2015,4776,15/03/2015,"Domingo",0,06:30:00,,"0.0",2,"Moto/Ciclomotor,Automóvil","Mariano Moreno Y G Lehmann",2,0,0,0,1,1,0,"-31.450194444444,-60.932861111111","Calle",,"ESPERANZA","Las Colonias","Hormigón","No existe","XI","Dentro","Urbana","Ninguna","No existe","Intersección","Bueno","Buena","Amanecer,Con luz artificial","Buen Tiempo","Lateral","S/D","Colisión","Ninguna","Vertical","Ninguna","Sin restricción"
2015,4777,15/03/2015,"Domingo",0,,"Ruta Provincial 92","18.0",1,"Moto/Ciclomotor","RP92 a 100mt de RN178 ",1,0,0,0,0,1,0,"-33.110939, -61.357803","Ruta",92,"LOS MOLINOS","Caseros","Asfalto","No existe","IV","Fuera","Rural","Marca Vial","No existe","Recta","Bueno","S/D","S/D","S/D","Contra objeto fijo","S/D","Colisión,Despiste","S/D","Horizontal,Vertical","Línea divisoria pintada","Sin restricción"
2015,4778,20/06/2015,"Sabado",0,,,"0.0",2,"Otros,Otros","Cordoba Y Solis",2,0,0,0,0,0,2,,"S/D",,"ROSARIO","Rosario","S/D","S/D","II","S/D","S/D","S/D","S/D","S/D","S/D","S/D","S/D","S/D","S/D","S/D","S/D","S/D","S/D","S/D","S/D"
2015,4779,15/03/2015,"Domingo",0,22:15:00,"Ruta Secundaria 17-s","6.5",1,"Automóvil"," ",2,0,0,0,0,2,0,"-33.082905, -60.930431","Ruta","17-s","CORONEL ARNOLD","San Lorenzo","Asfalto","Natural","XVII","Fuera","Rural","Ninguna","No existe","Recta","Bueno","Buena","Nocturna","Buen Tiempo","S/D","S/D","Caída ocupante,Vuelco,Despiste","Ninguna","Faltante","Línea divisoria pintada","Sin restricción"
2015,4780,22/06/2015,"Lunes",0,12:00:00,,"0.0",2,"Moto/Ciclomotor,Automóvil","Rioja Y Pje. Windels",2,1,0,0,1,0,0,,"Calle",,"ROSARIO","Rosario","Asfalto","Pavimento","II","Dentro","Urbana","Ninguna","No existe","Rotonda","Bueno","Buena","Diurna","Buen Tiempo","De alcance","S/D","Colisión","Otro","Faltante","Ninguna","Sin restricción"
2015,4781,23/06/2015,"Martes",0,11:30:00,,"0.0",2,"Moto/Ciclomotor,Automóvil","Viamonte Y Roullon",3,2,0,0,1,0,0,,"S/D",,"ROSARIO","Rosario","Asfalto","No existe","II","S/D","S/D","Ninguna","No existe","Intersección","Bueno","Buena","Diurna","Buen Tiempo","Lateral","S/D","Colisión","Otro","Faltante","Ninguna","Sin restricción"
2015,4782,15/03/2015,"Domingo",0,22:40:00,"Ruta Secundaria 20-s","3.8",1,"Automóvil"," ",1,0,0,0,0,1,0,"-33.124795, -60.800006","Ruta","20-s","ÁLVAREZ","Rosario","Asfalto","Natural","II","Fuera","Urbana","Marca Vial","No existe","Curva","Bueno","S/D","Nocturna,Con luz artificial","Buen Tiempo","Contra objeto fijo","S/D","Colisión,Despiste","Ninguna","Horizontal,Vertical","Línea divisoria pintada","Sin restricción"
2015,4783,22/06/2015,"Lunes",0,,,"0.0",2,"Automóvil,Automóvil","Av de Circunvalacion Y Nogues",2,1,0,0,1,0,0,,"Avenida",,"VILLA GOBERNADOR GÁLVEZ","Rosario","Asfalto","No existe","II","S/D","S/D","Ninguna","No existe","Recta","Bueno","Buena","S/D","Buen Tiempo","De alcance","S/D","Colisión","S/D","Faltante","Ninguna","Sin restricción"
2015,4784,11/06/2015,"Jueves",0,17:00:00,,"0.0",2,"Moto/Ciclomotor,Taxi/Remis","Av Juan Domingo Peron Y G Lopez",2,1,0,0,1,0,0,,"Calle",,"VILLA GOBERNADOR GÁLVEZ","Rosario","Asfalto","No existe","II","Dentro","Urbana","Ninguna","No existe","Recta","Deteriorada","Buena","Diurna","Buen Tiempo","De alcance","S/D","Colisión","S/D","Faltante","Ninguna","Sin restricción"
2015,4785,20/06/2015,"Sabado",0,21:30:00,,"0.0",2,"Moto/Ciclomotor,Automóvil","Av Gral San Martin Y Chubut",2,1,0,0,1,0,0,,"Calle",,"VILLA GOBERNADOR GÁLVEZ","Rosario","Asfalto","No existe","II","Dentro","Urbana","Ninguna","No existe","Recta","Bueno","Reducida","Nocturna","Buen Tiempo","Lateral","S/D","Colisión","S/D","Faltante","Ninguna","Sin restricción"
2015,4786,08/06/2015,"Lunes",0,18:00:00,,"0.0",2,"Moto/Ciclomotor,Peatón","Soldado Aguirre Y Buenos Aires",2,1,0,0,0,0,1,,"Calle",,"VILLA GOBERNADOR GÁLVEZ","Rosario","Asfalto","S/D","II","S/D","S/D","Ninguna","No existe","Intersección","Con baches","Buena","Atardecer","Buen Tiempo","S/D","S/D","Atropello","S/D","S/D","Ninguna","Sin restricción"
2015,4787,07/06/2015,"Domingo",0,13:45:00,,"0.0",2,"Moto/Ciclomotor,Moto/Ciclomotor","Soldado Aguirre Y San Nicolas",2,1,0,0,0,0,1,,"Calle",,"VILLA GOBERNADOR GÁLVEZ","Rosario","Asfalto","No existe","II","S/D","S/D","Ninguna","No funciona","Intersección","Deteriorada","Buena","Diurna","Buen Tiempo","Otro","S/D","Colisión","S/D","S/D","Ninguna","Sin restricción"
2015,4788,16/03/2015,"Lunes",0,04:00:00,,"0.0",1,"Moto/Ciclomotor","B Anduiza 140",1,0,0,0,0,1,0,"-31.257388888889,-61.472","Calle",,"RAFAELA","Castellanos","Asfalto","No existe","V","Dentro","Urbana","Ninguna","No existe","Recta","Bueno","Buena","Nocturna,Con luz artificial","Buen Tiempo","Contra objeto fijo","S/D","Colisión","Ninguna","Vertical","Ninguna","Sin restricción"
2015,4789,02/06/2015,"Martes",0,15:40:00,,"0.0",2,"Pickup/Utilitario,Moto/Ciclomotor","Santa Fe Y Alvear",2,0,1,0,1,0,0,,"Avenida",,"VENADO TUERTO","General López","S/D","S/D","VIII","Dentro","Urbana","S/D","S/D","S/D","S/D","S/D","Diurna","S/D","S/D","S/D","S/D","S/D","S/D","S/D","S/D"
2015,4790,19/06/2015,"Viernes",0,16:35:00,,"0.0",2,"Moto/Ciclomotor,Automóvil","20 de Junio ",2,1,0,0,1,0,0,,"Calle",,"VILLA GOBERNADOR GÁLVEZ","Rosario","Tierra","No existe","II","Dentro","Urbana","Ninguna","No existe","Recta","Ahuellamiento","Buena","Diurna","Buen Tiempo","Lateral","S/D","Colisión","S/D","Faltante","Ninguna","Sin restricción"
2015,4791,03/06/2015,"Miercoles",0,,,"0.0",2,"Moto/Ciclomotor,Automóvil","AV FILIPINI Y PASAJE 3",3,1,0,0,2,0,0,,"Avenida",,"VILLA GOBERNADOR GÁLVEZ","Rosario","Asfalto","No existe","II","S/D","S/D","Ninguna","No existe","Intersección","Resbaladiza","Buena","S/D","Otro","Otro","S/D","Colisión","S/D","S/D","Ninguna","Sin restricción"
2015,4792,02/06/2015,"Martes",0,07:00:00,,"0.0",2,"Moto/Ciclomotor,Automóvil","Almafuerte Y P Jose T Maxwell",2,0,1,0,1,0,0,,"Calle",,"VENADO TUERTO","General López","Ripio","No existe","VIII","Dentro","Urbana","S/D","No existe","Intersección","Con baches","Buena","Diurna,Con luz artificial","S/D","S/D","S/D","S/D","S/D","S/D","S/D","S/D"
2015,4793,18/06/2015,"Jueves",0,08:40:00,,"0.0",2,"Moto/Ciclomotor,Automóvil","Av de Circunvalacion Y T A Edison bis",2,1,0,0,1,0,0,,"Calle",,"VILLA GOBERNADOR GÁLVEZ","Rosario","Asfalto","No existe","II","Dentro","Urbana","Ninguna","No existe","Recta","Bueno","Buena","Diurna","Buen Tiempo","Lateral","S/D","Colisión","S/D","Faltante","Ninguna","Sin restricción"
2015,4794,30/08/2015,"Domingo",0,02:35:00,,"0.0",2,"Automóvil,Moto/Ciclomotor","Santa Fe Y Roca",3,2,0,0,1,0,0,,"Avenida",,"VENADO TUERTO","General López","Asfalto","No existe","VIII","Dentro","Urbana","S/D","No existe","Intersección","Bueno","Buena","Nocturna,Con luz artificial","S/D","S/D","S/D","S/D","S/D","S/D","S/D","S/D"
2015,4795,16/03/2015,"Lunes",0,20:00:00,"Ruta Secundaria 80-s","96.9",2,"Bicicleta,Automóvil","RP80s 2900mts al O de RP13 ",2,0,0,0,1,1,0,"-30.860854, -61.402971","Ruta","80-s","HUMBERTO 1°","Castellanos","Asfalto","Natural","V","Dentro","Rural","Ninguna","No existe","Recta","Bueno","Buena","Atardecer","Buen Tiempo","Otro","S/D","Atropello","Ninguna","Faltante","Ninguna","Sin restricción"
2015,4796,27/04/2015,"Lunes",0,18:05:00,,"0.0",2,"Automóvil,Moto/Ciclomotor","España Y Dean Funes",2,0,1,0,1,0,0,,"Avenida",,"VENADO TUERTO","General López","Asfalto","No existe","VIII","Dentro","Urbana","S/D","No existe","Intersección","Bueno","Buena","Diurna","S/D","S/D","S/D","Colisión","S/D","S/D","S/D","S/D"
2015,4797,25/03/2015,"Miercoles",0,16:45:00,,"0.0",2,"Moto/Ciclomotor,Automóvil","Av Estrugamou Y Matheu",2,0,1,0,1,0,0,,"Avenida",,"VENADO TUERTO","General López","Asfalto","S/D","VIII","S/D","Urbana","S/D","S/D","Intersección","S/D","S/D","Diurna","S/D","S/D","S/D","Colisión","S/D","S/D","S/D","S/D"
2015,4798,09/06/2015,"Martes",0,21:00:00,,"0.0",2,"Moto/Ciclomotor,Otros","CORDOBA ",2,1,0,0,0,0,1,,"Calle",,"PUEBLO ESTHER","Rosario","Asfalto","Pavimento","II","Dentro","Urbana","Ninguna","No existe","Recta","Bueno","Buena","Nocturna","Buen Tiempo","S/D","S/D","Colisión","Ninguna","Faltante","Línea divisoria pintada","Sin restricción"
2015,4799,28/05/2015,"Jueves",0,12:30:00,,"0.0",2,"Moto/Ciclomotor,Automóvil","Felix Goumonde Y Juan Jose Castelli",2,0,1,0,1,0,0,,"Calle",,"VENADO TUERTO","General López","Asfalto","No existe","VIII","Dentro","Urbana","S/D","No existe","Intersección","Bueno","Buena","Diurna","S/D","S/D","S/D","S/D","S/D","S/D","S/D","S/D"
2015,4800,16/03/2015,"Lunes",0,,,"0.0",2,"Moto/Ciclomotor,Automóvil","Valparaiso Y Mendoza",3,2,0,0,1,0,0,"-32.943722222222,-60.683166666667","Calle",,"ROSARIO","Rosario","Asfalto","No existe","II","Dentro","Urbana","Ninguna","S/D","Intersección","Bueno","S/D","S/D","Buen Tiempo","Lateral","S/D","Colisión","Ninguna","Vertical","Ninguna","Sin restricción"