"anio_acci","nro_acci","fecha","desc_dia","fecha_aprox","hora_aprox","desc_ruta","km","cant_participantes","desc_participante","calle_avenida_km","total","heridos_leves","heridos_graves","heridos_gravisimos","ilesos","fallecidos","sin_datos","posicion_XY","desc_tipo_via","desc_ruta_ori","desc_loc","desc_dpto","desc_tipo_calzada","desc_tipo_banquina","desc_unidad_regional","desc_lugar_calzada","desc_zona","desc_prioridad","desc_estado_semaforo","desc_lugar_via","desc_estado_via","desc_estado_visibilidad","desc_luminosidad","desc_estado_clima","desc_tipo_colision","desc_tipo_atropello","desc_tipo_hecho","desc_pres_calzada","desc_senializacion","desc_separacion_via","desc_restriccion"
2015,4801,13/06/2015,"Sabado",0,23:30:00,"Ruta Provincial 21","0.0",2,"Moto/Ciclomotor,Automóvil","3 DE FEBRERO ",2,1,0,0,1,0,0,,"Ruta",21,"PUEBLO ESTHER","Rosario","Asfalto","Natural","II","Dentro","Urbana","Ninguna","No existe","Rotonda","Bueno","Buena","Nocturna","Buen Tiempo","De alcance","S/D","Colisión","Ninguna","Faltante","Línea divisoria pintada","Sin restricción"
2015,4802,24/06/2015,"Miercoles",0,14:45:00,,"0.0",2,"Automóvil,Automóvil","San Jose Y Cochet",2,1,0,0,1,0,0,,"Calle",,"FUNES","Rosario","Asfalto","S/D","II","S/D","S/D","S/D","No existe","Intersección","Bueno","Buena","Diurna","Buen Tiempo","Lateral","S/D","Colisión","S/D","S/D","Ninguna","Sin restricción"
2015,4803,18/06/2015,"Jueves",0,12:30:00,"Ruta Nacional 9","0.0",2,"Automóvil,Moto/Ciclomotor","Ruta Nacional 9 ",2,1,0,0,1,0,0,,"Ruta",9,"FUNES","Rosario","Asfalto","Ripio","II","S/D","Urbana","S/D","S/D","Recta","Bueno","Buena","Diurna","Buen Tiempo","Otro","S/D","Colisión","S/D","S/D","Línea divisoria pintada","S/D"
2015,4804,08/06/2015,"Lunes",0,18:50:00,,"0.0",2,"Moto/Ciclomotor,Camión","Lisandro de la Torre Y Rivadavia",2,1,0,0,1,0,0,,"Calle",,"GENERAL LAGOS","Rosario","Asfalto","No existe","II","Dentro","Urbana","S/D","No existe","Intersección","Bueno","Buena","Atardecer,Con luz artificial","Buen Tiempo","S/D","S/D","S/D","S/D","S/D","S/D","S/D"
2015,4805,10/05/2015,"Domingo",0,15:20:00,,"0.0",2,"Moto/Ciclomotor,Automóvil","Pavon Y Alberdi Juan Bautista",5,2,1,0,1,1,0,"-33.749663, -61.954516","Calle",,"VENADO TUERTO","General López","Asfalto","No existe","VIII","Dentro","Urbana","S/D","No existe","Intersección","Bueno","Buena","Diurna","S/D","S/D","S/D","Colisión","S/D","S/D","S/D","S/D"
2015,4806,26/06/2015,"Viernes",0,,,"0.0",2,"Moto/Ciclomotor,Automóvil","17 de Octubre 1300",3,2,0,0,1,0,0,,"Calle",,"VILLA GOBERNADOR GÁLVEZ","Rosario","Asfalto","No existe","II","Dentro","Urbana","Ninguna","No existe","Recta","Deteriorada","Buena","S/D","Buen Tiempo","Frontal","S/D","Colisión","S/D","Faltante","Ninguna","Sin restricción"
2015,4807,24/06/2015,"Miercoles",0,20:00:00,"Ruta Provincial 21","218.0",1,"Moto/Ciclomotor"," ",1,1,0,0,0,0,0,,"Ruta",21,"GENERAL LAGOS","Rosario","Asfalto","Natural","II","Dentro","Rural","Ninguna","No existe","Recta","Bueno","Buena","Nocturna,Con luz artificial","Buen Tiempo","S/D","S/D","Caída ocupante","S/D","S/D","Ninguna","Sin restricción"
2015,4808,23/04/2015,"Jueves",0,12:40:00,,"0.0",2,"Moto/Ciclomotor,Pickup/Utilitario","Casey Y Carlos Pellegrini",2,1,0,0,1,0,0,,"Avenida",,"VENADO TUERTO","General López","Asfalto","No existe","VIII","Dentro","Urbana","S/D","No existe","Intersección","Bueno","Buena","Diurna","S/D","S/D","S/D","Colisión","S/D","S/D","S/D","S/D"
2015,4809,24/05/2015,"Domingo",0,03:05:00,,"0.0",1,"Moto/Ciclomotor","Av Dr Luis Chapuis Y Miguel de Azcuenaga",2,0,2,0,0,0,0,,"Calle",,"VENADO TUERTO","General López","Asfalto","No existe","VIII","Dentro","Urbana","S/D","No existe","Intersección","Bueno","Buena","Nocturna,Con luz artificial","S/D","S/D","S/D","S/D","S/D","S/D","S/D","S/D"
2015,4810,24/06/2015,"Miercoles",0,,,"0.0",2,"Automóvil,Automóvil","Av Juan Domingo Peron Y Cordoba",3,2,0,0,1,0,0,,"Calle",,"VILLA GOBERNADOR GÁLVEZ","Rosario","S/D","No existe","II","S/D","Urbana","Ninguna","No existe","Recta","Bueno","Buena","S/D","Buen Tiempo","De alcance","S/D","Colisión","S/D","Faltante","S/D","Sin restricción"
2015,4811,23/06/2015,"Martes",0,,,"0.0",2,"Moto/Ciclomotor,Camión","17 de Octubre Y I A Edison",3,2,0,0,1,0,0,,"Calle",,"VILLA GOBERNADOR GÁLVEZ","Rosario","Asfalto","No existe","II","S/D","Urbana","Ninguna","No existe","Recta","Bueno","Buena","S/D","Buen Tiempo","De alcance","S/D","Colisión","S/D","Faltante","Ninguna","Sin restricción"
2015,4812,17/06/2015,"Miercoles",0,18:00:00,"Ruta Nacional 9","0.0",2,"Camión,Automóvil"," ",2,1,0,0,1,0,0,,"Ruta",9,"FUNES","Rosario","Asfalto","Ripio","II","S/D","Urbana","Ninguna","S/D","Recta","Otro","Buena","Diurna","Buen Tiempo","Lateral","S/D","Colisión","Otro","Faltante","S/D","Sin restricción"
2015,4813,03/06/2015,"Miercoles",0,06:15:00,"Ruta Nacional A012","2.0",2,"Automóvil,Camión"," ",2,0,1,0,1,0,0,,"Ruta","A012","ALVEAR","Rosario","Asfalto","Natural","II","Dentro","Rural","Ninguna","No existe","Recta","Bueno","Buena","Diurna","Buen Tiempo","Frontal","S/D","Colisión","S/D","Horizontal","Línea divisoria pintada","Sin restricción"
2015,4814,06/06/2015,"Sabado",0,09:20:00,,"0.0",2,"Moto/Ciclomotor,Automóvil","Av Juan Domingo Peron 1400",2,1,0,0,1,0,0,,"Avenida",,"VILLA GOBERNADOR GÁLVEZ","Rosario","Asfalto","No existe","II","S/D","Urbana","Semáforo","Funciona","Recta","Deteriorada","Buena","Diurna,Con luz artificial","Buen Tiempo","De alcance","S/D","Colisión","S/D","Faltante","Ninguna","Sin restricción"
2015,4815,22/04/2015,"Miercoles",0,12:50:00,,"0.0",2,"Camión,Moto/Ciclomotor","3 de Febrero Y Domingo Faustino Sarmiento",2,0,1,0,1,0,0,,"Avenida",,"VENADO TUERTO","General López","Asfalto","No existe","VIII","Dentro","Urbana","S/D","No existe","Intersección","Bueno","Buena","Diurna","S/D","S/D","S/D","Colisión","S/D","S/D","S/D","S/D"
2015,4816,04/06/2015,"Jueves",0,13:00:00,,"0.0",2,"Otros,Otros","Corrientes ",3,2,0,0,1,0,0,,"Calle",,"VILLA GOBERNADOR GÁLVEZ","Rosario","Asfalto","No existe","II","Dentro","Urbana","Ninguna","No existe","Recta","Bueno","Buena","Diurna","Buen Tiempo","De alcance","S/D","Colisión","S/D","S/D","Ninguna","Sin restricción"
2015,4818,01/06/2015,"Lunes",0,18:45:00,,"0.0",2,"Pickup/Utilitario,Moto/Ciclomotor","Urquiza Y Ing Mosconi",3,2,0,0,1,0,0,,"Calle",,"VILLA GOBERNADOR GÁLVEZ","Rosario","Asfalto","No existe","II","S/D","Urbana","Ninguna","No existe","Intersección","Bueno","Buena","Atardecer","Buen Tiempo","Otro","S/D","Colisión","S/D","Faltante","Ninguna","Sin restricción"
2015,4819,23/06/2015,"Martes",0,17:00:00,,"0.0",2,"Moto/Ciclomotor,Transporte de Pasajeros Urbano (> 8 asientos)","San Nicolas Y Pellegrini",3,2,0,0,1,0,0,,"Calle",,"VILLA GOBERNADOR GÁLVEZ","Rosario","Asfalto","No existe","II","S/D","Urbana","Ninguna","No existe","Intersección","Bueno","Buena","Diurna","Buen Tiempo","Otro","S/D","Colisión","Otro","Faltante","Ninguna","Sin restricción"
2015,4820,17/03/2015,"Martes",0,00:15:00,"Ruta Nacional 177","0.0",2,"Moto/Ciclomotor,Automóvil","RN177 y Sabin ó Las Heras ",2,1,0,0,0,1,0,"-33.241469, -60.334322","Ruta",177,"VILLA CONSTITUCIÓN","Constitución","Asfalto","Natural","VI","Dentro","Urbana","Ninguna","No existe","Intersección","Otro","Buena","Diurna","Buen Tiempo","Lateral","S/D","Colisión","Ninguna","Faltante","Línea divisoria pintada","Sin restricción"
2015,4821,17/03/2015,"Martes",0,15:20:00,"Ruta Nacional 9","0.0",2,"Moto/Ciclomotor,Transporte de Pasajeros Urbano (> 8 asientos)","Av. Eva Peron 9140",3,0,1,1,1,0,0,"-32.925404, -60.762113","Ruta",9,"ROSARIO","Rosario","Asfalto","Natural","II","Dentro","Urbana","Otra Señal","No existe","Recta","Bueno","Buena","Diurna","S/D","De alcance","S/D","Colisión","Ninguna","S/D","Línea divisoria pintada","Sin restricción"
2015,4822,17/03/2015,"Martes",0,15:45:00,"Autopista Nacional Gral. Juan Jose Valle","281.0",1,"Automóvil"," ",2,1,0,0,0,1,0,"-33.063661, -60.649324","Autopista","Gral. Juan Jose Valle","ALVEAR","Rosario","Asfalto","Natural","II","Fuera","Rural","Ninguna","No existe","Recta","Bueno","Buena","Diurna","Buen Tiempo","S/D","S/D","Vuelco,Despiste","Ninguna","Horizontal","Vegetación","Sin restricción"
2015,4823,22/06/2015,"Lunes",0,20:00:00,,"0.0",2,"Tracción animal / Carro,Automóvil","J.B.Justo Y Av. Circunvalacion",3,2,0,0,1,0,0,,"Avenida",,"ROSARIO","Rosario","S/D","S/D","II","Dentro","Urbana","S/D","S/D","S/D","S/D","S/D","Nocturna","S/D","S/D","S/D","Colisión","S/D","S/D","S/D","S/D"
2015,4824,22/06/2015,"Lunes",0,09:55:00,,"0.0",2,"Automóvil,Automóvil","Av. Jorge Newbery Y Av. Circunvalacion",2,1,0,0,1,0,0,,"Avenida",,"ROSARIO","Rosario","S/D","S/D","II","S/D","Urbana","S/D","S/D","Intersección","S/D","S/D","Diurna","S/D","S/D","S/D","Colisión","S/D","S/D","S/D","S/D"
2015,4825,08/06/2015,"Lunes",0,18:50:00,,"0.0",2,"Moto/Ciclomotor,Camión","Lisandro de la Torre 800",2,1,0,0,1,0,0,,"Calle",,"GENERAL LAGOS","Rosario","Asfalto","Natural","II","Dentro","Urbana","Otra Señal","No existe","Intersección","Bueno","Reducida","Atardecer","Buen Tiempo","Lateral","S/D","Caída ocupante","Otro","Faltante","Ninguna","Sin restricción"
2015,4826,21/03/2015,"Sabado",0,21:45:00,,"0.0",2,"Automóvil,Moto/Ciclomotor","Guillermo Brown Y Gral Jose de San Martin",2,1,0,0,1,0,0,,"Calle",,"VENADO TUERTO","General López","Asfalto","No existe","VIII","Dentro","Urbana","S/D","No existe","Intersección","Bueno","Buena","Nocturna,Con luz artificial","S/D","S/D","S/D","Colisión","S/D","S/D","S/D","S/D"
2015,4827,21/04/2015,"Martes",0,15:20:00,,"0.0",2,"Automóvil,Moto/Ciclomotor","Paz Y Chacabuco",2,0,1,0,1,0,0,,"Calle",,"VENADO TUERTO","General López","Asfalto","No existe","VIII","Dentro","Urbana","S/D","No existe","Intersección","Bueno","Buena","Diurna","Buen Tiempo","S/D","S/D","Colisión","S/D","S/D","S/D","S/D"
2015,4828,26/07/2015,"Domingo",0,08:45:00,,"0.0",2,"Automóvil,Moto/Ciclomotor","Chaco Y Manuel Dorrego",2,1,0,0,1,0,0,,"Calle",,"VILLA CONSTITUCIÓN","Constitución","Asfalto","Pavimento","VI","Dentro","Urbana","Ninguna","No existe","Recta","Bueno","Buena","Diurna","Buen Tiempo","Lateral","S/D","Colisión","S/D","Faltante","Ninguna","Sin restricción"
2015,4829,16/07/2015,"Jueves",0,09:35:00,,"0.0",2,"Otros,Moto/Ciclomotor","Salta Y Gral Lopez",3,2,0,0,1,0,0,,"Calle",,"VILLA CONSTITUCIÓN","Constitución","Asfalto","Pavimento","VI","Dentro","Urbana","Ninguna","No existe","Intersección","Bueno","Buena","Diurna","Buen Tiempo","Lateral","S/D","Colisión","S/D","Faltante","Ninguna","Sin restricción"
2015,4830,19/04/2015,"Domingo",0,,,"0.0",2,"Moto/Ciclomotor,Automóvil","Malvinas Y Formosa",2,1,0,0,1,0,0,,"Calle",,"VENADO TUERTO","General López","Asfalto","No existe","VIII","Dentro","Urbana","S/D","S/D","Intersección","Bueno","S/D","S/D","S/D","S/D","S/D","S/D","S/D","S/D","S/D","S/D"
2015,4831,16/06/2015,"Martes",0,19:30:00,,"0.0",2,"Bicicleta,Automóvil","Balcarce Y Urquiza",2,1,0,0,0,0,1,,"Calle",,"VILLA GOBERNADOR GÁLVEZ","Rosario","Asfalto","No existe","II","S/D","S/D","Ninguna","No existe","Intersección","Bueno","Buena","Nocturna,Con luz artificial","Buen Tiempo","S/D","S/D","Atropello","Otro","Faltante","Ninguna","Sin restricción"
2015,4832,06/06/2015,"Sabado",0,15:00:00,,"0.0",2,"Moto/Ciclomotor,Pickup/Utilitario","H. Brandoni Y Paraguay",2,1,0,0,1,0,0,,"Calle",,"ROSARIO","Rosario","Asfalto","No existe","II","Dentro","Urbana","Ninguna","No existe","Otro","Bueno","Buena","Diurna","Otro","S/D","S/D","Colisión","Ninguna","Horizontal","Ninguna","Sin restricción"
2015,4833,19/04/2015,"Domingo",0,14:30:00,,"0.0",2,"Automóvil,Moto/Ciclomotor","Guillermo Brown Y Italia",2,1,0,0,1,0,0,,"Calle",,"VENADO TUERTO","General López","Asfalto","No existe","VIII","Dentro","Urbana","S/D","No existe","Intersección","Bueno","Buena","Diurna","S/D","S/D","S/D","S/D","S/D","S/D","S/D","S/D"
2015,4835,17/03/2015,"Martes",0,16:10:00,"Ruta Nacional 11","566.0",2,"Bicicleta,Camión","Ruta Nacional 11 Y Bv C Pellegrini",2,0,0,0,1,1,0,"-30.792618, -60.600547","Ruta",11,"SAN JUSTO","San Justo","Asfalto","Pavimento","XVI","Dentro","Urbana","Semáforo","Funciona","Intersección","Bueno","Buena","Diurna","Buen Tiempo","Frontal","S/D","Atropello","Ninguna","Vertical","Línea divisoria pintada","Sin restricción"
2015,4836,15/07/2015,"Miercoles",0,06:30:00,,"0.0",2,"Otros,Bicicleta","Hipolito Irigoyen Y Belgrano",2,1,0,0,1,0,0,,"Calle",,"VILLA CONSTITUCIÓN","Constitución","Asfalto","Pavimento","VI","Dentro","Urbana","Ninguna","No existe","Recta","Bueno","Buena","Diurna","Buen Tiempo","S/D","S/D","Atropello","S/D","Faltante","Ninguna","Sin restricción"
2015,4837,19/06/2015,"Viernes",0,07:40:00,,"0.0",2,"Moto/Ciclomotor,Automóvil","San Nicolas Y Soldado Aguirre",2,1,0,0,0,0,1,,"Calle",,"VILLA GOBERNADOR GÁLVEZ","Rosario","Asfalto","No existe","II","S/D","S/D","Ninguna","No existe","Intersección","Bueno","Buena","Amanecer","Buen Tiempo","Otro","S/D","Colisión","Otro","Faltante","Ninguna","Sin restricción"
2015,4838,11/07/2015,"Sabado",0,,,"0.0",2,"Moto/Ciclomotor,Automóvil","San Martin Y Presidente Peron",3,2,0,0,1,0,0,,"Calle",,"VILLA CONSTITUCIÓN","Constitución","Asfalto","Pavimento","VI","Dentro","Urbana","Ninguna","No existe","Intersección","Bueno","Buena","Diurna","Buen Tiempo","Lateral","S/D","Colisión","S/D","Faltante","Ninguna","Sin restricción"
2015,4839,19/04/2015,"Domingo",0,13:20:00,,"0.0",2,"Automóvil,Moto/Ciclomotor","Dante Alighieri Y 3 de Febrero",2,1,0,0,1,0,0,,"Avenida",,"VENADO TUERTO","General López","Asfalto","No existe","VIII","Dentro","Urbana","S/D","No existe","Recta","Bueno","Buena","Diurna","S/D","S/D","S/D","S/D","S/D","S/D","S/D","S/D"
2015,4840,11/07/2015,"Sabado",0,,,"0.0",2,"Moto/Ciclomotor,Automóvil","San Martin Y 14 de Febrero",2,1,0,0,1,0,0,,"Calle",,"VILLA CONSTITUCIÓN","Constitución","Asfalto","Pavimento","VI","Dentro","Urbana","Semáforo","No existe","Intersección","Bueno","Buena","Diurna","Buen Tiempo","Frontal","S/D","Colisión","S/D","Horizontal","Ninguna","Sin restricción"
2015,4841,14/07/2015,"Martes",0,,,"0.0",2,"Moto/Ciclomotor,Automóvil","Independencia Y Cordoba",3,2,0,0,1,0,0,,"Calle",,"VILLA CONSTITUCIÓN","Constitución","Asfalto","Pavimento","VI","Dentro","Urbana","Ninguna","No existe","Intersección","Bueno","Buena","Diurna","Buen Tiempo","Frontal","S/D","Colisión","S/D","Faltante","Ninguna","Sin restricción"
2015,4842,17/03/2015,"Martes",0,20:20:00,"Ruta Provincial 40","1.6",2,"Peatón,Moto/Ciclomotor","RP40 y 2&#186; acceso a B&#186; Nuevo ",2,1,0,0,0,1,0,"-29.152504, -59.678346","Ruta",40,"RECONQUISTA","General Obligado","Asfalto","Natural","IX","Dentro","Urbana","Ninguna","No existe","Recta","Bueno","Reducida","Atardecer","Buen Tiempo","S/D","S/D","Atropello","Ninguna","Faltante","Línea divisoria pintada","Sin restricción"
2015,4843,15/04/2015,"Miercoles",0,19:30:00,,"0.0",2,"Camión,Moto/Ciclomotor","Santa Fe Y Fernando Azcoaga",2,1,0,0,1,0,0,,"Avenida",,"VENADO TUERTO","General López","Asfalto","No existe","VIII","Dentro","Urbana","S/D","No existe","Intersección","Bueno","Buena","Atardecer","S/D","S/D","S/D","S/D","S/D","S/D","S/D","S/D"
2015,4844,21/07/2015,"Martes",0,,,"0.0",1,"Moto/Ciclomotor","Avelleneda Y Simon Bolivar",1,1,0,0,0,0,0,,"Calle",,"VILLA CONSTITUCIÓN","Constitución","Asfalto","Pavimento","VI","Dentro","Urbana","Ninguna","No existe","Intersección","Bueno","Buena","Diurna","Buen Tiempo","S/D","S/D","Caída ocupante","S/D","Faltante","Ninguna","Sin restricción"
2015,4845,12/06/2015,"Viernes",0,14:00:00,,"0.0",2,"Peatón,Moto/Ciclomotor","Av. Battle y Ordoñez Y Av. Corrientes",2,0,1,0,1,0,0,,"Avenida",,"ROSARIO","Rosario","Asfalto","No existe","II","Dentro","Urbana","Ninguna","No existe","Intersección","Bueno","Buena","Diurna","Otro","S/D","S/D","Atropello","Ninguna","Horizontal","Cordón divisorio","Sin restricción"
2015,4846,14/04/2015,"Martes",0,08:20:00,,"0.0",2,"Automóvil,Bicicleta","Cornelio Saavedra Y Roque Saenz Peña",2,1,0,0,1,0,0,,"Calle",,"VENADO TUERTO","General López","Asfalto","No existe","VIII","Dentro","Urbana","S/D","No existe","Intersección","S/D","Buena","Diurna","S/D","S/D","S/D","Atropello","S/D","S/D","S/D","S/D"
2015,4847,10/07/2015,"Viernes",0,07:10:00,"Ruta Provincial 21","0.0",2,"Moto/Ciclomotor,Bicicleta","RUTA 21 Y INDEPENDENCIA",2,2,0,0,0,0,0,,"Ruta",21,"EMPALME VILLA CONSTITUCIÓN","Constitución","Asfalto","Natural","VI","Dentro","Urbana","Ninguna","No existe","Intersección","Bueno","Buena","Amanecer","Buen Tiempo","S/D","S/D","Atropello","Ninguna","S/D","Línea divisoria pintada","Sin restricción"
2015,4848,13/04/2015,"Lunes",0,16:15:00,,"0.0",2,"Bicicleta,Moto/Ciclomotor","Piacenza Y Gral Jose de San Martin",2,1,0,0,1,0,0,,"Calle",,"VENADO TUERTO","General López","Asfalto","No existe","VIII","Dentro","Urbana","S/D","No existe","Intersección","Bueno","Buena","Diurna","S/D","S/D","S/D","Atropello","S/D","S/D","S/D","S/D"
2015,4850,12/06/2015,"Viernes",0,18:30:00,,"0.0",2,"Peatón,Automóvil","San Martin 6800",2,1,0,0,1,0,0,,"Avenida",,"ROSARIO","Rosario","Asfalto","No existe","II","Dentro","Urbana","Ninguna","No existe","Recta","Bueno","Buena","Atardecer","Buen Tiempo","Otro","S/D","Atropello","Ninguna","Horizontal","Ninguna","Sin restricción"
2015,4851,12/07/2015,"Domingo",0,04:45:00,"Ruta Provincial 14","71.0",1,"Automóvil"," ",2,1,0,0,1,0,0,,"Ruta",14,"BOMBAL","Constitución","Asfalto","Natural","VI","Fuera","Rural","Ninguna","No existe","Recta","Ahuellamiento","Buena","Nocturna","Buen Tiempo","S/D","S/D","Vuelco","Ninguna","Faltante","Ninguna","Sin restricción"
2015,4852,13/04/2015,"Lunes",0,14:00:00,,"0.0",2,"Pickup/Utilitario,Moto/Ciclomotor","Cortada s n Y Balcarce",2,0,1,0,1,0,0,,"Calle",,"VENADO TUERTO","General López","Asfalto","S/D","VIII","S/D","S/D","S/D","S/D","Intersección","S/D","S/D","Diurna","S/D","S/D","S/D","Colisión","S/D","S/D","S/D","S/D"
2015,4853,18/03/2015,"Miercoles",0,01:00:00,"Autopista Nacional Rosario -Cordoba","366.0",2,"Camión,Camión","Aut km 366 desc ",2,0,0,0,1,1,0,"-32.838975, -61.443326","Autopista","Rosario -Cordoba","CAÑADA DE GÓMEZ","Iriondo","Hormigón","Pavimento","X","Dentro","Rural","Ninguna","No existe","Recta","Bueno","Reducida","Nocturna","Buen Tiempo","De alcance","S/D","Colisión","Ninguna","Vertical","Vegetación","Sin restricción"
2015,4854,19/07/2015,"Domingo",0,17:30:00,"Ruta Provincial 21","0.0",2,"Pickup/Utilitario,Moto/Ciclomotor","RUTA 21 Y CATAMARCA",2,1,0,0,1,0,0,,"Ruta",21,"EMPALME VILLA CONSTITUCIÓN","Constitución","Asfalto","Natural","VI","Dentro","Urbana","Ninguna","No existe","Intersección","Bueno","Buena","Diurna","Buen Tiempo","De alcance","S/D","Colisión","Ninguna","S/D","Línea divisoria pintada","Sin restricción"
2015,4855,20/06/2015,"Sabado",0,06:50:00,"Ruta Provincial 21","0.0",5,"Automóvil,Automóvil,Automóvil,Automóvil,Automóvil","Chacabuco ",6,3,0,0,3,0,0,,"Ruta",21,"ALVEAR","Rosario","Asfalto","Natural","II","Dentro","Rural","Semáforo","Funciona","Intersección","Bueno","Buena","Amanecer","Buen Tiempo","Múltiple","S/D","Colisión","Otro","Vertical","Línea divisoria pintada","Sin restricción"
2015,4856,07/07/2015,"Martes",0,15:40:00,"Ruta Nacional 11","0.0",2,"Automóvil,Moto/Ciclomotor","Av L de la Torre-Ruta Nac 11 Y Jose de San Martin",2,1,0,0,1,0,0,,"Ruta",11,"CORONDA","San Jerónimo","Asfalto","Pavimento","XV","Dentro","Urbana","Ninguna","No existe","Intersección","Bueno","Buena","Diurna","Buen Tiempo","Lateral","S/D","Colisión","S/D","Faltante","Barrera de hormigón","Sin restricción"
2015,4857,19/03/2015,"Jueves",0,10:00:00,"Ruta Provincial 70","80.0",2,"Bicicleta,Moto/Ciclomotor","Bv Santa Fe Y Saavedra",2,0,0,0,1,1,0,"-31.253021, -61.489663","Ruta",70,"RAFAELA","Castellanos","Asfalto","No existe","V","Dentro","Urbana","Ninguna","No existe","Intersección","Bueno","Buena","Diurna","Buen Tiempo","S/D","S/D","Atropello","Ninguna","Vertical","Cordón divisorio,Vegetación","Sin restricción"
2015,4858,19/07/2015,"Domingo",0,06:30:00,,"0.0",1,"Moto/Ciclomotor","Garay 1600",1,1,0,0,0,0,0,,"Calle",,"CORONDA","San Jerónimo","Hormigón","Pavimento","XV","Fuera","Urbana","Ninguna","S/D","Recta","Bueno","Buena","Amanecer","Buen Tiempo","Contra objeto fijo","S/D","Otro","S/D","Faltante","Ninguna","Sin restricción"
2015,4859,09/06/2015,"Martes",0,21:35:00,,"0.0",2,"Automóvil,Moto/Ciclomotor","Mitre Y Urquiza",3,0,1,0,1,1,0,"-33.024456, -60.631735","Calle",,"VILLA GOBERNADOR GÁLVEZ","Rosario","Asfalto","No existe","II","S/D","Urbana","Semáforo","Funciona","Intersección","Bueno","Buena","Nocturna,Con luz artificial","Buen Tiempo","Lateral","S/D","Colisión","S/D","Faltante","Ninguna","Sin restricción"
2015,4860,20/04/2015,"Lunes",0,18:00:00,,"0.0",2,"Automóvil,Moto/Ciclomotor","SD Y SD",2,1,0,0,1,0,0,,"Avenida",,"VENADO TUERTO","General López","Asfalto","No existe","VIII","Dentro","Urbana","S/D","No existe","Intersección","Bueno","S/D","Diurna","S/D","S/D","S/D","Colisión","S/D","S/D","S/D","S/D"
2015,4861,20/03/2015,"Viernes",0,06:10:00,"Ruta Provincial 70","106.0",2,"Camión,Pickup/Utilitario"," ",5,2,1,0,0,2,0,"-31.214686, -61.748665","Ruta",70,"PUEBLO SAN ANTONIO","Castellanos","Asfalto","Natural","V","Dentro","Rural","Ninguna","No existe","Recta","Con baches,Deteriorada","Buena","Amanecer","Buen Tiempo","Frontal","S/D","Colisión","Ninguna","Horizontal,Vertical","Línea divisoria pintada","Sin restricción"
2015,4862,11/06/2015,"Jueves",0,19:00:00,,"0.0",2,"Transporte de Pasajeros Larga Distancia (> 8 asientos),Moto/Ciclomotor","Mitre Y Garibaldi",2,1,0,0,0,0,1,,"Calle",,"VILLA GOBERNADOR GÁLVEZ","Rosario","Asfalto","Pavimento","II","S/D","S/D","Ninguna","No existe","Intersección","Bueno","Buena","Atardecer","Buen Tiempo","S/D","S/D","Colisión","Otro","Faltante","Ninguna","Sin restricción"
2015,4863,11/06/2015,"Jueves",0,19:15:00,,"0.0",2,"Moto/Ciclomotor,Automóvil","Ing Mosconi Y Buenos Aires",2,1,0,0,1,0,0,,"Calle",,"VILLA GOBERNADOR GÁLVEZ","Rosario","Asfalto","No existe","II","Dentro","Urbana","Ninguna","No existe","Intersección","Bueno","Buena","Atardecer","Buen Tiempo","Otro","S/D","Colisión","S/D","Faltante","Ninguna","Sin restricción"
2015,4864,12/04/2015,"Domingo",0,04:50:00,,"0.0",2,"Moto/Ciclomotor,Pickup/Utilitario","Lisandro de la Torre Y Nicolas Avellaneda",2,1,0,0,1,0,0,,"Calle",,"VENADO TUERTO","General López","Asfalto","No existe","VIII","Dentro","Urbana","S/D","No existe","Intersección","Bueno","Buena","Nocturna,Con luz artificial","S/D","S/D","S/D","S/D","S/D","S/D","S/D","S/D"
2015,4865,07/04/2015,"Martes",0,,,"0.0",2,"Moto/Ciclomotor,Automóvil","P Jose T Maxwell Y Balcarce",2,1,1,0,0,0,0,,"Calle",,"VENADO TUERTO","General López","Tierra,Ripio","No existe","VIII","Dentro","Urbana","S/D","No existe","Intersección","S/D","S/D","S/D","S/D","Frontal","S/D","Colisión","S/D","S/D","S/D","S/D"
2015,4866,08/06/2015,"Lunes",0,20:35:00,,"0.0",2,"Moto/Ciclomotor,Automóvil","Soldado Aguirre 2000",3,2,0,0,0,0,1,,"S/D",,"VILLA GOBERNADOR GÁLVEZ","Rosario","Asfalto","No existe","II","S/D","Urbana","Ninguna","No existe","Recta","Bueno","Buena","Nocturna","Buen Tiempo","Otro","S/D","Colisión","Otro","Faltante","Ninguna","Sin restricción"
2015,4867,06/08/2015,"Jueves",0,16:00:00,,"0.0",2,"Moto/Ciclomotor,Automóvil","J M Estrada Y Saavedra",2,1,0,0,1,0,0,,"Calle",,"RAFAELA","Castellanos","Asfalto","No existe","V","Dentro","Urbana","Ninguna","No existe","Intersección","Bueno","Buena","Diurna","Buen Tiempo","Lateral","S/D","Colisión","Ninguna","Faltante","Ninguna","Sin restricción"
2015,4868,10/08/2015,"Lunes",0,17:15:00,,"0.0",2,"Moto/Ciclomotor,Camión","Av Luis Fanti Y Monseñor A Brasca",2,1,0,0,1,0,0,,"Avenida",,"RAFAELA","Castellanos","Asfalto","Pavimento","V","Dentro","Urbana","Ninguna","No existe","Intersección","Bueno","Buena","Atardecer","Buen Tiempo","Lateral","S/D","Colisión","Ninguna","Faltante","Ninguna","S/D"