"anio_acci","nro_acci","fecha","desc_dia","fecha_aprox","hora_aprox","desc_ruta","km","cant_participantes","desc_participante","calle_avenida_km","total","heridos_leves","heridos_graves","heridos_gravisimos","ilesos","fallecidos","sin_datos","posicion_XY","desc_tipo_via","desc_ruta_ori","desc_loc","desc_dpto","desc_tipo_calzada","desc_tipo_banquina","desc_unidad_regional","desc_lugar_calzada","desc_zona","desc_prioridad","desc_estado_semaforo","desc_lugar_via","desc_estado_via","desc_estado_visibilidad","desc_luminosidad","desc_estado_clima","desc_tipo_colision","desc_tipo_atropello","desc_tipo_hecho","desc_pres_calzada","desc_senializacion","desc_separacion_via","desc_restriccion"
2015,4869,08/07/2015,"Miercoles",0,14:30:00,"Ruta Nacional 11","0.0",2,"Moto/Ciclomotor,Automóvil","Granadero Baigorria ",2,1,0,0,1,0,0,,"Ruta",11,"SAN LORENZO","San Lorenzo","S/D","S/D","XVII","S/D","Urbana","S/D","S/D","Intersección","S/D","S/D","S/D","S/D","S/D","S/D","Colisión","S/D","S/D","S/D","S/D"
2015,4870,10/07/2015,"Viernes",0,13:00:00,,"0.0",2,"Taxi/Remis,Taxi/Remis","Av San Martin 3300",3,1,0,0,2,0,0,,"Avenida",,"SAN LORENZO","San Lorenzo","Asfalto","S/D","XVII","S/D","Urbana","S/D","S/D","Recta","Bueno","Buena","Nocturna","S/D","De alcance","S/D","Colisión","S/D","Vertical","S/D","S/D"
2015,4871,13/07/2015,"Lunes",0,07:10:00,"Ruta Nacional 11","318.0",1,"Moto/Ciclomotor"," ",2,2,0,0,0,0,0,,"Ruta",11,"SAN LORENZO","San Lorenzo","S/D","S/D","XVII","S/D","Urbana","S/D","S/D","Recta","S/D","S/D","Diurna","S/D","S/D","S/D","Colisión","S/D","S/D","S/D","S/D"
2015,4872,20/07/2015,"Lunes",0,13:15:00,,"0.0",2,"Transporte de Pasajeros Larga Distancia (> 8 asientos),Moto/Ciclomotor","Bv Oroño Y Av San Martin",3,1,1,0,1,0,0,,"Avenida",,"SAN LORENZO","San Lorenzo","Hormigón","S/D","XVII","S/D","Urbana","S/D","S/D","Intersección","Bueno","S/D","Diurna","S/D","S/D","S/D","Colisión","S/D","Vertical","S/D","S/D"
2015,4873,18/07/2015,"Sabado",0,15:30:00,"Autopista Provincial Brigadier E.López","118.0",1,"Automóvil"," ",1,1,0,0,0,0,0,,"Autopista","Brigadier E.López","DESVÍO ARIJÓN","San Jerónimo","Asfalto","Natural","XV","Dentro","S/D","S/D","No existe","Recta","Bueno","Buena","Diurna","Buen Tiempo","S/D","S/D","Vuelco,Despiste","S/D","Horizontal","Cordón divisorio,Vegetación","S/D"
2015,4874,03/06/2015,"Miercoles",0,07:00:00,,"0.0",2,"Moto/Ciclomotor,Automóvil","Santa Fe Y Belgrano",2,1,0,0,1,0,0,,"Calle",,"SAN GENARO","San Jerónimo","Asfalto","No existe","XV","Dentro","Urbana","Ninguna","No existe","Recta","Bueno","Buena","Amanecer","Buen Tiempo","Lateral","S/D","Colisión","Ninguna","Faltante","Ninguna","Sin restricción"
2015,4875,23/07/2015,"Jueves",0,,,"0.0",2,"Automóvil,Automóvil","San Martin Y Mendoza",2,1,0,0,1,0,0,,"Calle",,"VILLA CONSTITUCIÓN","Constitución","Asfalto","Pavimento","VI","Dentro","Urbana","Ninguna","No existe","Intersección","Bueno","Buena","Diurna","Buen Tiempo","Lateral","S/D","Colisión","Ninguna","Faltante","Ninguna","Sin restricción"
2015,4876,08/07/2015,"Miercoles",0,12:30:00,,"0.0",2,"Moto/Ciclomotor,Automóvil","Edison Y Avda. Jorge Newbery",2,1,0,0,1,0,0,,"Avenida",,"GÁLVEZ","San Jerónimo","Asfalto","No existe","XV","Dentro","Urbana","Ninguna","No existe","Intersección","Bueno","Buena","Diurna","Buen Tiempo","Frontal,Lateral","S/D","Colisión","S/D","S/D","Cordón divisorio","Sin restricción"
2015,4877,12/08/2015,"Miercoles",0,05:30:00,,"0.0",2,"Moto/Ciclomotor,Moto/Ciclomotor","A Diaz Y Jorge Newbery",2,1,1,0,0,0,0,,"Calle",,"RAFAELA","Castellanos","Hormigón","No existe","V","Dentro","Urbana","Ninguna","No existe","Intersección","Bueno","Buena","Nocturna","Buen Tiempo","Lateral","S/D","Colisión","Ninguna","Horizontal","Ninguna","Sin restricción"
2015,4878,15/07/2015,"Miercoles",0,,,"0.0",2,"Moto/Ciclomotor,Automóvil","Cordoba Y Bolivia",2,1,0,0,1,0,0,,"Calle",,"VILLA CONSTITUCIÓN","Constitución","Asfalto","Pavimento","VI","Dentro","Urbana","Ninguna","No existe","Intersección","Bueno","Buena","Diurna","Buen Tiempo","Lateral","S/D","Colisión","Ninguna","Faltante","Ninguna","Sin restricción"
2015,4879,01/07/2015,"Miercoles",0,12:10:00,,"0.0",2,"Moto/Ciclomotor,Automóvil","Avda. 9 de Julio Y Avda. Rivadavia",2,1,0,0,1,0,0,,"Calle",,"DESVÍO ARIJÓN","San Jerónimo","Tierra","No existe","XV","Dentro","Urbana","S/D","No existe","Intersección","Bueno","Buena","Diurna","Buen Tiempo","Frontal","S/D","Colisión","S/D","S/D","Ninguna","S/D"
2015,4880,16/07/2015,"Jueves",0,,,"0.0",2,"Moto/Ciclomotor,Automóvil","Santiago del Estero Y Juan Jose de Urquiza",3,2,0,0,1,0,0,,"Calle",,"VILLA CONSTITUCIÓN","Constitución","Asfalto","Pavimento","VI","Dentro","Urbana","Ninguna","No existe","Intersección","Bueno","Buena","Diurna","Buen Tiempo","Lateral","S/D","Colisión","Ninguna","Faltante","Ninguna","Sin restricción"
2015,4881,20/08/2015,"Jueves",0,14:30:00,,"0.0",2,"Automóvil,Moto/Ciclomotor","Bv H Irigoyen Y 26 de Enero",2,1,0,0,1,0,0,,"Calle",,"RAFAELA","Castellanos","Asfalto","No existe","V","S/D","Urbana","Señal Ceda el Paso","No existe","Intersección","Bueno","Buena","Diurna","Buen Tiempo","Lateral","S/D","Colisión","Ninguna","Faltante","Ninguna","Sin restricción"
2015,4882,20/07/2015,"Lunes",0,05:00:00,"Autopista Provincial Brigadier E.López","83.0",2,"Automóvil,Camión"," ",2,1,0,0,1,0,0,,"Autopista","Brigadier E.López","BARRANCAS","San Jerónimo","Asfalto","Natural","XV","S/D","Rural","Ninguna","No existe","Recta","Bueno","Buena","Nocturna","Buen Tiempo","De alcance","S/D","Colisión","Ninguna","Faltante","Línea divisoria pintada","S/D"
2015,4883,01/07/2015,"Miercoles",0,13:00:00,,"0.0",2,"Automóvil,Automóvil","D Maresca Y Maradona W",2,1,0,0,1,0,0,,"Calle",,"BARRANCAS","San Jerónimo","Ripio","No existe","XV","Dentro","Urbana","Ninguna","No existe","Intersección","Bueno","Buena","Diurna","Buen Tiempo","Lateral","S/D","Colisión","Ninguna","Faltante","Ninguna","Sin restricción"
2015,4884,08/07/2015,"Miercoles",0,18:45:00,,"0.0",2,"Moto/Ciclomotor,Pickup/Utilitario"," ",3,1,0,0,2,0,0,,"Camino Rural",,"BARRANCAS","San Jerónimo","Tierra","No existe","XV","Dentro","Rural","Ninguna","No existe","Recta","Bueno","Buena","Diurna","Buen Tiempo","Contra objeto fijo","S/D","Colisión,Despiste","Ninguna","Faltante","Ninguna","Sin restricción"
2015,4885,08/07/2015,"Miercoles",0,11:20:00,,"0.0",2,"Moto/Ciclomotor,Pickup/Utilitario","Boulevard Ocampo Y Dalmacio Velez Sarsfield",2,0,1,0,1,0,0,,"Calle",,"HELVECIA","Garay","Asfalto","Natural","VII","Dentro","Urbana","Ninguna","No existe","Intersección","Bueno","Buena","Diurna","Buen Tiempo","Frontal","S/D","Colisión","Ninguna","Horizontal,Vertical","Vegetación","Sin restricción"
2015,4886,09/07/2015,"Jueves",0,23:55:00,,"0.0",1,"Moto/Ciclomotor"," ",1,1,0,0,0,0,0,,"Calle",,"BARRANCAS","San Jerónimo","Asfalto","No existe","XV","Dentro","Urbana","Ninguna","No existe","Recta","Bueno","Buena","Nocturna,Con luz artificial","Buen Tiempo","Atropello animal","S/D","Colisión","Ninguna","Faltante","Ninguna","S/D"
2015,4887,03/07/2015,"Viernes",0,16:20:00,,"0.0",2,"Moto/Ciclomotor,Automóvil","Bv San Martin Y Lisandro De La Torre",2,1,0,0,1,0,0,,"Avenida",,"BARRANCAS","San Jerónimo","S/D","No existe","XV","Dentro","Urbana","Ninguna","No existe","Intersección","Bueno","Buena","Diurna","Buen Tiempo","Lateral","S/D","Colisión","Ninguna","Faltante","Ninguna","Sin restricción"
2015,4888,21/03/2015,"Sabado",0,07:30:00,,"0.0",1,"Moto/Ciclomotor","Roullon Y Av. Pte.Peron",1,0,0,0,0,1,0,"-32.962972222222,-60.701361111111","Avenida",,"ROSARIO","Rosario","Asfalto","No existe","II","Dentro","Urbana","S/D","S/D","Intersección","Bueno","Buena","Diurna","Buen Tiempo","S/D","S/D","Caída ocupante","Ninguna","Horizontal,Vertical","Cordón divisorio","Sin restricción"
2015,4889,02/07/2015,"Jueves",0,01:30:00,"Ruta Nacional A012","59.0",2,"Camión,Camión","RNN&#186;A012 Y RUTA PROVINCIAL 10",2,1,1,0,0,0,0,,"Ruta","A012","RICARDONE","San Lorenzo","Asfalto","Natural","XVII","Dentro","Rural","Ninguna","No existe","Intersección","Bueno","Buena","Amanecer","Buen Tiempo","Frontal","S/D","Colisión","Ninguna","S/D","Cordón divisorio","Sin restricción"
2015,4890,10/07/2015,"Viernes",0,16:30:00,"Ruta Provincial 1","0.0",2,"Moto/Ciclomotor,Automóvil","Maipu ",3,2,0,0,1,0,0,,"Ruta",1,"HELVECIA","Garay","Asfalto,Tierra","S/D","VII","S/D","Urbana","Ninguna","S/D","Intersección","Bueno","S/D","Diurna","Buen Tiempo","Frontal","S/D","Colisión","Ninguna","Horizontal,Vertical","Línea divisoria pintada","Sin restricción"
2015,4891,13/08/2015,"Jueves",0,17:00:00,,"0.0",2,"Automóvil,Moto/Ciclomotor","Padre Dimas Mateo Y Remedios de Escalada",2,1,0,0,1,0,0,,"Calle",,"RAFAELA","Castellanos","Hormigón","No existe","V","S/D","Urbana","Ninguna","No existe","Intersección","Bueno","Reducida","Diurna","Lluvia","Frontal,Lateral","S/D","Colisión","Agua","Faltante","Ninguna","Sin restricción"
2015,4892,19/07/2015,"Domingo",0,08:20:00,"Ruta Provincial 1","97.0",1,"Automóvil","Boulevard General B Mitre ",1,1,0,0,0,0,0,,"Ruta",1,"HELVECIA","Garay","Tierra","Natural","VII","Dentro","Urbana","Ninguna","No existe","Recta","Bueno","Buena","Diurna","Buen Tiempo","S/D","S/D","Caída ocupante","Ninguna","Vertical","Línea divisoria pintada","Sin restricción"
2015,4893,21/07/2015,"Martes",0,19:40:00,"Ruta Provincial 1","85.5",2,"Automóvil,Automóvil","Boulevard General B Mitre ",2,2,0,0,0,0,0,,"Ruta",1,"HELVECIA","Garay","Asfalto","Natural","VII","Dentro","Urbana","Ninguna","No existe","Recta","Bueno","Reducida","Atardecer","Buen Tiempo","Frontal","S/D","Colisión","Ninguna","Vertical","Línea divisoria pintada","Sin restricción"
2015,4894,18/08/2015,"Martes",0,12:00:00,,"0.0",2,"Moto/Ciclomotor,Automóvil","Bv G L Lhemann Y A Alvarez",2,0,1,0,1,0,0,,"Avenida",,"RAFAELA","Castellanos","S/D","S/D","V","S/D","Urbana","Ninguna","No existe","Intersección","Bueno","Buena","Diurna","Buen Tiempo","Lateral","S/D","Colisión","Ninguna","S/D","Cordón divisorio","S/D"
2015,4895,26/07/2015,"Domingo",0,,"Ruta Provincial 1","82.0",2,"Automóvil,Camión"," ",3,2,0,0,1,0,0,,"Ruta",1,"CAMPO DEL MEDIO","Garay","Asfalto","Natural","VII","S/D","Urbana","Ninguna","No existe","Recta","Bueno","Buena","Amanecer","Buen Tiempo","Otro","S/D","Colisión","Ninguna","Vertical","Línea divisoria pintada","Sin restricción"
2015,4896,18/08/2015,"Martes",0,08:45:00,,"0.0",2,"Moto/Ciclomotor,Automóvil","Bv Santa Fe Y P Harrys",2,1,0,0,1,0,0,,"Avenida",,"RAFAELA","Castellanos","Hormigón","Pavimento","V","S/D","Urbana","Ninguna","Funciona","Intersección","Bueno","Buena","Diurna","Buen Tiempo","Lateral","S/D","Colisión","Agua","S/D","Cordón divisorio","S/D"
2015,4897,28/06/2015,"Domingo",0,17:00:00,"Ruta Nacional 19","120.0",2,"Pickup/Utilitario,Moto/Ciclomotor","RTA NAC. 19  Y RTA. PROV. 22S",2,0,1,0,1,0,0,,"Ruta",19,"JOSEFINA","Castellanos","Hormigón","Pavimento","V","Dentro","Rural","Marca Vial","No existe","Intersección","Bueno","Buena","Diurna","Buen Tiempo","Lateral","S/D","Colisión","Ninguna","Horizontal,Vertical","Línea divisoria pintada","Sin restricción"
2015,4898,22/07/2015,"Miercoles",0,13:30:00,,"0.0",2,"Automóvil,Automóvil","Camino Rural ",5,1,0,0,4,0,0,,"Camino Rural",,"HELVECIA","Garay","Tierra","No existe","VII","S/D","Rural","Ninguna","No existe","Intersección","Bueno","Buena","Diurna","Buen Tiempo","Lateral","S/D","Colisión","Ninguna","Faltante","Ninguna","Sin restricción"
2015,4899,15/08/2015,"Sabado",0,17:20:00,"Ruta Nacional 34","219.0",2,"Automóvil,Moto/Ciclomotor"," ",6,0,1,0,5,0,0,,"Ruta",34,"RAFAELA","Castellanos","Asfalto","S/D","V","Dentro","Urbana","Semáforo","Funciona","Recta","Bueno","Buena","Atardecer","Buen Tiempo","S/D","S/D","Colisión","Ninguna","Faltante","Guardarrail","Sin restricción"
2015,4900,20/03/2015,"Viernes",0,07:50:00,"Ruta Secundaria 25-s","4.1",2,"Peatón,Otros","RP25s, puente s/autopista ",2,0,0,0,0,1,1,"-33.081777, -60.634858","Ruta","25-s","ALVEAR","Rosario","Asfalto","No existe","II","Dentro","Urbana","S/D","No existe","Puente","S/D","Reducida","Diurna","Lluvia","S/D","S/D","Atropello","Agua","S/D","Ninguna","Sin restricción"
2015,4901,17/08/2015,"Lunes",0,18:05:00,,"0.0",2,"Automóvil,Moto/Ciclomotor","Juan Larrea Y Herminio Giordano",2,1,0,0,1,0,0,,"Calle",,"RAFAELA","Castellanos","Hormigón","Pavimento","V","S/D","Urbana","Ninguna","No existe","Intersección","Bueno","Buena","Atardecer","Otro","S/D","S/D","Colisión","Ninguna","Horizontal","S/D","Sin restricción"
2015,4902,01/07/2015,"Miercoles",0,17:20:00,"Ruta Secundaria 253-s","0.0",2,"Pickup/Utilitario,Moto/Ciclomotor","Los Andes ",2,1,0,0,1,0,0,,"Ruta","253-s","HELVECIA","Garay","Tierra","Natural","VII","Dentro","Rural","Ninguna","No existe","Intersección","Bueno","Buena","Diurna","Buen Tiempo","Frontal","S/D","Colisión","Ninguna","Faltante","Ninguna","Sin restricción"
2015,4903,19/07/2015,"Domingo",0,13:20:00,,"0.0",2,"Automóvil,Moto/Ciclomotor","Bv Santa Fe Y Pueyrredon",2,1,0,0,1,0,0,,"Avenida",,"RAFAELA","Castellanos","Hormigón","No existe","V","S/D","Urbana","Ninguna","No existe","Intersección","Bueno","Buena","Nocturna","Buen Tiempo","Frontal,Lateral","S/D","Colisión","Ninguna","Horizontal","Ninguna","Sin restricción"
2015,4904,16/07/2015,"Jueves",0,12:10:00,,"0.0",2,"Pickup/Utilitario,Moto/Ciclomotor","Santa Rosa ",3,2,0,0,1,0,0,,"Calle",,"SANTA ROSA DE CALCHINES","Garay","Asfalto","Pavimento","VII","Dentro","Urbana","Ninguna","No existe","Recta","Bueno","Buena","Diurna","Buen Tiempo","De alcance","S/D","Colisión","Ninguna","Faltante","Ninguna","Sin restricción"
2015,4905,04/08/2015,"Martes",0,10:25:00,"Ruta Provincial 93","18.0",2,"Automóvil,Automóvil"," ",4,2,2,0,0,0,0,,"Ruta",93,"CAÑADA DEL UCLE","General López","Asfalto","Natural","VIII","Dentro","S/D","Ninguna","No existe","Recta","Bueno","Buena","Diurna","Buen Tiempo","Frontal","S/D","Colisión","S/D","Vertical","Ninguna","Sin restricción"
2015,4906,26/07/2015,"Domingo",0,06:05:00,,"0.0",2,"Automóvil,Peatón","Uruguay ",2,1,0,0,1,0,0,,"Calle",,"SANTA ROSA DE CALCHINES","Garay","Asfalto","Natural","VII","Dentro","Urbana","Ninguna","No existe","Recta","Bueno","Buena","Amanecer","Buen Tiempo","Otro","S/D","Atropello","Ninguna","Horizontal,Vertical","Vegetación","Sin restricción"
2015,4907,20/07/2015,"Lunes",0,08:20:00,"Ruta Provincial Brigadier E.López","90.3",1,"Automóvil","Av Gral Lopez ",4,2,0,0,2,0,0,,"Ruta","Brigadier E.López","SAN JAVIER","San Javier","Asfalto","Natural","XV","S/D","S/D","Ninguna","No existe","Recta","Bueno","Buena","Diurna","Buen Tiempo","S/D","S/D","Vuelco","Ninguna","Horizontal","Vegetación","S/D"
2015,4908,22/08/2015,"Sabado",0,10:00:00,,"0.0",3,"Automóvil,Moto/Ciclomotor,Pickup/Utilitario","Av Aristobulo del Valle Y F Lorenzatti",3,3,0,0,0,0,0,,"Calle",,"RAFAELA","Castellanos","Hormigón","S/D","V","S/D","Urbana","Ninguna","S/D","Intersección","Bueno","Buena","Diurna","Buen Tiempo","S/D","S/D","Colisión","Ninguna","S/D","S/D","Sin restricción"
2015,4909,24/08/2015,"Lunes",1,17:30:00,,"0.0",2,"Moto/Ciclomotor,Automóvil","Bv G L Lhemann Y Almirante Brown",2,1,0,0,1,0,0,,"Avenida",,"RAFAELA","Castellanos","S/D","No existe","V","Dentro","Urbana","Ninguna","No existe","Intersección","Bueno","Buena","Diurna","Buen Tiempo","Lateral","S/D","Colisión","Ninguna","Faltante","Ninguna","Sin restricción"
2015,4910,21/03/2015,"Sabado",0,06:15:00,"Ruta Provincial 2","225.0",2,"Pickup/Utilitario,Camión","RP2 - 2km al S de LaCabral ",8,2,1,0,3,2,0,"-30.104590, -61.174944","Ruta",2,"LA CABRAL","San Cristóbal","Asfalto","Natural","XIII","Dentro","Rural","Ninguna","No existe","Recta","Bueno","Buena","Amanecer","Buen Tiempo","Frontal","S/D","Colisión","S/D","S/D","Línea divisoria pintada","Sin restricción"
2015,4912,10/07/2015,"Viernes",0,03:05:00,"Ruta Provincial 1","134.0",1,"Automóvil"," ",4,2,1,0,1,0,0,,"Ruta",1,"COLONIA SAN JOAQUIN","Garay","Asfalto","Natural","VII","S/D","Rural","Ninguna","No existe","Curva","Bueno","Buena","Nocturna","Buen Tiempo","S/D","S/D","Vuelco","Ninguna","Vertical","Línea divisoria pintada","Sin restricción"
2015,4913,14/07/2015,"Martes",0,13:20:00,"Autopista Provincial Brigadier E.López","9.0",2,"Transporte de Pasajeros Larga Distancia (> 8 asientos),Automóvil"," ",2,1,0,0,1,0,0,,"Autopista","Brigadier E.López","RICARDONE","San Lorenzo","Asfalto","Natural","XVII","Dentro","Rural","Ninguna","No existe","Recta","Bueno","Buena","Diurna","Buen Tiempo","S/D","S/D","Colisión","Ninguna","S/D","Ninguna","Sin restricción"
2015,4914,06/07/2015,"Lunes",0,21:30:00,,"0.0",2,"Automóvil,Moto/Ciclomotor","Sgto. J Cabral Y Tucuman",2,1,0,0,1,0,0,,"Calle",,"ROLDÁN","San Lorenzo","Hormigón","No existe","XVII","Dentro","Urbana","Ninguna","No existe","Intersección","Bueno","Buena","Nocturna","Buen Tiempo","Lateral","S/D","Colisión","S/D","S/D","Ninguna","Sin restricción"
2015,4915,21/03/2015,"Sabado",0,06:55:00,,"0.0",1,"Moto/Ciclomotor","Av. Battle y Ordoñez Y San Martin",1,0,0,0,0,1,0,"-33.008888888889,-60.650666666667","Avenida",,"ROSARIO","Rosario","Asfalto","No existe","II","Fuera","Urbana","Ninguna","Intermitente","Curva","Bueno","Buena","Amanecer","Otro","Contra objeto fijo","S/D","Caída ocupante,Colisión,Despiste","Ninguna","Vertical","Cordón divisorio","Sin restricción"
2015,4916,18/07/2015,"Sabado",0,10:55:00,,"0.0",1,"Moto/Ciclomotor","A Rossi ",1,1,0,0,0,0,0,,"S/D",,"SANTA ROSA DE CALCHINES","Garay","Asfalto","Pavimento","VII","S/D","S/D","Ninguna","No existe","Recta","Bueno","Buena","Diurna","Buen Tiempo","Otro","S/D","Otro","Ninguna","Faltante","Ninguna","Sin restricción"
2015,4917,15/07/2015,"Miercoles",0,17:50:00,,"0.0",2,"Moto/Ciclomotor,Pickup/Utilitario","Av San Martin Y Cordoba",2,1,0,0,1,0,0,,"Avenida",,"PUERTO SAN MARTÍN","San Lorenzo","Asfalto","No existe","XVII","Dentro","Urbana","Ninguna","No existe","Intersección","Bueno","Buena","Atardecer","Buen Tiempo","Lateral","S/D","Colisión","Ninguna","Horizontal","Ninguna","Sin restricción"
2015,4918,07/07/2015,"Martes",0,01:15:00,"Ruta Nacional 9","0.0",1,"Automóvil","Santa Rosa ",4,1,0,0,3,0,0,,"Ruta",9,"ROLDÁN","San Lorenzo","Asfalto","Natural","XVII","Dentro","Urbana","Ninguna","No existe","Recta","Bueno","Reducida","Nocturna,Con luz artificial","Buen Tiempo","S/D","S/D","Vuelco","S/D","Vertical","Ninguna","S/D"
2015,4919,27/06/2015,"Sabado",0,06:15:00,"Ruta Provincial 65","0.0",1,"Moto/Ciclomotor","Ruta Prov 65 Y Av Roque Saenz Peña",2,2,0,0,0,0,0,,"Ruta",65,"SAN GENARO","San Jerónimo","Asfalto","Pavimento","XV","Dentro","Urbana","Semáforo","Funciona","Recta","Ahuellamiento","Reducida","Nocturna","Lluvia","S/D","S/D","Caída ocupante","Agua","Horizontal","Línea divisoria pintada","Sin restricción"
2015,4920,26/07/2015,"Domingo",0,15:00:00,"Ruta Provincial 1","111.0",2,"Moto/Ciclomotor,Bicicleta"," ",3,0,2,0,1,0,0,,"Ruta",1,"SALADERO CABAL","Garay","Asfalto","Natural","VII","S/D","Rural","Ninguna","No existe","Curva","Bueno","Buena","Diurna","Buen Tiempo","S/D","S/D","Atropello","Ninguna","Faltante","Ninguna","Sin restricción"
2015,4921,15/07/2015,"Miercoles",0,23:00:00,,"0.0",2,"Moto/Ciclomotor,Pickup/Utilitario","9 de Julio Y Cordoba",2,1,0,0,1,0,0,,"Calle",,"PUERTO SAN MARTÍN","San Lorenzo","Asfalto","No existe","XVII","Dentro","Urbana","Ninguna","No existe","Intersección","Bueno","Buena","Nocturna","Buen Tiempo","De alcance","S/D","Colisión","Ninguna","Horizontal","Ninguna","Sin restricción"
2015,4922,03/07/2015,"Viernes",0,19:55:00,,"0.0",2,"Moto/Ciclomotor,Automóvil","Saavedra Y Chubut",3,2,0,0,1,0,0,,"Calle",,"VILLA CONSTITUCIÓN","Constitución","Asfalto","Pavimento","VI","Dentro","Urbana","Ninguna","No existe","Intersección","S/D","Reducida","Nocturna","S/D","Frontal","S/D","Colisión","S/D","S/D","Ninguna","S/D"
2015,4923,29/07/2015,"Miercoles",0,07:00:00,"Ruta Provincial 1","112.0",1,"Automóvil"," ",2,2,0,0,0,0,0,,"Ruta",1,"SALADERO CABAL","Garay","Asfalto","Natural","VII","S/D","Rural","Ninguna","No existe","Curva","Bueno","Reducida","Amanecer","Buen Tiempo","Contra objeto fijo","S/D","Colisión","Ninguna","Faltante","Ninguna","Sin restricción"
2015,4924,11/07/2015,"Sabado",0,09:15:00,,"0.0",2,"Automóvil,Bicicleta","San Martin Y I Doratto",2,1,0,0,1,0,0,,"Calle",,"GÁLVEZ","San Jerónimo","Asfalto","No existe","XV","S/D","Urbana","Ninguna","No existe","Intersección","Bueno","Buena","Diurna","Buen Tiempo","S/D","S/D","Atropello","S/D","S/D","S/D","Sin restricción"
2015,4925,17/07/2015,"Viernes",0,14:35:00,,"0.0",2,"Moto/Ciclomotor,Automóvil","Cordoba Y Rioja",2,1,0,0,1,0,0,,"Calle",,"PUERTO SAN MARTÍN","San Lorenzo","Asfalto","No existe","XVII","Dentro","Urbana","Ninguna","No existe","Intersección","Bueno","Buena","Diurna","Buen Tiempo","Lateral","S/D","Colisión","Ninguna","Horizontal","Ninguna","Sin restricción"
2015,4926,06/07/2015,"Lunes",0,10:25:00,,"0.0",2,"Automóvil,Moto/Ciclomotor","Juan XXIII Y Jose Hernandez",2,0,1,0,1,0,0,,"Calle",,"BERNARDO DE IRIGOYEN","San Jerónimo","Asfalto","Pavimento","XV","Dentro","Urbana","Ninguna","No existe","Intersección","S/D","Buena","Diurna","Buen Tiempo","Lateral","S/D","Colisión","S/D","S/D","Ninguna","Sin restricción"
2015,4927,26/07/2015,"Domingo",0,21:00:00,,"0.0",2,"Peatón,Automóvil","Comodoro Rivadavia Y San Martin",2,1,0,0,1,0,0,,"Calle",,"VILLA CONSTITUCIÓN","Constitución","Asfalto","Natural","VI","Dentro","Urbana","S/D","Intermitente","Intersección","Bueno","Buena","Nocturna","S/D","Frontal","S/D","Atropello","S/D","S/D","S/D","S/D"
2015,4928,07/04/2015,"Martes",0,09:30:00,,"0.0",1,"Moto/Ciclomotor","Av Estrugamou Y Dean Funes",4,3,0,0,1,0,0,,"Avenida",,"VENADO TUERTO","General López","Asfalto","S/D","VIII","Dentro","Urbana","S/D","S/D","Intersección","Bueno","Buena","Diurna","S/D","Lateral","S/D","Colisión","S/D","S/D","S/D","Sin restricción"
2015,4929,23/07/2015,"Jueves",0,08:20:00,,"0.0",2,"Moto/Ciclomotor,Automóvil","Av San Martin Y Cayetano Nerbutti",2,1,0,0,1,0,0,,"Avenida",,"PUERTO SAN MARTÍN","San Lorenzo","Asfalto","No existe","XVII","Dentro","Urbana","Ninguna","No existe","Intersección","Bueno","Buena","Diurna","Buen Tiempo","Lateral","S/D","Colisión","Ninguna","Horizontal","Ninguna","Sin restricción"
2015,4930,23/03/2015,"Lunes",0,04:00:00,"Ruta Nacional 34","261.0",2,"Automóvil,Transporte de Pasajeros Larga Distancia (Doble Piso)","RN 34 y RP380s ",7,0,2,0,3,2,0,"-30.930017, -61.546854","Ruta",34,"SUNCHALES","Castellanos","Asfalto","Ripio","V","Dentro","Rural","Ninguna","No existe","Cruce","Bueno","Buena","Nocturna","Buen Tiempo","Lateral","S/D","Colisión","Ninguna","S/D","Línea divisoria pintada","Sin restricción"
2015,4931,01/04/2015,"Miercoles",0,09:50:00,,"0.0",2,"Moto/Ciclomotor,Bicicleta","Santa Fe Y Iturraspe",2,1,0,0,1,0,0,,"Avenida",,"VENADO TUERTO","General López","Asfalto","No existe","VIII","Dentro","Urbana","S/D","No existe","Intersección","Bueno","Buena","Diurna","S/D","S/D","S/D","Atropello","S/D","S/D","S/D","S/D"
2015,4932,28/07/2015,"Martes",0,21:45:00,,"0.0",2,"Moto/Ciclomotor,Automóvil","Brown Y General Richieri",2,1,0,0,1,0,0,,"Calle",,"FRAY LUIS BELTRÁN","San Lorenzo","Asfalto","No existe","XVII","Dentro","Urbana","Ninguna","No existe","Intersección","Bueno","Buena","Nocturna","Buen Tiempo","Lateral","S/D","Colisión","S/D","Faltante","Ninguna","S/D"
2015,4933,08/04/2015,"Miercoles",0,09:30:00,,"0.0",2,"Pickup/Utilitario,Moto/Ciclomotor","Lisandro de la Torre Y Bernardino Rivadavia",2,0,1,0,1,0,0,,"Calle",,"VENADO TUERTO","General López","Asfalto","No existe","VIII","Dentro","Urbana","S/D","No existe","Intersección","Bueno","Buena","Diurna","S/D","S/D","S/D","S/D","S/D","S/D","S/D","S/D"