"anio_acci","nro_acci","fecha","desc_dia","fecha_aprox","hora_aprox","desc_ruta","km","cant_participantes","desc_participante","calle_avenida_km","total","heridos_leves","heridos_graves","heridos_gravisimos","ilesos","fallecidos","sin_datos","posicion_XY","desc_tipo_via","desc_ruta_ori","desc_loc","desc_dpto","desc_tipo_calzada","desc_tipo_banquina","desc_unidad_regional","desc_lugar_calzada","desc_zona","desc_prioridad","desc_estado_semaforo","desc_lugar_via","desc_estado_via","desc_estado_visibilidad","desc_luminosidad","desc_estado_clima","desc_tipo_colision","desc_tipo_atropello","desc_tipo_hecho","desc_pres_calzada","desc_senializacion","desc_separacion_via","desc_restriccion"
2015,4934,02/04/2015,"Jueves",0,06:55:00,,"0.0",2,"Automóvil,Moto/Ciclomotor","España Y Martin de Pueyrredon",2,0,0,0,1,0,1,,"Avenida",,"VENADO TUERTO","General López","S/D","S/D","VIII","S/D","Urbana","S/D","S/D","S/D","S/D","S/D","Amanecer","S/D","S/D","S/D","S/D","S/D","S/D","S/D","S/D"
2015,4935,19/07/2015,"Domingo",0,06:30:00,,"0.0",2,"Ambulancia,Moto/Ciclomotor"," ",2,1,0,0,1,0,0,,"Calle",,"RECONQUISTA","General Obligado","Asfalto","Pavimento","IX","Dentro","Urbana","Ninguna","No existe","Intersección","Bueno","Buena","Diurna","Buen Tiempo","Lateral","S/D","Colisión","Otro","S/D","Cordón divisorio","Sin restricción"
2015,4936,23/07/2015,"Jueves",0,22:55:00,,"0.0",2,"Automóvil,Moto/Ciclomotor","Av San Martin 100",2,1,0,0,1,0,0,,"Avenida",,"PUERTO SAN MARTÍN","San Lorenzo","Asfalto","No existe","XVII","Dentro","Urbana","Ninguna","No existe","Recta","Bueno","Buena","Nocturna","Buen Tiempo","Otro","S/D","Colisión","Ninguna","Horizontal","Ninguna","Sin restricción"
2015,4937,25/07/2015,"Sabado",0,18:30:00,,"0.0",2,"Moto/Ciclomotor,Automóvil","Falucho 600",3,2,0,0,1,0,0,,"Calle",,"PUERTO SAN MARTÍN","San Lorenzo","Asfalto","No existe","XVII","Dentro","Urbana","S/D","No existe","Recta","Bueno","Buena","Atardecer","Buen Tiempo","De alcance","S/D","Colisión","Ninguna","Horizontal","Ninguna","Sin restricción"
2015,4938,04/07/2015,"Sabado",0,11:20:00,"Ruta Nacional 9","0.0",2,"Automóvil,Moto/Ciclomotor"," ",2,1,0,0,1,0,0,,"Ruta",9,"CARCARAÑÁ","San Lorenzo","Asfalto","Ripio","XVII","Dentro","Urbana","Ninguna","No existe","Recta","Bueno","Buena","Diurna","Buen Tiempo","Lateral","S/D","Colisión","S/D","S/D","Línea divisoria pintada","Sin restricción"
2015,4939,11/07/2015,"Sabado",0,,,"0.0",2,"Automóvil,Moto/Ciclomotor","Calle 11-Alvear Y Calle 12 San Martin",2,1,0,0,1,0,0,,"Calle",,"RECONQUISTA","General Obligado","Asfalto","Pavimento","IX","S/D","S/D","Ninguna","No existe","Intersección","Bueno","Buena","Diurna","Buen Tiempo","Lateral","S/D","Colisión","Otro","Vertical","Cordón divisorio","Sin restricción"
2015,4940,17/07/2015,"Viernes",0,13:45:00,,"0.0",2,"Moto/Ciclomotor,Automóvil","IRIONDO 550",2,1,0,0,1,0,0,,"Calle",,"FUENTES","San Lorenzo","Asfalto","Pavimento","XVII","Dentro","Urbana","Ninguna","No existe","Recta","Bueno","Buena","Diurna","Buen Tiempo","Lateral","S/D","Colisión","S/D","Faltante","Ninguna","Sin restricción"
2015,4941,29/07/2015,"Miercoles",0,22:10:00,,"0.0",2,"Automóvil,Moto/Ciclomotor","San Salvador Y Colon",2,1,0,0,1,0,0,,"Calle",,"CAPITÁN BERMÚDEZ","San Lorenzo","Asfalto","No existe","XVII","Dentro","Urbana","S/D","No existe","Intersección","Bueno","Buena","Nocturna","Buen Tiempo","Frontal","S/D","Colisión","S/D","S/D","Ninguna","Sin restricción"
2015,4942,24/07/2015,"Viernes",0,18:00:00,"Ruta Nacional A012","40.0",2,"Automóvil,Automóvil"," ",5,3,0,0,2,0,0,,"Ruta","A012","ROLDÁN","San Lorenzo","Asfalto","Natural","XVII","Dentro","Rural","Ninguna","No existe","Recta","Bueno","Buena","Diurna","Buen Tiempo","Lateral","S/D","Colisión","S/D","Vertical","Ninguna","Sin restricción"
2015,4943,08/07/2015,"Miercoles",0,20:39:00,,"0.0",2,"Pickup/Utilitario,Moto/Ciclomotor","Calle 12 San Martin Y Calle 21-Gdor. iriondo",2,1,0,0,1,0,0,,"S/D",,"RECONQUISTA","General Obligado","Asfalto","No existe","IX","Dentro","Urbana","Ninguna","No existe","Intersección","Bueno","Buena","Diurna","Buen Tiempo","Otro","S/D","Colisión","Ninguna","Faltante","Ninguna","S/D"
2015,4944,27/07/2015,"Lunes",0,15:30:00,,"0.0",2,"Moto/Ciclomotor,Pickup/Utilitario","Cordoba ",2,1,0,0,1,0,0,,"Avenida",,"PUERTO SAN MARTÍN","San Lorenzo","Asfalto","Natural","XVII","S/D","Urbana","Ninguna","No existe","Recta","Bueno","Buena","Diurna","Buen Tiempo","Lateral","S/D","Colisión","Ninguna","Horizontal","Ninguna","Sin restricción"
2015,4945,30/07/2015,"Jueves",0,10:00:00,,"0.0",2,"Bicicleta,Camión","Calle 31-Newbery Y Calle 33-Pueyrredon",2,0,0,0,1,0,1,,"Calle",,"RECONQUISTA","General Obligado","Asfalto","No existe","IX","S/D","Urbana","Ninguna","No existe","Intersección","Bueno","Buena","Diurna","Buen Tiempo","S/D","S/D","Atropello","Ninguna","S/D","Ninguna","S/D"
2015,4946,23/03/2015,"Lunes",0,22:30:00,"Ruta Provincial 70","21.0",2,"Peatón,Automóvil","R P L Kredder 2800",3,0,0,0,2,1,0,"-31.440364, -60.939131","Ruta",70,"ESPERANZA","Las Colonias","Asfalto","Ripio","XI","Dentro","Urbana","Ninguna","No existe","Recta","Bueno","Buena","Nocturna,Con luz artificial","Buen Tiempo","S/D","S/D","Atropello","Ninguna","Vertical","Línea divisoria pintada","Sin restricción"
2015,4947,17/07/2015,"Viernes",0,21:15:00,,"0.0",2,"Automóvil,Automóvil","25 de Mayo Y Av San Lorenzo",2,1,0,0,1,0,0,,"Calle",,"CAPITÁN BERMÚDEZ","San Lorenzo","Asfalto","No existe","XVII","Dentro","Urbana","S/D","No existe","Intersección","Bueno","Reducida","Diurna","Buen Tiempo","Frontal","S/D","Colisión","S/D","Faltante","Barrera de hormigón","Sin restricción"
2015,4948,31/07/2015,"Viernes",0,08:50:00,,"0.0",2,"Moto/Ciclomotor,Automóvil","Calle 23-Gral lopez Y Roca Pte",2,1,0,0,1,0,0,,"Calle",,"RECONQUISTA","General Obligado","Asfalto","Pavimento","IX","Dentro","Urbana","Ninguna","No existe","Intersección","Bueno","Buena","Diurna","Buen Tiempo","Frontal","S/D","Colisión","Ninguna","Vertical","Cordón divisorio","Sin restricción"
2015,4950,08/07/2015,"Miercoles",0,21:50:00,,"0.0",2,"Automóvil,Moto/Ciclomotor"," ",2,1,0,0,1,0,0,,"Calle",,"RECONQUISTA","General Obligado","Asfalto","Pavimento","IX","Dentro","Urbana","Ninguna","No existe","Recta","Bueno","Buena","Diurna","Buen Tiempo","Lateral","S/D","Colisión","Otro","Vertical","Cordón divisorio","Sin restricción"
2015,4951,27/07/2015,"Lunes",0,12:15:00,,"0.0",2,"Moto/Ciclomotor,Camión","Calle 20 9 de Julio 1580",2,1,0,0,1,0,0,,"Calle",,"RECONQUISTA","General Obligado","Asfalto","Pavimento","IX","Dentro","Urbana","Ninguna","No existe","Recta","Bueno","Buena","Diurna","Buen Tiempo","De alcance","S/D","Colisión","Ninguna","Vertical","Cordón divisorio","Sin restricción"
2015,4952,23/07/2015,"Jueves",0,10:20:00,,"0.0",2,"Moto/Ciclomotor,Automóvil","Calle 15-Patricio Diez Y Calle 32 - Amenabar",2,1,0,0,1,0,0,,"Calle",,"RECONQUISTA","General Obligado","Asfalto","Pavimento","IX","Dentro","Urbana","Ninguna","No existe","Intersección","Bueno","Buena","Diurna","Buen Tiempo","Frontal","S/D","Colisión","Ninguna","Vertical","Cordón divisorio","Sin restricción"
2015,4953,11/08/2015,"Martes",0,19:45:00,,"0.0",2,"Moto/Ciclomotor,Moto/Ciclomotor"," ",2,2,0,0,0,0,0,,"Calle",,"RAFAELA","Castellanos","Asfalto","No existe","V","Dentro","Urbana","Ninguna","Funciona","Intersección","Bueno","Buena","Nocturna","Buen Tiempo","Lateral","S/D","Colisión","Ninguna","Horizontal","Ninguna","Sin restricción"
2015,4954,27/07/2015,"Lunes",0,12:40:00,,"0.0",2,"Moto/Ciclomotor,Automóvil","Calle 12 San Martin 837",2,1,0,0,1,0,0,,"Calle",,"RECONQUISTA","General Obligado","Asfalto","Pavimento","IX","Dentro","Urbana","Ninguna","No existe","Recta","Bueno","Buena","Diurna","Buen Tiempo","Contra objeto fijo","S/D","Colisión","Ninguna","Faltante","Cordón divisorio","Sin restricción"
2015,4955,04/08/2015,"Martes",0,20:30:00,,"0.0",1,"Moto/Ciclomotor","Av Brasil 1098",1,1,0,0,0,0,0,,"Calle",,"RAFAELA","Castellanos","Asfalto","No existe","V","Dentro","Urbana","Ninguna","No existe","Recta","Bueno","Buena","Diurna","Buen Tiempo","Contra objeto fijo","S/D","Colisión","Ninguna","Faltante","Ninguna","Sin restricción"
2015,4956,23/07/2015,"Jueves",0,11:30:00,,"0.0",2,"Peatón,Moto/Ciclomotor","Calle 15-Patricio Diez 957",2,2,0,0,0,0,0,,"Calle",,"RECONQUISTA","General Obligado","Asfalto","Pavimento","IX","Dentro","Urbana","Ninguna","No existe","Recta","Bueno","Buena","Diurna","Buen Tiempo","S/D","S/D","Atropello","Ninguna","Faltante","Cordón divisorio","Sin restricción"
2015,4957,27/07/2015,"Lunes",0,18:10:00,,"0.0",2,"Otros,Bicicleta","Bv Lisandro de la Torre ",2,1,0,0,1,0,0,,"Avenida",,"SAN GENARO","San Jerónimo","Asfalto","No existe","XV","Dentro","Urbana","Ninguna","No existe","Intersección","Bueno","Buena","Atardecer","Buen Tiempo","S/D","S/D","Atropello","Ninguna","S/D","S/D","Sin restricción"
2015,4958,24/03/2015,"Martes",0,06:30:00,"Ruta Nacional A012","36.9",3,"Camión,Camión,Automóvil"," ",3,0,1,0,1,1,0,"-32.951407, -60.906478","Ruta","A012","ZAVALLA","Rosario","Asfalto","Natural","II","Dentro","Rural","Ninguna","No existe","Recta","Bueno","Reducida","Amanecer","Lluvia","Frontal,Múltiple","S/D","Colisión","Agua","Horizontal","Línea divisoria pintada","Sin restricción"
2015,4959,01/07/2015,"Miercoles",0,,,"0.0",2,"Moto/Ciclomotor,Pickup/Utilitario"," ",2,1,0,0,1,0,0,,"Calle",,"RECONQUISTA","General Obligado","Asfalto","Pavimento","IX","Dentro","Urbana","Ninguna","No existe","Recta","Bueno","Buena","Nocturna","Buen Tiempo","Lateral","S/D","Colisión","Otro","Vertical","Cordón divisorio","Sin restricción"
2015,4960,18/07/2015,"Sabado",0,14:20:00,,"0.0",2,"Pickup/Utilitario,Moto/Ciclomotor","Bv Centeno 100",2,1,0,0,1,0,0,,"Avenida",,"CENTENO","San Jerónimo","Asfalto","S/D","XV","Dentro","Urbana","Ninguna","S/D","Intersección","Bueno","Buena","Diurna","Buen Tiempo","Lateral","S/D","Colisión","S/D","S/D","Barrera de hormigón,Vegetación","Sin restricción"
2015,4961,25/07/2015,"Sabado",0,01:15:00,,"0.0",1,"Moto/Ciclomotor","Mitre Y Calle s/n",1,0,1,0,0,0,0,,"Camino Rural",,"CORONDA","San Jerónimo","Tierra","No existe","XV","S/D","Rural","Ninguna","No existe","Recta","Bueno","Buena","Nocturna","Buen Tiempo","S/D","S/D","Caída ocupante","S/D","S/D","Ninguna","Sin restricción"
2015,4962,05/07/2015,"Domingo",0,,,"0.0",2,"Moto/Ciclomotor,Automóvil"," ",2,1,0,0,1,0,0,,"Calle",,"RECONQUISTA","General Obligado","Asfalto","Pavimento","IX","Dentro","Urbana","Ninguna","No existe","Recta","Bueno","Buena","Diurna","Buen Tiempo","Lateral","S/D","Colisión","Otro","Vertical","Cordón divisorio","Sin restricción"
2015,4963,26/07/2015,"Domingo",0,10:30:00,"Ruta Nacional A012","42.0",2,"Automóvil,Automóvil"," ",3,1,0,0,2,0,0,,"Ruta","A012","ROLDÁN","San Lorenzo","Asfalto","Ripio","XVII","Dentro","Urbana","Semáforo","Intermitente","Intersección","Otro","Buena","Diurna","Buen Tiempo","Lateral","S/D","Colisión","S/D","Vertical","Línea divisoria pintada","Sin restricción"
2015,4964,22/03/2015,"Domingo",0,,,"0.0",2,"Moto/Ciclomotor,Moto/Ciclomotor","Calle 47-Islas Malvinas Y Pasaje 44-46",2,0,1,0,0,1,0,"-29.159583333333,-59.665305555556","Calle",,"RECONQUISTA","General Obligado","Asfalto","S/D","IX","Dentro","Urbana","Ninguna","No existe","Intersección","S/D","Buena","Diurna","Buen Tiempo","Frontal","S/D","Colisión","S/D","S/D","Ninguna","Sin restricción"
2015,4965,05/07/2015,"Domingo",0,17:55:00,,"0.0",2,"Pickup/Utilitario,Moto/Ciclomotor","Av Fray Luis Beltran Y Guayaquil",2,1,0,0,1,0,0,,"Avenida",,"FRAY LUIS BELTRÁN","San Lorenzo","Ripio","No existe","XVII","S/D","Urbana","Ninguna","No existe","Intersección","Resbaladiza","Buena","Diurna","Buen Tiempo","Lateral","S/D","Colisión","S/D","S/D","Ninguna","Sin restricción"
2015,4966,24/03/2015,"Martes",0,14:45:00,"Autopista Nacional Rosario -Cordoba","356.0",1,"Automóvil","Aut km 356 asc ",2,0,1,0,0,1,0,"-32.855260, -61.339971","Autopista","Rosario -Cordoba","CAÑADA DE GÓMEZ","Iriondo","Asfalto","Pavimento","X","Fuera","Rural","Ninguna","No existe","Distribuidor","Resbaladiza","Reducida","Diurna","Lluvia","Contra objeto fijo","S/D","Vuelco,Despiste","Agua","Vertical","Guardarrail,Vegetación","Sin restricción"
2015,4967,28/03/2015,"Sabado",0,13:10:00,"Ruta Provincial 18","6.4",2,"Automóvil,Camión"," ",7,0,0,0,2,5,0,"-33.085114, -60.698544","Ruta",18,"PIÑERO","Rosario","Asfalto","Natural","II","Dentro","Urbana","Ninguna","No existe","Recta","Bueno","Buena","Diurna","Buen Tiempo","Frontal","S/D","Colisión","Ninguna","Faltante","Línea divisoria pintada","Sin restricción"
2015,4968,24/08/2015,"Lunes",0,13:00:00,,"0.0",2,"Moto/Ciclomotor,Pickup/Utilitario","Calle 7 Y Calle 60",2,1,0,0,1,0,0,,"Calle",,"FRONTERA","Castellanos","Asfalto","S/D","V","Dentro","Urbana","S/D","S/D","Intersección","Bueno","S/D","Diurna","Buen Tiempo","Lateral","S/D","Colisión","S/D","S/D","S/D","S/D"
2015,4969,28/03/2015,"Sabado",0,,,"0.0",1,"Moto/Ciclomotor","French Y Pbro D Segundo",1,0,0,0,0,1,0,"-33.227944444444,-60.339944444444","Avenida",,"VILLA CONSTITUCIÓN","Constitución","Hormigón","No existe","VI","Dentro","Urbana","Ninguna","No existe","Intersección","Bueno","Buena","Diurna","Buen Tiempo","Contra objeto fijo","S/D","Caída ocupante,Colisión","Ninguna","S/D","Ninguna","Sin restricción"
2015,4970,29/03/2015,"Domingo",0,02:10:00,"Ruta Provincial 66","65.0",2,"Moto/Ciclomotor,Camión","RP66 300mts al O de RP13 ",2,0,0,0,1,1,0,"-32.039255, -61.802397","Ruta",66,"CARLOS PELLEGRINI","San Martín","Asfalto","Natural","XVIII","Dentro","Rural","Ninguna","No existe","Recta","Bueno","S/D","Nocturna","Buen Tiempo","De alcance","S/D","Colisión","S/D","Horizontal,Vertical","Línea divisoria pintada","Sin restricción"
2015,4971,24/08/2015,"Lunes",0,12:00:00,"Ruta Nacional 34","209.0",1,"Automóvil"," ",1,1,0,0,0,0,0,,"Ruta",34,"SUSANA","Castellanos","Asfalto","Natural","V","Fuera","Rural","Ninguna","No existe","Recta","Bueno","Buena","Diurna","Buen Tiempo","Otro","S/D","Vuelco","Ninguna","Vertical","Línea divisoria pintada","Sin restricción"
2015,4972,16/08/2015,"Domingo",0,01:00:00,"Ruta Nacional 34","0.0",1,"Automóvil","Ruta Nac 34 Gral Guemes Y Falucho",1,0,1,0,0,0,0,,"Ruta",34,"RAFAELA","Castellanos","Hormigón","Pavimento","V","Dentro","Urbana","Semáforo","Funciona","Intersección","Bueno","Buena","Nocturna","Buen Tiempo","Contra objeto fijo","S/D","Colisión","Ninguna","S/D","S/D","Sin restricción"
2015,4973,30/08/2015,"Domingo",0,13:15:00,,"0.0",2,"Pickup/Utilitario,Automóvil","La Plata Y Jorge Newbery",3,0,1,0,2,0,0,,"Calle",,"RAFAELA","Castellanos","Hormigón","No existe","V","S/D","Urbana","Ninguna","No existe","Intersección","Bueno","Buena","Diurna","Buen Tiempo","Lateral","S/D","Colisión","Ninguna","Faltante","Ninguna","Sin restricción"
2015,4974,24/08/2015,"Lunes",0,12:00:00,"Ruta Provincial 70","73.0",2,"Pickup/Utilitario,Moto/Ciclomotor","Ruta Provincial 70 ",4,2,0,0,2,0,0,,"Ruta",70,"BELLA ITALIA","Castellanos","Asfalto","Pavimento","V","S/D","S/D","Ninguna","No existe","Recta","Bueno","Buena","Diurna","Buen Tiempo","Lateral","S/D","Colisión","S/D","S/D","Ninguna","Sin restricción"
2015,4975,31/07/2015,"Viernes",0,17:10:00,,"0.0",2,"Automóvil,Automóvil","Velez Sarfield Y Francisco Peretti",2,1,0,0,1,0,0,,"Calle",,"RAFAELA","Castellanos","Asfalto","No existe","V","Dentro","Urbana","Ninguna","No existe","Intersección","Bueno","Buena","Atardecer","Buen Tiempo","S/D","S/D","Colisión","Ninguna","S/D","S/D","Sin restricción"
2015,4976,21/08/2015,"Viernes",0,21:00:00,,"0.0",2,"Automóvil,Moto/Ciclomotor","9 de Julio 250",2,1,0,0,1,0,0,,"Calle",,"MARIA JUANA","Castellanos","Asfalto","S/D","V","S/D","Urbana","Ninguna","No existe","Recta","Bueno","Buena","Nocturna","Buen Tiempo","Lateral","S/D","Colisión","Ninguna","Horizontal","Ninguna","Sin restricción"
2015,4977,30/03/2015,"Lunes",0,16:00:00,"Ruta Nacional 11","447.0",1,"Moto/Ciclomotor"," ",1,0,0,0,0,1,0,"-31.770608, -60.838841","Ruta",11,"SAUCE VIEJO","La Capital","Asfalto","Ripio","I","Dentro","Urbana","Ninguna","No existe","Recta","Bueno","Buena","Diurna","Buen Tiempo","Atropello animal","S/D","Colisión","Ninguna","Horizontal,Vertical","Línea divisoria pintada","Sin restricción"
2015,4978,22/07/2015,"Miercoles",0,11:30:00,,"0.0",2,"Bicicleta,Automóvil","Bv Justo Jose de Urquiza 100",3,2,0,0,1,0,0,,"Avenida",,"HUMBERTO 1°","Castellanos","Asfalto","No existe","V","Dentro","Urbana","Ninguna","No existe","Recta","Bueno","Buena","Diurna","Buen Tiempo","S/D","S/D","Atropello","Ninguna","Vertical","Cordón divisorio","Sin restricción"
2015,4979,25/08/2015,"Martes",0,16:30:00,,"0.0",2,"Moto/Ciclomotor,Camión","Av Dr E Salva Y P Avanthay",2,1,0,0,1,0,0,,"Calle",,"RAFAELA","Castellanos","Asfalto","No existe","V","Dentro","Urbana","Ninguna","Funciona","Intersección","Bueno","Buena","Diurna","Buen Tiempo","Lateral","S/D","Colisión","Ninguna","Faltante","Ninguna","Sin restricción"
2015,4980,30/03/2015,"Lunes",0,23:00:00,"Autopista Nacional A007","11.5",2,"Peatón,Pickup/Utilitario","RNA007 100mts al N de Casabomba 3 ",2,0,0,0,1,1,0,"-31.630816, -60.732652","Autopista","A007","SANTA FE","La Capital","Asfalto","Natural","I","Dentro","Urbana","Señal Pare","No existe","Recta","Bueno","Reducida","Nocturna,Con luz artificial","Buen Tiempo","De alcance","S/D","Atropello","S/D","Horizontal,Vertical","Guardarrail,Vegetación","Sin restricción"
2015,4981,20/08/2015,"Jueves",0,21:00:00,"Ruta Provincial 70","0.0",2,"Moto/Ciclomotor,Moto/Ciclomotor","RTA. 70 Y CACHEROS",2,2,0,0,0,0,0,,"Ruta",70,"RAFAELA","Castellanos","Asfalto","Natural","V","S/D","Urbana","Ninguna","No existe","Intersección","Bueno","Buena","Nocturna,Con luz artificial","Buen Tiempo","Frontal","S/D","Colisión","Ninguna","Faltante","Ninguna","Sin restricción"
2015,4982,19/08/2015,"Miercoles",0,10:30:00,,"0.0",2,"Automóvil,Moto/Ciclomotor","Ayacucho Y Mariano Moreno",2,0,1,0,1,0,0,,"Calle",,"RAFAELA","Castellanos","Asfalto","No existe","V","S/D","Urbana","Ninguna","No existe","Intersección","Bueno","Buena","Diurna","Buen Tiempo","Lateral","S/D","Colisión","Ninguna","Faltante","Ninguna","Sin restricción"
2015,4983,10/07/2015,"Viernes",0,20:20:00,,"0.0",2,"Moto/Ciclomotor,Automóvil","Av L de la Torre-Ruta Nac 11 1600",3,1,1,0,1,0,0,,"Avenida",,"CORONDA","San Jerónimo","Asfalto","Natural","XV","Dentro","Urbana","Ninguna","No existe","Recta","Bueno","Buena","Nocturna,Con luz artificial","Buen Tiempo","Frontal","S/D","Colisión","S/D","Faltante","Ninguna","Sin restricción"
2015,4984,16/08/2015,"Domingo",0,10:40:00,"Ruta Nacional 34","195.0",1,"Moto/Ciclomotor"," ",1,0,1,0,0,0,0,,"Ruta",34,"ANGÉLICA","Castellanos","Asfalto","Natural","V","Fuera","Rural","Otra Señal","No existe","Curva","Bueno","Buena","Diurna","Buen Tiempo","S/D","S/D","Despiste","S/D","Horizontal,Vertical","Línea divisoria pintada","S/D"
2015,4985,26/07/2015,"Domingo",0,18:10:00,"Ruta Nacional A012","43.0",2,"Camión,Tren"," ",3,1,0,0,2,0,0,,"Ruta","A012","ROLDÁN","San Lorenzo","Asfalto","Natural","XVII","S/D","Urbana","Señal Pare","No existe","Intersección","Ahuellamiento","Buena","Diurna","Buen Tiempo","Lateral","S/D","Colisión","S/D","Horizontal","Ninguna","Sin restricción"
2015,4986,07/07/2015,"Martes",0,07:15:00,,"0.0",1,"Moto/Ciclomotor","Belgrano 1000",1,1,0,0,0,0,0,,"Calle",,"PUERTO SAN MARTÍN","San Lorenzo","Asfalto","No existe","XVII","Dentro","Urbana","Ninguna","No existe","Recta","Bueno","Buena","Diurna","Buen Tiempo","Contra objeto fijo","S/D","Colisión","S/D","Horizontal","Ninguna","Sin restricción"
2015,4987,02/07/2015,"Jueves",0,08:50:00,,"0.0",2,"Moto/Ciclomotor,Automóvil","YRIGOYEN Y RIVADAVIA",2,1,0,0,1,0,0,,"S/D",,"RECONQUISTA","General Obligado","Asfalto","S/D","IX","S/D","Urbana","Semáforo","Funciona","Recta","Bueno","Buena","Diurna","Buen Tiempo","Lateral","S/D","Colisión","Ninguna","S/D","S/D","S/D"
2015,4988,08/08/2015,"Sabado",0,11:00:00,,"0.0",2,"Automóvil,Automóvil","Simon Bolivar Y Rosario",3,2,0,0,1,0,0,,"Calle",,"RAFAELA","Castellanos","Asfalto","Pavimento","V","Dentro","Urbana","Ninguna","No existe","Recta","Bueno","Buena","Diurna","Buen Tiempo","Lateral","S/D","Colisión","S/D","Faltante","Ninguna","Sin restricción"
2015,4989,12/08/2015,"Miercoles",0,21:00:00,,"0.0",2,"Moto/Ciclomotor,Automóvil","Bv H Irigoyen ",3,0,1,0,2,0,0,,"Calle",,"RAFAELA","Castellanos","Asfalto","Pavimento","V","Dentro","Urbana","Ninguna","No existe","Rotonda","Resbaladiza","Buena","Nocturna","Buen Tiempo","Lateral","S/D","Colisión","Agua","Faltante","S/D","Sin restricción"
2015,4990,08/07/2015,"Miercoles",0,20:39:00,,"0.0",3,"Automóvil,Bicicleta,Bicicleta","Calle 23-Gral lopez Y Calle 12 San Martin",3,2,0,0,1,0,0,,"S/D",,"RECONQUISTA","General Obligado","Asfalto","No existe","IX","S/D","Urbana","Ninguna","No existe","Intersección","Bueno","Buena","Nocturna","Buen Tiempo","Lateral","S/D","Atropello","Ninguna","Faltante","Ninguna","Sin restricción"
2015,4991,09/07/2015,"Jueves",0,20:00:00,,"0.0",2,"Moto/Ciclomotor,Moto/Ciclomotor","VUSETICH ",2,1,1,0,0,0,0,,"Calle",,"PUERTO SAN MARTÍN","San Lorenzo","Asfalto","Natural","XVII","S/D","Rural","Ninguna","No existe","Recta","Con baches","Reducida","Nocturna","Buen Tiempo","Frontal","S/D","Colisión","S/D","Horizontal","Ninguna","Sin restricción"
2015,4992,28/07/2015,"Martes",0,14:00:00,,"0.0",2,"Pickup/Utilitario,Moto/Ciclomotor","Bv. Segui Y Entre Rios",2,1,0,0,1,0,0,,"Avenida",,"ROSARIO","Rosario","S/D","S/D","II","S/D","Urbana","S/D","S/D","Intersección","S/D","S/D","Diurna","S/D","S/D","S/D","S/D","S/D","S/D","S/D","S/D"
2015,4993,07/07/2015,"Martes",0,11:40:00,,"0.0",2,"Automóvil,Moto/Ciclomotor"," ",5,4,0,0,1,0,0,,"Calle",,"RECONQUISTA","General Obligado","Tierra","Natural","IX","Dentro","Urbana","Ninguna","No existe","Recta","Otro","Buena","Diurna","Buen Tiempo","Lateral","S/D","Colisión","Otro","Vertical","Vegetación","Sin restricción"
2015,4994,11/07/2015,"Sabado",0,08:25:00,"Ruta Nacional 11","0.0",2,"Automóvil,Moto/Ciclomotor"," ",3,1,0,0,2,0,0,,"Ruta",11,"PUERTO SAN MARTÍN","San Lorenzo","Asfalto","Natural","XVII","S/D","Rural","Ninguna","No existe","Intersección","Ahuellamiento","Buena","Diurna","Buen Tiempo","Lateral","S/D","Colisión","Ninguna","Horizontal","Ninguna","Sin restricción"
2015,4995,28/07/2015,"Martes",0,12:40:00,,"0.0",1,"Moto/Ciclomotor","Ayolas Y Paraguay",2,1,0,0,1,0,0,,"Calle",,"ROSARIO","Rosario","S/D","S/D","II","Dentro","Urbana","S/D","S/D","Intersección","S/D","S/D","Diurna","S/D","S/D","S/D","S/D","S/D","S/D","S/D","S/D"
2015,4996,29/07/2015,"Miercoles",0,11:35:00,,"0.0",2,"Automóvil,Moto/Ciclomotor","Mitre Y Pte Illia -Ex. Entre Rios",2,1,0,0,1,0,0,,"Calle",,"FRAY LUIS BELTRÁN","San Lorenzo","Asfalto","No existe","XVII","Dentro","Urbana","Ninguna","No existe","Intersección","Deteriorada","Buena","Diurna","Buen Tiempo","Lateral","S/D","Colisión","Agua","Faltante","Ninguna","Sin restricción"
2015,4997,28/07/2015,"Martes",0,08:00:00,,"0.0",2,"Automóvil,Automóvil","Bv. Segui ",2,1,0,0,1,0,0,,"Avenida",,"ROSARIO","Rosario","S/D","S/D","II","S/D","Urbana","S/D","S/D","Intersección","S/D","S/D","Diurna","S/D","S/D","S/D","S/D","S/D","S/D","S/D","S/D"
2015,4998,01/07/2015,"Miercoles",0,08:40:00,"Ruta Provincial 90","15.0",2,"Automóvil,Pickup/Utilitario"," ",4,2,0,0,0,2,0,"-33.385684, -60.489601","Ruta",90,"GODOY","Constitución","Hormigón","Pavimento","VI","S/D","Rural","Marca Vial","No existe","Recta","Deteriorada","Buena","Diurna","Buen Tiempo","Frontal","S/D","Colisión","Ninguna","S/D","Línea divisoria pintada","Sin restricción"