"anio_acci","nro_acci","fecha","desc_dia","fecha_aprox","hora_aprox","desc_ruta","km","cant_participantes","desc_participante","calle_avenida_km","total","heridos_leves","heridos_graves","heridos_gravisimos","ilesos","fallecidos","sin_datos","posicion_XY","desc_tipo_via","desc_ruta_ori","desc_loc","desc_dpto","desc_tipo_calzada","desc_tipo_banquina","desc_unidad_regional","desc_lugar_calzada","desc_zona","desc_prioridad","desc_estado_semaforo","desc_lugar_via","desc_estado_via","desc_estado_visibilidad","desc_luminosidad","desc_estado_clima","desc_tipo_colision","desc_tipo_atropello","desc_tipo_hecho","desc_pres_calzada","desc_senializacion","desc_separacion_via","desc_restriccion"
2015,5141,02/07/2015,"Jueves",0,20:15:00,,"0.0",2,"Moto/Ciclomotor,Automóvil","1 de Mayo Y Amenabar",2,1,0,0,1,0,0,,"Calle",,"ROSARIO","Rosario","Asfalto","No existe","II","Dentro","Urbana","Ninguna","No existe","Recta","Bueno","Buena","Nocturna,Con luz artificial","Buen Tiempo","De alcance","S/D","Colisión","Ninguna","Faltante","Ninguna","Sin restricción"
2015,5142,01/08/2015,"Sabado",0,04:20:00,,"0.0",2,"Moto/Ciclomotor,Pickup/Utilitario","Ituzaingo ",4,2,0,0,2,0,0,,"Calle",,"RAFAELA","Castellanos","Asfalto","No existe","V","Dentro","Urbana","S/D","No existe","Intersección","Bueno","Buena","Nocturna","Buen Tiempo","Lateral","S/D","Colisión","S/D","S/D","Ninguna","S/D"
2015,5143,26/07/2015,"Domingo",0,11:25:00,,"0.0",2,"Moto/Ciclomotor,Pickup/Utilitario","Mitre Y Pasco",3,2,0,0,1,0,0,,"Calle",,"ROSARIO","Rosario","Asfalto","S/D","II","Dentro","Urbana","S/D","S/D","Intersección","Bueno","Buena","Diurna","Buen Tiempo","Lateral","S/D","Colisión","S/D","S/D","S/D","S/D"
2015,5144,12/07/2015,"Domingo",0,23:26:00,,"0.0",2,"Moto/Ciclomotor,Automóvil","Calle 301 Y Calle 322",4,2,0,0,2,0,0,,"Calle",,"AVELLANEDA","General Obligado","Tierra","Natural","IX","Dentro","Urbana","Ninguna","No existe","Intersección","S/D","S/D","Nocturna","Buen Tiempo","S/D","S/D","Colisión","S/D","Faltante","Guardarrail","Sin restricción"
2015,5145,10/07/2015,"Viernes",0,20:15:00,,"0.0",2,"Automóvil,Automóvil","J.J.Paso Y Av. Circunvalacion",5,5,0,0,0,0,0,,"Avenida",,"ROSARIO","Rosario","Asfalto","S/D","II","Dentro","Urbana","S/D","S/D","Curva","S/D","S/D","Diurna","Buen Tiempo","De alcance","S/D","Colisión","S/D","Vertical","S/D","S/D"
2015,5146,05/07/2015,"Domingo",0,11:40:00,,"0.0",2,"Automóvil,Moto/Ciclomotor","Tte.Agneta Y French",3,1,0,0,0,0,2,,"S/D",,"ROSARIO","Rosario","Asfalto","No existe","II","S/D","Urbana","Ninguna","No existe","Recta","Bueno","Buena","Diurna","Buen Tiempo","De alcance","S/D","Colisión","Otro","Faltante","Ninguna","Sin restricción"
2015,5147,06/07/2015,"Lunes",0,19:20:00,"Ruta Nacional 11","0.0",2,"Bicicleta,Pickup/Utilitario","Calle 21 ",4,2,0,0,2,0,0,,"Ruta",11,"AVELLANEDA","General Obligado","Asfalto","Pavimento","IX","Dentro","Urbana","Semáforo","Funciona","Intersección","Bueno","Buena","Atardecer","Buen Tiempo","Lateral","S/D","Atropello","S/D","Vertical","Línea divisoria pintada","Sin restricción"
2015,5148,09/07/2015,"Jueves",0,20:50:00,,"0.0",2,"Automóvil,Moto/Ciclomotor","J.J.Paso Y P.L.Funes",3,2,0,0,1,0,0,,"Calle",,"ROSARIO","Rosario","Asfalto","No existe","II","Dentro","Urbana","Ninguna","No existe","Recta","Bueno","Buena","Nocturna","Buen Tiempo","De alcance","S/D","Colisión","S/D","Faltante","Ninguna","Sin restricción"
2015,5149,01/07/2015,"Miercoles",0,15:55:00,,"0.0",2,"Automóvil,Moto/Ciclomotor","ND ",2,1,0,0,1,0,0,,"Calle",,"ROSARIO","Rosario","Asfalto","No existe","II","S/D","Urbana","Ninguna","No existe","Recta","Bueno","Buena","Diurna","Buen Tiempo","De alcance","S/D","Colisión","S/D","Faltante","Ninguna","Sin restricción"
2015,5150,03/07/2015,"Viernes",0,07:30:00,,"0.0",2,"Automóvil,Pickup/Utilitario"," ",2,1,0,0,1,0,0,,"Calle",,"ROSARIO","Rosario","Asfalto","S/D","II","Dentro","Urbana","S/D","S/D","Intersección","S/D","S/D","Diurna","S/D","S/D","S/D","Colisión","S/D","S/D","S/D","S/D"
2015,5151,09/07/2015,"Jueves",0,23:30:00,,"0.0",2,"Moto/Ciclomotor,Automóvil","Av. Luis Carballo Y Mar del Plata",2,0,0,0,0,0,2,,"Calle",,"ROSARIO","Rosario","S/D","S/D","II","S/D","Urbana","S/D","S/D","Intersección","S/D","S/D","Nocturna","S/D","S/D","S/D","Colisión","S/D","S/D","S/D","S/D"
2015,5152,25/07/2015,"Sabado",0,13:00:00,,"0.0",2,"Taxi/Remis,Automóvil","Mitre Y Cerrito",5,2,0,0,1,0,2,,"S/D",,"ROSARIO","Rosario","Asfalto","S/D","II","S/D","S/D","S/D","S/D","Intersección","Bueno","Buena","Diurna","Buen Tiempo","Lateral","S/D","Colisión","S/D","S/D","S/D","S/D"
2015,5153,13/07/2015,"Lunes",0,17:15:00,,"0.0",2,"Automóvil,Automóvil","Pje. Polonia Y Iguazu",4,1,0,0,0,0,3,,"Calle",,"ROSARIO","Rosario","S/D","S/D","II","S/D","Urbana","S/D","S/D","Intersección","S/D","S/D","Diurna","S/D","S/D","S/D","Colisión","S/D","S/D","S/D","S/D"
2015,5154,24/07/2015,"Viernes",0,18:00:00,,"0.0",2,"Moto/Ciclomotor,Vehículo Oficial","Bv. Oroño Y Bv. 27 De Febrero",3,1,0,0,2,0,0,,"Avenida",,"ROSARIO","Rosario","Asfalto","S/D","II","S/D","Urbana","Semáforo","S/D","Intersección","Bueno","Buena","Atardecer","Buen Tiempo","Lateral","S/D","Colisión","S/D","Vertical","Cordón divisorio","S/D"
2015,5155,21/07/2015,"Martes",0,06:40:00,,"0.0",1,"Automóvil","CAMINO HEROES DE MALVINAS ",1,1,0,0,0,0,0,,"Calle",,"AVELLANEDA","General Obligado","Asfalto","Natural","IX","Dentro","Urbana","Semáforo","No existe","Recta","Bueno","Reducida","Amanecer,Con luz artificial","Niebla","S/D","S/D","Despiste","S/D","Faltante","Guardarrail","Sin restricción"
2015,5156,04/07/2015,"Sabado",0,13:20:00,,"0.0",2,"Automóvil,Automóvil","Urquiza Y Constitucion",2,1,0,0,1,0,0,,"Calle",,"ROSARIO","Rosario","Asfalto","No existe","II","S/D","Urbana","Ninguna","No existe","Recta","Bueno","Buena","Diurna","Buen Tiempo","Otro","S/D","Colisión","Otro","Faltante","Ninguna","Sin restricción"
2015,5157,11/07/2015,"Sabado",0,11:23:00,,"0.0",2,"Camión,Moto/Ciclomotor","Calle 23 Y Calle 20",3,1,0,0,2,0,0,,"Calle",,"AVELLANEDA","General Obligado","Tierra","No existe","IX","Dentro","Urbana","Ninguna","No existe","Intersección","S/D","Buena","Diurna","Buen Tiempo","Lateral","S/D","Colisión","S/D","Faltante","S/D","Sin restricción"
2015,5158,06/07/2015,"Lunes",0,10:30:00,,"0.0",2,"Moto/Ciclomotor,Automóvil","Av. Del Valle Y Av. Ovidio Lagos",2,1,0,0,1,0,0,,"Calle",,"ROSARIO","Rosario","Asfalto","No existe","II","Dentro","Urbana","Semáforo","Funciona","Recta","Bueno","Buena","Diurna","Buen Tiempo","Otro","S/D","Colisión","S/D","Vertical","Línea divisoria pintada","Sin restricción"
2015,5159,23/07/2015,"Jueves",0,16:50:00,,"0.0",2,"Bicicleta,Automóvil","Bv. Oroño Y Cochabamba",2,1,0,0,1,0,0,,"Avenida",,"ROSARIO","Rosario","Asfalto","S/D","II","Dentro","Urbana","Señal Pare","No existe","Rotonda","Bueno","Buena","Diurna","Buen Tiempo","S/D","S/D","Atropello","S/D","Vertical","Línea divisoria pintada","S/D"
2015,5160,12/07/2015,"Domingo",0,08:50:00,,"0.0",2,"Automóvil,Ambulancia","Urquiza Y Castellanos",3,1,0,0,2,0,0,,"Calle",,"ROSARIO","Rosario","Asfalto","No existe","II","S/D","Urbana","Ninguna","No existe","Recta","Bueno","S/D","Diurna","Buen Tiempo","Otro","S/D","Colisión","Otro","Vertical","Ninguna","Sin restricción"
2015,5161,14/07/2015,"Martes",0,16:45:00,,"0.0",2,"Moto/Ciclomotor,Pickup/Utilitario","Tucuman Y Rodriguez",3,1,0,0,2,0,0,,"Calle",,"ROSARIO","Rosario","Asfalto","Ripio","II","S/D","Urbana","Ninguna","No existe","Recta","Bueno","Buena","Diurna","Buen Tiempo","Otro","S/D","Colisión","Otro","Faltante","Ninguna","Sin restricción"
2015,5162,27/07/2015,"Lunes",0,12:43:00,"Ruta Nacional 11","0.0",3,"Automóvil,Camión,Moto/Ciclomotor"," ",3,0,1,0,2,0,0,,"Ruta",11,"AVELLANEDA","General Obligado","Asfalto","Natural","IX","Dentro","Rural","Ninguna","No existe","Cruce","Bueno","Buena","Diurna","Buen Tiempo","Múltiple","S/D","Colisión","S/D","Vertical","Ninguna","Sin restricción"
2015,5163,24/07/2015,"Viernes",0,14:00:00,,"0.0",2,"Automóvil,Moto/Ciclomotor","Italia Y Ituzaingo",2,1,0,0,1,0,0,,"Calle",,"ROSARIO","Rosario","Asfalto","S/D","II","Dentro","Urbana","S/D","S/D","Intersección","Bueno","Buena","Diurna","Buen Tiempo","Lateral","S/D","Colisión","S/D","S/D","S/D","S/D"
2015,5164,20/07/2015,"Lunes",0,05:30:00,,"0.0",2,"Automóvil,Automóvil","Rivadavia Y Pueyrredon",2,1,0,0,1,0,0,,"Calle",,"ROSARIO","Rosario","Asfalto","No existe","II","S/D","Urbana","Semáforo","Funciona","Recta","Bueno","Buena","Diurna","Buen Tiempo","Otro","S/D","Colisión","Otro","Vertical","Ninguna","Sin restricción"
2015,5165,23/07/2015,"Jueves",0,09:10:00,,"0.0",1,"Transporte de Pasajeros Urbano (> 8 asientos)","Av. Pellegrini 1600",12,12,0,0,0,0,0,,"Avenida",,"ROSARIO","Rosario","Asfalto","S/D","II","Dentro","Urbana","Semáforo","Funciona","Recta","Bueno","Buena","Diurna","Buen Tiempo","Contra objeto fijo","S/D","Colisión","S/D","Vertical","Cordón divisorio","S/D"
2015,5166,22/07/2015,"Miercoles",0,16:00:00,,"0.0",2,"Bicicleta,Automóvil","Muniagurria ",2,1,0,0,0,0,1,,"Calle",,"ROSARIO","Rosario","S/D","S/D","II","Dentro","Urbana","S/D","S/D","Recta","S/D","Buena","Diurna","S/D","S/D","S/D","Atropello","S/D","S/D","S/D","S/D"
2015,5167,23/07/2015,"Jueves",0,09:37:00,,"0.0",2,"Moto/Ciclomotor,Pickup/Utilitario","San Nicolas Y Salta",2,1,0,0,1,0,0,,"Calle",,"ROSARIO","Rosario","Asfalto","No existe","II","S/D","Urbana","Semáforo","Funciona","Recta","Bueno","Buena","Diurna","Buen Tiempo","Otro","S/D","Colisión","Otro","Vertical","Ninguna","Sin restricción"
2015,5168,23/07/2015,"Jueves",0,18:50:00,,"0.0",2,"Automóvil,Moto/Ciclomotor","San Nicolas Y Salta",2,1,0,0,1,0,0,,"Calle",,"ROSARIO","Rosario","Asfalto","No existe","II","Dentro","Urbana","Semáforo","Funciona","Recta","Otro","Buena","Diurna","Buen Tiempo","Otro","S/D","Colisión","Otro","Horizontal","Ninguna","Sin restricción"
2015,5169,28/07/2015,"Martes",0,09:45:00,,"0.0",2,"Automóvil,Automóvil","Crespo Y Urquiza",3,1,0,0,2,0,0,,"Calle",,"ROSARIO","Rosario","Asfalto","No existe","II","S/D","Urbana","Ninguna","No existe","Recta","Bueno","Buena","Diurna","Buen Tiempo","Otro","S/D","Colisión","Otro","Faltante","Ninguna","Sin restricción"
2015,5170,26/07/2015,"Domingo",0,07:30:00,,"0.0",2,"Moto/Ciclomotor,Automóvil","Av. Alberdi Bis Y Albert Sabin",2,1,0,0,1,0,0,,"Avenida",,"ROSARIO","Rosario","Asfalto","S/D","II","Dentro","Urbana","S/D","S/D","Intersección","S/D","Buena","Amanecer","S/D","Lateral","S/D","Colisión","S/D","S/D","S/D","S/D"
2015,5171,31/07/2015,"Viernes",0,11:15:00,,"0.0",2,"Automóvil,Moto/Ciclomotor","San Lorenzo Y Vera Mujica",2,1,0,0,1,0,0,,"Calle",,"ROSARIO","Rosario","S/D","No existe","II","S/D","Urbana","Ninguna","No existe","Recta","Otro","Buena","Diurna","Buen Tiempo","Otro","S/D","Colisión","Otro","Faltante","Ninguna","Sin restricción"
2015,5172,23/07/2015,"Jueves",0,18:00:00,,"0.0",3,"Taxi/Remis,Automóvil,Automóvil","Albert Sabin Y Bv. Avellaneda",3,2,0,0,1,0,0,,"Avenida",,"ROSARIO","Rosario","Asfalto","S/D","II","Dentro","Urbana","S/D","S/D","Intersección","S/D","Buena","Diurna","S/D","Lateral","S/D","Colisión","S/D","S/D","S/D","S/D"
2015,5173,21/07/2015,"Martes",0,13:00:00,,"0.0",2,"Moto/Ciclomotor,Automóvil","Bv. Oroño Y Av. Pellegrini",2,1,0,0,1,0,0,,"Avenida",,"ROSARIO","Rosario","Asfalto","No existe","II","Dentro","Urbana","Semáforo","Funciona","Rotonda","Bueno","Buena","Diurna","Buen Tiempo","Lateral","S/D","Colisión","S/D","Vertical","Línea divisoria pintada","S/D"
2015,5174,20/07/2015,"Lunes",0,,,"0.0",1,"Moto/Ciclomotor","Av. Circunvalacion Y Av. Sorrento",2,0,2,0,0,0,0,,"Avenida",,"ROSARIO","Rosario","S/D","S/D","II","Dentro","Urbana","S/D","S/D","Intersección","S/D","S/D","S/D","S/D","Lateral","S/D","Colisión","S/D","S/D","S/D","S/D"
2015,5175,11/07/2015,"Sabado",0,08:50:00,,"0.0",2,"Moto/Ciclomotor,Automóvil","Av. Sorrento Y Av. Circunvalacion",2,1,0,0,1,0,0,,"Avenida",,"ROSARIO","Rosario","Asfalto","S/D","II","Dentro","Urbana","Semáforo","Funciona","Intersección","Bueno","S/D","Diurna","Buen Tiempo","Lateral","S/D","Colisión","S/D","Vertical","Ninguna","Sin restricción"
2015,5176,10/07/2015,"Viernes",0,23:00:00,,"0.0",2,"Automóvil,Moto/Ciclomotor","Olavarria Bis 850",2,1,0,0,1,0,0,,"Calle",,"ROSARIO","Rosario","Asfalto","S/D","II","Dentro","Urbana","S/D","S/D","Recta","Bueno","S/D","Nocturna","Buen Tiempo","Contra objeto fijo","S/D","Colisión","S/D","Faltante","S/D","S/D"
2015,5177,22/07/2015,"Miercoles",0,08:35:00,,"0.0",2,"Automóvil,Automóvil","Av. Luis Carballo Y Rawson Bis",2,1,0,0,1,0,0,,"Calle",,"ROSARIO","Rosario","Asfalto","S/D","II","Dentro","Urbana","S/D","S/D","Intersección","S/D","S/D","Diurna","S/D","Lateral","S/D","Colisión","S/D","S/D","S/D","S/D"
2015,5178,13/07/2015,"Lunes",0,07:30:00,,"0.0",2,"Automóvil,Camión","J.J.Paso ",2,1,0,0,1,0,0,,"Calle",,"ROSARIO","Rosario","Asfalto","No existe","II","Dentro","Urbana","Semáforo","Funciona","Recta","S/D","Buena","Diurna","Buen Tiempo","Lateral","S/D","Colisión","S/D","Vertical","Ninguna","Sin restricción"
2015,5179,15/07/2015,"Miercoles",0,21:45:00,,"0.0",2,"Automóvil,Moto/Ciclomotor","Sarmiento ",3,2,0,0,1,0,0,,"Calle",,"ROSARIO","Rosario","Asfalto","No existe","II","Dentro","Urbana","Ninguna","Funciona","Recta","Bueno","Buena","Nocturna","Buen Tiempo","De alcance","S/D","Colisión","S/D","Vertical","Barrera de hormigón","Sin restricción"
2015,5180,17/03/2015,"Martes",0,09:00:00,,"0.0",2,"Automóvil,Automóvil","Italia Y Uruguay",4,3,0,0,1,0,0,,"Calle",,"ROSARIO","Rosario","Asfalto","No existe","II","Dentro","Urbana","Ninguna","No existe","Intersección","Bueno","Buena","Diurna","Buen Tiempo","Lateral","S/D","Colisión","S/D","Faltante","S/D","Sin restricción"
2015,5181,20/07/2015,"Lunes",0,16:00:00,,"0.0",2,"Moto/Ciclomotor,Automóvil","Av. Pellegrini Y Pueyrredon",2,1,0,0,1,0,0,,"Avenida",,"ROSARIO","Rosario","Asfalto","S/D","II","Dentro","Urbana","Semáforo","Funciona","Intersección","Bueno","Buena","Diurna","Buen Tiempo","Lateral","S/D","Colisión","S/D","Vertical","S/D","S/D"
2015,5182,19/07/2015,"Domingo",0,11:00:00,,"0.0",2,"Bicicleta,Automóvil","La Paz Y Sarmiento",2,1,0,0,1,0,0,,"Calle",,"ROSARIO","Rosario","Asfalto","No existe","II","S/D","Urbana","S/D","S/D","Recta","Bueno","Buena","Diurna","Buen Tiempo","Contra objeto fijo","S/D","Otro","S/D","S/D","S/D","S/D"
2015,5183,20/07/2015,"Lunes",0,17:00:00,,"0.0",2,"Automóvil,Moto/Ciclomotor","Bv Belgrano Y Sarmiento",3,1,0,0,2,0,0,,"S/D",,"CALCHAQUÍ","Vera","Asfalto","S/D","XIX","Dentro","Urbana","S/D","No existe","Intersección","Bueno","S/D","Diurna","Buen Tiempo","De alcance","S/D","Colisión","S/D","S/D","S/D","S/D"
2015,5184,29/07/2015,"Miercoles",0,21:00:00,,"0.0",2,"Automóvil,Automóvil","Colon Y Dean Funes",3,2,0,0,1,0,0,,"Calle",,"ROSARIO","Rosario","Asfalto","No existe","II","Dentro","Urbana","Ninguna","No existe","Intersección","Bueno","Buena","Nocturna,Con luz artificial","Buen Tiempo","Lateral","S/D","Colisión","Ninguna","Faltante","Ninguna","Sin restricción"
2015,5185,29/07/2015,"Miercoles",0,19:30:00,,"0.0",2,"Automóvil,Moto/Ciclomotor","Garibaldi Y Av. Corrientes",3,1,0,0,2,0,0,,"S/D",,"ROSARIO","Rosario","S/D","S/D","II","S/D","S/D","S/D","S/D","S/D","S/D","S/D","S/D","S/D","S/D","S/D","S/D","S/D","S/D","S/D","S/D"
2015,5186,24/07/2015,"Viernes",0,14:10:00,,"0.0",2,"Automóvil,Moto/Ciclomotor","Dorrego Y Roque Saenz Peña",2,1,0,0,1,0,0,,"S/D",,"CALCHAQUÍ","Vera","Asfalto","S/D","XIX","S/D","Urbana","S/D","No existe","Intersección","Bueno","Buena","Diurna","Buen Tiempo","S/D","S/D","Colisión","S/D","S/D","S/D","S/D"
2015,5187,24/07/2015,"Viernes",0,,,"0.0",2,"Camión,Moto/Ciclomotor","Estanislao Lopez Y San Lorenzo",3,1,0,0,2,0,0,,"Calle",,"CALCHAQUÍ","Vera","Asfalto","S/D","XIX","S/D","Urbana","Ninguna","No existe","Intersección","Bueno","S/D","Diurna","Buen Tiempo","Frontal","S/D","Colisión","S/D","S/D","Ninguna","Sin restricción"
2015,5188,17/07/2015,"Viernes",0,11:30:00,,"0.0",2,"Moto/Ciclomotor,Camión","Mitre Y Ocampo",2,1,0,0,1,0,0,,"Calle",,"ROSARIO","Rosario","Asfalto","No existe","II","Dentro","Urbana","S/D","S/D","Intersección","Bueno","Buena","Diurna","Buen Tiempo","Lateral","S/D","Colisión","S/D","S/D","S/D","S/D"
2015,5189,13/07/2015,"Lunes",0,11:45:00,,"0.0",2,"Automóvil,Automóvil","Bv Oroño Y Franciscanos",3,2,0,0,1,0,0,,"S/D",,"SAN LORENZO","San Lorenzo","S/D","S/D","I","S/D","S/D","S/D","S/D","S/D","S/D","S/D","S/D","S/D","S/D","S/D","S/D","S/D","S/D","S/D","S/D"
2015,5190,05/08/2015,"Miercoles",0,19:40:00,"Ruta Provincial 64","0.0",2,"Moto/Ciclomotor,Automóvil","Av Juan Domingo Peron ",2,1,0,0,1,0,0,,"Ruta",64,"CORONDA","San Jerónimo","Asfalto","Natural","XV","S/D","Rural","Ninguna","No existe","Recta","Bueno","Buena","Nocturna","Buen Tiempo","Lateral","S/D","Colisión","S/D","S/D","Línea divisoria pintada","Sin restricción"
2015,5191,13/07/2015,"Lunes",0,11:45:00,,"0.0",2,"Automóvil,Peatón","Mitre Y Virasoro",2,1,0,0,0,0,1,,"S/D",,"ROSARIO","Rosario","Asfalto","S/D","II","S/D","S/D","S/D","S/D","Intersección","Bueno","Buena","Diurna","Buen Tiempo","S/D","S/D","Atropello","S/D","S/D","S/D","S/D"
2015,5192,05/08/2015,"Miercoles",0,10:45:00,,"0.0",2,"Moto/Ciclomotor,Moto/Ciclomotor","Mariano Moreno 1795",2,1,0,0,1,0,0,,"Calle",,"CORONDA","San Jerónimo","Tierra","No existe","XV","Dentro","Urbana","Ninguna","No existe","Recta","Ahuellamiento","Buena","Diurna","Buen Tiempo","Lateral","S/D","Colisión","Otro","Faltante","Ninguna","Sin restricción"
2015,5193,14/07/2015,"Martes",0,10:40:00,,"0.0",2,"Automóvil,Pickup/Utilitario","Capitan Bermudez Y Bme Mitre",2,1,0,0,1,0,0,,"Avenida",,"GÁLVEZ","San Jerónimo","Asfalto","S/D","XV","S/D","Urbana","S/D","No existe","Intersección","Bueno","Buena","Diurna","Buen Tiempo","Lateral","S/D","Colisión","S/D","S/D","S/D","Sin restricción"
2015,5194,25/07/2015,"Sabado",0,08:00:00,"Ruta Nacional 11","740.0",3,"Pickup/Utilitario,Camión,Camión"," ",6,3,1,0,2,0,0,,"Ruta",11,"MALABRIGO","General Obligado","Asfalto","Natural","IX","Dentro","Rural","S/D","No existe","Recta","S/D","Reducida","Amanecer","Niebla","Múltiple","S/D","Colisión","S/D","Horizontal","Ninguna","Reparación de Vía"
2015,5195,22/07/2015,"Miercoles",0,03:00:00,,"0.0",2,"Automóvil,Camión","A Brown Y Moreno",2,2,0,0,0,0,0,,"Calle",,"PIAMONTE","San Martín","Asfalto","Pavimento","XVIII","Dentro","Urbana","Ninguna","No existe","Intersección","Bueno","Reducida","Nocturna","Buen Tiempo","Lateral","S/D","Colisión","S/D","Faltante","Ninguna","Sin restricción"
2015,5196,14/07/2015,"Martes",0,19:55:00,,"0.0",2,"Automóvil,Moto/Ciclomotor","Santiago del Estero Y Buenos aires",2,1,0,0,1,0,0,,"S/D",,"SAN LORENZO","San Lorenzo","S/D","S/D","I","S/D","S/D","S/D","S/D","S/D","S/D","S/D","S/D","S/D","S/D","S/D","S/D","S/D","S/D","S/D","S/D"
2015,5197,02/07/2015,"Jueves",0,21:45:00,,"0.0",2,"Automóvil,Moto/Ciclomotor","Ricardo Gutierrez Y Paraguay",2,1,0,0,1,0,0,,"Calle",,"ROSARIO","Rosario","Asfalto","S/D","II","S/D","Urbana","S/D","S/D","Intersección","S/D","Buena","Nocturna,Con luz artificial","S/D","S/D","S/D","S/D","S/D","S/D","S/D","S/D"
2015,5198,09/07/2015,"Jueves",0,13:00:00,,"0.0",2,"Moto/Ciclomotor,Automóvil","Callao Y Av. Pellegrini",2,1,0,0,1,0,0,,"Calle",,"ROSARIO","Rosario","Asfalto","S/D","II","Dentro","Urbana","Semáforo","Funciona","Intersección","Bueno","Buena","Diurna","Buen Tiempo","Lateral","S/D","Colisión","S/D","Vertical","Cordón divisorio","S/D"
2015,5199,16/07/2015,"Jueves",0,11:40:00,,"0.0",2,"Automóvil,Bicicleta","Av. Ovidio Lagos Y Virasoro",2,1,0,0,1,0,0,,"Avenida",,"ROSARIO","Rosario","Asfalto","S/D","II","Dentro","Urbana","S/D","S/D","Intersección","Bueno","Buena","Diurna","Buen Tiempo","S/D","S/D","Atropello","S/D","S/D","S/D","S/D"
2015,5200,15/07/2015,"Miercoles",0,16:00:00,,"0.0",2,"Moto/Ciclomotor,Pickup/Utilitario","Bolivar Y San Lorenzo",3,2,0,0,1,0,0,,"Calle",,"ZAVALLA","Rosario","Ripio","Pavimento","II","Dentro","Urbana","Ninguna","No existe","Recta","Con baches","Buena","Diurna","Buen Tiempo","Lateral","S/D","Colisión","Ninguna","Faltante","S/D","Sin restricción"
2015,5201,02/07/2015,"Jueves",0,10:00:00,,"0.0",2,"Automóvil,Moto/Ciclomotor","Dorrego Y Garibaldi",2,1,0,0,1,0,0,,"Calle",,"ROSARIO","Rosario","S/D","S/D","II","S/D","Urbana","S/D","S/D","Intersección","S/D","S/D","Diurna","S/D","S/D","S/D","S/D","S/D","S/D","S/D","S/D"
2015,5202,14/07/2015,"Martes",0,09:30:00,,"0.0",2,"Bicicleta,Automóvil","General Lopez Y Rivadavia",2,1,0,0,1,0,0,,"S/D",,"SAN LORENZO","San Lorenzo","S/D","S/D","XVII","S/D","S/D","S/D","S/D","S/D","S/D","S/D","S/D","S/D","S/D","S/D","Atropello","S/D","S/D","S/D","S/D"
2015,5203,14/07/2015,"Martes",0,09:45:00,,"0.0",2,"Moto/Ciclomotor,Automóvil","Bv. Oroño Y Cochabamba",2,1,0,0,1,0,0,,"Avenida",,"ROSARIO","Rosario","Asfalto","S/D","II","Dentro","Urbana","S/D","No existe","Rotonda","Bueno","Buena","Diurna","Buen Tiempo","Lateral","S/D","Colisión","S/D","S/D","S/D","S/D"
2015,5204,25/07/2015,"Sabado",0,14:25:00,,"0.0",2,"Pickup/Utilitario,Moto/Ciclomotor","Corrientes Y Moreno",2,0,1,0,1,0,0,,"Calle",,"MALABRIGO","General Obligado","Asfalto","Natural","IX","Dentro","Urbana","Ninguna","No existe","Intersección","Bueno","Buena","Diurna","Buen Tiempo","Frontal","S/D","Colisión","S/D","Horizontal","Ninguna","Sin restricción"
2015,5205,08/07/2015,"Miercoles",0,,"Ruta Nacional 33","777.8",1,"Automóvil"," ",2,2,0,0,0,0,0,,"Ruta",33,"ZAVALLA","Rosario","Asfalto","Natural","II","Fuera","Rural","Ninguna","No existe","Recta","Bueno","Buena","Diurna","Buen Tiempo","S/D","S/D","Incendio,Vuelco","Ninguna","Faltante","Ninguna","Sin restricción"
2015,5206,02/07/2015,"Jueves",0,19:10:00,,"0.0",2,"Moto/Ciclomotor,Automóvil","25 de Mayo Y Beruggi Bv",3,2,0,0,1,0,0,,"Avenida",,"ZAVALLA","Rosario","Ripio","Pavimento","II","Dentro","Urbana","Ninguna","No existe","Intersección","Con baches","Buena","Nocturna","Buen Tiempo","Lateral","S/D","Colisión","Ninguna","Faltante","Cordón divisorio","S/D"
2015,5207,14/07/2015,"Martes",0,12:50:00,,"0.0",2,"Moto/Ciclomotor,Pickup/Utilitario","Bv. Segui Y Pje. Larguia",3,2,0,0,1,0,0,,"Avenida",,"ROSARIO","Rosario","Asfalto","No existe","II","Dentro","Urbana","Ninguna","No existe","Intersección","Bueno","Buena","Diurna","Buen Tiempo","Lateral","S/D","Colisión","Ninguna","Faltante","Cordón divisorio","Sin restricción"
2015,5208,18/07/2015,"Sabado",0,13:00:00,"Ruta Provincial 14","0.0",2,"Moto/Ciclomotor,Automóvil","3 Venezuela ",4,1,0,0,3,0,0,,"Ruta",14,"SOLDINI","Rosario","Hormigón","Ripio","II","Dentro","Urbana","Semáforo","Funciona","Intersección","Bueno","Buena","Diurna","Buen Tiempo","Lateral","S/D","Colisión","S/D","Faltante","Línea divisoria pintada","Sin restricción"
2015,5209,26/08/2015,"Miercoles",0,17:55:00,,"0.0",2,"Moto/Ciclomotor,Pickup/Utilitario","Belgrano Y Estanislao Zeballos",2,1,0,0,1,0,0,,"Calle",,"RAFAELA","Castellanos","Asfalto","No existe","V","S/D","Urbana","Ninguna","No existe","Intersección","Bueno","Buena","Diurna","Buen Tiempo","Lateral","S/D","Colisión","Ninguna","Faltante","Barrera de hormigón","Accidente Previo"
2015,5210,10/07/2015,"Viernes",0,19:30:00,,"0.0",2,"Moto/Ciclomotor,Bicicleta","Av San Martin Y Dr Chiavarini",3,3,0,0,0,0,0,,"Avenida",,"PEREZ","Rosario","S/D","No existe","II","Dentro","Urbana","Ninguna","No existe","Intersección","S/D","Buena","Atardecer","S/D","S/D","S/D","Atropello","S/D","Faltante","Línea divisoria pintada","Sin restricción"