"anio_acci","nro_acci","fecha","desc_dia","fecha_aprox","hora_aprox","desc_ruta","km","cant_participantes","desc_participante","calle_avenida_km","total","heridos_leves","heridos_graves","heridos_gravisimos","ilesos","fallecidos","sin_datos","posicion_XY","desc_tipo_via","desc_ruta_ori","desc_loc","desc_dpto","desc_tipo_calzada","desc_tipo_banquina","desc_unidad_regional","desc_lugar_calzada","desc_zona","desc_prioridad","desc_estado_semaforo","desc_lugar_via","desc_estado_via","desc_estado_visibilidad","desc_luminosidad","desc_estado_clima","desc_tipo_colision","desc_tipo_atropello","desc_tipo_hecho","desc_pres_calzada","desc_senializacion","desc_separacion_via","desc_restriccion"
2015,5211,03/07/2015,"Viernes",0,20:10:00,,"0.0",2,"Moto/Ciclomotor,Automóvil","Esmeralda Y Gaboto",3,2,0,0,1,0,0,,"Calle",,"ROSARIO","Rosario","Asfalto","Ripio","II","Dentro","Urbana","Ninguna","No existe","Intersección","Bueno","Buena","Nocturna,Con luz artificial","Buen Tiempo","Lateral","S/D","Colisión","Ninguna","Faltante","Ninguna","Sin restricción"
2015,5212,08/07/2015,"Miercoles",0,07:30:00,"Ruta Nacional 33","0.0",2,"Moto/Ciclomotor,Pickup/Utilitario","Ruta Nac 33 Y Ruta Prov 14",2,1,0,0,1,0,0,,"Ruta",33,"PEREZ","Rosario","S/D","No existe","II","Dentro","Urbana","Ninguna","No existe","Cruce","S/D","Buena","Diurna","S/D","Lateral","S/D","Colisión","S/D","Faltante","Línea divisoria pintada","Sin restricción"
2015,5213,16/07/2015,"Jueves",0,17:00:00,"Ruta Nacional A012","0.0",2,"Automóvil,Camión"," ",3,1,0,0,2,0,0,,"Ruta","A012","PIÑERO","Rosario","Asfalto","Ripio","II","Dentro","Rural","Ninguna","No existe","Intersección","Bueno","Buena","Diurna","Buen Tiempo","Frontal","S/D","Colisión","S/D","Horizontal","Línea divisoria pintada","Sin restricción"
2015,5214,19/07/2015,"Domingo",0,11:45:00,,"0.0",2,"Moto/Ciclomotor,Automóvil","Bv. Segui Y Ayacucho",2,1,0,0,1,0,0,,"Avenida",,"ROSARIO","Rosario","Asfalto","No existe","II","Dentro","Urbana","Ninguna","No existe","Intersección","Bueno","Buena","Diurna","Buen Tiempo","Lateral","S/D","Colisión","Ninguna","Faltante","Cordón divisorio","Sin restricción"
2015,5215,06/07/2015,"Lunes",0,18:20:00,,"0.0",2,"Automóvil,Pickup/Utilitario","Av Belgrano Y Leandro Alem",2,1,0,0,1,0,0,,"Avenida",,"PEREZ","Rosario","S/D","No existe","II","Dentro","Urbana","Ninguna","No existe","Intersección","S/D","Buena","Atardecer","Otro","Lateral","S/D","Colisión","S/D","Faltante","Línea divisoria pintada","Sin restricción"
2015,5216,26/08/2015,"Miercoles",0,14:10:00,,"0.0",2,"Bicicleta,Automóvil","P Harrys Y Doctor Zamenhof",2,1,0,0,1,0,0,,"Calle",,"RAFAELA","Castellanos","Asfalto","No existe","V","S/D","S/D","Ninguna","Funciona","Recta","Bueno","Buena","Diurna","Buen Tiempo","Lateral","S/D","Colisión","S/D","S/D","S/D","Accidente Previo"
2015,5217,24/07/2015,"Viernes",0,12:40:00,"Ruta Provincial 18","4.0",4,"Automóvil,Automóvil,Taxi/Remis,Automóvil"," ",9,2,0,0,7,0,0,,"Ruta",18,"PIÑERO","Rosario","Asfalto","S/D","II","Dentro","Rural","Ninguna","S/D","Recta","Bueno","S/D","Diurna","Buen Tiempo","Múltiple","S/D","Colisión","S/D","Faltante","Línea divisoria pintada","Sin restricción"
2015,5218,04/07/2015,"Sabado",0,11:00:00,"Ruta Nacional 33","848.0",2,"Moto/Ciclomotor,Automóvil"," ",2,1,0,0,1,0,0,,"Ruta",33,"PEREZ","Rosario","S/D","No existe","II","Dentro","Urbana","Ninguna","No existe","Recta","S/D","Buena","Diurna","S/D","Lateral","S/D","Colisión","S/D","S/D","Línea divisoria pintada","Sin restricción"
2015,5219,20/07/2015,"Lunes",0,17:00:00,,"0.0",2,"Automóvil,Pickup/Utilitario","Laprida Y 24 De Setiembre",2,2,0,0,0,0,0,,"Calle",,"ROSARIO","Rosario","Asfalto","No existe","II","S/D","Urbana","Ninguna","No existe","Intersección","Bueno","Buena","Diurna","Buen Tiempo","Lateral","S/D","Colisión","Ninguna","Faltante","Ninguna","Sin restricción"
2015,5220,14/07/2015,"Martes",0,20:00:00,,"0.0",2,"Moto/Ciclomotor,Pickup/Utilitario","Colon Y Dean Funes",3,2,0,0,1,0,0,,"Calle",,"ROSARIO","Rosario","Asfalto","No existe","II","Dentro","Urbana","Ninguna","No existe","Intersección","Bueno","Buena","Nocturna,Con luz artificial","Buen Tiempo","Lateral","S/D","Colisión","Ninguna","Faltante","Ninguna","Sin restricción"
2015,5221,29/06/2015,"Lunes",0,12:10:00,,"0.0",2,"Automóvil,Automóvil","Batalla de Salta Y Mitre",2,1,0,0,1,0,0,,"Calle",,"PEREZ","Rosario","S/D","No existe","II","Dentro","Urbana","S/D","No existe","Intersección","S/D","Buena","Diurna","S/D","Lateral","S/D","Colisión","S/D","Faltante","Ninguna","Sin restricción"
2015,5222,28/07/2015,"Martes",0,14:00:00,,"0.0",2,"Automóvil,Pickup/Utilitario","Ayolas Y Colon",3,2,0,0,1,0,0,,"Calle",,"ROSARIO","Rosario","Asfalto","No existe","II","Dentro","Urbana","Ninguna","No existe","Recta","Bueno","Buena","Diurna","Buen Tiempo","De alcance","S/D","Colisión","Ninguna","Faltante","Ninguna","Sin restricción"
2015,5223,02/07/2015,"Jueves",0,17:10:00,,"0.0",2,"Moto/Ciclomotor,Automóvil","Bv. 27 De Febrero Y España",2,1,0,0,1,0,0,,"Avenida",,"ROSARIO","Rosario","Asfalto","S/D","II","Dentro","Urbana","Semáforo","Funciona","Intersección","Bueno","Buena","Diurna","Buen Tiempo","Lateral","S/D","Colisión","S/D","Vertical","S/D","Sin restricción"
2015,5224,02/07/2015,"Jueves",0,15:00:00,,"0.0",2,"Moto/Ciclomotor,Pickup/Utilitario","Entre Rios Y Cochabamba",2,1,0,0,1,0,0,,"Calle",,"ROSARIO","Rosario","Asfalto","S/D","II","Dentro","Urbana","S/D","No existe","Intersección","Bueno","Buena","Diurna","Buen Tiempo","Lateral","S/D","Colisión","S/D","S/D","S/D","S/D"
2015,5225,22/06/2015,"Lunes",0,08:30:00,,"0.0",2,"Camión,Moto/Ciclomotor","Bv Belgrano Y Las Heras",2,1,0,0,1,0,0,,"Calle",,"ÁLVAREZ","Rosario","Ripio","S/D","II","Dentro","Urbana","S/D","No existe","Intersección","S/D","S/D","Diurna","Buen Tiempo","Lateral","S/D","Colisión","S/D","S/D","S/D","S/D"
2015,5226,08/06/2015,"Lunes",0,,,"0.0",2,"Automóvil,Moto/Ciclomotor","Av. Circunvalacion Y ",2,1,0,0,1,0,0,,"Calle",,"ROSARIO","Rosario","Asfalto","Natural","II","Dentro","Urbana","Ninguna","No existe","Recta","Bueno","Reducida p/ objetos","Diurna","Buen Tiempo","S/D","S/D","Colisión","S/D","Faltante","S/D","Reparación de Vía"
2015,5227,31/08/2015,"Lunes",0,05:15:00,"Autovía Nacional 19","86.0",1,"Automóvil"," ",2,0,1,0,1,0,0,,"Autovía",19,"COLONIA ITURRASPE","Castellanos","Hormigón","Pavimento","V","S/D","S/D","Ninguna","No existe","Recta","Bueno","Buena","Nocturna","Buen Tiempo","Atropello animal","S/D","Colisión,Vuelco","Ninguna","S/D","S/D","Sin restricción"
2015,5228,06/08/2015,"Jueves",0,13:10:00,,"0.0",2,"Moto/Ciclomotor,Camión","Belgrano Y Mejico",2,1,0,0,1,0,0,,"Calle",,"PUERTO SAN MARTÍN","San Lorenzo","Asfalto","Natural","XVII","Dentro","Urbana","Ninguna","No existe","Intersección","Ahuellamiento","Buena","Diurna","Buen Tiempo","Otro","S/D","Colisión","Ninguna","Horizontal","Ninguna","Sin restricción"
2015,5229,18/08/2015,"Martes",0,20:00:00,,"0.0",2,"Automóvil,Moto/Ciclomotor","Gral Lopez Y Av San Martin",2,1,0,0,1,0,0,,"Avenida",,"FRAY LUIS BELTRÁN","San Lorenzo","Asfalto","No existe","XVIII","Dentro","Urbana","Ninguna","No existe","Intersección","Bueno","Buena","Nocturna","Buen Tiempo","Lateral","S/D","Colisión","Ninguna","Faltante","Ninguna","Sin restricción"
2015,5230,14/08/2015,"Viernes",0,08:45:00,,"0.0",2,"Automóvil,Moto/Ciclomotor","General Richieri Y Brown",2,1,0,0,1,0,0,,"Calle",,"FRAY LUIS BELTRÁN","San Lorenzo","Asfalto","No existe","XVII","Dentro","Urbana","Ninguna","No existe","Intersección","Bueno","Buena","Diurna","Buen Tiempo","Lateral","S/D","Colisión","S/D","Faltante","Ninguna","Sin restricción"
2015,5231,06/08/2015,"Jueves",0,17:30:00,,"0.0",2,"Moto/Ciclomotor,Camión","Pte Hipolito Irigoyen Y Rio Parana",2,1,0,0,1,0,0,,"Calle",,"PUERTO SAN MARTÍN","San Lorenzo","Asfalto","Natural","XVII","Dentro","Rural","Ninguna","No existe","Recta","Ahuellamiento","Buena","Diurna","Buen Tiempo","Lateral","S/D","Colisión","Ninguna","Horizontal","Ninguna","Sin restricción"
2015,5232,08/08/2015,"Sabado",0,00:05:00,,"0.0",1,"Moto/Ciclomotor","Chubut 900",1,1,0,0,0,0,0,,"Calle",,"PUERTO SAN MARTÍN","San Lorenzo","Asfalto","Pavimento","XVII","Dentro","Urbana","Ninguna","No existe","Recta","Bueno","Reducida","Nocturna","Buen Tiempo","S/D","S/D","Caída ocupante","Ninguna","Horizontal","Ninguna","Sin restricción"
2015,5233,10/08/2015,"Lunes",0,14:30:00,,"0.0",2,"Moto/Ciclomotor,Automóvil","Bolivia Y Roca",2,1,0,0,1,0,0,,"Calle",,"PUERTO SAN MARTÍN","San Lorenzo","Asfalto","No existe","XVII","Dentro","Urbana","Ninguna","No existe","Intersección","Bueno","Buena","Diurna","Buen Tiempo","De alcance","S/D","Colisión","S/D","Horizontal","Ninguna","Sin restricción"
2015,5234,12/08/2015,"Miercoles",0,20:50:00,,"0.0",2,"Automóvil,Peatón","Avda Roque Saenz Peña Y Cobhabamba",2,1,0,0,1,0,0,,"Calle",,"FRAY LUIS BELTRÁN","San Lorenzo","Hormigón","No existe","XVII","Dentro","Urbana","Ninguna","No existe","Intersección","Deteriorada","Reducida","Nocturna","Buen Tiempo","Lateral","S/D","Colisión","Ninguna","Faltante","Ninguna","Sin restricción"
2015,5235,10/08/2015,"Lunes",0,14:40:00,"Ruta Nacional 11","0.0",2,"Moto/Ciclomotor,Automóvil","Ruta Nac 11 Y America",2,1,0,0,1,0,0,,"Ruta",11,"PUERTO SAN MARTÍN","San Lorenzo","Asfalto","Natural","XVII","Dentro","Rural","Ninguna","No existe","Intersección","Bueno","Buena","Diurna","Buen Tiempo","Lateral","S/D","Colisión","S/D","S/D","Ninguna","Sin restricción"
2015,5236,14/08/2015,"Viernes",0,21:00:00,,"0.0",2,"Moto/Ciclomotor,Automóvil","Cordoba Y Rioja",2,1,0,0,1,0,0,,"Avenida",,"PUERTO SAN MARTÍN","San Lorenzo","Asfalto","No existe","XVII","Dentro","Urbana","Ninguna","No existe","Intersección","Bueno","Buena","Nocturna","Buen Tiempo","Lateral","S/D","Colisión","Ninguna","Horizontal","Ninguna","Sin restricción"
2015,5237,17/08/2015,"Lunes",0,14:30:00,,"0.0",2,"Moto/Ciclomotor,Moto/Ciclomotor","Cordoba Y Belgrano",3,3,0,0,0,0,0,,"Avenida",,"PUERTO SAN MARTÍN","San Lorenzo","Asfalto","No existe","XVIII","Dentro","Urbana","Ninguna","No existe","Intersección","Bueno","Buena","Diurna","Buen Tiempo","Lateral","S/D","Colisión","Ninguna","Horizontal","Ninguna","Sin restricción"
2015,5238,23/08/2015,"Domingo",0,09:00:00,,"0.0",2,"Moto/Ciclomotor,Moto/Ciclomotor","Av San Martin Y Cordoba",3,3,0,0,0,0,0,,"Avenida",,"PUERTO SAN MARTÍN","San Lorenzo","Asfalto","No existe","XVII","Dentro","Urbana","Ninguna","No existe","Intersección","Bueno","Buena","Diurna","Buen Tiempo","Lateral","S/D","Colisión","Ninguna","Horizontal","Ninguna","Sin restricción"
2015,5239,27/08/2015,"Jueves",0,14:50:00,,"0.0",2,"Moto/Ciclomotor,Moto/Ciclomotor","Av San Martin Y Cordoba",2,1,0,0,1,0,0,,"Avenida",,"PUERTO SAN MARTÍN","San Lorenzo","Asfalto","No existe","XVII","Dentro","Urbana","S/D","No existe","Intersección","Bueno","Buena","Diurna","Buen Tiempo","Lateral","S/D","Colisión","Ninguna","Horizontal","Ninguna","Sin restricción"
2015,5240,28/08/2015,"Viernes",0,06:50:00,,"0.0",2,"Moto/Ciclomotor,Automóvil","Belgrano Y Buenos Aires",2,1,0,0,1,0,0,,"Calle",,"PUERTO SAN MARTÍN","San Lorenzo","Asfalto","Natural","XVIII","Dentro","Urbana","Ninguna","No existe","Intersección","Ahuellamiento","Buena","Diurna","Lluvia","Lateral","S/D","Colisión","Ninguna","Horizontal","Ninguna","Sin restricción"
2015,5241,10/08/2015,"Lunes",0,11:30:00,"Autopista Provincial Brigadier E.López","28.0",2,"Camión,Transporte de Pasajeros Larga Distancia (Doble Piso)"," ",64,60,2,0,2,0,0,,"Autopista","Brigadier E.López","TIMBÚES","San Lorenzo","Asfalto","Natural","XVII","Dentro","Rural","Señal Ceda el Paso","No existe","Recta","Resbaladiza","Buena","Diurna","Buen Tiempo","S/D","S/D","Vuelco","Agua","Vertical","Ninguna","Sin restricción"
2015,5242,18/06/2015,"Jueves",0,22:35:00,,"0.0",2,"Moto/Ciclomotor,Automóvil","Nicolas Laguna Y Grandoli",3,2,0,0,1,0,0,,"Calle",,"ROSARIO","Rosario","Asfalto","Natural","II","Dentro","Urbana","Señal Pare","No existe","Intersección","Bueno","Buena","Nocturna,Con luz artificial","Buen Tiempo","Frontal","S/D","Colisión","Ninguna","Horizontal","Ninguna","Sin restricción"
2015,5243,15/07/2015,"Miercoles",0,10:30:00,,"0.0",2,"Peatón,Automóvil","Dr Ghio Y General Lopez",2,1,0,0,1,0,0,,"S/D",,"SAN LORENZO","San Lorenzo","S/D","S/D","XVII","S/D","S/D","S/D","S/D","S/D","S/D","S/D","S/D","S/D","S/D","S/D","Atropello","S/D","S/D","S/D","S/D"
2015,5244,23/07/2015,"Jueves",0,21:55:00,,"19.0",3,"Camión,Automóvil,Automóvil","Av Carlos A Poucel ",5,4,0,0,1,0,0,,"S/D",,"SAN LORENZO","San Lorenzo","S/D","S/D","XVII","S/D","S/D","S/D","S/D","S/D","S/D","S/D","S/D","S/D","Múltiple","S/D","S/D","S/D","S/D","S/D","S/D"
2015,5245,06/07/2015,"Lunes",0,08:50:00,,"0.0",2,"Automóvil,Moto/Ciclomotor","San Jose Y Jujuy",2,1,0,0,1,0,0,,"S/D",,"SAN LORENZO","San Lorenzo","S/D","S/D","XVII","S/D","S/D","S/D","S/D","S/D","S/D","S/D","S/D","S/D","S/D","S/D","S/D","S/D","S/D","S/D","S/D"
2015,5246,05/07/2015,"Domingo",0,08:00:00,,"0.0",2,"Automóvil,Moto/Ciclomotor","9 de Julio Y Irigoyen",3,1,0,0,2,0,0,,"S/D",,"SAN LORENZO","San Lorenzo","S/D","S/D","XVII","S/D","S/D","S/D","S/D","S/D","S/D","S/D","S/D","S/D","S/D","S/D","Colisión","S/D","S/D","S/D","S/D"
2015,5247,04/07/2015,"Sabado",0,17:45:00,,"0.0",2,"Automóvil,Moto/Ciclomotor","Av Carlos A Poucel Y Dr Ghio",3,2,0,0,1,0,0,,"S/D",,"SAN LORENZO","San Lorenzo","S/D","S/D","XVII","S/D","S/D","S/D","S/D","S/D","S/D","S/D","Diurna","S/D","S/D","S/D","S/D","S/D","S/D","S/D","S/D"
2015,5248,30/08/2015,"Domingo",0,10:40:00,,"0.0",2,"Pickup/Utilitario,Pickup/Utilitario","C Escalada Y Bv Oroño",3,2,0,0,1,0,0,,"Calle",,"SAN LORENZO","San Lorenzo","Asfalto","No existe","I","S/D","Urbana","Ninguna","No existe","Intersección","Bueno","Buena","Diurna","Buen Tiempo","Lateral","S/D","Colisión","Ninguna","S/D","Cordón divisorio","Sin restricción"
2015,5249,03/07/2015,"Viernes",0,10:30:00,,"0.0",2,"Moto/Ciclomotor,Automóvil","Bv. Oroño 1800",2,1,0,0,1,0,0,,"Avenida",,"ROSARIO","Rosario","Asfalto","S/D","II","Dentro","Urbana","S/D","No existe","Recta","Bueno","Buena","Diurna","Buen Tiempo","Múltiple","S/D","Colisión","Ninguna","S/D","S/D","S/D"
2015,5250,31/03/2015,"Martes",0,18:40:00,,"0.0",2,"Pickup/Utilitario,Moto/Ciclomotor","Urquiza Y Irigoyen",3,2,0,0,1,0,0,,"Calle",,"SAN LORENZO","San Lorenzo","Hormigón","No existe","XVII","S/D","Urbana","Ninguna","No existe","Intersección","Bueno","Buena","Atardecer","Buen Tiempo","Lateral","S/D","Colisión","Ninguna","S/D","Ninguna","Sin restricción"
2015,5251,31/07/2015,"Viernes",0,17:00:00,,"0.0",2,"Automóvil,Pickup/Utilitario","1 de Mayo 1800",2,1,0,0,1,0,0,,"Calle",,"ROSARIO","Rosario","Asfalto","Pavimento","II","Dentro","Urbana","Ninguna","No existe","Recta","Bueno","Buena","Diurna","Buen Tiempo","Frontal","S/D","Colisión","S/D","Faltante","Ninguna","Sin restricción"
2015,5252,09/08/2015,"Domingo",0,07:00:00,,"0.0",2,"Automóvil,Moto/Ciclomotor","Av San Martin ",2,1,0,0,1,0,0,,"Avenida",,"FRAY LUIS BELTRÁN","San Lorenzo","Asfalto","Ripio","XVII","Dentro","Urbana","Ninguna","No existe","Intersección","Resbaladiza","Reducida","Nocturna","Lluvia","Lateral","S/D","Colisión","Agua","Faltante","Ninguna","Sin restricción"
2015,5253,04/08/2015,"Martes",0,07:30:00,,"0.0",2,"Moto/Ciclomotor,Automóvil","CORDOBA Y RECONQUISTA",2,1,0,0,1,0,0,,"Avenida",,"SAN LORENZO","San Lorenzo","Asfalto","No existe","XVII","Dentro","Urbana","Ninguna","No existe","Intersección","Bueno","Buena","Diurna","Buen Tiempo","Lateral","S/D","Colisión","Ninguna","Horizontal","Ninguna","Sin restricción"
2015,5254,27/08/2015,"Jueves",0,12:00:00,"Ruta Nacional 178","180.0",2,"Bicicleta,Camión","Ruta 178 180",2,1,0,0,1,0,0,,"Ruta",178,"LAS PAREJAS","Belgrano","Asfalto","Natural","II","S/D","Rural","Ninguna","No existe","Curva","Bueno","Buena","Diurna","Buen Tiempo","S/D","S/D","Atropello","Ninguna","Vertical","Línea divisoria pintada","Sin restricción"
2015,5255,11/08/2015,"Martes",0,10:15:00,,"0.0",1,"Moto/Ciclomotor","Avenida 17 Y Calle 14",1,1,0,0,0,0,0,,"Avenida",,"LAS PAREJAS","Belgrano","Hormigón","Pavimento","III","S/D","Urbana","Paso Peatonal","No existe","Recta","Bueno","Buena","Diurna","Buen Tiempo","Atropello animal","S/D","Colisión","Ninguna","Vertical","Cordón divisorio","Sin restricción"
2015,5256,24/08/2015,"Lunes",0,03:00:00,"Ruta Nacional 9","0.0",1,"Moto/Ciclomotor"," ",2,2,0,0,0,0,0,,"Ruta",9,"ARMSTRONG","Belgrano","Asfalto","No existe","III","Dentro","Rural","Ninguna","No existe","Cruce","Bueno","Buena","Nocturna","Buen Tiempo","S/D","S/D","Caída ocupante","Ninguna","Vertical","Guardarrail","Sin restricción"
2015,5257,03/07/2015,"Viernes",0,23:50:00,,"0.0",1,"Moto/Ciclomotor","Cayetano Silva 1400",1,1,0,0,0,0,0,,"S/D",,"SAN LORENZO","San Lorenzo","S/D","S/D","XVII","S/D","S/D","S/D","S/D","S/D","S/D","S/D","Nocturna","S/D","S/D","S/D","S/D","S/D","S/D","S/D","S/D"
2015,5258,01/07/2015,"Miercoles",1,19:00:00,,"0.0",2,"Automóvil,Bicicleta"," ",3,2,0,0,1,0,0,,"S/D",,"SAN LORENZO","San Lorenzo","S/D","S/D","XVII","S/D","S/D","S/D","S/D","S/D","S/D","S/D","Atardecer","S/D","S/D","S/D","Atropello","S/D","S/D","S/D","S/D"
2015,5259,16/08/2015,"Domingo",0,23:00:00,,"0.0",2,"Automóvil,Moto/Ciclomotor","Cerrito 200",2,1,0,0,1,0,0,,"Calle",,"LAS ROSAS","Belgrano","Asfalto","Pavimento","III","Dentro","Urbana","Otra Señal","No existe","Recta","Bueno","Buena","Nocturna,Con luz artificial","Buen Tiempo","Lateral","S/D","Colisión","Ninguna","Horizontal","Ninguna","Sin restricción"
2015,5260,22/08/2015,"Sabado",0,11:10:00,,"0.0",2,"Moto/Ciclomotor,Moto/Ciclomotor","italia Y 9 de Julio",2,1,1,0,0,0,0,,"Calle",,"GOBERNADOR CRESPO","San Justo","Asfalto","Pavimento","XVI","Dentro","Urbana","Ninguna","No existe","Intersección","Bueno","Buena","Diurna","Buen Tiempo","Lateral","S/D","Colisión","Ninguna","Faltante","Ninguna","Sin restricción"
2015,5261,05/08/2015,"Miercoles",0,01:10:00,"Ruta Nacional 11","582.5",1,"Automóvil"," ",1,1,0,0,0,0,0,,"Ruta",11,"RAMAYÓN","San Justo","S/D","Natural","XVI","Fuera","Urbana","Ninguna","No existe","Curva","Bueno","Buena","Nocturna,Con luz artificial","Buen Tiempo","S/D","S/D","Despiste","S/D","Faltante","Ninguna","Sin restricción"
2015,5262,28/08/2015,"Viernes",0,15:20:00,"Ruta Provincial 70","0.0",2,"Moto/Ciclomotor,Bicicleta"," ",2,2,0,0,0,0,0,,"Ruta",70,"ESPERANZA","Las Colonias","Asfalto","Natural","XI","Dentro","Urbana","Ninguna","No existe","Recta","Bueno","Buena","Diurna","Buen Tiempo","S/D","S/D","Atropello","Ninguna","Vertical","Línea divisoria pintada","Sin restricción"
2015,5263,05/08/2015,"Miercoles",0,19:15:00,,"0.0",1,"Moto/Ciclomotor","Aaron Castellanos Y Rafaela",1,0,1,0,0,0,0,,"Calle",,"ESPERANZA","Las Colonias","Asfalto","No existe","XI","S/D","Urbana","Ninguna","No existe","Intersección","Bueno","Buena","Nocturna","Buen Tiempo","Atropello animal","S/D","Colisión","Ninguna","Vertical","Ninguna","Sin restricción"
2015,5264,17/08/2015,"Lunes",0,18:55:00,,"0.0",2,"Automóvil,Moto/Ciclomotor","Lavalle Y 9 de Julio",2,1,0,0,1,0,0,,"Calle",,"ESPERANZA","Las Colonias","Asfalto","No existe","XI","Dentro","Urbana","Ninguna","No existe","Intersección","Bueno","Buena","Nocturna","Lluvia","Frontal","S/D","Colisión","Agua","Vertical","Ninguna","Sin restricción"
2015,5265,29/08/2015,"Sabado",0,21:30:00,,"0.0",2,"Automóvil,Automóvil","Eva Peron 850",2,1,0,0,1,0,0,,"Calle",,"PUERTO SAN MARTÍN","San Lorenzo","Asfalto","No existe","XVII","Dentro","Urbana","Ninguna","No existe","Recta","Bueno","Buena","Nocturna","Buen Tiempo","Contra objeto fijo","S/D","Colisión","Ninguna","Horizontal","Ninguna","Sin restricción"
2015,5266,02/08/2015,"Domingo",0,05:00:00,,"0.0",2,"Automóvil,Peatón","Mitre Y Belgrano",2,1,0,0,1,0,0,,"Calle",,"TIMBÚES","San Lorenzo","Ripio,Arena","No existe","XVII","Dentro","Urbana","Ninguna","No existe","Intersección","Bueno","Reducida","Nocturna","Buen Tiempo","S/D","S/D","Atropello","Ninguna","Faltante","Ninguna","Sin restricción"
2015,5267,05/08/2015,"Miercoles",0,12:30:00,,"0.0",2,"Moto/Ciclomotor,Automóvil","25 de Mayo 300",2,1,0,0,1,0,0,,"Calle",,"PUERTO SAN MARTÍN","San Lorenzo","Asfalto","No existe","XVII","Dentro","Urbana","Ninguna","No existe","Recta","Bueno","Buena","Diurna","Buen Tiempo","Lateral","S/D","Caída ocupante","Ninguna","Horizontal","Ninguna","Sin restricción"
2015,5268,01/08/2015,"Sabado",0,21:00:00,"Ruta Nacional 9","324.5",2,"Moto/Ciclomotor,Moto/Ciclomotor","Talacasto Y Ruta Nacional 9",2,2,0,0,0,0,0,,"Ruta",9,"ROLDÁN","San Lorenzo","Asfalto","Natural","XVII","Dentro","Urbana","Ninguna","No existe","Intersección","Bueno","Reducida","Nocturna,Con luz artificial","Buen Tiempo","Lateral","S/D","Colisión","S/D","Vertical","Ninguna","S/D"
2015,5269,27/08/2015,"Jueves",0,17:45:00,,"0.0",2,"Automóvil,Moto/Ciclomotor","Domingo Faustino Sarmiento Y Leandro N Alem",3,1,0,0,2,0,0,,"Calle",,"ESPERANZA","Las Colonias","Asfalto","No existe","XI","Dentro","Urbana","Ninguna","No existe","Intersección","Bueno","Buena","Diurna","Buen Tiempo","Lateral","S/D","Colisión","S/D","Horizontal","Cordón divisorio","Sin restricción"
2015,5270,02/08/2015,"Domingo",0,16:30:00,,"0.0",1,"Moto/Ciclomotor","Bv San Martin Y Belgrano",3,3,0,0,0,0,0,,"Calle",,"ROLDÁN","San Lorenzo","Asfalto","No existe","XVII","Dentro","Urbana","Ninguna","No existe","Intersección","Bueno","Buena","Diurna","Buen Tiempo","S/D","S/D","Caída ocupante","S/D","S/D","Cordón divisorio","S/D"
2015,5271,12/08/2015,"Miercoles",0,12:40:00,,"0.0",2,"Moto/Ciclomotor,Automóvil","Lavalle Y 25 de Mayo",2,0,1,0,1,0,0,,"Calle",,"ESPERANZA","Las Colonias","Asfalto","No existe","XI","Dentro","Urbana","Ninguna","No existe","Intersección","Resbaladiza","Buena","Diurna","Lluvia","Lateral","S/D","Colisión","Agua","Horizontal","Cordón divisorio","Sin restricción"
2015,5272,04/08/2015,"Martes",0,12:50:00,,"0.0",2,"Automóvil,Moto/Ciclomotor","25 de Mayo Y Rivadavia",3,1,0,0,2,0,0,,"Calle",,"HUMBOLDT","Las Colonias","Hormigón","Pavimento","XI","Dentro","Urbana","Ninguna","No existe","Intersección","Bueno","Buena","Diurna","Buen Tiempo","Frontal","S/D","Colisión","Ninguna","Horizontal","Ninguna","Sin restricción"
2015,5273,12/08/2015,"Miercoles",0,20:30:00,"Ruta Nacional 9","330.0",2,"Automóvil,Moto/Ciclomotor","1 de Mayo Y Ruta Nacional 9",2,0,1,0,1,0,0,,"Ruta",9,"ROLDÁN","San Lorenzo","Asfalto","Natural","XVII","Dentro","Urbana","Ninguna","No existe","Intersección","Bueno","Reducida","Nocturna,Con luz artificial","Buen Tiempo","Lateral","S/D","Colisión","S/D","Vertical","Ninguna","S/D"
2015,5274,02/08/2015,"Domingo",0,14:40:00,,"0.0",2,"Automóvil,Moto/Ciclomotor","Pringles 945",4,1,0,0,3,0,0,,"Calle",,"ESPERANZA","Las Colonias","Asfalto","No existe","XI","Dentro","Urbana","Ninguna","No existe","Recta","Bueno","Buena","Diurna","Buen Tiempo","Frontal","S/D","Colisión","S/D","Vertical","Ninguna","Sin restricción"
2015,5275,22/08/2015,"Sabado",0,16:30:00,"Autopista Nacional A012","38.0",2,"Camión,Automóvil"," ",2,1,0,0,1,0,0,,"Autopista","A012","ROLDÁN","San Lorenzo","Asfalto","Ripio","XVII","Dentro","Rural","Ninguna","No existe","Recta","Bueno","Buena","Diurna","Buen Tiempo","De alcance","S/D","Colisión","S/D","S/D","Ninguna","S/D"
2015,5276,09/08/2015,"Domingo",0,14:45:00,"Autopista Provincial Brigadier E.López","24.0",2,"Automóvil,Camión"," ",4,3,0,0,1,0,0,,"Autopista","Brigadier E.López","TIMBÚES","San Lorenzo","Asfalto","Natural","XVII","S/D","S/D","Marca Vial","No existe","Recta","Deteriorada","Reducida","Diurna","Lluvia","Lateral","S/D","Colisión","Agua","Vertical","Vegetación","Sin restricción"
2015,5277,24/08/2015,"Lunes",0,21:25:00,,"0.0",2,"Pickup/Utilitario,Moto/Ciclomotor","Sgto. J Cabral Y Entre Rios",2,0,1,0,1,0,0,,"Calle",,"ROLDÁN","San Lorenzo","Hormigón","No existe","XVII","Dentro","Urbana","Ninguna","No existe","Intersección","Bueno","Reducida","Nocturna,Con luz artificial","Buen Tiempo","Lateral","S/D","Colisión","S/D","Vertical","Ninguna","S/D"