"anio_acci","nro_acci","fecha","desc_dia","fecha_aprox","hora_aprox","desc_ruta","km","cant_participantes","desc_participante","calle_avenida_km","total","heridos_leves","heridos_graves","heridos_gravisimos","ilesos","fallecidos","sin_datos","posicion_XY","desc_tipo_via","desc_ruta_ori","desc_loc","desc_dpto","desc_tipo_calzada","desc_tipo_banquina","desc_unidad_regional","desc_lugar_calzada","desc_zona","desc_prioridad","desc_estado_semaforo","desc_lugar_via","desc_estado_via","desc_estado_visibilidad","desc_luminosidad","desc_estado_clima","desc_tipo_colision","desc_tipo_atropello","desc_tipo_hecho","desc_pres_calzada","desc_senializacion","desc_separacion_via","desc_restriccion"
2015,5278,25/08/2015,"Martes",0,13:10:00,,"0.0",2,"Automóvil,Moto/Ciclomotor","General Manuel Belgrano Y Laprida",5,3,0,0,2,0,0,,"Calle",,"ESPERANZA","Las Colonias","Asfalto","No existe","XI","Dentro","Urbana","Ninguna","No existe","Intersección","Bueno","Buena","Diurna","Buen Tiempo","Frontal,Lateral","S/D","Colisión","Ninguna","Faltante","Ninguna","Sin restricción"
2015,5279,23/08/2015,"Domingo",0,,,"0.0",2,"Moto/Ciclomotor,Automóvil","Estanislao Zeballos Y Simon de Iriondo",2,1,0,0,1,0,0,,"Calle",,"ESPERANZA","Las Colonias","Asfalto","Pavimento","XI","Dentro","Urbana","Ninguna","S/D","Intersección","Bueno","Buena","Diurna","Buen Tiempo","S/D","S/D","Colisión","S/D","S/D","Línea divisoria pintada","S/D"
2015,5280,28/07/2015,"Martes",0,19:40:00,"Ruta Provincial 6","0.0",2,"Automóvil,Automóvil"," ",6,2,0,0,4,0,0,,"Ruta",6,"ESPERANZA","Las Colonias","Asfalto","Natural","XI","Dentro","Urbana","Ninguna","No existe","Recta","Bueno","Buena","Nocturna,Con luz artificial","Buen Tiempo","S/D","S/D","Colisión","S/D","Horizontal","Línea divisoria pintada","Sin restricción"
2015,5281,13/08/2015,"Jueves",0,17:05:00,,"0.0",2,"Pickup/Utilitario,Automóvil","San Martin 2400",2,1,0,0,1,0,0,,"Calle",,"ESPERANZA","Las Colonias","Asfalto","Pavimento","XI","Dentro","Urbana","Ninguna","No existe","Intersección","Bueno","Buena","Diurna","Buen Tiempo","Lateral","S/D","Colisión","Ninguna","Faltante","Línea divisoria pintada","Sin restricción"
2015,5282,06/07/2015,"Lunes",0,07:50:00,,"0.0",2,"Moto/Ciclomotor,Pickup/Utilitario","Gobernador Crespo ",2,1,0,0,1,0,0,,"Calle",,"ESPERANZA","Las Colonias","Asfalto","Pavimento","XI","Dentro","Urbana","Ninguna","No existe","Intersección","Bueno","Buena","Amanecer","Buen Tiempo","Lateral","S/D","Colisión","S/D","Vertical","Línea divisoria pintada","Sin restricción"
2015,5283,19/08/2015,"Miercoles",0,12:10:00,,"0.0",2,"Peatón,Automóvil","R P A Janssen Y 25 de Mayo",2,1,0,0,1,0,0,,"Calle",,"ESPERANZA","Las Colonias","Asfalto","No existe","XI","Dentro","Urbana","Ninguna","No existe","Intersección","Bueno","Buena","Diurna","Buen Tiempo","S/D","S/D","Atropello","Ninguna","Faltante","Ninguna","Sin restricción"
2015,5284,31/08/2015,"Lunes",0,16:35:00,,"0.0",2,"Bicicleta,Moto/Ciclomotor","Dr Galvez 1900",3,3,0,0,0,0,0,,"Calle",,"ESPERANZA","Las Colonias","Asfalto","Pavimento","XI","Dentro","Urbana","Ninguna","Funciona","Intersección","Bueno","Buena","Diurna","Buen Tiempo","S/D","S/D","Atropello","Ninguna","Faltante","Línea divisoria pintada","Sin restricción"
2015,5285,25/07/2015,"Sabado",0,19:55:00,,"0.0",2,"Pickup/Utilitario,Moto/Ciclomotor","Av Los Colonizadores Y Almirante Brown",3,1,0,0,2,0,0,,"Calle",,"ESPERANZA","Las Colonias","Asfalto","No existe","XI","Dentro","Urbana","Ninguna","No existe","Intersección","Bueno","Buena","Nocturna,Con luz artificial","Buen Tiempo","Lateral","S/D","Colisión","S/D","Vertical","Cordón divisorio","Sin restricción"
2015,5286,04/08/2015,"Martes",0,18:20:00,,"0.0",2,"Bicicleta,Automóvil","Simon de Iriondo 3600",3,1,0,0,2,0,0,,"Calle",,"ESPERANZA","Las Colonias","Asfalto","Pavimento","XI","Dentro","Urbana","Ninguna","No existe","Intersección","Bueno","Buena","Atardecer","Buen Tiempo","S/D","S/D","Atropello","Ninguna","Horizontal","Línea divisoria pintada","Sin restricción"
2015,5287,30/08/2015,"Domingo",0,00:00:00,"Autopista Provincial Brigadier E.López","0.0",2,"Automóvil,Moto/Ciclomotor"," ",3,1,0,0,2,0,0,,"Autopista","Brigadier E.López","SAN LORENZO","San Lorenzo","Asfalto","Pavimento","XVII","S/D","S/D","Ninguna","No existe","Intersección","Bueno","Buena","Nocturna,Con luz artificial","Buen Tiempo","Lateral","S/D","Colisión","Ninguna","S/D","Cordón divisorio","Sin restricción"
2015,5288,03/09/2015,"Jueves",0,18:30:00,,"0.0",2,"Moto/Ciclomotor,Moto/Ciclomotor","San Martin Y Tucuman",2,1,0,0,1,0,0,,"Calle",,"SAN CARLOS CENTRO","Las Colonias","Asfalto","No existe","XI","Dentro","Urbana","Ninguna","No existe","Intersección","Bueno","Buena","Diurna","Buen Tiempo","Lateral","S/D","Colisión","S/D","Horizontal","Cordón divisorio","Sin restricción"
2015,5289,16/01/2015,"Viernes",0,21:00:00,,"0.0",2,"Peatón,Tractor"," ",2,0,1,0,1,0,0,,"Calle",,"GABOTO","San Jerónimo","S/D","S/D","XV","Dentro","Urbana","S/D","S/D","S/D","S/D","S/D","Nocturna","S/D","S/D","S/D","Atropello","S/D","S/D","S/D","S/D"
2015,5290,29/08/2015,"Sabado",0,12:40:00,,"0.0",2,"Pickup/Utilitario,Moto/Ciclomotor","Juan M De Rosas Y Brown",2,1,0,0,1,0,0,,"Calle",,"SAN LORENZO","San Lorenzo","Hormigón","No existe","XVII","Dentro","Urbana","Ninguna","No existe","Intersección","Bueno","Buena","Diurna","Buen Tiempo","Lateral","S/D","Colisión","Ninguna","S/D","Ninguna","Sin restricción"
2015,5291,30/08/2015,"Domingo",0,16:35:00,,"0.0",2,"Moto/Ciclomotor,Moto/Ciclomotor","5 de Noviembre Y Guemes",6,3,1,0,2,0,0,,"Calle",,"TOSTADO","9 de Julio","Ripio","Ripio","XII","Dentro","Urbana","Ninguna","No existe","Intersección","S/D","Buena","Diurna","Buen Tiempo","Lateral","S/D","Colisión","S/D","Faltante","Ninguna","Sin restricción"
2015,5292,30/08/2015,"Domingo",0,03:15:00,,"0.0",2,"Moto/Ciclomotor,Pickup/Utilitario","Av San Martin Y Tucuman",3,2,0,0,1,0,0,,"Avenida",,"SAN LORENZO","San Lorenzo","Hormigón","No existe","XVII","Dentro","Urbana","Ninguna","No existe","Intersección","Bueno","Buena","Nocturna","Buen Tiempo","Lateral","S/D","Colisión","Ninguna","S/D","Cordón divisorio","Sin restricción"
2015,5293,15/08/2015,"Sabado",0,20:20:00,"Ruta Provincial 2","0.0",2,"Moto/Ciclomotor,Peatón"," ",2,2,0,0,0,0,0,,"Ruta",2,"TOSTADO","9 de Julio","Asfalto","Natural","XII","Dentro","Urbana","Ninguna","No existe","Recta","Bueno","Reducida","Nocturna","Buen Tiempo","S/D","S/D","Atropello","S/D","Faltante","S/D","S/D"
2015,5294,06/08/2015,"Jueves",0,19:30:00,,"0.0",1,"Moto/Ciclomotor","Gral Urquiza 2166",2,2,0,0,0,0,0,,"Calle",,"MALABRIGO","General Obligado","Asfalto","Pavimento","IX","S/D","Urbana","Ninguna","No existe","Recta","Bueno","Buena","Nocturna","Buen Tiempo","S/D","S/D","Caída ocupante","Ninguna","Horizontal","Ninguna","Sin restricción"
2015,5295,09/08/2015,"Domingo",0,17:20:00,,"0.0",2,"Automóvil,Automóvil","Dorrego Y 9 de Julio",2,1,0,0,1,0,0,,"Avenida",,"SAN LORENZO","San Lorenzo","Hormigón","No existe","XVII","Dentro","Urbana","Ninguna","No existe","Intersección","Bueno","Buena","Diurna","Buen Tiempo","Lateral","S/D","Colisión","Ninguna","S/D","S/D","Sin restricción"
2015,5296,10/08/2015,"Lunes",0,18:45:00,,"0.0",2,"Moto/Ciclomotor,Moto/Ciclomotor","6 de Caballeria Y Tito Piedra",3,3,0,0,0,0,0,,"Calle",,"TOSTADO","9 de Julio","Ripio","No existe","XII","Dentro","Urbana","S/D","No existe","Intersección","Resbaladiza","Buena","Atardecer","Buen Tiempo","S/D","S/D","Colisión","S/D","S/D","S/D","S/D"
2015,5297,20/08/2015,"Jueves",0,20:40:00,,"0.0",2,"Automóvil,Moto/Ciclomotor","La Rioja Y 9 de Julio",2,1,0,0,1,0,0,,"Calle",,"SAN LORENZO","San Lorenzo","Hormigón","No existe","XVII","Dentro","Urbana","Ninguna","No existe","Intersección","Bueno","Buena","Nocturna","Buen Tiempo","Lateral","S/D","Colisión","Ninguna","S/D","Ninguna","Sin restricción"
2015,5298,01/08/2015,"Sabado",0,06:50:00,"Ruta Nacional 95","0.0",1,"Automóvil"," ",2,2,0,0,0,0,0,,"Ruta",95,"VILLA MINETTI","9 de Julio","Asfalto","Natural","VII","S/D","S/D","Ninguna","No existe","Recta","Bueno","Reducida","Amanecer","Buen Tiempo","S/D","S/D","Vuelco","Otro","Vertical","Línea divisoria pintada","Sin restricción"
2015,5299,21/08/2015,"Viernes",0,17:35:00,"Ruta Nacional A012","0.0",2,"Automóvil,Moto/Ciclomotor","Ayohuma ",3,2,0,0,1,0,0,,"Ruta","A012","SAN LORENZO","San Lorenzo","Asfalto,Hormigón","Ripio","XVII","S/D","Urbana","Ninguna","No existe","Intersección","Bueno","Buena","Diurna","Buen Tiempo","Lateral","S/D","Colisión","Ninguna","S/D","Ninguna","Sin restricción"
2015,5300,15/08/2015,"Sabado",0,10:45:00,"Ruta Provincial 1","117.0",1,"Automóvil"," ",1,0,0,0,0,1,0,"-30.836268, -60.011858","Ruta",1,"COLONIA MASCIAS","Garay","Asfalto","Natural","VII","Dentro","Rural","Ninguna","No existe","Curva","Bueno","Buena","Diurna","Buen Tiempo","S/D","S/D","Despiste","S/D","S/D","Línea divisoria pintada","Sin restricción"
2015,5301,02/04/2015,"Jueves",0,,,"0.0",1,"Moto/Ciclomotor","Jorge Baurle Y Amenabar",1,0,0,0,0,1,0,"-29.883393, -61.949359","Calle",,"CERES","San Cristóbal","S/D","S/D","XIII","Fuera","Urbana","Ninguna","No existe","Intersección","S/D","S/D","S/D","S/D","S/D","S/D","Caída ocupante,Despiste","S/D","S/D","Ninguna","Sin restricción"
2015,5302,03/07/2015,"Viernes",0,11:40:00,,"0.0",2,"Moto/Ciclomotor,Pickup/Utilitario","Mitre B Y Presbitero Jose Houriet",2,1,0,0,1,0,0,,"Calle",,"VERA","Vera","Asfalto","No existe","XIX","Dentro","Urbana","Ninguna","No existe","Intersección","Bueno","Buena","Diurna","Buen Tiempo","Lateral","S/D","Colisión","Ninguna","Faltante","Cordón divisorio","Sin restricción"
2015,5303,22/08/2015,"Sabado",0,17:05:00,,"0.0",2,"Moto/Ciclomotor,Automóvil","J de Arco Y Misiones",2,1,0,0,1,0,0,,"Calle",,"SAN LORENZO","San Lorenzo","Hormigón","No existe","XVII","Dentro","Urbana","Ninguna","No existe","Intersección","Bueno","Buena","Diurna","Buen Tiempo","Lateral","S/D","Colisión","Ninguna","S/D","Ninguna","Sin restricción"
2015,5304,04/08/2015,"Martes",0,13:45:00,,"0.0",2,"Pickup/Utilitario,Moto/Ciclomotor","Brigadier General E Lopez Y Santa Fe",2,1,0,0,1,0,0,,"Calle",,"HELVECIA","Garay","Tierra","No existe","VII","Dentro","Urbana","S/D","No existe","Intersección","Bueno","Buena","Diurna","Buen Tiempo","Lateral","S/D","Colisión","S/D","Faltante","Ninguna","Sin restricción"
2015,5305,22/08/2015,"Sabado",0,16:15:00,,"0.0",2,"Moto/Ciclomotor,Pickup/Utilitario","Jose Ingenieros Y General Lopez",2,1,0,0,1,0,0,,"Calle",,"SAN LORENZO","San Lorenzo","Hormigón","No existe","XVII","Dentro","Urbana","Ninguna","No existe","Intersección","Bueno","Buena","Diurna","Buen Tiempo","Lateral","S/D","Colisión","Ninguna","S/D","Ninguna","Sin restricción"
2015,5306,25/07/2015,"Sabado",0,22:00:00,,"0.0",2,"Automóvil,Camión"," ",2,1,0,0,0,0,1,,"S/D",,"TOSTADO","9 de Julio","S/D","S/D","XII","S/D","S/D","S/D","S/D","S/D","S/D","S/D","S/D","S/D","S/D","S/D","S/D","S/D","S/D","S/D","S/D"
2015,5307,11/07/2015,"Sabado",0,19:15:00,"Ruta Nacional 11","0.0",2,"Moto/Ciclomotor,Automóvil","Av San Martin 1000",4,1,0,0,3,0,0,,"Ruta",11,"SAN LORENZO","San Lorenzo","S/D","S/D","XVII","S/D","S/D","S/D","S/D","S/D","S/D","S/D","Atardecer","S/D","S/D","S/D","S/D","S/D","S/D","S/D","S/D"
2015,5308,02/04/2015,"Jueves",0,19:45:00,"Ruta Nacional 34","247.5",3,"Moto/Ciclomotor,Moto/Ciclomotor,Automóvil"," ",6,0,1,0,4,1,0,"-31.020238, -61.460388","Ruta",34,"ATALIVA","Castellanos","Asfalto","Ripio","V","Dentro","Rural","Marca Vial","No existe","Recta","Bueno","Buena","Nocturna","Buen Tiempo","Múltiple","S/D","Colisión","Ninguna","Horizontal,Vertical","Línea divisoria pintada","Sin restricción"
2015,5309,06/08/2015,"Jueves",0,,,"0.0",2,"Moto/Ciclomotor,Moto/Ciclomotor"," ",2,0,1,0,0,0,1,,"Avenida",,"TOSTADO","9 de Julio","S/D","S/D","XII","S/D","S/D","Ninguna","S/D","Intersección","S/D","S/D","S/D","Otro","S/D","S/D","Atropello","S/D","S/D","S/D","S/D"
2015,5310,11/08/2015,"Martes",0,,"Ruta Provincial 2","0.0",1,"Moto/Ciclomotor"," ",1,0,1,0,0,0,0,,"Ruta",2,"TOSTADO","9 de Julio","Asfalto","Natural","XII","S/D","S/D","S/D","S/D","Recta","Bueno","Buena","S/D","S/D","S/D","S/D","S/D","S/D","S/D","S/D","S/D"
2015,5311,01/07/2015,"Miercoles",0,16:30:00,,"0.0",2,"Automóvil,Moto/Ciclomotor","Bv. Oroño Y Uruguay",4,3,0,0,1,0,0,,"Avenida",,"ROSARIO","Rosario","S/D","S/D","II","S/D","Urbana","S/D","S/D","Intersección","S/D","S/D","Diurna","S/D","S/D","S/D","Otro","S/D","S/D","S/D","S/D"
2015,5312,16/08/2015,"Domingo",0,08:30:00,"Ruta Provincial 1","83.5",1,"Automóvil"," ",2,2,0,0,0,0,0,,"Ruta",1,"HELVECIA","Garay","Asfalto","S/D","VII","Dentro","Rural","Ninguna","S/D","Recta","Bueno","S/D","Diurna","Buen Tiempo","S/D","S/D","Vuelco","S/D","Faltante","Línea divisoria pintada","Sin restricción"
2015,5313,17/08/2015,"Lunes",0,14:40:00,"Ruta Provincial 1","53.0",1,"Pickup/Utilitario"," ",2,2,0,0,0,0,0,,"Ruta",1,"SANTA ROSA DE CALCHINES","Garay","Asfalto","Natural","VII","Dentro","Rural","Ninguna","No existe","Recta","Bueno","Buena","Diurna","Buen Tiempo","S/D","S/D","Despiste","S/D","Faltante","Ninguna","Sin restricción"
2015,5314,29/08/2015,"Sabado",0,11:00:00,,"0.0",2,"Automóvil,Moto/Ciclomotor","Aaron Castellanos Y Juan Jose Paso",2,1,0,0,1,0,0,,"Calle",,"ESPERANZA","Las Colonias","Asfalto","No existe","XI","S/D","Urbana","Ninguna","No existe","Intersección","Bueno","Buena","Diurna","Buen Tiempo","Lateral","S/D","Colisión","Ninguna","Vertical","Ninguna","Sin restricción"
2015,5315,24/08/2015,"Lunes",0,08:40:00,,"0.0",2,"Automóvil,Automóvil","Irigoyen Y Salta",2,1,0,0,1,0,0,,"Calle",,"SAN LORENZO","San Lorenzo","Hormigón","No existe","XVII","Dentro","Urbana","Ninguna","No existe","Intersección","Bueno","Buena","Diurna","Buen Tiempo","Lateral","S/D","Colisión","Ninguna","S/D","Ninguna","Sin restricción"
2015,5316,01/08/2015,"Sabado",0,19:35:00,,"0.0",2,"Moto/Ciclomotor,Moto/Ciclomotor","Juan Jose Paso Y Dr Galvez",3,2,0,0,1,0,0,,"Calle",,"ESPERANZA","Las Colonias","Ripio","No existe","XI","Dentro","Urbana","Ninguna","No existe","Intersección","Bueno","Buena","Nocturna","Buen Tiempo","Lateral","S/D","Colisión","Ninguna","Vertical","Ninguna","Sin restricción"
2015,5317,08/08/2015,"Sabado",0,04:55:00,"Ruta Provincial 1","46.0",1,"Automóvil"," ",2,2,0,0,0,0,0,,"Ruta",1,"SANTA ROSA DE CALCHINES","Garay","Asfalto","Natural","VII","Dentro","Rural","Ninguna","No existe","Curva","Bueno","Buena","Amanecer","Buen Tiempo","Atropello animal","S/D","Colisión","S/D","Faltante","Ninguna","Sin restricción"
2015,5318,30/08/2015,"Domingo",0,11:15:00,,"0.0",2,"Automóvil,Pickup/Utilitario","Simon de Iriondo Y Ami Droz",5,1,0,0,3,0,1,,"Calle",,"ESPERANZA","Las Colonias","Asfalto","No existe","XI","Dentro","Urbana","Ninguna","No existe","Intersección","Bueno","Buena","Diurna","Buen Tiempo","Lateral","S/D","Colisión","Ninguna","Horizontal","Cordón divisorio","Sin restricción"
2015,5319,30/08/2015,"Domingo",0,16:05:00,,"0.0",2,"Automóvil,Bicicleta","Cullen Y General Manuel Belgrano",2,1,0,0,1,0,0,,"Calle",,"ESPERANZA","Las Colonias","Asfalto","No existe","XI","Dentro","Urbana","Ninguna","No existe","Intersección","Bueno","Buena","Diurna","Buen Tiempo","S/D","S/D","Atropello","Ninguna","S/D","Cordón divisorio","Sin restricción"
2015,5320,02/04/2015,"Jueves",0,19:55:00,"Autopista Provincial Brigadier E.López","112.5",1,"Automóvil"," ",5,2,0,0,1,2,0,"-31.956989, -60.948658","Autopista","Brigadier E.López","CORONDA","San Jerónimo","Asfalto","Pavimento","XV","Fuera","Rural","S/D","No existe","Recta","Bueno","Buena","Nocturna,Con luz artificial","Buen Tiempo","S/D","S/D","Vuelco,Despiste","Ninguna","Horizontal,Vertical","Vegetación","Sin restricción"
2015,5321,29/08/2015,"Sabado",0,14:40:00,,"0.0",1,"Pickup/Utilitario","España ",3,1,1,0,1,0,0,,"Camino Rural",,"TIMBÚES","San Lorenzo","Ripio","No existe","XVII","Dentro","Rural","Ninguna","No existe","Cruce","Ahuellamiento","Buena","Diurna","Buen Tiempo","S/D","S/D","Vuelco","Ninguna","Faltante","Ninguna","Sin restricción"
2015,5322,21/07/2015,"Martes",0,10:45:00,,"0.0",2,"Pickup/Utilitario,Moto/Ciclomotor","Av San Martin Y 12 de Octubre",2,0,1,0,1,0,0,,"Avenida",,"HUMBOLDT","Las Colonias","Hormigón","No existe","XI","S/D","Urbana","Ninguna","No existe","Intersección","Bueno","Buena","Diurna","Buen Tiempo","Lateral","S/D","Colisión","Ninguna","Faltante","Ninguna","Sin restricción"
2015,5323,13/07/2015,"Lunes",0,12:10:00,,"0.0",2,"Pickup/Utilitario,Automóvil","25 de Mayo Y Belgrano",3,1,0,0,2,0,0,,"Calle",,"HUMBOLDT","Las Colonias","Hormigón","No existe","XI","Dentro","Urbana","Ninguna","No existe","Intersección","Bueno","Buena","Diurna","Buen Tiempo","Lateral","S/D","Colisión","Ninguna","S/D","Ninguna","Sin restricción"
2015,5324,30/07/2015,"Jueves",0,17:15:00,,"0.0",2,"Moto/Ciclomotor,Moto/Ciclomotor","San Martin Y Entre Rios",2,2,0,0,0,0,0,,"Avenida",,"SAN CARLOS CENTRO","Las Colonias","Asfalto","S/D","XI","Dentro","Urbana","Ninguna","No existe","Intersección","Bueno","Buena","Diurna","Buen Tiempo","De alcance","S/D","Colisión","S/D","Vertical","Cordón divisorio","Sin restricción"
2015,5325,27/06/2015,"Sabado",0,19:30:00,"Ruta Provincial 70","33.0",1,"Moto/Ciclomotor"," ",1,1,0,0,0,0,0,,"Ruta",70,"HUMBOLDT","Las Colonias","Asfalto","Natural","XI","Dentro","S/D","Ninguna","No existe","Recta","Bueno","Buena","Nocturna","Buen Tiempo","Otro","S/D","Caída ocupante","Ninguna","Faltante","Ninguna","Sin restricción"
2015,5326,03/09/2015,"Jueves",0,18:40:00,,"0.0",2,"Automóvil,Moto/Ciclomotor","Suchon Y E Lopez",3,2,0,0,1,0,0,,"Calle",,"SAN CARLOS CENTRO","Las Colonias","Tierra","Natural","XI","Dentro","Urbana","Otra Señal","No existe","Intersección","Bueno","Buena","Diurna","Buen Tiempo","Lateral","S/D","Colisión","S/D","Horizontal","Vegetación","Sin restricción"
2015,5327,02/04/2015,"Jueves",0,23:00:00,"Autopista Nacional 11","0.0",2,"Moto/Ciclomotor,Automóvil","Circ Oeste-Cbomba 7 ",2,0,0,0,1,1,0,"-31.521105, -60.748068","Autopista",11,"RECREO","La Capital","Hormigón","Natural","I","Dentro","Rural","Ninguna","No existe","Recta","Bueno","Reducida","Nocturna","Buen Tiempo","De alcance","S/D","Colisión","S/D","Horizontal","Guardarrail","Sin restricción"
2015,5328,16/08/2015,"Domingo",0,07:15:00,,"0.0",1,"Moto/Ciclomotor","San Martin 1185",1,1,0,0,0,0,0,,"Calle",,"MALABRIGO","General Obligado","Asfalto","Pavimento","IX","Dentro","Urbana","Ninguna","No existe","Recta","Bueno","Buena","Amanecer","Buen Tiempo","S/D","S/D","Colisión","S/D","S/D","Ninguna","Sin restricción"
2015,5329,26/07/2015,"Domingo",0,17:30:00,,"0.0",2,"Automóvil,Moto/Ciclomotor","Av San Lorenzo Y Tucuman",2,1,0,0,1,0,0,,"Calle",,"CAPITÁN BERMÚDEZ","San Lorenzo","Asfalto","No existe","XVII","Dentro","Urbana","S/D","No existe","Intersección","Bueno","Buena","Diurna","Buen Tiempo","Frontal","S/D","Colisión","S/D","Faltante","S/D","S/D"
2015,5330,17/01/2015,"Sabado",0,03:30:00,"Ruta Provincial 1","0.0",2,"Bicicleta,Automóvil","ACCESO SUR A LAS PALMAS ",4,1,0,0,3,0,0,,"Ruta",1,"LAS PALMAS","General Obligado","S/D","S/D","IX","S/D","S/D","S/D","S/D","S/D","S/D","S/D","Nocturna","S/D","S/D","S/D","Atropello","S/D","S/D","S/D","S/D"
2015,5331,17/01/2015,"Sabado",0,,,"0.0",2,"Moto/Ciclomotor,Camión","Mitre Y Brasil",3,1,1,0,1,0,0,,"Calle",,"SANTA ISABEL","General López","S/D","S/D","VIII","S/D","Urbana","S/D","S/D","S/D","S/D","S/D","S/D","S/D","S/D","S/D","Colisión","S/D","S/D","S/D","S/D"
2015,5332,21/01/2015,"Miercoles",0,,"Ruta Nacional 11","0.0",1,"Pickup/Utilitario","ACCESO NORTE A LA LOCALIDAD ",2,2,0,0,0,0,0,,"Ruta",11,"BARRANCAS","San Jerónimo","Asfalto","Natural","XV","Fuera","S/D","S/D","S/D","S/D","S/D","S/D","S/D","S/D","S/D","S/D","Despiste","S/D","S/D","S/D","S/D"
2015,5333,29/08/2015,"Sabado",0,21:30:00,,"0.0",2,"Automóvil,Bicicleta"," ",2,1,0,0,1,0,0,,"Calle",,"SAN GUILLERMO","San Cristóbal","Ripio","Natural","XIII","Dentro","Urbana","Ninguna","No existe","Recta","Bueno","Buena","Nocturna,Con luz artificial","Buen Tiempo","S/D","S/D","Atropello","Ninguna","Faltante","Ninguna","Sin restricción"
2015,5334,23/08/2015,"Domingo",0,10:25:00,"Ruta Provincial 2","0.0",2,"Camión,Moto/Ciclomotor","Los Lapachos Y Ruta 2",2,0,1,0,1,0,0,,"Ruta",2,"SAN CRISTÓBAL","San Cristóbal","Asfalto","Pavimento","XIII","Dentro","Urbana","Ninguna","No existe","Intersección","Bueno","Buena","Diurna","Buen Tiempo","Lateral","S/D","Colisión","S/D","Vertical","Ninguna","Sin restricción"
2015,5335,17/08/2015,"Lunes",0,10:30:00,,"0.0",2,"Automóvil,Moto/Ciclomotor","Gral San Martin Y Salk",2,0,1,0,1,0,0,,"Calle",,"SAN GUILLERMO","San Cristóbal","Asfalto","Pavimento","XIII","Dentro","Urbana","Ninguna","No existe","Intersección","Bueno","Buena","Diurna","Buen Tiempo","Lateral","S/D","Colisión","Ninguna","Faltante","Ninguna","Sin restricción"
2015,5336,17/08/2015,"Lunes",0,18:15:00,,"0.0",2,"Automóvil,Vehículo Oficial","zona rural ",5,1,0,0,4,0,0,,"S/D",,"COLONIA ANA","San Cristóbal","Arena","Natural","XIII","S/D","S/D","Ninguna","No existe","Intersección","Bueno","Buena","Diurna","Buen Tiempo","Lateral","S/D","Colisión","Material Suelto","Faltante","Ninguna","Sin restricción"
2015,5337,10/08/2015,"Lunes",0,21:20:00,,"0.0",2,"Moto/Ciclomotor,Moto/Ciclomotor"," ",2,1,1,0,0,0,0,,"Calle",,"SAN GUILLERMO","San Cristóbal","Ripio","Natural","XIII","Dentro","Urbana","Ninguna","No existe","Recta","Bueno","Buena","Nocturna,Con luz artificial","Buen Tiempo","Frontal","S/D","Colisión","Ninguna","Faltante","Ninguna","Sin restricción"
2015,5338,28/08/2015,"Viernes",0,12:10:00,,"0.0",2,"Automóvil,Pickup/Utilitario","Avenida Echague Y Moreno",2,1,0,0,1,0,0,,"Calle",,"CERES","San Cristóbal","Asfalto","No existe","XIII","Dentro","Urbana","Ninguna","No existe","Intersección","Bueno","Buena","Diurna","Buen Tiempo","Lateral","S/D","Colisión","Otro","Horizontal","Ninguna","Sin restricción"
2015,5339,01/08/2015,"Sabado",0,,,"0.0",1,"Automóvil"," ",1,1,0,0,0,0,0,,"S/D",,"ARRUFÓ","San Cristóbal","S/D","S/D","XIII","S/D","S/D","S/D","S/D","S/D","S/D","S/D","S/D","S/D","S/D","S/D","S/D","S/D","S/D","S/D","S/D"
2015,5340,04/07/2015,"Sabado",0,07:15:00,,"0.0",2,"Automóvil,Automóvil","Ituzaingo Y Mitre",3,2,0,0,1,0,0,,"Calle",,"ROSARIO","Rosario","Asfalto","S/D","II","Dentro","Urbana","S/D","S/D","Intersección","Bueno","Buena","Diurna","Buen Tiempo","Lateral","S/D","Colisión","S/D","S/D","S/D","S/D"
2015,5341,31/08/2015,"Lunes",0,14:45:00,"Ruta Nacional 11","564.5",2,"Camión,Moto/Ciclomotor"," ",2,0,1,0,1,0,0,,"Ruta",11,"SAN JUSTO","San Justo","Asfalto","Ripio","XVI","Dentro","Urbana","Marca Vial","No funciona","Recta","S/D","Buena","Diurna","Buen Tiempo","Lateral","S/D","Colisión","Ninguna","S/D","Línea divisoria pintada","Sin restricción"
2015,5342,03/07/2015,"Viernes",0,18:30:00,,"0.0",2,"Peatón,Automóvil","Pasco Y Buenos Aires",2,0,1,0,1,0,0,,"Calle",,"ROSARIO","Rosario","Asfalto","No existe","II","Dentro","Urbana","Otra Señal","No existe","Intersección","Bueno","Buena","Atardecer","Buen Tiempo","S/D","S/D","Atropello","Ninguna","Horizontal","Ninguna","Sin restricción"
2015,5343,02/07/2015,"Jueves",0,19:50:00,,"0.0",2,"Moto/Ciclomotor,Automóvil","Ayacucho Y Ocampo",2,1,0,0,1,0,0,,"Calle",,"ROSARIO","Rosario","Hormigón","No existe","II","Dentro","Urbana","Ninguna","S/D","Intersección","Bueno","Buena","Diurna","Buen Tiempo","Lateral","S/D","Colisión","Ninguna","Faltante","S/D","Sin restricción"