"anio_acci","nro_acci","fecha","desc_dia","fecha_aprox","hora_aprox","desc_ruta","km","cant_participantes","desc_participante","calle_avenida_km","total","heridos_leves","heridos_graves","heridos_gravisimos","ilesos","fallecidos","sin_datos","posicion_XY","desc_tipo_via","desc_ruta_ori","desc_loc","desc_dpto","desc_tipo_calzada","desc_tipo_banquina","desc_unidad_regional","desc_lugar_calzada","desc_zona","desc_prioridad","desc_estado_semaforo","desc_lugar_via","desc_estado_via","desc_estado_visibilidad","desc_luminosidad","desc_estado_clima","desc_tipo_colision","desc_tipo_atropello","desc_tipo_hecho","desc_pres_calzada","desc_senializacion","desc_separacion_via","desc_restriccion"
2015,5344,24/08/2015,"Lunes",0,20:40:00,"Ruta Nacional 11","0.0",2,"Moto/Ciclomotor,Peatón","Rivadavia B ",2,1,0,0,1,0,0,,"Ruta",11,"SAN JUSTO","San Justo","Asfalto","Ripio","XVI","S/D","S/D","Ninguna","No existe","Recta","Bueno","Buena","Nocturna","Buen Tiempo","S/D","S/D","Atropello","Ninguna","Vertical","Línea divisoria pintada","Sin restricción"
2015,5345,28/07/2015,"Martes",0,,,"0.0",2,"Pickup/Utilitario,Automóvil","Av. Belgrano Y Cerrito",2,2,0,0,0,0,0,,"Avenida",,"ROSARIO","Rosario","Hormigón","No existe","II","Dentro","Urbana","Ninguna","No existe","Otro","Bueno","Buena","Nocturna","Buen Tiempo","Lateral","S/D","Colisión","Ninguna","Horizontal","S/D","Sin restricción"
2015,5346,14/08/2015,"Viernes",0,20:45:00,,"0.0",2,"Automóvil,Moto/Ciclomotor","Bartolome Mitre Y Garigliani",3,2,0,0,1,0,0,,"Calle",,"SUARDI","San Cristóbal","Hormigón","No existe","XIII","Dentro","Urbana","Ninguna","No existe","Intersección","Bueno","Buena","Nocturna,Con luz artificial","Buen Tiempo","Lateral","S/D","Colisión","S/D","Vertical","Ninguna","Sin restricción"
2015,5347,11/08/2015,"Martes",0,10:40:00,,"0.0",2,"Automóvil,Moto/Ciclomotor","B de Tucuman 2278",2,0,1,0,1,0,0,,"Calle",,"SAN JUSTO","San Justo","Asfalto","No existe","XVI","Dentro","Urbana","Ninguna","No existe","Recta","Bueno","Buena","Diurna","Buen Tiempo","S/D","S/D","Colisión","Ninguna","S/D","Cordón divisorio","Sin restricción"
2015,5348,11/08/2015,"Martes",0,12:30:00,,"0.0",2,"Bicicleta,Automóvil","Gral Urquiza Y M S M de Balcarce",2,1,0,0,1,0,0,,"Calle",,"SAN JUSTO","San Justo","Asfalto","No existe","XVI","S/D","Urbana","Ninguna","No existe","Intersección","Bueno","Buena","Diurna","Buen Tiempo","S/D","S/D","Atropello","Ninguna","Faltante","Cordón divisorio","Sin restricción"
2015,5349,24/07/2015,"Viernes",0,08:20:00,,"0.0",2,"Moto/Ciclomotor,Pickup/Utilitario","Viamonte Y Colon",3,1,0,0,2,0,0,,"Calle",,"ROSARIO","Rosario","Asfalto","Pavimento","II","Dentro","Urbana","S/D","No existe","Recta","Bueno","Buena","Diurna","Buen Tiempo","Lateral","S/D","Colisión","Ninguna","Vertical","Ninguna","Sin restricción"
2015,5350,28/06/2015,"Domingo",0,00:45:00,,"0.0",2,"Automóvil,Moto/Ciclomotor","Av San Martin Y Moreno",5,0,1,0,4,0,0,,"Calle",,"HUMBOLDT","Las Colonias","Hormigón","No existe","XI","Dentro","Urbana","Ninguna","No existe","Intersección","Bueno","Buena","Nocturna","Buen Tiempo","Frontal","S/D","Colisión","S/D","Faltante","Ninguna","Sin restricción"
2015,5351,08/07/2015,"Miercoles",0,16:10:00,,"0.0",2,"Automóvil,Moto/Ciclomotor","Entre Rios Y Viamonte",2,1,0,0,1,0,0,,"S/D",,"ROSARIO","Rosario","Asfalto","S/D","II","S/D","S/D","Semáforo","Funciona","Intersección","Bueno","Buena","Diurna","Buen Tiempo","Lateral","S/D","Colisión","S/D","Vertical","S/D","S/D"
2015,5352,04/08/2015,"Martes",0,19:10:00,,"0.0",2,"Moto/Ciclomotor,Moto/Ciclomotor","Santa Fe ",3,3,0,0,0,0,0,,"Calle",,"SAN GUILLERMO","San Cristóbal","Tierra","Natural","XIII","Dentro","Urbana","Ninguna","No existe","Recta","Bueno","Buena","Nocturna,Con luz artificial","Buen Tiempo","Lateral","S/D","Colisión","Ninguna","S/D","Ninguna","Sin restricción"
2015,5353,08/07/2015,"Miercoles",0,07:15:00,,"0.0",2,"Moto/Ciclomotor,Pickup/Utilitario","Bv. 27 De Febrero Y Italia",2,1,0,0,1,0,0,,"Avenida",,"ROSARIO","Rosario","Asfalto","S/D","II","Dentro","Urbana","Semáforo","Funciona","Recta","Bueno","Buena","Diurna","Buen Tiempo","De alcance","S/D","Colisión","S/D","S/D","S/D","S/D"
2015,5354,25/07/2015,"Sabado",0,23:45:00,,"0.0",2,"Automóvil,Moto/Ciclomotor","Av Beck-Herzog Y Belgrano",2,1,0,0,1,0,0,,"Calle",,"HUMBOLDT","Las Colonias","Hormigón","No existe","XI","Dentro","Urbana","Ninguna","No existe","Intersección","Bueno","Buena","Nocturna","Buen Tiempo","S/D","S/D","Colisión","S/D","Faltante","Ninguna","Sin restricción"
2015,5355,06/07/2015,"Lunes",0,12:40:00,,"0.0",2,"Automóvil,Moto/Ciclomotor","Virasoro Y Dorrego",3,1,0,0,2,0,0,,"Calle",,"ROSARIO","Rosario","Asfalto","S/D","II","Dentro","Rural","S/D","S/D","Intersección","Bueno","Buena","Diurna","Buen Tiempo","Lateral","S/D","Colisión","S/D","S/D","S/D","S/D"
2015,5356,04/08/2015,"Martes",0,18:40:00,,"0.0",2,"Moto/Ciclomotor,Automóvil","Gral San Martin ",3,2,0,0,1,0,0,,"Calle",,"SAN GUILLERMO","San Cristóbal","Asfalto","No existe","XIII","Dentro","Urbana","Ninguna","No existe","Recta","Bueno","Buena","Nocturna,Con luz artificial","Buen Tiempo","Lateral","S/D","Colisión","S/D","S/D","Ninguna","Sin restricción"
2015,5357,04/07/2015,"Sabado",0,19:50:00,,"0.0",2,"Moto/Ciclomotor,Transporte de Pasajeros Urbano (> 8 asientos)","Av. Pellegrini Y Pte.Roca",3,2,0,0,1,0,0,,"Avenida",,"ROSARIO","Rosario","Asfalto","S/D","II","Dentro","Urbana","Semáforo","Funciona","Intersección","Bueno","Buena","Nocturna,Con luz artificial","Buen Tiempo","Lateral","S/D","Colisión","S/D","Vertical","Cordón divisorio","S/D"
2015,5358,18/08/2015,"Martes",0,09:40:00,"Ruta Provincial 95","0.0",1,"Moto/Ciclomotor"," ",1,0,1,0,0,0,0,,"Ruta",95,"TOSTADO","9 de Julio","Asfalto","Natural","XII","Dentro","Rural","Ninguna","No existe","Recta","Bueno","Buena","Diurna","Buen Tiempo","S/D","S/D","Caída ocupante","S/D","Faltante","Ninguna","Sin restricción"
2015,5359,03/08/2015,"Lunes",0,09:20:00,,"0.0",2,"Pickup/Utilitario,Moto/Ciclomotor"," ",4,1,1,0,2,0,0,,"Camino Rural",,"SUARDI","San Cristóbal","Tierra","No existe","XIII","Dentro","Rural","Ninguna","No existe","Intersección","Bueno","Buena","Diurna","Buen Tiempo","Frontal","S/D","Colisión","S/D","Faltante","Ninguna","Sin restricción"
2015,5360,23/08/2015,"Domingo",0,04:45:00,"Ruta Provincial 39","4.0",2,"Automóvil,Camión"," ",3,0,1,0,2,0,0,,"Ruta",39,"ARRUFÓ","San Cristóbal","Asfalto","Natural","XIII","Dentro","Urbana","Ninguna","No existe","Recta","Con baches,Deteriorada","S/D","Nocturna","Buen Tiempo","Lateral","S/D","Colisión","S/D","Faltante","Ninguna","Sin restricción"
2015,5361,20/08/2015,"Jueves",0,10:00:00,,"0.0",2,"Moto/Ciclomotor,Automóvil","Maipu Y Bv Rivadavia",2,1,0,0,1,0,0,,"Avenida",,"SAN CRISTÓBAL","San Cristóbal","Asfalto","Pavimento","XIII","Dentro","Urbana","S/D","No existe","Intersección","Bueno","Buena","Diurna","Buen Tiempo","Lateral","S/D","Colisión","S/D","Horizontal","Ninguna","Sin restricción"
2015,5362,21/07/2015,"Martes",0,19:30:00,,"0.0",2,"Moto/Ciclomotor,Transporte de Pasajeros Urbano (> 8 asientos)","Colon Y Ituzaingo",2,0,0,1,0,0,1,,"Calle",,"ROSARIO","Rosario","Asfalto","No existe","II","Dentro","Urbana","Ninguna","No existe","Intersección","Bueno","Buena","Atardecer","Buen Tiempo","Lateral","S/D","Colisión","Ninguna","Faltante","Ninguna","Sin restricción"
2015,5363,10/07/2015,"Viernes",0,08:30:00,,"0.0",2,"Automóvil,Pickup/Utilitario","Necochea Y Cerrito",3,2,0,0,1,0,0,,"Calle",,"ROSARIO","Rosario","Asfalto","Pavimento","II","Dentro","Urbana","S/D","S/D","Intersección","Bueno","Buena","Diurna","Buen Tiempo","Lateral","S/D","Colisión","Ninguna","S/D","Ninguna","Sin restricción"
2015,5364,12/07/2015,"Domingo",0,18:30:00,,"0.0",2,"Moto/Ciclomotor,Automóvil","Riobamba Y Ayacucho",2,1,0,0,1,0,0,,"Calle",,"ROSARIO","Rosario","Asfalto","No existe","II","Dentro","Urbana","Señal Ceda el Paso","No existe","Intersección","Bueno","Buena","Atardecer","Buen Tiempo","Lateral","S/D","Colisión","Ninguna","Horizontal","Ninguna","Sin restricción"
2015,5365,01/07/2015,"Miercoles",0,17:15:00,,"0.0",2,"Bicicleta,Automóvil","La Paz Y Necochea",2,1,0,0,1,0,0,,"Calle",,"ROSARIO","Rosario","Asfalto","No existe","II","Dentro","Urbana","Señal Pare","No existe","Intersección","Bueno","Buena","Atardecer","Buen Tiempo","S/D","S/D","Atropello","Ninguna","Vertical","Ninguna","Sin restricción"
2015,5366,23/01/2015,"Viernes",0,22:00:00,"Ruta Nacional 11","406.0",2,"Moto/Ciclomotor,Automóvil"," ",2,0,1,0,1,0,0,,"Ruta",11,"SAN FABIÁN","San Jerónimo","Asfalto","Natural","XV","Dentro","S/D","S/D","S/D","Recta","S/D","S/D","Nocturna","S/D","De alcance","S/D","Colisión","S/D","S/D","S/D","S/D"
2015,5367,24/01/2015,"Sabado",0,02:55:00,,"0.0",1,"Moto/Ciclomotor","G Rawson 630",1,1,0,0,0,0,0,,"Calle",,"CARLOS PELLEGRINI","San Martín","Hormigón","S/D","XVIII","Dentro","Urbana","S/D","S/D","Recta","S/D","S/D","Nocturna","S/D","Contra objeto fijo","S/D","Colisión","S/D","S/D","S/D","S/D"
2015,5368,24/01/2015,"Sabado",0,13:30:00,,"0.0",2,"Pickup/Utilitario,Vehículo Oficial","Esperanza Y Libertad",4,3,0,0,1,0,0,,"Calle",,"SANTO TOMÉ","La Capital","Hormigón","S/D","I","Dentro","Urbana","S/D","S/D","S/D","S/D","S/D","Diurna","S/D","S/D","S/D","Colisión","S/D","S/D","S/D","S/D"
2015,5369,25/01/2015,"Domingo",0,09:00:00,"Ruta Nacional 11","0.0",1,"Vehículo Oficial","Av Blas Parera 8200",1,1,0,0,0,0,0,,"Ruta",11,"SANTA FE","La Capital","Hormigón","S/D","I","Fuera","Urbana","S/D","S/D","S/D","S/D","S/D","Diurna","S/D","Contra objeto fijo","S/D","Colisión,Incendio","S/D","S/D","S/D","S/D"
2015,5370,28/01/2015,"Miercoles",0,10:00:00,,"0.0",2,"Moto/Ciclomotor,Moto/Ciclomotor","Urquiza Y Tte.Agneta",3,1,2,0,0,0,0,,"Calle",,"ROSARIO","Rosario","Hormigón","S/D","II","Dentro","Urbana","S/D","S/D","S/D","S/D","S/D","Diurna","S/D","S/D","S/D","Colisión","S/D","S/D","S/D","S/D"
2015,5371,29/01/2015,"Jueves",0,17:00:00,"Ruta Provincial 32","0.0",2,"Peatón,Vehículo Oficial","PASANDO EL ULTIMO PUENTE ZONA INDUSTRIAL ",4,0,1,0,3,0,0,,"Ruta",32,"VILLA OCAMPO","General Obligado","S/D","S/D","IX","S/D","Rural","S/D","S/D","S/D","S/D","S/D","Diurna","S/D","S/D","S/D","Atropello","S/D","S/D","S/D","S/D"
2015,5372,30/01/2015,"Viernes",0,06:10:00,"Autopista Provincial Brigadier E.López","123.0",2,"Transporte de Pasajeros Larga Distancia (> 8 asientos),Camión"," ",58,6,0,0,52,0,0,,"Autopista","Brigadier E.López","DESVÍO ARIJÓN","San Jerónimo","Asfalto","Natural","XV","Dentro","Rural","S/D","S/D","S/D","S/D","S/D","Amanecer","S/D","S/D","S/D","Colisión","S/D","Horizontal,Vertical","S/D","S/D"
2015,5373,15/08/2015,"Sabado",0,20:40:00,"Ruta Nacional 177","4.0",3,"Automóvil,Automóvil,Automóvil"," ",3,1,0,0,2,0,0,,"Ruta",177,"VILLA CONSTITUCIÓN","Constitución","Asfalto","Pavimento","VI","Dentro","Urbana","Ninguna","No existe","Recta","Bueno","Buena","Diurna","Buen Tiempo","Múltiple","S/D","Colisión","Ninguna","Faltante","Ninguna","Sin restricción"
2015,5374,06/08/2015,"Jueves",0,10:15:00,,"0.0",2,"Moto/Ciclomotor,Moto/Ciclomotor","Independencia Y Bv R S Pe±a",3,1,0,0,2,0,0,,"Calle",,"SAN JUSTO","San Justo","Asfalto","No existe","XVI","Dentro","Urbana","Ninguna","No existe","Intersección","Bueno","Buena","Diurna","Buen Tiempo","De alcance","S/D","Colisión","Ninguna","S/D","Cordón divisorio","Sin restricción"
2015,5375,15/08/2015,"Sabado",0,,,"0.0",2,"Moto/Ciclomotor,Automóvil","Catamarca Y Independencia",3,2,0,0,1,0,0,,"Calle",,"VILLA CONSTITUCIÓN","Constitución","Asfalto","Pavimento","VI","Dentro","Urbana","Ninguna","No existe","Intersección","Bueno","Buena","Diurna","Buen Tiempo","Lateral","S/D","Colisión","Ninguna","Faltante","Ninguna","Sin restricción"
2015,5376,03/08/2015,"Lunes",0,,,"0.0",2,"Moto/Ciclomotor,Automóvil","Juan Jose de Urquiza Y San Juan",2,1,0,0,1,0,0,,"Calle",,"VILLA CONSTITUCIÓN","Constitución","Asfalto","Pavimento","VI","Dentro","Urbana","Ninguna","No existe","Intersección","Bueno","Buena","Diurna","Buen Tiempo","Lateral","S/D","Colisión","Ninguna","Faltante","Ninguna","Sin restricción"
2015,5377,29/08/2015,"Sabado",0,17:00:00,,"0.0",2,"Moto/Ciclomotor,Moto/Ciclomotor","9 de Julio Y Santa Fe",3,2,0,0,1,0,0,,"Avenida",,"SAN JUSTO","San Justo","Asfalto","No existe","XVI","S/D","Urbana","Ninguna","No existe","Intersección","Bueno","Buena","Diurna","Buen Tiempo","De alcance","S/D","Colisión","Ninguna","Vertical","Línea divisoria pintada","Sin restricción"
2015,5378,15/08/2015,"Sabado",0,17:30:00,,"0.0",2,"Bicicleta,Moto/Ciclomotor","Avelleneda Y 12 de Octubre",3,1,0,0,2,0,0,,"Calle",,"VILLA CONSTITUCIÓN","Constitución","Asfalto","Pavimento","VI","Dentro","Urbana","Ninguna","No existe","Intersección","Bueno","Buena","Diurna","Buen Tiempo","S/D","S/D","Atropello","Ninguna","Faltante","Ninguna","Sin restricción"
2015,5379,14/08/2015,"Viernes",0,,,"0.0",2,"Moto/Ciclomotor,Automóvil","Lisandro de la Torre Y Guillermo Brown",2,1,0,0,1,0,0,,"Calle",,"VILLA CONSTITUCIÓN","Constitución","Asfalto","Pavimento","VI","Dentro","Urbana","Ninguna","No existe","Intersección","Bueno","Buena","Diurna","Buen Tiempo","Lateral","S/D","Colisión","Ninguna","Faltante","Ninguna","Sin restricción"
2015,5380,23/08/2015,"Domingo",0,20:50:00,,"0.0",2,"Automóvil,Moto/Ciclomotor","14 de Febrero Y Buenos Aires",2,1,0,0,1,0,0,,"Avenida",,"VILLA CONSTITUCIÓN","Constitución","Asfalto","No existe","VI","Dentro","Urbana","Señal Ceda el Paso","No existe","Intersección","Bueno","Buena","Diurna","Buen Tiempo","De alcance","S/D","Colisión","S/D","Faltante","Ninguna","Sin restricción"
2015,5381,02/08/2015,"Domingo",0,09:10:00,"Ruta Provincial 39","5.0",1,"Automóvil"," ",2,2,0,0,0,0,0,,"Ruta",39,"SAN CRISTÓBAL","San Cristóbal","Asfalto","Natural","XIII","Fuera","Rural","Ninguna","No existe","Recta","Bueno","Buena","Diurna","Buen Tiempo","S/D","S/D","Vuelco","Otro","Faltante","Ninguna","Sin restricción"
2015,5382,13/08/2015,"Jueves",0,19:00:00,,"0.0",2,"Automóvil,Automóvil","14 de Febrero Y Moreno",3,1,0,0,2,0,0,,"Calle",,"VILLA CONSTITUCIÓN","Constitución","Asfalto","Pavimento","VI","Dentro","Urbana","Ninguna","No existe","Recta","Bueno","Buena","Diurna","Buen Tiempo","Lateral","S/D","Colisión","Ninguna","Faltante","Ninguna","S/D"
2015,5384,03/07/2015,"Viernes",0,18:45:00,,"0.0",2,"Moto/Ciclomotor,Automóvil","Bv. Segui Y Constitucion",2,1,0,0,1,0,0,,"Calle",,"ROSARIO","Rosario","Asfalto","No existe","II","Dentro","Urbana","Ninguna","No existe","Intersección","Bueno","Buena","Atardecer","Buen Tiempo","Frontal","S/D","Colisión","S/D","Faltante","Cordón divisorio","Sin restricción"
2015,5385,01/08/2015,"Sabado",0,18:45:00,,"0.0",2,"Moto/Ciclomotor,Moto/Ciclomotor","Caseros Y Gral Alvear",3,1,0,0,2,0,0,,"Calle",,"SAN CRISTÓBAL","San Cristóbal","Hormigón","S/D","XIII","Dentro","Urbana","Semáforo","Funciona","Intersección","Bueno","Buena","Atardecer","Buen Tiempo","Lateral","S/D","Colisión","Ninguna","Vertical","S/D","Sin restricción"
2015,5386,23/08/2015,"Domingo",0,,,"0.0",2,"Automóvil,Automóvil","Manuel Dorrego Y Cordoba",2,1,0,0,1,0,0,,"Calle",,"VILLA CONSTITUCIÓN","Constitución","Hormigón","Pavimento","VI","Dentro","Urbana","Ninguna","No existe","Intersección","Bueno","Buena","Diurna","Buen Tiempo","Lateral","S/D","Colisión","Ninguna","Faltante","Ninguna","Sin restricción"
2015,5387,12/08/2015,"Miercoles",0,,,"0.0",2,"Moto/Ciclomotor,Automóvil","Chaco Y Manuel Dorrego",2,1,0,0,1,0,0,,"Calle",,"VILLA CONSTITUCIÓN","Constitución","Asfalto","Pavimento","VI","Dentro","Urbana","Ninguna","No existe","Intersección","Bueno","Buena","Diurna","Buen Tiempo","Lateral","S/D","Colisión","Ninguna","Faltante","Ninguna","Sin restricción"
2015,5388,01/07/2015,"Miercoles",0,10:00:00,,"0.0",2,"Moto/Ciclomotor,Pickup/Utilitario","24 De Setiembre Y Iriondo",2,1,0,0,1,0,0,,"Calle",,"ROSARIO","Rosario","Asfalto","No existe","II","Dentro","Urbana","Ninguna","No existe","Intersección","Deteriorada","Buena","Diurna","Buen Tiempo","Frontal","S/D","Colisión","S/D","Faltante","Cordón divisorio","Sin restricción"
2015,5389,23/08/2015,"Domingo",0,18:00:00,,"0.0",2,"Automóvil,Automóvil","Acevedo bis Y Rivadavia",2,1,0,0,1,0,0,,"Avenida",,"VILLA CONSTITUCIÓN","Constitución","Asfalto","Pavimento","VI","Dentro","Urbana","Ninguna","No existe","Intersección","Bueno","Buena","Diurna","Buen Tiempo","Frontal","S/D","Colisión","Ninguna","Faltante","Ninguna","Sin restricción"
2015,5390,24/07/2015,"Viernes",0,21:55:00,,"0.0",2,"Moto/Ciclomotor,Automóvil","Av. Battle y Ordoñez Y Italia",2,1,0,0,1,0,0,,"Avenida",,"ROSARIO","Rosario","Asfalto","No existe","II","S/D","Urbana","Semáforo","Funciona","Intersección","Bueno","Buena","Nocturna,Con luz artificial","Buen Tiempo","Lateral","S/D","Colisión","S/D","Vertical","Cordón divisorio","Sin restricción"
2015,5391,04/07/2015,"Sabado",0,04:25:00,,"0.0",2,"Pickup/Utilitario,Automóvil","L.N.Alem Y Viamonte",3,3,0,0,0,0,0,,"Calle",,"ROSARIO","Rosario","Asfalto","No existe","II","Dentro","Urbana","Semáforo","Intermitente","Intersección","Bueno","Buena","Con luz artificial","Buen Tiempo","Lateral","S/D","Colisión","Ninguna","Vertical","Ninguna","Sin restricción"
2015,5392,24/07/2015,"Viernes",0,18:05:00,,"0.0",2,"Moto/Ciclomotor,Automóvil","Bv. Oroño Y Av. Uriburu",2,1,0,0,1,0,0,,"Avenida",,"ROSARIO","Rosario","Asfalto","No existe","II","S/D","Urbana","Semáforo","Funciona","Rotonda","Bueno","Buena","Atardecer","Buen Tiempo","Lateral","S/D","Colisión","S/D","Vertical","Cordón divisorio","Sin restricción"
2015,5393,04/07/2015,"Sabado",0,15:20:00,,"0.0",2,"Moto/Ciclomotor,Automóvil","1 de Mayo Y La Paz",2,1,0,0,1,0,0,,"Calle",,"ROSARIO","Rosario","Asfalto","Pavimento","II","Dentro","Urbana","S/D","S/D","Intersección","Bueno","Buena","Diurna","Buen Tiempo","Lateral","S/D","Colisión","Ninguna","S/D","Ninguna","Sin restricción"
2015,5394,25/08/2015,"Martes",0,19:20:00,,"0.0",2,"Peatón,Moto/Ciclomotor","San Martin Y Cordoba",2,2,0,0,0,0,0,,"Avenida",,"VILLA CONSTITUCIÓN","Constitución","Asfalto","Pavimento","VI","Dentro","Urbana","Ninguna","No existe","Intersección","Bueno","Buena","Diurna","Buen Tiempo","Lateral","S/D","Atropello","Ninguna","Faltante","Ninguna","Sin restricción"
2015,5395,11/07/2015,"Sabado",0,11:50:00,,"0.0",2,"Automóvil,Automóvil","L.N.Alem Y Pasco",2,1,0,0,1,0,0,,"Calle",,"ROSARIO","Rosario","Asfalto","Pavimento","II","Dentro","Urbana","S/D","S/D","Curva","Bueno","Buena","Diurna","Buen Tiempo","De alcance","S/D","Colisión","Ninguna","S/D","Ninguna","Sin restricción"
2015,5396,01/07/2015,"Miercoles",0,13:30:00,,"0.0",2,"Moto/Ciclomotor,Pickup/Utilitario","Av. Uriburu Y Ricchieri",2,1,0,0,1,0,0,,"Calle",,"ROSARIO","Rosario","Asfalto","No existe","II","Dentro","Urbana","Ninguna","No existe","Intersección","Bueno","Buena","Diurna","Buen Tiempo","Lateral","S/D","Colisión","S/D","Faltante","Cordón divisorio","Sin restricción"
2015,5397,23/07/2015,"Jueves",0,05:35:00,,"0.0",2,"Moto/Ciclomotor,Automóvil","Av. Battle y Ordoñez Y Balcarce",3,2,0,0,1,0,0,,"Avenida",,"ROSARIO","Rosario","Asfalto","No existe","II","S/D","Urbana","Semáforo","Funciona","Intersección","Bueno","Buena","Nocturna,Con luz artificial","Buen Tiempo","Lateral","S/D","Colisión","S/D","Vertical","Cordón divisorio","Sin restricción"
2015,5398,08/07/2015,"Miercoles",0,15:15:00,,"0.0",2,"Moto/Ciclomotor,Automóvil","Av. Battle y Ordoñez Y Av. Corrientes",3,2,0,0,1,0,0,,"Avenida",,"ROSARIO","Rosario","Asfalto","No existe","II","Dentro","Urbana","Ninguna","No existe","Intersección","Bueno","Buena","Diurna","Otro","Lateral","S/D","Colisión","Ninguna","Horizontal","Cordón divisorio","Sin restricción"
2015,5399,18/08/2015,"Martes",0,10:15:00,,"0.0",2,"Moto/Ciclomotor,Pickup/Utilitario","Lavalle Y Gaboto",2,1,0,0,1,0,0,,"Calle",,"ROSARIO","Rosario","Asfalto","No existe","II","Dentro","Urbana","Ninguna","No existe","Intersección","Bueno","Buena","Diurna","Buen Tiempo","Lateral","S/D","Colisión","S/D","Faltante","Cordón divisorio","Sin restricción"
2015,5400,06/07/2015,"Lunes",0,11:00:00,,"0.0",2,"Automóvil,Automóvil","Callao Y Manfredi",2,1,0,0,1,0,0,,"Calle",,"ROSARIO","Rosario","Asfalto","No existe","II","S/D","Urbana","Ninguna","No existe","Intersección","Bueno","Buena","Diurna","Buen Tiempo","Lateral","S/D","Colisión","S/D","Faltante","Ninguna","Sin restricción"
2015,5401,02/08/2015,"Domingo",0,22:20:00,,"0.0",2,"Moto/Ciclomotor,Automóvil","14 de Febrero Y Juan Jose de Urquiza",2,1,0,0,1,0,0,,"Avenida",,"VILLA CONSTITUCIÓN","Constitución","Asfalto","Pavimento","VI","Dentro","Urbana","Ninguna","No existe","Intersección","Bueno","Buena","Diurna","Buen Tiempo","Frontal","S/D","Colisión","Ninguna","Faltante","Ninguna","Sin restricción"
2015,5402,16/08/2015,"Domingo",0,17:50:00,,"0.0",2,"Moto/Ciclomotor,Automóvil","Uruguay 4200",3,2,0,0,1,0,0,,"Calle",,"ROSARIO","Rosario","Asfalto","No existe","II","Dentro","Urbana","Ninguna","No existe","Intersección","Bueno","Buena","Atardecer","Buen Tiempo","S/D","S/D","Colisión","S/D","Faltante","Cordón divisorio","Sin restricción"
2015,5403,28/08/2015,"Viernes",0,11:00:00,,"0.0",2,"Moto/Ciclomotor,Automóvil","Sarmiento Y Cordoba",2,1,0,0,1,0,0,,"Calle",,"VILLA CONSTITUCIÓN","Constitución","Asfalto","Pavimento","VI","Dentro","Urbana","Ninguna","No existe","Intersección","Bueno","Buena","Diurna","Buen Tiempo","Frontal","S/D","Colisión","Ninguna","Faltante","Ninguna","Sin restricción"
2015,5404,02/08/2015,"Domingo",0,,,"0.0",2,"Moto/Ciclomotor,Automóvil","Libertad 1400",2,1,0,0,1,0,0,,"Calle",,"VILLA CONSTITUCIÓN","Constitución","Hormigón","Pavimento","VI","Dentro","Urbana","Ninguna","No existe","Recta","Bueno","Buena","Diurna","Buen Tiempo","De alcance","S/D","Atropello","Ninguna","Faltante","Ninguna","Sin restricción"
2015,5405,06/08/2015,"Jueves",0,10:20:00,"Ruta Provincial 21","0.0",2,"Bicicleta,Automóvil"," ",2,1,0,0,1,0,0,,"Ruta",21,"VILLA CONSTITUCIÓN","Constitución","Asfalto","Pavimento","VI","Dentro","Urbana","Ninguna","No existe","Recta","Bueno","Buena","Diurna","Buen Tiempo","S/D","S/D","Atropello","Ninguna","Faltante","Ninguna","Sin restricción"
2015,5406,18/07/2015,"Sabado",0,01:40:00,,"0.0",2,"Moto/Ciclomotor,Automóvil","Av. Battle y Ordoñez Y Paraguay",2,1,0,0,1,0,0,,"Avenida",,"ROSARIO","Rosario","Asfalto","No existe","II","Dentro","Urbana","Ninguna","No existe","Intersección","Bueno","Reducida","Nocturna","Otro","Lateral","S/D","Colisión","Ninguna","Horizontal","Cordón divisorio","Sin restricción"
2015,5407,15/08/2015,"Sabado",0,14:30:00,,"0.0",2,"Peatón,Automóvil","Alsina 3400",2,1,0,0,1,0,0,,"Calle",,"ROSARIO","Rosario","Asfalto","No existe","II","Dentro","Urbana","Ninguna","No existe","Recta","Bueno","Buena","Diurna","Buen Tiempo","S/D","S/D","Atropello","S/D","Faltante","Cordón divisorio","Sin restricción"
2015,5408,08/08/2015,"Sabado",0,11:30:00,,"0.0",2,"Peatón,Automóvil","Av. del Trabajo Y Independencia",2,1,0,0,1,0,0,,"Avenida",,"VILLA CONSTITUCIÓN","Constitución","Asfalto","Pavimento","VI","Dentro","Urbana","Ninguna","No existe","Recta","Bueno","Buena","Diurna","Buen Tiempo","S/D","S/D","Atropello","S/D","Faltante","Ninguna","Sin restricción"
2015,5409,20/07/2015,"Lunes",0,20:30:00,,"0.0",2,"Peatón,Transporte de Pasajeros Urbano (> 8 asientos)","Rafael Arrieta Y Av. Bermudez",2,1,0,0,1,0,0,,"Avenida",,"ROSARIO","Rosario","Asfalto","No existe","II","Dentro","Urbana","Ninguna","No existe","Recta","Bueno","S/D","Nocturna","Buen Tiempo","S/D","S/D","Caída ocupante","Ninguna","Horizontal","Ninguna","Sin restricción"
2015,5410,15/08/2015,"Sabado",0,12:00:00,"Ruta Nacional 177","0.0",2,"Moto/Ciclomotor,Pickup/Utilitario","Presidente Peron Y Saavedra",2,1,0,0,1,0,0,,"Ruta",177,"VILLA CONSTITUCIÓN","Constitución","Asfalto","S/D","VI","Dentro","Urbana","Semáforo","S/D","Intersección","Bueno","S/D","Diurna","Buen Tiempo","Lateral","S/D","Colisión","Ninguna","Horizontal,Vertical","Ninguna","Sin restricción"