"anio_acci","nro_acci","fecha","desc_dia","fecha_aprox","hora_aprox","desc_ruta","km","cant_participantes","desc_participante","calle_avenida_km","total","heridos_leves","heridos_graves","heridos_gravisimos","ilesos","fallecidos","sin_datos","posicion_XY","desc_tipo_via","desc_ruta_ori","desc_loc","desc_dpto","desc_tipo_calzada","desc_tipo_banquina","desc_unidad_regional","desc_lugar_calzada","desc_zona","desc_prioridad","desc_estado_semaforo","desc_lugar_via","desc_estado_via","desc_estado_visibilidad","desc_luminosidad","desc_estado_clima","desc_tipo_colision","desc_tipo_atropello","desc_tipo_hecho","desc_pres_calzada","desc_senializacion","desc_separacion_via","desc_restriccion"
2015,5411,15/08/2015,"Sabado",0,,"Ruta Nacional 177","4.0",1,"Automóvil"," ",1,1,0,0,0,0,0,,"Ruta",177,"VILLA CONSTITUCIÓN","Constitución","Asfalto","Pavimento","VI","Dentro","Urbana","Ninguna","No existe","Recta","Bueno","Buena","Diurna","Buen Tiempo","S/D","S/D","Vuelco","S/D","Faltante","Ninguna","Sin restricción"
2015,5412,12/08/2015,"Miercoles",0,,,"0.0",2,"Automóvil,Automóvil","Moreno Y Corrientes",2,1,0,0,1,0,0,,"Calle",,"VILLA CONSTITUCIÓN","Constitución","Asfalto","Pavimento","VI","Dentro","Urbana","Ninguna","No existe","Intersección","Bueno","Buena","Diurna","Buen Tiempo","Frontal","S/D","Colisión","Ninguna","Faltante","Ninguna","Sin restricción"
2015,5413,27/06/2015,"Sabado",0,17:45:00,,"0.0",2,"Moto/Ciclomotor,Peatón","12 de Octubre 2100",3,1,0,0,2,0,0,,"Calle",,"HUMBOLDT","Las Colonias","Hormigón","No existe","XI","S/D","Urbana","Ninguna","No existe","Recta","Bueno","Buena","Atardecer","Buen Tiempo","S/D","S/D","Atropello","Ninguna","Faltante","Ninguna","Sin restricción"
2015,5414,30/01/2015,"Viernes",0,22:15:00,,"0.0",2,"Moto/Ciclomotor,Automóvil","J.B.Justo 2800",2,1,0,0,0,0,1,,"Calle",,"ROSARIO","Rosario","S/D","S/D","II","Dentro","Urbana","S/D","S/D","S/D","S/D","S/D","S/D","S/D","S/D","S/D","Colisión","S/D","S/D","S/D","S/D"
2015,5415,31/01/2015,"Sabado",0,20:20:00,"Ruta Provincial Brigadier E.López","143.0",1,"Moto/Ciclomotor"," ",1,1,0,0,0,0,0,,"Ruta","Brigadier E.López","SAUCE VIEJO","La Capital","Asfalto","Natural","I","S/D","S/D","S/D","S/D","S/D","S/D","S/D","Nocturna","S/D","S/D","S/D","Caída ocupante","S/D","S/D","S/D","S/D"
2015,5416,30/01/2015,"Viernes",0,17:30:00,"Autopista Provincial Brigadier E.López","18.0",1,"Automóvil"," ",1,0,0,0,0,0,1,,"Autopista","Brigadier E.López","SAN LORENZO","San Lorenzo","Asfalto","Natural","XVII","Dentro","S/D","S/D","S/D","S/D","S/D","S/D","Atardecer","S/D","S/D","S/D","Vuelco","S/D","S/D","S/D","S/D"
2015,5417,31/01/2015,"Sabado",0,,,"0.0",2,"Moto/Ciclomotor,Automóvil","Monteagudo Bis Y Biarritz",2,1,0,0,1,0,0,,"Calle",,"ROSARIO","Rosario","Asfalto","S/D","II","S/D","Urbana","S/D","S/D","S/D","S/D","S/D","S/D","S/D","S/D","S/D","Colisión","S/D","S/D","S/D","S/D"
2015,5419,28/01/2015,"Miercoles",0,13:10:00,"Ruta Nacional 11","0.0",1,"Moto/Ciclomotor"," ",2,2,0,0,0,0,0,,"Ruta",11,"RECREO","La Capital","Asfalto","Natural","I","S/D","S/D","S/D","S/D","S/D","S/D","S/D","Diurna","S/D","S/D","S/D","Caída ocupante","S/D","S/D","S/D","S/D"
2015,5420,06/07/2015,"Lunes",0,13:20:00,,"0.0",2,"Moto/Ciclomotor,Automóvil","J.M.Gutierrez Y Pueyrredon",2,1,0,0,1,0,0,,"Calle",,"ROSARIO","Rosario","Asfalto","No existe","II","S/D","Urbana","Ninguna","No funciona","Intersección","Bueno","Buena","Diurna","Buen Tiempo","Lateral","S/D","Colisión","S/D","Faltante","Ninguna","Sin restricción"
2015,5421,15/08/2015,"Sabado",0,12:00:00,,"0.0",2,"Moto/Ciclomotor,Pickup/Utilitario","Presidente Peron Y Saavedra",2,1,0,0,1,0,0,,"Calle",,"VILLA CONSTITUCIÓN","Constitución","Asfalto","S/D","VI","Dentro","Urbana","Semáforo","S/D","Intersección","Bueno","S/D","Diurna","Buen Tiempo","Lateral","S/D","Colisión","S/D","Horizontal,Vertical","Ninguna","Sin restricción"
2015,5422,20/08/2015,"Jueves",0,00:15:00,,"0.0",2,"Moto/Ciclomotor,Automóvil","Bv. Segui Y Av. Ovidio Lagos",2,1,0,0,1,0,0,,"Avenida",,"ROSARIO","Rosario","Asfalto","No existe","II","Dentro","Urbana","Semáforo","Funciona","Intersección","Bueno","Buena","Nocturna","Buen Tiempo","Lateral","S/D","Colisión","Ninguna","Faltante","Barrera de hormigón","Sin restricción"
2015,5423,21/08/2015,"Viernes",0,11:15:00,,"0.0",1,"Moto/Ciclomotor","San Martin Y Echeverria",1,1,0,0,0,0,0,,"Calle",,"VILLA CONSTITUCIÓN","Constitución","Asfalto","Natural","VI","Dentro","Urbana","Ninguna","S/D","Recta","Bueno","Buena","Diurna","Buen Tiempo","Contra objeto fijo","S/D","Colisión","Ninguna","S/D","Vegetación","Sin restricción"
2015,5424,21/08/2015,"Viernes",0,13:00:00,,"0.0",2,"Moto/Ciclomotor,Automóvil","Independencia Y French",2,1,0,0,1,0,0,,"Calle",,"VILLA CONSTITUCIÓN","Constitución","Asfalto","Pavimento","VI","Dentro","Urbana","Ninguna","No existe","Intersección","Bueno","Buena","Diurna","Buen Tiempo","Lateral","S/D","Colisión","S/D","Faltante","Ninguna","Sin restricción"
2015,5425,02/08/2015,"Domingo",0,14:30:00,,"0.0",2,"Peatón,Moto/Ciclomotor","Vera Mujica 3100",2,1,0,0,1,0,0,,"Calle",,"ROSARIO","Rosario","Asfalto","No existe","XVII","Dentro","Urbana","Ninguna","No existe","Recta","Bueno","Buena","Diurna","Buen Tiempo","S/D","S/D","Atropello","S/D","Faltante","Barrera de hormigón","Sin restricción"
2015,5426,20/07/2015,"Lunes",0,22:30:00,,"0.0",2,"Peatón,Moto/Ciclomotor","Av. Battle y Ordoñez Y España",3,2,0,0,0,0,1,,"Avenida",,"ROSARIO","Rosario","Asfalto","No existe","II","Dentro","Urbana","Ninguna","Funciona","Recta","Bueno","Reducida","Nocturna","Buen Tiempo","S/D","S/D","Atropello","S/D","Vertical","Cordón divisorio","Sin restricción"
2015,5427,21/08/2015,"Viernes",0,,,"0.0",2,"Bicicleta,Automóvil","Coronel Dorrego Y Salta",2,1,0,0,1,0,0,,"Calle",,"VILLA CONSTITUCIÓN","Constitución","Asfalto","Pavimento","VI","Dentro","Urbana","Ninguna","No existe","Intersección","Bueno","Buena","Diurna","Buen Tiempo","Lateral","S/D","Atropello","S/D","Faltante","Ninguna","Sin restricción"
2015,5428,06/07/2015,"Lunes",0,12:15:00,,"0.0",3,"Pickup/Utilitario,Automóvil,Camión","Av. Ovidio Lagos 6950",5,1,0,0,4,0,0,,"Avenida",,"ROSARIO","Rosario","Asfalto","Natural","II","S/D","Urbana","Ninguna","No existe","Recta","Bueno","Buena","Diurna","Buen Tiempo","De alcance","S/D","Colisión","S/D","Faltante","Ninguna","Sin restricción"
2015,5429,20/07/2015,"Lunes",0,20:55:00,,"0.0",1,"Pickup/Utilitario","Av. Arijon Y España",3,3,0,0,0,0,0,,"Avenida",,"ROSARIO","Rosario","Asfalto","No existe","II","Fuera","Urbana","Ninguna","Funciona","Intersección","Bueno","Buena","Nocturna","Otro","Contra objeto fijo","S/D","Colisión","Ninguna","Vertical","Línea divisoria pintada","Sin restricción"
2015,5430,20/08/2015,"Jueves",0,,,"0.0",2,"Moto/Ciclomotor,Automóvil","Independencia ",3,1,0,0,2,0,0,,"Calle",,"VILLA CONSTITUCIÓN","Constitución","Asfalto","Pavimento","VI","Dentro","Urbana","Ninguna","No existe","Intersección","Bueno","Buena","Diurna","Buen Tiempo","Frontal","S/D","Colisión","S/D","Faltante","Ninguna","Sin restricción"
2015,5431,10/07/2015,"Viernes",0,06:45:00,,"0.0",2,"Automóvil,Moto/Ciclomotor","Ombu Y Av. Ovidio Lagos",2,1,0,0,1,0,0,,"Calle",,"ROSARIO","Rosario","Asfalto","Natural","II","S/D","Urbana","Ninguna","No existe","Recta","Bueno","Buena","Nocturna","Buen Tiempo","De alcance","S/D","Colisión","S/D","Faltante","Ninguna","Sin restricción"
2015,5432,08/08/2015,"Sabado",0,18:00:00,,"0.0",2,"Moto/Ciclomotor,Automóvil","Avenida Centenario 598",2,1,0,0,1,0,0,,"Calle",,"PEYRANO","Constitución","Asfalto","Pavimento","VI","Dentro","Urbana","Policía de tránsito","No existe","Intersección","Bueno","Buena","Diurna","Buen Tiempo","Lateral","S/D","Colisión","Agua","S/D","Barrera de hormigón","Sin restricción"
2015,5433,21/08/2015,"Viernes",0,11:45:00,,"0.0",2,"Automóvil,Automóvil","Manuel Dorrego Y Chubut",2,1,0,0,1,0,0,,"Calle",,"VILLA CONSTITUCIÓN","Constitución","Asfalto","No existe","VI","Dentro","Urbana","Ninguna","No existe","Intersección","Bueno","Buena","Diurna","Buen Tiempo","Lateral","S/D","Colisión","Ninguna","S/D","S/D","Sin restricción"
2015,5434,03/07/2015,"Viernes",0,15:00:00,,"0.0",2,"Pickup/Utilitario,Automóvil","Av. Ovidio Lagos 6000",3,2,0,0,1,0,0,,"Avenida",,"ROSARIO","Rosario","Asfalto","Natural","II","S/D","S/D","Semáforo","Funciona","Recta","Bueno","Buena","Diurna","Buen Tiempo","De alcance","S/D","Colisión","S/D","Vertical","Ninguna","Sin restricción"
2015,5435,10/08/2015,"Lunes",0,21:10:00,,"0.0",2,"Moto/Ciclomotor,Automóvil","Luzuriaga Y D Peña",2,1,0,0,1,0,0,,"Calle",,"VILLA CONSTITUCIÓN","Constitución","Asfalto","No existe","VI","Dentro","Urbana","S/D","S/D","Intersección","Bueno","S/D","Nocturna","Buen Tiempo","Lateral","S/D","Colisión","Ninguna","Faltante","S/D","Sin restricción"
2015,5436,09/08/2015,"Domingo",0,10:45:00,"Ruta Provincial 21","0.0",2,"Automóvil,Automóvil"," ",5,2,2,0,1,0,0,,"Ruta",21,"VILLA CONSTITUCIÓN","Constitución","Asfalto","Natural","VI","Dentro","Urbana","Ninguna","No existe","Recta","Resbaladiza","Reducida","Diurna","Lluvia","Frontal","S/D","Colisión","Agua","S/D","Vegetación","Sin restricción"
2015,5437,18/07/2015,"Sabado",0,23:45:00,,"0.0",2,"Automóvil,Automóvil","Av. Ovidio Lagos Y Av. Circunvalacion",3,1,0,0,2,0,0,,"Avenida",,"ROSARIO","Rosario","Asfalto","Natural","II","S/D","Urbana","Ninguna","No existe","Recta","Bueno","Buena","Nocturna","Buen Tiempo","De alcance","S/D","Colisión","S/D","Faltante","Ninguna","Sin restricción"
2015,5438,23/07/2015,"Jueves",0,05:45:00,,"0.0",2,"Automóvil,Moto/Ciclomotor","Av. Ovidio Lagos 7000",2,1,0,0,1,0,0,,"Avenida",,"ROSARIO","Rosario","Asfalto","Natural","II","Dentro","Urbana","Ninguna","No existe","Recta","Bueno","Buena","Nocturna","Buen Tiempo","Frontal","S/D","Colisión","S/D","Faltante","Ninguna","Sin restricción"
2015,5439,10/08/2015,"Lunes",0,17:40:00,,"0.0",2,"Moto/Ciclomotor,Automóvil","Simon Bolivar Y Av. del Trabajo",2,1,0,0,1,0,0,,"Calle",,"VILLA CONSTITUCIÓN","Constitución","Asfalto","S/D","VI","Dentro","Urbana","Ninguna","S/D","Intersección","Bueno","Buena","Diurna","Buen Tiempo","Frontal","S/D","Colisión","S/D","S/D","Ninguna","Sin restricción"
2015,5440,22/07/2015,"Miercoles",0,18:25:00,,"0.0",2,"Moto/Ciclomotor,Automóvil","San Martin Y Av. Circunvalacion",2,1,0,0,1,0,0,,"Avenida",,"ROSARIO","Rosario","Asfalto","S/D","II","Dentro","Urbana","Ninguna","Funciona","Recta","Bueno","Buena","Atardecer","S/D","S/D","S/D","Colisión","S/D","Vertical","Línea divisoria pintada","Sin restricción"
2015,5441,23/07/2015,"Jueves",0,18:45:00,,"0.0",2,"Automóvil,Moto/Ciclomotor","Av. Francia Y Hilarion de la Quintana",4,3,0,0,1,0,0,,"Avenida",,"ROSARIO","Rosario","Asfalto","Natural","II","S/D","Urbana","Ninguna","Funciona","Intersección","Bueno","Buena","Diurna","Buen Tiempo","De alcance","S/D","Colisión","S/D","S/D","Ninguna","Sin restricción"
2015,5442,21/08/2015,"Viernes",0,10:40:00,"Ruta Nacional 178","75.0",2,"Automóvil,Pickup/Utilitario"," ",2,1,1,0,0,0,0,,"Ruta",178,"ALCORTA","Constitución","Asfalto","Natural","VI","Dentro","Rural","Ninguna","No existe","Recta","Bueno","Buena","Diurna","Buen Tiempo","De alcance","S/D","Colisión","Ninguna","Faltante","S/D","Sin restricción"
2015,5443,20/08/2015,"Jueves",0,17:10:00,,"0.0",1,"Moto/Ciclomotor","Cerrito 300",1,1,0,0,0,0,0,,"Calle",,"EMPALME VILLA CONSTITUCIÓN","Constitución","Asfalto","Pavimento","VI","Dentro","Urbana","Ninguna","No existe","Recta","Bueno","Buena","Diurna","Buen Tiempo","S/D","S/D","Vuelco","Ninguna","S/D","Línea divisoria pintada","Sin restricción"
2015,5444,03/08/2015,"Lunes",0,14:00:00,,"0.0",2,"Automóvil,Automóvil","Moreno Y Cordoba",2,1,0,0,1,0,0,,"Calle",,"VILLA CONSTITUCIÓN","Constitución","Asfalto","Pavimento","VI","Dentro","Urbana","Ninguna","No existe","Intersección","Bueno","Buena","Diurna","Buen Tiempo","Lateral","S/D","Colisión","Ninguna","Faltante","Ninguna","Sin restricción"
2015,5445,22/07/2015,"Miercoles",0,23:30:00,,"0.0",2,"Automóvil,Moto/Ciclomotor","Av. Ovidio Lagos ",2,1,0,0,1,0,0,,"Calle",,"ROSARIO","Rosario","Asfalto","Natural","II","Dentro","Urbana","Ninguna","No existe","Recta","Bueno","Buena","Nocturna","Buen Tiempo","De alcance","S/D","Colisión","S/D","Faltante","Ninguna","Sin restricción"
2015,5446,27/07/2015,"Lunes",0,17:25:00,,"0.0",2,"Transporte de Pasajeros Urbano (> 8 asientos),Bicicleta","Av. Ovidio Lagos Y Ombu",2,1,0,0,1,0,0,,"Calle",,"ROSARIO","Rosario","Asfalto","Natural","II","S/D","S/D","Ninguna","No existe","Recta","Bueno","Buena","Diurna","Buen Tiempo","S/D","S/D","Atropello","S/D","Faltante","Ninguna","Sin restricción"
2015,5447,21/08/2015,"Viernes",0,08:00:00,,"0.0",2,"Moto/Ciclomotor,Automóvil","Simon Bolivar Y Chubut",3,2,0,0,1,0,0,,"Calle",,"VILLA CONSTITUCIÓN","Constitución","Asfalto","Pavimento","VI","Dentro","Urbana","Ninguna","No existe","Intersección","Bueno","Buena","Diurna","Buen Tiempo","Frontal","S/D","Colisión","S/D","Horizontal","Ninguna","Sin restricción"
2015,5448,04/08/2015,"Martes",0,13:05:00,,"0.0",2,"Moto/Ciclomotor,Camión","S/D ",4,0,1,0,2,0,1,,"Camino Rural",,"SUARDI","San Cristóbal","Tierra","No existe","XIII","Dentro","Urbana","Ninguna","No existe","Intersección","Bueno","Reducida p/ objetos","Diurna","Buen Tiempo","Frontal","S/D","Colisión","S/D","Faltante","Ninguna","Sin restricción"
2015,5449,16/08/2015,"Domingo",0,18:50:00,"Ruta Nacional 11","562.0",2,"Pickup/Utilitario,Moto/Ciclomotor"," ",6,1,1,0,4,0,0,,"Ruta",11,"SAN JUSTO","San Justo","Asfalto","Ripio","XVI","Dentro","Urbana","Ninguna","No existe","Recta","Bueno","Buena","Atardecer","Buen Tiempo","De alcance","S/D","Colisión","S/D","Vertical","Línea divisoria pintada","Sin restricción"
2015,5450,02/08/2015,"Domingo",0,06:20:00,"Ruta Nacional 34","0.0",3,"Transporte de Pasajeros Larga Distancia (> 8 asientos),Moto/Ciclomotor,Moto/Ciclomotor","Avenida de Mayo ",5,3,0,0,2,0,0,,"Ruta",34,"CERES","San Cristóbal","Asfalto","Ripio","XIII","Dentro","Urbana","Otra Señal","No existe","Intersección","Bueno","Buena","Amanecer","Buen Tiempo","Múltiple","S/D","Colisión","S/D","Horizontal","Guardarrail","Sin restricción"
2015,5451,28/01/2015,"Miercoles",0,03:40:00,"Autopista Provincial Brigadier E.López","154.0",2,"Camión,Moto/Ciclomotor"," ",2,0,0,0,0,0,2,,"Autopista","Brigadier E.López","SANTA FE","La Capital","Asfalto","Natural","I","Dentro","S/D","S/D","S/D","S/D","S/D","S/D","Nocturna","S/D","S/D","S/D","S/D","S/D","S/D","S/D","S/D"
2015,5452,26/01/2015,"Lunes",0,00:14:00,"Autopista Provincial Brigadier E.López","18.0",2,"Camión,Camión"," ",2,0,0,0,0,0,2,,"Autopista","Brigadier E.López","SAN LORENZO","San Lorenzo","Asfalto","Natural","XVII","Dentro","S/D","S/D","S/D","S/D","S/D","S/D","Nocturna","S/D","De alcance","S/D","Colisión","S/D","S/D","S/D","S/D"
2015,5453,23/01/2015,"Viernes",0,21:00:00,"Autopista Provincial Brigadier E.López","12.0",1,"Automóvil","SENTIDO A ROSARIO ",1,0,0,0,0,0,1,,"Autopista","Brigadier E.López","FRAY LUIS BELTRÁN","San Lorenzo","S/D","S/D","XVII","S/D","S/D","S/D","S/D","S/D","S/D","S/D","Nocturna","S/D","S/D","S/D","Vuelco","S/D","S/D","S/D","S/D"
2015,5454,19/01/2015,"Lunes",0,12:25:00,"Autopista Provincial Brigadier E.López","6.0",1,"Automóvil"," ",1,0,0,0,0,0,1,,"Autopista","Brigadier E.López","CAPITÁN BERMÚDEZ","San Lorenzo","Asfalto","Natural","XVII","S/D","S/D","S/D","S/D","S/D","S/D","S/D","Diurna","S/D","S/D","S/D","Vuelco","S/D","S/D","Vegetación","S/D"
2015,5455,18/01/2015,"Domingo",0,17:10:00,"Autopista Provincial Brigadier E.López","150.0",1,"Automóvil"," ",1,1,0,0,0,0,0,,"Autopista","Brigadier E.López","SANTO TOMÉ","La Capital","Asfalto","Natural","I","Fuera","S/D","S/D","S/D","S/D","S/D","S/D","Atardecer","S/D","Contra objeto fijo","S/D","Colisión,Despiste","S/D","S/D","S/D","S/D"
2015,5456,04/04/2015,"Sabado",0,02:00:00,"Ruta Nacional 11","0.0",2,"Moto/Ciclomotor,Pickup/Utilitario","Av Dr Carlos P Stelzer 1945",3,1,0,0,1,1,0,"-32.440978, -60.897538","Ruta",11,"MACIEL","San Jerónimo","Asfalto","Natural","XV","Dentro","Urbana","Marca Vial","No existe","Intersección","Bueno","Reducida","Nocturna,Con luz artificial","Buen Tiempo","Lateral","S/D","Colisión","S/D","Horizontal","Línea divisoria pintada","Sin restricción"
2015,5457,24/05/2015,"Domingo",0,10:30:00,,"0.0",2,"Automóvil,Automóvil"," ",5,3,0,0,2,0,0,,"Camino Rural",,"HUMBOLDT","Las Colonias","Tierra","Natural","XI","S/D","Rural","Ninguna","No existe","Intersección","Bueno","Buena","Diurna","Buen Tiempo","Lateral","S/D","Colisión","Ninguna","Faltante","Vegetación","Sin restricción"
2015,5458,14/08/2015,"Viernes",0,18:20:00,,"0.0",2,"Moto/Ciclomotor,Camión","Av. Ovidio Lagos Y Av. Circunvalacion",2,1,0,0,1,0,0,,"Avenida",,"ROSARIO","Rosario","Asfalto","No existe","II","Dentro","Urbana","Ninguna","No existe","Intersección","Bueno","Buena","Diurna","Buen Tiempo","Lateral","S/D","Colisión","S/D","Faltante","Ninguna","Sin restricción"
2015,5459,16/08/2015,"Domingo",0,12:30:00,,"0.0",2,"Moto/Ciclomotor,Pickup/Utilitario","Bv. Oroño Y Av. Circunvalacion",3,1,0,0,2,0,0,,"Avenida",,"ROSARIO","Rosario","Asfalto","Pavimento","II","Dentro","Urbana","Ninguna","No existe","Intersección","Bueno","Buena","Diurna","Buen Tiempo","De alcance","S/D","Colisión","S/D","Faltante","Ninguna","Sin restricción"
2015,5460,06/06/2015,"Sabado",0,01:30:00,,"0.0",1,"Moto/Ciclomotor","Rivadavia Y Castellanos",1,1,0,0,0,0,0,,"Avenida",,"SAN JOSÉ DE LA ESQUINA","Caseros","Asfalto","No existe","IV","Dentro","Urbana","Ninguna","No existe","Recta","Bueno","Buena","Nocturna,Con luz artificial","Buen Tiempo","De alcance","S/D","Colisión","Ninguna","Horizontal,Vertical","Ninguna","Sin restricción"
2015,5461,24/08/2015,"Lunes",0,04:55:00,,"0.0",2,"Moto/Ciclomotor,Automóvil","Av. Circunvalacion Y Av. Bermudez",2,2,0,0,0,0,0,,"Calle",,"ROSARIO","Rosario","Asfalto","Pavimento","II","Dentro","Urbana","Ninguna","No existe","Recta","Bueno","Reducida","Amanecer","S/D","S/D","S/D","Colisión","S/D","Faltante","Guardarrail","Sin restricción"
2015,5462,24/08/2015,"Lunes",0,12:50:00,,"0.0",2,"Automóvil,Automóvil","Av. Circunvalacion Y San Martin",2,1,0,0,1,0,0,,"Calle",,"ROSARIO","Rosario","Asfalto","Pavimento","II","Dentro","Urbana","Ninguna","No existe","Recta","Bueno","Buena","Diurna","S/D","De alcance","S/D","Colisión","S/D","Faltante","Guardarrail","Sin restricción"
2015,5463,22/08/2015,"Sabado",0,07:15:00,,"0.0",2,"Automóvil,Automóvil","Av. Ovidio Lagos Y Av. Battle y Ordoñez",2,1,0,0,1,0,0,,"Avenida",,"ROSARIO","Rosario","Asfalto","Pavimento","II","Dentro","Urbana","Semáforo","Funciona","Intersección","Bueno","Buena","Diurna","Buen Tiempo","De alcance","S/D","Colisión","S/D","Vertical","Ninguna","Sin restricción"
2015,5464,23/07/2015,"Jueves",0,22:00:00,,"0.0",2,"Moto/Ciclomotor,Automóvil","Paraguay Y Rafael Arrieta",2,1,0,0,1,0,0,,"Calle",,"ROSARIO","Rosario","Asfalto","No existe","II","Dentro","Urbana","Ninguna","No existe","Recta","Deteriorada","Reducida","Nocturna","Otro","S/D","S/D","Colisión","Ninguna","S/D","Ninguna","Sin restricción"
2015,5465,06/06/2015,"Sabado",0,01:30:00,,"0.0",2,"Moto/Ciclomotor,Pickup/Utilitario","Avenida Las Colonias Y Avenida Carlos Pellegrini",2,1,0,0,1,0,0,,"Avenida",,"SAN JOSÉ DE LA ESQUINA","Caseros","Asfalto","No existe","IV","Dentro","Urbana","Señal Pare","No existe","Intersección","Bueno","Buena","Nocturna,Con luz artificial","Buen Tiempo","Frontal","S/D","Colisión","Ninguna","Horizontal,Vertical","Vegetación","Sin restricción"
2015,5466,07/08/2015,"Viernes",0,16:50:00,,"0.0",2,"Peatón,Moto/Ciclomotor","Av. Arijon Y Av. Ovidio Lagos",2,1,0,0,1,0,0,,"Avenida",,"ROSARIO","Rosario","Asfalto","Pavimento","II","Dentro","Urbana","Semáforo","Funciona","Intersección","Bueno","Buena","Diurna","Buen Tiempo","S/D","S/D","Atropello","S/D","Vertical","Ninguna","Sin restricción"
2015,5467,25/08/2015,"Martes",0,22:45:00,,"0.0",2,"Moto/Ciclomotor,Taxi/Remis","Av. Battle y Ordoñez Y Paraguay",2,1,0,0,1,0,0,,"Calle",,"ROSARIO","Rosario","Asfalto","No existe","II","Dentro","Urbana","Ninguna","No existe","Recta","Bueno","Buena","Nocturna","S/D","S/D","S/D","Colisión","S/D","Horizontal","Cordón divisorio","Sin restricción"
2015,5468,23/07/2015,"Jueves",0,12:10:00,,"0.0",2,"Pickup/Utilitario,Automóvil","Patricios Y Buenos Aires",2,1,0,0,1,0,0,,"Calle",,"ROSARIO","Rosario","Asfalto","No existe","II","Dentro","Urbana","S/D","No existe","Recta","Bueno","Buena","Diurna","S/D","De alcance","S/D","Colisión","S/D","Horizontal","Ninguna","Sin restricción"
2015,5469,03/09/2015,"Jueves",0,13:40:00,,"0.0",2,"Automóvil,Moto/Ciclomotor","Av Facundo Zuviria Y Javier de la Rosa",2,1,0,0,1,0,0,,"Calle",,"SANTA FE","La Capital","Asfalto","Pavimento","I","Dentro","Urbana","S/D","No existe","Intersección","Bueno","Buena","Diurna","Buen Tiempo","Lateral","S/D","Colisión","S/D","Faltante","S/D","Sin restricción"
2015,5470,25/08/2015,"Martes",0,21:30:00,,"0.0",3,"Peatón,Peatón,Moto/Ciclomotor","Lugones 6900",3,1,0,0,2,0,0,,"Calle",,"ROSARIO","Rosario","Asfalto","No existe","II","S/D","S/D","Ninguna","No existe","Recta","Bueno","Buena","Nocturna","Buen Tiempo","S/D","S/D","Atropello","S/D","Faltante","Ninguna","Sin restricción"
2015,5471,27/09/2015,"Domingo",0,18:00:00,,"0.0",2,"Automóvil,Moto/Ciclomotor","Av A del Valle Y Gorriti",2,1,0,0,1,0,0,,"Calle",,"SANTA FE","La Capital","Asfalto","Pavimento","I","Dentro","Urbana","S/D","Funciona","Intersección","Bueno","Buena","Atardecer","Buen Tiempo","Lateral","S/D","Colisión","S/D","Vertical","S/D","S/D"
2015,5472,22/09/2015,"Martes",0,12:50:00,,"0.0",1,"Automóvil","Ayacucho Y 1ro de Mayo",1,1,0,0,0,0,0,,"Calle",,"SANTA FE","La Capital","Asfalto","Natural","I","Dentro","Urbana","S/D","No existe","Intersección","Deteriorada","Buena","Diurna","Buen Tiempo","Lateral","S/D","Colisión","S/D","Faltante","S/D","S/D"
2015,5473,17/09/2015,"Jueves",0,11:45:00,,"0.0",2,"Bicicleta,Moto/Ciclomotor","Av Facundo Zuviria Y Risso",2,1,0,0,1,0,0,"-31.599138888889,-60.70125","Calle",,"SANTA FE","La Capital","Asfalto","Pavimento","I","Dentro","Urbana","S/D","No existe","Intersección","Bueno","Buena","Diurna","Buen Tiempo","Lateral","S/D","Atropello","S/D","Faltante","S/D","S/D"
2015,5474,21/06/2015,"Domingo",0,21:00:00,,"0.0",1,"Moto/Ciclomotor","San Martin 300",1,1,0,0,0,0,0,,"Avenida",,"SAN JOSÉ DE LA ESQUINA","Caseros","Asfalto","No existe","IV","Dentro","Urbana","Ninguna","No existe","Recta","Bueno","Buena","Nocturna","Buen Tiempo","S/D","S/D","Vuelco","Ninguna","S/D","Ninguna","Sin restricción"
2015,5475,31/08/2015,"Lunes",0,07:50:00,,"0.0",2,"Automóvil,Moto/Ciclomotor","Av San Martin 1100",2,0,1,0,1,0,0,,"Calle",,"BIGAND","Caseros","Asfalto","Natural","IV","Dentro","Urbana","S/D","No existe","Intersección","Bueno","Buena","Diurna","Buen Tiempo","Lateral","S/D","Colisión","S/D","Vertical","Línea divisoria pintada","Sin restricción"
2015,5476,19/08/2015,"Miercoles",0,20:30:00,"Ruta Nacional 178","85.6",2,"Moto/Ciclomotor,Pickup/Utilitario"," ",2,1,0,0,1,0,0,,"Ruta",178,"BIGAND","Caseros","Asfalto","Natural","IV","Dentro","Urbana","Ninguna","No existe","Recta","Bueno","Buena","Nocturna","Buen Tiempo","S/D","S/D","Colisión","S/D","Vertical","Línea divisoria pintada","S/D"
2015,5477,22/08/2015,"Sabado",0,14:30:00,,"0.0",1,"Moto/Ciclomotor"," ",1,0,0,0,0,1,0,"-33.077200, -61.784407","Camino Rural",,"ARTEAGA","Caseros","S/D","No existe","IV","S/D","Rural","Ninguna","No existe","Recta","S/D","Buena","Diurna","Buen Tiempo","S/D","S/D","Vuelco","S/D","S/D","Ninguna","S/D"