"anio_acci","nro_acci","fecha","desc_dia","fecha_aprox","hora_aprox","desc_ruta","km","cant_participantes","desc_participante","calle_avenida_km","total","heridos_leves","heridos_graves","heridos_gravisimos","ilesos","fallecidos","sin_datos","posicion_XY","desc_tipo_via","desc_ruta_ori","desc_loc","desc_dpto","desc_tipo_calzada","desc_tipo_banquina","desc_unidad_regional","desc_lugar_calzada","desc_zona","desc_prioridad","desc_estado_semaforo","desc_lugar_via","desc_estado_via","desc_estado_visibilidad","desc_luminosidad","desc_estado_clima","desc_tipo_colision","desc_tipo_atropello","desc_tipo_hecho","desc_pres_calzada","desc_senializacion","desc_separacion_via","desc_restriccion"
2015,5478,08/04/2015,"Miercoles",0,,"Ruta Provincial 31","10.0",2,"Moto/Ciclomotor,Pickup/Utilitario","RP31km10,5, entre Moussy y S.Ana ",4,0,1,0,2,1,0,"-29.007599, -59.648644","Ruta",31,"AVELLANEDA","General Obligado","Asfalto","Natural","IX","Dentro","Rural","S/D","No existe","Recta","Bueno","S/D","S/D","Buen Tiempo","De alcance","S/D","Colisión","Ninguna","Horizontal","Línea divisoria pintada","Sin restricción"
2015,5479,25/08/2015,"Martes",0,05:45:00,,"0.0",2,"Peatón,Moto/Ciclomotor","Av. Ovidio Lagos Y Calle 2133",2,1,0,0,1,0,0,,"Calle",,"ROSARIO","Rosario","Asfalto","No existe","II","Dentro","Urbana","Ninguna","No existe","Recta","Bueno","Buena","Nocturna","Buen Tiempo","S/D","S/D","Atropello","S/D","Faltante","Ninguna","Sin restricción"
2015,5480,12/06/2015,"Viernes",0,10:30:00,"Ruta Provincial 92","0.0",1,"Automóvil"," ",1,1,0,0,0,0,0,,"Ruta",92,"LOS NOGALES","Caseros","Asfalto","Natural","IV","Dentro","Rural","Ninguna","No existe","Recta","Bueno","Buena","Diurna","Buen Tiempo","S/D","S/D","Vuelco","Ninguna","Vertical","Línea divisoria pintada","Sin restricción"
2015,5481,19/09/2015,"Sabado",0,08:45:00,,"0.0",2,"Moto/Ciclomotor,Automóvil"," ",2,1,0,0,1,0,0,,"Avenida",,"ROSARIO","Rosario","Asfalto","Pavimento","II","Dentro","Urbana","Semáforo","Funciona","Intersección","Bueno","Buena","Diurna","Buen Tiempo","De alcance","S/D","Colisión","S/D","Vertical","Ninguna","Sin restricción"
2015,5483,08/04/2015,"Miercoles",0,16:50:00,,"0.0",2,"Moto/Ciclomotor,Pickup/Utilitario","Av Gral San Martin Y Av de Circunvalacion",3,1,0,0,1,1,0,"-33.016666666667,-60.633833333333","Avenida",,"VILLA GOBERNADOR GÁLVEZ","Rosario","Asfalto","S/D","II","Dentro","Urbana","Ninguna","No existe","Intersección","Bueno","Buena","Diurna","Buen Tiempo","Lateral","S/D","Colisión","S/D","Faltante","Ninguna","Sin restricción"
2015,5484,08/05/2015,"Viernes",0,13:45:00,,"0.0",2,"Automóvil,Bicicleta","1 de Mayo 1100",2,1,0,0,1,0,0,,"Calle",,"BIGAND","Caseros","Asfalto","S/D","IV","S/D","Urbana","Ninguna","No existe","Recta","Bueno","Buena","Diurna","Buen Tiempo","S/D","S/D","Atropello","Ninguna","S/D","Ninguna","Sin restricción"
2015,5485,05/04/2015,"Domingo",0,18:20:00,,"0.0",3,"Automóvil,Moto/Ciclomotor,Moto/Ciclomotor","Av San Martin 1250",3,2,0,0,1,0,0,,"Avenida",,"CHAÑAR LADEADO","Caseros","Asfalto","No existe","IV","Dentro","Urbana","Ninguna","No existe","Recta","Bueno","Buena","Diurna","Buen Tiempo","Lateral","S/D","Colisión","S/D","Faltante","Cordón divisorio","Sin restricción"
2015,5486,24/07/2015,"Viernes",0,15:30:00,,"0.0",2,"Moto/Ciclomotor,Pickup/Utilitario","Paraguay Y H. Brandoni",3,2,0,0,1,0,0,,"Calle",,"ROSARIO","Rosario","Asfalto","No existe","II","Dentro","Urbana","Ninguna","No existe","Recta","Bueno","Buena","Diurna","S/D","S/D","S/D","Colisión","S/D","Vertical","S/D","Sin restricción"
2015,5487,09/04/2015,"Jueves",0,16:20:00,"Ruta Nacional 11","564.0",2,"Automóvil,Camión"," ",3,1,0,0,0,2,0,"-29.007599, -59.648644","Ruta",11,"SAN JUSTO","San Justo","Asfalto","Pavimento","XVI","Dentro","Urbana","Ninguna","No existe","Recta","Bueno","Buena","Diurna","Buen Tiempo","Frontal","S/D","Colisión","Ninguna","Faltante","Línea divisoria pintada","Sin restricción"
2015,5488,10/04/2015,"Viernes",0,06:45:00,,"0.0",1,"Moto/Ciclomotor","Av Belgrano (Sánchez) alt Amenabar ",1,0,0,0,0,1,0,"-32.975796, -60.624303","Avenida",,"ROSARIO","Rosario","Asfalto","Pavimento","II","Fuera","Urbana","Ninguna","No existe","Recta","Bueno","Buena","Amanecer","Buen Tiempo","Contra objeto fijo","S/D","Caída ocupante,Colisión","Ninguna","Faltante","Barrera de hormigón","Sin restricción"
2015,5489,29/07/2015,"Miercoles",0,15:20:00,,"0.0",2,"Moto/Ciclomotor,Automóvil","Av. Battle y Ordoñez Y Av. Corrientes",2,1,0,0,1,0,0,,"Avenida",,"ROSARIO","Rosario","Asfalto","No existe","II","Dentro","Urbana","S/D","No existe","Intersección","Bueno","Buena","Diurna","S/D","S/D","S/D","Colisión","S/D","Horizontal","Cordón divisorio","Sin restricción"
2015,5490,10/04/2015,"Viernes",0,20:30:00,,"0.0",2,"Moto/Ciclomotor,Camión","Miguel de Azcuenaga Y Quintana",2,0,0,0,1,1,0,"-33.737916666667,-61.979138888889","Calle",,"VENADO TUERTO","General López","S/D","S/D","VIII","Dentro","Urbana","S/D","No existe","Intersección","S/D","Reducida","Nocturna,Con luz artificial","Buen Tiempo","S/D","S/D","Colisión","S/D","S/D","Ninguna","Sin restricción"
2015,5491,16/08/2015,"Domingo",0,17:15:00,,"0.0",2,"Moto/Ciclomotor,Automóvil","9 de julio Y Manino",4,2,1,0,1,0,0,,"Calle",,"AREQUITO","Caseros","Hormigón","No existe","IV","Fuera","Urbana","Ninguna","No existe","Intersección","Bueno","Buena","Diurna","Buen Tiempo","Lateral","S/D","Colisión","Ninguna","Vertical","Ninguna","Sin restricción"
2015,5492,23/08/2015,"Domingo",0,14:40:00,,"0.0",2,"Moto/Ciclomotor,Automóvil","9 de julio Y Pugliese",2,1,0,0,1,0,0,,"Calle",,"AREQUITO","Caseros","Hormigón","No existe","IV","Dentro","Urbana","Ninguna","No existe","Intersección","Bueno","Buena","Diurna","Buen Tiempo","Lateral","S/D","Colisión","Ninguna","Vertical","Ninguna","Sin restricción"
2015,5493,29/08/2015,"Sabado",0,19:30:00,,"0.0",1,"Moto/Ciclomotor","Pugliese Y 1 de Mayo",2,1,0,1,0,0,0,,"Calle",,"AREQUITO","Caseros","Hormigón","No existe","IV","Dentro","Urbana","Ninguna","No existe","Intersección","Bueno","Buena","Nocturna","Buen Tiempo","Frontal","S/D","Despiste","Ninguna","Vertical","Ninguna","Sin restricción"
2015,5494,12/09/2015,"Sabado",0,18:15:00,,"0.0",2,"Pickup/Utilitario,Moto/Ciclomotor","Almte Brown 400",3,0,1,0,2,0,0,,"Calle",,"BIGAND","Caseros","Asfalto","Natural","IV","Dentro","Urbana","S/D","No existe","Intersección","Bueno","Buena","Atardecer","Buen Tiempo","Lateral","S/D","Colisión","Ninguna","Vertical","Ninguna","Sin restricción"
2015,5495,05/09/2015,"Sabado",0,17:50:00,"Ruta Nacional 178","77.0",2,"Pickup/Utilitario,Moto/Ciclomotor"," ",2,1,0,0,1,0,0,,"Ruta",178,"BIGAND","Caseros","Asfalto","Natural","IV","S/D","Rural","Ninguna","No existe","Recta","Bueno","Buena","Diurna","Buen Tiempo","Frontal","S/D","Colisión","Ninguna","Vertical","Línea divisoria pintada","Sin restricción"
2015,5496,11/07/2015,"Sabado",0,05:30:00,"Ruta Provincial 92","0.0",2,"Automóvil,Automóvil"," ",3,1,1,0,1,0,0,,"Ruta",92,"LOS NOGALES","Caseros","Asfalto","Natural","IV","Dentro","Urbana","Ninguna","No existe","Recta","Bueno","Buena","Nocturna,Con luz artificial","Buen Tiempo","Frontal","S/D","Colisión","Ninguna","Vertical","Línea divisoria pintada","Sin restricción"
2015,5497,15/08/2015,"Sabado",0,11:30:00,,"0.0",2,"Bicicleta,Automóvil","Italia 6000",3,1,0,0,2,0,0,,"Calle",,"ROSARIO","Rosario","Asfalto","Pavimento","II","Dentro","Urbana","Ninguna","S/D","Recta","Bueno","Buena","Diurna","Buen Tiempo","S/D","S/D","Atropello","S/D","S/D","Ninguna","Sin restricción"
2015,5498,19/08/2015,"Miercoles",0,14:30:00,,"0.0",1,"Moto/Ciclomotor","Av. Battle y Ordoñez Y Italia",1,1,0,0,0,0,0,,"Avenida",,"ROSARIO","Rosario","Asfalto","No existe","II","Dentro","Urbana","Ninguna","No existe","Intersección","Bueno","Buena","Amanecer","Buen Tiempo","S/D","S/D","Caída ocupante","Fluidos","S/D","Ninguna","Sin restricción"
2015,5499,14/08/2015,"Viernes",0,13:15:00,,"0.0",2,"Moto/Ciclomotor,Automóvil","Mariano Moreno Y Madre Cabrini",2,1,0,0,1,0,0,,"Calle",,"ROSARIO","Rosario","Asfalto","Pavimento","II","Dentro","Urbana","Ninguna","S/D","Intersección","Bueno","Buena","Diurna","Buen Tiempo","Lateral","S/D","Colisión","S/D","S/D","Ninguna","Sin restricción"
2015,5500,21/08/2015,"Viernes",0,18:45:00,,"0.0",2,"Moto/Ciclomotor,Moto/Ciclomotor","Av. Battle y Ordoñez Y Pueyrredon",2,2,0,0,0,0,0,,"Calle",,"ROSARIO","Rosario","Asfalto","Pavimento","II","Dentro","Urbana","Ninguna","S/D","Intersección","Bueno","Buena","Atardecer","Buen Tiempo","Lateral","S/D","Colisión","S/D","S/D","Ninguna","Sin restricción"
2015,5501,20/08/2015,"Jueves",0,20:00:00,,"0.0",2,"Automóvil,Moto/Ciclomotor","Av Blas Parera Y Pedro Espinosa",2,0,1,0,1,0,0,,"Avenida",,"SANTA FE","La Capital","Asfalto","Natural","I","Dentro","Urbana","Ninguna","No existe","Recta","Bueno","Buena","Atardecer","Buen Tiempo","De alcance","S/D","Colisión","S/D","Horizontal","Ninguna","Sin restricción"
2015,5502,25/08/2015,"Martes",0,13:00:00,,"0.0",2,"Moto/Ciclomotor,Automóvil","Sanchez de Bustamante Y Rodriguez",2,1,0,0,1,0,0,,"Calle",,"ROSARIO","Rosario","Asfalto","S/D","II","Dentro","Urbana","Ninguna","S/D","Intersección","Bueno","Buena","Diurna","Buen Tiempo","Lateral","S/D","Colisión","S/D","S/D","Ninguna","Sin restricción"
2015,5503,19/08/2015,"Miercoles",0,13:10:00,,"0.0",2,"Moto/Ciclomotor,Moto/Ciclomotor","Av Peñaloza Y French",3,2,0,0,1,0,0,,"Calle",,"SANTA FE","La Capital","Hormigón","Pavimento","I","Dentro","Urbana","Ninguna","S/D","Intersección","Bueno","Buena","Diurna","Buen Tiempo","Lateral","S/D","Colisión","Agua","S/D","S/D","Sin restricción"
2015,5504,09/08/2015,"Domingo",0,17:45:00,,"0.0",2,"Moto/Ciclomotor,Automóvil","Av. Arijon 2700",2,1,0,0,1,0,0,,"Avenida",,"ROSARIO","Rosario","Asfalto","S/D","II","Dentro","Urbana","Ninguna","S/D","Recta","Bueno","Buena","Diurna","Buen Tiempo","Lateral","S/D","Colisión","S/D","S/D","Ninguna","Sin restricción"
2015,5505,11/08/2015,"Martes",0,16:50:00,,"0.0",2,"Moto/Ciclomotor,Moto/Ciclomotor","Pedro Espinosa Y Pje s/n",3,0,1,0,0,0,2,,"Calle",,"SANTA FE","La Capital","Tierra","No existe","I","Dentro","Urbana","Ninguna","No existe","Cruce","Deteriorada","Buena","Diurna","Buen Tiempo","S/D","S/D","Colisión","S/D","Faltante","Ninguna","Sin restricción"
2015,5506,07/08/2015,"Viernes",0,20:00:00,,"0.0",2,"Bicicleta,Automóvil","Av. Arijon Y Pje. Casaccia",2,1,0,0,1,0,0,,"Avenida",,"ROSARIO","Rosario","Asfalto","Pavimento","II","Dentro","Urbana","Ninguna","S/D","Intersección","Bueno","Buena","Diurna","Buen Tiempo","S/D","S/D","Atropello","S/D","S/D","Ninguna","Sin restricción"
2015,5507,03/08/2015,"Lunes",0,18:20:00,,"0.0",2,"Moto/Ciclomotor,Taxi/Remis","San Martin Y Ceibo",2,1,0,0,1,0,0,,"Avenida",,"ROSARIO","Rosario","Asfalto","No existe","II","Dentro","Urbana","Ninguna","No existe","Recta","Otro","Buena","Atardecer","Otro","Otro","S/D","Colisión","Ninguna","Horizontal","Ninguna","Sin restricción"
2015,5508,06/08/2015,"Jueves",0,17:20:00,,"0.0",2,"Moto/Ciclomotor,Automóvil","Av. Battle y Ordoñez Y Pte.Roca",2,1,0,0,1,0,0,,"Avenida",,"ROSARIO","Rosario","Asfalto","No existe","II","Dentro","Urbana","Ninguna","No existe","Recta","Bueno","Buena","Atardecer","Otro","Otro","S/D","Colisión","Ninguna","Horizontal","Cordón divisorio","Sin restricción"
2015,5509,26/08/2015,"Miercoles",0,13:45:00,,"0.0",2,"Moto/Ciclomotor,Transporte Escolar","Florencio Fernandez Y Dr Pio Pandolfo",2,1,0,0,1,0,0,,"Calle",,"SANTA FE","La Capital","Asfalto","No existe","I","Dentro","Urbana","Ninguna","No existe","Intersección","Bueno","Buena","Diurna","Buen Tiempo","Frontal","S/D","Colisión","Ninguna","Faltante","Ninguna","Sin restricción"
2015,5510,23/08/2015,"Domingo",0,09:45:00,,"0.0",2,"Peatón,Automóvil","Piedrabuena Y Chiclana",2,1,0,0,1,0,0,"-31.579270, -60.725820","Calle",,"SANTA FE","La Capital","Ripio","No existe","I","Dentro","Urbana","Ninguna","No existe","Recta","Bueno","Buena","Diurna","Buen Tiempo","S/D","S/D","Atropello","Ninguna","Faltante","Ninguna","Sin restricción"
2015,5511,07/08/2015,"Viernes",0,08:10:00,,"0.0",2,"Bicicleta,Moto/Ciclomotor","San Martin 7500",2,1,0,0,1,0,0,,"Avenida",,"ROSARIO","Rosario","Asfalto","No existe","II","Dentro","Urbana","Ninguna","No existe","Recta","Otro","S/D","Diurna","Otro","S/D","S/D","Atropello","Ninguna","Faltante","Ninguna","Sin restricción"
2015,5512,08/08/2015,"Sabado",0,06:45:00,,"0.0",2,"Automóvil,Automóvil","San Martin Y Centenario",2,1,0,0,1,0,0,,"Avenida",,"ROSARIO","Rosario","Ripio","No existe","II","Dentro","Urbana","Ninguna","No existe","Recta","Bueno","Buena","Amanecer","Otro","De alcance","S/D","Colisión","Ninguna","Faltante","Cordón divisorio","Sin restricción"
2015,5513,06/08/2015,"Jueves",0,,,"0.0",2,"Moto/Ciclomotor,Otros","Alsina ",2,1,0,0,0,0,1,,"Calle",,"SANTA FE","La Capital","Tierra","No existe","I","Dentro","Urbana","Ninguna","No existe","Intersección","Con baches","Buena","Diurna","Buen Tiempo","Lateral","S/D","Colisión","Otro","Faltante","Ninguna","Sin restricción"
2015,5514,30/08/2015,"Domingo",0,15:40:00,,"0.0",2,"Automóvil,Moto/Ciclomotor","Hipolito Irigoyen Y Rivadavia",2,1,0,0,1,0,0,,"Calle",,"LLAMBI CAMPBELL","La Capital","Hormigón","No existe","I","Dentro","Urbana","Ninguna","No existe","Intersección","Bueno","Buena","Diurna","Buen Tiempo","Lateral","S/D","Colisión","Ninguna","Faltante","Ninguna","Sin restricción"
2015,5515,17/08/2015,"Lunes",0,12:35:00,,"0.0",2,"Automóvil,Moto/Ciclomotor","Av San Martin 1500",2,1,0,0,1,0,0,,"Avenida",,"BIGAND","Caseros","Asfalto","Natural","IV","S/D","Urbana","Ninguna","No existe","Recta","Bueno","Buena","Diurna","Buen Tiempo","Lateral","S/D","Colisión","Ninguna","Vertical","Línea divisoria pintada","S/D"
2015,5516,20/08/2015,"Jueves",0,19:50:00,,"0.0",2,"Moto/Ciclomotor,Pickup/Utilitario","Av Blas Parera Y Santa Cruz",2,1,0,0,1,0,0,,"Avenida",,"SANTA FE","La Capital","Asfalto","No existe","I","Dentro","Urbana","Ninguna","No existe","Intersección","Bueno","Buena","Nocturna","Buen Tiempo","De alcance","S/D","Colisión","Ninguna","Faltante","Ninguna","Sin restricción"
2015,5517,14/08/2015,"Viernes",0,15:50:00,,"0.0",2,"Vehículo Oficial,Automóvil","Av. Circunvalacion Y San Martin",3,1,1,0,1,0,0,,"Avenida",,"ROSARIO","Rosario","Asfalto","No existe","II","S/D","Urbana","Policía de tránsito","Funciona","Recta","Bueno","Buena","Diurna","Otro","Lateral","S/D","Colisión","Ninguna","Faltante","Cordón divisorio","Desvío Provisorio"
2015,5518,15/08/2015,"Sabado",0,12:35:00,,"0.0",2,"Moto/Ciclomotor,Automóvil","Av Blas Parera Y Vieytes",2,1,0,0,1,0,0,,"Calle",,"SANTA FE","La Capital","Hormigón","No existe","I","Dentro","Urbana","Semáforo","Funciona","Intersección","Bueno","Buena","Diurna","Buen Tiempo","Lateral","S/D","Colisión","S/D","Horizontal,Vertical","Cordón divisorio","Sin restricción"
2015,5519,05/08/2015,"Miercoles",0,13:00:00,,"0.0",2,"Moto/Ciclomotor,Pickup/Utilitario","Av Mitre 1900",2,1,0,0,1,0,0,,"Avenida",,"RECREO","La Capital","Tierra","Natural","I","S/D","Urbana","Ninguna","No existe","Recta","Deteriorada","Buena","Diurna","Buen Tiempo","Lateral","S/D","Colisión","Ninguna","Faltante","Ninguna","Sin restricción"
2015,5520,12/08/2015,"Miercoles",0,05:15:00,,"0.0",2,"Moto/Ciclomotor,Taxi/Remis","Av Blas Parera Y Gorriti",2,1,0,0,1,0,0,,"Calle",,"SANTA FE","La Capital","Hormigón","Pavimento","I","Dentro","Urbana","Semáforo","Funciona","Intersección","Bueno","Buena","Nocturna,Con luz artificial","Buen Tiempo","Lateral","S/D","Colisión","S/D","Horizontal,Vertical","Cordón divisorio","Sin restricción"
2015,5521,05/08/2015,"Miercoles",0,21:15:00,"Ruta Nacional 11","0.0",2,"Moto/Ciclomotor,Automóvil","Ruta Nacional 11 Y Ruta Prov 70",2,1,0,0,1,0,0,,"Ruta",11,"RECREO","La Capital","Asfalto","Natural","I","Dentro","Urbana","Ninguna","No existe","Intersección","Bueno","Buena","Nocturna","Buen Tiempo","Lateral","S/D","Colisión","Ninguna","Vertical","Línea divisoria pintada","Sin restricción"
2015,5522,08/08/2015,"Sabado",0,12:50:00,,"0.0",2,"Moto/Ciclomotor,Pickup/Utilitario","Juan Diaz de Solis Y J P Lopez",3,2,0,0,1,0,0,,"Calle",,"SANTA FE","La Capital","Asfalto","Natural","I","Dentro","Urbana","Ninguna","No existe","Intersección","Deteriorada","Buena","Diurna","Buen Tiempo","Lateral","S/D","Colisión","Material Suelto","Faltante","Ninguna","Sin restricción"
2015,5523,07/08/2015,"Viernes",0,20:15:00,,"0.0",2,"Peatón,Moto/Ciclomotor","Gorriti 4900",2,2,0,0,0,0,0,"-31.584138888889,-60.720305555556","Calle",,"SANTA FE","La Capital","Hormigón","Pavimento","I","Dentro","Urbana","Ninguna","No existe","Recta","Bueno","Buena","Nocturna,Con luz artificial","Buen Tiempo","S/D","S/D","Atropello","S/D","S/D","Cordón divisorio","Sin restricción"
2015,5524,18/08/2015,"Martes",0,19:00:00,,"0.0",2,"Peatón,Automóvil","Av Mitre 1150",2,1,0,0,1,0,0,"-31.491676, -60.734516","Avenida",,"RECREO","La Capital","Asfalto","Natural","I","Dentro","S/D","Ninguna","No existe","Recta","Bueno","Buena","Nocturna,Con luz artificial","Buen Tiempo","S/D","S/D","Atropello","Ninguna","Faltante","Línea divisoria pintada","Sin restricción"
2015,5525,05/08/2015,"Miercoles",0,21:15:00,,"0.0",2,"Bicicleta,Automóvil","Av Blas Parera Y J P Lopez",2,1,0,0,1,0,0,"-31.602638888889,-60.72075","Calle",,"SANTA FE","La Capital","Hormigón","Pavimento","I","Dentro","Urbana","Semáforo","Funciona","Intersección","Bueno","Buena","Nocturna,Con luz artificial","Buen Tiempo","Lateral","S/D","Atropello","Material Suelto","Horizontal,Vertical","Cordón divisorio","Sin restricción"
2015,5526,14/08/2015,"Viernes",0,09:00:00,,"0.0",2,"Moto/Ciclomotor,Taxi/Remis","Av Blas Parera Y Gorriti",2,1,0,0,1,0,0,,"Avenida",,"SANTA FE","La Capital","Asfalto","No existe","I","S/D","Urbana","Semáforo","Funciona","Intersección","Bueno","Buena","Diurna","Buen Tiempo","De alcance","S/D","Colisión","Ninguna","Faltante","Ninguna","Sin restricción"
2015,5527,22/08/2015,"Sabado",0,10:30:00,"Ruta Nacional 11","0.0",2,"Moto/Ciclomotor,Pickup/Utilitario","Ruta Nacional 11 Y Ruta Prov 70",3,1,0,0,2,0,0,,"Ruta",11,"RECREO","La Capital","Asfalto","Natural","I","Dentro","Urbana","Ninguna","No existe","Intersección","Bueno","Buena","Diurna","Buen Tiempo","De alcance","S/D","Colisión","Ninguna","Vertical","Línea divisoria pintada","Sin restricción"
2015,5528,05/08/2015,"Miercoles",0,08:40:00,,"0.0",2,"Automóvil,Moto/Ciclomotor","Chiclana Y Matheu",2,1,0,0,1,0,0,,"Calle",,"SANTA FE","La Capital","Tierra","Natural","I","Dentro","Urbana","Ninguna","No existe","Intersección","Ahuellamiento","Buena","Diurna","Buen Tiempo","Lateral","S/D","Colisión","S/D","Faltante","Ninguna","Sin restricción"
2015,5529,28/08/2015,"Viernes",0,11:30:00,,"0.0",2,"Moto/Ciclomotor,Automóvil","Chiclana Y Larrea",2,1,0,0,1,0,0,,"Calle",,"SANTA FE","La Capital","S/D","Natural","I","Dentro","Urbana","Ninguna","No existe","Intersección","Deteriorada","Buena","Diurna","Buen Tiempo","Lateral","S/D","Colisión","Material Suelto","Faltante","Ninguna","Sin restricción"
2015,5530,27/08/2015,"Jueves",0,20:40:00,,"0.0",2,"Moto/Ciclomotor,Automóvil","Av Blas Parera Y Reg 12 de Infanteria",3,2,0,0,1,0,0,,"Avenida",,"SANTA FE","La Capital","Hormigón","Pavimento","I","Dentro","Urbana","Semáforo","Funciona","Intersección","Bueno","Buena","Nocturna,Con luz artificial","Buen Tiempo","Lateral","S/D","Colisión","Material Suelto","Horizontal,Vertical","Cordón divisorio,Línea divisoria pintada","Sin restricción"
2015,5531,04/08/2015,"Martes",0,19:00:00,,"0.0",1,"Transporte de Pasajeros Urbano (> 8 asientos)","Ayacucho Y Edmundo Rosas",2,1,0,0,1,0,0,,"Calle",,"SANTA FE","La Capital","Asfalto","Natural","I","Dentro","Urbana","Ninguna","No existe","Intersección","Deteriorada","Reducida","Atardecer","Buen Tiempo","S/D","S/D","Vuelco","Material Suelto","Faltante","Ninguna","Sin restricción"
2015,5532,18/01/2015,"Domingo",0,,"Ruta Nacional A007","0.0",1,"Automóvil","ALTURA BOMBA 3 ",2,0,0,0,0,0,2,,"Ruta","A007","SANTA FE","La Capital","Asfalto","Natural","I","Fuera","S/D","S/D","S/D","S/D","S/D","S/D","Nocturna","S/D","S/D","S/D","Despeñamiento,Despiste","S/D","Horizontal,Vertical","S/D","S/D"
2015,5533,17/01/2015,"Sabado",0,18:45:00,"Autopista Provincial Brigadier E.López","58.0",2,"Automóvil,Camión"," ",2,0,0,0,0,0,2,,"Autopista","Brigadier E.López","MACIEL","San Jerónimo","Asfalto","Natural","XV","Dentro","S/D","S/D","S/D","S/D","S/D","S/D","Atardecer","S/D","S/D","S/D","Colisión","S/D","S/D","S/D","S/D"
2015,5536,02/01/2015,"Viernes",0,10:50:00,"Autopista Provincial Brigadier E.López","22.0",1,"Otros"," ",1,0,0,0,0,0,1,,"Autopista","Brigadier E.López","SAN LORENZO","San Lorenzo","S/D","S/D","XVII","Fuera","S/D","S/D","S/D","Recta","S/D","S/D","Diurna","S/D","Contra objeto fijo","S/D","Colisión","S/D","S/D","S/D","S/D"
2015,5538,04/01/2015,"Domingo",0,09:40:00,"Autopista Provincial Brigadier E.López","83.0",1,"Automóvil"," ",1,0,0,0,0,0,1,,"Autopista","Brigadier E.López","BARRANCAS","San Jerónimo","S/D","S/D","XV","S/D","S/D","S/D","S/D","Recta","S/D","S/D","Diurna","S/D","S/D","S/D","Despiste","S/D","S/D","S/D","S/D"
2015,5540,07/01/2015,"Miercoles",0,,,"0.0",2,"Camión,Automóvil","Av Circunvalación ",2,0,0,0,0,0,2,,"Avenida",,"SANTA FE","La Capital","S/D","S/D","I","Dentro","Urbana","S/D","S/D","Recta","S/D","S/D","Nocturna","S/D","S/D","S/D","Colisión,Vuelco","S/D","S/D","S/D","S/D"
2015,5541,14/01/2015,"Miercoles",0,,,"0.0",2,"Automóvil,Moto/Ciclomotor","Dean Funes Y M Ghandi",2,1,0,0,1,0,0,,"Calle",,"RAFAELA","Castellanos","S/D","S/D","V","Dentro","Urbana","S/D","S/D","Intersección","S/D","S/D","S/D","S/D","S/D","S/D","Colisión","S/D","S/D","S/D","S/D"
2015,5542,13/02/2015,"Viernes",0,,,"0.0",2,"Bicicleta,Automóvil","Simon Bolivar Y 3 de Febrero",2,1,0,0,1,0,0,,"Calle",,"RAFAELA","Castellanos","S/D","S/D","V","Dentro","Urbana","S/D","S/D","S/D","S/D","S/D","S/D","S/D","Contra objeto fijo","S/D","Colisión","S/D","S/D","S/D","S/D"
2015,5543,07/01/2015,"Miercoles",0,05:40:00,,"0.0",2,"Vehículo Oficial,Camión","AV. CIRCUNVALACION ALTURA MERCADO ABASTO ",3,1,0,0,2,0,0,,"Avenida",,"SANTA FE","La Capital","S/D","S/D","I","Dentro","Urbana","Policía de tránsito","S/D","Recta","S/D","S/D","Nocturna","S/D","S/D","S/D","Despiste","S/D","S/D","S/D","Accidente Previo"
2015,5544,26/08/2015,"Miercoles",0,19:00:00,,"0.0",2,"Peatón,Moto/Ciclomotor","N Avellaneda 2900",2,1,0,0,1,0,0,,"Calle",,"LAGUNA PAIVA","La Capital","Asfalto","No existe","I","Dentro","Urbana","Ninguna","No existe","Recta","Bueno","Buena","Nocturna","Buen Tiempo","S/D","S/D","Atropello","S/D","Faltante","Ninguna","Sin restricción"
2015,5545,15/08/2015,"Sabado",0,18:15:00,,"0.0",2,"Automóvil,Moto/Ciclomotor","Ruta Nac 1 Y Calle 94",3,1,0,0,2,0,0,,"Calle",,"ARROYO LEYES","La Capital","Asfalto","Natural","I","Dentro","Urbana","Marca Vial","No existe","Intersección","Bueno","Buena","Atardecer","Buen Tiempo","De alcance","S/D","Colisión","Ninguna","Horizontal","Línea divisoria pintada","Sin restricción"
2015,5546,14/09/2015,"Lunes",0,09:30:00,,"0.0",2,"Automóvil,Moto/Ciclomotor","Gorriti Y 1ro de Mayo",2,1,0,0,1,0,0,,"Avenida",,"SANTA FE","La Capital","Asfalto","Pavimento","I","Dentro","Urbana","S/D","No existe","Intersección","Bueno","Buena","Diurna","Buen Tiempo","Lateral","S/D","Colisión","S/D","Faltante","S/D","S/D"
2015,5547,22/08/2015,"Sabado",0,11:45:00,,"0.0",2,"Moto/Ciclomotor,Automóvil","Av San Martin Y Colon",3,2,0,0,1,0,0,,"Calle",,"LAGUNA PAIVA","La Capital","Tierra","No existe","I","Dentro","Urbana","Ninguna","No existe","Intersección","Con baches","Buena","Diurna","Buen Tiempo","Lateral","S/D","Colisión","Material Suelto","Faltante","Vegetación","Sin restricción"