"anio_acci","nro_acci","fecha","desc_dia","fecha_aprox","hora_aprox","desc_ruta","km","cant_participantes","desc_participante","calle_avenida_km","total","heridos_leves","heridos_graves","heridos_gravisimos","ilesos","fallecidos","sin_datos","posicion_XY","desc_tipo_via","desc_ruta_ori","desc_loc","desc_dpto","desc_tipo_calzada","desc_tipo_banquina","desc_unidad_regional","desc_lugar_calzada","desc_zona","desc_prioridad","desc_estado_semaforo","desc_lugar_via","desc_estado_via","desc_estado_visibilidad","desc_luminosidad","desc_estado_clima","desc_tipo_colision","desc_tipo_atropello","desc_tipo_hecho","desc_pres_calzada","desc_senializacion","desc_separacion_via","desc_restriccion"
2015,5548,09/08/2015,"Domingo",0,13:30:00,,"0.0",1,"Moto/Ciclomotor","Ruta Nac 1 Y Calle 2",1,1,0,0,0,0,0,,"Calle",,"ARROYO LEYES","La Capital","Asfalto","Natural","I","Dentro","Urbana","Ninguna","No existe","Recta","Bueno","S/D","Diurna","Buen Tiempo","Atropello animal","S/D","Atropello","Ninguna","Horizontal","Línea divisoria pintada","Sin restricción"
2015,5549,11/09/2015,"Viernes",0,16:10:00,,"0.0",2,"Peatón,Moto/Ciclomotor","Av A del Valle Y French",2,1,0,0,1,0,0,"-31.592416666667,-60.691944444444","Avenida",,"SANTA FE","La Capital","Asfalto","Pavimento","II","Dentro","Urbana","S/D","Funciona","Intersección","Bueno","Buena","Diurna","Buen Tiempo","S/D","S/D","Atropello","S/D","Vertical","S/D","S/D"
2015,5550,15/08/2015,"Sabado",0,11:20:00,,"0.0",2,"Automóvil,Moto/Ciclomotor"," ",2,1,0,0,1,0,0,,"Calle",,"LAGUNA PAIVA","La Capital","Asfalto","No existe","I","Dentro","Urbana","Ninguna","No existe","Intersección","Bueno","Buena","Diurna","Buen Tiempo","Lateral","S/D","Colisión","S/D","Faltante","Ninguna","Sin restricción"
2015,5551,21/08/2015,"Viernes",0,12:30:00,"Ruta Provincial 1","1.0",2,"Automóvil,Otros"," ",2,1,0,0,0,0,1,,"Ruta",1,"COLASTINE","La Capital","Asfalto","Natural","I","Dentro","Urbana","Ninguna","No existe","Recta","Bueno","Buena","Diurna","Buen Tiempo","Lateral","S/D","Colisión","Ninguna","S/D","Ninguna","Sin restricción"
2015,5552,18/08/2015,"Martes",0,10:45:00,,"0.0",2,"Automóvil,Peatón","Lavalle 6990",2,1,0,0,1,0,0,"-31.6065,-60.680805555556","Calle",,"SANTA FE","La Capital","Asfalto","No existe","I","Dentro","Urbana","Ninguna","No existe","Recta","Bueno","Buena","Diurna","Buen Tiempo","S/D","S/D","Atropello","Ninguna","Faltante","S/D","Sin restricción"
2015,5553,11/09/2015,"Viernes",0,17:35:00,,"0.0",2,"Bicicleta,Camión","Av A del Valle 8800",2,1,0,0,1,0,0,"-31.586805555556,-60.691222222222","Avenida",,"SANTA FE","La Capital","Asfalto","Natural","I","Dentro","Urbana","S/D","No existe","Recta","Bueno","Buena","Diurna","Buen Tiempo","S/D","S/D","Atropello","S/D","Faltante","S/D","S/D"
2015,5554,14/08/2015,"Viernes",0,22:00:00,,"0.0",2,"Pickup/Utilitario,Moto/Ciclomotor","Av Cordoba Y Chacabuco",3,2,0,0,1,0,0,,"Calle",,"LAGUNA PAIVA","La Capital","Tierra","No existe","I","Dentro","Urbana","Ninguna","No existe","Intersección","Con baches","Buena","Nocturna","Buen Tiempo","Lateral","S/D","Colisión","S/D","Faltante","Vegetación","Sin restricción"
2015,5555,24/08/2015,"Lunes",0,21:00:00,,"0.0",2,"Peatón,Moto/Ciclomotor","Riobamba 8400",2,2,0,0,0,0,0,"-31.597138888889,-60.664833333333","Calle",,"SANTA FE","La Capital","Tierra","No existe","I","Dentro","Urbana","Ninguna","No existe","Recta","Deteriorada","Reducida polvo","Nocturna","Buen Tiempo","S/D","S/D","Atropello","Ninguna","Faltante","S/D","Sin restricción"
2015,5556,04/08/2015,"Martes",0,12:20:00,"Ruta Provincial 1","2.0",2,"Moto/Ciclomotor,Otros"," ",2,1,0,0,0,0,1,,"Ruta",1,"SANTA FE","La Capital","Asfalto","Natural","I","S/D","Urbana","Semáforo","Funciona","Recta","Bueno","Buena","Diurna","Buen Tiempo","De alcance","S/D","Colisión","Ninguna","S/D","Ninguna","Sin restricción"
2015,5557,02/08/2015,"Domingo",0,12:40:00,"Ruta Provincial 1","2.0",2,"Moto/Ciclomotor,Automóvil"," ",2,1,0,0,1,0,0,,"Ruta",1,"SANTA FE","La Capital","Asfalto","Ripio","I","Dentro","Urbana","Semáforo","Funciona","Recta","Bueno","Buena","Diurna","Buen Tiempo","Lateral","S/D","Colisión","Ninguna","S/D","Ninguna","Sin restricción"
2015,5558,22/08/2015,"Sabado",0,16:00:00,"Ruta Provincial 1","1.0",2,"Moto/Ciclomotor,Automóvil"," ",2,1,0,0,0,0,1,,"Ruta",1,"COLASTINE","La Capital","Asfalto","Natural","I","Dentro","Urbana","Ninguna","No existe","Recta","Bueno","Buena","Diurna","Buen Tiempo","De alcance","S/D","Colisión","Ninguna","S/D","Ninguna","Sin restricción"
2015,5559,25/08/2015,"Martes",0,18:30:00,"Ruta Provincial 1","999.9",1,"Automóvil"," ",2,2,0,0,0,0,0,,"Ruta",1,"SAN JOSÉ DEL RINCÓN","La Capital","Asfalto","Natural","I","Dentro","Urbana","Ninguna","No existe","Recta","Bueno","Buena","Atardecer","Buen Tiempo","S/D","S/D","Vuelco","Ninguna","Faltante","Línea divisoria pintada","Sin restricción"
2015,5560,24/08/2015,"Lunes",0,16:55:00,,"0.0",2,"Automóvil,Moto/Ciclomotor","Javier de la Rosa Y Av Gral Lopez",2,1,0,0,1,0,0,,"Avenida",,"SANTA FE","La Capital","Asfalto","No existe","I","Dentro","Urbana","Semáforo","Funciona","Intersección","Bueno","Buena","Diurna","Buen Tiempo","Lateral","S/D","Colisión","Ninguna","Vertical","Línea divisoria pintada","S/D"
2015,5561,02/08/2015,"Domingo",0,00:40:00,"Ruta Provincial 1","10.0",2,"Automóvil,Moto/Ciclomotor"," ",2,1,0,0,1,0,0,,"Ruta",1,"SAN JOSÉ DEL RINCÓN","La Capital","Asfalto","Natural","I","S/D","Urbana","Ninguna","No existe","Intersección","Bueno","Buena","Nocturna","Buen Tiempo","Lateral","S/D","Colisión","Ninguna","S/D","Ninguna","Sin restricción"
2015,5562,22/08/2015,"Sabado",0,18:30:00,,"0.0",2,"Automóvil,Moto/Ciclomotor","Piedras Y Padre Genesio",2,1,0,0,1,0,0,,"Calle",,"SANTA FE","La Capital","Asfalto","No existe","I","S/D","Urbana","Ninguna","No existe","Intersección","Bueno","Buena","Diurna","Buen Tiempo","Lateral","S/D","Colisión","Ninguna","Faltante","Ninguna","Sin restricción"
2015,5563,11/08/2015,"Martes",0,15:00:00,,"0.0",2,"Moto/Ciclomotor,Moto/Ciclomotor","Maipu Y Juan B Alberdi",2,1,0,0,1,0,0,,"Calle",,"LAGUNA PAIVA","La Capital","Hormigón","No existe","I","Dentro","Urbana","Ninguna","No existe","Intersección","Bueno","Buena","Diurna","Buen Tiempo","Lateral","S/D","Colisión","S/D","Faltante","Ninguna","Sin restricción"
2015,5564,28/08/2015,"Viernes",0,18:30:00,,"0.0",2,"Moto/Ciclomotor,Pickup/Utilitario","Av Galicia Y Alberdi",2,1,0,0,1,0,0,,"S/D",,"SANTA FE","La Capital","S/D","S/D","I","S/D","S/D","S/D","S/D","Intersección","S/D","S/D","Diurna","S/D","Lateral","S/D","Colisión","S/D","S/D","S/D","S/D"
2015,5566,08/09/2015,"Martes",0,08:00:00,,"0.0",2,"Taxi/Remis,Moto/Ciclomotor","4 de Enero Y Callejón El Sable",2,1,0,0,1,0,0,,"Calle",,"SANTA FE","La Capital","Tierra,Ripio","Natural","I","Dentro","Urbana","S/D","No existe","Intersección","Deteriorada","Buena","Diurna","Buen Tiempo","Lateral","S/D","Colisión","Material Suelto","Faltante","S/D","S/D"
2015,5567,19/08/2015,"Miercoles",0,10:00:00,,"0.0",2,"Automóvil,Moto/Ciclomotor","Obispo Principe Y Tacuari",3,2,0,0,1,0,0,,"Calle",,"SANTA FE","La Capital","Asfalto","No existe","I","S/D","Urbana","Ninguna","No existe","Intersección","Bueno","Buena","Diurna","Buen Tiempo","Lateral","S/D","Colisión","Ninguna","Faltante","Ninguna","Sin restricción"
2015,5568,01/08/2015,"Sabado",0,06:50:00,"Ruta Provincial 1","6.0",2,"Automóvil,Moto/Ciclomotor"," ",2,0,1,0,1,0,0,,"Ruta",1,"SAN JOSÉ DEL RINCÓN","La Capital","Asfalto","Natural","I","S/D","Urbana","Ninguna","No existe","Recta","Bueno","Buena","Amanecer","Buen Tiempo","Lateral","S/D","Colisión","S/D","S/D","Línea divisoria pintada","Sin restricción"
2015,5569,03/08/2015,"Lunes",0,13:00:00,,"0.0",2,"Moto/Ciclomotor,Pickup/Utilitario","Av A del Valle Y Risso",3,1,0,0,2,0,0,,"Avenida",,"SANTA FE","La Capital","Asfalto","No existe","I","S/D","Urbana","Ninguna","No existe","Intersección","Bueno","Buena","Diurna","Buen Tiempo","Lateral","S/D","Colisión","Ninguna","Horizontal","Ninguna","Sin restricción"
2015,5570,27/08/2015,"Jueves",0,20:15:00,,"0.0",2,"Moto/Ciclomotor,Automóvil","Hernandarias Y Lavalle",2,1,0,0,1,0,0,,"Calle",,"SANTA FE","La Capital","S/D","S/D","I","Dentro","Urbana","S/D","S/D","Intersección","S/D","S/D","Nocturna","S/D","Lateral","S/D","Colisión","S/D","S/D","S/D","S/D"
2015,5571,14/08/2015,"Viernes",0,15:00:00,,"0.0",2,"Automóvil,Moto/Ciclomotor","J Castelli Y 1ro de Mayo",3,1,0,0,2,0,0,,"Calle",,"SANTA FE","La Capital","Asfalto","No existe","I","Dentro","Urbana","Ninguna","No existe","Intersección","Bueno","Buena","Diurna","Buen Tiempo","Lateral","S/D","Colisión","Ninguna","Faltante","Ninguna","Sin restricción"
2015,5572,06/09/2015,"Domingo",0,12:00:00,,"0.0",2,"Automóvil,Moto/Ciclomotor","Av Peñaloza Y Pje Rio Negro",2,1,0,0,1,0,0,,"Avenida",,"SANTA FE","La Capital","Tierra","Natural","I","Dentro","Urbana","S/D","No existe","Intersección","Con baches","Buena","Diurna","Buen Tiempo","Lateral","S/D","Colisión","Material Suelto","Faltante","S/D","S/D"
2015,5573,14/08/2015,"Viernes",0,09:00:00,,"0.0",2,"Automóvil,Bicicleta","San Jeronimo Y Pedro Centeno",2,1,0,0,1,0,0,"-31.627,-60.70225","Calle",,"SANTA FE","La Capital","Hormigón","No existe","I","Dentro","Urbana","Ninguna","No existe","Recta","Bueno","Buena","Diurna","Buen Tiempo","S/D","S/D","Atropello","Ninguna","Faltante","Ninguna","Sin restricción"
2015,5574,13/08/2015,"Jueves",0,20:00:00,,"0.0",2,"Peatón,Moto/Ciclomotor","Av A del Valle Y Pedro Centeno",2,1,0,0,1,0,0,"-31.627444444444,-60.700222222222","Avenida",,"SANTA FE","La Capital","Hormigón","No existe","I","Dentro","Urbana","Semáforo","Funciona","Recta","Bueno","Buena","Nocturna,Con luz artificial","Buen Tiempo","S/D","S/D","Atropello","Ninguna","Horizontal","Línea divisoria pintada","Sin restricción"
2015,5575,12/08/2015,"Miercoles",0,20:45:00,,"0.0",2,"Moto/Ciclomotor,Automóvil","Av A del Valle 6200",2,1,0,0,1,0,0,,"Avenida",,"SANTA FE","La Capital","Hormigón","No existe","I","Dentro","Urbana","Semáforo","Funciona","Intersección","Bueno","Buena","Nocturna,Con luz artificial","Buen Tiempo","Lateral","S/D","Colisión","Ninguna","Horizontal,Vertical","Línea divisoria pintada","Sin restricción"
2015,5576,10/08/2015,"Lunes",0,22:00:00,,"0.0",2,"Moto/Ciclomotor,Moto/Ciclomotor","Padilla Y Av Facundo Zuviria",2,1,0,0,1,0,0,,"Calle",,"SANTA FE","La Capital","Asfalto","No existe","I","Dentro","Urbana","Semáforo","Funciona","Intersección","Bueno","Buena","Nocturna,Con luz artificial","Otro","Lateral","S/D","Colisión","Ninguna","Horizontal","Línea divisoria pintada","Sin restricción"
2015,5577,10/08/2015,"Lunes",0,05:10:00,,"0.0",2,"Moto/Ciclomotor,Automóvil","Av A del Valle Y Estanislao Zeballos",2,1,0,0,1,0,0,,"Avenida",,"SANTA FE","La Capital","Asfalto","No existe","I","Dentro","Urbana","Paso Peatonal","Intermitente","Intersección","Bueno","Buena","Nocturna,Con luz artificial","Buen Tiempo","Lateral","S/D","Colisión","Ninguna","Horizontal","Cordón divisorio,Línea divisoria pintada","Sin restricción"
2015,5578,31/08/2015,"Lunes",0,08:30:00,,"0.0",2,"Camión,Pickup/Utilitario","Baldaccini Y Neuquen",4,3,0,0,1,0,0,,"Calle",,"MONTE VERA","La Capital","Ripio","No existe","I","Dentro","Urbana","Ninguna","No existe","Intersección","Bueno","Buena","Diurna","Buen Tiempo","Lateral","S/D","Colisión","S/D","S/D","Ninguna","Sin restricción"
2015,5579,27/08/2015,"Jueves",0,13:40:00,,"0.0",2,"Moto/Ciclomotor,Automóvil","GALLARDO  ",2,1,0,0,1,0,0,,"Calle",,"ANGEL GALLARDO","La Capital","Hormigón","Natural","I","Dentro","Urbana","Ninguna","No existe","Recta","Bueno","Buena","Diurna","Buen Tiempo","De alcance","S/D","Colisión","S/D","Faltante","Ninguna","Sin restricción"
2015,5580,26/08/2015,"Miercoles",0,18:40:00,,"0.0",2,"Moto/Ciclomotor,Moto/Ciclomotor","Angel Gallardo Y Rio Negro",3,2,0,0,1,0,0,,"Calle",,"MONTE VERA","La Capital","Ripio","No existe","I","Dentro","Urbana","Ninguna","No existe","Intersección","Bueno","Buena","Diurna","Buen Tiempo","Lateral","S/D","Colisión","S/D","Faltante","Ninguna","Sin restricción"
2015,5581,14/08/2015,"Viernes",0,20:15:00,,"0.0",2,"Automóvil,Moto/Ciclomotor","Av A del Valle 6600",3,1,0,0,2,0,0,,"Avenida",,"SANTA FE","La Capital","Hormigón","No existe","I","Dentro","Urbana","Semáforo","Funciona","Recta","Bueno","Buena","Nocturna","Buen Tiempo","De alcance","S/D","Colisión","Ninguna","Horizontal","Línea divisoria pintada","Sin restricción"
2015,5582,14/08/2015,"Viernes",0,02:00:00,,"0.0",1,"Automóvil"," ",2,1,0,0,1,0,0,,"Calle",,"ANGEL GALLARDO","La Capital","Tierra","No existe","I","Dentro","Urbana","Ninguna","No existe","Intersección","Resbaladiza","Reducida","Nocturna","Lluvia","S/D","S/D","Despiste","S/D","Faltante","Ninguna","Sin restricción"
2015,5583,18/08/2015,"Martes",0,17:10:00,,"13.0",2,"Automóvil,Moto/Ciclomotor"," ",3,2,0,0,1,0,0,,"Calle",,"ANGEL GALLARDO","La Capital","Hormigón","Ripio","I","Dentro","Urbana","Ninguna","No existe","Recta","Bueno","Buena","Diurna","Buen Tiempo","Lateral","S/D","Colisión","S/D","S/D","Ninguna","S/D"
2015,5584,27/08/2015,"Jueves",0,20:20:00,,"0.0",2,"Moto/Ciclomotor,Automóvil","Av Gral Paz Y Pje Mosquera",2,1,0,0,1,0,0,,"Avenida",,"SANTA FE","La Capital","Asfalto","No existe","I","Dentro","Urbana","Ninguna","No existe","Intersección","Bueno","Buena","Nocturna","Buen Tiempo","Lateral","S/D","Colisión","Ninguna","S/D","S/D","S/D"
2015,5585,04/09/2015,"Viernes",0,09:20:00,,"0.0",2,"Peatón,Moto/Ciclomotor","Javier de la Rosa Y San Martin",2,1,0,0,1,0,0,"-31.599111111111,-60.692527777778","Calle",,"SANTA FE","La Capital","Asfalto","Natural","I","Dentro","Urbana","S/D","No existe","Intersección","Deteriorada","Buena","Diurna","Buen Tiempo","S/D","S/D","Atropello","S/D","Faltante","S/D","S/D"
2015,5586,24/08/2015,"Lunes",0,13:40:00,,"0.0",1,"Automóvil","Regis Martinez Y Sarmiento",3,2,0,0,1,0,0,,"Calle",,"SANTA FE","La Capital","Asfalto","No existe","I","Dentro","Urbana","Ninguna","No existe","Intersección","Bueno","Buena","Diurna","Buen Tiempo","Lateral","S/D","Colisión","Ninguna","S/D","Ninguna","Sin restricción"
2015,5587,14/08/2015,"Viernes",0,10:30:00,,"0.0",2,"Automóvil,Moto/Ciclomotor","Martin Zapata Y Av A del Valle",2,1,0,0,1,0,0,,"Avenida",,"SANTA FE","La Capital","Hormigón","No existe","I","Dentro","Urbana","Ninguna","No existe","Intersección","Bueno","Buena","Diurna","Buen Tiempo","Lateral","S/D","Colisión","Ninguna","Faltante","Ninguna","Sin restricción"
2015,5588,07/08/2015,"Viernes",0,02:30:00,,"0.0",2,"Automóvil,Moto/Ciclomotor","San Martin Y Juan Del Campillo",3,2,0,0,1,0,0,,"Calle",,"SANTA FE","La Capital","Hormigón","No existe","I","Dentro","Urbana","Ninguna","No existe","Intersección","Bueno","Buena","Nocturna,Con luz artificial","Buen Tiempo","Lateral","S/D","Colisión","Ninguna","Faltante","Ninguna","Sin restricción"
2015,5589,11/08/2015,"Martes",0,08:30:00,,"0.0",2,"Pickup/Utilitario,Moto/Ciclomotor","9 de Julio Y Pedro Diaz Colodrero",2,1,0,0,1,0,0,,"Calle",,"SANTA FE","La Capital","Hormigón","S/D","I","Dentro","Urbana","Ninguna","S/D","Intersección","Bueno","Buena","Diurna","Buen Tiempo","Lateral","S/D","Colisión","Ninguna","Faltante","Ninguna","Sin restricción"
2015,5592,09/01/2015,"Viernes",0,12:55:00,"Ruta Nacional 11","771.0",1,"Tractor"," ",1,0,0,0,0,0,1,,"Ruta",11,"RECONQUISTA","General Obligado","S/D","S/D","IX","Fuera","S/D","S/D","S/D","Recta","S/D","S/D","Diurna","S/D","S/D","S/D","Vuelco","S/D","S/D","S/D","S/D"
2015,5593,23/08/2015,"Domingo",0,19:40:00,"Ruta Nacional 178","84.0",2,"Automóvil,Pickup/Utilitario"," ",5,1,0,0,4,0,0,,"Ruta",178,"BIGAND","Caseros","Asfalto","Pavimento","IV","Dentro","Urbana","Ninguna","No existe","Recta","Bueno","Buena","Atardecer,Con luz artificial","Buen Tiempo","Frontal","S/D","Colisión","Ninguna","Vertical","Línea divisoria pintada","S/D"
2015,5594,05/08/2015,"Miercoles",0,20:30:00,,"0.0",2,"Moto/Ciclomotor,Taxi/Remis","Martin Zapata Y 1ro de Mayo",2,1,0,0,1,0,0,,"Calle",,"SANTA FE","La Capital","Hormigón","No existe","I","Dentro","Urbana","Ninguna","No funciona","Recta","Bueno","Buena","Nocturna,Con luz artificial","Buen Tiempo","S/D","S/D","Colisión","S/D","Horizontal","Ninguna","Sin restricción"
2015,5595,17/08/2015,"Lunes",0,16:45:00,"Ruta Provincial 2","14.0",2,"Automóvil,Automóvil","Ruta pcial 2 Av San Martin 14",5,4,0,0,1,0,0,,"Ruta",2,"MONTE VERA","La Capital","Hormigón","Natural","I","S/D","Rural","Ninguna","No existe","Recta","Con baches","Reducida","Diurna","Lluvia","De alcance","S/D","Colisión","Agua","Faltante","Línea divisoria pintada","Sin restricción"
2015,5596,02/08/2015,"Domingo",0,18:30:00,,"0.0",2,"Bicicleta,Automóvil","Av A del Valle Y M De Polonia",2,1,0,0,1,0,0,"-31.618333333333,-60.698277777778","Calle",,"SANTA FE","La Capital","Asfalto","S/D","I","Dentro","Urbana","Semáforo","Funciona","Intersección","Bueno","Buena","Diurna","S/D","Lateral","S/D","Atropello","S/D","Faltante","Ninguna","Sin restricción"
2015,5597,06/08/2015,"Jueves",0,18:30:00,,"0.0",2,"Automóvil,Moto/Ciclomotor","Avellaneda Y Pje Calcena",2,1,0,0,1,0,0,,"Calle",,"SANTA FE","La Capital","Asfalto","No existe","I","S/D","Urbana","Ninguna","No existe","Intersección","Bueno","Buena","Atardecer","Buen Tiempo","Lateral","S/D","Colisión","Ninguna","S/D","Ninguna","Sin restricción"
2015,5598,01/08/2015,"Sabado",0,17:45:00,,"0.0",2,"Moto/Ciclomotor,Automóvil","Independencia Y Belgrano Manuel",3,1,1,0,1,0,0,,"Calle",,"CHAÑAR LADEADO","Caseros","Asfalto","S/D","IV","Dentro","Urbana","Ninguna","No existe","Intersección","Bueno","Buena","Diurna","Buen Tiempo","Lateral","S/D","Colisión","S/D","Vertical","S/D","Sin restricción"
2015,5599,02/08/2015,"Domingo",0,00:40:00,,"0.0",2,"Moto/Ciclomotor,Automóvil","San Jeronimo Y Cordoba",2,1,0,0,1,0,0,,"Calle",,"SANTA FE","La Capital","Hormigón","No existe","I","Dentro","Urbana","Ninguna","No existe","Intersección","Bueno","Buena","Nocturna,Con luz artificial","Buen Tiempo","Lateral","S/D","Colisión","S/D","Faltante","Ninguna","Sin restricción"
2015,5600,06/08/2015,"Jueves",0,13:46:00,,"0.0",2,"Moto/Ciclomotor,Automóvil","Candioti Y Agustin Delgado",2,1,0,0,1,0,0,,"Calle",,"SANTA FE","La Capital","Asfalto","No existe","I","S/D","Urbana","Ninguna","No existe","Intersección","Bueno","Buena","Diurna","Buen Tiempo","Lateral","S/D","Colisión","Ninguna","S/D","Ninguna","Sin restricción"
2015,5601,05/08/2015,"Miercoles",0,22:30:00,,"0.0",2,"Moto/Ciclomotor,Pickup/Utilitario","Rivadavia Y Alberti",2,1,0,0,1,0,0,,"Calle",,"SANTA FE","La Capital","Asfalto","No existe","I","S/D","Urbana","Ninguna","No existe","Intersección","Bueno","Reducida","Nocturna","Buen Tiempo","Lateral","S/D","Colisión","Ninguna","S/D","Ninguna","Sin restricción"
2015,5602,04/06/2015,"Jueves",0,20:10:00,,"0.0",2,"Pickup/Utilitario,Moto/Ciclomotor","Avenida Colon Y Mitre",3,2,0,0,1,0,0,,"Avenida",,"SAN JOSÉ DE LA ESQUINA","Caseros","Asfalto","No existe","IV","Dentro","Urbana","Señal Pare","No existe","Intersección","Bueno","Buena","Nocturna,Con luz artificial","Buen Tiempo","Frontal","S/D","Colisión","Ninguna","Horizontal,Vertical","S/D","Sin restricción"
2015,5603,04/08/2015,"Martes",0,18:30:00,,"0.0",2,"Moto/Ciclomotor,Pickup/Utilitario","Gutierrez Y Necochea",2,1,0,0,1,0,0,,"Calle",,"SANTA FE","La Capital","Asfalto","No existe","I","S/D","Urbana","Ninguna","No existe","Intersección","Bueno","Reducida","Atardecer","Buen Tiempo","Lateral","S/D","Colisión","Ninguna","S/D","Ninguna","Sin restricción"
2015,5604,04/08/2015,"Martes",0,14:30:00,,"0.0",2,"Moto/Ciclomotor,Automóvil","Hugo Wast 6300",2,1,0,0,1,0,0,,"Calle",,"SANTA FE","La Capital","Asfalto","No existe","I","Dentro","Urbana","Otra Señal","No existe","Recta","Con baches","Buena","Diurna","Buen Tiempo","Lateral","S/D","Colisión","S/D","Vertical","Cordón divisorio","Sin restricción"
2015,5605,22/08/2015,"Sabado",0,21:45:00,,"0.0",2,"Moto/Ciclomotor,Automóvil","Av Blas Parera Y Boneo",2,1,0,0,1,0,0,,"Avenida",,"SANTA FE","La Capital","Hormigón","Pavimento","I","Dentro","Urbana","Marca Vial","No existe","Intersección","Bueno","Buena","Nocturna,Con luz artificial","Buen Tiempo","Lateral","S/D","Colisión","S/D","Horizontal,Vertical","Cordón divisorio","Sin restricción"
2015,5606,03/08/2015,"Lunes",0,18:15:00,,"0.0",2,"Moto/Ciclomotor,Pickup/Utilitario","Centenario Y Pres Domingo Faustino Sarmient",2,1,0,0,1,0,0,,"Calle",,"SANTO TOMÉ","La Capital","Asfalto","No existe","I","Dentro","Urbana","Ninguna","No existe","Intersección","Bueno","Buena","Diurna","Buen Tiempo","Frontal","S/D","Colisión","Ninguna","Faltante","Ninguna","Sin restricción"
2015,5607,03/08/2015,"Lunes",0,20:15:00,,"0.0",2,"Moto/Ciclomotor,Automóvil","Guemes Y Agustin Delgado",2,1,0,0,1,0,0,,"Calle",,"SANTA FE","La Capital","Asfalto","No existe","I","S/D","Urbana","Ninguna","No existe","Intersección","Bueno","Reducida","Nocturna","Buen Tiempo","Lateral","S/D","Colisión","Ninguna","S/D","Ninguna","Sin restricción"
2015,5608,18/08/2015,"Martes",0,22:00:00,,"0.0",2,"Moto/Ciclomotor,Automóvil","Belgrano Y Salvador del Carril",2,1,0,0,1,0,0,,"Calle",,"SANTA FE","La Capital","Asfalto","No existe","I","Dentro","Urbana","Ninguna","No existe","Intersección","Bueno","Reducida","Nocturna","Buen Tiempo","Lateral","S/D","Colisión","Ninguna","S/D","Ninguna","Sin restricción"
2015,5609,03/08/2015,"Lunes",0,02:15:00,,"0.0",2,"Moto/Ciclomotor,Automóvil","Lavaisse Y Rivadavia",3,2,0,0,1,0,0,,"Calle",,"SANTA FE","La Capital","Asfalto","No existe","I","S/D","Urbana","Ninguna","No existe","Intersección","Bueno","Reducida","Nocturna","Buen Tiempo","Lateral","S/D","Colisión","Ninguna","S/D","Ninguna","Sin restricción"
2015,5610,17/08/2015,"Lunes",0,06:40:00,"Ruta Provincial 5","1.0",2,"Moto/Ciclomotor,Bicicleta"," ",2,2,0,0,0,0,0,"-31.533768, -60.712297","Ruta",5,"RECREO","La Capital","Asfalto","Natural","I","S/D","Urbana","Ninguna","No existe","Recta","Bueno","Buena","Amanecer","Buen Tiempo","S/D","S/D","Atropello","Ninguna","Horizontal","Línea divisoria pintada","Sin restricción"
2015,5611,16/08/2015,"Domingo",0,00:10:00,,"0.0",2,"Automóvil,Moto/Ciclomotor","Centenario Y Paula Albarracin de Sarmiento",4,1,0,0,3,0,0,,"Calle",,"SANTO TOMÉ","La Capital","Asfalto","No existe","I","Dentro","Urbana","Ninguna","No existe","Intersección","Bueno","Buena","Con luz artificial","Buen Tiempo","Lateral","S/D","Colisión","Ninguna","S/D","Ninguna","Sin restricción"
2015,5612,15/08/2015,"Sabado",0,18:00:00,,"0.0",2,"Automóvil,Bicicleta","San Jeronimo Y Juan Del Campillo",2,1,0,0,1,0,0,"-31.629722222222,-60.703027777778","Calle",,"SANTA FE","La Capital","Hormigón","No existe","I","Dentro","Urbana","Ninguna","No existe","Intersección","Bueno","Buena","Diurna","Buen Tiempo","S/D","S/D","Atropello","Ninguna","Faltante","Ninguna","Sin restricción"
2015,5613,02/08/2015,"Domingo",0,15:40:00,,"0.0",2,"Moto/Ciclomotor,Automóvil","Gorriti Y Santiago de Chile",2,1,0,0,1,0,0,,"S/D",,"SANTA FE","La Capital","Asfalto,Tierra","S/D","I","Dentro","Urbana","Ninguna","No existe","Intersección","Bueno","Buena","Diurna","Buen Tiempo","Lateral","S/D","Colisión","S/D","S/D","Ninguna","S/D"
2015,5614,08/08/2015,"Sabado",0,20:00:00,,"0.0",2,"Automóvil,Bicicleta","Centenario Y Pasaje Almte Guillermo Brown",3,2,0,0,1,0,0,"-31.665722222222,-60.761805555556","Calle",,"SANTO TOMÉ","La Capital","Asfalto","No existe","I","Dentro","Urbana","Ninguna","No existe","Cruce","Bueno","Buena","Con luz artificial","Buen Tiempo","S/D","S/D","Atropello","Agua","Faltante","Línea divisoria pintada","Desvío Provisorio"
2015,5615,25/08/2015,"Martes",0,18:30:00,,"0.0",2,"Automóvil,Vehículo Oficial"," ",2,1,0,0,1,0,0,,"Calle",,"SANTO TOMÉ","La Capital","Asfalto","Natural","I","Dentro","Rural","Ninguna","No existe","Intersección","Bueno","Buena","Atardecer","Buen Tiempo","De alcance","S/D","Colisión","Ninguna","Faltante","Ninguna","Sin restricción"