"anio_acci","nro_acci","fecha","desc_dia","fecha_aprox","hora_aprox","desc_ruta","km","cant_participantes","desc_participante","calle_avenida_km","total","heridos_leves","heridos_graves","heridos_gravisimos","ilesos","fallecidos","sin_datos","posicion_XY","desc_tipo_via","desc_ruta_ori","desc_loc","desc_dpto","desc_tipo_calzada","desc_tipo_banquina","desc_unidad_regional","desc_lugar_calzada","desc_zona","desc_prioridad","desc_estado_semaforo","desc_lugar_via","desc_estado_via","desc_estado_visibilidad","desc_luminosidad","desc_estado_clima","desc_tipo_colision","desc_tipo_atropello","desc_tipo_hecho","desc_pres_calzada","desc_senializacion","desc_separacion_via","desc_restriccion"
2015,5616,25/08/2015,"Martes",0,13:45:00,,"0.0",2,"Moto/Ciclomotor,Automóvil","Padre Genesio 2700",2,1,0,0,1,0,0,,"Calle",,"SANTA FE","La Capital","Asfalto","Natural","I","Dentro","Urbana","S/D","No existe","Recta","Deteriorada","Buena","Diurna","Buen Tiempo","Lateral","S/D","Colisión","Ninguna","Faltante","S/D","S/D"
2015,5617,03/08/2015,"Lunes",0,16:00:00,,"0.0",2,"Moto/Ciclomotor,Moto/Ciclomotor","Av A del Valle Y Gorriti",2,2,0,0,0,0,0,,"Avenida",,"SANTA FE","La Capital","Asfalto","Pavimento","I","Dentro","Urbana","Semáforo","Funciona","Intersección","Bueno","Buena","Diurna","Buen Tiempo","Lateral","S/D","Colisión","Ninguna","Vertical","Cordón divisorio","S/D"
2015,5618,19/08/2015,"Miercoles",0,20:35:00,,"0.0",2,"Moto/Ciclomotor,Automóvil","Avenida General Bartolome Mitr Y Avenida Del Trabajo",2,1,0,0,1,0,0,,"Avenida",,"SANTO TOMÉ","La Capital","Asfalto","No existe","I","Dentro","Urbana","Ninguna","No existe","Intersección","Bueno","Reducida","Con luz artificial","Viento Fuerte","Lateral","S/D","Colisión","Ninguna","Faltante","Ninguna","Sin restricción"
2015,5619,02/08/2015,"Domingo",0,15:00:00,,"0.0",2,"Automóvil,Moto/Ciclomotor","Av Gral Paz Y Ayacucho",2,1,0,0,1,0,0,,"Calle",,"SANTA FE","La Capital","Asfalto","Ripio","I","Dentro","Urbana","Ninguna","No existe","Intersección","Bueno","Buena","Diurna","Buen Tiempo","Lateral","S/D","Colisión","S/D","Faltante","Ninguna","Sin restricción"
2015,5620,28/08/2015,"Viernes",0,03:30:00,,"0.0",2,"Pickup/Utilitario,Moto/Ciclomotor","Mariano Candioti Y Juan de Garay",2,1,0,0,1,0,0,,"Calle",,"SANTO TOMÉ","La Capital","Asfalto","No existe","I","Dentro","Urbana","Semáforo","Funciona","Intersección","Bueno","Buena","Con luz artificial","Otro","Otro","S/D","Colisión","Otro","Faltante","Línea divisoria pintada","Sin restricción"
2015,5621,08/08/2015,"Sabado",0,17:40:00,,"0.0",2,"Pickup/Utilitario,Moto/Ciclomotor","Espora 700",2,1,0,0,1,0,0,,"Calle",,"SANTA FE","La Capital","Asfalto","No existe","I","Dentro","Urbana","Ninguna","No existe","Intersección","S/D","Buena","Diurna","Buen Tiempo","Lateral","S/D","Colisión","S/D","Faltante","Ninguna","Sin restricción"
2015,5622,15/09/2015,"Martes",0,17:35:00,,"0.0",2,"Pickup/Utilitario,Moto/Ciclomotor","Pres Domingo Faustino Sarmient Y Mariano Moreno",2,0,1,0,1,0,0,,"Calle",,"SANTO TOMÉ","La Capital","Asfalto","No existe","I","Dentro","Urbana","Ninguna","No existe","Intersección","Deteriorada","Buena","Diurna","Otro","Lateral","S/D","Colisión","Agua","Faltante","Ninguna","Sin restricción"
2015,5623,28/08/2015,"Viernes",0,15:40:00,,"0.0",2,"Moto/Ciclomotor,Automóvil","AV 7 DE MARZO Y PUENTE CARRETERO",2,1,0,0,1,0,0,,"Calle",,"SANTO TOMÉ","La Capital","Asfalto","Natural","I","Dentro","Urbana","Ninguna","No existe","Puente","Deteriorada","Buena","Diurna","Buen Tiempo","Frontal","S/D","Colisión","Ninguna","Faltante","Ninguna","Sin restricción"
2015,5624,28/08/2015,"Viernes",0,17:00:00,,"0.0",1,,"Entre Rios Y Pres Domingo Faustino Sarmient",2,1,0,0,1,0,0,,"Calle",,"SANTO TOMÉ","La Capital","Asfalto","No existe","I","Dentro","Urbana","Ninguna","No existe","Intersección","Con baches","Reducida","Diurna","Viento Fuerte","Otro","S/D","Colisión","Otro","Faltante","Ninguna","Sin restricción"
2015,5625,28/08/2015,"Viernes",0,17:00:00,,"0.0",2,"Moto/Ciclomotor,Pickup/Utilitario","Entre Rios Y Pres Domingo Faustino Sarmient",2,1,0,0,1,0,0,,"Calle",,"SANTO TOMÉ","La Capital","Asfalto","No existe","I","Dentro","Urbana","Ninguna","No existe","Intersección","Con baches","Reducida","Diurna","Viento Fuerte","Otro","S/D","Colisión","Otro","Faltante","Ninguna","Sin restricción"
2015,5626,17/08/2015,"Lunes",0,17:50:00,,"0.0",2,"Moto/Ciclomotor,Moto/Ciclomotor","Av Gral Paz Y Pedro Ferre",2,1,0,0,1,0,0,,"Avenida",,"SANTA FE","La Capital","Asfalto","No existe","I","Dentro","Urbana","Ninguna","No existe","Intersección","Bueno","Buena","Diurna","Buen Tiempo","Lateral","S/D","Colisión","Ninguna","S/D","Línea divisoria pintada","Sin restricción"
2015,5627,25/08/2015,"Martes",0,08:15:00,,"0.0",2,"Automóvil,Automóvil","PUENTE CARRETERO ",2,1,0,0,1,0,0,,"Calle",,"SANTO TOMÉ","La Capital","Asfalto","Natural","I","Dentro","Urbana","Ninguna","No existe","Puente","Con baches","Buena","Amanecer","Buen Tiempo","De alcance","S/D","Colisión","Ninguna","Faltante","Ninguna","Sin restricción"
2015,5628,30/08/2015,"Domingo",0,18:45:00,,"0.0",2,"Automóvil,Moto/Ciclomotor","Av 7 de marzo Y Azcuenaga",2,1,0,0,1,0,0,,"Avenida",,"SANTO TOMÉ","La Capital","Ripio","Ripio","I","Dentro","Urbana","Ninguna","No existe","Intersección","Deteriorada","Reducida","Atardecer","Viento Fuerte","Otro","S/D","Colisión","Otro","Faltante","Ninguna","Sin restricción"
2015,5629,23/08/2015,"Domingo",0,20:00:00,,"0.0",2,"Automóvil,Moto/Ciclomotor","Mitre Y Reg 12 de Infanteria",3,2,0,0,1,0,0,,"Calle",,"SANTA FE","La Capital","Asfalto","No existe","I","Dentro","Urbana","Ninguna","No existe","Intersección","Bueno","Buena","Nocturna,Con luz artificial","Buen Tiempo","Lateral","S/D","Colisión","S/D","Faltante","Ninguna","Sin restricción"
2015,5630,27/08/2015,"Jueves",0,10:10:00,,"0.0",2,"Automóvil,Moto/Ciclomotor","Av 7 de marzo Y Centenario",2,1,0,0,1,0,0,,"Avenida",,"SANTO TOMÉ","La Capital","Asfalto","No existe","I","Dentro","Urbana","Semáforo","Funciona","Intersección","Bueno","Buena","Diurna","Otro","Otro","S/D","Colisión","Ninguna","Faltante","Ninguna","Sin restricción"
2015,5631,21/08/2015,"Viernes",0,14:50:00,,"0.0",2,"Pickup/Utilitario,Moto/Ciclomotor","Salvador del Carril Y Laprida",4,1,0,0,3,0,0,,"Calle",,"SANTA FE","La Capital","Asfalto","No existe","I","Dentro","Urbana","Ninguna","No existe","Intersección","Bueno","Buena","Diurna","Buen Tiempo","Lateral","S/D","Colisión","S/D","S/D","Ninguna","Sin restricción"
2015,5632,04/08/2015,"Martes",0,,,"0.0",2,"Moto/Ciclomotor,Automóvil","Pres Domingo Faustino Sarmient Y Juan Jose Castelli",2,1,0,0,1,0,0,,"Calle",,"SANTO TOMÉ","La Capital","Asfalto","No existe","I","Dentro","Urbana","Ninguna","No existe","Intersección","Bueno","Buena","Con luz artificial","Buen Tiempo","Otro","S/D","Colisión","Ninguna","Faltante","Ninguna","Sin restricción"
2015,5633,21/08/2015,"Viernes",0,08:00:00,,"0.0",2,"Bicicleta,Pickup/Utilitario","Rivadavia Y J M Zuviria",2,1,0,0,1,0,0,"-31.617722222222,-60.695722222222","Calle",,"SANTA FE","La Capital","Asfalto","No existe","I","Dentro","Urbana","Ninguna","No existe","Intersección","Bueno","Buena","Diurna","Buen Tiempo","Lateral","S/D","Atropello","S/D","S/D","Ninguna","Sin restricción"
2015,5634,10/08/2015,"Lunes",0,11:30:00,,"0.0",2,"Automóvil,Moto/Ciclomotor","Nicolas Avellaneda Y Simon de Iriondo",2,1,0,0,1,0,0,,"Calle",,"SANTO TOMÉ","La Capital","Asfalto","No existe","I","Dentro","Urbana","Ninguna","No existe","Intersección","Otro","Buena","Diurna","Buen Tiempo","Otro","S/D","Colisión","Agua","Horizontal","Ninguna","Sin restricción"
2015,5635,29/08/2015,"Sabado",0,20:50:00,,"0.0",2,"Automóvil,Moto/Ciclomotor","Maipu Y Juan B Alberdi",2,1,0,0,1,0,0,,"Calle",,"LAGUNA PAIVA","La Capital","Hormigón","No existe","I","Dentro","Urbana","Ninguna","No existe","Intersección","Bueno","Buena","Nocturna,Con luz artificial","Buen Tiempo","Lateral","S/D","Colisión","Ninguna","Faltante","Ninguna","Sin restricción"
2015,5636,16/08/2015,"Domingo",0,19:00:00,,"0.0",2,"Moto/Ciclomotor,Moto/Ciclomotor","Pje Calcena Y Dorrego",2,2,0,0,0,0,0,,"Calle",,"SANTA FE","La Capital","Asfalto","No existe","I","Dentro","Urbana","Ninguna","No existe","Intersección","Bueno","Reducida","Nocturna","Buen Tiempo","Lateral","S/D","Colisión","Ninguna","S/D","Ninguna","Sin restricción"
2015,5637,19/08/2015,"Miercoles",0,13:15:00,,"0.0",2,"Moto/Ciclomotor,Automóvil","Alvear Y Lavaisse",2,1,0,0,1,0,0,,"Calle",,"SANTA FE","La Capital","Asfalto","No existe","I","Dentro","Urbana","Ninguna","No existe","Intersección","Bueno","Buena","Diurna","Buen Tiempo","Lateral","S/D","Colisión","Ninguna","S/D","Ninguna","Sin restricción"
2015,5638,14/08/2015,"Viernes",0,18:10:00,,"0.0",2,"Peatón,Automóvil","Av Gral Paz 5000",2,1,0,0,1,0,0,"-31.624055555556,-60.688583333333","Calle",,"SANTA FE","La Capital","Asfalto","No existe","I","Dentro","Urbana","Ninguna","No existe","Recta","Bueno","Buena","Atardecer","Buen Tiempo","S/D","S/D","Atropello","Ninguna","S/D","Ninguna","Sin restricción"
2015,5639,14/08/2015,"Viernes",0,11:45:00,,"0.0",2,"Peatón,Moto/Ciclomotor","Av Gral Paz Y Ricardo Aldao",2,1,0,0,1,0,0,"-31.61325,-60.680611111111","Avenida",,"SANTA FE","La Capital","Asfalto","No existe","I","Dentro","Urbana","Ninguna","Funciona","Recta","Bueno","S/D","Diurna","Buen Tiempo","S/D","S/D","Atropello","Ninguna","S/D","Línea divisoria pintada","Sin restricción"
2015,5640,14/08/2015,"Viernes",0,15:40:00,,"0.0",2,"Pickup/Utilitario,Moto/Ciclomotor","Avellaneda Y Centenera",3,2,0,0,1,0,0,,"Calle",,"SANTA FE","La Capital","Asfalto","No existe","I","Dentro","Urbana","Marca Vial","No existe","Intersección","Bueno","Buena","Diurna","Otro","De alcance","S/D","Colisión","Ninguna","Faltante","Línea divisoria pintada","Sin restricción"
2015,5641,01/08/2015,"Sabado",0,,,"0.0",2,"Moto/Ciclomotor,Automóvil","Av Blas Parera Y Angel Cassanello",2,1,0,0,1,0,0,,"Avenida",,"SANTA FE","La Capital","Hormigón","Pavimento","I","Dentro","Urbana","S/D","Funciona","Intersección","Deteriorada","Buena","S/D","Buen Tiempo","Lateral","S/D","Colisión","Agua","Vertical","Cordón divisorio","Sin restricción"
2015,5642,19/08/2015,"Miercoles",0,04:10:00,,"0.0",2,"Automóvil,Automóvil","4 de enero 3800",2,1,0,0,1,0,0,,"Calle",,"SANTO TOMÉ","La Capital","Ripio","No existe","I","Dentro","Urbana","Ninguna","No existe","Recta","Con baches","Reducida","Nocturna,Con luz artificial","Otro","S/D","S/D","S/D","Material Suelto","Faltante","Vegetación","Sin restricción"
2015,5643,29/08/2015,"Sabado",0,20:25:00,,"0.0",2,"Automóvil,Moto/Ciclomotor","Av Blas Parera 9000",4,1,0,0,3,0,0,,"Avenida",,"SANTA FE","La Capital","Hormigón","Pavimento","III","S/D","Urbana","Semáforo","Funciona","Intersección","Bueno","Buena","Nocturna","Buen Tiempo","Lateral","S/D","Colisión","Ninguna","Vertical","Guardarrail","Sin restricción"
2015,5644,27/08/2015,"Jueves",0,,,"0.0",2,"Automóvil,Bicicleta","Juan Diaz de Solis Y Moreno",2,1,0,0,1,0,0,"-31.651361111111,-60.728805555556","Calle",,"SANTA FE","La Capital","Asfalto","No existe","I","Dentro","Urbana","Ninguna","No existe","Intersección","Bueno","Buena","Nocturna,Con luz artificial","Buen Tiempo","S/D","S/D","Atropello","Ninguna","Faltante","Ninguna","Sin restricción"
2015,5645,31/08/2015,"Lunes",0,23:15:00,,"0.0",2,"Moto/Ciclomotor,Pickup/Utilitario","Hipolito Irigoyen Y 12 de septiembre",2,1,0,0,1,0,0,,"Calle",,"SANTO TOMÉ","La Capital","Asfalto","No existe","I","Dentro","Urbana","Ninguna","No existe","Intersección","Bueno","Buena","Nocturna","Buen Tiempo","Lateral","S/D","Colisión","Ninguna","Faltante","Ninguna","Sin restricción"
2015,5646,03/08/2015,"Lunes",0,,,"0.0",2,"Moto/Ciclomotor,Otros","Pedro Espinosa ",3,2,0,0,1,0,0,,"Calle",,"SANTA FE","La Capital","Tierra","No existe","I","S/D","Urbana","Ninguna","No existe","Intersección","Con baches","Buena","Atardecer","Buen Tiempo","Lateral","S/D","Colisión","S/D","Faltante","Ninguna","Sin restricción"
2015,5647,01/08/2015,"Sabado",0,12:20:00,,"0.0",2,"Automóvil,Moto/Ciclomotor","Azcuenaga Y Santiago del Estero",2,1,0,0,1,0,0,,"Calle",,"SANTA FE","La Capital","Ripio","No existe","I","Dentro","Urbana","Ninguna","No existe","Intersección","Deteriorada","Reducida","Diurna","Lluvia","Otro","S/D","Colisión","Material Suelto","Faltante","Ninguna","Sin restricción"
2015,5648,11/08/2015,"Martes",0,11:30:00,"Ruta Nacional 11","515.0",2,"Automóvil,Automóvil"," ",3,1,0,0,2,0,0,,"Ruta",11,"LLAMBI CAMPBELL","La Capital","Asfalto","Natural","I","Dentro","Rural","Marca Vial","No existe","Recta","Bueno","Buena","Diurna","Buen Tiempo","Frontal","S/D","Colisión","Ninguna","Horizontal","Línea divisoria pintada","Sin restricción"
2015,5649,25/08/2015,"Martes",0,13:50:00,,"0.0",2,"Automóvil,Moto/Ciclomotor","Avenida Nuestra Señora del Luj Y Juan Antonio Alvarez de Arenal",2,1,0,0,1,0,0,,"Avenida",,"SANTO TOMÉ","La Capital","Asfalto","No existe","I","Dentro","Urbana","Semáforo","Funciona","Intersección","Bueno","Buena","Diurna","Buen Tiempo","Lateral","S/D","Colisión","Ninguna","Vertical","Línea divisoria pintada","Sin restricción"
2015,5650,19/08/2015,"Miercoles",0,16:00:00,,"0.0",2,"Moto/Ciclomotor,Automóvil","Angel Cassanello Y Alberdi",2,1,0,0,1,0,0,,"Calle",,"SANTA FE","La Capital","Asfalto","No existe","I","Dentro","Urbana","Ninguna","No existe","Intersección","Bueno","Buena","Diurna","Buen Tiempo","Lateral","S/D","Colisión","S/D","S/D","Ninguna","Sin restricción"
2015,5651,22/08/2015,"Sabado",0,12:30:00,,"0.0",2,"Camión,Automóvil","Matheu Y Av Facundo Zuviria",2,1,0,0,1,0,0,,"Calle",,"SANTA FE","La Capital","Asfalto","Pavimento","I","Dentro","Urbana","S/D","No existe","Intersección","Bueno","Buena","Diurna","Buen Tiempo","Lateral","S/D","Colisión","S/D","Faltante","Ninguna","S/D"
2015,5652,08/08/2015,"Sabado",0,13:50:00,"Ruta Nacional 11","0.0",2,"Automóvil,Moto/Ciclomotor","Ruta Nac 11 Y Suiza",2,1,0,0,1,0,0,,"Ruta",11,"SAUCE VIEJO","La Capital","Asfalto","Natural","I","Dentro","Urbana","Ninguna","No existe","Intersección","Bueno","Buena","Diurna","Buen Tiempo","Lateral","S/D","Colisión","S/D","Faltante","Línea divisoria pintada","Sin restricción"
2015,5653,04/08/2015,"Martes",0,07:30:00,,"0.0",2,"Automóvil,Pickup/Utilitario","Reg 12 de Infanteria Y Av Facundo Zuviria",2,1,0,0,1,0,0,,"Calle",,"SANTA FE","La Capital","Asfalto","Pavimento","I","Dentro","Urbana","Ninguna","No existe","Intersección","Bueno","Buena","Diurna","Buen Tiempo","Lateral","S/D","Colisión","S/D","S/D","Ninguna","Sin restricción"
2015,5654,30/09/2015,"Miercoles",0,14:00:00,,"0.0",2,"Automóvil,Moto/Ciclomotor","12 de septiembre Y Irak",2,1,0,0,1,0,0,,"Calle",,"SANTO TOMÉ","La Capital","Tierra,Ripio","No existe","I","Dentro","Urbana","S/D","No existe","Intersección","Bueno","Buena","Diurna","Buen Tiempo","Lateral","S/D","Colisión","S/D","Faltante","S/D","Sin restricción"
2015,5655,27/08/2015,"Jueves",0,14:12:00,,"0.0",2,"Bicicleta,Automóvil","Avenida Nuestra Señora del Luj 4100",2,1,0,0,1,0,0,"-31.68425,-60.777916666667","Avenida",,"SANTO TOMÉ","La Capital","Asfalto","Natural","I","Dentro","Urbana","Ninguna","No existe","Recta","Bueno","Buena","Diurna","Buen Tiempo","S/D","S/D","Atropello","S/D","S/D","S/D","Sin restricción"
2015,5656,05/08/2015,"Miercoles",0,11:25:00,,"0.0",2,"Moto/Ciclomotor,Automóvil","Mariano Candioti Y Tomas Lubary",2,1,0,0,0,0,1,,"Calle",,"SANTO TOMÉ","La Capital","Ripio","No existe","I","Dentro","Urbana","Ninguna","No existe","Intersección","Deteriorada","Buena","Diurna","Buen Tiempo","De alcance","S/D","Colisión","Material Suelto","Faltante","Ninguna","Sin restricción"
2015,5657,11/08/2015,"Martes",0,08:00:00,"Ruta Nacional 11","450.0",2,"Automóvil,Moto/Ciclomotor","Ruta Nac 11 450",2,1,0,0,1,0,0,,"Ruta",11,"SAUCE VIEJO","La Capital","Asfalto","Natural","I","S/D","Urbana","Ninguna","No existe","Recta","Bueno","Buena","Diurna","Buen Tiempo","De alcance","S/D","Colisión","S/D","Faltante","Línea divisoria pintada","Sin restricción"
2015,5658,21/08/2015,"Viernes",0,18:00:00,,"0.0",2,"Moto/Ciclomotor,Automóvil","4 de enero Y Martin Zavalla",2,1,0,0,1,0,0,,"Calle",,"SANTO TOMÉ","La Capital","Tierra,Ripio","No existe","I","Fuera","Urbana","S/D","No existe","Intersección","Bueno","Buena","Diurna","Buen Tiempo","Lateral","S/D","Colisión","S/D","S/D","S/D","Sin restricción"
2015,5659,18/08/2015,"Martes",0,11:25:00,,"0.0",2,"Automóvil,Automóvil","4 de enero 3800",2,1,0,0,1,0,0,,"Calle",,"SANTO TOMÉ","La Capital","Tierra","No existe","I","Dentro","Urbana","S/D","No existe","Recta","Bueno","Buena","Diurna","Buen Tiempo","Lateral","S/D","Colisión","S/D","S/D","Ninguna","Sin restricción"
2015,5660,19/08/2015,"Miercoles",0,21:20:00,,"0.0",2,"Moto/Ciclomotor,Automóvil","Pres Domingo Faustino Sarmient Y Azcuenaga",2,1,0,0,1,0,0,,"Calle",,"SANTO TOMÉ","La Capital","Asfalto","No existe","I","S/D","Urbana","Ninguna","S/D","Intersección","Bueno","Buena","Nocturna","Buen Tiempo","Lateral","S/D","Colisión","Ninguna","Faltante","Ninguna","Sin restricción"
2015,5661,29/07/2015,"Miercoles",0,16:50:00,"Autopista Provincial Brigadier E.López","0.0",2,"Moto/Ciclomotor,Moto/Ciclomotor","Autopista Santa Fe_Rosario ",3,2,0,0,1,0,0,,"Autopista","Brigadier E.López","SANTO TOMÉ","La Capital","Asfalto","Natural","I","S/D","Rural","Ninguna","No existe","Recta","Bueno","Buena","Diurna","Buen Tiempo","Lateral","S/D","Colisión","Ninguna","S/D","Vegetación","Sin restricción"
2015,5662,10/07/2015,"Viernes",0,18:15:00,,"0.0",2,"Moto/Ciclomotor,Pickup/Utilitario","Avenida Nuestra Señora del Luj Y 9 de julio",2,1,0,0,1,0,0,,"Avenida",,"SANTO TOMÉ","La Capital","Asfalto","No existe","I","Dentro","Urbana","Semáforo","No existe","Intersección","Bueno","Buena","Diurna","Buen Tiempo","Lateral","S/D","Colisión","Ninguna","Faltante","Ninguna","Sin restricción"
2015,5663,14/08/2015,"Viernes",0,11:15:00,,"0.0",3,"Peatón,Moto/Ciclomotor,Automóvil","Av A del Valle Y J Castelli",3,2,0,0,1,0,0,"-31.60675,-60.693027777778","Avenida",,"SANTA FE","La Capital","Asfalto","No existe","I","Dentro","Urbana","Semáforo","Funciona","Intersección","Bueno","Buena","Diurna","Buen Tiempo","Lateral","S/D","Colisión,Atropello","Ninguna","S/D","Ninguna","Sin restricción"
2015,5664,09/08/2015,"Domingo",0,17:00:00,,"0.0",2,"Automóvil,Automóvil","Av A del Valle Y Alfonsina Storni",2,1,0,0,1,0,0,,"Calle",,"SANTA FE","La Capital","Asfalto","S/D","I","Dentro","Urbana","S/D","No existe","Intersección","S/D","Buena","Diurna","Buen Tiempo","De alcance","S/D","Colisión","S/D","Faltante","S/D","S/D"
2015,5665,08/08/2015,"Sabado",0,22:00:00,,"0.0",2,"Bicicleta,Moto/Ciclomotor","Av Facundo Zuviria Y Javier de la Rosa",2,2,0,0,0,0,0,"-31.597333333333,-60.700444444444","Calle",,"SANTA FE","La Capital","Asfalto","Natural","I","Dentro","Urbana","S/D","No existe","Intersección","Bueno","Buena","Nocturna,Con luz artificial","Buen Tiempo","Lateral","S/D","Atropello","S/D","Faltante","S/D","S/D"
2015,5666,08/08/2015,"Sabado",0,20:00:00,,"0.0",2,"Automóvil,Automóvil","Av A del Valle Y Alfonsina Storni",2,1,0,0,1,0,0,,"Calle",,"SANTA FE","La Capital","Asfalto","Pavimento","I","Dentro","Urbana","Ninguna","No existe","Intersección","Bueno","Buena","Nocturna,Con luz artificial","Buen Tiempo","Lateral","S/D","Colisión","S/D","Faltante","Ninguna","S/D"
2015,5667,18/08/2015,"Martes",0,13:00:00,"Ruta Nacional 11","480.0",2,"Moto/Ciclomotor,Automóvil"," ",3,1,1,0,1,0,0,,"Ruta",11,"RECREO","La Capital","Asfalto,Ripio","Natural","I","S/D","Urbana","Ninguna","No existe","Intersección","Bueno","Buena","Diurna","Buen Tiempo","Lateral","S/D","Colisión","Ninguna","Horizontal","Línea divisoria pintada","Sin restricción"
2015,5668,22/08/2015,"Sabado",0,11:00:00,"Ruta Nacional 11","0.0",2,"Camión,Moto/Ciclomotor","Av Circunvalación Y Laurencio Maradona",2,1,0,0,1,0,0,,"Ruta",11,"SANTA FE","La Capital","Asfalto","Ripio","I","Dentro","Urbana","Ninguna","No existe","Recta","Bueno","Buena","Diurna","Buen Tiempo","Lateral","S/D","Colisión","Ninguna","Horizontal","Línea divisoria pintada","Sin restricción"
2015,5669,28/08/2015,"Viernes",0,14:00:00,,"0.0",2,"Bicicleta,Automóvil","Ituzaingo Y Avellaneda",2,1,0,0,1,0,0,"-31.640722222222,-60.688583333333","Calle",,"SANTA FE","La Capital","S/D","S/D","I","Dentro","Urbana","S/D","S/D","Intersección","S/D","Buena","Diurna","S/D","S/D","S/D","Atropello","S/D","S/D","S/D","S/D"
2015,5670,27/08/2015,"Jueves",0,14:30:00,,"0.0",2,"Automóvil,Moto/Ciclomotor","Av Leandro Alem Y Alberdi",2,1,0,0,1,0,0,,"Calle",,"SANTA FE","La Capital","S/D","S/D","I","Dentro","Urbana","S/D","S/D","Intersección","S/D","S/D","Diurna","S/D","S/D","S/D","Colisión","S/D","S/D","S/D","S/D"
2015,5671,29/01/2015,"Jueves",0,,,"0.0",1,"Otros"," ",1,0,0,0,0,1,0,"-32.905849, -60.701079","S/D",,"ROSARIO","Rosario","S/D","S/D","II","S/D","Urbana","S/D","S/D","S/D","S/D","S/D","S/D","S/D","S/D","S/D","S/D","S/D","S/D","S/D","S/D"
2015,5672,12/02/2015,"Jueves",0,,,"0.0",2,"Moto/Ciclomotor,Otros"," ",2,0,0,0,0,1,1,"-32.985291, -60.678548","S/D",,"ROSARIO","Rosario","S/D","S/D","II","S/D","Urbana","S/D","S/D","S/D","S/D","S/D","S/D","S/D","S/D","S/D","Colisión","S/D","S/D","S/D","S/D"
2015,5673,25/08/2015,"Martes",0,04:00:00,,"0.0",2,"Moto/Ciclomotor,Automóvil","Av 7 Jefes 4300",2,1,0,0,1,0,0,,"Calle",,"SANTA FE","La Capital","S/D","S/D","I","Dentro","Urbana","S/D","S/D","Recta","S/D","S/D","Nocturna","S/D","Lateral","S/D","Colisión","S/D","S/D","S/D","S/D"
2015,5674,24/08/2015,"Lunes",0,00:30:00,,"0.0",2,"Vehículo Oficial,Automóvil","Bv Galvez Y Velez Sarsfield",5,4,0,0,1,0,0,,"Calle",,"SANTA FE","La Capital","S/D","S/D","I","Dentro","Urbana","S/D","Funciona","Intersección","S/D","S/D","Nocturna","S/D","S/D","S/D","Colisión","S/D","S/D","S/D","S/D"
2015,5675,22/08/2015,"Sabado",0,06:30:00,,"0.0",2,"Moto/Ciclomotor,Automóvil","Balcarce Y Belgrano",2,1,0,0,1,0,0,,"Calle",,"SANTA FE","La Capital","S/D","S/D","I","Dentro","Urbana","S/D","S/D","Intersección","S/D","S/D","Nocturna","S/D","S/D","S/D","Colisión","S/D","S/D","S/D","S/D"
2015,5676,20/08/2015,"Jueves",0,02:00:00,,"0.0",2,"Moto/Ciclomotor,Automóvil"," ",2,1,0,0,1,0,0,,"Calle",,"SANTA FE","La Capital","S/D","S/D","I","Dentro","Urbana","S/D","S/D","Intersección","S/D","S/D","Nocturna","S/D","S/D","S/D","Colisión","S/D","S/D","S/D","S/D"
2015,5677,19/08/2015,"Miercoles",0,17:00:00,,"0.0",2,"Pickup/Utilitario,Moto/Ciclomotor","Av Leandro Alem Y Gdor Candioti",2,1,0,0,1,0,0,,"Avenida",,"SANTA FE","La Capital","S/D","S/D","I","S/D","Urbana","S/D","S/D","Intersección","S/D","S/D","Diurna","S/D","S/D","S/D","Colisión","S/D","S/D","S/D","S/D"
2015,5678,19/08/2015,"Miercoles",0,09:30:00,,"0.0",2,"Automóvil,Pickup/Utilitario","Gdor Candioti Y Pje Santa Maria de Oro",2,1,0,0,1,0,0,,"Calle",,"SANTA FE","La Capital","S/D","S/D","I","S/D","Urbana","S/D","S/D","Intersección","S/D","S/D","Diurna","S/D","S/D","S/D","Colisión","S/D","S/D","S/D","S/D"
2015,5679,18/08/2015,"Martes",0,23:45:00,,"0.0",2,"Moto/Ciclomotor,Automóvil","Belgrano Y Domingo Silva",2,1,0,0,1,0,0,,"Calle",,"SANTA FE","La Capital","S/D","S/D","I","S/D","Urbana","S/D","S/D","Intersección","S/D","S/D","Nocturna","S/D","S/D","S/D","Colisión","S/D","S/D","S/D","S/D"
2015,5680,18/08/2015,"Martes",0,21:15:00,,"0.0",2,"Moto/Ciclomotor,Moto/Ciclomotor","Alberdi Y Pedro Centeno",3,1,0,0,2,0,0,,"Calle",,"SANTA FE","La Capital","S/D","S/D","I","Dentro","Urbana","S/D","S/D","Intersección","S/D","S/D","Nocturna","S/D","Lateral","S/D","Colisión","S/D","S/D","S/D","S/D"