"anio_acci","nro_acci","fecha","desc_dia","fecha_aprox","hora_aprox","desc_ruta","km","cant_participantes","desc_participante","calle_avenida_km","total","heridos_leves","heridos_graves","heridos_gravisimos","ilesos","fallecidos","sin_datos","posicion_XY","desc_tipo_via","desc_ruta_ori","desc_loc","desc_dpto","desc_tipo_calzada","desc_tipo_banquina","desc_unidad_regional","desc_lugar_calzada","desc_zona","desc_prioridad","desc_estado_semaforo","desc_lugar_via","desc_estado_via","desc_estado_visibilidad","desc_luminosidad","desc_estado_clima","desc_tipo_colision","desc_tipo_atropello","desc_tipo_hecho","desc_pres_calzada","desc_senializacion","desc_separacion_via","desc_restriccion"
2015,5681,18/08/2015,"Martes",0,13:55:00,,"0.0",2,"Moto/Ciclomotor,Pickup/Utilitario","Gdor Candioti Y Sargento Cabral",2,1,0,0,1,0,0,,"Calle",,"SANTA FE","La Capital","S/D","S/D","I","S/D","Urbana","S/D","S/D","Intersección","S/D","S/D","Diurna","S/D","Lateral","S/D","Colisión","S/D","S/D","S/D","S/D"
2015,5682,18/08/2015,"Martes",0,09:30:00,,"0.0",2,"Moto/Ciclomotor,Automóvil","Gdor Candioti Y Candioti",2,1,0,0,1,0,0,,"Calle",,"SANTA FE","La Capital","S/D","S/D","I","S/D","Urbana","S/D","S/D","Intersección","S/D","S/D","Diurna","S/D","Lateral","S/D","Colisión","S/D","S/D","S/D","S/D"
2015,5683,10/08/2015,"Lunes",0,,,"0.0",2,"Moto/Ciclomotor,Automóvil","Bv Galvez Y Mitre",2,1,0,0,1,0,0,,"Avenida",,"SANTA FE","La Capital","S/D","S/D","I","Dentro","Urbana","S/D","S/D","Intersección","S/D","S/D","S/D","S/D","Lateral","S/D","Colisión","S/D","S/D","S/D","S/D"
2015,5684,10/08/2015,"Lunes",0,10:50:00,,"0.0",2,"Moto/Ciclomotor,Pickup/Utilitario","Bv Galvez Y Alberdi",2,1,0,0,1,0,0,,"Avenida",,"SANTA FE","La Capital","S/D","S/D","I","S/D","Urbana","S/D","S/D","Intersección","S/D","S/D","Diurna","S/D","Lateral","S/D","Colisión","S/D","S/D","S/D","S/D"
2015,5685,07/08/2015,"Viernes",0,05:55:00,,"0.0",2,"Peatón,Automóvil","Bv Galvez Y San Luis",2,1,0,0,1,0,0,"-31.636194444444,-60.699694444444","Avenida",,"SANTA FE","La Capital","S/D","S/D","I","S/D","Urbana","S/D","S/D","Intersección","S/D","S/D","Nocturna","S/D","S/D","S/D","Atropello","S/D","S/D","S/D","S/D"
2015,5686,12/08/2015,"Miercoles",0,02:10:00,,"0.0",2,"Automóvil,Pickup/Utilitario","J M Zuviria Y Necochea",3,1,0,0,2,0,0,,"Calle",,"SANTA FE","La Capital","Asfalto","No existe","I","S/D","Urbana","Ninguna","No existe","Intersección","Bueno","Reducida","Nocturna","Buen Tiempo","Lateral","S/D","Colisión","Ninguna","S/D","Ninguna","Sin restricción"
2015,5687,10/08/2015,"Lunes",0,17:30:00,,"0.0",2,"Moto/Ciclomotor,Automóvil","Velez Sarsfield Y Pje Calcena",2,1,0,0,1,0,0,,"Calle",,"SANTA FE","La Capital","S/D","No existe","I","S/D","Urbana","Ninguna","No existe","Intersección","Bueno","Buena","Diurna","Buen Tiempo","Lateral","S/D","Colisión","Ninguna","S/D","Ninguna","Sin restricción"
2015,5688,07/08/2015,"Viernes",0,12:25:00,,"0.0",2,"Moto/Ciclomotor,Automóvil","Av Leandro Alem Y Sargento Cabral",2,1,0,0,1,0,0,,"Calle",,"SANTA FE","La Capital","S/D","S/D","I","S/D","Urbana","S/D","S/D","Intersección","S/D","S/D","Diurna","S/D","Lateral","S/D","Colisión","S/D","S/D","S/D","S/D"
2015,5689,07/08/2015,"Viernes",0,08:30:00,,"0.0",2,"Moto/Ciclomotor,Automóvil","Gdor Freyre Y Guemes",2,1,0,0,1,0,0,,"Calle",,"SANTA FE","La Capital","S/D","S/D","I","S/D","Urbana","S/D","S/D","Intersección","S/D","S/D","Diurna","S/D","Lateral","S/D","Colisión","S/D","S/D","S/D","S/D"
2015,5690,04/08/2015,"Martes",0,09:05:00,,"0.0",2,"Automóvil,Pickup/Utilitario","Luciano Molinas Y Las Heras",3,1,0,0,2,0,0,,"Calle",,"SANTA FE","La Capital","S/D","S/D","I","S/D","Urbana","S/D","S/D","Intersección","S/D","S/D","Diurna","S/D","Lateral","S/D","Colisión","S/D","S/D","S/D","S/D"
2015,5691,03/08/2015,"Lunes",0,17:40:00,,"0.0",2,"Moto/Ciclomotor,Automóvil","Las Heras Y Eva Peron",2,1,0,0,1,0,0,,"Calle",,"SANTA FE","La Capital","S/D","S/D","I","S/D","Urbana","S/D","S/D","Intersección","S/D","S/D","Diurna","S/D","Lateral","S/D","Colisión","S/D","S/D","S/D","S/D"
2015,5692,19/08/2015,"Miercoles",0,19:20:00,,"0.0",2,"Moto/Ciclomotor,Automóvil"," ",2,1,0,0,0,0,1,,"Calle",,"SANTA FE","La Capital","Asfalto","S/D","I","S/D","Urbana","Ninguna","S/D","Recta","Bueno","Buena","Nocturna,Con luz artificial","Buen Tiempo","Lateral","S/D","Colisión","Otro","S/D","Ninguna","Sin restricción"
2015,5693,14/08/2015,"Viernes",0,11:45:00,,"0.0",2,"Moto/Ciclomotor,Pickup/Utilitario"," ",2,1,0,0,0,0,1,,"Calle",,"SANTA FE","La Capital","S/D","S/D","I","Dentro","Urbana","S/D","S/D","Recta","S/D","S/D","Diurna","Buen Tiempo","Lateral","S/D","Colisión","S/D","S/D","S/D","Sin restricción"
2015,5694,19/08/2015,"Miercoles",0,19:15:00,,"0.0",2,"Moto/Ciclomotor,Automóvil","Monseñor Zaspe Y Roque Saenz Peña",2,1,0,0,1,0,0,,"Calle",,"SANTA FE","La Capital","Asfalto","No existe","I","Dentro","Urbana","Ninguna","No existe","Intersección","Con baches","Buena","Atardecer","Buen Tiempo","Lateral","S/D","Colisión","Ninguna","Faltante","Ninguna","Sin restricción"
2015,5695,19/08/2015,"Miercoles",0,12:00:00,,"0.0",2,"Taxi/Remis,Automóvil","Gdor Freyre Y Av Gral Lopez",4,2,0,0,2,0,0,,"Calle",,"SANTA FE","La Capital","Asfalto","No existe","I","Dentro","Urbana","Semáforo","Funciona","Intersección","Bueno","Buena","Diurna","Buen Tiempo","Lateral","S/D","Colisión","Ninguna","Vertical","Línea divisoria pintada","Sin restricción"
2015,5696,02/09/2015,"Miercoles",0,00:30:00,"Ruta Provincial 70","0.0",2,"Automóvil,Automóvil","Rivadavia ",3,1,0,0,2,0,0,,"Ruta",70,"ESPERANZA","Las Colonias","Asfalto","No existe","XI","Dentro","Urbana","Ninguna","Intermitente","Intersección","Bueno","Buena","Nocturna","Buen Tiempo","De alcance","S/D","Colisión","S/D","Horizontal","Ninguna","Sin restricción"
2015,5697,27/09/2015,"Domingo",0,19:40:00,"Ruta Provincial 70","0.0",2,"Automóvil,Automóvil","Ruta provincial 70 4200",9,3,0,0,6,0,0,,"Ruta",70,"ESPERANZA","Las Colonias","Asfalto","Pavimento","XI","Dentro","Urbana","Semáforo","Funciona","Recta","Bueno","Buena","Nocturna","Buen Tiempo","De alcance","S/D","Colisión","Ninguna","Vertical","Línea divisoria pintada","Sin restricción"
2015,5698,01/09/2015,"Martes",0,09:00:00,,"0.0",2,"Automóvil,Moto/Ciclomotor","Berutti Y Bartolome Mitre",2,1,0,0,1,0,0,,"Calle",,"ESPERANZA","Las Colonias","Asfalto","No existe","XI","Dentro","Urbana","Ninguna","No existe","Intersección","Bueno","Buena","Diurna","Buen Tiempo","Frontal","S/D","Colisión","S/D","Horizontal","Ninguna","Sin restricción"
2015,5699,01/09/2015,"Martes",0,07:30:00,,"0.0",2,"Pickup/Utilitario,Moto/Ciclomotor","Gregorio Donnet Y Rivadavia",2,1,0,0,1,0,0,,"Calle",,"ESPERANZA","Las Colonias","Asfalto","No existe","XI","Dentro","Urbana","Ninguna","No existe","Intersección","Bueno","Buena","Diurna","Buen Tiempo","Frontal","S/D","Colisión","S/D","Horizontal,Vertical","Ninguna","Sin restricción"
2015,5700,04/09/2015,"Viernes",0,18:20:00,,"0.0",2,"Bicicleta,Moto/Ciclomotor","Dr Galvez 1500",2,1,1,0,0,0,0,,"Calle",,"ESPERANZA","Las Colonias","Asfalto","Pavimento","XI","Dentro","Urbana","Ninguna","No existe","Recta","Bueno","Buena","Atardecer","Buen Tiempo","S/D","S/D","Atropello","Ninguna","S/D","Cordón divisorio","Sin restricción"
2015,5701,01/09/2015,"Martes",0,17:30:00,,"0.0",2,"Automóvil,Moto/Ciclomotor","Avenida 21 Y Calle 20",2,0,1,0,1,0,0,,"Calle",,"LAS PAREJAS","Belgrano","Asfalto","No existe","III","Dentro","Urbana","Ninguna","No existe","Intersección","Bueno","Buena","Diurna","Buen Tiempo","Lateral","S/D","Colisión","S/D","S/D","Cordón divisorio","Sin restricción"
2015,5702,29/09/2015,"Martes",0,21:10:00,"Ruta Nacional 178","177.0",1,"Automóvil"," ",1,0,1,0,0,0,0,,"Ruta",178,"LAS PAREJAS","Belgrano","Asfalto","Natural","III","Dentro","Rural","Ninguna","No existe","Recta","Bueno","Buena","Nocturna","Buen Tiempo","S/D","S/D","Despiste","S/D","Horizontal","Ninguna","Sin restricción"
2015,5703,28/09/2015,"Lunes",0,16:15:00,,"0.0",2,"Pickup/Utilitario,Moto/Ciclomotor","General Manuel Belgrano Y Pueyrredon",2,1,0,0,1,0,0,,"Calle",,"ESPERANZA","Las Colonias","Asfalto","No existe","XI","Dentro","Urbana","Ninguna","No existe","Intersección","Bueno","Buena","Diurna","Buen Tiempo","Lateral","S/D","Colisión","Ninguna","Horizontal","Ninguna","Sin restricción"
2015,5704,27/09/2015,"Domingo",0,22:40:00,,"0.0",2,"Automóvil,Moto/Ciclomotor","Lavalle 500",2,1,0,0,1,0,0,,"Calle",,"ESPERANZA","Las Colonias","Ripio","No existe","XI","Dentro","Urbana","Ninguna","No existe","Intersección","Bueno","Buena","Nocturna","Buen Tiempo","Lateral","S/D","Colisión","Ninguna","Faltante","Ninguna","Sin restricción"
2015,5705,27/09/2015,"Domingo",0,03:30:00,"Ruta Provincial 15","0.0",1,"Vehículo Oficial"," ",1,0,1,0,0,0,0,,"Ruta",15,"ARMSTRONG","Belgrano","Asfalto","No existe","III","Fuera","Rural","Ninguna","No existe","Recta","Con baches","Buena","Nocturna","Buen Tiempo","Contra objeto fijo","S/D","Colisión","S/D","Faltante","Ninguna","Sin restricción"
2015,5706,21/09/2015,"Lunes",0,16:45:00,,"0.0",2,"Automóvil,Moto/Ciclomotor","General Manuel Belgrano 3300",2,1,0,0,1,0,0,,"Calle",,"ESPERANZA","Las Colonias","Asfalto","Pavimento","XI","Dentro","Urbana","Ninguna","No existe","Intersección","Bueno","Buena","Diurna","Buen Tiempo","De alcance","S/D","Colisión","Ninguna","Vertical","Ninguna","Sin restricción"
2015,5707,19/09/2015,"Sabado",0,19:10:00,,"0.0",2,"Moto/Ciclomotor,Automóvil","Buenos Aires Y San Martin",2,1,0,0,1,0,0,,"Calle",,"LAS ROSAS","Belgrano","Asfalto","No existe","III","Dentro","Urbana","Ninguna","No existe","Intersección","Bueno","Buena","Diurna","Buen Tiempo","Lateral","S/D","Colisión","S/D","Vertical","Cordón divisorio","Sin restricción"
2015,5708,22/09/2015,"Martes",0,13:00:00,,"0.0",2,"Moto/Ciclomotor,Automóvil","Bv 14 de Diciembre Y San Luis",2,0,1,0,1,0,0,,"Calle",,"ARMSTRONG","Belgrano","Asfalto","No existe","III","Dentro","Urbana","Ninguna","No existe","Intersección","Bueno","Buena","Diurna","Buen Tiempo","Lateral","S/D","Colisión","S/D","Faltante","Ninguna","Sin restricción"
2015,5709,30/07/2015,"Jueves",0,20:45:00,,"0.0",2,"Peatón,Moto/Ciclomotor","Saavedra Y Uruguay",2,1,0,0,1,0,0,"-31.659583333333,-60.720027777778","Calle",,"SANTA FE","La Capital","Asfalto","No existe","I","Dentro","Urbana","Ninguna","No existe","Intersección","Bueno","Buena","Nocturna","Buen Tiempo","S/D","S/D","Atropello","S/D","Faltante","Ninguna","Sin restricción"
2015,5710,15/09/2015,"Martes",0,12:10:00,,"0.0",2,"Moto/Ciclomotor,Automóvil","Castelli 2100",2,1,0,0,1,0,0,,"Calle",,"ESPERANZA","Las Colonias","Asfalto","Pavimento","XI","Dentro","Urbana","Ninguna","No existe","Intersección","Bueno","Buena","Diurna","Buen Tiempo","Lateral","S/D","Colisión","Ninguna","Vertical","Línea divisoria pintada","Sin restricción"
2015,5711,03/09/2015,"Jueves",0,13:00:00,,"0.0",2,"Bicicleta,Automóvil","A Aufranc 1900",1,1,0,0,0,0,0,,"Calle",,"ESPERANZA","Las Colonias","Asfalto","Pavimento","XI","Dentro","Urbana","Ninguna","No existe","Recta","Bueno","Buena","Diurna","Buen Tiempo","Contra objeto fijo","S/D","Colisión","Ninguna","Horizontal","Línea divisoria pintada","Sin restricción"
2015,5712,26/09/2015,"Sabado",0,18:30:00,,"0.0",2,"Automóvil,Moto/Ciclomotor","Uruguay Y Av Las Rosas",2,1,0,0,1,0,0,,"Calle",,"LAS ROSAS","Belgrano","Asfalto","No existe","III","Dentro","Urbana","Ninguna","No existe","Intersección","Bueno","Buena","Diurna","Buen Tiempo","Lateral","S/D","Colisión","S/D","Vertical","Ninguna","Sin restricción"
2015,5713,13/09/2015,"Domingo",0,04:30:00,,"0.0",2,"Moto/Ciclomotor,Automóvil","Av Cordoba Y Domingo Faustino Sarmiento",2,1,0,0,1,0,0,,"Avenida",,"ESPERANZA","Las Colonias","Asfalto","Pavimento","XI","Dentro","Urbana","Ninguna","No existe","Intersección","Bueno","Buena","Nocturna","Buen Tiempo","Lateral","S/D","Colisión","Ninguna","S/D","Cordón divisorio","Sin restricción"
2015,5714,27/07/2015,"Lunes",0,21:35:00,,"0.0",2,"Moto/Ciclomotor,Automóvil","Juan de Garay Y Pje Alfonso",2,1,0,0,1,0,0,,"Calle",,"SANTA FE","La Capital","Asfalto","No existe","I","Dentro","Urbana","Ninguna","No existe","Recta","Bueno","Buena","Diurna","Buen Tiempo","Lateral","S/D","Colisión","S/D","Faltante","Ninguna","Sin restricción"
2015,5715,02/08/2015,"Domingo",0,09:00:00,,"0.0",4,"Camión,Automóvil,Automóvil,Automóvil","Av Urquiza Y Corrientes",5,1,0,0,4,0,0,,"Calle",,"SANTA FE","La Capital","Asfalto","No existe","I","Dentro","Urbana","Semáforo","Funciona","Intersección","Bueno","Buena","Diurna","Buen Tiempo","Contra objeto fijo","S/D","Colisión","S/D","Vertical","Línea divisoria pintada","Sin restricción"
2015,5716,04/08/2015,"Martes",0,21:50:00,,"0.0",2,"Automóvil,Moto/Ciclomotor","Av Gral Lopez Y San Lorenzo",2,1,0,0,1,0,0,,"Calle",,"SANTA FE","La Capital","Asfalto","No existe","I","Dentro","Urbana","S/D","S/D","Intersección","Bueno","S/D","Nocturna","S/D","S/D","S/D","Colisión","S/D","S/D","S/D","S/D"
2015,5717,27/09/2015,"Domingo",0,21:30:00,,"0.0",2,"Moto/Ciclomotor,Moto/Ciclomotor","Calle 11 Y Calle 8",2,1,1,0,0,0,0,,"Calle",,"LAS PAREJAS","Belgrano","Asfalto","No existe","III","Dentro","Urbana","Ninguna","No existe","Intersección","Bueno","Buena","Nocturna","Buen Tiempo","S/D","S/D","Colisión","S/D","Vertical","Ninguna","Sin restricción"
2015,5718,16/01/2015,"Viernes",0,06:30:00,"Ruta Nacional A008","0.0",2,"Peatón,Automóvil","Bv. 27 De Febrero ",3,0,1,0,2,0,0,,"Ruta","A008","ROSARIO","Rosario","Asfalto","S/D","II","Dentro","Urbana","S/D","S/D","S/D","S/D","S/D","Diurna","S/D","S/D","S/D","Atropello","S/D","S/D","S/D","S/D"
2015,5719,16/01/2015,"Viernes",0,05:40:00,"Ruta Nacional A008","0.0",2,"Transporte de Pasajeros Larga Distancia (> 8 asientos),Camión","Bv. Avellaneda ",9,6,2,0,1,0,0,,"Ruta","A008","ROSARIO","Rosario","Asfalto","S/D","II","Dentro","Urbana","S/D","S/D","S/D","S/D","S/D","Amanecer","S/D","De alcance","S/D","Colisión","S/D","S/D","S/D","S/D"
2015,5720,12/01/2015,"Lunes",0,01:05:00,"Autopista Provincial Brigadier E.López","4.0",2,"Moto/Ciclomotor,Transporte de Pasajeros"," ",2,0,0,0,0,0,2,,"Autopista","Brigadier E.López","GRANADERO BAIGORRIA","Rosario","Asfalto","S/D","II","Dentro","S/D","S/D","S/D","S/D","S/D","S/D","Nocturna","S/D","S/D","S/D","S/D","S/D","S/D","S/D","S/D"
2015,5721,09/01/2015,"Viernes",0,13:30:00,"Ruta Nacional 11","722.0",1,"Camión"," ",1,0,0,0,0,0,1,,"Ruta",11,"VERA","Vera","S/D","Natural","XIX","Dentro","Rural","S/D","S/D","S/D","S/D","S/D","Diurna","S/D","Atropello animal","S/D","Colisión","S/D","S/D","S/D","S/D"
2015,5722,28/08/2015,"Viernes",0,11:00:00,,"0.0",2,"Automóvil,Moto/Ciclomotor","Dr Zavalla Y J J Paso",2,1,0,0,1,0,0,,"Calle",,"SANTA FE","La Capital","Asfalto","No existe","I","Dentro","Urbana","Ninguna","No existe","Intersección","Bueno","Buena","Diurna","Lluvia","Lateral","S/D","Colisión","Ninguna","Faltante","Ninguna","Sin restricción"
2015,5723,17/08/2015,"Lunes",0,21:00:00,,"0.0",2,"Moto/Ciclomotor,Automóvil","San Jeronimo Y Juan Del Campillo",2,1,0,0,1,0,0,,"Calle",,"SANTA FE","La Capital","Hormigón","No existe","I","Dentro","Urbana","Ninguna","No existe","Intersección","Bueno","Buena","Nocturna,Con luz artificial","Buen Tiempo","Lateral","S/D","Caída ocupante,Colisión","S/D","Faltante","Ninguna","Sin restricción"
2015,5724,22/09/2015,"Martes",0,08:35:00,,"0.0",2,"Bicicleta,Automóvil","Mariano Moreno 2200",2,1,0,0,1,0,0,,"Calle",,"ESPERANZA","Las Colonias","Asfalto","No existe","XI","Dentro","Urbana","Ninguna","No existe","Recta","Bueno","Buena","Diurna","Lluvia","S/D","S/D","Atropello","Ninguna","Horizontal","Ninguna","Sin restricción"
2015,5725,28/08/2015,"Viernes",0,01:20:00,,"0.0",2,"Moto/Ciclomotor,Automóvil","Francia 1800",2,1,0,0,1,0,0,,"Calle",,"SANTA FE","La Capital","Asfalto","No existe","I","Dentro","Urbana","Ninguna","No existe","Recta","Bueno","Buena","Nocturna","Niebla","Lateral","S/D","Colisión","Ninguna","Faltante","Ninguna","Sin restricción"
2015,5726,07/09/2015,"Lunes",0,20:30:00,,"0.0",2,"Moto/Ciclomotor,Bicicleta"," ",2,0,1,0,1,0,0,,"Calle",,"SAN GUILLERMO","San Cristóbal","Ripio","Natural","XIII","Dentro","Urbana","Ninguna","No existe","Intersección","Bueno","Buena","Nocturna","Buen Tiempo","S/D","S/D","Atropello","Ninguna","Faltante","Ninguna","Sin restricción"
2015,5727,27/08/2015,"Jueves",0,16:00:00,"Ruta Nacional 11","501.0",1,"Pickup/Utilitario"," ",3,3,0,0,0,0,0,,"Ruta",11,"NELSON","La Capital","Asfalto","Natural","I","Dentro","Rural","Ninguna","No existe","Recta","Bueno","Buena","Diurna","Buen Tiempo","S/D","S/D","Vuelco","S/D","Faltante","S/D","Sin restricción"
2015,5728,23/09/2015,"Miercoles",0,18:15:00,,"0.0",2,"Automóvil,Moto/Ciclomotor","Bvard España Y Gobernador Aldao",3,1,0,0,2,0,0,,"Calle",,"CERES","San Cristóbal","Hormigón","S/D","XIII","Dentro","Urbana","Ninguna","S/D","Intersección","Bueno","S/D","Atardecer","Buen Tiempo","Lateral","S/D","Colisión","Otro","Faltante","Cordón divisorio","Sin restricción"
2015,5729,21/09/2015,"Lunes",0,,,"0.0",2,"Automóvil,Moto/Ciclomotor","Bvard España Y Gobernador Aldao",4,3,0,0,1,0,0,,"Calle",,"CERES","San Cristóbal","Hormigón","No existe","XIII","Dentro","Urbana","Ninguna","No existe","Intersección","Bueno","Buena","Atardecer,Con luz artificial","Buen Tiempo","Lateral","S/D","Colisión","Otro","Faltante","Cordón divisorio","Sin restricción"
2015,5730,29/09/2015,"Martes",0,11:55:00,,"0.0",2,"Moto/Ciclomotor,Camión","Bartolome Mitre Y 9 de Julio",2,0,1,0,1,0,0,,"Calle",,"ESPERANZA","Las Colonias","Asfalto","No existe","XI","Dentro","Urbana","Ninguna","No existe","Intersección","Bueno","Buena","Diurna","Buen Tiempo","S/D","S/D","Colisión","Ninguna","Horizontal","Cordón divisorio","Sin restricción"
2015,5731,21/07/2015,"Martes",0,19:35:00,,"0.0",2,"Automóvil,Bicicleta","1 de Mayo Y Pugliese",4,3,0,0,1,0,0,,"Calle",,"AREQUITO","Caseros","Asfalto","S/D","IV","Dentro","Urbana","Ninguna","No existe","Intersección","Bueno","Reducida","Nocturna","Buen Tiempo","Lateral","S/D","Colisión","S/D","Vertical","Ninguna","Sin restricción"
2015,5732,27/08/2015,"Jueves",0,12:50:00,,"0.0",2,"Automóvil,Automóvil","La Rioja 2441",4,2,0,0,2,0,0,,"Avenida",,"SANTA FE","La Capital","Asfalto","No existe","I","Dentro","Urbana","Ninguna","No existe","Recta","Bueno","Buena","Diurna","Buen Tiempo","Otro","S/D","Colisión","Ninguna","Faltante","Ninguna","Sin restricción"
2015,5733,23/09/2015,"Miercoles",0,17:50:00,,"0.0",2,"Pickup/Utilitario,Moto/Ciclomotor","Suipacha Y Av Falucho",2,1,0,0,1,0,0,,"Avenida",,"CERES","San Cristóbal","Hormigón","No existe","XIII","Dentro","Urbana","Ninguna","No existe","Intersección","Bueno","Buena","Diurna","Buen Tiempo","De alcance","S/D","Colisión","Otro","Faltante","Cordón divisorio","Sin restricción"
2015,5734,13/09/2015,"Domingo",0,06:55:00,"Ruta Secundaria 61-s","7.3",1,"Automóvil"," ",2,2,0,0,0,0,0,,"Ruta","61-s","SOLEDAD","San Cristóbal","Ripio","Natural","XIII","Dentro","Urbana","Ninguna","No existe","Curva","Bueno","Buena","Amanecer","Buen Tiempo","S/D","S/D","Despiste","S/D","Faltante","S/D","Sin restricción"
2015,5735,21/09/2015,"Lunes",0,13:20:00,,"0.0",2,"Moto/Ciclomotor,Moto/Ciclomotor","Belgrano Y Gobernador Aldao",3,3,0,0,0,0,0,,"Calle",,"CERES","San Cristóbal","Asfalto","No existe","XVIII","Dentro","Urbana","Ninguna","No existe","Intersección","Bueno","Buena","Diurna","Buen Tiempo","De alcance","S/D","Colisión","S/D","S/D","Cordón divisorio","Sin restricción"
2015,5736,06/09/2015,"Domingo",0,20:25:00,"Ruta Provincial 93","1.0",1,"Automóvil"," ",2,2,0,0,0,0,0,,"Ruta",93,"AGUARÁ GRANDE","San Cristóbal","Tierra","Natural","XIII","S/D","Rural","Ninguna","No existe","Recta","Bueno","Buena","Nocturna","Buen Tiempo","S/D","S/D","Vuelco","Ninguna","Faltante","Ninguna","Sin restricción"
2015,5737,18/09/2015,"Viernes",0,11:40:00,"Ruta Provincial 13","0.0",1,"Automóvil","4 KM AL SUR DE CAPIVARA ",1,1,0,0,0,0,0,,"Ruta",13,"CAPIVARA","San Cristóbal","Asfalto","Natural","XIII","Dentro","Urbana","S/D","S/D","Recta","Bueno","Buena","Diurna","Buen Tiempo","S/D","S/D","Vuelco","S/D","S/D","Ninguna","Sin restricción"
2015,5738,21/08/2015,"Viernes",0,17:55:00,"Ruta Nacional 168","0.0",2,"Automóvil,Taxi/Remis","Ruta Nac 168 ",4,3,0,0,1,0,0,,"Ruta",168,"SANTA FE","La Capital","Asfalto","Pavimento","I","Dentro","Urbana","Ninguna","No existe","Puente","Bueno","Buena","Diurna","Buen Tiempo","Frontal","S/D","Colisión","Ninguna","Horizontal","Línea divisoria pintada","Sin restricción"
2015,5739,09/07/2015,"Jueves",0,21:00:00,,"0.0",2,"Automóvil,Bicicleta","Laprida Y Entre Rios",2,1,0,0,1,0,0,,"Calle",,"VENADO TUERTO","General López","Asfalto","No existe","VIII","Dentro","Urbana","S/D","No existe","Intersección","Bueno","Buena","Nocturna,Con luz artificial","S/D","S/D","S/D","Atropello","S/D","S/D","S/D","S/D"
2015,5740,07/09/2015,"Lunes",0,17:40:00,,"0.0",2,"Automóvil,Moto/Ciclomotor","J B Justo Y Chacabuco",2,1,0,0,1,0,0,,"Calle",,"SAN CRISTÓBAL","San Cristóbal","Hormigón","S/D","XIII","Dentro","Urbana","S/D","No existe","Intersección","Bueno","Buena","Diurna","Buen Tiempo","Lateral","S/D","Colisión","S/D","S/D","S/D","Sin restricción"
2015,5741,14/09/2015,"Lunes",0,15:45:00,"Ruta Provincial 70","0.0",2,"Moto/Ciclomotor,Automóvil"," ",2,1,0,0,1,0,0,,"Ruta",70,"ESPERANZA","Las Colonias","S/D","S/D","XI","S/D","Urbana","S/D","No existe","Cruce","Bueno","Buena","Diurna","Buen Tiempo","Lateral","S/D","Colisión","Ninguna","Horizontal,Vertical","Cordón divisorio","Sin restricción"
2015,5742,01/09/2015,"Martes",0,09:50:00,,"0.0",2,"Bicicleta,Automóvil","San Martin Y Castelli",2,1,0,0,1,0,0,,"Calle",,"ESPERANZA","Las Colonias","Asfalto","Pavimento","XI","Dentro","Urbana","Ninguna","No existe","Intersección","Bueno","Buena","Diurna","Buen Tiempo","S/D","S/D","Atropello","Ninguna","S/D","Línea divisoria pintada","Sin restricción"
2015,5743,10/07/2015,"Viernes",0,,,"0.0",2,"Moto/Ciclomotor,Pickup/Utilitario","25 de Mayo Y Junin",2,0,1,0,1,0,0,,"Calle",,"VENADO TUERTO","General López","Asfalto","No existe","VIII","Dentro","Urbana","S/D","No existe","Intersección","Bueno","S/D","S/D","S/D","Lateral","S/D","Colisión","S/D","S/D","S/D","S/D"
2015,5744,21/09/2015,"Lunes",0,19:25:00,,"0.0",2,"Bicicleta,Moto/Ciclomotor","Dr Galvez Y Domingo Faustino Sarmiento",2,0,1,0,1,0,0,,"Calle",,"ESPERANZA","Las Colonias","Asfalto","No existe","XI","Dentro","Urbana","Ninguna","No existe","Intersección","Bueno","Buena","Atardecer","Buen Tiempo","S/D","S/D","Atropello","Ninguna","S/D","Línea divisoria pintada","Sin restricción"
2015,5745,03/08/2015,"Lunes",0,11:10:00,,"0.0",2,"Moto/Ciclomotor,Peatón","Av Freyre Y Obispo Gelabert",2,1,0,0,1,0,0,"-31.634277777778,-60.715055555556","Avenida",,"SANTA FE","La Capital","S/D","S/D","I","S/D","Urbana","S/D","S/D","Intersección","S/D","S/D","Diurna","S/D","S/D","S/D","Atropello","S/D","S/D","S/D","S/D"
2015,5746,01/08/2015,"Sabado",0,08:10:00,,"0.0",2,"Automóvil,Moto/Ciclomotor","Av Freyre Y Vera",2,1,0,0,1,0,0,,"Avenida",,"SANTA FE","La Capital","Asfalto","S/D","I","S/D","Urbana","S/D","S/D","Intersección","S/D","S/D","Diurna","S/D","S/D","S/D","Colisión","S/D","S/D","S/D","S/D"
2015,5747,14/08/2015,"Viernes",0,22:20:00,,"0.0",2,"Moto/Ciclomotor,Automóvil","Saavedra Y Mendoza",2,1,0,0,1,0,0,,"Calle",,"SANTA FE","La Capital","Asfalto","S/D","I","S/D","Urbana","S/D","S/D","Intersección","S/D","S/D","Nocturna","S/D","S/D","S/D","Colisión","S/D","S/D","S/D","S/D"
2015,5748,14/08/2015,"Viernes",0,14:00:00,,"0.0",2,"Moto/Ciclomotor,Automóvil","Francia Y Mariano Comas",2,1,0,0,1,0,0,,"Calle",,"SANTA FE","La Capital","Asfalto","S/D","I","S/D","Urbana","S/D","S/D","Intersección","S/D","S/D","Diurna","S/D","S/D","S/D","Colisión","S/D","S/D","S/D","S/D"