"anio_acci","nro_acci","fecha","desc_dia","fecha_aprox","hora_aprox","desc_ruta","km","cant_participantes","desc_participante","calle_avenida_km","total","heridos_leves","heridos_graves","heridos_gravisimos","ilesos","fallecidos","sin_datos","posicion_XY","desc_tipo_via","desc_ruta_ori","desc_loc","desc_dpto","desc_tipo_calzada","desc_tipo_banquina","desc_unidad_regional","desc_lugar_calzada","desc_zona","desc_prioridad","desc_estado_semaforo","desc_lugar_via","desc_estado_via","desc_estado_visibilidad","desc_luminosidad","desc_estado_clima","desc_tipo_colision","desc_tipo_atropello","desc_tipo_hecho","desc_pres_calzada","desc_senializacion","desc_separacion_via","desc_restriccion"
2015,5749,13/08/2015,"Jueves",0,07:15:00,,"0.0",2,"Automóvil,Moto/Ciclomotor","Zavalia Y Hipolito Yrigoyen",2,1,0,0,1,0,0,,"Calle",,"SANTA FE","La Capital","Asfalto","S/D","I","S/D","Urbana","S/D","S/D","Intersección","S/D","S/D","Diurna","S/D","S/D","S/D","Colisión","S/D","S/D","S/D","S/D"
2015,5750,09/09/2015,"Miercoles",0,14:30:00,,"0.0",1,"Automóvil"," ",2,1,0,0,1,0,0,,"Calle",,"SAN CRISTÓBAL","San Cristóbal","Asfalto","Natural","XIII","Dentro","Urbana","S/D","S/D","Recta","Bueno","Buena","Diurna","Buen Tiempo","S/D","S/D","Despiste","S/D","Faltante","Línea divisoria pintada","Sin restricción"
2015,5751,15/08/2015,"Sabado",0,21:10:00,,"0.0",2,"Moto/Ciclomotor,Automóvil","Av Pte Peron Y Pedro Centeno",3,1,0,0,2,0,0,,"Avenida",,"SANTA FE","La Capital","Asfalto","Pavimento","I","Dentro","Urbana","Semáforo","Funciona","Intersección","Bueno","Reducida polvo","Nocturna","Buen Tiempo","De alcance","S/D","Colisión","S/D","S/D","Cordón divisorio","Sin restricción"
2015,5752,20/08/2015,"Jueves",0,08:00:00,,"0.0",1,"Otros","Av Peñaloza Y J Castelli",1,1,0,0,0,0,0,,"Avenida",,"SANTA FE","La Capital","S/D","S/D","I","Dentro","Urbana","S/D","S/D","S/D","S/D","S/D","Diurna","S/D","S/D","S/D","S/D","S/D","S/D","S/D","S/D"
2015,5753,03/08/2015,"Lunes",0,12:00:00,,"0.0",2,"Moto/Ciclomotor,Automóvil","Alsina 8100",2,1,0,0,1,0,0,,"Calle",,"SANTA FE","La Capital","Asfalto","Pavimento","I","Dentro","Urbana","S/D","No existe","Recta","Bueno","Buena","Diurna","Buen Tiempo","S/D","S/D","Colisión","S/D","Faltante","S/D","Sin restricción"
2015,5754,16/09/2015,"Miercoles",0,12:35:00,,"0.0",2,"Pickup/Utilitario,Moto/Ciclomotor","Luchinelli Y Sarmiento",2,0,1,0,1,0,0,,"Calle",,"SUARDI","San Cristóbal","Tierra","No existe","XIII","Dentro","Urbana","Ninguna","No existe","Intersección","Bueno","Buena","Diurna","Buen Tiempo","Frontal","S/D","Colisión","S/D","Vertical","Ninguna","Sin restricción"
2015,5755,03/08/2015,"Lunes",0,09:25:00,,"0.0",2,"Automóvil,Moto/Ciclomotor","Av Peñaloza Y Gorostiaga",2,1,0,0,1,0,0,,"Avenida",,"SANTA FE","La Capital","Hormigón","Pavimento","I","Dentro","Urbana","Ninguna","No existe","Intersección","Bueno","Buena","Diurna","Buen Tiempo","Lateral","S/D","Colisión","S/D","Faltante","Cordón divisorio","Sin restricción"
2015,5756,09/09/2015,"Miercoles",0,07:30:00,"Ruta Secundaria 61-s","2.5",1,"Automóvil"," ",1,1,0,0,0,0,0,,"Ruta","61-s","SOLEDAD","San Cristóbal","Ripio","Natural","XIII","Dentro","Rural","Ninguna","No existe","Curva","Bueno","Buena","Diurna","Buen Tiempo","S/D","S/D","Despiste","S/D","Faltante","Ninguna","Sin restricción"
2015,5757,26/09/2015,"Sabado",0,20:50:00,,"0.0",2,"Pickup/Utilitario,Moto/Ciclomotor"," ",3,1,1,0,1,0,0,,"Calle",,"SUARDI","San Cristóbal","Hormigón","No existe","XIII","Dentro","Urbana","Ninguna","No existe","Intersección","Bueno","Reducida","Nocturna,Con luz artificial","Buen Tiempo","Lateral","S/D","Colisión","S/D","Vertical","Ninguna","Sin restricción"
2015,5758,14/07/2015,"Martes",0,21:35:00,,"0.0",2,"Automóvil,Moto/Ciclomotor","9 de Julio Y Juan Lavalle",2,1,0,0,1,0,0,,"Calle",,"VENADO TUERTO","General López","Asfalto","No existe","VIII","Dentro","Urbana","S/D","No existe","Intersección","Bueno","Buena","Nocturna,Con luz artificial","S/D","Lateral","S/D","Colisión","S/D","S/D","S/D","S/D"
2015,5759,14/07/2015,"Martes",0,21:35:00,,"0.0",2,"Automóvil,Moto/Ciclomotor","9 de Julio Y La Pampa",2,1,0,0,1,0,0,,"Calle",,"VENADO TUERTO","General López","Asfalto","No existe","VIII","Dentro","Urbana","S/D","No existe","Intersección","Bueno","Buena","Nocturna,Con luz artificial","S/D","Lateral","S/D","Atropello","S/D","S/D","S/D","S/D"
2015,5760,14/07/2015,"Martes",0,20:20:00,,"0.0",2,"Automóvil,Moto/Ciclomotor","3 de Febrero Y Dante Alighieri",2,1,0,0,1,0,0,,"Calle",,"VENADO TUERTO","General López","Asfalto","No existe","VIII","S/D","Urbana","S/D","No existe","Intersección","Bueno","S/D","S/D","S/D","Lateral","S/D","Colisión","S/D","S/D","S/D","S/D"
2015,5761,02/02/2015,"Lunes",0,10:00:00,,"0.0",4,"Automóvil,Pickup/Utilitario,Peatón,Peatón","Santiago 1100",4,2,0,0,2,0,0,,"Calle",,"ROSARIO","Rosario","S/D","S/D","II","Dentro","Urbana","S/D","S/D","Recta","S/D","S/D","Diurna","S/D","S/D","S/D","Colisión,Atropello","S/D","S/D","S/D","S/D"
2015,5762,06/02/2015,"Viernes",0,,"Ruta Nacional 11","904.0",3,"Camión,Camión,Camión"," ",4,1,1,0,2,0,0,,"Ruta",11,"EL RABÓN","General Obligado","S/D","S/D","IX","Dentro","S/D","S/D","S/D","Recta","S/D","S/D","S/D","S/D","Múltiple","S/D","Colisión","S/D","S/D","S/D","S/D"
2015,5763,12/02/2015,"Jueves",0,,,"0.0",1,"Moto/Ciclomotor"," ",1,0,0,0,0,1,0,"-32.818666, -61.395151","S/D",,"CAÑADA DE GÓMEZ","Iriondo","S/D","S/D","X","S/D","Urbana","S/D","S/D","S/D","S/D","S/D","S/D","S/D","S/D","S/D","S/D","S/D","S/D","S/D","S/D"
2015,5764,03/02/2015,"Martes",0,08:25:00,"Autopista Provincial Brigadier E.López","148.0",1,"Automóvil"," ",1,0,0,0,0,0,1,,"Autopista","Brigadier E.López","SANTO TOMÉ","La Capital","Asfalto","Natural","I","Fuera","S/D","S/D","S/D","S/D","S/D","S/D","Diurna","S/D","Contra objeto fijo","S/D","Colisión","S/D","S/D","Guardarrail","S/D"
2015,5765,15/02/2015,"Domingo",0,,,"0.0",2,"Moto/Ciclomotor,Camión","Gorriti Y Bernardo de Irigoyen",2,0,0,0,1,1,0,"-31.584305555556,-60.720305555556","Avenida",,"SANTA FE","La Capital","Asfalto","No existe","I","Dentro","Urbana","S/D","S/D","Intersección","Bueno","S/D","S/D","S/D","Lateral","S/D","Colisión","S/D","S/D","Cordón divisorio","Sin restricción"
2015,5766,15/02/2015,"Domingo",0,,,"0.0",1,"Automóvil"," ",1,0,0,0,0,1,0,"-33.023997, -60.619413","S/D",,"VILLA GOBERNADOR GÁLVEZ","Rosario","S/D","S/D","II","S/D","Urbana","S/D","S/D","S/D","S/D","S/D","S/D","S/D","S/D","S/D","S/D","S/D","S/D","S/D","S/D"
2015,5767,16/02/2015,"Lunes",0,,,"0.0",2,"Moto/Ciclomotor,Automóvil","Av. de los Trabaj. Ferroviario Y Falucho",2,0,0,0,0,1,1,"-30.310805555556,-61.236972222222","Avenida",,"SAN CRISTÓBAL","San Cristóbal","Hormigón","No existe","XIII","Dentro","Urbana","S/D","S/D","Intersección","Bueno","S/D","S/D","S/D","Lateral","S/D","Colisión","S/D","S/D","Cordón divisorio,Vegetación","Sin restricción"
2015,5768,17/07/2015,"Viernes",0,,,"0.0",2,"Moto/Ciclomotor,Moto/Ciclomotor"," ",2,1,0,0,1,0,0,,"S/D",,"VENADO TUERTO","General López","S/D","S/D","VIII","S/D","S/D","S/D","S/D","S/D","S/D","S/D","S/D","S/D","S/D","S/D","S/D","S/D","S/D","S/D","S/D"
2015,5769,07/02/2015,"Sabado",0,04:50:00,"Autopista Provincial Brigadier E.López","16.0",1,"Cuatriciclo"," ",1,0,0,0,0,0,1,,"Autopista","Brigadier E.López","SAN LORENZO","San Lorenzo","Asfalto","Natural","XVI","Fuera","S/D","S/D","S/D","S/D","S/D","S/D","S/D","S/D","S/D","S/D","Vuelco","S/D","S/D","Vegetación","S/D"
2015,5770,18/07/2015,"Sabado",0,,,"0.0",2,"Automóvil,Moto/Ciclomotor","Av Dr Luis Chapuis Y Piacenza",3,0,1,0,2,0,0,,"Avenida",,"VENADO TUERTO","General López","Asfalto","No existe","VIII","Dentro","Urbana","S/D","No existe","Intersección","Bueno","S/D","S/D","S/D","S/D","S/D","S/D","S/D","S/D","S/D","S/D"
2015,5771,11/08/2015,"Martes",0,23:30:00,,"0.0",2,"Moto/Ciclomotor,Bicicleta","PUENTE CARRETERO ENTRADA DE SEGUNDO ARCO ",2,2,0,0,0,0,0,"-31.639761, -60.682721","Calle",,"SANTA FE","La Capital","Asfalto","Pavimento","I","Dentro","Urbana","Ninguna","S/D","Puente","Bueno","Buena","Nocturna","Buen Tiempo","S/D","S/D","Atropello","S/D","Horizontal","Línea divisoria pintada","Sin restricción"
2015,5772,31/07/2015,"Viernes",0,13:45:00,,"0.0",2,"Automóvil,Moto/Ciclomotor","25 de Mayo Y Juan Jose Castelli",2,1,0,0,1,0,0,,"Calle",,"VENADO TUERTO","General López","Asfalto","No existe","VIII","Dentro","Urbana","S/D","No existe","Intersección","Bueno","Buena","Diurna","S/D","S/D","S/D","S/D","Agua","S/D","S/D","S/D"
2015,5773,18/07/2015,"Sabado",0,20:00:00,,"0.0",2,"Automóvil,Moto/Ciclomotor","Las Heras Y Caseros",2,0,1,0,1,0,0,,"Calle",,"VENADO TUERTO","General López","Asfalto","No existe","VIII","Dentro","Urbana","S/D","No existe","Intersección","Bueno","Buena","Nocturna,Con luz artificial","S/D","S/D","S/D","S/D","S/D","S/D","S/D","S/D"
2015,5774,21/07/2015,"Martes",0,12:30:00,,"0.0",2,"Automóvil,Moto/Ciclomotor","Alberdi Juan Bautista Y Runciman",2,1,0,0,1,0,0,,"Calle",,"VENADO TUERTO","General López","Asfalto","No existe","VIII","Dentro","Urbana","S/D","No existe","Intersección","Bueno","Buena","Diurna","S/D","S/D","S/D","S/D","S/D","S/D","S/D","S/D"
2015,5775,25/07/2015,"Sabado",0,13:15:00,,"0.0",2,"Automóvil,Moto/Ciclomotor","Carlos Pellegrini ",3,2,0,0,1,0,0,,"Calle",,"VENADO TUERTO","General López","Asfalto","No existe","VIII","Dentro","Urbana","S/D","No existe","Intersección","Bueno","Buena","Diurna","S/D","S/D","S/D","S/D","S/D","S/D","S/D","S/D"
2015,5776,06/09/2015,"Domingo",0,,,"0.0",2,"Automóvil,Moto/Ciclomotor","Avenida Mitre Y Perez de Denis Gregoria",2,0,1,0,1,0,0,,"Avenida",,"CERES","San Cristóbal","Asfalto","No existe","XIII","S/D","Urbana","Ninguna","No existe","Intersección","Bueno","Buena","Diurna","Buen Tiempo","De alcance","S/D","Colisión","S/D","S/D","Cordón divisorio","Sin restricción"
2015,5777,12/08/2015,"Miercoles",0,12:30:00,,"0.0",2,"Peatón,Automóvil","Av Freyre Y Primera Junta",2,1,0,0,1,0,0,"-31.645027777778,-60.718166666667","Avenida",,"SANTA FE","La Capital","Asfalto","S/D","I","S/D","Urbana","S/D","S/D","Intersección","S/D","S/D","Diurna","S/D","S/D","S/D","Atropello","S/D","S/D","S/D","S/D"
2015,5778,02/09/2015,"Miercoles",0,19:50:00,"Ruta Provincial 2","203.0",2,"Pickup/Utilitario,Moto/Ciclomotor"," ",2,0,1,0,1,0,0,,"Ruta",2,"SAN CRISTÓBAL","San Cristóbal","Asfalto","Pavimento","XIII","S/D","Urbana","Ninguna","No existe","Recta","Bueno","Buena","Nocturna","Buen Tiempo","Lateral","S/D","Colisión","S/D","Faltante","Ninguna","Sin restricción"
2015,5779,22/09/2015,"Martes",0,23:00:00,,"0.0",2,"Moto/Ciclomotor,Moto/Ciclomotor","9 de Julio Y Maipu",3,2,0,0,1,0,0,,"Calle",,"SAN CRISTÓBAL","San Cristóbal","Hormigón","S/D","XIII","Dentro","Urbana","Otra Señal","No existe","Intersección","Bueno","Reducida","Nocturna","Lluvia","Lateral","S/D","Colisión","S/D","S/D","S/D","Sin restricción"
2015,5780,14/09/2015,"Lunes",0,21:40:00,,"0.0",1,"Moto/Ciclomotor","España 440",1,1,0,0,0,0,0,,"Calle",,"SUARDI","San Cristóbal","Asfalto","No existe","XIII","Dentro","Urbana","Ninguna","No existe","Recta","Bueno","Buena","Nocturna,Con luz artificial","Buen Tiempo","S/D","S/D","Despiste","S/D","Vertical","Ninguna","Sin restricción"
2015,5781,06/09/2015,"Domingo",0,01:00:00,"Ruta Provincial 39","0.0",2,"Automóvil,Automóvil","15 KM AL OESTE, JURISDICCION DE PORTUGALETE ",2,1,1,0,0,0,0,,"Ruta",39,"PORTUGALETE","San Cristóbal","Asfalto","Natural","XIII","S/D","Rural","Ninguna","No existe","Recta","Bueno","Reducida","Diurna","Buen Tiempo","Otro","S/D","Colisión","Ninguna","Faltante","Ninguna","Sin restricción"
2015,5782,15/09/2015,"Martes",0,00:15:00,,"0.0",2,"Moto/Ciclomotor,Moto/Ciclomotor","Reconquista Y Amenabar",2,1,1,0,0,0,0,,"Calle",,"CERES","San Cristóbal","Tierra","No existe","XIII","Dentro","Urbana","Ninguna","No existe","Intersección","Con baches","Reducida","Nocturna,Con luz artificial","Buen Tiempo","Frontal","S/D","Colisión","S/D","Faltante","Ninguna","Sin restricción"
2015,5783,12/09/2015,"Sabado",0,13:30:00,,"0.0",2,"Automóvil,Moto/Ciclomotor","Gral Alvear Y Juan D Peron",4,1,2,0,1,0,0,,"S/D",,"SAN CRISTÓBAL","San Cristóbal","Hormigón","S/D","XIII","S/D","Urbana","Ninguna","No existe","Intersección","Bueno","Buena","Diurna","Buen Tiempo","Lateral","S/D","Colisión","Ninguna","S/D","S/D","Sin restricción"
2015,5784,01/08/2015,"Sabado",0,,,"0.0",2,"Moto/Ciclomotor,Automóvil","Av Blas Parera Y Angel Cassanello",2,1,0,0,1,0,0,,"Avenida",,"SANTA FE","La Capital","Hormigón","Pavimento","I","Dentro","Urbana","Semáforo","Funciona","Intersección","Deteriorada","Buena","S/D","Buen Tiempo","Lateral","S/D","Colisión","S/D","Vertical","Cordón divisorio","Sin restricción"
2015,5785,02/09/2015,"Miercoles",0,14:10:00,"Ruta Provincial 90","0.0",2,"Pickup/Utilitario,Moto/Ciclomotor"," ",4,1,1,0,2,0,0,,"Ruta",90,"CARRERAS","General López","Asfalto","Pavimento","VIII","Dentro","Urbana","Señal Pare","Intermitente","Intersección","Bueno","Buena","Diurna","Buen Tiempo","Lateral","S/D","Colisión","S/D","Horizontal,Vertical","Línea divisoria pintada","Sin restricción"
2015,5786,10/08/2015,"Lunes",0,15:00:00,,"0.0",2,"Peatón,Camión","Vera Y Salvador Caputo",2,1,0,0,1,0,0,,"Calle",,"SANTA FE","La Capital","Asfalto","S/D","I","S/D","Urbana","S/D","S/D","Intersección","S/D","S/D","Diurna","S/D","S/D","S/D","Otro","S/D","S/D","S/D","S/D"
2015,5787,04/07/2015,"Sabado",0,13:00:00,,"0.0",2,"Bicicleta,Automóvil","Martin de Pueyrredon Y Miguel de Azcuenaga",2,1,0,0,1,0,0,,"Calle",,"VENADO TUERTO","General López","Asfalto","No existe","VIII","Dentro","Urbana","S/D","No existe","Intersección","Bueno","Buena","Diurna","S/D","S/D","S/D","Atropello","S/D","S/D","S/D","S/D"
2015,5788,24/02/2015,"Martes",0,,"Autovía Nacional 19","62.2",2,"Moto/Ciclomotor,Camión"," ",2,0,0,0,1,1,0,"-31.564895, -61.405212","Autovía",19,"SA PEREIRA","Las Colonias","S/D","Natural","XI","Dentro","Rural","S/D","No existe","Recta","S/D","S/D","S/D","S/D","S/D","S/D","Colisión","S/D","S/D","Vegetación","Sin restricción"
2015,5789,05/07/2015,"Domingo",0,19:50:00,"Ruta Nacional 7","0.0",1,"Moto/Ciclomotor","Santa Fe ",2,0,1,0,1,0,0,,"Ruta",7,"VENADO TUERTO","General López","Tierra","No existe","VIII","Dentro","Urbana","S/D","No existe","Recta","Con baches","S/D","Atardecer","S/D","S/D","S/D","S/D","S/D","S/D","S/D","S/D"
2015,5790,21/09/2015,"Lunes",0,12:35:00,,"0.0",2,"Automóvil,Peatón","PJE TERCER MILENIO 830",2,0,1,0,1,0,0,,"S/D",,"SAN CRISTÓBAL","San Cristóbal","Hormigón","S/D","XIII","S/D","Urbana","S/D","S/D","Plaza","Bueno","Buena","Diurna","Buen Tiempo","S/D","S/D","Atropello","S/D","S/D","S/D","Sin restricción"
2015,5791,10/08/2015,"Lunes",0,21:55:00,"Ruta Provincial 2","19.0",1,"Automóvil"," ",2,1,0,0,0,0,1,,"Ruta",2,"MONTE VERA","La Capital","Hormigón","Natural","I","Dentro","Rural","Ninguna","No existe","Recta","Bueno","Buena","Nocturna,Con luz artificial","Buen Tiempo","De alcance","S/D","Colisión","Ninguna","S/D","Ninguna","Sin restricción"
2015,5792,15/09/2015,"Martes",0,17:35:00,,"0.0",2,"Moto/Ciclomotor,Moto/Ciclomotor","L de la Torre Y Pueyrredon",2,1,1,0,0,0,0,,"Calle",,"SAN CRISTÓBAL","San Cristóbal","Hormigón","S/D","XIII","S/D","Urbana","Ninguna","No existe","Intersección","Bueno","Buena","Diurna","Buen Tiempo","Lateral","S/D","Colisión","Ninguna","Vertical","S/D","Sin restricción"
2015,5793,28/08/2015,"Viernes",0,22:30:00,"Ruta Provincial 1","10.0",1,"Moto/Ciclomotor"," ",1,0,1,0,0,0,0,,"Ruta",1,"ARROYO LEYES","La Capital","Asfalto","Natural","I","Dentro","Urbana","Ninguna","No existe","Recta","Bueno","Buena","Nocturna","Buen Tiempo","Atropello animal","S/D","Colisión","S/D","Faltante","Línea divisoria pintada","Sin restricción"
2015,5794,07/08/2015,"Viernes",0,08:50:00,,"0.0",2,"Moto/Ciclomotor,Automóvil","San Jose Y Vera",2,1,0,0,1,0,0,,"Calle",,"SANTA FE","La Capital","Asfalto","S/D","I","S/D","Urbana","S/D","S/D","Intersección","S/D","S/D","Diurna","S/D","S/D","S/D","Colisión","S/D","S/D","S/D","S/D"
2015,5795,07/07/2015,"Martes",0,17:30:00,,"0.0",2,"Automóvil,Moto/Ciclomotor","Miguel de Azcuenaga Y Nicolas Avellaneda",2,1,0,0,1,0,0,,"Calle",,"VENADO TUERTO","General López","Asfalto","No existe","VIII","Dentro","Urbana","S/D","No existe","Intersección","Bueno","Buena","Diurna","S/D","S/D","S/D","S/D","S/D","S/D","S/D","S/D"
2015,5796,06/08/2015,"Jueves",0,07:50:00,,"0.0",2,"Moto/Ciclomotor,Automóvil","Bv Pellegrini 3500",2,1,0,0,1,0,0,,"Avenida",,"SANTA FE","La Capital","Asfalto","S/D","I","Dentro","Urbana","S/D","S/D","Recta","S/D","S/D","Diurna","S/D","S/D","S/D","Colisión","S/D","S/D","S/D","S/D"
2015,5797,05/08/2015,"Miercoles",0,20:20:00,,"0.0",2,"Moto/Ciclomotor,Automóvil","Gdor Freyre Y Vera",2,1,0,0,1,0,0,,"Avenida",,"SANTA FE","La Capital","Asfalto","S/D","I","S/D","Urbana","S/D","S/D","Intersección","S/D","S/D","Nocturna","S/D","S/D","S/D","Colisión","S/D","S/D","S/D","S/D"
2015,5798,07/08/2015,"Viernes",0,12:20:00,,"0.0",2,"Moto/Ciclomotor,Automóvil","Callejon Vidal Y Antiguo camino a Santa Rosa",5,1,0,0,4,0,0,,"Calle",,"ARROYO LEYES","La Capital","Tierra","Natural","I","Dentro","Urbana","Ninguna","No existe","Intersección","S/D","Buena","Diurna","Buen Tiempo","Lateral","S/D","Colisión","Ninguna","Faltante","S/D","Sin restricción"
2015,5799,05/08/2015,"Miercoles",0,15:55:00,,"0.0",2,"Moto/Ciclomotor,Automóvil","Gdor Freyre Y Santiago del Estero",2,1,0,0,1,0,0,,"Avenida",,"SANTA FE","La Capital","Asfalto","S/D","I","S/D","Urbana","S/D","S/D","Intersección","S/D","S/D","Diurna","S/D","S/D","S/D","S/D","S/D","S/D","S/D","S/D"
2015,5800,04/08/2015,"Martes",0,18:45:00,,"0.0",2,"Moto/Ciclomotor,Automóvil","Gdor Freyre Y Primera Junta",2,1,0,0,1,0,0,,"Avenida",,"SANTA FE","La Capital","S/D","S/D","I","Dentro","Urbana","S/D","S/D","Intersección","S/D","S/D","Atardecer","S/D","S/D","S/D","Colisión","S/D","S/D","S/D","S/D"
2015,5801,19/09/2015,"Sabado",0,09:20:00,"Ruta Secundaria 87-s","11.0",1,"Pickup/Utilitario"," ",2,0,2,0,0,0,0,,"Ruta","87-s","MARGARITA","Vera","Ripio","No existe","XIX","Dentro","Rural","Ninguna","No existe","Recta","Bueno","Buena","Diurna","Buen Tiempo","S/D","S/D","Vuelco","Ninguna","Faltante","Ninguna","Sin restricción"
2015,5802,01/09/2015,"Martes",1,,,"0.0",3,"Moto/Ciclomotor,Automóvil,Automóvil","S/D ",4,2,0,0,2,0,0,,"Calle",,"ZAVALLA","Rosario","S/D","S/D","II","Dentro","Urbana","S/D","S/D","S/D","S/D","S/D","S/D","S/D","S/D","S/D","S/D","S/D","S/D","S/D","S/D"
2015,5803,20/09/2015,"Domingo",0,18:15:00,,"0.0",1,"Moto/Ciclomotor","San Martin ",2,2,0,0,0,0,0,,"Calle",,"MARGARITA","Vera","Ripio","No existe","XIX","Dentro","Urbana","Ninguna","No existe","Curva","Bueno","Buena","Diurna","Buen Tiempo","S/D","S/D","Caída ocupante","Ninguna","S/D","Ninguna","Sin restricción"
2015,5804,16/09/2015,"Miercoles",0,20:35:00,,"0.0",2,"Moto/Ciclomotor,Automóvil","Jose Pedroni Y Juan de Garay",2,1,0,0,1,0,0,,"Calle",,"MARGARITA","Vera","Hormigón","No existe","XIX","Dentro","Urbana","Ninguna","No existe","Intersección","Bueno","Buena","Nocturna,Con luz artificial","Buen Tiempo","Lateral","S/D","Colisión","Ninguna","S/D","Ninguna","Sin restricción"
2015,5805,26/08/2015,"Miercoles",0,16:40:00,,"0.0",2,"Bicicleta,Moto/Ciclomotor","Pte Peron ",2,2,0,0,0,0,0,,"S/D",,"VERA","Vera","Asfalto","S/D","XIX","S/D","Urbana","S/D","S/D","Intersección","S/D","S/D","Diurna","S/D","S/D","S/D","Atropello","S/D","S/D","S/D","S/D"
2015,5806,24/08/2015,"Lunes",0,11:30:00,,"0.0",2,"Automóvil,Automóvil","Mitre B Y E Aleman",2,0,1,0,1,0,0,,"Calle",,"VERA","Vera","Asfalto","S/D","XIX","S/D","Urbana","S/D","S/D","Intersección","S/D","S/D","Diurna","S/D","S/D","S/D","Atropello","S/D","S/D","S/D","S/D"
2015,5807,08/08/2015,"Sabado",0,18:00:00,,"0.0",2,"Automóvil,Moto/Ciclomotor","Belgrano Y Corrientes",2,1,0,0,1,0,0,,"Calle",,"VERA","Vera","Asfalto","S/D","XIX","S/D","Urbana","S/D","S/D","Intersección","S/D","S/D","Diurna","S/D","S/D","S/D","Colisión","S/D","S/D","S/D","S/D"
2015,5808,26/09/2015,"Sabado",0,12:40:00,,"0.0",2,"Pickup/Utilitario,Moto/Ciclomotor","Gral Guemes Y Presbitero Sponton",3,2,0,0,1,0,0,,"Calle",,"MALABRIGO","General Obligado","Asfalto","Pavimento","IX","S/D","Urbana","Ninguna","No existe","Intersección","Bueno","Buena","Diurna","Buen Tiempo","De alcance","S/D","Colisión","Ninguna","Horizontal","Ninguna","S/D"
2015,5809,11/08/2015,"Martes",0,12:00:00,,"0.0",2,"Automóvil,Automóvil","Mitre B Y Presbitero Jose Houriet",2,1,0,0,1,0,0,,"Calle",,"VERA","Vera","Asfalto","No existe","XIX","S/D","Urbana","Ninguna","No existe","Intersección","Bueno","Buena","Diurna","Buen Tiempo","Lateral","S/D","Colisión","Ninguna","Faltante","Cordón divisorio","Sin restricción"
2015,5810,16/08/2015,"Domingo",0,01:20:00,,"0.0",2,"Automóvil,Moto/Ciclomotor","Av Gral Lopez Y Av Urquiza",2,1,0,0,1,0,0,,"Avenida",,"SANTA FE","La Capital","Asfalto","No existe","I","Dentro","Urbana","Semáforo","Funciona","Intersección","Bueno","Buena","Nocturna","Buen Tiempo","Lateral","S/D","Colisión","S/D","Vertical","Línea divisoria pintada","S/D"
2015,5811,16/08/2015,"Domingo",0,17:20:00,,"0.0",2,"Automóvil,Moto/Ciclomotor","Calle 21-Gdor. iriondo Y Roca Pte",2,1,0,0,1,0,0,,"Calle",,"RECONQUISTA","General Obligado","Asfalto","Pavimento","IX","Dentro","Urbana","Ninguna","No existe","Intersección","Resbaladiza","Reducida","Diurna","Lluvia","Lateral","S/D","Colisión","Agua","Vertical","Cordón divisorio","Sin restricción"
2015,5812,13/08/2015,"Jueves",0,07:45:00,,"0.0",2,"Camión,Moto/Ciclomotor","Juan de Garay Y Francia",2,1,0,0,1,0,0,,"Calle",,"SANTA FE","La Capital","Asfalto","No existe","I","Dentro","Urbana","Ninguna","No existe","Intersección","Bueno","Buena","Amanecer","Buen Tiempo","Lateral","S/D","Colisión","S/D","Faltante","Ninguna","Sin restricción"
2015,5813,12/08/2015,"Miercoles",0,14:40:00,,"0.0",2,"Automóvil,Moto/Ciclomotor","Amenabar Y Dr Zavalla",2,1,0,0,1,0,0,,"Calle",,"SANTA FE","La Capital","Asfalto","No existe","I","Dentro","Urbana","Ninguna","No existe","Intersección","Bueno","Buena","Diurna","Buen Tiempo","Lateral","S/D","Colisión","S/D","Faltante","Ninguna","Sin restricción"
2015,5814,30/08/2015,"Domingo",0,23:20:00,"Ruta Secundaria 3-s","0.0",2,"Automóvil,Automóvil"," ",2,2,0,0,0,0,0,,"Ruta","3-s","GARABATO","Vera","Asfalto","Natural","XIX","Dentro","Rural","Ninguna","No existe","Recta","Bueno","Buena","Nocturna","Buen Tiempo","S/D","S/D","Colisión","S/D","Horizontal","Cordón divisorio","Sin restricción"
2015,5815,28/08/2015,"Viernes",0,08:00:00,,"0.0",2,"Automóvil,Moto/Ciclomotor"," ",2,1,0,0,1,0,0,,"Calle",,"RECONQUISTA","General Obligado","Asfalto","Pavimento","IX","Dentro","Urbana","Ninguna","No existe","Intersección","Bueno","Buena","Diurna","Buen Tiempo","Lateral","S/D","Colisión","S/D","Vertical","Cordón divisorio","Sin restricción"
2015,5816,16/09/2015,"Miercoles",0,09:25:00,,"0.0",2,"Pickup/Utilitario,Moto/Ciclomotor","Av Gral Obligado Y Cordoba",2,0,1,0,1,0,0,,"Calle",,"MALABRIGO","General Obligado","Asfalto,Tierra","No existe","XI","S/D","Urbana","Ninguna","No existe","Intersección","Bueno","Buena","Diurna","Buen Tiempo","Lateral","S/D","Colisión","Ninguna","Faltante","Vegetación","Sin restricción"
2015,5817,23/08/2015,"Domingo",0,07:00:00,"Ruta Secundaria 3-s","0.0",1,"Automóvil"," ",1,1,0,0,0,0,0,,"Ruta","3-s","GARABATO","Vera","Asfalto","Natural","XIX","Fuera","Rural","Ninguna","No existe","Recta","Bueno","Buena","Diurna","Buen Tiempo","S/D","S/D","Vuelco","S/D","Horizontal","Línea divisoria pintada","Sin restricción"
2015,5818,06/09/2015,"Domingo",0,17:30:00,,"0.0",2,"Moto/Ciclomotor,Automóvil","Alberti Y San Lorenzo",6,1,0,0,5,0,0,,"Calle",,"SAN CRISTÓBAL","San Cristóbal","Hormigón","S/D","XIII","S/D","Urbana","Ninguna","No existe","Intersección","Bueno","Buena","Diurna","Buen Tiempo","Lateral","S/D","Colisión","S/D","S/D","S/D","Sin restricción"