"anio_acci","nro_acci","fecha","desc_dia","fecha_aprox","hora_aprox","desc_ruta","km","cant_participantes","desc_participante","calle_avenida_km","total","heridos_leves","heridos_graves","heridos_gravisimos","ilesos","fallecidos","sin_datos","posicion_XY","desc_tipo_via","desc_ruta_ori","desc_loc","desc_dpto","desc_tipo_calzada","desc_tipo_banquina","desc_unidad_regional","desc_lugar_calzada","desc_zona","desc_prioridad","desc_estado_semaforo","desc_lugar_via","desc_estado_via","desc_estado_visibilidad","desc_luminosidad","desc_estado_clima","desc_tipo_colision","desc_tipo_atropello","desc_tipo_hecho","desc_pres_calzada","desc_senializacion","desc_separacion_via","desc_restriccion"
2015,5819,22/09/2015,"Martes",0,20:30:00,"Ruta Nacional 11","761.0",2,"Automóvil,Camión"," ",4,2,1,0,1,0,0,,"Ruta",11,"MALABRIGO","General Obligado","Asfalto,Tierra","Natural","I","Fuera","S/D","Marca Vial","No existe","Intersección","Bueno","Buena","Nocturna","Buen Tiempo","Frontal","S/D","Colisión","Ninguna","Horizontal,Vertical","Línea divisoria pintada","Sin restricción"
2015,5820,04/08/2015,"Martes",0,20:20:00,,"0.0",1,"Moto/Ciclomotor","Calle 31-Newbery Y Calle 24 - Olessio",1,1,0,0,0,0,0,,"Calle",,"RECONQUISTA","General Obligado","Asfalto","Pavimento","IX","Dentro","Urbana","S/D","No existe","Recta","Bueno","Buena","Nocturna","Buen Tiempo","Atropello animal","S/D","Colisión","S/D","Faltante","Ninguna","S/D"
2015,5821,03/09/2015,"Jueves",0,13:15:00,,"0.0",2,"Pickup/Utilitario,Moto/Ciclomotor","San Martin Y Mitre",3,1,1,0,1,0,0,,"Calle",,"CALCHAQUÍ","Vera","Asfalto","No existe","XIX","Dentro","Urbana","Ninguna","No existe","Intersección","Bueno","Buena","Diurna","Buen Tiempo","Frontal","S/D","Colisión","S/D","Faltante","Ninguna","Sin restricción"
2015,5822,05/09/2015,"Sabado",0,11:25:00,,"0.0",2,"Moto/Ciclomotor,Automóvil","Mitre Y San Martin",3,1,0,0,2,0,0,,"Calle",,"CALCHAQUÍ","Vera","Asfalto","No existe","XIX","Dentro","Urbana","Ninguna","No existe","Intersección","Bueno","Buena","Diurna","Buen Tiempo","Frontal","S/D","Colisión","S/D","Faltante","Ninguna","Sin restricción"
2015,5823,12/08/2015,"Miercoles",0,06:40:00,,"0.0",2,"Moto/Ciclomotor,Automóvil","Calle 12 Y Calle 15",2,1,0,0,1,0,0,,"Calle",,"AVELLANEDA","General Obligado","Asfalto","S/D","IX","Dentro","Urbana","Ninguna","S/D","Intersección","Bueno","S/D","Amanecer","Lluvia","Lateral","S/D","Colisión","Otro","S/D","Ninguna","Sin restricción"
2015,5824,13/08/2015,"Jueves",0,17:40:00,,"0.0",2,"Moto/Ciclomotor,Automóvil","Roca Pte Y Calle 25-Rivadavia",2,1,0,0,1,0,0,,"Calle",,"RECONQUISTA","General Obligado","Asfalto","Pavimento","IX","Dentro","Urbana","Ninguna","No existe","Recta","Bueno","Buena","Atardecer","Buen Tiempo","De alcance","S/D","Colisión","S/D","Faltante","Ninguna","Sin restricción"
2015,5825,12/09/2015,"Sabado",0,13:15:00,,"0.0",2,"Automóvil,Bicicleta","Dorrego Y Roque Saenz Peña",2,1,0,0,1,0,0,,"Calle",,"CALCHAQUÍ","Vera","Asfalto","No existe","XIX","Dentro","Urbana","Ninguna","No existe","Intersección","Bueno","Buena","Diurna","Buen Tiempo","S/D","S/D","Atropello","S/D","Faltante","Ninguna","Sin restricción"
2015,5826,01/08/2015,"Sabado",0,20:20:00,,"0.0",2,"Moto/Ciclomotor,Bicicleta","Calle 18 Y Calle 21",2,1,1,0,0,0,0,,"S/D",,"AVELLANEDA","General Obligado","S/D","S/D","IX","S/D","S/D","S/D","S/D","S/D","S/D","S/D","S/D","S/D","S/D","S/D","Atropello","S/D","S/D","S/D","S/D"
2015,5827,09/08/2015,"Domingo",0,11:30:00,,"0.0",2,"Pickup/Utilitario,Bicicleta","Calle 122 Y Pasaje centro",2,1,0,0,1,0,0,,"Calle",,"AVELLANEDA","General Obligado","Tierra","No existe","IX","S/D","S/D","Ninguna","No existe","Intersección","Bueno","Buena","Diurna","Buen Tiempo","S/D","S/D","Atropello","Ninguna","Faltante","Ninguna","Sin restricción"
2015,5828,12/09/2015,"Sabado",0,18:15:00,,"0.0",2,"Pickup/Utilitario,Automóvil","Sgto Cabral Y Rivadavia",3,1,0,0,2,0,0,,"Calle",,"CALCHAQUÍ","Vera","Asfalto","No existe","XIX","Dentro","Urbana","Ninguna","No existe","Intersección","Bueno","Buena","Diurna","Buen Tiempo","Frontal","S/D","Colisión","S/D","Faltante","Ninguna","Sin restricción"
2015,5829,07/08/2015,"Viernes",0,19:15:00,,"0.0",2,"Bicicleta,Moto/Ciclomotor","Calle 20-9 de Julio Y Calle 25-Rivadavia",2,1,0,0,1,0,0,,"Calle",,"RECONQUISTA","General Obligado","Asfalto","Pavimento","IX","Dentro","Urbana","Ninguna","No existe","Intersección","Bueno","Buena","Nocturna","Buen Tiempo","De alcance","S/D","Atropello","S/D","Faltante","Ninguna","Sin restricción"
2015,5830,30/08/2015,"Domingo",0,02:15:00,"Ruta Secundaria 87-s","0.0",1,"Moto/Ciclomotor"," ",1,1,0,0,0,0,0,,"Ruta","87-s","MARGARITA","Vera","Ripio","Natural","XIX","Dentro","Rural","Ninguna","No existe","Recta","Deteriorada","Reducida","Nocturna","Buen Tiempo","S/D","S/D","Caída ocupante","S/D","Faltante","S/D","Sin restricción"
2015,5831,10/08/2015,"Lunes",0,,"Ruta Nacional 11","0.0",2,"Moto/Ciclomotor,Moto/Ciclomotor"," ",2,1,0,0,1,0,0,,"Ruta",11,"AVELLANEDA","General Obligado","Asfalto","No existe","IX","S/D","S/D","Ninguna","No existe","Recta","Bueno","Buena","Diurna","Lluvia","De alcance","S/D","Colisión","Ninguna","Horizontal","Línea divisoria pintada","Sin restricción"
2015,5832,14/09/2015,"Lunes",0,19:00:00,,"0.0",1,"Moto/Ciclomotor","Juana Alarcon ",2,1,0,0,0,0,1,,"Calle",,"CALCHAQUÍ","Vera","Tierra","Natural","XIX","Dentro","Urbana","Ninguna","No existe","Recta","Bueno","Buena","Nocturna,Con luz artificial","Buen Tiempo","Atropello animal","S/D","Colisión","S/D","Faltante","Ninguna","Sin restricción"
2015,5833,05/08/2015,"Miercoles",0,17:00:00,"Ruta Secundaria 87-s","0.0",2,"Moto/Ciclomotor,Automóvil"," ",2,1,0,0,1,0,0,,"Ruta","87-s","MARGARITA","Vera","Ripio","Natural","XIX","Dentro","Rural","Ninguna","No existe","Recta","Deteriorada","Buena","Diurna","Buen Tiempo","Lateral","S/D","Colisión","S/D","Faltante","Ninguna","Sin restricción"
2015,5835,27/08/2015,"Jueves",0,12:45:00,"Ruta Nacional 11","0.0",2,"Automóvil,Bicicleta"," ",3,0,1,0,2,0,0,,"Ruta",11,"CALCHAQUÍ","Vera","S/D","S/D","XIX","S/D","S/D","S/D","S/D","S/D","S/D","S/D","Diurna","S/D","S/D","S/D","Atropello","S/D","S/D","S/D","S/D"
2015,5836,25/08/2015,"Martes",0,10:30:00,,"0.0",2,"Automóvil,Moto/Ciclomotor","Bv Belgrano Y Estanislao Lopez",2,0,1,0,1,0,0,,"Calle",,"CALCHAQUÍ","Vera","Asfalto","S/D","XIX","Dentro","Urbana","S/D","S/D","Intersección","Bueno","S/D","Diurna","Buen Tiempo","Lateral","S/D","Colisión","S/D","S/D","S/D","Sin restricción"
2015,5837,06/08/2015,"Jueves",0,22:50:00,,"0.0",2,"Pickup/Utilitario,Moto/Ciclomotor","Moreno Y E Aleman",2,1,0,0,1,0,0,,"Calle",,"VERA","Vera","Asfalto","No existe","XIX","Dentro","Urbana","Ninguna","No existe","Intersección","Bueno","Buena","Nocturna,Con luz artificial","Buen Tiempo","Frontal","S/D","Colisión","S/D","Faltante","Cordón divisorio","Sin restricción"
2015,5838,26/08/2015,"Miercoles",0,21:35:00,,"0.0",2,"Pickup/Utilitario,Moto/Ciclomotor","L de la Torre Y Moreno",2,1,0,0,1,0,0,,"Calle",,"VERA","Vera","Asfalto","No existe","XIX","Dentro","Urbana","Ninguna","No existe","Intersección","Bueno","Buena","Nocturna,Con luz artificial","Buen Tiempo","Lateral","S/D","Colisión","S/D","Faltante","Cordón divisorio","Sin restricción"
2015,5839,22/09/2015,"Martes",0,18:30:00,,"0.0",2,"Automóvil,Moto/Ciclomotor","Av Blas Parera Y Misiones",2,1,0,0,1,0,0,,"Avenida",,"SANTA FE","La Capital","Asfalto","No existe","I","S/D","Urbana","Ninguna","No existe","Intersección","Bueno","Buena","Diurna","Buen Tiempo","De alcance","S/D","Colisión","Ninguna","Faltante","Ninguna","Sin restricción"
2015,5840,11/09/2015,"Viernes",0,20:57:00,,"0.0",2,"Automóvil,Peatón"," ",2,1,0,0,1,0,0,,"Calle",,"AVELLANEDA","General Obligado","S/D","S/D","IX","Dentro","Urbana","S/D","S/D","S/D","S/D","S/D","Nocturna","Buen Tiempo","S/D","S/D","Atropello","S/D","S/D","S/D","S/D"
2015,5841,14/08/2015,"Viernes",0,08:00:00,"Ruta Nacional 11","0.0",2,"Moto/Ciclomotor,Pickup/Utilitario"," ",2,1,0,0,1,0,0,,"Ruta",11,"RECONQUISTA","General Obligado","Asfalto","No existe","IX","Dentro","Urbana","Ninguna","No existe","Puente","Resbaladiza","Reducida","Diurna","Lluvia","De alcance","S/D","Colisión","Agua","Faltante","Línea divisoria pintada","Sin restricción"
2015,5842,14/09/2015,"Lunes",0,17:25:00,,"0.0",2,"Automóvil,Moto/Ciclomotor","Calle 2 Y Calle 5",4,3,0,0,1,0,0,,"Calle",,"AVELLANEDA","General Obligado","Asfalto","No existe","IX","Dentro","Urbana","Ninguna","No existe","Intersección","Bueno","Buena","Diurna","Buen Tiempo","Frontal","S/D","Colisión","Ninguna","Vertical","S/D","Sin restricción"
2015,5843,26/08/2015,"Miercoles",0,18:30:00,,"0.0",2,"Moto/Ciclomotor,Automóvil","Calle 32 - Amenabar Y Calle 29-Alte Brown",3,2,0,0,1,0,0,,"Calle",,"RECONQUISTA","General Obligado","Asfalto","No existe","IX","Dentro","Urbana","Ninguna","No existe","Intersección","Bueno","Buena","Diurna","Buen Tiempo","Lateral","S/D","Caída ocupante","Ninguna","Faltante","Ninguna","Sin restricción"
2015,5844,08/09/2015,"Martes",0,12:50:00,,"0.0",2,"Moto/Ciclomotor,Peatón","Av Blas Parera 8300",2,2,0,0,0,0,0,"-31.584583333333,-60.725888888889","Calle",,"SANTA FE","La Capital","Hormigón","Pavimento","I","Dentro","Urbana","Semáforo","S/D","Recta","S/D","S/D","Diurna","Buen Tiempo","S/D","S/D","Atropello","S/D","S/D","S/D","Sin restricción"
2015,5845,18/09/2015,"Viernes",0,20:30:00,,"0.0",2,"Moto/Ciclomotor,Bicicleta","Av Blas Parera Y Santa Cruz",2,2,0,0,0,0,0,"-31.574305555556,-60.728666666667","Avenida",,"SANTA FE","La Capital","Asfalto","No existe","I","S/D","Urbana","Ninguna","No existe","Recta","Bueno","Buena","Nocturna","Buen Tiempo","S/D","S/D","Atropello","Ninguna","Faltante","Guardarrail","Sin restricción"
2015,5846,14/09/2015,"Lunes",0,12:54:00,,"0.0",2,"Automóvil,Moto/Ciclomotor","Calle 13 Y Calle 26",2,1,0,0,1,0,0,,"Calle",,"AVELLANEDA","General Obligado","Asfalto","No existe","IX","Dentro","Urbana","Ninguna","No existe","Intersección","Bueno","Buena","Diurna","Buen Tiempo","Lateral","S/D","Colisión","Ninguna","Faltante","S/D","Sin restricción"
2015,5847,09/04/2015,"Jueves",0,12:30:00,,"0.0",2,"Moto/Ciclomotor,Automóvil","French Y Pje Publico",3,2,0,0,1,0,0,,"Calle",,"SANTA FE","La Capital","Asfalto","Natural","I","Dentro","Urbana","Ninguna","No existe","Intersección","Deteriorada","Buena","Diurna","Buen Tiempo","Lateral","S/D","Colisión","S/D","Faltante","Ninguna","Sin restricción"
2015,5848,21/08/2015,"Viernes",0,10:45:00,,"0.0",2,"Moto/Ciclomotor,Automóvil","Calle 16-Obligado Y Roca Pte",2,1,0,0,1,0,0,,"Calle",,"RECONQUISTA","General Obligado","Hormigón","No existe","IX","Dentro","Urbana","Ninguna","No existe","Intersección","Bueno","Buena","Diurna","Buen Tiempo","Frontal","S/D","Colisión","Ninguna","Vertical","Ninguna","Sin restricción"
2015,5849,12/09/2015,"Sabado",0,23:10:00,,"0.0",2,"Automóvil,Moto/Ciclomotor","Florencio Fernandez Y Gdor Servando Bayo",2,1,0,0,1,0,0,,"Calle",,"SANTA FE","La Capital","Ripio","No existe","I","S/D","Urbana","Ninguna","No existe","Intersección","Bueno","Buena","Nocturna","Buen Tiempo","Frontal","S/D","Colisión","Ninguna","Faltante","Ninguna","Sin restricción"
2015,5850,11/09/2015,"Viernes",0,13:30:00,,"0.0",2,"Automóvil,Moto/Ciclomotor","Beruti Y Cafferata",2,1,0,0,1,0,0,,"Calle",,"SANTA FE","La Capital","Asfalto","No existe","I","S/D","Urbana","Ninguna","No existe","Intersección","Bueno","Buena","Diurna","Buen Tiempo","De alcance","S/D","Colisión","S/D","Faltante","Ninguna","Sin restricción"
2015,5851,09/09/2015,"Miercoles",0,18:00:00,,"0.0",2,"Moto/Ciclomotor,Automóvil","Larrea Y Chiclana",3,2,0,0,1,0,0,,"Calle",,"SANTA FE","La Capital","Asfalto","Natural","I","Dentro","Urbana","Ninguna","Funciona","Intersección","Bueno","Buena","Atardecer","Buen Tiempo","Lateral","S/D","Colisión","S/D","Horizontal,Vertical","Ninguna","Sin restricción"
2015,5852,13/08/2015,"Jueves",0,14:25:00,,"0.0",2,"Moto/Ciclomotor,Automóvil","Calle 20-9 de Julio Y Calle 18 - Gral Belgrano",2,1,0,0,1,0,0,,"Calle",,"RECONQUISTA","General Obligado","Hormigón","No existe","IX","Dentro","Urbana","Ninguna","No existe","Intersección","Bueno","Buena","Diurna","Buen Tiempo","Frontal","S/D","Colisión","Ninguna","Vertical","Ninguna","Sin restricción"
2015,5853,18/09/2015,"Viernes",0,17:30:00,,"0.0",2,"Automóvil,Moto/Ciclomotor","Reinares Y Hugo Wast",2,1,0,0,1,0,0,,"Calle",,"SANTA FE","La Capital","Asfalto","No existe","I","S/D","Urbana","Ninguna","No existe","Intersección","Bueno","Buena","Diurna","Buen Tiempo","De alcance","S/D","Colisión","Ninguna","Faltante","Ninguna","Sin restricción"
2015,5854,31/08/2015,"Lunes",0,22:10:00,,"0.0",2,"Automóvil,Bicicleta","GRAL. LOPEZ Y HIPOLITO IRIGOYEN",2,1,0,0,1,0,0,,"Calle",,"RECONQUISTA","General Obligado","Asfalto","No existe","IX","Dentro","Urbana","Ninguna","No existe","Intersección","Bueno","Buena","Nocturna","Buen Tiempo","S/D","S/D","Atropello","Ninguna","Vertical","Ninguna","Sin restricción"
2015,5855,29/08/2015,"Sabado",0,08:00:00,,"0.0",2,"Automóvil,Moto/Ciclomotor","Calle 12 San Martin Y Calle 11-Alvear",2,1,0,0,1,0,0,,"Calle",,"RECONQUISTA","General Obligado","Hormigón","No existe","IX","Dentro","Urbana","Ninguna","No existe","Intersección","Bueno","Buena","Diurna","Buen Tiempo","Lateral","S/D","Colisión","Ninguna","Vertical","Ninguna","Sin restricción"
2015,5856,25/08/2015,"Martes",0,09:20:00,,"0.0",2,"Automóvil,Moto/Ciclomotor","Calle 27-Gdor Freyre Y Roca Pte",2,0,1,0,1,0,0,,"Calle",,"RECONQUISTA","General Obligado","Asfalto","No existe","IX","Dentro","Urbana","Ninguna","S/D","Intersección","Bueno","Buena","Diurna","Buen Tiempo","Frontal","S/D","Colisión","Ninguna","Vertical","Ninguna","Sin restricción"
2015,5857,09/09/2015,"Miercoles",0,16:40:00,,"0.0",2,"Moto/Ciclomotor,Camión","Av Lopez y Planes Y Cordoba",2,1,0,0,1,0,0,,"Calle",,"SANTA FE","La Capital","Hormigón","Pavimento","I","Dentro","Urbana","Ninguna","S/D","Intersección","S/D","Buena","Diurna","S/D","Lateral","S/D","Colisión","S/D","S/D","S/D","Sin restricción"
2015,5858,10/09/2015,"Jueves",0,17:40:00,,"0.0",2,"Moto/Ciclomotor,Pickup/Utilitario","Lamadrid Y Vieytes",2,1,0,0,1,0,0,,"Calle",,"SANTA FE","La Capital","Asfalto","Natural","I","Dentro","Urbana","Ninguna","No existe","Intersección","Deteriorada","Buena","Diurna","Buen Tiempo","Lateral","S/D","Colisión","Material Suelto","Faltante","Ninguna","Sin restricción"
2015,5859,27/09/2015,"Domingo",0,15:30:00,"Ruta Nacional 11","0.0",2,"Automóvil,Moto/Ciclomotor","Ruta Nac 11 ",2,1,0,0,1,0,0,,"Ruta",11,"MARCELINO ESCALADA","San Justo","Asfalto","Ripio","XVI","Dentro","Urbana","Marca Vial","Funciona","Recta","Bueno","Buena","Diurna","Buen Tiempo","Lateral","S/D","Colisión","S/D","Horizontal","Línea divisoria pintada","Sin restricción"
2015,5860,12/09/2015,"Sabado",0,19:00:00,,"0.0",2,"Moto/Ciclomotor,Moto/Ciclomotor","J Castelli Y Sebastian Gaboto",3,2,0,0,1,0,0,,"Calle",,"SANTA FE","La Capital","Hormigón","Pavimento","I","Dentro","Urbana","Ninguna","No existe","Intersección","Bueno","Buena","Atardecer","Buen Tiempo","Lateral","S/D","Colisión","Agua","Faltante","Ninguna","Sin restricción"
2015,5861,21/09/2015,"Lunes",0,20:30:00,,"0.0",2,"Moto/Ciclomotor,Bicicleta","Brigadier Lopez Y Peñaloza",3,3,0,0,0,0,0,,"Calle",,"MARGARITA","Vera","Asfalto","No existe","XIX","Dentro","Urbana","Ninguna","No existe","Intersección","Bueno","Reducida","Nocturna","Buen Tiempo","S/D","S/D","Atropello","Ninguna","Faltante","Ninguna","Sin restricción"
2015,5862,23/09/2015,"Miercoles",0,09:40:00,,"0.0",2,"Moto/Ciclomotor,Bicicleta","Estanislao Lopez Y A Mendez",2,1,0,0,1,0,0,,"Calle",,"VERA","Vera","Asfalto","No existe","XIX","Dentro","Urbana","Ninguna","No existe","Intersección","Bueno","Buena","Diurna","Niebla","S/D","S/D","Atropello","Ninguna","Faltante","Cordón divisorio","Sin restricción"
2015,5863,12/09/2015,"Sabado",0,22:10:00,,"0.0",2,"Moto/Ciclomotor,Automóvil","Av Blas Parera Y Estanislao Zeballos",2,1,0,0,1,0,0,,"Calle",,"SANTA FE","La Capital","Hormigón","Pavimento","I","Dentro","Urbana","Semáforo","Funciona","Intersección","Bueno","Buena","Nocturna,Con luz artificial","Buen Tiempo","Lateral","S/D","Colisión","S/D","Horizontal,Vertical","Cordón divisorio","Sin restricción"
2015,5864,14/09/2015,"Lunes",0,12:30:00,,"0.0",2,"Moto/Ciclomotor,Automóvil","Av Blas Parera Y Larrea",2,1,0,0,1,0,0,,"Calle",,"SANTA FE","La Capital","Hormigón","Pavimento","I","Dentro","Urbana","Semáforo","Funciona","Intersección","Bueno","Buena","Diurna","Buen Tiempo","Lateral","S/D","Colisión","S/D","Horizontal,Vertical","Cordón divisorio","Sin restricción"
2015,5865,21/09/2015,"Lunes",0,20:15:00,,"0.0",2,"Pickup/Utilitario,Tracción animal / Carro","A Lezama Y A Mendez",2,1,0,0,1,0,0,,"Calle",,"VERA","Vera","Asfalto","Natural","XIX","Dentro","Urbana","Marca Vial","No existe","Intersección","Bueno","Reducida","Atardecer","Buen Tiempo","Otro","S/D","Colisión","Ninguna","Faltante","Ninguna","Sin restricción"
2015,5866,14/09/2015,"Lunes",0,15:00:00,,"0.0",2,"Moto/Ciclomotor,Pickup/Utilitario","Estado de Israel Y Ferrocarril GB",2,1,0,0,1,0,0,,"Calle",,"SANTA FE","La Capital","Asfalto","Natural","I","Dentro","Urbana","Ninguna","No existe","Paso a Nivel FFCC","Deteriorada","Buena","Diurna","Buen Tiempo","De alcance","S/D","Colisión","S/D","Faltante","Ninguna","Sin restricción"
2015,5867,14/09/2015,"Lunes",0,11:30:00,,"0.0",2,"Moto/Ciclomotor,Pickup/Utilitario","1ro de Mayo Y Pte Peron",2,1,0,0,1,0,0,,"Calle",,"VERA","Vera","Asfalto","No existe","XIX","Dentro","Urbana","Ninguna","No existe","Intersección","Bueno","Buena","Diurna","Buen Tiempo","Lateral","S/D","Colisión","Ninguna","Faltante","Cordón divisorio","Sin restricción"
2015,5868,15/07/2015,"Miercoles",0,14:30:00,,"0.0",2,"Moto/Ciclomotor,Automóvil","ROTONDA HIPODROMO ",3,2,0,0,1,0,0,,"Calle",,"SANTA FE","La Capital","Hormigón","Pavimento","I","Dentro","Urbana","Ninguna","No existe","Rotonda","Bueno","Buena","Diurna","Buen Tiempo","Lateral","S/D","Colisión","Material Suelto","Horizontal,Vertical","Cordón divisorio","Sin restricción"
2015,5869,09/09/2015,"Miercoles",0,16:00:00,,"0.0",2,"Automóvil,Moto/Ciclomotor","Mitre B Y Corrientes",2,1,0,0,1,0,0,,"Calle",,"VERA","Vera","Asfalto","Pavimento","XIX","Dentro","Urbana","Ninguna","No existe","Intersección","Bueno","Buena","Diurna","Buen Tiempo","Lateral","S/D","Colisión","Ninguna","Faltante","Cordón divisorio","Sin restricción"
2015,5870,31/08/2015,"Lunes",0,21:30:00,,"0.0",2,"Moto/Ciclomotor,Automóvil","Av Blas Parera Y Estado de Israel",2,1,0,0,1,0,0,,"Avenida",,"SANTA FE","La Capital","S/D","Pavimento","I","Dentro","Urbana","Semáforo","S/D","Intersección","Bueno","Buena","Nocturna,Con luz artificial","Buen Tiempo","Lateral","S/D","Colisión","Material Suelto","Vertical","Cordón divisorio","S/D"
2015,5871,23/08/2015,"Domingo",0,12:00:00,,"0.0",2,"Moto/Ciclomotor,Automóvil","Calle 17-Bartolome Mitre Y Calle 12 San Martin",2,1,0,0,1,0,0,,"Calle",,"RECONQUISTA","General Obligado","Hormigón","No existe","IX","Dentro","Urbana","Ninguna","No existe","Intersección","Bueno","Buena","Diurna","Buen Tiempo","Lateral","S/D","Colisión","Ninguna","Vertical","Cordón divisorio","Sin restricción"
2015,5872,03/08/2015,"Lunes",0,11:00:00,,"0.0",2,"Automóvil,Bicicleta","Calle 31-Newbery Y Roca Pte",4,3,0,0,1,0,0,,"Calle",,"RECONQUISTA","General Obligado","Hormigón","No existe","IX","Dentro","Urbana","Ninguna","No existe","Intersección","Bueno","Buena","Diurna","Buen Tiempo","S/D","S/D","Atropello","Ninguna","Vertical","Cordón divisorio","Sin restricción"
2015,5873,07/08/2015,"Viernes",0,17:30:00,,"0.0",2,"Moto/Ciclomotor,Pickup/Utilitario","Calle 13-Iturraspe Y Calle 22- 25 de Mayo",4,3,0,0,1,0,0,,"Calle",,"RECONQUISTA","General Obligado","Hormigón","No existe","IX","Dentro","Urbana","Ninguna","No existe","Recta","Bueno","Buena","Diurna","Buen Tiempo","Lateral","S/D","Colisión","Ninguna","Vertical","Cordón divisorio","Sin restricción"
2015,5874,01/09/2015,"Martes",0,23:30:00,,"0.0",2,"Bicicleta,Automóvil","Av Peñaloza 5700",3,2,0,0,1,0,0,"-31.612111111111,-60.713055555556","Avenida",,"SANTA FE","La Capital","Hormigón","Pavimento","I","Dentro","Urbana","Ninguna","No existe","Recta","Bueno","Buena","Nocturna","Buen Tiempo","S/D","S/D","Atropello","S/D","Vertical","S/D","Sin restricción"
2015,5875,05/09/2015,"Sabado",0,15:00:00,,"0.0",2,"Moto/Ciclomotor,Automóvil","San Jeronimo Y M De Polonia",2,1,0,0,1,0,0,,"Calle",,"SANTA FE","La Capital","Asfalto","Pavimento","I","S/D","S/D","Ninguna","No existe","Intersección","Bueno","Buena","Diurna","Buen Tiempo","Lateral","S/D","Colisión","S/D","Faltante","Barrera de hormigón","Sin restricción"
2015,5876,01/08/2015,"Sabado",0,19:15:00,"Ruta Secundaria 40-s","0.0",2,"Moto/Ciclomotor,Pickup/Utilitario","Calle 44-27 de Abril ",2,1,0,0,1,0,0,,"Ruta","40-s","RECONQUISTA","General Obligado","Hormigón","No existe","IX","Dentro","Urbana","Semáforo","Funciona","Recta","Bueno","Buena","Nocturna","Buen Tiempo","S/D","S/D","Colisión","Ninguna","Faltante","Cordón divisorio","Sin restricción"
2015,5877,08/07/2015,"Miercoles",0,14:25:00,,"0.0",2,"Automóvil,Automóvil","Entre Rios Y Malvinas",3,1,0,0,2,0,0,,"Calle",,"VENADO TUERTO","General López","Asfalto","No existe","VIII","Dentro","Urbana","S/D","No existe","Intersección","Bueno","Buena","Diurna","S/D","S/D","S/D","S/D","S/D","S/D","S/D","S/D"
2015,5878,05/09/2015,"Sabado",0,18:40:00,,"0.0",2,"Moto/Ciclomotor,Moto/Ciclomotor","Av Blas Parera Y Estado de Israel",3,3,0,0,0,0,0,,"Avenida",,"SANTA FE","La Capital","Asfalto","Pavimento","I","Dentro","Urbana","Semáforo","Funciona","Intersección","Bueno","Buena","Atardecer","Buen Tiempo","Lateral","S/D","Colisión","Agua","Horizontal","Cordón divisorio","Sin restricción"
2015,5879,14/09/2015,"Lunes",0,17:50:00,,"0.0",2,"Automóvil,Moto/Ciclomotor","Santa Fe Y 25 de Mayo",3,2,0,0,1,0,0,,"S/D",,"VERA","Vera","Asfalto","Pavimento","XIX","S/D","Urbana","Semáforo","Funciona","Intersección","Bueno","Buena","Diurna","Buen Tiempo","Otro","S/D","Colisión","Ninguna","Faltante","Cordón divisorio","Sin restricción"
2015,5880,07/09/2015,"Lunes",0,11:45:00,,"0.0",2,"Moto/Ciclomotor,Camión","Av Peñaloza Y Larrea",2,1,0,0,1,0,0,,"Avenida",,"SANTA FE","La Capital","Hormigón","Pavimento","I","Dentro","Urbana","Ninguna","No existe","Intersección","Bueno","Buena","Diurna","Buen Tiempo","Lateral","S/D","Colisión","S/D","Faltante","S/D","Sin restricción"
2015,5881,15/09/2015,"Martes",0,17:50:00,,"0.0",2,"Moto/Ciclomotor,Automóvil","Matheu Y Chiclana",3,2,0,0,1,0,0,,"Calle",,"SANTA FE","La Capital","Hormigón","Pavimento","I","Dentro","Urbana","S/D","No existe","Intersección","Deteriorada","Buena","Diurna","Buen Tiempo","Lateral","S/D","Colisión","Material Suelto","Faltante","S/D","Sin restricción"
2015,5882,15/09/2015,"Martes",0,20:30:00,,"0.0",2,"Moto/Ciclomotor,Automóvil","Estanislao Zeballos Y Juan Diaz de Solis",3,2,0,0,1,0,0,,"Calle",,"SANTA FE","La Capital","Hormigón","Pavimento","I","Dentro","Urbana","Ninguna","No existe","Intersección","Bueno","Buena","Nocturna,Con luz artificial","Buen Tiempo","Lateral","S/D","Colisión","Agua","Faltante","S/D","Sin restricción"
2015,5883,16/09/2015,"Miercoles",0,11:30:00,,"0.0",2,"Moto/Ciclomotor,Automóvil","Sebastian Gaboto Y J P Lopez",2,1,0,0,1,0,0,,"Calle",,"SANTA FE","La Capital","Asfalto","Natural","I","Dentro","Urbana","S/D","No existe","Intersección","Deteriorada","Buena","Diurna","Buen Tiempo","Lateral","S/D","Colisión","Material Suelto","Faltante","S/D","Sin restricción"