"anio_acci","nro_acci","fecha","desc_dia","fecha_aprox","hora_aprox","desc_ruta","km","cant_participantes","desc_participante","calle_avenida_km","total","heridos_leves","heridos_graves","heridos_gravisimos","ilesos","fallecidos","sin_datos","posicion_XY","desc_tipo_via","desc_ruta_ori","desc_loc","desc_dpto","desc_tipo_calzada","desc_tipo_banquina","desc_unidad_regional","desc_lugar_calzada","desc_zona","desc_prioridad","desc_estado_semaforo","desc_lugar_via","desc_estado_via","desc_estado_visibilidad","desc_luminosidad","desc_estado_clima","desc_tipo_colision","desc_tipo_atropello","desc_tipo_hecho","desc_pres_calzada","desc_senializacion","desc_separacion_via","desc_restriccion"
2015,5884,01/09/2015,"Martes",0,19:20:00,,"0.0",2,"Automóvil,Pickup/Utilitario","Javier de la Rosa Y Rivadavia",3,1,0,0,2,0,0,,"Calle",,"SANTA FE","La Capital","Asfalto","No existe","I","S/D","Urbana","Ninguna","No existe","Intersección","Con baches","Reducida polvo","Nocturna","Buen Tiempo","Lateral","S/D","Colisión","Ninguna","Faltante","Ninguna","Sin restricción"
2015,5885,18/09/2015,"Viernes",0,05:50:00,,"0.0",1,"Automóvil","Estanislao Zeballos 4200",2,1,0,0,1,0,0,,"Calle",,"SANTA FE","La Capital","Hormigón","Pavimento","I","Dentro","Urbana","S/D","No existe","Recta","Bueno","Buena","Amanecer,Con luz artificial","Buen Tiempo","Contra objeto fijo","S/D","Colisión","S/D","S/D","S/D","Sin restricción"
2015,5886,19/09/2015,"Sabado",0,23:15:00,,"0.0",2,"Moto/Ciclomotor,Automóvil","French Y Republica de Siria",2,1,0,0,1,0,0,,"Calle",,"SANTA FE","La Capital","Asfalto","Ripio","I","Dentro","Urbana","Ninguna","No existe","Intersección","Con baches","Reducida polvo","Nocturna","Viento Fuerte","Lateral","S/D","Colisión","Ninguna","Faltante","Ninguna","Sin restricción"
2015,5887,23/09/2015,"Miercoles",0,07:50:00,,"0.0",2,"Moto/Ciclomotor,Automóvil","Estrada Y J Castelli",2,1,0,0,1,0,0,,"Calle",,"SANTA FE","La Capital","Asfalto","Pavimento","I","Dentro","Urbana","S/D","No existe","Intersección","Bueno","Buena","Diurna","Buen Tiempo","Lateral","S/D","Colisión","Agua","Vertical","S/D","Sin restricción"
2015,5888,24/09/2015,"Jueves",0,19:00:00,,"0.0",2,"Moto/Ciclomotor,Automóvil","Av Blas Parera Y Vieytes",3,2,0,0,1,0,0,,"Avenida",,"SANTA FE","La Capital","Hormigón","Pavimento","I","Dentro","Urbana","Semáforo","Funciona","Intersección","Bueno","Buena","Atardecer,Con luz artificial","Buen Tiempo","Lateral","S/D","Colisión","Material Suelto","Horizontal,Vertical","Cordón divisorio","Sin restricción"
2015,5889,19/09/2015,"Sabado",0,12:00:00,,"0.0",2,"Moto/Ciclomotor,Automóvil","French Y Alvear",2,1,0,0,1,0,0,,"Calle",,"SANTA FE","La Capital","Asfalto","S/D","I","Dentro","Urbana","Ninguna","No existe","Intersección","Con baches","Reducida polvo","Diurna","Otro","Lateral","S/D","Colisión","Ninguna","Faltante","Ninguna","Sin restricción"
2015,5890,07/09/2015,"Lunes",0,18:00:00,,"0.0",2,"Moto/Ciclomotor,Automóvil","Azcuenaga Y Alsina",2,1,0,0,1,0,0,,"Calle",,"SANTA FE","La Capital","Asfalto","Pavimento","I","Dentro","Urbana","Ninguna","No existe","Intersección","Deteriorada","Buena","Atardecer","Buen Tiempo","Lateral","S/D","Colisión","Agua","Faltante","Ninguna","Sin restricción"
2015,5891,01/09/2015,"Martes",0,18:00:00,,"0.0",2,"Moto/Ciclomotor,Automóvil","Av Gral Paz Y Azcuenaga",2,1,0,0,1,0,0,,"Avenida",,"SANTA FE","La Capital","Asfalto","Ripio","I","Dentro","Urbana","Ninguna","No existe","Intersección","Bueno","Buena","Diurna","Buen Tiempo","Lateral","S/D","Colisión","Ninguna","Faltante","Ninguna","Sin restricción"
2015,5892,09/02/2015,"Lunes",0,04:35:00,,"0.0",2,"Moto/Ciclomotor,Automóvil","Biedma Y Larrea",2,0,0,0,0,0,2,,"Calle",,"ROSARIO","Rosario","S/D","S/D","II","Dentro","Urbana","S/D","S/D","Intersección","S/D","S/D","Nocturna","S/D","Lateral","S/D","Colisión","S/D","S/D","S/D","S/D"
2015,5893,09/02/2015,"Lunes",0,13:30:00,"Autopista Provincial Brigadier E.López","57.0",2,"Ambulancia,Pickup/Utilitario"," ",4,2,0,0,2,0,0,,"Autopista","Brigadier E.López","MONJE","San Jerónimo","S/D","S/D","XV","Dentro","Rural","S/D","S/D","Recta","S/D","S/D","Diurna","S/D","De alcance","S/D","Colisión","S/D","S/D","S/D","S/D"
2015,5894,09/02/2015,"Lunes",0,07:30:00,"Autopista Provincial Brigadier E.López","154.0",7,"Automóvil,Otros,Otros,Otros,Otros,Otros,Otros"," ",7,2,0,0,5,0,0,,"Autopista","Brigadier E.López","SANTO TOMÉ","La Capital","Asfalto","Natural","I","Dentro","Rural","S/D","S/D","S/D","S/D","S/D","Diurna","S/D","Múltiple","S/D","Colisión","S/D","Horizontal,Vertical","Guardarrail","S/D"
2015,5895,07/02/2015,"Sabado",0,20:00:00,"Ruta Provincial 6","0.0",2,"Automóvil,Automóvil","3 KM AL NORTE DEL INGRESO A  LA CIUDAD ",5,2,0,0,3,0,0,,"Ruta",6,"SAN CARLOS CENTRO","Las Colonias","S/D","S/D","XI","Dentro","S/D","S/D","S/D","S/D","S/D","S/D","Nocturna","S/D","S/D","S/D","Colisión","S/D","S/D","S/D","S/D"
2015,5896,10/02/2015,"Martes",0,18:40:00,"Ruta Nacional 33","635.0",1,"Camión","ALTURA AERODROMO ",1,1,0,0,0,0,0,,"Ruta",33,"VENADO TUERTO","General López","Asfalto","Natural","VIII","Fuera","Rural","S/D","S/D","S/D","S/D","S/D","Atardecer","S/D","S/D","S/D","Despiste","S/D","S/D","S/D","S/D"
2015,5897,07/09/2015,"Lunes",0,16:15:00,,"0.0",2,"Automóvil,Moto/Ciclomotor","Calle 5 Y Calle 2",3,2,0,0,1,0,0,,"Calle",,"AVELLANEDA","General Obligado","Asfalto","No existe","IX","Dentro","Urbana","Ninguna","No existe","Intersección","Bueno","Buena","Diurna","Buen Tiempo","De alcance","S/D","Colisión","Ninguna","Horizontal","Ninguna","Sin restricción"
2015,5898,16/09/2015,"Miercoles",0,11:30:00,,"0.0",2,"Moto/Ciclomotor,Moto/Ciclomotor","Reg 12 de Infanteria 682",2,1,0,0,1,0,0,,"Calle",,"SANTA FE","La Capital","Asfalto","No existe","I","Dentro","Urbana","Semáforo","Funciona","Intersección","Bueno","Buena","Diurna","Buen Tiempo","Lateral","S/D","Colisión","Ninguna","Horizontal","Ninguna","Sin restricción"
2015,5899,19/09/2015,"Sabado",0,14:00:00,,"0.0",2,"Moto/Ciclomotor,Pickup/Utilitario","Velez Sarsfield Y Hernandarias",2,1,0,0,1,0,0,,"S/D",,"SANTA FE","La Capital","Asfalto","No existe","I","Dentro","Urbana","Ninguna","No existe","Intersección","Bueno","Buena","Diurna","Buen Tiempo","Lateral","S/D","Colisión","Ninguna","Faltante","S/D","Sin restricción"
2015,5900,05/09/2015,"Sabado",0,06:00:00,,"0.0",2,"Moto/Ciclomotor,Automóvil","12 de Octubre Y Santa Cruz",2,0,0,0,0,0,2,,"Calle",,"SANTA FE","La Capital","Asfalto","S/D","I","S/D","Urbana","Ninguna","S/D","Recta","Bueno","S/D","Diurna","Buen Tiempo","De alcance","S/D","Colisión","Otro","Vertical","Cordón divisorio","S/D"
2015,5901,02/09/2015,"Miercoles",0,10:40:00,,"0.0",2,"Pickup/Utilitario,Moto/Ciclomotor","Llerena Y Pje Venialvo",2,1,0,0,1,0,0,,"Calle",,"SANTA FE","La Capital","Asfalto","No existe","I","S/D","Urbana","Ninguna","No existe","Intersección","Bueno","Buena","Diurna","Buen Tiempo","Lateral","S/D","Colisión","Ninguna","S/D","Ninguna","Sin restricción"
2015,5902,03/09/2015,"Jueves",0,13:00:00,,"0.0",2,"Moto/Ciclomotor,Automóvil","Salvador del Carril Y Avellaneda",2,1,0,0,1,0,0,,"Avenida",,"SANTA FE","La Capital","Asfalto","No existe","I","S/D","Urbana","Ninguna","No existe","Intersección","Bueno","Buena","Diurna","Buen Tiempo","Lateral","S/D","Colisión","Ninguna","S/D","Ninguna","Sin restricción"
2015,5903,13/09/2015,"Domingo",0,19:20:00,,"0.0",2,"Peatón,Moto/Ciclomotor"," ",2,2,0,0,0,0,0,,"Camino Rural",,"ANGEL GALLARDO","La Capital","Tierra","Natural","I","S/D","Rural","Ninguna","No existe","Recta","Con baches","Buena","Diurna","Buen Tiempo","S/D","S/D","Atropello","Ninguna","S/D","Ninguna","Sin restricción"
2015,5904,03/09/2015,"Jueves",0,17:15:00,,"0.0",2,"Moto/Ciclomotor,Automóvil","Ricardo Aldao Y Republica de Siria",2,1,0,0,1,0,0,,"Calle",,"SANTA FE","La Capital","Asfalto","No existe","I","S/D","Urbana","Ninguna","No existe","Intersección","Bueno","Buena","Diurna","Buen Tiempo","Lateral","S/D","Colisión","Ninguna","S/D","Ninguna","Sin restricción"
2015,5905,12/09/2015,"Sabado",0,20:55:00,,"0.0",1,"Moto/Ciclomotor","Entre Rios 800",1,1,0,0,0,0,0,,"Calle",,"LAGUNA PAIVA","La Capital","Asfalto","No existe","I","Dentro","Urbana","Ninguna","No existe","Recta","Bueno","Buena","Nocturna,Con luz artificial","Buen Tiempo","Atropello animal","S/D","Colisión","S/D","Faltante","Ninguna","Sin restricción"
2015,5906,03/09/2015,"Jueves",0,21:20:00,,"0.0",2,"Moto/Ciclomotor,Automóvil","Belgrano 5600",2,1,0,0,1,0,0,,"Calle",,"SANTA FE","La Capital","Asfalto","No existe","I","S/D","Urbana","Ninguna","No existe","Intersección","Bueno","Reducida","Nocturna","Buen Tiempo","Lateral","S/D","Colisión","Ninguna","S/D","Ninguna","Sin restricción"
2015,5907,12/09/2015,"Sabado",0,18:00:00,"Ruta Provincial 2","0.0",1,"Automóvil","Luis Forani ",2,2,0,0,0,0,0,,"Ruta",2,"LAGUNA PAIVA","La Capital","Hormigón","Natural","I","Dentro","Urbana","Ninguna","No existe","Recta","Bueno","Buena","Atardecer","Buen Tiempo","S/D","S/D","Vuelco","S/D","Faltante","Ninguna","Sin restricción"
2015,5908,18/09/2015,"Viernes",0,18:00:00,,"0.0",2,"Bicicleta,Automóvil","Av Cordoba Y N Avellaneda",2,1,0,0,1,0,0,,"Calle",,"LAGUNA PAIVA","La Capital","Hormigón","No existe","I","Dentro","Urbana","Ninguna","No existe","Intersección","Bueno","Buena","Atardecer","Buen Tiempo","Lateral","S/D","Atropello","S/D","Faltante","Vegetación","Sin restricción"
2015,5909,19/09/2015,"Sabado",0,20:30:00,,"0.0",2,"Moto/Ciclomotor,Automóvil","Ayacucho 8500",3,2,0,0,1,0,0,,"Calle",,"SANTA FE","La Capital","Asfalto","Natural","I","Dentro","Urbana","Ninguna","No existe","Recta","Deteriorada","Buena","Nocturna","Buen Tiempo","Lateral","S/D","Colisión","Material Suelto","Faltante","Ninguna","Sin restricción"
2015,5910,15/09/2015,"Martes",0,07:45:00,,"0.0",3,"Moto/Ciclomotor,Moto/Ciclomotor,Moto/Ciclomotor","Misiones Y Camino",3,2,0,0,0,0,1,,"Calle",,"SANTA FE","La Capital","Tierra","S/D","I","Dentro","Urbana","Ninguna","S/D","Cruce","Con baches","S/D","Diurna","Buen Tiempo","De alcance","S/D","Colisión","Otro","Faltante","Ninguna","Sin restricción"
2015,5911,22/09/2015,"Martes",0,17:45:00,,"0.0",2,"Moto/Ciclomotor,Automóvil","Alberdi Y Av Pte Peron",2,1,0,0,1,0,0,,"Calle",,"SANTA FE","La Capital","Hormigón","No existe","I","Dentro","Urbana","Ninguna","No existe","Intersección","Bueno","Buena","Atardecer","Buen Tiempo","Lateral","S/D","Colisión","S/D","Vertical","Ninguna","Sin restricción"
2015,5912,03/09/2015,"Jueves",0,22:00:00,,"0.0",2,"Moto/Ciclomotor,Automóvil","Calle 2 ",3,0,1,0,2,0,0,,"Calle",,"AVELLANEDA","General Obligado","Asfalto","No existe","IX","S/D","Urbana","Ninguna","No existe","Recta","Bueno","Buena","Nocturna","Buen Tiempo","De alcance","S/D","Colisión","Ninguna","Horizontal","S/D","Sin restricción"
2015,5913,23/09/2015,"Miercoles",0,12:30:00,,"0.0",2,"Automóvil,Moto/Ciclomotor","Rivadavia Y Juan B Alberdi",2,1,0,0,1,0,0,,"Calle",,"LAGUNA PAIVA","La Capital","Hormigón","No existe","I","Dentro","Urbana","Ninguna","No existe","Intersección","Bueno","Buena","Diurna","Buen Tiempo","Lateral","S/D","Colisión","S/D","Horizontal,Vertical","Ninguna","Sin restricción"
2015,5914,03/09/2015,"Jueves",0,10:25:00,,"0.0",2,"Pickup/Utilitario,Automóvil","Calle 12 Y Calle 7",2,1,0,0,1,0,0,,"Calle",,"AVELLANEDA","General Obligado","Asfalto","No existe","IX","S/D","Urbana","Ninguna","No existe","Intersección","Bueno","Buena","Diurna","Buen Tiempo","Lateral","S/D","Colisión","Ninguna","Vertical","Ninguna","Sin restricción"
2015,5915,26/09/2015,"Sabado",0,10:30:00,,"0.0",2,"Moto/Ciclomotor,Bicicleta","Rivadavia Y Moreno",2,1,0,0,1,0,0,,"Calle",,"LAGUNA PAIVA","La Capital","Hormigón","No existe","I","Dentro","Urbana","Ninguna","No existe","Intersección","Bueno","Buena","Diurna","Buen Tiempo","Lateral","S/D","Atropello","S/D","Horizontal,Vertical","Ninguna","Sin restricción"
2015,5916,20/09/2015,"Domingo",0,16:30:00,,"0.0",2,"Moto/Ciclomotor,Pickup/Utilitario","los cedros ",2,1,0,0,1,0,0,,"Calle",,"AROMOS","La Capital","Tierra","No existe","I","Dentro","Urbana","Ninguna","No existe","Intersección","Con baches","Reducida","Diurna","Otro","Lateral","S/D","Colisión","Ninguna","Faltante","Ninguna","Sin restricción"
2015,5917,04/09/2015,"Viernes",0,16:00:00,,"0.0",2,"Bicicleta,Automóvil","Republica de Siria Y Ricardo Aldao",2,1,0,0,1,0,0,"-31.610777777778,-60.692222222222","Calle",,"SANTA FE","La Capital","Asfalto","No existe","I","S/D","Urbana","Ninguna","No existe","Intersección","Bueno","Buena","Diurna","Buen Tiempo","S/D","S/D","Atropello","Ninguna","S/D","Ninguna","Sin restricción"
2015,5918,05/09/2015,"Sabado",0,20:40:00,"Ruta Provincial 1","0.0",2,"Moto/Ciclomotor,Pickup/Utilitario","Calle 22 ",2,1,0,0,1,0,0,,"Ruta",1,"ARROYO LEYES","La Capital","Asfalto","Natural","I","Dentro","Urbana","Ninguna","No existe","Curva","Bueno","Buena","Atardecer","Buen Tiempo","De alcance","S/D","Colisión","S/D","Horizontal","Línea divisoria pintada","Sin restricción"
2015,5919,30/09/2015,"Miercoles",0,10:53:00,"Ruta Nacional 11","0.0",2,"Moto/Ciclomotor,Automóvil"," ",3,0,1,0,2,0,0,,"Ruta",11,"AVELLANEDA","General Obligado","Asfalto","S/D","IX","S/D","S/D","Semáforo","S/D","Recta","S/D","S/D","Diurna","Buen Tiempo","De alcance","S/D","Colisión","S/D","S/D","S/D","Sin restricción"
2015,5920,01/09/2015,"Martes",0,15:00:00,,"0.0",2,"Moto/Ciclomotor,Automóvil","Piedrabuena Y Sarmiento",2,1,0,0,1,0,0,,"Calle",,"SANTA FE","La Capital","Asfalto","No existe","I","Dentro","Urbana","Ninguna","No existe","Intersección","Con baches","Buena","Diurna","Buen Tiempo","Lateral","S/D","Colisión","Ninguna","Faltante","Ninguna","Sin restricción"
2015,5921,28/09/2015,"Lunes",0,19:30:00,"Ruta Provincial 1","12.0",1,"Cuatriciclo"," ",2,2,0,0,0,0,0,,"Ruta",1,"ARROYO LEYES","La Capital","Tierra","No existe","I","Dentro","Rural","Ninguna","No existe","S/D","S/D","Buena","Diurna","Buen Tiempo","S/D","S/D","Vuelco","S/D","Faltante","Ninguna","Sin restricción"
2015,5922,04/09/2015,"Viernes",0,18:00:00,,"0.0",2,"Moto/Ciclomotor,Moto/Ciclomotor","Av Gral Paz 5900",2,1,0,0,1,0,0,,"Avenida",,"SANTA FE","La Capital","Asfalto","No existe","I","S/D","Urbana","Ninguna","No existe","Recta","Bueno","Buena","Atardecer","Buen Tiempo","Lateral","S/D","Colisión","Ninguna","S/D","Ninguna","Sin restricción"
2015,5923,05/09/2015,"Sabado",0,01:45:00,,"0.0",2,"Automóvil,Automóvil","Av Gral Lopez Y Belgrano",4,2,0,0,2,0,0,,"Avenida",,"SANTA FE","La Capital","Asfalto","No existe","I","S/D","Urbana","Ninguna","No existe","Intersección","Bueno","Reducida","Nocturna","Buen Tiempo","Lateral","S/D","Colisión","S/D","S/D","Ninguna","Sin restricción"
2015,5924,06/09/2015,"Domingo",0,05:15:00,,"0.0",2,"Automóvil,Automóvil","Salvador del Carril Y Alvear",5,5,0,0,0,0,0,,"Avenida",,"SANTA FE","La Capital","Asfalto","No existe","I","S/D","Urbana","S/D","Funciona","Intersección","Bueno","Buena","Nocturna","Buen Tiempo","Lateral","S/D","Colisión","Ninguna","S/D","Ninguna","Sin restricción"
2015,5925,15/08/2015,"Sabado",0,22:20:00,,"0.0",2,"Automóvil,Automóvil","Calle 12 San Martin Y Calle 11-Alvear",5,4,0,0,1,0,0,,"Calle",,"RECONQUISTA","General Obligado","Hormigón","No existe","IX","S/D","Urbana","S/D","No existe","Intersección","Bueno","Buena","Nocturna,Con luz artificial","Buen Tiempo","Frontal","S/D","Colisión","Ninguna","Vertical","Ninguna","Sin restricción"
2015,5926,01/09/2015,"Martes",0,07:20:00,"Ruta Provincial 2","999.9",1,"Automóvil"," ",1,1,0,0,0,0,0,,"Ruta",2,"ANGEL GALLARDO","La Capital","Hormigón","Natural","I","Fuera","Rural","Ninguna","No existe","Curva","Bueno","Buena","Amanecer","Buen Tiempo","S/D","S/D","Vuelco","Ninguna","S/D","S/D","Sin restricción"
2015,5927,17/02/2015,"Martes",0,03:10:00,,"0.0",2,"Automóvil,Pickup/Utilitario","ZONA RURAL DE CENTENO ",4,1,0,0,3,0,0,,"Camino Rural",,"CENTENO","San Jerónimo","S/D","S/D","XV","Fuera","Rural","S/D","S/D","S/D","S/D","S/D","Nocturna","S/D","S/D","S/D","Colisión","S/D","S/D","S/D","S/D"
2015,5928,14/02/2015,"Sabado",0,23:00:00,"Ruta Nacional 98","91.5",1,"Camión"," ",1,1,0,0,0,0,0,,"Ruta",98,"FORTÍN LOS POZOS","9 de Julio","S/D","Natural","XII","Dentro","Rural","S/D","S/D","S/D","S/D","S/D","Nocturna","S/D","Atropello animal","S/D","Colisión","S/D","S/D","S/D","S/D"
2015,5929,15/02/2015,"Domingo",0,14:30:00,,"0.0",2,"Peatón,Moto/Ciclomotor","Av. Ovidio Lagos 5100",3,1,0,0,2,0,0,,"Avenida",,"ROSARIO","Rosario","Asfalto","No existe","II","Dentro","Urbana","S/D","S/D","S/D","S/D","S/D","Diurna","S/D","S/D","S/D","Atropello","S/D","S/D","S/D","S/D"
2015,5930,24/02/2015,"Martes",0,,,"0.0",1,"Otros"," ",1,0,0,0,0,1,0,"-33.025568, -60.618880","S/D",,"VILLA GOBERNADOR GÁLVEZ","Rosario","S/D","S/D","II","Dentro","Urbana","S/D","S/D","S/D","S/D","S/D","S/D","S/D","S/D","S/D","S/D","S/D","S/D","S/D","S/D"
2015,5931,28/02/2015,"Sabado",0,,"Ruta Nacional 11","0.0",2,"Moto/Ciclomotor,Automóvil"," ",2,0,0,0,0,1,1,"-29.874798, -61.938827","Ruta",11,"CERES","San Cristóbal","Asfalto","Ripio","XIII","Dentro","Urbana","S/D","No existe","S/D","Bueno","S/D","S/D","S/D","S/D","S/D","Colisión","S/D","S/D","Línea divisoria pintada","S/D"
2015,5932,06/09/2015,"Domingo",0,00:30:00,"Ruta Provincial 2","11.0",2,"Bicicleta,Moto/Ciclomotor"," ",2,1,0,0,1,0,0,,"Ruta",2,"ANGEL GALLARDO","La Capital","Hormigón","Natural","I","Dentro","Rural","Señal Ceda el Paso","No existe","Cruce","Bueno","Buena","Nocturna","Buen Tiempo","S/D","S/D","Atropello","Ninguna","S/D","Ninguna","Sin restricción"
2015,5933,13/09/2015,"Domingo",0,06:45:00,"Ruta Provincial 2","11.0",1,"Automóvil"," ",5,3,2,0,0,0,0,,"Ruta",2,"ANGEL GALLARDO","La Capital","Asfalto","Ripio","I","Fuera","Rural","Ninguna","No existe","Curva","Con baches","Buena","Amanecer,Con luz artificial","Buen Tiempo","S/D","S/D","Despiste","Ninguna","S/D","Ninguna","Sin restricción"
2015,5934,28/09/2015,"Lunes",0,22:30:00,,"0.0",2,"Moto/Ciclomotor,Automóvil","Av Gral Paz Y Derqui",2,1,0,0,1,0,0,,"Calle",,"SANTA FE","La Capital","Asfalto","No existe","I","Dentro","Urbana","Ninguna","No existe","Intersección","Bueno","Reducida","Nocturna","Buen Tiempo","Lateral","S/D","Colisión","S/D","S/D","Ninguna","Sin restricción"
2015,5935,28/02/2015,"Sabado",0,,"Ruta Provincial 39","0.0",1,"Pickup/Utilitario"," ",1,0,0,0,0,1,0,"-30.235434, -61.669233","Ruta",39,"ARRUFÓ","San Cristóbal","Asfalto","Natural","XIII","Fuera","Rural","S/D","No existe","Recta","S/D","S/D","S/D","S/D","S/D","S/D","Incendio,Vuelco,Despiste","S/D","S/D","Línea divisoria pintada","S/D"
2015,5936,01/09/2015,"Martes",0,19:30:00,"Ruta Provincial 2","17.0",2,"Automóvil,Automóvil"," ",5,3,0,0,2,0,0,,"Ruta",2,"MONTE VERA","La Capital","Hormigón","Natural","I","Dentro","Rural","Ninguna","No existe","Recta","Bueno","Buena","Nocturna,Con luz artificial","Buen Tiempo","Lateral","S/D","Colisión","Ninguna","S/D","Ninguna","Sin restricción"
2015,5937,16/09/2015,"Miercoles",0,20:20:00,,"0.0",2,"Automóvil,Moto/Ciclomotor","Pje Falucho Y Balcarce",2,1,0,0,1,0,0,,"Calle",,"SANTA FE","La Capital","Asfalto","Pavimento","I","Dentro","Urbana","Ninguna","No existe","Intersección","Bueno","Buena","Nocturna,Con luz artificial","Buen Tiempo","Lateral","S/D","Colisión","S/D","S/D","Ninguna","Sin restricción"
2015,5938,01/03/2015,"Domingo",0,,,"0.0",1,"Moto/Ciclomotor"," ",2,0,0,0,0,1,1,"-33.155495, -60.514167","S/D",,"ARROYO SECO","Rosario","S/D","S/D","II","Fuera","Urbana","S/D","S/D","S/D","S/D","S/D","S/D","S/D","Contra objeto fijo","S/D","Colisión,Despiste","S/D","S/D","S/D","S/D"
2015,5939,08/09/2015,"Martes",0,07:50:00,,"0.0",2,"Moto/Ciclomotor,Automóvil","S/D ",3,2,0,0,1,0,0,,"Calle",,"SANTO TOMÉ","La Capital","Asfalto","S/D","I","Dentro","Urbana","Ninguna","No existe","Intersección","Bueno","Buena","Diurna","Buen Tiempo","S/D","S/D","Colisión","S/D","Faltante","Ninguna","Sin restricción"
2015,5940,04/09/2015,"Viernes",0,19:30:00,,"0.0",2,"Automóvil,Moto/Ciclomotor","3 de febrero Y Paula Albarracin de Sarmiento",3,2,0,0,1,0,0,,"Calle",,"SANTO TOMÉ","La Capital","Asfalto","No existe","I","S/D","Urbana","Ninguna","No existe","Intersección","Bueno","Buena","Atardecer,Con luz artificial","Buen Tiempo","Frontal","S/D","Colisión","Agua","Faltante","Ninguna","Sin restricción"
2015,5941,12/09/2015,"Sabado",0,18:00:00,,"0.0",2,"Bicicleta,Taxi/Remis","S/D ",2,1,0,0,1,0,0,,"Calle",,"SANTO TOMÉ","La Capital","Asfalto","S/D","I","Dentro","Urbana","Ninguna","No existe","Intersección","Bueno","Buena","Diurna","Buen Tiempo","S/D","S/D","Atropello","S/D","Faltante","Ninguna","Sin restricción"
2015,5942,03/03/2015,"Martes",0,,,"0.0",1,"Otros"," ",1,0,0,0,0,1,0,"-32.967781, -60.674713","S/D",,"ROSARIO","Rosario","S/D","S/D","II","Dentro","Urbana","S/D","S/D","S/D","S/D","S/D","S/D","S/D","S/D","S/D","S/D","S/D","S/D","S/D","S/D"
2015,5943,16/09/2015,"Miercoles",0,09:05:00,,"0.0",2,"Moto/Ciclomotor,Automóvil"," ",3,2,0,0,1,0,0,,"Calle",,"SANTO TOMÉ","La Capital","Asfalto","No existe","I","S/D","Rural","Ninguna","No existe","Intersección","Bueno","Buena","Diurna","Buen Tiempo","Lateral","S/D","Colisión","Ninguna","S/D","Vegetación","Sin restricción"
2015,5944,30/09/2015,"Miercoles",0,20:00:00,,"0.0",2,"Peatón,Moto/Ciclomotor"," ",3,2,0,0,1,0,0,,"Calle",,"SANTO TOMÉ","La Capital","Asfalto","Natural","I","S/D","Rural","Ninguna","No existe","Recta","Bueno","Reducida","Nocturna","Buen Tiempo","S/D","S/D","Atropello","Ninguna","S/D","Ninguna","Sin restricción"
2015,5945,03/09/2015,"Jueves",0,16:20:00,,"0.0",2,"Moto/Ciclomotor,Automóvil","Calle 14 Y Calle 45 bis",2,1,0,0,1,0,0,,"Camino Rural",,"SAUCE VIEJO","La Capital","Tierra","No existe","I","Dentro","Rural","Ninguna","No existe","Intersección","Bueno","Buena","Diurna","Buen Tiempo","Lateral","S/D","Caída ocupante","Otro","Faltante","Ninguna","Sin restricción"
2015,5946,29/09/2015,"Martes",0,20:22:00,,"0.0",2,"Moto/Ciclomotor,Moto/Ciclomotor","Calle 2 Y Calle 7",2,1,0,0,1,0,0,,"Calle",,"AVELLANEDA","General Obligado","Asfalto","No existe","IX","S/D","Urbana","Ninguna","No existe","Intersección","Bueno","Buena","Nocturna","Buen Tiempo","Lateral","S/D","Colisión","Ninguna","Horizontal","Ninguna","Sin restricción"
2015,5947,25/09/2015,"Viernes",0,20:00:00,"Ruta Nacional 19","0.0",2,"Automóvil,Moto/Ciclomotor","Salvador Caputo ",3,2,0,0,1,0,0,,"Ruta",19,"SANTA FE","La Capital","Asfalto","No existe","I","Dentro","Urbana","Ninguna","No existe","Intersección","Bueno","Buena","Con luz artificial","Buen Tiempo","Otro","S/D","Colisión","Ninguna","Faltante","Ninguna","Reparación de Vía"
2015,5948,02/09/2015,"Miercoles",0,11:30:00,,"0.0",1,"Moto/Ciclomotor","SAN JUAN  1250",1,1,0,0,0,0,0,,"Calle",,"MONTE VERA","La Capital","Ripio","No existe","I","Dentro","Urbana","Ninguna","No existe","Recta","Bueno","Buena","Diurna","Buen Tiempo","S/D","S/D","Caída ocupante","Ninguna","S/D","Ninguna","Sin restricción"
2015,5949,11/09/2015,"Viernes",0,,"Ruta Provincial 2","15.0",2,"Pickup/Utilitario,Automóvil"," ",2,1,0,0,1,0,0,,"Ruta",2,"MONTE VERA","La Capital","S/D","Natural","I","Fuera","Rural","Ninguna","No existe","Recta","S/D","Buena","S/D","Buen Tiempo","Lateral","S/D","Colisión","S/D","S/D","Ninguna","Sin restricción"
2015,5950,14/09/2015,"Lunes",0,18:50:00,,"0.0",2,"Moto/Ciclomotor,Automóvil","S/D ",2,1,0,0,1,0,0,,"Calle",,"SANTO TOMÉ","La Capital","Asfalto","No existe","I","Dentro","Urbana","S/D","S/D","Intersección","S/D","S/D","Diurna","S/D","S/D","S/D","S/D","S/D","S/D","S/D","S/D"
2015,5951,03/03/2015,"Martes",0,,,"0.0",1,"Moto/Ciclomotor"," ",1,0,0,0,0,1,0,"-31.450171, -60.928643","S/D",,"ESPERANZA","Las Colonias","S/D","S/D","XI","Dentro","Urbana","S/D","S/D","S/D","S/D","S/D","S/D","S/D","S/D","S/D","S/D","S/D","S/D","S/D","S/D"