"anio_acci","nro_acci","fecha","desc_dia","fecha_aprox","hora_aprox","desc_ruta","km","cant_participantes","desc_participante","calle_avenida_km","total","heridos_leves","heridos_graves","heridos_gravisimos","ilesos","fallecidos","sin_datos","posicion_XY","desc_tipo_via","desc_ruta_ori","desc_loc","desc_dpto","desc_tipo_calzada","desc_tipo_banquina","desc_unidad_regional","desc_lugar_calzada","desc_zona","desc_prioridad","desc_estado_semaforo","desc_lugar_via","desc_estado_via","desc_estado_visibilidad","desc_luminosidad","desc_estado_clima","desc_tipo_colision","desc_tipo_atropello","desc_tipo_hecho","desc_pres_calzada","desc_senializacion","desc_separacion_via","desc_restriccion"
2015,5952,17/09/2015,"Jueves",0,13:25:00,,"0.0",2,"Bicicleta,Automóvil","Hipolito Irigoyen 3400",2,1,0,0,1,0,0,"-31.678861111111,-60.765861111111","Calle",,"SANTO TOMÉ","La Capital","Asfalto","No existe","I","Dentro","Urbana","Ninguna","No existe","Recta","Bueno","Buena","Diurna","Buen Tiempo","De alcance","S/D","Atropello","S/D","Faltante","Ninguna","Sin restricción"
2015,5953,16/02/2015,"Lunes",0,19:40:00,"S/D Nacional 11","431.0",2,"Moto/Ciclomotor,Automóvil"," ",2,0,0,0,1,1,0,"-31.976093, -60.918215","S/D",11,"CORONDA","San Jerónimo","Asfalto","Natural","XV","Dentro","Urbana","S/D","No existe","Recta","Bueno","Buena","Atardecer","Buen Tiempo","S/D","S/D","Colisión","S/D","S/D","Línea divisoria pintada,S/D","Sin restricción"
2015,5954,25/09/2015,"Viernes",0,08:15:00,,"0.0",2,"Pickup/Utilitario,Moto/Ciclomotor","Cordoba Y Nicolas Avellaneda",3,1,0,0,2,0,0,,"Calle",,"SANTO TOMÉ","La Capital","Asfalto","No existe","I","Dentro","Urbana","S/D","No existe","Intersección","Bueno","Reducida","Nocturna","S/D","Lateral","S/D","Colisión","Ninguna","Faltante","Ninguna","Sin restricción"
2015,5955,14/09/2015,"Lunes",0,12:00:00,"Ruta Provincial 2","17.0",2,"Bicicleta,Automóvil"," ",3,1,0,0,2,0,0,"-31.527236, -60.684416","Ruta",2,"MONTE VERA","La Capital","Hormigón","Natural","I","Dentro","Rural","Ninguna","No existe","Recta","Bueno","Buena","Diurna","Buen Tiempo","S/D","S/D","Atropello","Ninguna","S/D","Ninguna","Sin restricción"
2015,5956,07/03/2015,"Sabado",0,,"Ruta Nacional 9","0.0",2,"Peatón,Automóvil","Ruta Nacional 9 Y Jorge Newbery",2,0,0,0,1,1,0,"-32.924144, -60.779046","Ruta",9,"FUNES","Rosario","Asfalto","Ripio","II","Dentro","Urbana","S/D","No existe","Recta","Bueno","S/D","S/D","S/D","S/D","S/D","Atropello","S/D","S/D","S/D","S/D"
2015,5957,17/09/2015,"Jueves",0,17:10:00,,"0.0",1,"Moto/Ciclomotor","S/D ",1,1,0,0,0,0,0,,"Calle",,"SANTO TOMÉ","La Capital","Asfalto","No existe","I","Dentro","Urbana","Ninguna","No existe","Intersección","S/D","Buena","Atardecer","Buen Tiempo","De alcance","S/D","Colisión","S/D","Faltante","Ninguna","Sin restricción"
2015,5958,15/03/2015,"Domingo",0,,"Ruta Nacional 34","288.0",2,"Moto/Ciclomotor,Automóvil"," ",3,0,0,0,0,2,1,"-30.711935, -61.619672","Ruta",34,"PALACIOS","San Cristóbal","Asfalto","Ripio","XIII","Dentro","Urbana","S/D","No existe","Recta","Bueno","S/D","S/D","S/D","S/D","S/D","Colisión","S/D","S/D","Línea divisoria pintada","S/D"
2015,5959,18/08/2015,"Martes",0,20:30:00,,"0.0",2,"Moto/Ciclomotor,Automóvil","Calle 10-Ludue±a Y Calle 9-Mariano Moreno",2,1,0,0,1,0,0,,"Calle",,"RECONQUISTA","General Obligado","Asfalto","Pavimento","IX","Dentro","Urbana","Ninguna","No existe","Intersección","Bueno","Buena","Atardecer,Con luz artificial","Buen Tiempo","Lateral","S/D","Colisión","Ninguna","Vertical","Cordón divisorio","Sin restricción"
2015,5960,16/09/2015,"Miercoles",0,07:55:00,"Ruta Nacional 11","795.0",2,"Bicicleta,Automóvil"," ",2,1,0,0,0,0,1,,"Ruta",11,"AVELLANEDA","General Obligado","Asfalto","No existe","IX","Dentro","Urbana","Semáforo","Funciona","Puente","Bueno","Buena","Diurna","Buen Tiempo","S/D","S/D","Atropello","S/D","Vertical","S/D","Sin restricción"
2015,5961,16/09/2015,"Miercoles",0,13:30:00,,"0.0",2,"Automóvil,Moto/Ciclomotor","Calle 2 Y Calle 115",2,1,0,0,1,0,0,,"Calle",,"AVELLANEDA","General Obligado","Asfalto","No existe","IX","Dentro","Urbana","S/D","No existe","Intersección","Bueno","Buena","Diurna","Buen Tiempo","Lateral","S/D","Colisión","S/D","Horizontal","Ninguna","Sin restricción"
2015,5962,04/08/2015,"Martes",0,09:20:00,,"0.0",2,"Bicicleta,Automóvil","Calle 20-9 de Julio Y Calle 13-Iturraspe",2,1,0,0,1,0,0,,"Calle",,"RECONQUISTA","General Obligado","Asfalto","Pavimento","IX","Dentro","Urbana","Ninguna","No existe","Recta","Bueno","Buena","Diurna","Buen Tiempo","S/D","S/D","Atropello","Ninguna","Faltante","Cordón divisorio","Sin restricción"
2015,5963,22/03/2015,"Domingo",0,06:30:00,,"0.0",2,"Peatón,Moto/Ciclomotor","Ocampo Y Lima",3,0,0,0,2,1,0,"-32.95825,-60.688277777778","Calle",,"ROSARIO","Rosario","Asfalto","S/D","II","Dentro","Urbana","S/D","S/D","Intersección","S/D","S/D","Diurna","Buen Tiempo","S/D","S/D","Atropello","S/D","S/D","Ninguna,S/D","Sin restricción"
2015,5964,29/09/2015,"Martes",0,09:00:00,,"0.0",2,"Moto/Ciclomotor,Pickup/Utilitario","S/D ",2,1,0,0,1,0,0,,"Calle",,"SANTO TOMÉ","La Capital","Asfalto","No existe","I","Dentro","Urbana","Ninguna","No existe","Intersección","Bueno","Buena","Amanecer","S/D","De alcance","S/D","Colisión","S/D","Faltante","Ninguna","Sin restricción"
2015,5965,31/03/2015,"Martes",0,,"Ruta Provincial 13","0.0",2,"Moto/Ciclomotor,Camión"," ",2,0,0,0,1,1,0,"-31.898653, -61.846247","Ruta",13,"SAN JORGE","San Martín","Asfalto","Natural","XVIII","Dentro","Urbana","S/D","No existe","Recta","Bueno","S/D","S/D","S/D","S/D","S/D","Colisión","S/D","S/D","Línea divisoria pintada","S/D"
2015,5966,04/09/2015,"Viernes",0,19:00:00,,"0.0",2,"Moto/Ciclomotor,Pickup/Utilitario","Pensamientos ",2,1,0,0,1,0,0,,"Calle",,"SAUCE VIEJO","La Capital","Tierra","No existe","I","Dentro","Urbana","Ninguna","No existe","Intersección","Bueno","Reducida","Atardecer","Buen Tiempo","Lateral","S/D","Colisión","S/D","Horizontal","Ninguna","Sin restricción"
2015,5967,07/09/2015,"Lunes",0,18:15:00,,"0.0",2,"Automóvil,Moto/Ciclomotor","Pres Domingo Faustino Sarmient Y Cordoba",2,1,0,0,1,0,0,,"Calle",,"SANTO TOMÉ","La Capital","Asfalto","No existe","I","Dentro","Urbana","Semáforo","Funciona","Intersección","Bueno","Buena","Atardecer","Buen Tiempo","Lateral","S/D","Colisión","Ninguna","Faltante","Ninguna","Sin restricción"
2015,5968,19/09/2015,"Sabado",0,11:34:00,,"0.0",2,"Moto/Ciclomotor,Pickup/Utilitario","Calle 1 Y CAlle 14",3,2,0,0,1,0,0,,"Calle",,"AVELLANEDA","General Obligado","Asfalto","No existe","IX","Dentro","Urbana","Ninguna","No existe","Recta","Bueno","Buena","Diurna","Buen Tiempo","Lateral","S/D","Colisión","Ninguna","Vertical","Ninguna","S/D"
2015,5969,16/09/2015,"Miercoles",0,18:55:00,,"0.0",2,"Automóvil,Moto/Ciclomotor","Calle 122 Y Pasaje centro",4,3,0,0,1,0,0,,"Calle",,"AVELLANEDA","General Obligado","Tierra","No existe","IX","Dentro","Urbana","Ninguna","No existe","Intersección","Bueno","Buena","Diurna","Buen Tiempo","Lateral","S/D","Colisión","Ninguna","Faltante","Ninguna","Sin restricción"
2015,5970,04/09/2015,"Viernes",0,06:30:00,,"0.0",2,"Moto/Ciclomotor,Automóvil","Sarmiento ",2,1,0,0,1,0,0,,"Calle",,"SANTA FE","La Capital","Tierra","No existe","I","Dentro","Urbana","Ninguna","No existe","Intersección","Ahuellamiento","Reducida","Amanecer","Niebla","S/D","S/D","S/D","Material Suelto","S/D","Ninguna","Sin restricción"
2015,5971,02/09/2015,"Miercoles",0,15:30:00,"Ruta Provincial 3","0.0",1,"Automóvil"," ",3,1,0,0,2,0,0,,"Ruta",3,"GOLONDRINA","Vera","Tierra","Natural","XIX","Dentro","Rural","Ninguna","No existe","Recta","Bueno","Buena","Diurna","Buen Tiempo","S/D","S/D","Vuelco","Ninguna","Faltante","Ninguna","Sin restricción"
2015,5972,05/08/2015,"Miercoles",0,09:40:00,,"0.0",2,"Automóvil,Moto/Ciclomotor","Calle 12 San Martin Y Calle 31-Newbery",4,2,0,0,1,0,1,,"Calle",,"RECONQUISTA","General Obligado","Asfalto","No existe","IX","Dentro","Urbana","Ninguna","No existe","Intersección","Bueno","Buena","Diurna","Buen Tiempo","Lateral","S/D","Colisión","Ninguna","Faltante","Cordón divisorio","Sin restricción"
2015,5973,29/09/2015,"Martes",0,10:30:00,,"0.0",2,"Transporte de Pasajeros (H/ 8 asientos),Moto/Ciclomotor","Vicente Lopez y Planes Y Mendoza",2,1,0,0,1,0,0,,"Calle",,"SANTO TOMÉ","La Capital","Ripio","No existe","I","Dentro","Urbana","Ninguna","No existe","Recta","Con baches","Reducida polvo","Diurna","Lluvia","S/D","S/D","Atropello","Material Suelto","Faltante","Vegetación","Sin restricción"
2015,5974,11/09/2015,"Viernes",0,13:00:00,,"0.0",2,"Automóvil,Moto/Ciclomotor"," ",2,1,0,0,1,0,0,,"Calle",,"GOBERNADOR CRESPO","San Justo","Asfalto","No existe","XVI","S/D","Urbana","Ninguna","No existe","Intersección","S/D","Buena","Diurna","Buen Tiempo","Lateral","S/D","Colisión","S/D","S/D","S/D","Sin restricción"
2015,5975,17/09/2015,"Jueves",0,20:30:00,,"0.0",2,"Automóvil,Automóvil","25 de Mayo Y Avellaneda",2,1,0,0,1,0,0,,"Calle",,"SANTA FE","La Capital","Asfalto","No existe","I","Dentro","Urbana","Ninguna","No existe","Intersección","Deteriorada","Buena","Nocturna,Con luz artificial","Buen Tiempo","S/D","S/D","Colisión","S/D","Faltante","Ninguna","Sin restricción"
2015,5976,02/09/2015,"Miercoles",0,20:00:00,,"0.0",2,"Automóvil,Moto/Ciclomotor","Sabroso Hilario Y Pasaje Mateo Booz",2,1,0,0,1,0,0,,"Calle",,"SANTO TOMÉ","La Capital","Ripio","No existe","I","Dentro","Urbana","Ninguna","No existe","Intersección","Bueno","Buena","Nocturna","Buen Tiempo","Lateral","S/D","Colisión","Ninguna","Faltante","Ninguna","Sin restricción"
2015,5977,05/09/2015,"Sabado",0,11:20:00,,"0.0",2,"Automóvil,Moto/Ciclomotor","Cordoba Y Sebastian Gaboto",3,2,0,0,1,0,0,,"Calle",,"SANTA FE","La Capital","Asfalto","No existe","I","Dentro","Urbana","Otra Señal","No existe","Intersección","Resbaladiza","Reducida","Diurna","Viento Fuerte","S/D","S/D","Colisión","S/D","Faltante","Ninguna","Sin restricción"
2015,5978,10/08/2015,"Lunes",0,19:25:00,,"0.0",2,"Automóvil,Bicicleta"," ",2,1,0,0,1,0,0,,"Calle",,"RECONQUISTA","General Obligado","Asfalto","Pavimento","IX","Dentro","Urbana","Ninguna","No existe","Intersección","Bueno","Buena","Nocturna","Buen Tiempo","S/D","S/D","Atropello","Otro","Vertical","Cordón divisorio","Sin restricción"
2015,5979,01/09/2015,"Martes",0,17:40:00,,"0.0",1,"Moto/Ciclomotor","Av Mosconi Y Av Santa Fe",1,1,0,0,0,0,0,,"Calle",,"SANTA FE","La Capital","Ripio","No existe","I","Dentro","Urbana","Ninguna","No existe","Intersección","Bueno","Buena","Diurna","Buen Tiempo","Atropello animal","S/D","Atropello","Ninguna","Faltante","Ninguna","Sin restricción"
2015,5980,07/09/2015,"Lunes",0,18:40:00,,"0.0",2,"Automóvil,Camión","Salvador del Carril Y Guemes",2,1,0,0,1,0,0,,"S/D",,"SANTA FE","La Capital","Asfalto","No existe","I","S/D","S/D","Ninguna","No existe","Intersección","Bueno","Buena","Atardecer","Buen Tiempo","De alcance","S/D","Colisión","Ninguna","S/D","Ninguna","Sin restricción"
2015,5981,29/09/2015,"Martes",0,20:30:00,,"0.0",2,"Automóvil,Pickup/Utilitario","Avenida Nuestra Señora del Luj Y Av 7 de marzo",4,3,0,0,1,0,0,,"Calle",,"SANTO TOMÉ","La Capital","Asfalto","No existe","I","Dentro","Urbana","Semáforo","Funciona","Intersección","Bueno","Buena","Nocturna","S/D","Lateral","S/D","Colisión","S/D","Faltante","Ninguna","Sin restricción"
2015,5982,03/09/2015,"Jueves",0,21:50:00,,"0.0",2,"Moto/Ciclomotor,Pickup/Utilitario","Roque Saenz Peña Y Genaro Almaraz",2,1,0,0,1,0,0,,"Calle",,"SANTO TOMÉ","La Capital","Ripio","No existe","I","Dentro","Urbana","S/D","No existe","Intersección","Bueno","Buena","Nocturna,Con luz artificial","Buen Tiempo","Lateral","S/D","Colisión","Ninguna","Faltante","Ninguna","Sin restricción"
2015,5983,20/09/2015,"Domingo",0,11:50:00,,"0.0",2,"Peatón,Automóvil","Av Gral Paz ",2,1,0,0,1,0,0,,"Avenida",,"SANTA FE","La Capital","Asfalto","No existe","I","S/D","Urbana","Ninguna","No existe","Otro","Bueno","Buena","Diurna","Buen Tiempo","S/D","S/D","Atropello","Ninguna","S/D","Línea divisoria pintada","Sin restricción"
2015,5984,24/09/2015,"Jueves",0,19:20:00,,"0.0",2,"Moto/Ciclomotor,Automóvil","B de Tucuman 2135",2,1,0,0,0,0,1,,"Calle",,"SAN JUSTO","San Justo","Asfalto","No existe","XVI","Dentro","Urbana","Ninguna","No existe","Recta","Bueno","Buena","Atardecer","Buen Tiempo","De alcance","S/D","Colisión","Ninguna","Faltante","Cordón divisorio","Sin restricción"
2015,5985,12/09/2015,"Sabado",0,23:50:00,,"0.0",2,"Moto/Ciclomotor,Pickup/Utilitario","Av Galicia Y Republica de Siria",2,1,0,0,1,0,0,,"Avenida",,"SANTA FE","La Capital","Asfalto","No existe","I","S/D","Urbana","Ninguna","No existe","Intersección","Bueno","Reducida","Nocturna","Buen Tiempo","Lateral","S/D","Colisión","Ninguna","S/D","Línea divisoria pintada","Sin restricción"
2015,5986,10/09/2015,"Jueves",0,17:40:00,,"0.0",2,"Bicicleta,Moto/Ciclomotor","Av Almte Brown Y Pje Calcena",2,2,0,0,0,0,0,,"Avenida",,"SANTA FE","La Capital","Asfalto","No existe","I","S/D","Urbana","Ninguna","No existe","Intersección","Bueno","Buena","Diurna","Buen Tiempo","S/D","S/D","Atropello","Ninguna","S/D","Ninguna","Sin restricción"
2015,5987,01/09/2015,"Martes",0,07:40:00,,"0.0",2,"Pickup/Utilitario,Moto/Ciclomotor","Obispo Gelabert Y Libertad",4,3,0,0,1,0,0,,"Calle",,"SANTA FE","La Capital","Asfalto","No existe","I","Dentro","Urbana","Ninguna","No existe","Intersección","Bueno","Buena","Diurna","Buen Tiempo","De alcance","S/D","Colisión","Ninguna","Faltante","Ninguna","Sin restricción"
2015,5988,10/09/2015,"Jueves",0,16:30:00,,"0.0",2,"Moto/Ciclomotor,Automóvil","Av Almte Brown Y Salvador del Carril",2,1,0,0,1,0,0,,"Avenida",,"SANTA FE","La Capital","Asfalto","No existe","I","S/D","Urbana","Ninguna","Funciona","Intersección","Bueno","Buena","Diurna","Buen Tiempo","De alcance","S/D","Colisión","Ninguna","S/D","Ninguna","Sin restricción"
2015,5989,02/09/2015,"Miercoles",0,21:15:00,,"0.0",2,"Automóvil,Moto/Ciclomotor","13 de diciembre Y Batalla de Maipu",2,1,0,0,1,0,0,,"Calle",,"SANTO TOMÉ","La Capital","Asfalto","No existe","I","Dentro","Urbana","Ninguna","No existe","Intersección","Bueno","Buena","Nocturna","Buen Tiempo","Lateral","S/D","Colisión","S/D","Faltante","Ninguna","Sin restricción"
2015,5990,25/09/2015,"Viernes",0,16:00:00,,"0.0",2,"Moto/Ciclomotor,Automóvil","Av Galicia Y Belgrano",2,1,0,0,1,0,0,,"Avenida",,"SANTA FE","La Capital","Asfalto","No existe","I","S/D","Urbana","Ninguna","No existe","Intersección","Bueno","Buena","Diurna","Buen Tiempo","Lateral","S/D","Colisión","Ninguna","S/D","Línea divisoria pintada","Sin restricción"
2015,5991,18/09/2015,"Viernes",0,22:00:00,,"0.0",2,"Moto/Ciclomotor,Automóvil","Alvear Y Angel Cassanello",3,2,0,0,1,0,0,,"Calle",,"SANTA FE","La Capital","Asfalto","No existe","I","S/D","Urbana","Ninguna","No existe","Intersección","Bueno","Reducida","Nocturna","Buen Tiempo","Lateral","S/D","Colisión","Ninguna","S/D","Ninguna","Sin restricción"
2015,5992,21/09/2015,"Lunes",0,21:20:00,,"0.0",2,"Moto/Ciclomotor,Pickup/Utilitario","Quintana Y Candioti",3,2,0,0,1,0,0,,"Calle",,"SANTA FE","La Capital","Asfalto","No existe","I","S/D","Urbana","Ninguna","No existe","Intersección","Bueno","Reducida","Nocturna","Buen Tiempo","Lateral","S/D","Colisión","Ninguna","S/D","Ninguna","Sin restricción"
2015,5993,14/09/2015,"Lunes",0,11:40:00,,"0.0",2,"Automóvil,Moto/Ciclomotor","Avenida Nuestra Señora del Luj 4000",2,1,0,0,1,0,0,,"Calle",,"SANTO TOMÉ","La Capital","Asfalto","No existe","I","Dentro","Urbana","Ninguna","No existe","Recta","Bueno","Buena","Diurna","Buen Tiempo","De alcance","S/D","Colisión","S/D","Faltante","Ninguna","Sin restricción"
2015,5994,24/09/2015,"Jueves",0,10:45:00,,"0.0",3,"Moto/Ciclomotor,Pickup/Utilitario,Taxi/Remis","Sarmiento Y Salvador del Carril",3,0,1,0,2,0,0,,"Avenida",,"SANTA FE","La Capital","Asfalto","No existe","I","S/D","Urbana","Ninguna","No existe","Intersección","Bueno","Buena","Diurna","Buen Tiempo","Lateral","S/D","Colisión","Ninguna","S/D","S/D","Sin restricción"
2015,5995,11/09/2015,"Viernes",0,13:30:00,,"0.0",2,"Moto/Ciclomotor,Automóvil","Laprida Y Pje Calcena",3,1,1,0,1,0,0,,"Calle",,"SANTA FE","La Capital","Asfalto","No existe","I","S/D","Urbana","S/D","No existe","Intersección","Bueno","Buena","Diurna","Buen Tiempo","De alcance","S/D","Colisión","Ninguna","S/D","Ninguna","Sin restricción"
2015,5996,22/09/2015,"Martes",0,10:45:00,,"0.0",2,"Automóvil,Moto/Ciclomotor","9 de Julio Y Gdor Cabal",2,1,0,0,1,0,0,,"Calle",,"SAN JUSTO","San Justo","Asfalto","No existe","XVI","Dentro","Urbana","Señal Pare","No existe","Intersección","Bueno","Buena","Diurna","Buen Tiempo","Lateral","S/D","Colisión","Ninguna","Vertical","Cordón divisorio","Sin restricción"
2015,5997,15/09/2015,"Martes",0,11:20:00,,"0.0",2,"Bicicleta,Automóvil","9 de Julio Y Belgrano",3,1,0,0,2,0,0,,"Calle",,"SAN JUSTO","San Justo","Asfalto","No existe","XVI","Dentro","Urbana","Semáforo","Funciona","Intersección","Bueno","Buena","Diurna","Buen Tiempo","S/D","S/D","Atropello","Ninguna","Vertical","Cordón divisorio","Sin restricción"
2015,5998,04/09/2015,"Viernes",0,22:00:00,,"0.0",2,"Moto/Ciclomotor,Automóvil","Av Gral Lopez Y Nuñez y Burges",2,1,0,0,1,0,0,,"Calle",,"SAN JAVIER","San Javier","Hormigón","S/D","XIV","Dentro","Urbana","Ninguna","No existe","Intersección","Bueno","Reducida","Nocturna,Con luz artificial","Buen Tiempo","Frontal","S/D","Colisión","S/D","Faltante","Ninguna","Sin restricción"
2015,5999,20/09/2015,"Domingo",0,17:50:00,,"0.0",2,"Automóvil,Moto/Ciclomotor","Ruta 11 Avenida Richieri 3800",2,1,0,0,1,0,0,,"Calle",,"SANTO TOMÉ","La Capital","Asfalto","No existe","I","S/D","Urbana","Ninguna","No existe","Recta","Bueno","Buena","Diurna","Buen Tiempo","De alcance","S/D","Colisión","S/D","Faltante","Ninguna","Sin restricción"
2015,6000,06/09/2015,"Domingo",0,06:25:00,"Ruta Provincial 39","2.8",1,"Automóvil"," ",2,2,0,0,0,0,0,,"Ruta",39,"SAN JAVIER","San Javier","Hormigón","Natural","XIV","Dentro","Rural","Ninguna","No existe","Curva","Bueno","Buena","Amanecer","Buen Tiempo","Atropello animal","S/D","Colisión","S/D","Vertical","Ninguna","Sin restricción"
2015,6001,17/09/2015,"Jueves",0,15:00:00,,"0.0",2,"Automóvil,Moto/Ciclomotor","Chaco Y Hernandarias",2,1,0,0,1,0,0,,"Calle",,"SANTO TOMÉ","La Capital","Asfalto","Pavimento","I","Dentro","Urbana","Semáforo","Funciona","Intersección","Bueno","Reducida","Diurna","Buen Tiempo","S/D","S/D","Colisión","Ninguna","Faltante","Ninguna","Sin restricción"
2015,6002,08/09/2015,"Martes",0,19:13:00,,"0.0",2,"Moto/Ciclomotor,Bicicleta","Av Blas Parera 10000",3,3,0,0,0,0,0,"-31.568022, -60.729969","Avenida",,"SANTA FE","La Capital","Asfalto","Natural","I","Dentro","Urbana","Semáforo","Funciona","Curva","Bueno","Buena","Nocturna,Con luz artificial","Buen Tiempo","Otro","S/D","Atropello","Ninguna","Vertical","Cordón divisorio","Sin restricción"
2015,6003,15/09/2015,"Martes",0,20:00:00,,"0.0",2,"Moto/Ciclomotor,Automóvil","Azcuenaga 3500",2,1,0,0,1,0,0,,"Calle",,"SANTO TOMÉ","La Capital","Asfalto","No existe","I","S/D","Urbana","Ninguna","No existe","Recta","Bueno","Reducida","Nocturna","Buen Tiempo","De alcance","S/D","Colisión","Otro","Faltante","Ninguna","Sin restricción"
2015,6004,08/09/2015,"Martes",0,,,"0.0",1,"Moto/Ciclomotor","P P Sellares Y Dalmacio Velez Sarsfield",2,1,1,0,0,0,0,,"Calle",,"HELVECIA","Garay","Asfalto","Pavimento","VII","Dentro","Urbana","Ninguna","S/D","Intersección","S/D","S/D","S/D","Buen Tiempo","Contra objeto fijo","S/D","Colisión","S/D","S/D","Ninguna","Sin restricción"
2015,6005,02/09/2015,"Miercoles",0,19:35:00,,"0.0",2,"Bicicleta,Moto/Ciclomotor","Libertad Y Pres Domingo Faustino Sarmient",3,2,0,0,1,0,0,"-31.662,-60.758916666667","Calle",,"SANTO TOMÉ","La Capital","Asfalto","Pavimento","I","Dentro","Urbana","Ninguna","No existe","Intersección","Bueno","Buena","Nocturna","Buen Tiempo","Lateral","S/D","Colisión","Ninguna","Faltante","Ninguna","Sin restricción"
2015,6006,19/09/2015,"Sabado",0,17:30:00,,"0.0",2,"Moto/Ciclomotor,Automóvil","12 de septiembre Y 13 de diciembre",2,1,0,0,1,0,0,,"Calle",,"SANTO TOMÉ","La Capital","Asfalto","No existe","I","S/D","Urbana","Ninguna","No existe","Intersección","Bueno","Buena","Diurna","Buen Tiempo","Lateral","S/D","Colisión","S/D","Faltante","Ninguna","Sin restricción"
2015,6007,22/09/2015,"Martes",0,,,"0.0",2,"Pickup/Utilitario,Moto/Ciclomotor","Damianovich Y Regis Martinez",2,1,0,0,0,0,1,,"Calle",,"SANTA FE","La Capital","Ripio","Ripio","I","S/D","Urbana","Ninguna","No existe","Intersección","Bueno","Buena","Diurna","Buen Tiempo","Lateral","S/D","Colisión","Ninguna","Faltante","Ninguna","Accidente Previo"
2015,6008,10/09/2015,"Jueves",0,18:10:00,,"0.0",2,"Moto/Ciclomotor,Automóvil","Av Almte Brown Y Bv Muttis",2,1,0,0,1,0,0,,"S/D",,"SANTA FE","La Capital","Asfalto","No existe","I","S/D","Urbana","Ninguna","No existe","Intersección","Bueno","Buena","Atardecer","Buen Tiempo","Lateral","S/D","Colisión","Ninguna","S/D","Ninguna","Sin restricción"
2015,6009,17/09/2015,"Jueves",0,07:50:00,,"0.0",2,"Moto/Ciclomotor,Pickup/Utilitario","Las Heras Y Angel Cassanello",2,1,0,0,1,0,0,,"S/D",,"SANTA FE","La Capital","Asfalto","No existe","I","S/D","Urbana","Ninguna","No existe","Intersección","Bueno","Buena","Amanecer","Buen Tiempo","Lateral","S/D","Colisión","Ninguna","S/D","Ninguna","Sin restricción"
2015,6010,23/09/2015,"Miercoles",0,00:15:00,"Ruta Nacional 11","552.0",1,"Automóvil"," ",4,2,0,0,2,0,0,,"Ruta",11,"ANGELONI","San Justo","Asfalto","Natural","XVI","S/D","Rural","Ninguna","No existe","Recta","Bueno","Reducida","Nocturna","Lluvia","S/D","S/D","Despiste","Agua","Vertical","Ninguna","Sin restricción"
2015,6011,22/09/2015,"Martes",0,18:15:00,,"0.0",2,"Moto/Ciclomotor,Otros","Boulevard Ocampo Y Presidente B Rivadavia",2,2,0,0,0,0,0,,"Calle",,"HELVECIA","Garay","Asfalto","No existe","VII","Dentro","Urbana","Ninguna","No existe","Intersección","Bueno","Buena","Diurna","Buen Tiempo","Frontal","S/D","Colisión","S/D","Faltante","Cordón divisorio","Sin restricción"
2015,6012,27/09/2015,"Domingo",0,19:30:00,,"0.0",2,"Moto/Ciclomotor,Automóvil","Av Blas Parera ",3,2,0,0,1,0,0,,"Avenida",,"SANTA FE","La Capital","Asfalto","Natural","I","Dentro","Urbana","Ninguna","Intermitente","Intersección","Bueno","Buena","Con luz artificial","Buen Tiempo","De alcance","S/D","Colisión","Ninguna","S/D","Línea divisoria pintada","Sin restricción"
2015,6013,02/09/2015,"Miercoles",0,12:10:00,,"0.0",2,"Taxi/Remis,Bicicleta","Av 7 de marzo Y Pasaje Almte Guillermo Brown",3,1,0,0,2,0,0,"-31.664195, -60.780282","Calle",,"SANTO TOMÉ","La Capital","Asfalto","Pavimento","I","Dentro","Urbana","Ninguna","No existe","Intersección","Bueno","Buena","Diurna","Buen Tiempo","S/D","S/D","Atropello","Ninguna","Faltante","Línea divisoria pintada","Sin restricción"
2015,6014,20/09/2015,"Domingo",0,19:35:00,,"0.0",2,"Automóvil,Moto/Ciclomotor","Chaco Y Hernandarias",3,1,0,0,2,0,0,,"Calle",,"SANTO TOMÉ","La Capital","Asfalto","Pavimento","I","Dentro","Urbana","Ninguna","S/D","Intersección","Bueno","Buena","Atardecer","Buen Tiempo","Lateral","S/D","Colisión","Ninguna","S/D","Ninguna","Sin restricción"
2015,6015,09/09/2015,"Miercoles",0,13:50:00,"Ruta Provincial 1","88.0",2,"Automóvil,Moto/Ciclomotor"," ",2,1,0,0,1,0,0,,"Ruta",1,"HELVECIA","Garay","Asfalto","Natural","VII","S/D","Rural","Ninguna","No existe","Curva","Ahuellamiento","Buena","Diurna","Buen Tiempo","Frontal","S/D","Colisión","S/D","Faltante","Línea divisoria pintada","Sin restricción"
2015,6016,16/09/2015,"Miercoles",0,11:00:00,,"0.0",2,"Moto/Ciclomotor,Otros","Jauretche Y Sarsotti",2,1,0,0,0,0,1,,"Calle",,"SANTA FE","La Capital","Ripio","Ripio","I","S/D","Urbana","S/D","No existe","Intersección","Bueno,Con baches","Buena","Diurna","Buen Tiempo","S/D","S/D","S/D","Ninguna","Faltante","Ninguna","Sin restricción"