"anio_acci","nro_acci","fecha","desc_dia","fecha_aprox","hora_aprox","desc_ruta","km","cant_participantes","desc_participante","calle_avenida_km","total","heridos_leves","heridos_graves","heridos_gravisimos","ilesos","fallecidos","sin_datos","posicion_XY","desc_tipo_via","desc_ruta_ori","desc_loc","desc_dpto","desc_tipo_calzada","desc_tipo_banquina","desc_unidad_regional","desc_lugar_calzada","desc_zona","desc_prioridad","desc_estado_semaforo","desc_lugar_via","desc_estado_via","desc_estado_visibilidad","desc_luminosidad","desc_estado_clima","desc_tipo_colision","desc_tipo_atropello","desc_tipo_hecho","desc_pres_calzada","desc_senializacion","desc_separacion_via","desc_restriccion"
2015,6017,04/09/2015,"Viernes",0,09:30:00,,"0.0",2,"Moto/Ciclomotor,Pickup/Utilitario","Ruta Nacional 11 Y Los Nogales",2,1,0,0,1,0,0,,"Calle",,"RECREO","La Capital","S/D","Natural","I","Dentro","Urbana","Ninguna","No existe","Recta","Bueno","Buena","Diurna","Buen Tiempo","Lateral","S/D","Colisión","Ninguna","Vertical","Línea divisoria pintada","Sin restricción"
2015,6018,12/09/2015,"Sabado",0,18:45:00,,"0.0",2,"Moto/Ciclomotor,Pickup/Utilitario","Necochea Y J M Zuviria",3,2,0,0,1,0,0,,"Calle",,"SANTA FE","La Capital","Asfalto","No existe","I","S/D","Urbana","Ninguna","No existe","Intersección","Bueno","Reducida","Atardecer","Buen Tiempo","Lateral","S/D","Colisión","Ninguna","S/D","Ninguna","Sin restricción"
2015,6019,15/09/2015,"Martes",0,07:45:00,"Ruta Nacional 11","481.0",3,"Bicicleta,Automóvil,Pickup/Utilitario"," ",3,1,1,0,1,0,0,"-31.522423, -60.724129","Ruta",11,"RECREO","La Capital","Asfalto","Natural","I","Dentro","Urbana","Ninguna","No existe","Recta","Bueno","Buena","Amanecer","Buen Tiempo","De alcance","S/D","Colisión,Atropello","Ninguna","Faltante","Línea divisoria pintada","Sin restricción"
2015,6020,12/09/2015,"Sabado",0,22:30:00,"Ruta Nacional 11","0.0",2,"Moto/Ciclomotor,Otros","Lapacho ",3,1,1,0,0,0,1,,"Ruta",11,"SAN JUSTO","San Justo","Asfalto,Ripio","Natural","XVI","Fuera","Urbana","Marca Vial","No existe","Intersección","Bueno","Reducida","Atardecer,Con luz artificial","Buen Tiempo","Lateral","S/D","Colisión","Ninguna","S/D","Vegetación","Sin restricción"
2015,6021,13/09/2015,"Domingo",0,20:10:00,,"0.0",2,"Moto/Ciclomotor,Automóvil","Av A del Valle Y Llerena",3,1,0,0,2,0,0,,"Avenida",,"SANTA FE","La Capital","Asfalto","No existe","I","S/D","Urbana","Ninguna","Funciona","Intersección","Bueno","Reducida","Nocturna","Buen Tiempo","De alcance","S/D","Colisión","Ninguna","S/D","Ninguna","Sin restricción"
2015,6022,08/09/2015,"Martes",0,11:00:00,,"0.0",1,"Moto/Ciclomotor","Gral Belgrano Y italia",2,2,0,0,0,0,0,,"Calle",,"GOBERNADOR CRESPO","San Justo","Asfalto","No existe","XVI","S/D","S/D","Ninguna","No existe","Intersección","Bueno","Buena","Diurna","Buen Tiempo","Otro","S/D","Vuelco","Ninguna","Faltante","Ninguna","Sin restricción"
2015,6023,14/09/2015,"Lunes",0,21:00:00,,"0.0",2,"Automóvil,Automóvil","Av Almte Brown Y Angel Cassanello",3,1,0,0,2,0,0,,"Avenida",,"SANTA FE","La Capital","Asfalto","No existe","I","S/D","Urbana","Ninguna","No existe","Intersección","Bueno","Buena","Nocturna","Buen Tiempo","Lateral","S/D","Colisión","Ninguna","S/D","Ninguna","Sin restricción"
2015,6024,09/08/2015,"Domingo",0,11:30:00,,"0.0",3,"Automóvil,Automóvil,Automóvil","Calle 44-27 de Abril Y Calle 25 - Pietropaolo",5,1,0,0,4,0,0,,"Calle",,"RECONQUISTA","General Obligado","Asfalto","Natural","IX","Dentro","Urbana","Semáforo","Funciona","Recta","Bueno","Buena","Diurna","Buen Tiempo","Múltiple","S/D","Colisión","Ninguna","Faltante","Ninguna","Sin restricción"
2015,6025,07/09/2015,"Lunes",0,19:30:00,,"0.0",1,"Moto/Ciclomotor","Uruguay ",1,0,1,0,0,0,0,,"Calle",,"SANTA ROSA DE CALCHINES","Garay","Asfalto","Pavimento","VII","Dentro","Urbana","Ninguna","No existe","Recta","Bueno","Buena","Diurna","Buen Tiempo","Contra objeto fijo","S/D","Colisión","S/D","Vertical","Cordón divisorio","Sin restricción"
2015,6026,12/09/2015,"Sabado",0,22:30:00,,"0.0",1,"Moto/Ciclomotor","CALLE PUBLICA ",1,1,0,0,0,0,0,,"Calle",,"COLONIA MASCIAS","Garay","Tierra","No existe","VII","Dentro","Urbana","Ninguna","No existe","S/D","Bueno","Buena","Nocturna","Buen Tiempo","S/D","S/D","Caída ocupante","S/D","Vertical","Ninguna","Sin restricción"
2015,6027,15/09/2015,"Martes",0,11:30:00,,"0.0",2,"Moto/Ciclomotor,Automóvil","Francia Y Santiago del Estero",2,1,0,0,1,0,0,,"Calle",,"SANTA FE","La Capital","S/D","S/D","I","Dentro","Urbana","S/D","S/D","S/D","S/D","S/D","Diurna","S/D","S/D","S/D","Colisión","S/D","S/D","S/D","S/D"
2015,6028,11/09/2015,"Viernes",0,12:00:00,,"0.0",2,"Moto/Ciclomotor,Automóvil","L N Alem Y Italia",2,1,0,0,1,0,0,,"Calle",,"SAN JUSTO","San Justo","Asfalto","No existe","XVI","Dentro","Urbana","Ninguna","No existe","Intersección","Ahuellamiento","Buena","Diurna","Buen Tiempo","De alcance","S/D","Colisión","Ninguna","Faltante","Cordón divisorio","Sin restricción"
2015,6029,19/09/2015,"Sabado",0,18:30:00,"Ruta Provincial 5","0.0",2,"Moto/Ciclomotor,Automóvil","Ruta pcial 2 Av San Martin ",4,1,1,0,2,0,0,,"Ruta",5,"MONTE VERA","La Capital","Hormigón","Pavimento","I","Dentro","Rural","S/D","No existe","Intersección","Bueno","Buena","Diurna","Buen Tiempo","Frontal","S/D","Colisión","Ninguna","S/D","Ninguna","Sin restricción"
2015,6031,09/09/2015,"Miercoles",0,15:30:00,,"0.0",2,"Moto/Ciclomotor,Pickup/Utilitario","Lamadrid Y Av Peñaloza",2,1,0,0,0,0,1,,"Calle",,"SANTA FE","La Capital","S/D","S/D","I","Dentro","Urbana","S/D","S/D","Intersección","S/D","S/D","Diurna","S/D","S/D","S/D","Colisión","S/D","S/D","S/D","S/D"
2015,6032,09/09/2015,"Miercoles",0,16:30:00,,"0.0",2,"Bicicleta,Pickup/Utilitario","Francia Y Vera",2,1,0,0,1,0,0,"-31.641944444444,-60.713444444444","Calle",,"SANTA FE","La Capital","S/D","S/D","I","Dentro","Urbana","S/D","S/D","S/D","S/D","S/D","Diurna","S/D","S/D","S/D","Atropello","S/D","S/D","S/D","S/D"
2015,6033,11/04/2015,"Sabado",0,07:40:00,"Ruta Nacional A012","42.0",2,"Automóvil,Camión"," ",2,0,1,0,0,1,0,"-32.906967, -60.894604","Ruta","A012","ROLDÁN","San Lorenzo","Asfalto","Natural","XVII","Dentro","Urbana","Ninguna","No existe","Recta","Bueno","Buena","Diurna","Buen Tiempo","Frontal","S/D","Colisión","S/D","Vertical","Línea divisoria pintada","Sin restricción"
2015,6034,11/04/2015,"Sabado",0,,"Ruta Nacional 33","746.0",2,"Peatón,Camión"," ",2,0,0,0,1,1,0,"-33.036258, -61.126867","Ruta",33,"CASILDA","Caseros","Asfalto","Natural","IV","S/D","Rural","Marca Vial","No existe","Recta","Bueno","S/D","S/D","S/D","S/D","S/D","Atropello","S/D","Horizontal,Vertical","Línea divisoria pintada","Sin restricción"
2015,6036,25/09/2015,"Viernes",0,09:05:00,,"0.0",2,"Moto/Ciclomotor,Automóvil","Av Leandro Alem Y Las Heras",2,1,0,0,1,0,0,,"Avenida",,"SANTA FE","La Capital","Asfalto,Hormigón","S/D","I","Dentro","Urbana","S/D","S/D","Intersección","S/D","S/D","Diurna","S/D","S/D","S/D","Colisión","S/D","Horizontal,Vertical","S/D","S/D"
2015,6037,13/04/2015,"Lunes",0,00:40:00,"Ruta Provincial 65","43.2",3,"Moto/Ciclomotor,Camión,Peatón"," ",4,1,0,0,1,1,1,"-32.368081, -61.350195","Ruta",65,"SAN GENARO","San Jerónimo","Asfalto","Natural","XV","Dentro","Urbana","S/D","S/D","Recta","Bueno","Buena","Nocturna","Buen Tiempo","De alcance","S/D","Colisión,Atropello","S/D","S/D","Línea divisoria pintada","Accidente Previo"
2015,6038,26/09/2015,"Sabado",0,09:00:00,,"0.0",1,"Moto/Ciclomotor","Castellanos Y Belgrano",2,1,0,0,1,0,0,,"Calle",,"SANTA FE","La Capital","Asfalto","S/D","I","Dentro","Urbana","S/D","S/D","Intersección","Bueno","S/D","Diurna","S/D","Lateral","S/D","Colisión","S/D","S/D","S/D","S/D"
2015,6039,29/09/2015,"Martes",0,07:40:00,,"0.0",1,"Moto/Ciclomotor"," ",2,1,0,0,1,0,0,,"Calle",,"SANTA FE","La Capital","Asfalto","S/D","I","Dentro","Urbana","S/D","S/D","Intersección","Bueno","S/D","Con luz artificial","S/D","Lateral","S/D","Colisión","S/D","S/D","S/D","S/D"
2015,6040,29/09/2015,"Martes",0,10:20:00,,"0.0",2,"Automóvil,Automóvil","Bv Galvez Y Avellaneda",2,1,0,0,1,0,0,,"Avenida",,"SANTA FE","La Capital","Asfalto","S/D","I","S/D","Urbana","S/D","Funciona","Intersección","Bueno","Buena","Diurna","S/D","De alcance","S/D","Colisión","S/D","S/D","S/D","S/D"
2015,6041,15/09/2015,"Martes",0,17:30:00,,"0.0",2,"Moto/Ciclomotor,Automóvil","Av Freyre Y Junin",4,3,0,0,1,0,0,,"Avenida",,"SANTA FE","La Capital","S/D","S/D","I","Dentro","Urbana","S/D","S/D","Intersección","S/D","Buena","Diurna","Buen Tiempo","Lateral","S/D","Colisión","S/D","S/D","S/D","S/D"
2015,6042,13/04/2015,"Lunes",0,07:50:00,"Ruta Nacional 34","130.0",2,"Moto/Ciclomotor,Camión","RN34 km 130 sentido asc ",2,0,0,0,1,1,0,"-32.047573, -61.592173","Ruta",34,"CAÑADA ROSQUÍN","San Martín","Asfalto","Ripio","XVIII","Dentro","Urbana","Marca Vial","No existe","Recta","Bueno","Buena","Diurna","Buen Tiempo","De alcance","S/D","Colisión","S/D","Horizontal,Vertical","Línea divisoria pintada","Sin restricción"
2015,6043,16/09/2015,"Miercoles",0,,,"0.0",2,"Moto/Ciclomotor,Automóvil","Av Freyre Y Mendoza",2,1,0,0,1,0,0,,"Avenida",,"SANTA FE","La Capital","S/D","S/D","I","Dentro","Urbana","S/D","S/D","Intersección","S/D","S/D","S/D","Buen Tiempo","Lateral","S/D","Colisión","S/D","S/D","S/D","S/D"
2015,6044,18/09/2015,"Viernes",0,19:30:00,,"0.0",2,"Moto/Ciclomotor,Automóvil","Lamadrid Y Pje Falucho",2,1,0,0,1,0,0,,"Calle",,"SANTA FE","La Capital","S/D","S/D","I","Dentro","Urbana","S/D","S/D","Intersección","S/D","S/D","Atardecer","Buen Tiempo","Lateral","S/D","Colisión","S/D","S/D","S/D","S/D"
2015,6045,19/09/2015,"Sabado",0,01:30:00,,"0.0",2,"Moto/Ciclomotor,Moto/Ciclomotor","Av Freyre Y Obispo Gelabert",2,2,0,0,0,0,0,,"Avenida",,"SANTA FE","La Capital","S/D","S/D","I","Dentro","Urbana","S/D","S/D","Distribuidor","S/D","S/D","Nocturna","S/D","Lateral","S/D","Colisión","S/D","S/D","S/D","S/D"
2015,6046,30/09/2015,"Miercoles",0,14:30:00,,"0.0",2,"Moto/Ciclomotor,Automóvil","Saavedra Y La Rioja",2,1,0,0,1,0,0,,"Calle",,"SANTA FE","La Capital","S/D","S/D","I","Dentro","Urbana","S/D","S/D","Intersección","S/D","S/D","Diurna","S/D","Lateral","S/D","Colisión","S/D","S/D","S/D","S/D"
2015,6047,01/09/2015,"Martes",0,14:00:00,,"0.0",2,"Moto/Ciclomotor,Pickup/Utilitario","Vera Y Av Freyre",2,1,0,0,1,0,0,,"Avenida",,"SANTA FE","La Capital","Asfalto","S/D","I","Dentro","Urbana","S/D","S/D","Intersección","S/D","S/D","Diurna","S/D","Lateral","S/D","Colisión","S/D","S/D","S/D","S/D"
2015,6048,10/09/2015,"Jueves",0,19:15:00,,"0.0",2,"Moto/Ciclomotor,Automóvil","San Juan Y Mendoza",2,1,0,0,1,0,0,,"Calle",,"SANTA FE","La Capital","S/D","S/D","I","Dentro","Urbana","S/D","S/D","Intersección","S/D","S/D","Atardecer","S/D","Lateral","S/D","Colisión","S/D","S/D","S/D","S/D"
2015,6049,13/04/2015,"Lunes",0,07:15:00,"Ruta Provincial 93","0.0",1,"Automóvil","RP93 y acc. a campo Gorgoglione ",1,0,0,0,0,1,0,"-33.627159, -61.452698","Ruta",93,"MELINCUÉ","General López","Asfalto","Natural","VIII","Fuera","Rural","Ninguna","No existe","Recta","Bueno","Buena","Amanecer","Buen Tiempo","S/D","S/D","Vuelco,Despiste","S/D","S/D","Línea divisoria pintada","Sin restricción"
2015,6050,23/09/2015,"Miercoles",0,08:30:00,,"0.0",2,"Moto/Ciclomotor,Bicicleta","Av Freyre 1900",3,1,0,0,2,0,0,"-31.651694444444,-60.720111111111","Calle",,"SANTA FE","La Capital","Asfalto","No existe","I","Dentro","Urbana","Ninguna","No existe","Recta","Con baches","Buena","Diurna","Lluvia","De alcance","S/D","Atropello","S/D","Faltante","Cordón divisorio","Sin restricción"
2015,6051,23/09/2015,"Miercoles",0,10:00:00,,"0.0",2,"Moto/Ciclomotor,Automóvil","Francia Y Amenabar",2,1,0,0,1,0,0,,"Calle",,"SANTA FE","La Capital","Asfalto","No existe","I","Dentro","Urbana","Ninguna","No existe","Intersección","Con baches","Buena","Diurna","Lluvia","Lateral","S/D","Colisión","Agua","Faltante","Ninguna","Sin restricción"
2015,6052,26/09/2015,"Sabado",0,19:10:00,,"0.0",2,"Moto/Ciclomotor,Bicicleta","J J Paso Y Intendente Manuel Irigoyen",2,2,0,0,0,0,0,"-31.661190, -60.725338","Calle",,"SANTA FE","La Capital","Asfalto","No existe","I","Dentro","Urbana","Ninguna","No existe","Intersección","Bueno","Buena","Atardecer","Buen Tiempo","De alcance","S/D","Atropello","S/D","Faltante","Ninguna","Sin restricción"
2015,6053,27/09/2015,"Domingo",0,10:45:00,,"0.0",2,"Automóvil,Tren","Juan de Garay Y Sebastian Gaboto",3,1,0,0,2,0,0,,"Calle",,"SANTA FE","La Capital","Asfalto","No existe","I","Dentro","Urbana","Ninguna","No existe","Intersección","Bueno","Buena","Diurna","Buen Tiempo","De alcance","S/D","Colisión","S/D","Faltante","Ninguna","Sin restricción"
2015,6054,01/09/2015,"Martes",0,14:30:00,,"0.0",2,"Moto/Ciclomotor,Automóvil","Av Leandro Alem Y Alberdi",2,1,0,0,1,0,0,,"Calle",,"SANTA FE","La Capital","Asfalto","S/D","I","Dentro","Urbana","S/D","S/D","Intersección","Bueno","S/D","Diurna","S/D","Lateral","S/D","Colisión","S/D","S/D","S/D","S/D"
2015,6055,01/09/2015,"Martes",0,14:30:00,,"0.0",2,"Moto/Ciclomotor,Automóvil","Necochea Y Av Leandro Alem",2,1,0,0,1,0,0,,"Calle",,"SANTA FE","La Capital","S/D","S/D","I","Dentro","Urbana","S/D","S/D","Intersección","S/D","S/D","Diurna","S/D","Lateral","S/D","Colisión","S/D","S/D","S/D","S/D"
2015,6056,13/04/2015,"Lunes",0,15:30:00,"Autovía Nacional A007","12.3",2,"Bicicleta,Camión","Av Circunv alt Casabomba 4 ",2,0,0,0,1,1,0,"-31.631415, -60.732825","Autovía","A007","SANTA FE","La Capital","Asfalto","Natural","I","Dentro","Urbana","S/D","No existe","Recta","Bueno","Buena","Diurna","Buen Tiempo","S/D","S/D","Atropello","S/D","Horizontal,Vertical","Guardarrail","Sin restricción"
2015,6057,25/09/2015,"Viernes",0,18:00:00,,"0.0",2,"Moto/Ciclomotor,Pickup/Utilitario","Av Urquiza Y Primera Junta",4,3,0,0,1,0,0,,"Calle",,"SANTA FE","La Capital","S/D","S/D","I","S/D","Urbana","S/D","S/D","Intersección","S/D","S/D","S/D","S/D","S/D","S/D","Colisión","S/D","S/D","S/D","S/D"
2015,6058,06/09/2015,"Domingo",0,07:00:00,,"0.0",2,"Moto/Ciclomotor,Moto/Ciclomotor","Bv Galvez Y Necochea",2,1,0,0,1,0,0,,"Calle",,"SANTA FE","La Capital","Asfalto","S/D","I","Dentro","Urbana","Semáforo","S/D","Intersección","Bueno","S/D","Diurna","S/D","Lateral","S/D","Colisión","S/D","Horizontal,Vertical","S/D","S/D"
2015,6059,29/09/2015,"Martes",0,17:45:00,,"0.0",2,"Moto/Ciclomotor,Pickup/Utilitario","Hipolito Yrigoyen Y Lamadrid",3,0,2,0,1,0,0,,"Calle",,"SANTA FE","La Capital","Asfalto","S/D","I","S/D","Urbana","S/D","S/D","Intersección","S/D","S/D","S/D","S/D","S/D","S/D","Colisión","S/D","S/D","S/D","S/D"
2015,6060,08/04/2015,"Miercoles",0,10:30:00,,"0.0",2,"Automóvil,Automóvil","Castellanos Y Alvear",2,1,0,0,1,0,0,,"Calle",,"SANTA FE","La Capital","Asfalto","S/D","I","Dentro","Urbana","S/D","S/D","Intersección","Bueno","S/D","Diurna","S/D","Lateral","S/D","Colisión","S/D","Vertical","S/D","S/D"
2015,6061,13/04/2015,"Lunes",0,16:00:00,,"0.0",2,"Moto/Ciclomotor,Automóvil","San Martin Y Rivadavia",5,1,0,0,3,1,0,"-31.265595, -60.762575","Avenida",,"NELSON","La Capital","Asfalto","No existe","I","Dentro","Urbana","Ninguna","No existe","Intersección","Bueno","Buena","Diurna","Buen Tiempo","Lateral","S/D","Colisión","S/D","Faltante","Ninguna","Sin restricción"
2015,6062,12/09/2015,"Sabado",0,05:45:00,,"0.0",2,"Moto/Ciclomotor,Camión","Balcarce Y Guemes",2,1,0,0,0,0,1,,"Calle",,"SANTA FE","La Capital","Asfalto","S/D","I","Dentro","Urbana","S/D","S/D","Intersección","Bueno","S/D","Nocturna,Con luz artificial","S/D","Lateral","S/D","Colisión","S/D","Vertical","S/D","S/D"
2015,6063,29/09/2015,"Martes",0,17:45:00,,"0.0",2,"Moto/Ciclomotor,Automóvil","Av Urquiza Y Primera Junta",2,1,0,0,1,0,0,,"Calle",,"SANTA FE","La Capital","Asfalto","S/D","I","S/D","Urbana","S/D","S/D","Intersección","S/D","S/D","S/D","S/D","S/D","S/D","Colisión","S/D","S/D","S/D","S/D"
2015,6064,13/04/2015,"Lunes",0,19:00:00,,"0.0",2,"Peatón,Pickup/Utilitario","G. Serrano 234",2,0,0,0,1,1,0,"-33.641309, -61.857238","Calle",,"MURPHY","General López","S/D","S/D","VIII","S/D","Urbana","S/D","No existe","S/D","S/D","Reducida","Atardecer","S/D","S/D","S/D","Atropello","S/D","S/D","S/D","S/D"
2015,6065,29/09/2015,"Martes",0,10:20:00,,"0.0",2,"Moto/Ciclomotor,Automóvil","Av Freyre Y Bv Pellegrini",2,1,0,0,1,0,0,,"Avenida",,"SANTA FE","La Capital","Asfalto","S/D","I","S/D","Urbana","S/D","S/D","Intersección","S/D","S/D","S/D","S/D","S/D","S/D","Colisión","S/D","S/D","S/D","S/D"
2015,6066,14/04/2015,"Martes",0,10:30:00,"Ruta Provincial 62","0.0",1,"Automóvil"," ",1,0,0,0,0,1,0,"-31.000217, -61.365632","Ruta",62,"GALISTEO","Castellanos","Asfalto","Natural","V","Fuera","Rural","Ninguna","No existe","Recta","Resbaladiza","Reducida","Diurna","Lluvia","S/D","S/D","Vuelco","Agua","Horizontal","Línea divisoria pintada","Sin restricción"
2015,6067,26/09/2015,"Sabado",0,12:30:00,,"0.0",2,"Automóvil,Moto/Ciclomotor","San Lorenzo 2548",3,2,0,0,1,0,0,,"Calle",,"SANTA FE","La Capital","Asfalto","S/D","I","S/D","Urbana","S/D","S/D","Recta","S/D","S/D","S/D","S/D","S/D","S/D","S/D","S/D","S/D","S/D","S/D"
2015,6068,23/09/2015,"Miercoles",0,15:30:00,,"0.0",2,"Taxi/Remis,Automóvil","Alvear 2700",2,1,0,0,1,0,0,,"Calle",,"SANTA FE","La Capital","Asfalto","S/D","I","S/D","Urbana","S/D","S/D","Recta","Bueno","S/D","Diurna","S/D","De alcance","S/D","Colisión","S/D","S/D","S/D","S/D"
2015,6069,25/09/2015,"Viernes",0,00:40:00,,"0.0",2,"Automóvil,Moto/Ciclomotor","Azcuenaga Y Lisandro de la Torre",2,1,0,0,1,0,0,,"Calle",,"SANTA FE","La Capital","Ripio","Ripio","I","Dentro","Urbana","Ninguna","No existe","Intersección","Con baches","Reducida","Nocturna,Con luz artificial","Otro","Otro","S/D","Colisión","Material Suelto","Faltante","Vegetación","Sin restricción"
2015,6070,15/09/2015,"Martes",0,10:30:00,,"0.0",2,"Moto/Ciclomotor,Otros","Francisco Tarragona Y Santiago del Estero",2,1,0,0,1,0,0,,"Calle",,"SANTA FE","La Capital","S/D","S/D","I","Dentro","Urbana","S/D","S/D","S/D","S/D","S/D","Diurna","S/D","S/D","S/D","Colisión","S/D","S/D","S/D","S/D"
2015,6071,20/09/2015,"Domingo",0,06:00:00,"Ruta Nacional 168","0.0",2,"Peatón,Moto/Ciclomotor","ACCESO ESTE PUENTE OROÑO ",2,2,0,0,0,0,0,,"Ruta",168,"SANTA FE","La Capital","Asfalto","S/D","I","S/D","S/D","S/D","S/D","Puente","Bueno","S/D","Nocturna","S/D","S/D","S/D","Atropello","S/D","Horizontal,Vertical","S/D","S/D"
2015,6072,01/09/2015,"Martes",0,18:35:00,,"0.0",2,"Automóvil,Automóvil","AV. DEL VALLE ",3,1,0,0,2,0,0,,"Calle",,"ANGEL GALLARDO","La Capital","Hormigón","Natural","I","Dentro","Urbana","Señal Ceda el Paso","No existe","Cruce","Bueno","Buena","Diurna","Buen Tiempo","Lateral","S/D","Colisión","S/D","S/D","S/D","Sin restricción"
2015,6073,09/09/2015,"Miercoles",0,15:20:00,,"0.0",2,"Automóvil,Moto/Ciclomotor","Simon De Iriondo Y Sebastian Gaboto",2,1,0,0,1,0,0,,"Calle",,"SANTA FE","La Capital","Asfalto","No existe","I","Dentro","Urbana","Ninguna","No existe","Intersección","Bueno","Buena","Diurna","Buen Tiempo","Otro","S/D","Colisión","Ninguna","Faltante","Cordón divisorio","Sin restricción"
2015,6074,23/09/2015,"Miercoles",0,10:55:00,,"0.0",2,"Pickup/Utilitario,Moto/Ciclomotor","Francia Y Mariano Comas",2,1,0,0,1,0,0,,"Calle",,"SANTA FE","La Capital","Asfalto","S/D","I","Dentro","Urbana","S/D","S/D","Intersección","S/D","Buena","Diurna","Buen Tiempo","Lateral","S/D","Colisión","S/D","S/D","S/D","S/D"
2015,6075,10/09/2015,"Jueves",0,08:00:00,,"0.0",2,"Moto/Ciclomotor,Automóvil","Belgrano 1300",2,1,0,0,1,0,0,,"Calle",,"CORONDA","San Jerónimo","Tierra","No existe","XV","Dentro","Urbana","Ninguna","No existe","Recta","S/D","Buena","Diurna","Buen Tiempo","S/D","S/D","Colisión","S/D","S/D","Ninguna","Sin restricción"
2015,6076,15/09/2015,"Martes",0,08:00:00,,"0.0",2,"Moto/Ciclomotor,Automóvil","Av Almte Brown Y Centenera",2,1,0,0,1,0,0,,"Calle",,"SANTA FE","La Capital","Asfalto","S/D","I","Dentro","Urbana","Ninguna","S/D","Intersección","Bueno","S/D","Diurna","Buen Tiempo","Lateral","S/D","Colisión","Ninguna","Faltante","Ninguna","Sin restricción"
2015,6077,14/09/2015,"Lunes",0,10:00:00,"Ruta Nacional 11","0.0",2,"Moto/Ciclomotor,Pickup/Utilitario","Mitre ",2,1,0,0,1,0,0,,"Ruta",11,"CORONDA","San Jerónimo","Asfalto","Natural","XV","Dentro","Urbana","Ninguna","No existe","Intersección","Con baches","Buena","Diurna","Buen Tiempo","Frontal","S/D","Colisión","S/D","Faltante","Ninguna","Sin restricción"
2015,6078,10/09/2015,"Jueves",0,20:50:00,,"0.0",2,"Moto/Ciclomotor,Moto/Ciclomotor","Reconquista Y J M Perez",4,4,0,0,0,0,0,,"Calle",,"SANTA FE","La Capital","Asfalto","No existe","I","Dentro","Urbana","Ninguna","No existe","Intersección","Bueno","Buena","Atardecer,Con luz artificial","Buen Tiempo","Lateral","S/D","Colisión","S/D","S/D","Cordón divisorio","Sin restricción"
2015,6079,22/09/2015,"Martes",0,15:20:00,,"0.0",2,"Moto/Ciclomotor,Automóvil","Lavalle Y Cordoba",2,1,0,0,1,0,0,,"Calle",,"SANTA FE","La Capital","S/D","S/D","I","Dentro","Urbana","S/D","S/D","Intersección","Bueno","S/D","Diurna","S/D","Lateral","S/D","Colisión","S/D","S/D","S/D","S/D"
2015,6080,05/09/2015,"Sabado",0,20:10:00,,"0.0",2,"Automóvil,Taxi/Remis","Av Freyre 2200",3,2,0,0,1,0,0,,"Avenida",,"SANTA FE","La Capital","Asfalto","S/D","I","Dentro","Urbana","S/D","S/D","Recta","S/D","S/D","Nocturna","S/D","De alcance","S/D","Colisión","S/D","S/D","S/D","S/D"
2015,6081,23/09/2015,"Miercoles",0,05:00:00,,"0.0",2,"Moto/Ciclomotor,Automóvil","Bv Galvez 1500",2,1,0,0,1,0,0,,"Avenida",,"SANTA FE","La Capital","S/D","S/D","I","S/D","Urbana","S/D","S/D","Recta","S/D","S/D","S/D","S/D","S/D","S/D","Colisión","S/D","S/D","S/D","S/D"
2015,6082,09/09/2015,"Miercoles",0,05:45:00,,"0.0",2,"Taxi/Remis,Moto/Ciclomotor","Bv Pellegrini Y Francia",3,2,0,0,1,0,0,,"Avenida",,"SANTA FE","La Capital","Asfalto","S/D","I","Dentro","Urbana","S/D","S/D","Intersección","S/D","S/D","Nocturna","S/D","Lateral","S/D","Colisión","S/D","S/D","S/D","S/D"
2015,6083,03/09/2015,"Jueves",0,21:05:00,,"0.0",2,"Moto/Ciclomotor,Automóvil","Candioti Y Juan de Garay",2,1,0,0,1,0,0,,"Calle",,"SANTA FE","La Capital","Asfalto","No existe","I","Dentro","Urbana","Semáforo","Funciona","Intersección","Bueno","Buena","Nocturna,Con luz artificial","Buen Tiempo","Lateral","S/D","Colisión","Ninguna","Faltante","Ninguna","Sin restricción"
2015,6084,06/09/2015,"Domingo",0,05:40:00,"Ruta Nacional 11","428.0",1,"Automóvil"," ",2,1,0,0,1,0,0,,"Ruta",11,"CORONDA","San Jerónimo","Asfalto","Natural","XV","Dentro","Rural","S/D","No existe","Curva","Bueno","Reducida","Nocturna","Buen Tiempo","S/D","S/D","Vuelco","S/D","Horizontal,Vertical","Línea divisoria pintada","Sin restricción"
2015,6085,06/09/2015,"Domingo",0,10:05:00,,"0.0",2,"Moto/Ciclomotor,Automóvil","Mitre Y Cristobal Colon",3,1,0,0,2,0,0,,"Avenida",,"SANTA FE","La Capital","Asfalto","No existe","I","Dentro","Urbana","Ninguna","No existe","Intersección","Bueno","Buena","Diurna","Buen Tiempo","Otro","S/D","Colisión","Ninguna","Faltante","Ninguna","Sin restricción"
2015,6086,11/09/2015,"Viernes",0,14:45:00,,"0.0",2,"Moto/Ciclomotor,Automóvil","Francia Y La Rioja",2,1,0,0,1,0,0,,"Calle",,"SANTA FE","La Capital","Asfalto","S/D","I","Dentro","Urbana","S/D","S/D","Intersección","S/D","Buena","Diurna","S/D","Lateral","S/D","Colisión","S/D","S/D","S/D","S/D"
2015,6087,17/09/2015,"Jueves",0,17:00:00,,"0.0",2,"Moto/Ciclomotor,Automóvil","Francia Y La Rioja",2,1,0,0,1,0,0,,"Calle",,"SANTA FE","La Capital","Asfalto","S/D","I","Dentro","Urbana","S/D","S/D","Intersección","S/D","S/D","Diurna","Buen Tiempo","Lateral","S/D","Colisión","S/D","S/D","S/D","S/D"