"anio_acci","nro_acci","fecha","desc_dia","fecha_aprox","hora_aprox","desc_ruta","km","cant_participantes","desc_participante","calle_avenida_km","total","heridos_leves","heridos_graves","heridos_gravisimos","ilesos","fallecidos","sin_datos","posicion_XY","desc_tipo_via","desc_ruta_ori","desc_loc","desc_dpto","desc_tipo_calzada","desc_tipo_banquina","desc_unidad_regional","desc_lugar_calzada","desc_zona","desc_prioridad","desc_estado_semaforo","desc_lugar_via","desc_estado_via","desc_estado_visibilidad","desc_luminosidad","desc_estado_clima","desc_tipo_colision","desc_tipo_atropello","desc_tipo_hecho","desc_pres_calzada","desc_senializacion","desc_separacion_via","desc_restriccion"
2015,6088,13/09/2015,"Domingo",0,06:30:00,,"0.0",1,"Moto/Ciclomotor","Espa±a 1900",2,1,0,0,1,0,0,,"Calle",,"CORONDA","San Jerónimo","Asfalto","Pavimento","XV","Dentro","Urbana","Ninguna","Funciona","Recta","Bueno","Reducida","Amanecer","Buen Tiempo","S/D","S/D","Caída ocupante","S/D","Vertical","Ninguna","Sin restricción"
2015,6089,21/09/2015,"Lunes",0,08:10:00,,"0.0",2,"Moto/Ciclomotor,Automóvil","Av 7 Jefes Y Cordoba",3,2,0,0,1,0,0,,"Avenida",,"SANTA FE","La Capital","Asfalto","S/D","I","S/D","Urbana","S/D","S/D","Intersección","Bueno","S/D","Diurna","S/D","Lateral","S/D","Colisión","S/D","Vertical","S/D","S/D"
2015,6090,17/09/2015,"Jueves",0,16:00:00,"Ruta Nacional 11","0.0",2,"Moto/Ciclomotor,Automóvil","Ruta Nacional 11 Y Ruta Prov 70",2,1,0,0,1,0,0,,"Ruta",11,"RECREO","La Capital","Asfalto","Natural","I","S/D","Urbana","Ninguna","No existe","Intersección","Bueno","Buena","Diurna","Buen Tiempo","Lateral","S/D","Colisión","Ninguna","Vertical","Línea divisoria pintada","Sin restricción"
2015,6091,03/09/2015,"Jueves",0,22:15:00,,"0.0",2,"Automóvil,Moto/Ciclomotor","Av Gral Lopez 3217",2,1,0,0,1,0,0,,"Avenida",,"SANTA FE","La Capital","Asfalto","No existe","I","Dentro","Urbana","Ninguna","No existe","Recta","Bueno","Buena","Nocturna","Buen Tiempo","De alcance","S/D","Colisión","Ninguna","Horizontal","Ninguna","Sin restricción"
2015,6092,18/09/2015,"Viernes",0,11:30:00,,"0.0",1,"Moto/Ciclomotor","Catamarca Y La Pampa",1,0,1,0,0,0,0,,"Calle",,"TOSTADO","9 de Julio","S/D","S/D","XII","Dentro","Urbana","S/D","S/D","Recta","S/D","S/D","Diurna","Buen Tiempo","S/D","S/D","Despiste","S/D","S/D","S/D","S/D"
2015,6093,19/09/2015,"Sabado",0,00:20:00,,"0.0",2,"Moto/Ciclomotor,Moto/Ciclomotor","Santa Fe Y Belgrano",3,2,0,0,1,0,0,,"Calle",,"RECREO","La Capital","Asfalto","Natural","I","Dentro","Urbana","Ninguna","No existe","Intersección","Bueno","Reducida","Nocturna,Con luz artificial","Buen Tiempo","Lateral","S/D","Colisión","Ninguna","Vertical","Línea divisoria pintada","Sin restricción"
2015,6094,26/09/2015,"Sabado",0,21:15:00,,"0.0",2,"Moto/Ciclomotor,Moto/Ciclomotor"," ",3,2,1,0,0,0,0,,"Calle",,"AROCENA","San Jerónimo","Arena","No existe","XV","Dentro","Urbana","Ninguna","No existe","Recta","Ahuellamiento","Reducida","Nocturna","Buen Tiempo","Frontal","S/D","Colisión","S/D","Faltante","S/D","Sin restricción"
2015,6095,24/09/2015,"Jueves",0,13:00:00,,"0.0",2,"Moto/Ciclomotor,Pickup/Utilitario","Ruta Nacional 11 Y Bethoven",4,2,1,0,1,0,0,,"Avenida",,"RECREO","La Capital","Asfalto","Natural","I","Dentro","Urbana","Ninguna","No existe","Intersección","Resbaladiza","Reducida","Diurna","Lluvia","Lateral","S/D","Colisión","Agua","Vertical","Línea divisoria pintada","Sin restricción"
2015,6096,19/09/2015,"Sabado",0,12:00:00,,"0.0",2,"Moto/Ciclomotor,Automóvil","Av Almte Brown 3500",3,2,0,0,1,0,0,,"Calle",,"SANTA FE","La Capital","Asfalto","S/D","I","S/D","Urbana","S/D","S/D","Recta","S/D","S/D","Diurna","S/D","Lateral","S/D","Colisión","S/D","S/D","S/D","S/D"
2015,6097,04/09/2015,"Viernes",0,19:30:00,,"0.0",2,"Moto/Ciclomotor,Automóvil","San Jose Y Av Gral Lopez",2,1,0,0,1,0,0,,"Calle",,"SANTA FE","La Capital","Asfalto","No existe","I","Dentro","Urbana","Ninguna","No existe","Intersección","Bueno","Buena","Atardecer","Buen Tiempo","Lateral","S/D","Colisión","S/D","Faltante","Ninguna","Sin restricción"
2015,6098,24/09/2015,"Jueves",0,14:25:00,,"0.0",2,"Moto/Ciclomotor,Pickup/Utilitario","Juan de Garay Y Monseñor Rodriguez",2,1,0,0,1,0,0,,"Avenida",,"SANTA FE","La Capital","Asfalto","Ripio","I","Dentro","Urbana","Marca Vial","Intermitente","Intersección","Bueno","Buena","Diurna","Buen Tiempo","Lateral","S/D","Colisión","Ninguna","Horizontal,Vertical","Línea divisoria pintada","Sin restricción"
2015,6099,05/09/2015,"Sabado",0,00:10:00,,"0.0",2,"Moto/Ciclomotor,Automóvil","J J Paso Y Juan Diaz de Solis",2,1,0,0,0,0,1,,"Calle",,"SANTA FE","La Capital","Asfalto","No existe","I","Dentro","Urbana","Ninguna","No existe","Intersección","Bueno","Buena","Atardecer","Buen Tiempo","De alcance","S/D","Colisión","S/D","Faltante","Ninguna","Sin restricción"
2015,6100,19/09/2015,"Sabado",0,01:00:00,,"0.0",2,"Automóvil,Moto/Ciclomotor","Juan de Garay Y Presidente Roca",3,2,0,0,1,0,0,,"Avenida",,"SANTA FE","La Capital","Asfalto","Ripio","I","Dentro","Urbana","Ninguna","No existe","Intersección","Bueno","Buena","Nocturna,Con luz artificial","Buen Tiempo","Lateral","S/D","Colisión","Ninguna","Horizontal,Vertical","Línea divisoria pintada","Sin restricción"
2015,6101,12/09/2015,"Sabado",0,15:30:00,,"0.0",2,"Moto/Ciclomotor,Automóvil","Mendoza 3900",3,2,0,0,1,0,0,,"Calle",,"SANTA FE","La Capital","S/D","S/D","I","S/D","Urbana","S/D","S/D","S/D","S/D","S/D","Diurna","S/D","S/D","S/D","S/D","S/D","S/D","S/D","S/D"
2015,6102,25/09/2015,"Viernes",0,10:40:00,,"0.0",2,"Automóvil,Moto/Ciclomotor","Carlos Silvestre Begnis Y Gobernador Galvez",2,0,1,0,1,0,0,,"Calle",,"TOSTADO","9 de Julio","Asfalto","Natural","XII","Dentro","Urbana","Ninguna","No existe","Intersección","Bueno","Buena","Diurna","Buen Tiempo","Frontal","S/D","Colisión","S/D","Faltante","Ninguna","Sin restricción"
2015,6103,25/09/2015,"Viernes",0,14:55:00,,"0.0",2,"Pickup/Utilitario,Moto/Ciclomotor","Pte Juan D Peron ",2,1,0,0,1,0,0,,"Calle",,"TOSTADO","9 de Julio","Asfalto","Natural","XII","Dentro","Urbana","Ninguna","No existe","Recta","Bueno","Buena","Diurna","Buen Tiempo","S/D","S/D","Colisión","S/D","S/D","Ninguna","Sin restricción"
2015,6104,29/08/2015,"Sabado",0,23:30:00,,"0.0",2,"Moto/Ciclomotor,Pickup/Utilitario","Av Gral Lopez Y Francia",3,2,0,0,1,0,0,,"Calle",,"SANTA FE","La Capital","Asfalto","No existe","I","Dentro","Urbana","Ninguna","No existe","Intersección","Bueno","Buena","Nocturna","Buen Tiempo","Lateral","S/D","Colisión","S/D","Faltante","Línea divisoria pintada","Sin restricción"
2015,6105,20/09/2015,"Domingo",0,06:30:00,"Ruta Provincial 80","0.0",2,"Automóvil,Moto/Ciclomotor","9 de Julio ",5,1,1,0,3,0,0,,"Ruta",80,"AROCENA","San Jerónimo","Asfalto","Natural","XV","Dentro","Rural","Ninguna","No existe","Recta","Bueno","Reducida","Nocturna","Buen Tiempo","Lateral","S/D","Colisión","S/D","Faltante","Línea divisoria pintada","Sin restricción"
2015,6106,06/09/2015,"Domingo",0,05:35:00,,"0.0",2,"Moto/Ciclomotor,Automóvil","Jose de San Martin 1800",3,0,1,0,2,0,0,,"Avenida",,"CORONDA","San Jerónimo","Asfalto","No existe","XV","Dentro","Urbana","Ninguna","No existe","Recta","Bueno","Reducida","Nocturna","Buen Tiempo","Frontal","S/D","Colisión","S/D","Faltante","Ninguna","Sin restricción"
2015,6107,13/09/2015,"Domingo",0,12:00:00,,"0.0",2,"Moto/Ciclomotor,Taxi/Remis","Av Freyre Y La Esmeralda",2,1,0,0,1,0,0,,"Calle",,"SANTA FE","La Capital","S/D","S/D","I","S/D","Urbana","S/D","S/D","Intersección","S/D","S/D","Diurna","S/D","S/D","S/D","Colisión","S/D","S/D","S/D","S/D"
2015,6108,12/09/2015,"Sabado",0,12:45:00,,"0.0",2,"Moto/Ciclomotor,Automóvil","Alvear Y Pje Grilli",2,1,0,0,1,0,0,,"Calle",,"SANTA FE","La Capital","Hormigón","S/D","I","S/D","Urbana","S/D","S/D","Intersección","Bueno","S/D","Diurna","S/D","Lateral","S/D","Colisión","S/D","S/D","S/D","S/D"
2015,6109,15/09/2015,"Martes",0,10:30:00,,"0.0",2,"Moto/Ciclomotor,Pickup/Utilitario","Lavalle Y Sargento Cabral",2,1,0,0,1,0,0,,"Calle",,"SANTA FE","La Capital","Asfalto","S/D","I","Dentro","Urbana","S/D","S/D","Intersección","Bueno","S/D","Diurna","S/D","Lateral","S/D","Colisión","S/D","Vertical","S/D","S/D"
2015,6110,06/09/2015,"Domingo",0,23:10:00,"Ruta Provincial 64","0.0",2,"Pickup/Utilitario,Tren"," ",3,2,0,0,1,0,0,,"Ruta",64,"LÓPEZ","San Jerónimo","Asfalto","Natural","XV","S/D","Rural","Ninguna","S/D","Paso a Nivel FFCC","Bueno","Reducida","Nocturna","Buen Tiempo","Lateral","S/D","Colisión","S/D","Vertical","Ninguna","S/D"
2015,6111,07/09/2015,"Lunes",0,19:15:00,"Ruta Nacional 168","0.0",3,"Camión,Taxi/Remis,Automóvil","Ruta Nac 168 ",5,1,0,0,4,0,0,,"Ruta",168,"SANTA FE","La Capital","Asfalto","Pavimento","I","Dentro","Urbana","Ninguna","No existe","Recta","Bueno","Buena","Atardecer","Buen Tiempo","Múltiple","S/D","Colisión","Ninguna","Faltante","Línea divisoria pintada","Sin restricción"
2015,6112,10/09/2015,"Jueves",0,16:30:00,"Ruta Nacional 168","0.0",2,"Moto/Ciclomotor,Automóvil","J J Paso Y Zavalia",2,1,0,0,1,0,0,,"Ruta",168,"SANTA FE","La Capital","Asfalto","No existe","I","Dentro","Urbana","Ninguna","No existe","Rotonda","Bueno","Buena","Diurna","Buen Tiempo","De alcance","S/D","Colisión","Ninguna","Faltante","Ninguna","Sin restricción"
2015,6113,13/09/2015,"Domingo",0,21:30:00,,"0.0",2,"Moto/Ciclomotor,Pickup/Utilitario","San Lorenzo Y Junin",2,1,0,0,1,0,0,,"Calle",,"SANTA FE","La Capital","S/D","S/D","I","Dentro","Urbana","S/D","S/D","Intersección","S/D","S/D","Nocturna","S/D","S/D","S/D","Colisión","S/D","S/D","S/D","S/D"
2015,6114,14/09/2015,"Lunes",0,21:10:00,,"0.0",2,"Bicicleta,Pickup/Utilitario","J J Paso Y Av Urquiza",2,1,0,0,1,0,0,"-31.662350, -60.718194","Calle",,"SANTA FE","La Capital","Asfalto","No existe","I","Dentro","Urbana","Ninguna","No existe","Intersección","Bueno","Buena","Nocturna","Buen Tiempo","S/D","S/D","Atropello","Ninguna","Faltante","Ninguna","Sin restricción"
2015,6115,18/09/2015,"Viernes",0,19:50:00,,"0.0",2,"Automóvil,Moto/Ciclomotor","Zavalia Y J J Paso",2,1,0,0,1,0,0,,"Calle",,"SANTA FE","La Capital","Asfalto","No existe","I","Dentro","Urbana","Ninguna","No existe","Intersección","Con baches","Buena","Atardecer","Buen Tiempo","Lateral","S/D","Colisión","Ninguna","Faltante","Cordón divisorio","Sin restricción"
2015,6117,19/09/2015,"Sabado",0,15:15:00,,"0.0",2,"Bicicleta,Automóvil","San Lorenzo Y Pje Madeo",3,1,0,0,1,0,1,,"Calle",,"SANTA FE","La Capital","S/D","S/D","I","Dentro","Urbana","S/D","S/D","Intersección","S/D","S/D","Diurna","S/D","S/D","S/D","Atropello","S/D","S/D","S/D","S/D"
2015,6118,05/09/2015,"Sabado",0,09:45:00,,"0.0",2,"Pickup/Utilitario,Moto/Ciclomotor","Pte Juan D Peron ",4,0,1,0,3,0,0,,"Calle",,"TOSTADO","9 de Julio","Asfalto","Natural","XII","S/D","Urbana","Ninguna","No existe","Recta","Bueno","Buena","Diurna","Buen Tiempo","Otro","S/D","Colisión","Ninguna","Faltante","Ninguna","Sin restricción"
2015,6119,22/09/2015,"Martes",0,20:00:00,,"0.0",2,"Moto/Ciclomotor,Moto/Ciclomotor","Florentino Ameghino Y Ciudad de Esperanza",2,1,0,0,1,0,0,,"Calle",,"RAFAELA","Castellanos","Asfalto","No existe","V","S/D","Urbana","Ninguna","No existe","Intersección","Bueno","Buena","Nocturna","Viento Fuerte","Lateral","S/D","Colisión","Ninguna","Faltante","Barrera de hormigón","Accidente Previo"
2015,6120,09/09/2015,"Miercoles",0,14:10:00,,"0.0",2,"Automóvil,Moto/Ciclomotor","Avenida San Martin Y Balcarce",3,0,2,0,1,0,0,,"Avenida",,"TOSTADO","9 de Julio","Asfalto","Pavimento","XII","Dentro","Urbana","Ninguna","No existe","Intersección","Bueno","Buena","Diurna","Buen Tiempo","Lateral","S/D","Colisión","Ninguna","Faltante","Ninguna","Sin restricción"
2015,6121,22/09/2015,"Martes",0,08:55:00,,"0.0",2,"Moto/Ciclomotor,Pickup/Utilitario","Av Freyre 2100",2,1,0,0,1,0,0,,"Calle",,"SANTA FE","La Capital","S/D","S/D","I","Dentro","Urbana","S/D","S/D","Intersección","S/D","S/D","Diurna","S/D","S/D","S/D","Colisión","S/D","S/D","S/D","S/D"
2015,6122,22/09/2015,"Martes",0,13:00:00,,"0.0",2,"Moto/Ciclomotor,Automóvil","Saavedra Y Catamarca",2,1,0,0,1,0,0,,"Calle",,"SANTA FE","La Capital","S/D","S/D","I","Dentro","Urbana","S/D","S/D","Intersección","S/D","S/D","Diurna","S/D","S/D","S/D","Colisión","S/D","S/D","S/D","S/D"
2015,6123,19/09/2015,"Sabado",0,20:45:00,,"0.0",2,"Moto/Ciclomotor,Pickup/Utilitario","Av Gral Lopez Y Saavedra",3,0,1,0,2,0,0,,"Calle",,"SANTA FE","La Capital","Asfalto","No existe","I","Dentro","Urbana","Ninguna","No existe","Intersección","Bueno","Buena","Nocturna","Buen Tiempo","Lateral","S/D","Colisión","Ninguna","Faltante","Ninguna","Sin restricción"
2015,6124,25/09/2015,"Viernes",0,11:50:00,,"0.0",2,"Moto/Ciclomotor,Pickup/Utilitario","Lamadrid Y Primera Junta",2,1,0,0,1,0,0,,"Calle",,"SANTA FE","La Capital","S/D","S/D","I","Dentro","Urbana","S/D","S/D","Intersección","S/D","S/D","Diurna","S/D","S/D","S/D","Colisión","S/D","S/D","S/D","S/D"
2015,6125,20/09/2015,"Domingo",0,10:40:00,,"0.0",2,"Automóvil,Moto/Ciclomotor","Av Gral Lopez Y Saavedra",2,1,0,0,1,0,0,,"Avenida",,"SANTA FE","La Capital","Asfalto","No existe","I","Dentro","Urbana","Semáforo","Funciona","Intersección","Bueno","Buena","Diurna","Buen Tiempo","Lateral","S/D","Colisión","Ninguna","Faltante","Ninguna","Sin restricción"
2015,6126,11/09/2015,"Viernes",0,10:40:00,,"0.0",2,"Pickup/Utilitario,Moto/Ciclomotor","Avenida San Martin Y Santa Fe",2,1,0,0,1,0,0,,"Calle",,"TOSTADO","9 de Julio","Asfalto","No existe","XII","Dentro","Urbana","Ninguna","No existe","Intersección","Bueno","Buena","Diurna","Buen Tiempo","Lateral","S/D","Colisión","S/D","Faltante","Ninguna","Sin restricción"
2015,6127,20/09/2015,"Domingo",0,18:00:00,,"0.0",1,"Moto/Ciclomotor","Av Los Proceres ",2,0,1,0,1,0,0,,"Avenida",,"GREGORIA P. DE DENIS","9 de Julio","Asfalto","Natural","XII","Dentro","Urbana","Ninguna","No existe","Recta","Bueno","Buena","Diurna","Buen Tiempo","S/D","S/D","Caída ocupante","S/D","Faltante","Ninguna","Sin restricción"
2015,6128,11/09/2015,"Viernes",0,10:05:00,,"0.0",1,"Moto/Ciclomotor","Santa Fe ",1,1,0,0,0,0,0,,"Calle",,"VILLA MINETTI","9 de Julio","Ripio","Natural","XII","Dentro","Urbana","Ninguna","No existe","Recta","Bueno","Buena","Diurna","Buen Tiempo","S/D","S/D","Caída ocupante","S/D","Faltante","Ninguna","S/D"
2015,6129,19/09/2015,"Sabado",0,00:05:00,"Ruta Nacional 95","0.0",1,"Camión"," ",1,0,1,0,0,0,0,,"Ruta",95,"SAN BERNARDO","9 de Julio","Asfalto","Natural","XII","Dentro","Rural","Ninguna","No existe","Recta","Bueno","Buena","Nocturna","Buen Tiempo","S/D","S/D","Despiste","S/D","Faltante","Ninguna","Sin restricción"
2015,6130,06/08/2015,"Jueves",0,12:00:00,"Ruta Provincial 70","107.0",2,"Automóvil,Camión"," ",5,3,0,0,2,0,0,,"Ruta",70,"PUEBLO SAN ANTONIO","Castellanos","Asfalto","Natural","I","S/D","Rural","Ninguna","No existe","Recta","Deteriorada","Buena","Diurna","Buen Tiempo","Lateral","S/D","Colisión","Ninguna","Faltante","Ninguna","Sin restricción"
2015,6131,03/09/2015,"Jueves",0,14:40:00,"Autovía Nacional 19","118.0",2,"Bicicleta,Camión"," ",2,0,0,1,1,0,0,,"Autovía",19,"JOSEFINA","Castellanos","Hormigón","Pavimento","V","Dentro","Rural","Ninguna","No existe","Recta","Bueno","Buena","Diurna","Buen Tiempo","S/D","S/D","Atropello","Ninguna","Horizontal","Vegetación","Sin restricción"
2015,6132,13/09/2015,"Domingo",0,22:00:00,,"0.0",3,"Moto/Ciclomotor,Moto/Ciclomotor,Automóvil","Av L de la Torre-Ruta Nac 11 Y San Jeronimo",3,2,0,0,1,0,0,,"Calle",,"CORONDA","San Jerónimo","Asfalto","Ripio","XV","Dentro","Urbana","Ninguna","No existe","Recta","Bueno","Buena","Nocturna,Con luz artificial","Buen Tiempo","Lateral","S/D","Colisión","Otro","Faltante","Línea divisoria pintada","Sin restricción"
2015,6133,16/09/2015,"Miercoles",0,19:00:00,,"0.0",2,"Moto/Ciclomotor,Pickup/Utilitario","9 de Julio Y Garay",3,0,1,0,2,0,0,,"Calle",,"CORONDA","San Jerónimo","Asfalto","No existe","XV","S/D","Urbana","Ninguna","No existe","Intersección","Bueno","Buena","Atardecer","Buen Tiempo","Lateral","S/D","Colisión","S/D","Faltante","Ninguna","Sin restricción"
2015,6134,15/09/2015,"Martes",0,10:10:00,"Ruta Provincial 2","294.0",1,"Automóvil"," ",3,1,0,0,0,0,2,,"Ruta",2,"LOGROÑO","9 de Julio","Asfalto","Natural","XII","S/D","S/D","S/D","S/D","Recta","Con baches","Buena","Diurna","Buen Tiempo","S/D","S/D","Vuelco","Ninguna","Faltante","S/D","S/D"
2015,6135,24/09/2015,"Jueves",0,13:00:00,,"0.0",2,"Bicicleta,Moto/Ciclomotor","A Lincoln Y Bv Pte Roca",2,0,1,0,1,0,0,,"Avenida",,"RAFAELA","Castellanos","Asfalto","Pavimento","V","Dentro","Urbana","Ninguna","No existe","Intersección","Bueno","Buena","Diurna","Otro","S/D","S/D","Atropello","Ninguna","Horizontal","Cordón divisorio","Sin restricción"
2015,6136,21/09/2015,"Lunes",0,20:30:00,,"0.0",2,"Moto/Ciclomotor,Pickup/Utilitario","Bv H Irigoyen Y A Aguado",2,0,1,0,1,0,0,,"Avenida",,"RAFAELA","Castellanos","S/D","No existe","V","Dentro","Urbana","Ninguna","No existe","Intersección","Bueno","Buena","Nocturna","Otro","Lateral","S/D","Colisión","Ninguna","Faltante","Ninguna","Sin restricción"
2015,6137,21/09/2015,"Lunes",0,13:10:00,,"0.0",2,"Moto/Ciclomotor,Automóvil","Gobernador Crespo Y America",2,1,0,0,1,0,0,,"Calle",,"RAFAELA","Castellanos","Asfalto","No existe","V","Dentro","Urbana","Ninguna","No existe","Intersección","Bueno","Buena","Diurna","Otro","Lateral","S/D","Colisión","Ninguna","Faltante","Ninguna","Sin restricción"
2015,6138,20/09/2015,"Domingo",0,19:30:00,"Ruta Nacional 34","168.0",2,"Moto/Ciclomotor,Automóvil"," ",5,0,2,0,3,0,0,,"Ruta",34,"SAN VICENTE.","Castellanos","Hormigón","Ripio","V","Dentro","Rural","Ninguna","No existe","Recta","Bueno","Buena","Nocturna","Buen Tiempo","Lateral","S/D","Colisión","Ninguna","Horizontal","Línea divisoria pintada","Sin restricción"
2015,6139,20/08/2015,"Jueves",0,,,"0.0",2,"Moto/Ciclomotor,Pickup/Utilitario","J Buffa Y Domingo Silva",3,1,0,0,2,0,0,,"Calle",,"RAFAELA","Castellanos","Asfalto","No existe","V","S/D","Urbana","Ninguna","No existe","Intersección","Bueno","Buena","Diurna","Buen Tiempo","Lateral","S/D","Colisión","S/D","Faltante","Ninguna","Sin restricción"
2015,6140,19/08/2015,"Miercoles",0,17:00:00,,"0.0",2,"Moto/Ciclomotor,Peatón","Av Brasil Y B Geuna",2,0,2,0,0,0,0,,"S/D",,"RAFAELA","Castellanos","Asfalto","No existe","V","S/D","Urbana","Ninguna","No existe","Intersección","Bueno","Buena","Atardecer","Buen Tiempo","S/D","S/D","Atropello","Ninguna","Faltante","Ninguna","Sin restricción"
2015,6141,03/09/2015,"Jueves",0,11:50:00,,"0.0",2,"Moto/Ciclomotor,Automóvil","Viamonte Y Chacabuco",2,1,0,0,1,0,0,,"Calle",,"RAFAELA","Castellanos","Asfalto","No existe","V","S/D","Urbana","Ninguna","No existe","Intersección","Bueno","Buena","Diurna","Buen Tiempo","Lateral","S/D","Colisión","Ninguna","S/D","Cordón divisorio","Sin restricción"
2015,6142,26/08/2015,"Miercoles",0,06:40:00,,"0.0",2,"Moto/Ciclomotor,Pickup/Utilitario","J Operto Y Luis Maggi",4,2,0,0,2,0,0,,"Calle",,"RAFAELA","Castellanos","Asfalto","No existe","V","S/D","Urbana","Ninguna","No existe","Intersección","Bueno","Buena","Amanecer","Buen Tiempo","De alcance","S/D","Colisión","Ninguna","Horizontal","Ninguna","Sin restricción"
2015,6143,03/09/2015,"Jueves",0,22:30:00,,"0.0",2,"Moto/Ciclomotor,Otros","Simon Bolivar Y Magdalena de De Lorenzi",2,1,0,0,0,0,1,,"Calle",,"RAFAELA","Castellanos","Asfalto","S/D","V","S/D","Urbana","S/D","No existe","Intersección","Bueno","S/D","Diurna","Buen Tiempo","Lateral","S/D","Colisión","S/D","S/D","S/D","S/D"
2015,6144,20/09/2015,"Domingo",0,04:30:00,,"0.0",2,"Moto/Ciclomotor,Peatón","Av Los Alamos Y Los Ceibos",2,1,0,0,0,0,1,,"Calle",,"RAFAELA","Castellanos","Asfalto","No existe","V","Dentro","Urbana","Ninguna","No existe","Intersección","Bueno","Buena","Nocturna","Buen Tiempo","S/D","S/D","Atropello","S/D","Faltante","S/D","Sin restricción"
2015,6145,17/08/2015,"Lunes",0,23:30:00,,"0.0",2,"Moto/Ciclomotor,Pickup/Utilitario"," ",2,0,1,0,1,0,0,,"S/D",,"RAFAELA","Castellanos","Asfalto","S/D","V","S/D","Urbana","S/D","No existe","Intersección","Bueno","Buena","Nocturna","Buen Tiempo","S/D","S/D","Colisión","S/D","S/D","S/D","S/D"
2015,6146,10/08/2015,"Lunes",0,,,"0.0",2,"Moto/Ciclomotor,Moto/Ciclomotor","Nicasio Oro±o Y J Galvez",2,2,0,0,0,0,0,,"Calle",,"RAFAELA","Castellanos","Asfalto","No existe","V","S/D","Urbana","Ninguna","No existe","Intersección","Bueno","Buena","S/D","Buen Tiempo","Lateral","S/D","Colisión","Ninguna","Faltante","Ninguna","Sin restricción"
2015,6147,31/08/2015,"Lunes",0,05:15:00,"Ruta Nacional 19","86.5",1,"Automóvil"," ",2,1,0,0,1,0,0,,"Ruta",19,"COLONIA ITURRASPE","Castellanos","Tierra","Pavimento","V","Dentro","Urbana","Ninguna","S/D","Recta","Bueno","Reducida","Nocturna","Buen Tiempo","S/D","S/D","S/D","S/D","Horizontal","Vegetación","Sin restricción"
2015,6149,27/07/2015,"Lunes",0,12:30:00,,"0.0",2,"Bicicleta,Automóvil","Carlos Pellegrini Y 25 de Mayo",2,0,1,0,1,0,0,,"Calle",,"RAFAELA","Castellanos","S/D","S/D","V","S/D","Urbana","S/D","No existe","Intersección","Deteriorada","Buena","Diurna","Buen Tiempo","S/D","S/D","Atropello","S/D","S/D","S/D","S/D"
2015,6150,29/08/2015,"Sabado",0,,,"0.0",2,"Pickup/Utilitario,Peatón","J Galvez Y G Mainardi",2,1,0,0,1,0,0,,"Calle",,"RAFAELA","Castellanos","Asfalto","No existe","V","S/D","Urbana","Ninguna","No existe","Intersección","Bueno","Buena","S/D","Buen Tiempo","S/D","S/D","Atropello","Ninguna","Faltante","Ninguna","Sin restricción"
2015,6151,14/09/2015,"Lunes",0,09:00:00,,"0.0",2,"Bicicleta,Automóvil","Dorrego Y Las Heras",2,1,0,0,1,0,0,,"Calle",,"RAFAELA","Castellanos","Hormigón","No existe","V","Dentro","Urbana","Ninguna","No existe","Intersección","Bueno","Buena","Diurna","Buen Tiempo","Lateral","S/D","Atropello","Ninguna","Faltante","Ninguna","Accidente Previo"
2015,6152,26/09/2015,"Sabado",0,10:20:00,,"0.0",2,"Moto/Ciclomotor,Automóvil","Mariano Moreno Y Arenales",2,1,0,0,1,0,0,,"S/D",,"RAFAELA","Castellanos","S/D","S/D","V","S/D","Urbana","S/D","No existe","Intersección","Bueno","Buena","Nocturna","Buen Tiempo","Frontal","S/D","Colisión","S/D","S/D","S/D","S/D"
2015,6153,24/09/2015,"Jueves",0,12:00:00,,"0.0",2,"Automóvil,Moto/Ciclomotor","Bv Santa Fe Y Sargento Cabral",2,1,0,0,1,0,0,,"Calle",,"RAFAELA","Castellanos","Asfalto","Pavimento","V","S/D","Urbana","Ninguna","Funciona","Intersección","Bueno","Buena","Diurna","Lluvia","Lateral","S/D","Colisión","Ninguna","Faltante","Ninguna","Sin restricción"
2015,6154,06/08/2015,"Jueves",0,20:00:00,,"0.0",2,"Pickup/Utilitario,Moto/Ciclomotor","Tucuman Y Edison",2,0,1,0,1,0,0,,"Calle",,"RAFAELA","Castellanos","Asfalto","No existe","V","S/D","Urbana","Ninguna","No existe","Intersección","Bueno","Buena","Atardecer","Buen Tiempo","Lateral","S/D","Colisión","Ninguna","Faltante","Ninguna","Sin restricción"
2015,6155,26/09/2015,"Sabado",0,13:00:00,,"0.0",2,"Moto/Ciclomotor,Automóvil","Bv N Providenti Y Gobernador Crespo",2,0,1,0,1,0,0,,"Calle",,"RAFAELA","Castellanos","Asfalto","No existe","V","Dentro","Urbana","Ninguna","No existe","Intersección","Bueno","Buena","Diurna","Buen Tiempo","Frontal","S/D","Colisión","Ninguna","Faltante","Barrera de hormigón","Sin restricción"
2015,6156,24/07/2015,"Viernes",0,,,"0.0",2,"Automóvil,Moto/Ciclomotor","Gabriel Maggi Y J Buffa",2,1,0,0,1,0,0,,"Calle",,"RAFAELA","Castellanos","Asfalto","No existe","V","S/D","Urbana","Ninguna","No existe","Intersección","Bueno","Buena","S/D","Buen Tiempo","Lateral","S/D","Colisión","Ninguna","Faltante","Ninguna","Sin restricción"