"anio_acci","nro_acci","fecha","desc_dia","fecha_aprox","hora_aprox","desc_ruta","km","cant_participantes","desc_participante","calle_avenida_km","total","heridos_leves","heridos_graves","heridos_gravisimos","ilesos","fallecidos","sin_datos","posicion_XY","desc_tipo_via","desc_ruta_ori","desc_loc","desc_dpto","desc_tipo_calzada","desc_tipo_banquina","desc_unidad_regional","desc_lugar_calzada","desc_zona","desc_prioridad","desc_estado_semaforo","desc_lugar_via","desc_estado_via","desc_estado_visibilidad","desc_luminosidad","desc_estado_clima","desc_tipo_colision","desc_tipo_atropello","desc_tipo_hecho","desc_pres_calzada","desc_senializacion","desc_separacion_via","desc_restriccion"
2015,6157,30/08/2015,"Domingo",0,15:45:00,,"0.0",2,"Automóvil,Moto/Ciclomotor","J J Paso Y San Jose",3,1,0,0,2,0,0,,"S/D",,"SANTA FE","La Capital","Asfalto","No existe","I","Dentro","Urbana","Ninguna","No existe","Intersección","Bueno","Buena","Diurna","Buen Tiempo","Lateral","S/D","Colisión","Ninguna","Vertical","Cordón divisorio","Sin restricción"
2015,6158,25/09/2015,"Viernes",0,17:10:00,,"0.0",5,"Peatón,Pickup/Utilitario,Pickup/Utilitario,Pickup/Utilitario,Pickup/Utilitario","GALVEZ 200",5,1,0,0,2,0,2,,"Calle",,"SAN VICENTE.","Castellanos","Asfalto","S/D","V","Dentro","Urbana","Ninguna","No existe","Recta","Bueno","Buena","Diurna","Buen Tiempo","Múltiple","S/D","Colisión,Atropello","S/D","S/D","Cordón divisorio","Sin restricción"
2015,6159,16/04/2015,"Jueves",0,07:40:00,,"0.0",2,"Moto/Ciclomotor,Camión","Dante Alighieri Y Leandro N Alem",3,1,0,0,1,1,0,"-33.754722222222,-61.961527777778","Calle",,"VENADO TUERTO","General López","Hormigón","No existe","VIII","Dentro","Urbana","Ninguna","No existe","Intersección","Bueno","Buena","Diurna","Buen Tiempo","Lateral","S/D","Aplastamiento,Colisión","S/D","S/D","Ninguna","Sin restricción"
2015,6160,01/09/2015,"Martes",0,17:40:00,"Ruta Nacional 168","0.0",2,"Pickup/Utilitario,Moto/Ciclomotor","PUENTE CARRETERO ",3,2,0,0,1,0,0,,"Ruta",168,"SANTA FE","La Capital","Asfalto","Pavimento","I","Dentro","Urbana","Ninguna","No existe","Puente","Bueno","Buena","Diurna","Buen Tiempo","Lateral","S/D","Colisión","Ninguna","Horizontal","Línea divisoria pintada","Sin restricción"
2015,6161,17/09/2015,"Jueves",0,16:30:00,,"0.0",2,"Moto/Ciclomotor,Pickup/Utilitario","Jose Hernandez Y Leandro N Alem",2,1,0,0,1,0,0,,"Calle",,"SANTA CLARA DE SAGUIER","Castellanos","Hormigón","S/D","V","Dentro","Urbana","Ninguna","No existe","Intersección","Bueno","Buena","Diurna","Buen Tiempo","Lateral","S/D","Colisión","Ninguna","Faltante","Ninguna","Sin restricción"
2015,6162,03/09/2015,"Jueves",0,22:15:00,,"0.0",2,"Moto/Ciclomotor,Moto/Ciclomotor","Moreno Y Santiago de Chile",3,2,0,0,1,0,0,,"Calle",,"SANTA FE","La Capital","Asfalto","No existe","I","Dentro","Urbana","Ninguna","No existe","Intersección","Con baches","Buena","Nocturna","Buen Tiempo","De alcance","S/D","Colisión","Ninguna","Faltante","Ninguna","Sin restricción"
2015,6163,12/09/2015,"Sabado",0,05:50:00,,"0.0",2,"Moto/Ciclomotor,Pickup/Utilitario","25 de Mayo Y Colon",2,1,0,0,1,0,0,,"Calle",,"RAFAELA","Castellanos","S/D","S/D","V","Dentro","Urbana","S/D","S/D","Intersección","S/D","Buena","Nocturna","Buen Tiempo","S/D","S/D","S/D","S/D","S/D","S/D","S/D"
2015,6164,17/09/2015,"Jueves",0,15:00:00,,"0.0",2,"Automóvil,Pickup/Utilitario","Sargento Cabral Y 26 de Enero",2,1,0,0,1,0,0,,"Calle",,"RAFAELA","Castellanos","Asfalto","No existe","V","Dentro","Urbana","Ninguna","No existe","Intersección","Bueno","Buena","Diurna","Buen Tiempo","Lateral","S/D","Colisión","S/D","Faltante","Ninguna","Sin restricción"
2015,6165,28/08/2015,"Viernes",0,11:00:00,,"0.0",2,"Moto/Ciclomotor,Moto/Ciclomotor","Estanislao Zeballos Y Las Heras",3,1,0,0,2,0,0,,"Calle",,"RAFAELA","Castellanos","Asfalto","No existe","V","Dentro","Urbana","Ninguna","No existe","Intersección","Bueno","Buena","Diurna","Buen Tiempo","Lateral","S/D","Colisión","S/D","Faltante","Ninguna","Sin restricción"
2015,6166,16/04/2015,"Jueves",0,21:30:00,,"0.0",2,"Moto/Ciclomotor,Moto/Ciclomotor","Pje Ingenieros Y Boneo",3,0,0,0,2,1,0,"-31.603583333333,-60.698722222222","Calle",,"SANTA FE","La Capital","Asfalto","No existe","I","Dentro","Urbana","Ninguna","No existe","Intersección","Con baches","Buena","Nocturna,Con luz artificial","Buen Tiempo","Lateral","S/D","Caída ocupante,Colisión","Ninguna","Faltante","Ninguna","Sin restricción"
2015,6167,18/09/2015,"Viernes",0,07:40:00,,"0.0",2,"Automóvil,Moto/Ciclomotor","Luis Pasteur Y Dante Alighieri",2,0,1,0,1,0,0,,"Calle",,"RAFAELA","Castellanos","Asfalto","No existe","V","Dentro","Urbana","Ninguna","No existe","Intersección","Bueno","Buena","Diurna","Buen Tiempo","Lateral","S/D","Colisión","S/D","Faltante","Ninguna","Sin restricción"
2015,6168,18/09/2015,"Viernes",0,13:40:00,"Ruta Nacional 34","0.0",2,"Moto/Ciclomotor,Peatón","Ruta Nac 34 Gral Guemes Y Domingo Silva",2,0,1,0,1,0,0,,"Ruta",34,"RAFAELA","Castellanos","Asfalto","Pavimento","V","Dentro","Urbana","Ninguna","Funciona","Intersección","Bueno","Buena","Diurna","Buen Tiempo","S/D","S/D","Atropello","S/D","Horizontal","Ninguna","Sin restricción"
2015,6169,06/09/2015,"Domingo",0,21:30:00,,"0.0",2,"Bicicleta,Automóvil","Ciudad de Casilda Y Buenos Aires",2,1,0,0,1,0,0,,"Calle",,"RAFAELA","Castellanos","Asfalto","No existe","V","Dentro","Urbana","Ninguna","No existe","Intersección","Bueno","Buena","Nocturna","Buen Tiempo","Lateral","S/D","Atropello","S/D","Faltante","Ninguna","Sin restricción"
2015,6170,07/09/2015,"Lunes",0,19:45:00,,"0.0",2,"Moto/Ciclomotor,Automóvil","Gobernador Crespo Y M Aragon",2,1,0,0,1,0,0,,"Calle",,"RAFAELA","Castellanos","Asfalto","No existe","V","Dentro","Urbana","Ninguna","No existe","Intersección","Bueno","Buena","Atardecer","Buen Tiempo","Lateral","S/D","Colisión","S/D","Faltante","Ninguna","Sin restricción"
2015,6171,16/04/2015,"Jueves",0,10:30:00,,"0.0",2,"Moto/Ciclomotor,Camión","Gorostiaga Y Av Circunvalación",2,0,0,0,1,1,0,"-31.606675, -60.725718","Calle",,"SANTA FE","La Capital","Asfalto","Natural","I","S/D","Urbana","S/D","No existe","Rotonda","S/D","Buena","Diurna","Buen Tiempo","S/D","S/D","Colisión","S/D","S/D","S/D","Sin restricción"
2015,6172,17/04/2015,"Viernes",0,15:15:00,"Ruta Provincial 13","111.8",2,"Pickup/Utilitario,Pickup/Utilitario"," ",2,0,1,0,0,1,0,"-31.545103, -61.733971","Ruta",13,"EUSTOLIA","Castellanos","Asfalto","Natural","V","Dentro","Rural","Ninguna","No existe","Recta","Bueno","Buena","Diurna","Buen Tiempo","Frontal","S/D","Colisión","Ninguna","Horizontal","Línea divisoria pintada","Sin restricción"
2015,6173,17/04/2015,"Viernes",0,20:15:00,,"0.0",2,"Moto/Ciclomotor,Pickup/Utilitario","Av Independencia 74",2,0,0,0,1,1,0,"-30.945431, -61.562589","Avenida",,"SUNCHALES","Castellanos","Hormigón","No existe","V","Dentro","Urbana","Otra Señal","Funciona","Recta","Bueno","Buena","Atardecer,Con luz artificial","Buen Tiempo","Lateral","S/D","Colisión","Ninguna","Vertical","Línea divisoria pintada","Sin restricción"
2015,6174,16/09/2015,"Miercoles",0,18:00:00,,"0.0",2,"Automóvil,Automóvil","M Aragon Y Gobernador Crespo",3,1,0,0,2,0,0,,"Calle",,"RAFAELA","Castellanos","Asfalto","No existe","V","Dentro","Urbana","Ninguna","No existe","Intersección","Bueno","Buena","Nocturna","Buen Tiempo","S/D","S/D","Colisión","S/D","Horizontal","Ninguna","Sin restricción"
2015,6175,18/09/2015,"Viernes",0,,,"0.0",2,"Moto/Ciclomotor,Automóvil","Gobernador Crespo 547",2,1,0,0,1,0,0,,"Calle",,"RAFAELA","Castellanos","Asfalto","S/D","V","Dentro","Urbana","Ninguna","No existe","Recta","Bueno","Buena","Diurna","Buen Tiempo","S/D","S/D","Colisión","S/D","S/D","Ninguna","Sin restricción"
2015,6176,19/09/2015,"Sabado",0,10:00:00,,"0.0",2,"Peatón,Transporte de Pasajeros Urbano (> 8 asientos)","Av Gral Bartolome Mitre Y General Paz",2,0,1,0,1,0,0,,"Calle",,"RAFAELA","Castellanos","Asfalto","No existe","V","Dentro","Urbana","Ninguna","No existe","Intersección","Bueno","Buena","Diurna","Buen Tiempo","S/D","S/D","Atropello","S/D","Faltante","Ninguna","Sin restricción"
2015,6177,18/04/2015,"Sabado",0,06:00:00,,"0.0",2,"Moto/Ciclomotor,Camión","Av Aristobulo del Valle Y Salta",6,0,3,0,2,1,0,"-31.258638888889,-61.485444444444","Avenida",,"RAFAELA","Castellanos","Hormigón","No existe","V","Dentro","Urbana","S/D","No existe","Intersección","Bueno","Buena","Amanecer","Buen Tiempo","Lateral","S/D","Colisión","Ninguna","Faltante","Cordón divisorio,Vegetación,S/D","Sin restricción"
2015,6178,08/09/2015,"Martes",0,13:30:00,,"0.0",2,"Pickup/Utilitario,Moto/Ciclomotor","Gaboto Y Belgrano",2,1,0,0,1,0,0,,"Calle",,"RAFAELA","Castellanos","Hormigón","No existe","V","S/D","Urbana","Ninguna","No existe","Intersección","Bueno","Buena","Diurna","Buen Tiempo","Lateral","S/D","Colisión","Ninguna","S/D","Ninguna","Sin restricción"
2015,6179,10/09/2015,"Jueves",0,14:30:00,"Ruta Provincial 70","0.0",2,"Moto/Ciclomotor,Moto/Ciclomotor","Bv Santa Fe Y B Anduiza",3,2,1,0,0,0,0,,"Ruta",70,"RAFAELA","Castellanos","Hormigón","No existe","V","S/D","Urbana","Semáforo","Funciona","Intersección","Bueno","Buena","Diurna","Buen Tiempo","Lateral","S/D","Colisión","Ninguna","Vertical","Ninguna","Sin restricción"
2015,6180,13/09/2015,"Domingo",0,18:30:00,,"0.0",2,"Moto/Ciclomotor,Moto/Ciclomotor","R Casabella Y Juan B Justo",4,2,0,0,2,0,0,,"Calle",,"RAFAELA","Castellanos","Hormigón","Pavimento","V","Dentro","Urbana","Ninguna","No existe","Intersección","Bueno","Buena","Atardecer","Buen Tiempo","Frontal","S/D","Colisión","Ninguna","S/D","Ninguna","Sin restricción"
2015,6181,04/09/2015,"Viernes",0,10:30:00,,"0.0",2,"Pickup/Utilitario,Automóvil","PUENTE CARRETERO ",3,1,0,0,2,0,0,,"Calle",,"SANTA FE","La Capital","Asfalto","Pavimento","I","Dentro","Urbana","Ninguna","No existe","Recta","Bueno","Buena","Diurna","Buen Tiempo","De alcance","S/D","Colisión","S/D","Faltante","Línea divisoria pintada","Sin restricción"
2015,6182,08/08/2015,"Sabado",0,20:45:00,"Ruta Secundaria 20-s","1.5",2,"Transporte de Pasajeros Urbano (> 8 asientos),Pickup/Utilitario"," ",3,0,0,1,2,0,0,,"Ruta","20-s","PIÑERO","Rosario","Asfalto","No existe","II","Dentro","Rural","Ninguna","No existe","Recta","Bueno","Reducida","Nocturna","S/D","Lateral","S/D","Colisión","Ninguna","Faltante","Línea divisoria pintada","Sin restricción"
2015,6183,04/09/2015,"Viernes",0,,,"0.0",2,"Bicicleta,Automóvil","Bv Pte Roca Y Peru",2,1,0,0,1,0,0,,"Avenida",,"RAFAELA","Castellanos","Hormigón","No existe","V","Dentro","Urbana","Policía de tránsito","No existe","Intersección","Bueno","Buena","Diurna","Buen Tiempo","S/D","S/D","Atropello","S/D","Horizontal","S/D","Accidente Previo"
2015,6184,11/09/2015,"Viernes",0,20:30:00,,"0.0",2,"Automóvil,Automóvil","Av Freyre Y Obispo Gelabert",5,1,0,0,4,0,0,,"Calle",,"SANTA FE","La Capital","Asfalto","S/D","I","Dentro","Urbana","S/D","S/D","Intersección","S/D","S/D","Diurna","S/D","S/D","S/D","Colisión","S/D","S/D","S/D","S/D"
2015,6185,01/08/2015,"Sabado",0,01:30:00,,"0.0",2,"Moto/Ciclomotor,Automóvil","Viamonte Y Liniers",2,1,0,0,1,0,0,,"Calle",,"ROSARIO","Rosario","Asfalto","No existe","II","Dentro","Urbana","S/D","No existe","Intersección","Bueno","Buena","Nocturna","Buen Tiempo","Lateral","S/D","Colisión","S/D","S/D","S/D","Sin restricción"
2015,6186,19/09/2015,"Sabado",0,00:40:00,,"0.0",2,"Moto/Ciclomotor,Automóvil","500 Millas Argentinas Y Mensajero Donna",2,0,1,0,1,0,0,,"Calle",,"RAFAELA","Castellanos","Tierra","No existe","V","Dentro","Urbana","Ninguna","No existe","Intersección","Con baches","Reducida","Nocturna","Buen Tiempo","Lateral","S/D","Colisión","S/D","Faltante","Ninguna","Sin restricción"
2015,6187,26/07/2015,"Domingo",0,18:10:00,,"0.0",3,"Automóvil,Automóvil,Automóvil"," ",3,1,0,0,2,0,0,,"Avenida",,"FUNES","Rosario","Asfalto","Ripio","II","S/D","Urbana","Ninguna","S/D","Recta","Bueno","S/D","Diurna","Buen Tiempo","De alcance","S/D","Colisión","S/D","Horizontal","Ninguna","Sin restricción"
2015,6188,26/09/2015,"Sabado",0,20:20:00,,"0.0",2,"Automóvil,Moto/Ciclomotor","Fco Angeloni Y B de Tucuman",6,2,0,0,4,0,0,,"Calle",,"SAN JUSTO","San Justo","Asfalto","S/D","XVI","Dentro","Urbana","Ninguna","No existe","Intersección","Bueno","Buena","Nocturna,Con luz artificial","Buen Tiempo","De alcance","S/D","Colisión","S/D","S/D","Ninguna","Sin restricción"
2015,6189,03/07/2015,"Viernes",0,17:30:00,,"0.0",2,"Automóvil,Peatón","Gral Paz Y Moreno",2,1,0,0,1,0,0,,"S/D",,"FUNES","Rosario","Asfalto","No existe","II","S/D","Urbana","Ninguna","No existe","Recta","Bueno","Buena","Diurna","Buen Tiempo","S/D","S/D","Atropello","S/D","S/D","Ninguna","Sin restricción"
2015,6190,18/04/2015,"Sabado",0,06:30:00,"Ruta Nacional 34","151.0",2,"Automóvil,Camión"," ",7,0,1,0,1,5,0,"-31.855845, -61.584003","Ruta",34,"SAN MARTIN DE LAS ESCOBAS","San Martín","Asfalto","Ripio","XVIII","Dentro","Urbana","Otra Señal","No existe","Recta","Bueno","S/D","Amanecer","Buen Tiempo","Frontal","S/D","Colisión","Ninguna","Horizontal,Vertical","Línea divisoria pintada","Sin restricción"
2015,6191,21/08/2015,"Viernes",0,21:00:00,,"0.0",2,"Moto/Ciclomotor,Automóvil","Bv Santa Fe Y Ayacucho",2,0,1,0,1,0,0,,"Calle",,"RAFAELA","Castellanos","Asfalto","Pavimento","V","Dentro","Urbana","Ninguna","No existe","Intersección","Bueno","Buena","Nocturna","Buen Tiempo","Lateral","S/D","Colisión","S/D","Faltante","Ninguna","Sin restricción"
2015,6192,02/09/2015,"Miercoles",0,13:45:00,"Ruta Provincial 70","84.5",1,"Moto/Ciclomotor","Ruta Prov 70 ",2,1,1,0,0,0,0,,"Ruta",70,"RAFAELA","Castellanos","Asfalto","Pavimento","V","Dentro","Rural","Ninguna","No existe","Recta","Bueno","Buena","Diurna","Buen Tiempo","Atropello animal","S/D","Colisión","Ninguna","Faltante","Ninguna","Sin restricción"
2015,6193,05/07/2015,"Domingo",0,17:00:00,,"0.0",3,"Automóvil,Automóvil,Automóvil"," ",3,1,0,0,2,0,0,,"Calle",,"FUNES","Rosario","Asfalto","No existe","II","S/D","Urbana","Ninguna","No existe","Intersección","Bueno","Buena","Diurna","Buen Tiempo","Múltiple","S/D","Colisión","S/D","S/D","Ninguna","Sin restricción"
2015,6194,01/08/2015,"Sabado",0,12:15:00,,"0.0",2,"Moto/Ciclomotor,Automóvil","Montevideo Y Larrea",2,1,0,0,1,0,0,,"Calle",,"ROSARIO","Rosario","Asfalto","No existe","II","Dentro","Urbana","S/D","No existe","Intersección","Bueno","Buena","Diurna","Buen Tiempo","Lateral","S/D","Colisión","S/D","S/D","S/D","Sin restricción"
2015,6195,12/08/2015,"Miercoles",0,21:00:00,,"0.0",2,"Moto/Ciclomotor,Automóvil","Bv H Irigoyen Y Fdo Fader",2,0,1,0,1,0,0,,"Calle",,"RAFAELA","Castellanos","Asfalto","No existe","V","Dentro","Urbana","Ninguna","No existe","Intersección","Bueno","Buena","Nocturna","Buen Tiempo","Lateral","S/D","Colisión","S/D","Faltante","Ninguna","Sin restricción"
2015,6196,05/08/2015,"Miercoles",0,19:10:00,,"0.0",2,"Moto/Ciclomotor,Automóvil","Mendoza Y Guatemala",2,1,0,0,1,0,0,,"Calle",,"ROSARIO","Rosario","Asfalto","No existe","II","Dentro","Urbana","S/D","No existe","Intersección","Bueno","Buena","Atardecer","Buen Tiempo","Lateral","S/D","Colisión","S/D","S/D","S/D","Sin restricción"
2015,6197,07/07/2015,"Martes",0,,,"0.0",1,"Moto/Ciclomotor","INDEPENDENCIA  Y GRAL PAZ",2,2,0,0,0,0,0,,"Calle",,"FUNES","Rosario","Asfalto","No existe","II","S/D","Urbana","Ninguna","No existe","Recta","Bueno","Buena","Nocturna","Buen Tiempo","S/D","S/D","Despiste","S/D","Faltante","Ninguna","Sin restricción"
2015,6198,06/08/2015,"Jueves",0,02:35:00,,"0.0",2,"Automóvil,Automóvil","Av. Pellegrini Y Campbell",2,1,0,0,1,0,0,,"Calle",,"ROSARIO","Rosario","Asfalto","No existe","II","Dentro","Urbana","S/D","No existe","Intersección","Bueno","Buena","Nocturna","Buen Tiempo","Lateral","S/D","Colisión","S/D","S/D","S/D","Sin restricción"
2015,6199,06/08/2015,"Jueves",0,09:30:00,,"0.0",2,"Moto/Ciclomotor,Automóvil","Santa Fe Y Peru",2,1,0,0,1,0,0,,"Calle",,"ROSARIO","Rosario","Asfalto","No existe","II","Dentro","Urbana","S/D","No existe","Intersección","Bueno","Buena","Diurna","Buen Tiempo","Lateral","S/D","Colisión","S/D","S/D","S/D","Sin restricción"
2015,6200,07/08/2015,"Viernes",0,15:30:00,,"0.0",2,"Moto/Ciclomotor,Automóvil","Cullen Y Cochabamba",2,1,0,0,1,0,0,,"Calle",,"ROSARIO","Rosario","Asfalto","No existe","II","Dentro","Urbana","S/D","No existe","Intersección","Bueno","Buena","Diurna","Buen Tiempo","Lateral","S/D","Colisión","S/D","S/D","S/D","Sin restricción"
2015,6201,18/04/2015,"Sabado",0,10:30:00,"Ruta Provincial 40","0.0",2,"Moto/Ciclomotor,Camión","Bv Peron 1700",2,0,0,0,1,1,0,"-29.154583333333,-59.658944444444","Ruta",40,"RECONQUISTA","General Obligado","Asfalto","No existe","IX","Dentro","Urbana","Otra Señal","S/D","Intersección","Bueno","Buena","Diurna","Buen Tiempo","Lateral","S/D","Colisión","S/D","S/D","Cordón divisorio,Vegetación","Sin restricción"
2015,6202,01/09/2015,"Martes",0,18:30:00,,"0.0",2,"Moto/Ciclomotor,Moto/Ciclomotor","CATAMARCA Y JB JUSTO",2,2,0,0,0,0,0,,"Calle",,"SAN VICENTE.","Castellanos","Asfalto","No existe","V","Dentro","Urbana","Ninguna","No existe","Intersección","Bueno","Buena","Atardecer","Buen Tiempo","Lateral","S/D","Colisión","S/D","Faltante","Ninguna","Sin restricción"
2015,6203,31/08/2015,"Lunes",0,07:15:00,,"0.0",2,"Moto/Ciclomotor,Automóvil","Bernardo de Irigoyen Y Rosario",2,1,0,0,1,0,0,,"Calle",,"RAFAELA","Castellanos","Asfalto","S/D","V","Dentro","Urbana","S/D","S/D","Intersección","Bueno","Buena","Diurna","Buen Tiempo","S/D","S/D","S/D","S/D","S/D","S/D","Sin restricción"
2015,6204,19/04/2015,"Domingo",0,09:45:00,"Ruta Provincial 15","0.0",1,"Pickup/Utilitario","RP 15, 30km al sur ",3,2,0,0,0,1,0,"-33.004734, -61.783463","Ruta",15,"ARMSTRONG","Belgrano","Asfalto","Natural","III","Dentro","Rural","Ninguna","No existe","Recta","Con baches","S/D","Diurna","Buen Tiempo","S/D","S/D","Vuelco","Ninguna","Faltante","Ninguna","Sin restricción"
2015,6205,19/04/2015,"Domingo",0,21:45:00,,"0.0",2,"Moto/Ciclomotor,Moto/Ciclomotor","Sarmiento Y Tucuman",2,1,0,0,0,1,0,"-32.479111111111,-61.576944444444","Calle",,"LAS ROSAS","Belgrano","Hormigón","Ripio","III","Dentro","Urbana","Ninguna","No existe","Intersección","Bueno","Reducida","Nocturna,Con luz artificial","Buen Tiempo","Lateral","S/D","Colisión","Ninguna","Vertical","Ninguna","Sin restricción"
2015,6206,19/04/2015,"Domingo",0,23:45:00,"Ruta Nacional 11","477.5",2,"Moto/Ciclomotor,Camión"," ",3,1,0,0,1,1,0,"-31.557402, -60.728681","Ruta",11,"RECREO","La Capital","Asfalto","Ripio","I","Dentro","Urbana","Ninguna","No existe","Recta","Bueno","Buena","Nocturna,Con luz artificial","Buen Tiempo","Lateral","S/D","Colisión","Ninguna","Horizontal","Línea divisoria pintada","Sin restricción"
2015,6207,05/09/2015,"Sabado",0,12:15:00,,"0.0",2,"Automóvil,Moto/Ciclomotor","M Oliber Y Av Luis Fanti",4,3,0,0,1,0,0,,"Calle",,"RAFAELA","Castellanos","Asfalto","No existe","V","Dentro","Urbana","Ninguna","No existe","Intersección","Bueno","Buena","Diurna","Buen Tiempo","Frontal","S/D","Colisión","S/D","Faltante","Ninguna","Sin restricción"
2015,6208,03/08/2015,"Lunes",0,19:45:00,,"0.0",2,"Moto/Ciclomotor,Peatón","Alfonsina Storni 152",2,0,0,0,0,0,2,,"Calle",,"MARIA JUANA","Castellanos","Asfalto","No existe","V","Dentro","Urbana","Ninguna","No existe","Recta","Bueno","Buena","Atardecer","Buen Tiempo","Otro","S/D","Atropello","S/D","S/D","Línea divisoria pintada","Sin restricción"
2015,6209,13/07/2015,"Lunes",0,18:00:00,,"0.0",2,"Automóvil,Bicicleta","Irigoyen Y Sarmiento",2,1,0,0,1,0,0,,"Calle",,"FUNES","Rosario","Asfalto","No existe","II","Dentro","Urbana","Ninguna","No existe","Recta","Bueno","Buena","Diurna","Buen Tiempo","De alcance","S/D","Atropello","S/D","Faltante","Ninguna","Sin restricción"
2015,6210,10/07/2015,"Viernes",0,11:00:00,"Ruta Nacional 9","0.0",2,"Pickup/Utilitario,Automóvil","Alberdi ",4,1,0,0,3,0,0,,"Ruta",9,"FUNES","Rosario","Asfalto","S/D","II","Dentro","Urbana","Ninguna","No existe","Intersección","Bueno","Buena","Diurna","Buen Tiempo","Lateral","S/D","Colisión","S/D","Faltante","Ninguna","Sin restricción"
2015,6211,20/07/2015,"Lunes",0,17:30:00,"Ruta Nacional 9","0.0",2,"Pickup/Utilitario,Moto/Ciclomotor","Mburucuya ",2,1,0,0,1,0,0,,"Ruta",9,"FUNES","Rosario","Asfalto","Ripio","II","Dentro","Urbana","Ninguna","S/D","Recta","Bueno","Buena","Diurna","Buen Tiempo","De alcance","S/D","Colisión","S/D","Horizontal","Ninguna","Sin restricción"
2015,6212,24/07/2015,"Viernes",0,18:30:00,"Ruta Nacional 9","0.0",2,"Automóvil,Moto/Ciclomotor","Catamarca ",2,1,0,0,1,0,0,,"Ruta",9,"FUNES","Rosario","Asfalto","Natural","II","Dentro","Urbana","Ninguna","S/D","Recta","Bueno","Buena","Atardecer","Buen Tiempo","Lateral","S/D","Colisión","S/D","S/D","Ninguna","Sin restricción"
2015,6213,17/09/2015,"Jueves",0,13:45:00,"Ruta Nacional 34","205.0",2,"Automóvil,Pickup/Utilitario","Ruta Nac 34 Gral Guemes 205",5,4,1,0,0,0,0,,"Ruta",34,"RAFAELA","Castellanos","Asfalto","Natural","V","Dentro","Rural","Ninguna","No existe","Recta","Bueno","Buena","Diurna","Buen Tiempo","Lateral","S/D","Colisión","Ninguna","Faltante","Línea divisoria pintada","Sin restricción"
2015,6214,08/08/2015,"Sabado",0,19:30:00,,"0.0",2,"Moto/Ciclomotor,Automóvil","Marcos Paz Y Colombia",2,1,0,0,1,0,0,,"S/D",,"ROSARIO","Rosario","Asfalto","Ripio","II","S/D","S/D","Ninguna","No existe","Intersección","Bueno","Buena","Diurna","Buen Tiempo","Lateral","S/D","Colisión","Otro","S/D","Ninguna","S/D"
2015,6215,11/09/2015,"Viernes",0,16:00:00,,"0.0",2,"Automóvil,Moto/Ciclomotor"," ",2,0,1,0,1,0,0,,"Calle",,"RAFAELA","Castellanos","Hormigón","No existe","V","Dentro","Urbana","Ninguna","No existe","Intersección","Bueno","Buena","Diurna","Buen Tiempo","Lateral","S/D","Colisión","Ninguna","Faltante","Ninguna","Sin restricción"
2015,6216,09/08/2015,"Domingo",0,08:30:00,,"0.0",2,"Moto/Ciclomotor,Automóvil","Mendoza Y Guatemala",2,1,0,0,1,0,0,,"Calle",,"ROSARIO","Rosario","Asfalto","No existe","II","Dentro","Urbana","Ninguna","S/D","Intersección","Bueno","Buena","Diurna","Buen Tiempo","Lateral","S/D","Colisión","S/D","S/D","S/D","Sin restricción"
2015,6217,14/09/2015,"Lunes",0,10:00:00,,"0.0",2,"Automóvil,Moto/Ciclomotor","J M Estrada Y B Anduiza",2,1,1,0,0,0,0,,"Calle",,"RAFAELA","Castellanos","Asfalto","No existe","V","Dentro","Urbana","Ninguna","No existe","Intersección","Bueno","Buena","Diurna","Buen Tiempo","Lateral","S/D","Colisión","Agua","Faltante","Ninguna","Sin restricción"
2015,6218,30/08/2015,"Domingo",0,15:30:00,,"0.0",2,"Moto/Ciclomotor,Automóvil","San Martin 349",3,1,0,0,2,0,0,,"Avenida",,"CORONEL FRAGA","Castellanos","Asfalto","Ripio","V","S/D","Urbana","Ninguna","No existe","Recta","Con baches","Buena","Diurna","Buen Tiempo","Lateral","S/D","Colisión","Ninguna","Faltante","Ninguna","Sin restricción"
2015,6219,13/08/2015,"Jueves",0,00:20:00,,"0.0",2,"Taxi/Remis,Vehículo Oficial","Av. Pellegrini Y Av. Pellegrini",2,1,0,0,1,0,0,,"Calle",,"ROSARIO","Rosario","Asfalto","No existe","II","Dentro","Urbana","Ninguna","No existe","Intersección","Bueno","Buena","Diurna","Buen Tiempo","Lateral","S/D","Colisión","Otro","S/D","Ninguna","Sin restricción"
2015,6220,18/08/2015,"Martes",0,09:00:00,,"0.0",2,"Peatón,Taxi/Remis","Av. Provincias Unidas Y Viamonte",2,1,0,0,1,0,0,,"Calle",,"ROSARIO","Rosario","Asfalto","No existe","II","Dentro","Urbana","Ninguna","No existe","Intersección","Bueno","Reducida","Diurna","Buen Tiempo","S/D","S/D","Atropello","Otro","S/D","Ninguna","Sin restricción"
2015,6221,19/08/2015,"Miercoles",0,14:00:00,,"0.0",2,"Peatón,Moto/Ciclomotor","Tte.Agneta Y Av. Pellegrini",2,1,0,0,1,0,0,,"Calle",,"ROSARIO","Rosario","Asfalto","No existe","II","S/D","Urbana","Ninguna","No existe","Intersección","Bueno","Buena","Diurna","Buen Tiempo","S/D","S/D","Atropello","S/D","Faltante","Ninguna","Sin restricción"