"anio_acci","nro_acci","fecha","desc_dia","fecha_aprox","hora_aprox","desc_ruta","km","cant_participantes","desc_participante","calle_avenida_km","total","heridos_leves","heridos_graves","heridos_gravisimos","ilesos","fallecidos","sin_datos","posicion_XY","desc_tipo_via","desc_ruta_ori","desc_loc","desc_dpto","desc_tipo_calzada","desc_tipo_banquina","desc_unidad_regional","desc_lugar_calzada","desc_zona","desc_prioridad","desc_estado_semaforo","desc_lugar_via","desc_estado_via","desc_estado_visibilidad","desc_luminosidad","desc_estado_clima","desc_tipo_colision","desc_tipo_atropello","desc_tipo_hecho","desc_pres_calzada","desc_senializacion","desc_separacion_via","desc_restriccion"
2015,6222,19/08/2015,"Miercoles",0,17:00:00,,"0.0",2,"Moto/Ciclomotor,Automóvil","P.L.Funes ",2,2,0,0,0,0,0,,"S/D",,"ROSARIO","Rosario","Asfalto","No existe","II","S/D","S/D","Ninguna","No existe","Intersección","Bueno","Buena","Diurna","Buen Tiempo","Lateral","S/D","Colisión","Otro","S/D","S/D","Sin restricción"
2015,6223,21/04/2015,"Martes",0,20:15:00,,"0.0",2,"Moto/Ciclomotor,Automóvil","Av. Eva Peron Y Barra",2,2,0,0,0,0,0,,"Calle",,"ROSARIO","Rosario","Asfalto","S/D","II","Dentro","Urbana","Ninguna","No existe","Intersección","Bueno","Buena","Diurna","Buen Tiempo","Lateral","S/D","Colisión","S/D","S/D","Ninguna","Sin restricción"
2015,6224,22/08/2015,"Sabado",0,21:00:00,,"0.0",2,"Bicicleta,Pickup/Utilitario","Ituzaingo Y Matienzo",2,1,0,0,0,0,1,,"Calle",,"ROSARIO","Rosario","Asfalto","Pavimento","II","Dentro","Urbana","Ninguna","No existe","Intersección","Bueno","Buena","Diurna","Buen Tiempo","S/D","S/D","Atropello","Otro","S/D","Ninguna","Sin restricción"
2015,6225,29/08/2015,"Sabado",0,14:00:00,,"0.0",2,"Automóvil,Automóvil","Buenos Aires Y La Paz",3,1,0,0,2,0,0,,"Calle",,"ROSARIO","Rosario","Asfalto","No existe","II","Dentro","Urbana","Señal Pare","No existe","Intersección","Bueno","Buena","Diurna","Buen Tiempo","Lateral","S/D","Colisión","S/D","Vertical","Ninguna","Sin restricción"
2015,6226,19/08/2015,"Miercoles",0,00:45:00,,"0.0",2,"Moto/Ciclomotor,Pickup/Utilitario","Bv. 27 De Febrero Y L.N.Alem",3,2,0,0,1,0,0,,"Avenida",,"ROSARIO","Rosario","Asfalto","No existe","II","Dentro","Urbana","Ninguna","No existe","Intersección","Bueno","Buena","Nocturna,Con luz artificial","Buen Tiempo","Lateral","S/D","Colisión","Ninguna","S/D","Ninguna","Sin restricción"
2015,6227,26/08/2015,"Miercoles",0,17:15:00,,"0.0",2,"Bicicleta,Automóvil","Pasco Y Ayacucho",2,1,0,0,1,0,0,,"Calle",,"ROSARIO","Rosario","S/D","No existe","II","Dentro","Urbana","Ninguna","No existe","Intersección","Bueno","Buena","Atardecer","Buen Tiempo","S/D","S/D","Atropello","Ninguna","S/D","Ninguna","Sin restricción"
2015,6228,24/08/2015,"Lunes",0,16:40:00,,"0.0",2,"Moto/Ciclomotor,Automóvil","Cerrito Y Necochea",2,1,0,0,1,0,0,,"Calle",,"ROSARIO","Rosario","Asfalto","No existe","II","Dentro","Urbana","Ninguna","No existe","Intersección","Bueno","Buena","Diurna","Buen Tiempo","Lateral","S/D","Colisión","Ninguna","S/D","Ninguna","Sin restricción"
2015,6229,24/07/2015,"Viernes",0,12:00:00,"Ruta Nacional 9","0.0",2,"Automóvil,Pickup/Utilitario","Ruta Nacional 9 Y Yacireta",4,2,0,0,2,0,0,,"Ruta",9,"FUNES","Rosario","Asfalto","Natural","II","S/D","Urbana","Ninguna","Funciona","Recta","Bueno","Buena","Diurna","Buen Tiempo","Frontal","S/D","Colisión","S/D","S/D","S/D","Sin restricción"
2015,6230,03/08/2015,"Lunes",0,05:40:00,,"0.0",1,"Moto/Ciclomotor","Salta Y Cafferata",2,1,0,0,0,0,1,,"Calle",,"ROSARIO","Rosario","Asfalto","S/D","II","S/D","Urbana","Ninguna","S/D","Recta","Bueno","S/D","Diurna","Buen Tiempo","Otro","S/D","Colisión","Otro","Faltante","Ninguna","Sin restricción"
2015,6231,27/07/2015,"Lunes",0,08:30:00,"Autopista Nacional Rosario -Cordoba","0.0",2,"Pickup/Utilitario,Automóvil"," ",3,1,0,0,2,0,0,,"Autopista","Rosario -Cordoba","FUNES","Rosario","Asfalto","Natural","II","S/D","Urbana","Ninguna","No existe","Recta","Bueno","Buena","Diurna","Buen Tiempo","De alcance","S/D","Colisión","S/D","Horizontal","S/D","Sin restricción"
2015,6232,09/07/2015,"Jueves",0,,,"0.0",2,"Moto/Ciclomotor,Automóvil","Av. Jorge Newbery Y Donado",3,1,0,0,0,0,2,,"S/D",,"ROSARIO","Rosario","S/D","S/D","II","S/D","Urbana","S/D","S/D","S/D","S/D","S/D","S/D","S/D","S/D","S/D","S/D","S/D","S/D","S/D","S/D"
2015,6233,22/04/2015,"Miercoles",0,20:10:00,,"0.0",1,"Moto/Ciclomotor","San Juan Y Mariano Moreno",2,0,1,0,0,1,0,"-32.947916666667,-60.651527777778","Calle",,"ROSARIO","Rosario","Asfalto","No existe","II","Dentro","Urbana","Ninguna","No existe","Recta","Bueno","Buena","Nocturna,Con luz artificial","Buen Tiempo","Contra objeto fijo","S/D","Colisión","Ninguna","S/D","Ninguna","Sin restricción"
2015,6234,23/07/2015,"Jueves",0,16:20:00,,"0.0",1,"Moto/Ciclomotor","Av. Jorge Newbery Y Donado",2,2,0,0,0,0,0,,"S/D",,"ROSARIO","Rosario","S/D","S/D","II","S/D","Urbana","S/D","S/D","S/D","S/D","S/D","S/D","S/D","S/D","S/D","S/D","S/D","S/D","S/D","S/D"
2015,6235,04/08/2015,"Martes",0,07:20:00,,"0.0",2,"Moto/Ciclomotor,Automóvil","Av. Ovidio Lagos Y Amenabar",2,1,0,0,1,0,0,,"Calle",,"ROSARIO","Rosario","Asfalto","S/D","II","Dentro","Urbana","S/D","No existe","Intersección","Bueno","Buena","Diurna","Buen Tiempo","Lateral","S/D","Colisión","S/D","S/D","Cordón divisorio","S/D"
2015,6236,25/08/2015,"Martes",0,07:45:00,,"0.0",2,"Bicicleta,Automóvil","Chacabuco Y Bv. Segui",2,1,0,0,1,0,0,,"Calle",,"ROSARIO","Rosario","Asfalto","No existe","II","Dentro","Urbana","Ninguna","No existe","Intersección","Bueno","Buena","Amanecer","Buen Tiempo","Lateral","S/D","Atropello","S/D","Faltante","Ninguna","Sin restricción"
2015,6237,22/04/2015,"Miercoles",0,19:45:00,"Ruta Nacional 11","906.0",2,"Moto/Ciclomotor,Camión"," ",2,0,0,0,1,1,0,"-28.234804, -59.264524","Ruta",11,"EL RABÓN","General Obligado","Asfalto","Natural","IX","Dentro","Rural","Otra Señal","No existe","Recta","Bueno","Reducida","Atardecer","Buen Tiempo","De alcance","S/D","Colisión","Ninguna","Horizontal","Línea divisoria pintada","Sin restricción"
2015,6238,04/08/2015,"Martes",0,18:30:00,,"0.0",2,"Moto/Ciclomotor,Automóvil","San Lorenzo 3900",2,1,0,0,1,0,0,,"Calle",,"ROSARIO","Rosario","S/D","No existe","II","S/D","Urbana","Ninguna","No existe","Recta","Otro","Buena","Diurna","Buen Tiempo","S/D","S/D","Colisión","Otro","Faltante","Ninguna","Sin restricción"
2015,6239,06/08/2015,"Jueves",0,15:15:00,,"0.0",2,"Moto/Ciclomotor,Transporte de Pasajeros Urbano (> 8 asientos)","Callao Y Santa Fe",3,2,0,0,1,0,0,,"Calle",,"ROSARIO","Rosario","Asfalto","No existe","II","S/D","Urbana","Semáforo","Funciona","Recta","Bueno","Buena","Diurna","Buen Tiempo","Otro","S/D","Colisión","Otro","Vertical","Ninguna","Sin restricción"
2015,6240,21/08/2015,"Viernes",0,23:00:00,,"0.0",2,"Automóvil,Bicicleta","Colon Y Bv. Segui",2,1,0,0,1,0,0,,"Calle",,"ROSARIO","Rosario","Asfalto","No existe","II","Dentro","Urbana","Ninguna","No existe","Intersección","Bueno","Buena","Nocturna,Con luz artificial","Buen Tiempo","Lateral","S/D","Atropello","S/D","Faltante","Ninguna","Sin restricción"
2015,6241,08/08/2015,"Sabado",0,15:45:00,,"0.0",2,"Automóvil,Transporte de Pasajeros (H/ 8 asientos)","Suipacha Y Tucuman",2,1,0,0,1,0,0,,"Calle",,"ROSARIO","Rosario","Asfalto","No existe","II","S/D","Urbana","Ninguna","No existe","Recta","Bueno","Buena","Diurna","Buen Tiempo","Otro","S/D","Colisión","Agua","Faltante","Ninguna","Sin restricción"
2015,6242,14/08/2015,"Viernes",0,17:00:00,,"0.0",2,"Bicicleta,Automóvil","Saavedra Y Laprida",2,1,0,0,1,0,0,,"Calle",,"ROSARIO","Rosario","Asfalto","No existe","II","Dentro","Urbana","Ninguna","No existe","Intersección","Bueno","Buena","Diurna","Buen Tiempo","Lateral","S/D","Atropello","S/D","Faltante","Ninguna","Sin restricción"
2015,6243,19/08/2015,"Miercoles",0,23:20:00,,"0.0",2,"Moto/Ciclomotor,Automóvil","Grandoli Y Garibaldi",2,1,0,0,1,0,0,,"Calle",,"ROSARIO","Rosario","Asfalto","No existe","II","Dentro","Urbana","Ninguna","No existe","Intersección","Bueno","Buena","Nocturna,Con luz artificial","Buen Tiempo","Lateral","S/D","Colisión","S/D","Faltante","Ninguna","Sin restricción"
2015,6244,10/08/2015,"Lunes",0,13:25:00,,"0.0",2,"Automóvil,Automóvil","Pueyrredon Y Brown",2,1,0,0,1,0,0,,"Calle",,"ROSARIO","Rosario","Hormigón","No existe","II","S/D","Urbana","Ninguna","S/D","Recta","Bueno","Buena","Diurna","Buen Tiempo","Otro","S/D","Colisión","Otro","Faltante","Ninguna","Sin restricción"
2015,6245,17/08/2015,"Lunes",0,16:45:00,,"0.0",2,"Moto/Ciclomotor,Automóvil","Chacabuco Y Dr.Rivas",3,2,0,0,1,0,0,,"Calle",,"ROSARIO","Rosario","Asfalto","No existe","II","Dentro","Urbana","Ninguna","No existe","Intersección","Bueno","Buena","Diurna","Buen Tiempo","Lateral","S/D","Colisión","S/D","Faltante","Ninguna","Sin restricción"
2015,6246,11/08/2015,"Martes",0,17:20:00,,"0.0",2,"Automóvil,Moto/Ciclomotor","Alsina Y Tucuman",3,1,0,0,2,0,0,,"Calle",,"ROSARIO","Rosario","Asfalto","No existe","II","S/D","Urbana","Ninguna","No existe","Recta","Bueno","Buena","Diurna","Buen Tiempo","Otro","S/D","Colisión","Otro","Faltante","Ninguna","Sin restricción"
2015,6247,13/08/2015,"Jueves",0,20:00:00,,"0.0",1,,"Colon Y Dean Funes",3,2,0,0,1,0,0,,"Calle",,"ROSARIO","Rosario","Asfalto","No existe","II","Dentro","Urbana","Ninguna","No existe","Intersección","Bueno","Buena","Nocturna,Con luz artificial","Buen Tiempo","Lateral","S/D","Colisión","S/D","Faltante","Ninguna","Sin restricción"
2015,6248,13/08/2015,"Jueves",0,20:00:00,,"0.0",2,"Moto/Ciclomotor,Moto/Ciclomotor","Colon Y Dean Funes",3,2,0,0,1,0,0,,"Calle",,"ROSARIO","Rosario","Asfalto","No existe","II","Dentro","Urbana","Ninguna","No existe","Intersección","Bueno","Buena","Nocturna,Con luz artificial","Buen Tiempo","Lateral","S/D","Colisión","S/D","Faltante","Ninguna","Sin restricción"
2015,6249,14/08/2015,"Viernes",0,19:20:00,,"0.0",2,"Pickup/Utilitario,Moto/Ciclomotor","Vera Mujica Y Santa Fe",2,1,0,0,1,0,0,,"Calle",,"ROSARIO","Rosario","S/D","No existe","II","Dentro","Urbana","Semáforo","Funciona","Recta","Bueno","Buena","Diurna","Buen Tiempo","Otro","S/D","Colisión","Otro","Vertical","Ninguna","Sin restricción"
2015,6250,12/08/2015,"Miercoles",0,19:30:00,,"0.0",2,"Moto/Ciclomotor,Automóvil","Ayacucho Y Pte.Quintana",3,2,0,0,1,0,0,,"Calle",,"ROSARIO","Rosario","Asfalto","No existe","II","Dentro","Urbana","Ninguna","No existe","Intersección","Bueno","Buena","Nocturna,Con luz artificial","Buen Tiempo","Lateral","S/D","Colisión","S/D","Faltante","Ninguna","Sin restricción"
2015,6251,18/08/2015,"Martes",0,10:20:00,,"0.0",2,"Automóvil,Moto/Ciclomotor","Tucuman Y San Nicolas",2,1,0,0,1,0,0,,"Calle",,"ROSARIO","Rosario","Asfalto","No existe","II","S/D","Urbana","S/D","No existe","Recta","Bueno","Buena","Diurna","Buen Tiempo","S/D","S/D","Despeñamiento","S/D","Vertical","Ninguna","Sin restricción"
2015,6252,22/08/2015,"Sabado",0,18:30:00,,"0.0",2,"Automóvil,Moto/Ciclomotor","Brown Y Suipacha",2,1,0,0,1,0,0,,"Calle",,"ROSARIO","Rosario","Asfalto","No existe","II","S/D","Urbana","Semáforo","Funciona","Recta","S/D","Buena","Diurna","Buen Tiempo","Otro","S/D","Colisión","Otro","Horizontal","Ninguna","Sin restricción"
2015,6253,10/08/2015,"Lunes",0,10:30:00,,"0.0",1,"Pickup/Utilitario","Rueda Y Ayacucho",2,1,0,0,1,0,0,,"Calle",,"ROSARIO","Rosario","Asfalto","No existe","II","Dentro","Urbana","Ninguna","No existe","Intersección","Bueno","Buena","Diurna","Buen Tiempo","Lateral","S/D","Colisión","S/D","Faltante","Ninguna","Sin restricción"
2015,6254,24/04/2015,"Viernes",0,08:50:00,"Ruta Nacional 33","632.6",2,"Moto/Ciclomotor,Pickup/Utilitario","Ruta Nacional 33 Y Ruta Provincial 7-5",2,0,0,0,1,1,0,"-33.713583333333,-61.980972222222","Ruta",33,"VENADO TUERTO","General López","Asfalto","Pavimento","VIII","Dentro","Urbana","S/D","No existe","Intersección","Bueno","Buena","Diurna","S/D","Lateral","S/D","Colisión","Ninguna","Horizontal,Vertical","Línea divisoria pintada","Sin restricción"
2015,6255,25/04/2015,"Sabado",0,18:00:00,"Ruta Provincial 10","0.0",1,"Moto/Ciclomotor","Urquiza 500",2,0,0,0,0,1,1,"-32.668135, -60.872599","Ruta",10,"ANDINO","Iriondo","Asfalto","Natural","X","Dentro","Urbana","Ninguna","No existe","Recta","Bueno","Buena","Diurna","Buen Tiempo","S/D","S/D","Caída ocupante","Ninguna","Horizontal","Línea divisoria pintada","Sin restricción"
2015,6256,25/04/2015,"Sabado",0,20:45:00,"Ruta Provincial 10","0.0",2,"Moto/Ciclomotor,Otros","Urquiza Y Santa Fe",2,0,0,0,0,1,1,"-32.670434, -60.869643","Ruta",10,"ANDINO","Iriondo","Asfalto","S/D","X","Dentro","Urbana","Ninguna","No existe","Intersección","Bueno","Buena","Nocturna,Con luz artificial","Buen Tiempo","Lateral","S/D","Colisión","Ninguna","S/D","S/D","Sin restricción"
2015,6257,26/04/2015,"Domingo",0,16:30:00,"Ruta Nacional 11","384.0",2,"Moto/Ciclomotor,Tractor","RN 11, pasando Sta Teresita ",2,0,0,0,1,1,0,"-32.300625, -60.963012","Ruta",11,"BARRANCAS","San Jerónimo","Asfalto","Natural","XV","Dentro","Rural","Otra Señal","No existe","Recta","Bueno","Buena","Diurna","Buen Tiempo","De alcance","S/D","Colisión","Ninguna","Horizontal","Línea divisoria pintada","Sin restricción"
2015,6258,27/04/2015,"Lunes",0,20:20:00,"Ruta Nacional 11","487.5",2,"Bicicleta,Transporte de Pasajeros Larga Distancia (> 8 asientos)"," ",23,0,0,0,22,1,0,"-31.484327, -60.732026","Ruta",11,"RECREO","La Capital","Asfalto","Natural","I","Dentro","Rural","S/D","No existe","Recta","Bueno","Reducida","Nocturna","Buen Tiempo","De alcance","S/D","Atropello","Ninguna","Horizontal,Vertical","Línea divisoria pintada","Sin restricción"
2015,6259,28/04/2015,"Martes",0,07:50:00,"Ruta Nacional 11","905.4",2,"Pickup/Utilitario,Transporte de Pasajeros Larga Distancia (Doble Piso)"," ",23,19,1,0,2,1,0,"-28.223636, -59.264694","Ruta",11,"EL RABÓN","General Obligado","Asfalto","Natural","IX","Dentro","Urbana","Ninguna","No existe","Recta","Bueno","Buena","Diurna","Buen Tiempo","Frontal","S/D","Colisión","Ninguna","Horizontal,Vertical","Línea divisoria pintada","Sin restricción"
2015,6260,09/08/2015,"Domingo",0,21:00:00,,"0.0",2,"Automóvil,Automóvil","Grandoli Y Dr.Rivas",3,2,0,0,1,0,0,,"Calle",,"ROSARIO","Rosario","Asfalto","No existe","II","Dentro","Urbana","Ninguna","No existe","Intersección","Bueno","Buena","Nocturna,Con luz artificial","Buen Tiempo","De alcance","S/D","Colisión","S/D","Faltante","Ninguna","Sin restricción"
2015,6261,28/04/2015,"Martes",0,04:00:00,"Autopista Nacional Rosario -Cordoba","324.0",1,"Automóvil"," ",1,0,0,0,0,1,0,"-32.905980, -61.002691","Autopista","Rosario -Cordoba","SAN JERÓNIMO SUR","San Lorenzo","Asfalto","Natural","XVII","S/D","Rural","Ninguna","No existe","Recta","Bueno","Reducida","Nocturna","Buen Tiempo","S/D","S/D","Vuelco","Ninguna","S/D","Vegetación","Sin restricción"
2015,6262,31/08/2015,"Lunes",0,09:30:00,,"0.0",2,"Automóvil,Moto/Ciclomotor","J.J.Paso Y Pje. Ariel Bis",2,1,0,0,1,0,0,,"Calle",,"ROSARIO","Rosario","Asfalto","No existe","II","Dentro","Urbana","Ninguna","No existe","Recta","Bueno","Buena","Diurna","Buen Tiempo","S/D","S/D","Colisión","S/D","S/D","Ninguna","Sin restricción"
2015,6263,26/08/2015,"Miercoles",0,,,"0.0",2,"Automóvil,Moto/Ciclomotor","Av. Genova Y Olavarria Bis",2,1,0,0,1,0,0,,"Calle",,"ROSARIO","Rosario","Asfalto","No existe","II","Dentro","Urbana","Semáforo","Funciona","Recta","Bueno","Buena","Diurna","Buen Tiempo","S/D","S/D","Colisión","S/D","Vertical","Ninguna","Sin restricción"
2015,6264,25/08/2015,"Martes",0,,,"0.0",2,"Peatón,Moto/Ciclomotor","Olavarria Bis Y Av. Genova",3,1,0,0,2,0,0,,"Calle",,"ROSARIO","Rosario","Asfalto","No existe","II","Dentro","Urbana","Ninguna","Funciona","Recta","Bueno","Buena","Diurna","Buen Tiempo","Frontal","S/D","Atropello","S/D","S/D","Ninguna","Sin restricción"
2015,6265,29/04/2015,"Miercoles",0,13:40:00,,"0.0",2,"Moto/Ciclomotor,Camión","Estanislao Zeballos Y Sebastian Gaboto",2,0,0,0,1,1,0,"-31.600694444444,-60.7165","Calle",,"SANTA FE","La Capital","Hormigón","No existe","I","Dentro","Urbana","Ninguna","No existe","Intersección","Bueno","Buena","Diurna","Lluvia","Lateral","S/D","Colisión","Agua","Faltante","Ninguna","Sin restricción"
2015,6266,24/08/2015,"Lunes",0,14:50:00,,"0.0",2,"Moto/Ciclomotor,Automóvil","Av. Provincias Unidas Y Av. Genova",2,1,0,0,1,0,0,,"Calle",,"ROSARIO","Rosario","Asfalto","No existe","II","Dentro","Urbana","S/D","Funciona","Recta","Bueno","Buena","Diurna","Buen Tiempo","S/D","S/D","Colisión","S/D","Faltante","S/D","S/D"
2015,6267,23/08/2015,"Domingo",0,,,"0.0",1,"Automóvil","Mariano Cabal Bis Y Av. Genova",1,1,0,0,0,0,0,,"Calle",,"ROSARIO","Rosario","Asfalto","No existe","II","Dentro","Urbana","Ninguna","No existe","Recta","Bueno","Buena","Nocturna","Buen Tiempo","S/D","S/D","S/D","S/D","Faltante","Ninguna","Sin restricción"
2015,6268,29/04/2015,"Miercoles",0,15:10:00,"Ruta Nacional A012","57.0",2,"Camión,Camión"," ",2,0,0,0,1,1,0,"-32.796773, -60.816058","Ruta","A012","RICARDONE","San Lorenzo","Asfalto","Natural","XVII","Dentro","Rural","Ninguna","No existe","Recta","Resbaladiza","Buena","Diurna","Lluvia","Lateral","S/D","Colisión","Agua","Faltante","Vegetación","Sin restricción"
2015,6269,14/08/2015,"Viernes",0,22:40:00,,"0.0",2,"Bicicleta,Automóvil","L.N.Alem Y La Paz",2,0,1,0,1,0,0,,"Calle",,"ROSARIO","Rosario","Asfalto","No existe","II","Dentro","Urbana","Señal Pare","No existe","Intersección","Bueno","Reducida","Nocturna,Con luz artificial","Lluvia","S/D","S/D","Atropello","Agua","Vertical","Ninguna","Sin restricción"
2015,6270,13/08/2015,"Jueves",0,22:15:00,,"0.0",2,"Moto/Ciclomotor,Automóvil","Pasco Y 1 de Mayo",2,1,0,0,1,0,0,,"Calle",,"ROSARIO","Rosario","Asfalto","No existe","II","S/D","Urbana","Ninguna","No existe","Intersección","Bueno","Buena","Nocturna,Con luz artificial","Buen Tiempo","Lateral","S/D","Colisión","Ninguna","S/D","Ninguna","Sin restricción"
2015,6271,18/08/2015,"Martes",0,,,"0.0",1,,"J.J.Paso Y Cullen",2,1,0,0,1,0,0,,"Calle",,"ROSARIO","Rosario","Asfalto","No existe","II","Dentro","Urbana","Semáforo","Funciona","Recta","Bueno","Buena","Diurna","Buen Tiempo","S/D","S/D","Colisión","S/D","Vertical","Ninguna","Sin restricción"
2015,6272,18/08/2015,"Martes",0,,,"0.0",2,"Moto/Ciclomotor,Peatón","J.J.Paso Y Cullen",2,1,0,0,1,0,0,,"Calle",,"ROSARIO","Rosario","Asfalto","No existe","II","Dentro","Urbana","Semáforo","Funciona","Recta","Bueno","Buena","Diurna","Buen Tiempo","S/D","S/D","Atropello","S/D","Vertical","Ninguna","Sin restricción"
2015,6273,30/04/2015,"Jueves",0,09:10:00,,"0.0",2,"Moto/Ciclomotor,Camión","Alberdi Y Caseros",2,0,0,0,1,1,0,"-28.491694444444,-59.35175","Calle",,"VILLA OCAMPO","General Obligado","Asfalto","No existe","IX","Dentro","Urbana","Ninguna","S/D","Intersección","Bueno","Buena","Diurna","Buen Tiempo","Lateral","S/D","Colisión","Ninguna","S/D","Ninguna","Sin restricción"
2015,6274,19/08/2015,"Miercoles",0,10:00:00,,"0.0",2,"Otros,Otros","Tomas Godoy Cruz Y Belisario Roldan",2,1,0,0,0,0,1,,"Calle",,"FIRMAT","General López","Asfalto,Ripio","S/D","VIII","Dentro","Urbana","Ninguna","S/D","Intersección","S/D","Buena","Diurna","Buen Tiempo","Lateral","S/D","Colisión","S/D","S/D","Ninguna","Sin restricción"
2015,6275,25/08/2015,"Martes",0,21:00:00,,"0.0",2,"Moto/Ciclomotor,Automóvil","Mendoza Y Magallanes",2,1,0,0,1,0,0,,"Calle",,"ROSARIO","Rosario","Asfalto","S/D","II","Dentro","Urbana","S/D","S/D","Intersección","Bueno","Buena","Nocturna","Buen Tiempo","Lateral","S/D","Colisión","S/D","S/D","S/D","Sin restricción"
2015,6276,26/08/2015,"Miercoles",0,10:00:00,,"0.0",2,"Moto/Ciclomotor,Taxi/Remis","Av. Pellegrini Y Matienzo",2,1,0,0,1,0,0,,"Avenida",,"ROSARIO","Rosario","Asfalto","No existe","II","Dentro","Urbana","S/D","No existe","Intersección","Bueno","Buena","Diurna","Buen Tiempo","Lateral","S/D","Colisión","S/D","S/D","S/D","S/D"
2015,6277,27/07/2015,"Lunes",0,12:30:00,,"0.0",2,"Automóvil,Moto/Ciclomotor","Junin Y Mitre",2,1,0,0,1,0,0,,"Calle",,"ROSARIO","Rosario","Asfalto","No existe","II","Dentro","Urbana","Ninguna","No existe","S/D","Bueno","Buena","Diurna","Buen Tiempo","Lateral","S/D","Colisión","Ninguna","Faltante","S/D","Sin restricción"
2015,6278,26/08/2015,"Miercoles",0,19:30:00,,"0.0",2,"Moto/Ciclomotor,Automóvil","Tte.Agneta ",2,1,0,0,1,0,0,,"Calle",,"ROSARIO","Rosario","Asfalto","Pavimento","II","Dentro","Urbana","S/D","S/D","Intersección","Bueno","Buena","Nocturna","Buen Tiempo","Lateral","S/D","Colisión","S/D","Vertical","S/D","S/D"
2015,6279,27/08/2015,"Jueves",0,10:50:00,,"0.0",2,"Bicicleta,Automóvil","Mendoza Y Colombia",2,1,0,0,1,0,0,,"Calle",,"ROSARIO","Rosario","Asfalto","No existe","II","Dentro","Urbana","S/D","No existe","Intersección","Bueno","Buena","Diurna","Buen Tiempo","S/D","S/D","Atropello","S/D","S/D","S/D","S/D"
2015,6280,01/04/2015,"Miercoles",0,,"Ruta Provincial 13","82.0",2,"Moto/Ciclomotor,Camión"," ",2,0,0,0,1,1,0,"-31.797511, -61.821896","Ruta",13,"SASTRE","San Martín","Asfalto","Natural","XVIII","Dentro","Rural","S/D","No existe","Recta","Bueno","S/D","S/D","S/D","S/D","S/D","Colisión","S/D","S/D","Línea divisoria pintada","S/D"
2015,6281,28/07/2015,"Martes",0,16:00:00,,"0.0",2,"Automóvil,Automóvil","Brasil Y Riobamba",3,2,0,0,1,0,0,,"Calle",,"ROSARIO","Rosario","Asfalto","No existe","II","Dentro","Urbana","Ninguna","No existe","S/D","Bueno","Buena","Atardecer","Buen Tiempo","Lateral","S/D","Colisión","Ninguna","Faltante","S/D","S/D"
2015,6282,28/08/2015,"Viernes",0,19:10:00,,"0.0",2,"Moto/Ciclomotor,Pickup/Utilitario","Mendoza Y Roullon",2,1,0,0,1,0,0,,"Calle",,"ROSARIO","Rosario","Asfalto","Pavimento","II","Dentro","Urbana","S/D","No existe","Intersección","Bueno","Buena","Atardecer","Buen Tiempo","Lateral","S/D","Colisión","S/D","S/D","S/D","Sin restricción"
2015,6283,01/04/2015,"Miercoles",0,,,"0.0",1,"Otros","Av. Circunvalacion Y Mendoza",1,0,0,0,0,1,0,"-32.940577, -60.723006","Avenida",,"ROSARIO","Rosario","Asfalto","No existe","II","Dentro","Urbana","S/D","Funciona","Distribuidor","Bueno","S/D","S/D","S/D","S/D","S/D","S/D","S/D","S/D","Cordón divisorio","S/D"
2015,6284,27/07/2015,"Lunes",0,03:40:00,,"0.0",2,"Automóvil,Moto/Ciclomotor","Derqui Y Angel Carranza",2,1,0,0,0,0,1,,"Calle",,"ROSARIO","Rosario","Asfalto","S/D","II","S/D","Urbana","Ninguna","S/D","S/D","Bueno","Buena","Nocturna","Buen Tiempo","Lateral","S/D","Colisión","Ninguna","Faltante","S/D","Sin restricción"
2015,6285,04/04/2015,"Sabado",0,,,"0.0",1,"Otros"," ",1,0,0,0,0,1,0,"-32.953362, -60.714444","S/D",,"ROSARIO","Rosario","S/D","S/D","II","S/D","Urbana","S/D","S/D","S/D","S/D","S/D","S/D","S/D","S/D","S/D","S/D","S/D","S/D","S/D","S/D"
2015,6286,16/08/2015,"Domingo",0,,,"0.0",2,"Automóvil,Pickup/Utilitario","Av. Circunvalacion Y Av. Sorrento",3,1,0,0,2,0,0,,"Calle",,"ROSARIO","Rosario","Asfalto","No existe","II","Dentro","Urbana","Semáforo","No funciona","Recta","Bueno","Buena","Nocturna","Buen Tiempo","S/D","S/D","Colisión","S/D","S/D","Ninguna","Sin restricción"
2015,6287,04/04/2015,"Sabado",0,,,"0.0",1,"Moto/Ciclomotor"," ",1,0,0,0,0,1,0,"-32.924017, -60.701763","S/D",,"ROSARIO","Rosario","S/D","S/D","II","S/D","Urbana","S/D","S/D","S/D","S/D","S/D","S/D","S/D","S/D","S/D","S/D","S/D","S/D","S/D","S/D"
2015,6288,12/08/2015,"Miercoles",0,19:30:00,"Ruta Nacional 9","279.0",2,"Pickup/Utilitario,Camión"," ",2,1,0,0,1,0,0,,"Ruta",9,"ALVEAR","Rosario","Asfalto","Natural","II","Dentro","Rural","Ninguna","No existe","Recta","Bueno","Buena","Nocturna","Buen Tiempo","Otro","S/D","Colisión","Otro","S/D","Vegetación","Sin restricción"