"anio_acci","nro_acci","fecha","desc_dia","fecha_aprox","hora_aprox","desc_ruta","km","cant_participantes","desc_participante","calle_avenida_km","total","heridos_leves","heridos_graves","heridos_gravisimos","ilesos","fallecidos","sin_datos","posicion_XY","desc_tipo_via","desc_ruta_ori","desc_loc","desc_dpto","desc_tipo_calzada","desc_tipo_banquina","desc_unidad_regional","desc_lugar_calzada","desc_zona","desc_prioridad","desc_estado_semaforo","desc_lugar_via","desc_estado_via","desc_estado_visibilidad","desc_luminosidad","desc_estado_clima","desc_tipo_colision","desc_tipo_atropello","desc_tipo_hecho","desc_pres_calzada","desc_senializacion","desc_separacion_via","desc_restriccion"
2015,6289,13/08/2015,"Jueves",0,19:00:00,,"0.0",2,"Automóvil,Moto/Ciclomotor","Santa Fe Y Colon",2,1,0,0,1,0,0,,"Calle",,"ROSARIO","Rosario","Ripio","No existe","II","S/D","Urbana","Ninguna","No existe","Intersección","Bueno","Buena","Nocturna,Con luz artificial","Buen Tiempo","Lateral","S/D","Colisión","Otro","Faltante","Ninguna","Sin restricción"
2015,6290,06/04/2015,"Lunes",0,,"Ruta Nacional 8","331.9",2,"Automóvil,Automóvil"," ",5,2,0,0,0,3,0,"-33.840031, -61.732697","Ruta",8,"SANTA ISABEL","General López","Asfalto","Natural","VIII","Dentro","Rural","S/D","No existe","Recta","Bueno","Buena","Diurna","S/D","Frontal","S/D","Colisión","S/D","S/D","Línea divisoria pintada","S/D"
2015,6291,14/08/2015,"Viernes",0,,,"0.0",3,"Taxi/Remis,Automóvil,Pickup/Utilitario","De Angelis Bis Y Av. Genova",6,2,0,0,4,0,0,,"Calle",,"ROSARIO","Rosario","Asfalto","No existe","II","Dentro","Urbana","Ninguna","No existe","Recta","Bueno","Buena","Diurna","Buen Tiempo","De alcance","S/D","Colisión","S/D","Faltante","Ninguna","Sin restricción"
2015,6292,06/04/2015,"Lunes",0,,"Ruta Provincial 90","123.0",1,"Automóvil"," ",1,0,0,0,0,1,0,"-33.685820, -61.567720","Ruta",90,"ELORTONDO","General López","Asfalto","Natural","VIII","S/D","Rural","S/D","No existe","Recta","Bueno","S/D","S/D","S/D","S/D","S/D","Vuelco","S/D","S/D","Línea divisoria pintada","S/D"
2015,6293,10/04/2015,"Viernes",0,,,"0.0",1,"Automóvil"," ",1,0,0,0,0,1,0,"-34.007453, -61.607030","S/D",,"VILLA CAÑAS","General López","S/D","S/D","VIII","S/D","S/D","S/D","S/D","S/D","S/D","S/D","S/D","S/D","S/D","S/D","S/D","S/D","S/D","S/D","S/D"
2015,6294,15/04/2015,"Miercoles",0,,,"0.0",1,"Otros"," ",1,0,0,0,0,1,0,"-32.957719, -60.674008","S/D",,"ROSARIO","Rosario","S/D","S/D","II","S/D","Urbana","S/D","S/D","S/D","S/D","S/D","S/D","S/D","S/D","S/D","S/D","S/D","S/D","S/D","S/D"
2015,6295,18/04/2015,"Sabado",0,,,"0.0",1,"Otros"," ",1,0,0,0,0,1,0,"-32.985689, -60.642208","S/D",,"ROSARIO","Rosario","S/D","S/D","II","S/D","Urbana","S/D","S/D","S/D","S/D","S/D","S/D","S/D","S/D","S/D","S/D","S/D","S/D","S/D","S/D"
2015,6296,22/04/2015,"Miercoles",0,,"Ruta Provincial 10","0.0",1,"Automóvil"," ",1,0,0,0,0,1,0,"-31.376560, -61.242679","Ruta",10,"NUEVO TORINO","Las Colonias","Asfalto","Natural","XI","S/D","Rural","S/D","No existe","Recta","Bueno","S/D","S/D","S/D","S/D","S/D","Vuelco","S/D","S/D","Línea divisoria pintada","S/D"
2015,6297,13/04/2015,"Lunes",0,07:25:00,,"0.0",2,"Moto/Ciclomotor,Transporte de Pasajeros Urbano (> 8 asientos)","Donado Y Schweitzer",2,0,0,0,1,1,0,"-32.877332, -60.700572","Calle",,"ROSARIO","Rosario","S/D","S/D","II","S/D","Urbana","S/D","S/D","Intersección","S/D","S/D","Amanecer","S/D","S/D","S/D","Colisión","S/D","S/D","S/D","S/D"
2015,6298,02/04/2015,"Jueves",0,20:10:00,,"0.0",2,"Moto/Ciclomotor,Camión","Soler Y Mariano Moreno",2,0,0,0,1,1,0,"-31.446486, -60.925023","Calle",,"ESPERANZA","Las Colonias","Asfalto","No existe","XI","S/D","Urbana","Semáforo","Funciona","Intersección","Bueno","Buena","Nocturna,Con luz artificial","Buen Tiempo","Contra objeto fijo","S/D","Caída ocupante,Colisión","Ninguna","Vertical","Ninguna,S/D","S/D"
2015,6299,25/02/2015,"Miercoles",0,02:35:00,,"0.0",2,"Vehículo Oficial,Automóvil","Centenario Y Grl Brig Estanislao Lopez",5,2,0,0,0,0,3,,"Avenida",,"SANTO TOMÉ","La Capital","S/D","S/D","I","Dentro","Urbana","S/D","S/D","Intersección","S/D","S/D","Nocturna","S/D","S/D","S/D","Colisión","S/D","S/D","S/D","S/D"
2015,6300,28/02/2015,"Sabado",0,21:40:00,"Ruta Nacional 11","421.5",2,"Moto/Ciclomotor,Automóvil","RUTA NAC 11  Y ACCESO A AUTOPISTA",3,2,0,0,1,0,0,,"Ruta",11,"CORONDA","San Jerónimo","S/D","S/D","XV","Dentro","S/D","S/D","S/D","Intersección","S/D","S/D","Nocturna","S/D","S/D","S/D","Colisión","S/D","S/D","S/D","S/D"
2015,6301,29/08/2015,"Sabado",0,06:00:00,,"0.0",2,"Automóvil,Moto/Ciclomotor","Av. Provincias Unidas Y Av. Pellegrini",2,1,0,0,1,0,0,,"Avenida",,"ROSARIO","Rosario","Asfalto","No existe","II","Dentro","Urbana","Ninguna","No existe","Intersección","Bueno","Buena","Diurna","Buen Tiempo","Lateral","S/D","Colisión","Otro","S/D","Ninguna","Sin restricción"
2015,6302,29/08/2015,"Sabado",0,17:00:00,,"0.0",2,"Moto/Ciclomotor,Pickup/Utilitario","Barra Y Pampa",2,1,0,0,1,0,0,,"Calle",,"ROSARIO","Rosario","Asfalto","Pavimento","II","Dentro","Urbana","Ninguna","No existe","Intersección","Bueno","Buena","Diurna","Buen Tiempo","Lateral","S/D","Colisión","Otro","Vertical","Ninguna","Sin restricción"
2015,6303,13/08/2015,"Jueves",0,19:30:00,,"0.0",2,"Peatón,Automóvil","Ituzaingo Y Laprida",2,1,0,0,1,0,0,,"Calle",,"ROSARIO","Rosario","Asfalto","No existe","II","Dentro","Urbana","S/D","No existe","Intersección","Bueno","Buena","Diurna","Buen Tiempo","S/D","S/D","Atropello","Ninguna","S/D","Ninguna","Sin restricción"
2015,6304,29/10/2015,"Jueves",0,09:30:00,,"0.0",2,"Moto/Ciclomotor,Automóvil","Av Los Colonizadores Y Nicolas Schneider",2,1,0,0,1,0,0,,"Avenida",,"ESPERANZA","Las Colonias","Asfalto","No existe","XI","Dentro","Urbana","Ninguna","No existe","Intersección","Bueno","Buena","Diurna","Buen Tiempo","Lateral","S/D","Colisión","Ninguna","Horizontal","Cordón divisorio","Sin restricción"
2015,6305,10/08/2015,"Lunes",0,20:00:00,,"0.0",2,"Moto/Ciclomotor,Automóvil","Buenos Aires Y Riobamba",3,2,0,0,1,0,0,,"Calle",,"ROSARIO","Rosario","Asfalto","No existe","II","Dentro","Urbana","S/D","No existe","Intersección","Bueno","Buena","Atardecer,Con luz artificial","Buen Tiempo","Lateral","S/D","Colisión","Ninguna","S/D","Ninguna","Sin restricción"
2015,6306,25/10/2015,"Domingo",0,22:20:00,,"0.0",2,"Moto/Ciclomotor,Automóvil","San Martin Y 25 de Mayo",3,1,0,0,2,0,0,,"Calle",,"ESPERANZA","Las Colonias","Asfalto","No existe","XI","Dentro","Urbana","Ninguna","No existe","Intersección","Bueno","Buena","Nocturna","Buen Tiempo","Lateral","S/D","Colisión","Ninguna","Horizontal","Cordón divisorio","Sin restricción"
2015,6307,01/10/2015,"Jueves",0,08:30:00,,"0.0",2,"Bicicleta,Automóvil","R P L Kredder Y Juan Jose Paso",2,0,1,0,1,0,0,,"Calle",,"ESPERANZA","Las Colonias","Asfalto,Ripio","Ripio","XI","Dentro","Urbana","S/D","S/D","Intersección","Bueno","Buena","Diurna","Buen Tiempo","S/D","S/D","Atropello","Ninguna","Horizontal,Vertical","S/D","S/D"
2015,6308,14/10/2015,"Miercoles",0,19:00:00,"Ruta Provincial 70","0.0",2,"Automóvil,Pickup/Utilitario","Dr Santos Viani ",5,3,0,0,2,0,0,,"Ruta",70,"HUMBOLDT","Las Colonias","Asfalto","Natural","XI","Dentro","Urbana","Ninguna","No existe","Intersección","Bueno","Buena","Atardecer","Buen Tiempo","Lateral","S/D","Colisión","S/D","Faltante","Línea divisoria pintada","Sin restricción"
2015,6309,14/10/2015,"Miercoles",0,20:30:00,,"0.0",2,"Bicicleta,Automóvil","R P L Kredder Y Jose Maurer",2,1,0,0,1,0,0,,"Calle",,"ESPERANZA","Las Colonias","Asfalto","Ripio","XI","Dentro","Urbana","S/D","No existe","Intersección","Bueno","Buena","Nocturna","Buen Tiempo","S/D","S/D","Atropello","Ninguna","Horizontal,Vertical","Línea divisoria pintada","Sin restricción"
2015,6310,24/10/2015,"Sabado",0,06:30:00,"Ruta Provincial 70","30.0",1,"Moto/Ciclomotor"," ",2,2,0,0,0,0,0,,"Ruta",70,"HUMBOLDT","Las Colonias","Asfalto","Natural","XI","Dentro","Urbana","Ninguna","No existe","Recta","Bueno","Buena","Amanecer","Buen Tiempo","S/D","S/D","Despiste","S/D","Faltante","Línea divisoria pintada","Sin restricción"
2015,6311,28/09/2015,"Lunes",0,12:05:00,,"0.0",2,"Automóvil,Moto/Ciclomotor","Av San Martin Y Rivadavia",3,1,0,0,2,0,0,,"Calle",,"HUMBOLDT","Las Colonias","Asfalto","Pavimento","XI","Dentro","Urbana","Ninguna","No existe","Recta","Bueno","Buena","Diurna","Buen Tiempo","Frontal","S/D","Colisión","S/D","Faltante","Ninguna","Sin restricción"
2015,6312,07/08/2015,"Viernes",0,,,"0.0",2,"Moto/Ciclomotor,Automóvil","Cochabamba Y Buenos Aires",2,1,0,0,1,0,0,,"Calle",,"ROSARIO","Rosario","Asfalto","No existe","II","S/D","Urbana","S/D","No existe","Intersección","Bueno","Buena","S/D","Buen Tiempo","Lateral","S/D","Colisión","Ninguna","S/D","Ninguna","Sin restricción"
2015,6313,15/10/2015,"Jueves",0,18:00:00,,"0.0",2,"Automóvil,Moto/Ciclomotor","Laprida Y Domingo Faustino Sarmiento",2,1,0,0,1,0,0,,"Calle",,"ESPERANZA","Las Colonias","Asfalto","No existe","XI","Dentro","Urbana","S/D","No existe","Recta","Bueno","Buena","Diurna","Buen Tiempo","Lateral","S/D","Colisión","Ninguna","Horizontal,Vertical","S/D","Sin restricción"
2015,6314,28/09/2015,"Lunes",0,09:25:00,,"0.0",2,"Automóvil,Pickup/Utilitario","Av San Martin Y Rivadavia",5,2,0,0,3,0,0,,"Calle",,"HUMBOLDT","Las Colonias","Asfalto","Pavimento","XI","Dentro","Urbana","Ninguna","No existe","Recta","Bueno","Buena","Diurna","Buen Tiempo","Frontal","S/D","Colisión","S/D","Faltante","Ninguna","Sin restricción"
2015,6315,04/08/2015,"Martes",0,19:45:00,,"0.0",2,"Moto/Ciclomotor,Automóvil","Cochabamba Y L.N.Alem",2,1,0,0,1,0,0,,"Calle",,"ROSARIO","Rosario","Asfalto","No existe","II","Dentro","Urbana","Ninguna","No existe","Intersección","Bueno","S/D","Atardecer","Buen Tiempo","Lateral","S/D","Colisión","Ninguna","S/D","Ninguna","Sin restricción"
2015,6316,02/10/2015,"Viernes",0,19:00:00,,"0.0",2,"Automóvil,Moto/Ciclomotor","Castelli Y Mariano Moreno",2,1,0,0,1,0,0,,"Calle",,"ESPERANZA","Las Colonias","Asfalto","No existe","XI","Dentro","Urbana","Ninguna","No existe","Intersección","Bueno","Buena","Diurna","Buen Tiempo","Lateral","S/D","Colisión","Ninguna","Faltante","Ninguna","Sin restricción"
2015,6317,13/09/2015,"Domingo",0,20:30:00,,"0.0",2,"Automóvil,Moto/Ciclomotor","Av San Martin Y Moreno",2,1,0,0,1,0,0,,"Calle",,"HUMBOLDT","Las Colonias","Hormigón","Pavimento","XI","Dentro","Urbana","S/D","No existe","Intersección","Bueno","Buena","Diurna","Buen Tiempo","Lateral","S/D","Colisión","S/D","Horizontal","Barrera de hormigón","Sin restricción"
2015,6318,03/09/2015,"Jueves",0,18:00:00,,"0.0",2,"Pickup/Utilitario,Moto/Ciclomotor","Bv Santa Fe Y Constituyentes",2,1,0,0,1,0,0,,"Avenida",,"RAFAELA","Castellanos","Asfalto","No existe","V","Dentro","Urbana","Semáforo","Funciona","Intersección","Bueno","Buena","Diurna","Buen Tiempo","Lateral","S/D","Colisión","Ninguna","Vertical","Ninguna","Sin restricción"
2015,6319,25/08/2015,"Martes",0,17:40:00,"Ruta Provincial 68","10.0",1,"Pickup/Utilitario"," ",1,1,0,0,0,0,0,,"Ruta",68,"RIVADAVIA","Las Colonias","Asfalto","Natural","XI","Dentro","Rural","Ninguna","No existe","Recta","Bueno","Buena","Diurna","Buen Tiempo","S/D","S/D","Vuelco","S/D","Vertical","Ninguna","Sin restricción"
2015,6320,04/08/2015,"Martes",0,12:40:00,,"0.0",2,"Automóvil,Bicicleta","Riobamba Y Ayacucho",2,1,0,0,1,0,0,,"Calle",,"ROSARIO","Rosario","Asfalto","No existe","II","Dentro","Urbana","S/D","No existe","Intersección","Bueno","Buena","Diurna","Buen Tiempo","S/D","S/D","Atropello","Ninguna","S/D","Ninguna","Sin restricción"
2015,6321,13/08/2015,"Jueves",0,11:45:00,,"0.0",1,"Moto/Ciclomotor","Rivadavia 730",1,0,1,0,0,0,0,,"Calle",,"CAÑADA ROSQUÍN","San Martín","Asfalto","No existe","XVIII","Dentro","Urbana","Ninguna","No existe","Recta","Resbaladiza","Reducida","Diurna","Lluvia","S/D","S/D","Caída ocupante","S/D","S/D","Ninguna","Sin restricción"
2015,6322,07/08/2015,"Viernes",0,20:30:00,,"0.0",2,"Automóvil,Bicicleta","Independencia Y Sarmiento",2,1,0,0,1,0,0,,"Calle",,"CAÑADA ROSQUÍN","San Martín","Asfalto","Pavimento","XVIII","Dentro","Urbana","Ninguna","No existe","Intersección","Bueno","Buena","Nocturna,Con luz artificial","Buen Tiempo","S/D","S/D","Atropello","S/D","Vertical","Ninguna","Sin restricción"
2015,6323,29/08/2015,"Sabado",0,18:55:00,,"0.0",2,"Moto/Ciclomotor,Otros","Bv. 27 De Febrero Y Primera Junta",2,1,0,0,1,0,0,,"Avenida",,"ROSARIO","Rosario","Asfalto","No existe","II","Dentro","Urbana","Semáforo","Funciona","Intersección","Bueno","Buena","Diurna","Buen Tiempo","Lateral","S/D","Colisión","Ninguna","Vertical","Cordón divisorio","Sin restricción"
2015,6324,06/09/2015,"Domingo",0,12:10:00,"Ruta Provincial 13","0.0",2,"Automóvil,Automóvil"," ",5,5,0,0,0,0,0,,"Ruta",13,"CARLOS PELLEGRINI","San Martín","Asfalto","Natural","XVIII","Dentro","Urbana","Señal Pare","No existe","Cruce","Bueno","Buena","Diurna","Buen Tiempo","Lateral","S/D","Colisión","S/D","Horizontal,Vertical","Cordón divisorio","Sin restricción"
2015,6325,14/08/2015,"Viernes",0,,,"0.0",2,"Automóvil,Moto/Ciclomotor","J.J.Paso Y Magallanes",3,1,0,0,2,0,0,,"S/D",,"ROSARIO","Rosario","S/D","S/D","II","S/D","S/D","S/D","S/D","S/D","S/D","S/D","S/D","S/D","S/D","S/D","S/D","S/D","S/D","S/D","S/D"
2015,6326,15/09/2015,"Martes",0,21:00:00,,"0.0",2,"Moto/Ciclomotor,Automóvil","Bv H Irigoyen Y Falucho",2,1,0,0,1,0,0,,"Avenida",,"RAFAELA","Castellanos","Hormigón","No existe","V","Dentro","Urbana","Semáforo","Funciona","Intersección","Bueno","Buena","Nocturna","Buen Tiempo","S/D","S/D","Colisión","S/D","S/D","Cordón divisorio","Desvío Provisorio"
2015,6327,14/08/2015,"Viernes",0,,,"0.0",2,"Automóvil,Moto/Ciclomotor","French Y Magallanes",2,1,0,0,1,0,0,,"Calle",,"ROSARIO","Rosario","Asfalto","No existe","II","S/D","Urbana","Ninguna","No existe","Recta","Bueno","Buena","Diurna","Buen Tiempo","Otro","S/D","Otro","Otro","Faltante","Ninguna","Sin restricción"
2015,6328,11/08/2015,"Martes",0,,,"0.0",2,"Automóvil,Moto/Ciclomotor","Av. Provincias Unidas Y La Republica",2,1,0,0,1,0,0,,"Avenida",,"ROSARIO","Rosario","Asfalto","No existe","II","S/D","Urbana","Ninguna","No existe","Recta","Bueno","Buena","Diurna","Buen Tiempo","De alcance","S/D","Colisión","Otro","Faltante","Ninguna","Sin restricción"
2015,6329,03/08/2015,"Lunes",0,19:15:00,,"0.0",2,"Automóvil,Moto/Ciclomotor","Av. Genova Y Ottone Bis",2,1,0,0,1,0,0,,"Calle",,"ROSARIO","Rosario","Asfalto","No existe","II","S/D","Urbana","Semáforo","Funciona","Recta","Bueno","Buena","Nocturna","Buen Tiempo","De alcance","S/D","Colisión","Otro","Faltante","Ninguna","Sin restricción"
2015,6330,11/09/2015,"Viernes",0,13:00:00,"Ruta Nacional 34","0.0",2,"Automóvil,Moto/Ciclomotor","Balcarce ",2,0,1,0,1,0,0,,"Ruta",34,"RAFAELA","Castellanos","Asfalto","Pavimento","V","S/D","S/D","Ninguna","Funciona","Recta","Bueno","Buena","Diurna","Buen Tiempo","Lateral","S/D","Colisión","S/D","Faltante","Ninguna","Sin restricción"
2015,6331,11/08/2015,"Martes",0,,,"0.0",2,"Moto/Ciclomotor,Automóvil","J.J.Paso Y Mariano Cabal Bis",2,1,0,0,1,0,0,,"Calle",,"ROSARIO","Rosario","Asfalto","No existe","II","S/D","Urbana","Ninguna","No existe","Recta","Bueno","Buena","Diurna","Buen Tiempo","Otro","S/D","Otro","Otro","Faltante","Ninguna","Sin restricción"
2015,6332,20/07/2015,"Lunes",0,12:40:00,,"0.0",2,"Moto/Ciclomotor,Automóvil","Av. Ovidio Lagos Y San Juan",2,1,0,0,1,0,0,,"Calle",,"ROSARIO","Rosario","Asfalto","S/D","II","Dentro","Urbana","S/D","S/D","Recta","S/D","Buena","Diurna","S/D","S/D","S/D","Colisión","S/D","S/D","S/D","S/D"
2015,6333,19/07/2015,"Domingo",0,19:30:00,,"0.0",2,"Automóvil,Transporte de Pasajeros Urbano (> 8 asientos)","Alsina Y San Juan",3,2,0,0,1,0,0,,"Calle",,"ROSARIO","Rosario","Asfalto","S/D","II","Dentro","Urbana","S/D","S/D","S/D","S/D","S/D","Diurna","S/D","S/D","S/D","Colisión","S/D","S/D","S/D","S/D"
2015,6334,01/08/2015,"Sabado",0,18:30:00,,"0.0",2,"Moto/Ciclomotor,Moto/Ciclomotor","Av. Provincias Unidas Y J.J.Paso",4,2,0,0,1,0,1,,"Avenida",,"ROSARIO","Rosario","Asfalto","No existe","II","S/D","Urbana","Ninguna","No existe","Recta","Bueno","Buena","Atardecer","Buen Tiempo","S/D","S/D","Colisión","Otro","S/D","Ninguna","Sin restricción"
2015,6335,14/08/2015,"Viernes",0,17:40:00,,"0.0",2,"Moto/Ciclomotor,Automóvil","Necochea Y Ameghino",2,1,0,0,1,0,0,,"Calle",,"ROSARIO","Rosario","Asfalto","No existe","II","Dentro","Urbana","Ninguna","No existe","Intersección","Bueno","Buena","Diurna","Buen Tiempo","Lateral","S/D","Colisión","S/D","Horizontal","Ninguna","Sin restricción"
2015,6336,13/08/2015,"Jueves",0,22:40:00,,"0.0",2,"Transporte de Pasajeros Larga Distancia (> 8 asientos),Moto/Ciclomotor","Bahia Blanca Bis Y Pje. Alemania",2,1,0,0,1,0,0,,"Calle",,"ROSARIO","Rosario","S/D","S/D","II","Dentro","Urbana","S/D","S/D","Intersección","S/D","Buena","Nocturna","Buen Tiempo","Lateral","S/D","Colisión","S/D","S/D","S/D","S/D"
2015,6337,19/08/2015,"Miercoles",0,17:35:00,,"0.0",2,"Moto/Ciclomotor,Automóvil","Av. Uriburu Y Pavon",2,1,0,0,1,0,0,,"Calle",,"ROSARIO","Rosario","Asfalto","No existe","II","Dentro","Urbana","Señal Pare","No existe","Intersección","Bueno","Buena","Diurna","Buen Tiempo","Lateral","S/D","Colisión","S/D","Vertical","Ninguna","Sin restricción"
2015,6338,21/08/2015,"Viernes",0,21:30:00,,"0.0",2,"Moto/Ciclomotor,Otros","Rioja ",3,2,0,0,1,0,0,,"Calle",,"ROSARIO","Rosario","S/D","No existe","II","Dentro","Urbana","Ninguna","No existe","Intersección","S/D","S/D","Nocturna","Buen Tiempo","Lateral","S/D","Colisión","S/D","S/D","Ninguna","Sin restricción"
2015,6339,26/08/2015,"Miercoles",0,14:00:00,,"0.0",2,"Bicicleta,Otros","Av. Genova 1900",3,2,0,0,0,0,1,,"Avenida",,"ROSARIO","Rosario","Asfalto","Pavimento","II","S/D","Urbana","Ninguna","Funciona","Recta","Bueno","Buena","Diurna","Buen Tiempo","S/D","S/D","Atropello","Ninguna","Faltante","Ninguna","Sin restricción"
2015,6340,18/08/2015,"Martes",0,18:40:00,,"0.0",2,"Moto/Ciclomotor,Automóvil","Laprida Y Av. Uriburu",2,1,0,0,1,0,0,,"Calle",,"ROSARIO","Rosario","Asfalto","No existe","II","Dentro","Urbana","Señal Pare","No existe","Intersección","Bueno","Buena","Atardecer","S/D","Lateral","S/D","Colisión","S/D","Vertical","Ninguna","Sin restricción"
2015,6341,20/07/2015,"Lunes",0,15:45:00,,"0.0",2,"Automóvil,Moto/Ciclomotor","Mendoza Y Gutenberg",2,1,0,0,1,0,0,,"Calle",,"ROSARIO","Rosario","Asfalto","S/D","II","Dentro","Urbana","S/D","S/D","Intersección","S/D","Buena","Diurna","Buen Tiempo","Lateral","S/D","Colisión","S/D","S/D","S/D","S/D"
2015,6342,23/09/2015,"Miercoles",0,18:30:00,"Ruta Provincial 62","0.0",1,"Automóvil","Ruta Prov 1 ",1,1,0,0,0,0,0,,"Ruta",62,"CAYASTA","Garay","Asfalto","Natural","VII","Fuera","Rural","S/D","No existe","Intersección","Deteriorada","Reducida","Atardecer","S/D","Contra objeto fijo","S/D","Colisión","S/D","Faltante","Ninguna","Sin restricción"
2015,6343,06/08/2015,"Jueves",0,10:45:00,,"0.0",2,"Moto/Ciclomotor,Automóvil","Av. Uriburu Y J.M.de Rosas",2,1,0,0,1,0,0,,"Calle",,"ROSARIO","Rosario","Asfalto","No existe","II","Dentro","Urbana","S/D","No existe","Intersección","Bueno","Buena","Diurna","S/D","Lateral","S/D","Colisión","S/D","S/D","Cordón divisorio","Sin restricción"
2015,6344,21/08/2015,"Viernes",0,13:30:00,,"0.0",2,"Moto/Ciclomotor,Otros","Av. Genova Y Matienzo",3,1,0,0,0,0,2,,"Calle",,"ROSARIO","Rosario","Asfalto","Pavimento","II","S/D","Urbana","Ninguna","No existe","Intersección","Bueno","Buena","Diurna","Buen Tiempo","Lateral","S/D","Colisión","Ninguna","Horizontal","Ninguna","Sin restricción"
2015,6345,09/08/2015,"Domingo",0,13:30:00,,"0.0",2,"Automóvil,Automóvil","Reg.11 de Infanteria Y Pavon",2,2,0,0,0,0,0,,"Calle",,"ROSARIO","Rosario","Asfalto","No existe","II","Dentro","Urbana","Ninguna","No existe","Intersección","Bueno","Buena","Diurna","Buen Tiempo","Lateral","S/D","Colisión","S/D","Horizontal","Ninguna","Sin restricción"
2015,6346,19/08/2015,"Miercoles",0,19:50:00,,"0.0",2,"Automóvil,Peatón","Bv N Alvarez Y Salta",2,1,0,0,1,0,0,,"Calle",,"ÁLVAREZ","Rosario","Asfalto","No existe","II","Dentro","Urbana","Ninguna","No existe","Recta","Bueno","Buena","Atardecer","Buen Tiempo","S/D","S/D","Atropello","Ninguna","Faltante","S/D","Sin restricción"
2015,6347,04/09/2015,"Viernes",0,18:30:00,,"0.0",1,"Moto/Ciclomotor","Av. Genova 2600",1,0,1,0,0,0,0,,"Calle",,"ROSARIO","Rosario","Asfalto","S/D","II","Dentro","Urbana","S/D","S/D","Recta","S/D","Buena","Diurna","Buen Tiempo","Contra objeto fijo","S/D","Colisión","S/D","S/D","S/D","S/D"
2015,6348,09/09/2015,"Miercoles",0,07:55:00,,"0.0",2,"Automóvil,Moto/Ciclomotor","Irigoyen Y Luna",2,1,1,0,0,0,0,,"Calle",,"SAN LORENZO","San Lorenzo","Asfalto","S/D","XVII","Dentro","Urbana","S/D","S/D","Intersección","Bueno","Buena","Amanecer","S/D","Lateral","S/D","Colisión","S/D","S/D","S/D","S/D"
2015,6349,25/10/2015,"Domingo",0,20:15:00,,"0.0",2,"Automóvil,Moto/Ciclomotor","General Paz Y G Lehmann",2,1,0,0,1,0,0,,"Calle",,"ESPERANZA","Las Colonias","Asfalto","Pavimento","XI","Dentro","Urbana","Ninguna","No existe","Intersección","Bueno","Buena","Nocturna","Buen Tiempo","Múltiple","S/D","Colisión","Ninguna","S/D","Ninguna","Sin restricción"
2015,6350,03/08/2015,"Lunes",0,21:40:00,,"0.0",2,"Moto/Ciclomotor,Automóvil","Esteban de Luca Y Grandoli",2,1,0,0,1,0,0,,"Calle",,"ROSARIO","Rosario","Asfalto","No existe","II","Dentro","Urbana","Semáforo","Funciona","Intersección","Bueno","S/D","Nocturna","S/D","Lateral","S/D","Colisión","S/D","S/D","Ninguna","Sin restricción"
2015,6351,29/08/2015,"Sabado",0,08:10:00,,"0.0",2,"Pickup/Utilitario,Moto/Ciclomotor","España 1800",5,4,0,0,1,0,0,,"Calle",,"ROSARIO","Rosario","Asfalto","S/D","II","Dentro","Urbana","S/D","S/D","Recta","Bueno","Buena","Diurna","Buen Tiempo","De alcance","S/D","Colisión","S/D","S/D","S/D","S/D"
2015,6352,28/08/2015,"Viernes",0,20:10:00,,"0.0",2,"Moto/Ciclomotor,Pickup/Utilitario","Galvez Y Santiago",3,2,0,0,1,0,0,,"Calle",,"ROSARIO","Rosario","Asfalto","S/D","II","Dentro","Urbana","S/D","S/D","Intersección","Bueno","Buena","Diurna","Buen Tiempo","Lateral","S/D","Colisión","S/D","S/D","S/D","S/D"
2015,6353,28/08/2015,"Viernes",0,13:30:00,,"0.0",2,"Taxi/Remis,Peatón","Bv. 27 De Febrero Y Rodriguez",2,1,0,0,1,0,0,,"Calle",,"ROSARIO","Rosario","Asfalto","S/D","II","Dentro","Urbana","S/D","S/D","Recta","Bueno","Buena","Diurna","Buen Tiempo","S/D","S/D","Atropello","S/D","S/D","Cordón divisorio","S/D"
2015,6354,27/08/2015,"Jueves",0,17:30:00,,"0.0",2,"Peatón,Moto/Ciclomotor","Bv. 27 De Febrero Y Dorrego",2,1,0,0,1,0,0,,"Calle",,"ROSARIO","Rosario","Asfalto","S/D","II","Dentro","Urbana","Semáforo","Funciona","Intersección","Bueno","Buena","Diurna","Buen Tiempo","S/D","S/D","Atropello","S/D","Vertical","Cordón divisorio","S/D"
2015,6355,10/10/2015,"Sabado",0,23:50:00,,"0.0",2,"Moto/Ciclomotor,Moto/Ciclomotor","Lavalle Y Cullen",2,0,2,0,0,0,0,,"Calle",,"ESPERANZA","Las Colonias","Asfalto","No existe","XI","S/D","Urbana","Ninguna","No existe","Intersección","Bueno","Buena","Nocturna","Buen Tiempo","Frontal","S/D","Colisión","Ninguna","Faltante","Ninguna","Sin restricción"
2015,6356,18/10/2015,"Domingo",0,09:30:00,,"0.0",2,"Automóvil,Moto/Ciclomotor","Av Cordoba Y Bartolome Mitre",2,1,0,0,1,0,0,,"Calle",,"ESPERANZA","Las Colonias","Asfalto","No existe","XI","S/D","Urbana","Ninguna","No existe","Intersección","Bueno","Buena","Diurna","Buen Tiempo","Frontal,Lateral","S/D","Colisión","Ninguna","Faltante","Ninguna","Sin restricción"
2015,6357,11/10/2015,"Domingo",0,04:00:00,,"0.0",2,"Automóvil,Moto/Ciclomotor","General Manuel Belgrano 3600",4,1,0,0,3,0,0,,"Calle",,"ESPERANZA","Las Colonias","Asfalto","No existe","XI","S/D","Urbana","Ninguna","No existe","Recta","Bueno","Buena","Nocturna","Buen Tiempo","Lateral","S/D","Colisión","S/D","Faltante","Ninguna","Sin restricción"