"anio_acci","nro_acci","fecha","desc_dia","fecha_aprox","hora_aprox","desc_ruta","km","cant_participantes","desc_participante","calle_avenida_km","total","heridos_leves","heridos_graves","heridos_gravisimos","ilesos","fallecidos","sin_datos","posicion_XY","desc_tipo_via","desc_ruta_ori","desc_loc","desc_dpto","desc_tipo_calzada","desc_tipo_banquina","desc_unidad_regional","desc_lugar_calzada","desc_zona","desc_prioridad","desc_estado_semaforo","desc_lugar_via","desc_estado_via","desc_estado_visibilidad","desc_luminosidad","desc_estado_clima","desc_tipo_colision","desc_tipo_atropello","desc_tipo_hecho","desc_pres_calzada","desc_senializacion","desc_separacion_via","desc_restriccion"
2015,6358,15/09/2015,"Martes",0,12:50:00,,"0.0",1,"Moto/Ciclomotor","Pueyrredon Y Uruguay",1,1,0,0,0,0,0,,"Calle",,"RAFAELA","Castellanos","Asfalto","No existe","V","S/D","Urbana","Ninguna","No existe","Intersección","Bueno","Buena","Diurna","Buen Tiempo","Atropello animal","S/D","Colisión","Ninguna","Faltante","Ninguna","Sin restricción"
2015,6359,10/08/2015,"Lunes",0,22:35:00,,"0.0",2,"Taxi/Remis,Taxi/Remis","Av. Pellegrini Y Paraguay",3,1,0,0,2,0,0,,"Calle",,"ROSARIO","Rosario","Asfalto","S/D","II","Dentro","Urbana","Semáforo","Funciona","Intersección","Bueno","Buena","Nocturna,Con luz artificial","Buen Tiempo","Lateral","S/D","Colisión","S/D","Vertical","Cordón divisorio","S/D"
2015,6360,15/09/2015,"Martes",0,14:00:00,,"0.0",2,"Moto/Ciclomotor,Automóvil","Bv Santa Fe Y Saavedra",2,1,0,0,1,0,0,,"Avenida",,"RAFAELA","Castellanos","S/D","No existe","V","S/D","Urbana","Ninguna","No existe","Intersección","Bueno","Buena","Diurna","Buen Tiempo","Frontal","S/D","Colisión","Ninguna","Faltante","Ninguna","Sin restricción"
2015,6361,10/08/2015,"Lunes",0,20:55:00,,"0.0",2,"Automóvil,Automóvil","Bv. 27 De Febrero Y Mariano Moreno",3,1,0,0,2,0,0,,"Calle",,"ROSARIO","Rosario","S/D","S/D","II","Dentro","Urbana","Semáforo","Funciona","Intersección","S/D","Buena","Atardecer,Con luz artificial","Buen Tiempo","Lateral","S/D","Colisión","S/D","Vertical","S/D","S/D"
2015,6362,10/08/2015,"Lunes",0,19:30:00,,"0.0",2,"Pickup/Utilitario,Moto/Ciclomotor","Av. Pellegrini Y Alvear",3,1,0,0,2,0,0,,"Calle",,"ROSARIO","Rosario","Asfalto","S/D","II","Dentro","Urbana","Semáforo","Funciona","Intersección","Bueno","Buena","Atardecer,Con luz artificial","Buen Tiempo","Lateral","S/D","Colisión","S/D","Vertical","S/D","S/D"
2015,6363,09/08/2015,"Domingo",0,11:00:00,,"0.0",2,"Peatón,Automóvil","Bv. 27 De Febrero Y Dorrego",2,1,0,0,1,0,0,,"Calle",,"ROSARIO","Rosario","Asfalto","S/D","II","Dentro","Urbana","Semáforo","Funciona","Recta","Resbaladiza","Reducida","Diurna","Lluvia","S/D","S/D","Atropello","Agua","Vertical","Cordón divisorio","S/D"
2015,6364,09/08/2015,"Domingo",0,10:55:00,,"0.0",2,"Moto/Ciclomotor,Automóvil","España Y Galvez",3,2,0,0,1,0,0,,"Calle",,"ROSARIO","Rosario","Asfalto","S/D","II","Dentro","Urbana","Señal Pare","S/D","Intersección","Resbaladiza","Reducida","Diurna","Lluvia","Lateral","S/D","Colisión","Agua","Vertical","S/D","S/D"
2015,6365,08/08/2015,"Sabado",0,18:00:00,,"0.0",2,"Moto/Ciclomotor,Automóvil","Pte.Roca Y Av. Pellegrini",2,1,0,0,1,0,0,,"Calle",,"ROSARIO","Rosario","Asfalto","S/D","II","Dentro","Urbana","Semáforo","Funciona","Recta","Bueno","Buena","Diurna","Buen Tiempo","De alcance","S/D","Colisión","S/D","Vertical","S/D","S/D"
2015,6366,15/08/2015,"Sabado",0,02:00:00,,"0.0",2,"Automóvil,Automóvil","Bv. Argentino Y Ing.Thedy Bis",2,1,0,0,1,0,0,,"Avenida",,"ROSARIO","Rosario","Asfalto","S/D","II","Dentro","Urbana","S/D","S/D","Intersección","S/D","Buena","Nocturna","S/D","Lateral","S/D","Colisión","S/D","S/D","S/D","S/D"
2015,6367,08/08/2015,"Sabado",0,10:10:00,,"0.0",2,"Bicicleta,Automóvil","Ituzaingo Y Mitre",2,1,0,0,1,0,0,,"Calle",,"ROSARIO","Rosario","Asfalto","S/D","II","Dentro","Urbana","S/D","No existe","Intersección","Bueno","Buena","Diurna","Buen Tiempo","Lateral","S/D","Atropello","S/D","S/D","S/D","S/D"
2015,6368,02/08/2015,"Domingo",0,09:50:00,,"0.0",2,"Moto/Ciclomotor,Automóvil","Iguazu Y Junin",3,2,0,0,1,0,0,,"Calle",,"ROSARIO","Rosario","Asfalto","S/D","II","Dentro","Urbana","S/D","S/D","Intersección","S/D","Buena","Diurna","Buen Tiempo","Lateral","S/D","Colisión","S/D","S/D","S/D","S/D"
2015,6369,07/08/2015,"Viernes",0,15:35:00,,"0.0",2,"Peatón,Moto/Ciclomotor","Bv. 27 De Febrero Y Av. Ovidio Lagos",2,1,0,0,1,0,0,,"Calle",,"ROSARIO","Rosario","Asfalto","S/D","II","Dentro","Urbana","Semáforo","Funciona","Recta","Bueno","Buena","Diurna","Buen Tiempo","S/D","S/D","Atropello","S/D","Vertical","Cordón divisorio","S/D"
2015,6370,22/10/2015,"Jueves",0,10:00:00,,"0.0",2,"Automóvil,Moto/Ciclomotor","San Martin Y Laprida",2,1,0,0,1,0,0,,"Calle",,"ESPERANZA","Las Colonias","Asfalto","No existe","XI","Dentro","Urbana","Ninguna","No existe","Intersección","Bueno","Buena","Diurna","Buen Tiempo","Frontal,Lateral","S/D","Colisión","Ninguna","Faltante","Ninguna","Sin restricción"
2015,6371,06/08/2015,"Jueves",0,13:40:00,,"0.0",2,"Automóvil,Moto/Ciclomotor","Galvez Y Paraguay",2,1,0,0,1,0,0,,"Calle",,"ROSARIO","Rosario","Asfalto","S/D","II","Dentro","Urbana","S/D","No existe","Intersección","Bueno","S/D","Diurna","Buen Tiempo","Lateral","S/D","Colisión","S/D","S/D","S/D","S/D"
2015,6372,03/08/2015,"Lunes",0,21:10:00,,"0.0",1,"Transporte de Pasajeros Urbano (> 8 asientos)","Junin 510",2,1,0,0,1,0,0,,"Calle",,"ROSARIO","Rosario","Asfalto","S/D","II","Dentro","Urbana","S/D","S/D","Recta","S/D","Buena","Nocturna","Buen Tiempo","De alcance","S/D","Colisión","S/D","S/D","S/D","S/D"
2015,6373,05/08/2015,"Miercoles",0,08:25:00,,"0.0",2,"Automóvil,Moto/Ciclomotor","Ocampo Y San Martin",2,1,0,0,1,0,0,,"Calle",,"ROSARIO","Rosario","Asfalto","S/D","II","Dentro","Urbana","S/D","No existe","Intersección","Bueno","Buena","Diurna","Buen Tiempo","Lateral","S/D","Colisión","S/D","S/D","S/D","S/D"
2015,6374,04/08/2015,"Martes",0,13:30:00,,"0.0",2,"Bicicleta,Camión","Albert Sabin Y Velez Sarsfield",2,1,0,0,1,0,0,,"Calle",,"ROSARIO","Rosario","S/D","S/D","II","Dentro","Urbana","S/D","S/D","Intersección","S/D","Buena","Diurna","S/D","S/D","S/D","Atropello","S/D","S/D","S/D","S/D"
2015,6375,05/08/2015,"Miercoles",0,08:00:00,,"0.0",2,"Automóvil,Moto/Ciclomotor","Ituzaingo Y Dorrego",2,1,0,0,1,0,0,,"Calle",,"ROSARIO","Rosario","Asfalto","S/D","II","Dentro","Urbana","S/D","No existe","Intersección","Bueno","Buena","Diurna","Buen Tiempo","Lateral","S/D","Colisión","S/D","S/D","S/D","S/D"
2015,6376,22/08/2015,"Sabado",0,10:00:00,,"0.0",2,"Moto/Ciclomotor,Camión","Casilda Y Mar del Plata",2,1,0,0,1,0,0,,"Calle",,"ROSARIO","Rosario","Asfalto","S/D","II","Dentro","Urbana","S/D","S/D","Intersección","S/D","Buena","Diurna","Buen Tiempo","Lateral","S/D","Colisión","S/D","S/D","S/D","S/D"
2015,6377,14/10/2015,"Miercoles",0,18:15:00,,"0.0",2,"Automóvil,Moto/Ciclomotor","A Aufranc Y R P A Janssen",2,1,0,0,1,0,0,,"Avenida",,"ESPERANZA","Las Colonias","Asfalto","No existe","XI","Dentro","Urbana","Ninguna","Funciona","Intersección","Bueno","Buena","Diurna","Buen Tiempo","Lateral","S/D","Colisión","Ninguna","Faltante","Ninguna","Sin restricción"
2015,6378,24/08/2015,"Lunes",0,17:25:00,,"0.0",2,"Moto/Ciclomotor,Taxi/Remis","Venezuela Y Munne",2,1,0,0,1,0,0,,"Calle",,"ROSARIO","Rosario","Asfalto","S/D","II","Dentro","Urbana","S/D","S/D","Intersección","S/D","Buena","Diurna","Buen Tiempo","Lateral","S/D","Colisión","S/D","S/D","S/D","S/D"
2015,6379,10/07/2015,"Viernes",0,13:55:00,,"0.0",2,"Taxi/Remis,Moto/Ciclomotor","Vera Mujica Y Montevideo",4,2,0,0,2,0,0,,"Calle",,"ROSARIO","Rosario","Asfalto","S/D","II","Dentro","Urbana","S/D","S/D","Intersección","S/D","Buena","Diurna","Buen Tiempo","Lateral","S/D","Colisión","S/D","S/D","S/D","S/D"
2015,6380,14/09/2015,"Lunes",0,18:45:00,,"0.0",2,"Pickup/Utilitario,Moto/Ciclomotor","Av Los Colonizadores Y General Manuel Belgrano",3,1,0,0,2,0,0,,"Avenida",,"ESPERANZA","Las Colonias","Asfalto","No existe","XI","Dentro","Urbana","Ninguna","No existe","Intersección","Bueno","Buena","Diurna","Buen Tiempo","Frontal","S/D","Colisión","Ninguna","Horizontal","Cordón divisorio","Sin restricción"
2015,6381,02/09/2015,"Miercoles",0,10:30:00,,"0.0",2,"Moto/Ciclomotor,Automóvil","1 de Mayo Y Chacabuco",2,1,0,0,1,0,0,,"Calle",,"ESPERANZA","Las Colonias","Asfalto","No existe","XI","Dentro","Urbana","Ninguna","No existe","Intersección","Bueno","Buena","Diurna","Buen Tiempo","Frontal","S/D","Colisión","Ninguna","Horizontal","Cordón divisorio","Sin restricción"
2015,6382,11/09/2015,"Viernes",0,12:30:00,,"0.0",2,"Automóvil,Moto/Ciclomotor","Av Los Colonizadores Y Almirante Brown",5,1,0,0,4,0,0,,"Calle",,"ESPERANZA","Las Colonias","Asfalto","No existe","XI","Dentro","Urbana","Ninguna","No existe","Intersección","Bueno","Buena","Diurna","Buen Tiempo","Frontal","S/D","Colisión","Ninguna","Horizontal","Cordón divisorio","Sin restricción"
2015,6383,11/07/2015,"Sabado",0,17:50:00,,"0.0",2,"Automóvil,Moto/Ciclomotor","Lavalle Y 3 De Febrero",2,1,0,0,1,0,0,,"Calle",,"ROSARIO","Rosario","Asfalto","S/D","II","Dentro","Urbana","S/D","S/D","Intersección","S/D","S/D","Diurna","Buen Tiempo","Lateral","S/D","Colisión","S/D","S/D","S/D","S/D"
2015,6384,30/09/2015,"Miercoles",0,10:30:00,,"0.0",2,"Automóvil,Moto/Ciclomotor","Diagonal Goyena Y Saavedra",2,1,0,0,0,0,1,,"Calle",,"SANTA FE","La Capital","Asfalto","No existe","I","Dentro","Urbana","Ninguna","No existe","Intersección","Bueno","Buena","Diurna","Buen Tiempo","Lateral","S/D","Colisión","Ninguna","Faltante","Ninguna","Sin restricción"
2015,6385,14/09/2015,"Lunes",0,11:00:00,,"0.0",2,"Automóvil,Moto/Ciclomotor","Av Peñaloza 5700",2,1,0,0,0,0,1,,"Avenida",,"SANTA FE","La Capital","Hormigón","No existe","I","Dentro","Urbana","Ninguna","No existe","Recta","Bueno","Buena","Diurna","Buen Tiempo","Lateral","S/D","Colisión","Ninguna","Horizontal","Cordón divisorio","Sin restricción"
2015,6386,27/08/2015,"Jueves",0,16:25:00,,"0.0",2,"Automóvil,Moto/Ciclomotor","Vieytes Y San Jose",2,1,0,0,0,0,1,,"Calle",,"SANTA FE","La Capital","Asfalto","No existe","I","Dentro","Urbana","Ninguna","No existe","Recta","Bueno","Buena","Diurna","Buen Tiempo","Lateral","S/D","Colisión","Ninguna","Faltante","Ninguna","Sin restricción"
2015,6387,24/09/2015,"Jueves",0,20:10:00,,"0.0",2,"Automóvil,Moto/Ciclomotor","Estanislao Zeballos Y Gdor Freyre",2,1,0,0,0,0,1,,"Calle",,"SANTA FE","La Capital","Asfalto","No existe","I","Dentro","Urbana","Ninguna","Funciona","Recta","Bueno","Buena","Diurna","Buen Tiempo","Lateral","S/D","Colisión","Ninguna","Faltante","Ninguna","Sin restricción"
2015,6388,24/09/2015,"Jueves",0,09:30:00,,"0.0",2,"Bicicleta,Pickup/Utilitario","Av Facundo Zuviria Y Roberto Maurer",2,1,0,0,0,0,1,,"Avenida",,"SANTA FE","La Capital","Asfalto","No existe","I","Dentro","Urbana","Ninguna","Funciona","Intersección","Bueno","Buena","Diurna","Buen Tiempo","S/D","S/D","Atropello","Ninguna","Faltante","Ninguna","Sin restricción"
2015,6389,17/07/2015,"Viernes",0,20:00:00,,"0.0",2,"Automóvil,Moto/Ciclomotor","9 De Julio Y Ricchieri",3,2,0,0,1,0,0,,"Calle",,"ROSARIO","Rosario","Asfalto","S/D","II","Dentro","Urbana","S/D","S/D","Intersección","S/D","Buena","Nocturna","Buen Tiempo","Lateral","S/D","Colisión","S/D","S/D","S/D","S/D"
2015,6390,19/08/2015,"Miercoles",0,08:45:00,,"0.0",2,"Automóvil,Automóvil","Italia Y Ituzaingo",2,1,0,0,1,0,0,,"Calle",,"ROSARIO","Rosario","Asfalto","S/D","II","Dentro","Urbana","Señal Pare","No existe","Intersección","Resbaladiza","Reducida","Diurna","Lluvia","Lateral","S/D","Colisión","Agua","Vertical","S/D","S/D"
2015,6391,24/08/2015,"Lunes",0,16:40:00,,"0.0",2,"Moto/Ciclomotor,Automóvil","Paraguay Y Riobamba",2,1,0,0,1,0,0,,"Calle",,"ROSARIO","Rosario","Asfalto","S/D","II","Dentro","Urbana","S/D","S/D","Intersección","Bueno","Buena","Diurna","Buen Tiempo","Lateral","S/D","Colisión","S/D","S/D","S/D","Sin restricción"
2015,6392,04/09/2015,"Viernes",0,20:20:00,,"0.0",2,"Moto/Ciclomotor,Automóvil","R.S.PEÑA Y O HIGGINS",2,1,0,0,1,0,0,,"Avenida",,"RAFAELA","Castellanos","Hormigón","Pavimento","V","Dentro","Urbana","S/D","No existe","Intersección","Bueno","Buena","Nocturna","Buen Tiempo","Lateral","S/D","Colisión","Ninguna","S/D","Cordón divisorio","Sin restricción"
2015,6393,14/08/2015,"Viernes",0,17:00:00,,"0.0",2,"Peatón,Pickup/Utilitario","Av. Pellegrini Y Bv. Oroño",2,1,0,0,1,0,0,,"Avenida",,"ROSARIO","Rosario","Asfalto","S/D","II","Dentro","Urbana","S/D","Funciona","Intersección","Bueno","Buena","Diurna","Buen Tiempo","S/D","S/D","Atropello","Agua","Vertical","Cordón divisorio","Sin restricción"
2015,6394,06/09/2015,"Domingo",0,01:40:00,,"0.0",2,"Moto/Ciclomotor,Pickup/Utilitario"," ",2,0,1,0,1,0,0,,"Avenida",,"RAFAELA","Castellanos","Asfalto","No existe","V","S/D","Urbana","Ninguna","No existe","Intersección","Bueno","Buena","Nocturna","Buen Tiempo","Lateral","S/D","Colisión","Ninguna","Faltante","Ninguna","Sin restricción"
2015,6395,17/09/2015,"Jueves",0,20:00:00,,"0.0",2,"Moto/Ciclomotor,Peatón","Martin Zapata Y Pje Jorge Raul Rodriguez",2,0,1,0,0,0,1,"-31.61875,-60.70475","Calle",,"SANTA FE","La Capital","Asfalto","No existe","I","Dentro","Urbana","Ninguna","No existe","Recta","Bueno","Buena","Diurna","Buen Tiempo","S/D","S/D","Atropello","Ninguna","Faltante","Ninguna","Sin restricción"
2015,6396,14/08/2015,"Viernes",0,12:30:00,,"0.0",2,"Moto/Ciclomotor,Automóvil","Ocampo Y Sarmiento",3,1,0,0,2,0,0,,"Calle",,"ROSARIO","Rosario","Asfalto","S/D","II","Dentro","Urbana","S/D","No existe","Intersección","Bueno","Buena","Diurna","Buen Tiempo","Lateral","S/D","Colisión","S/D","S/D","S/D","S/D"
2015,6397,25/09/2015,"Viernes",0,10:40:00,,"0.0",2,"Peatón,Camión","Av Santa Fe Y Reconquista",2,1,0,0,1,0,0,,"Calle",,"CORONDA","San Jerónimo","Tierra","Natural","XV","S/D","Rural","Ninguna","No existe","Intersección","Deteriorada","Buena","Diurna","Buen Tiempo","S/D","S/D","S/D","S/D","Faltante","Ninguna","Sin restricción"
2015,6398,04/08/2015,"Martes",0,12:40:00,,"0.0",2,"Moto/Ciclomotor,Automóvil","Bv. Oroño Y Lugones",2,1,0,0,1,0,0,,"Avenida",,"ROSARIO","Rosario","Asfalto","S/D","II","Dentro","Urbana","S/D","No existe","Intersección","Bueno","Buena","Diurna","Buen Tiempo","Lateral","S/D","Colisión","S/D","S/D","S/D","S/D"
2015,6399,10/07/2015,"Viernes",0,16:25:00,,"0.0",2,"Automóvil,Automóvil","Iriondo Y 9 De Julio",3,1,0,0,2,0,0,,"Calle",,"ROSARIO","Rosario","Asfalto","S/D","II","Dentro","Urbana","S/D","S/D","S/D","S/D","Buena","Diurna","Buen Tiempo","Lateral","S/D","Colisión","S/D","S/D","S/D","S/D"
2015,6400,09/07/2015,"Jueves",0,19:10:00,,"0.0",2,"Automóvil,Taxi/Remis","Av. Pellegrini Y Cafferata",3,1,0,0,2,0,0,,"Avenida",,"ROSARIO","Rosario","Asfalto","S/D","II","Dentro","Urbana","S/D","S/D","S/D","S/D","S/D","S/D","S/D","S/D","S/D","Colisión","S/D","S/D","S/D","S/D"
2015,6401,12/08/2015,"Miercoles",0,13:00:00,,"0.0",2,"Peatón,Automóvil","Cochabamba 1500",2,1,0,0,1,0,0,,"S/D",,"ROSARIO","Rosario","S/D","S/D","II","S/D","S/D","S/D","S/D","Otro","S/D","S/D","Diurna","S/D","S/D","S/D","Atropello","S/D","S/D","S/D","S/D"
2015,6402,29/07/2015,"Miercoles",0,19:10:00,,"0.0",2,"Automóvil,Moto/Ciclomotor","Bv. Avellaneda Y Montevideo",3,2,0,0,1,0,0,,"Avenida",,"ROSARIO","Rosario","Asfalto","S/D","II","Dentro","Urbana","S/D","S/D","S/D","S/D","S/D","S/D","S/D","S/D","S/D","Colisión","S/D","S/D","S/D","S/D"
2015,6403,15/09/2015,"Martes",0,01:00:00,,"0.0",2,"Automóvil,Moto/Ciclomotor","J Castelli Y San Lorenzo",2,1,0,0,0,0,1,,"Calle",,"SANTA FE","La Capital","Asfalto","No existe","I","Dentro","Urbana","Ninguna","No existe","Intersección","Bueno","Buena","Nocturna","Buen Tiempo","Lateral","S/D","Colisión","Ninguna","Faltante","Ninguna","Sin restricción"
2015,6404,05/07/2015,"Domingo",0,17:00:00,,"0.0",2,"Moto/Ciclomotor,Automóvil","MITRE  1300",2,1,0,0,1,0,0,,"Calle",,"PUEBLO ESTHER","Rosario","Asfalto","No existe","II","Dentro","Urbana","Ninguna","No existe","Recta","Bueno","Buena","Diurna","Buen Tiempo","De alcance","S/D","Colisión","S/D","Faltante","Ninguna","Sin restricción"
2015,6405,20/07/2015,"Lunes",0,07:00:00,,"0.0",2,"Moto/Ciclomotor,Automóvil"," ",2,1,0,0,1,0,0,,"S/D",,"ROSARIO","Rosario","Asfalto","S/D","II","Dentro","Urbana","S/D","S/D","S/D","S/D","S/D","S/D","S/D","S/D","S/D","Colisión","S/D","S/D","S/D","S/D"
2015,6406,16/07/2015,"Jueves",0,05:30:00,"Ruta Provincial 16","4.0",2,"Otros,Automóvil"," ",3,0,2,0,0,0,1,,"Ruta",16,"PUEBLO ESTHER","Rosario","Asfalto","Natural","II","Dentro","Urbana","Señal Pare","No existe","Recta","Con baches","Buena","Nocturna","Buen Tiempo","De alcance","S/D","Colisión","S/D","Vertical","Línea divisoria pintada","Sin restricción"
2015,6407,29/07/2015,"Miercoles",0,14:45:00,,"0.0",2,"Moto/Ciclomotor,Taxi/Remis","San Juan Y Cafferata",2,1,0,0,1,0,0,,"Calle",,"ROSARIO","Rosario","S/D","S/D","II","Dentro","Urbana","S/D","S/D","S/D","S/D","S/D","S/D","S/D","S/D","S/D","S/D","S/D","S/D","S/D","S/D"
2015,6408,06/08/2015,"Jueves",0,,,"0.0",2,"Bicicleta,Automóvil","Av. Luis Carballo 1236",2,1,0,0,1,0,0,,"Avenida",,"ROSARIO","Rosario","Asfalto","No existe","II","Dentro","Urbana","Ninguna","S/D","Recta","Bueno","Buena","Diurna","Buen Tiempo","S/D","S/D","Atropello","Ninguna","S/D","Ninguna","Sin restricción"
2015,6409,29/07/2015,"Miercoles",0,11:00:00,,"0.0",2,"Automóvil,Automóvil","Av. Pellegrini Y Lima",2,1,0,0,1,0,0,,"Avenida",,"ROSARIO","Rosario","Asfalto","S/D","II","Dentro","Urbana","S/D","S/D","S/D","S/D","S/D","S/D","S/D","S/D","S/D","Colisión","S/D","S/D","S/D","S/D"
2015,6410,08/07/2015,"Miercoles",0,08:00:00,,"0.0",2,"Automóvil,Moto/Ciclomotor","9 De Julio Y Constitucion",3,2,0,0,1,0,0,,"Calle",,"ROSARIO","Rosario","Asfalto","S/D","II","Dentro","Urbana","S/D","S/D","S/D","S/D","S/D","Diurna","S/D","S/D","S/D","Colisión","S/D","S/D","S/D","S/D"
2015,6411,14/08/2015,"Viernes",0,10:00:00,,"0.0",2,"Bicicleta,Automóvil","Albert Sabin ",2,1,0,0,0,0,1,,"Calle",,"ROSARIO","Rosario","S/D","S/D","II","S/D","Urbana","S/D","S/D","S/D","S/D","S/D","Diurna","Buen Tiempo","S/D","S/D","Atropello","S/D","S/D","S/D","S/D"
2015,6412,28/07/2015,"Martes",0,23:50:00,,"0.0",2,"Automóvil,Taxi/Remis","San Luis Y Pueyrredon",2,1,0,0,1,0,0,,"Calle",,"ROSARIO","Rosario","S/D","S/D","II","S/D","Urbana","S/D","S/D","S/D","S/D","S/D","S/D","S/D","S/D","S/D","Colisión","S/D","S/D","S/D","S/D"
2015,6413,16/08/2015,"Domingo",0,18:30:00,,"0.0",2,"Peatón,Moto/Ciclomotor","Pje. Central Cordoba ",2,1,0,0,0,0,1,,"Calle",,"ROSARIO","Rosario","Asfalto","S/D","II","S/D","Urbana","S/D","S/D","S/D","S/D","S/D","Diurna","S/D","S/D","S/D","Atropello","S/D","S/D","S/D","S/D"
2015,6414,24/07/2015,"Viernes",0,,,"0.0",1,,"San Luis Y San Nicolas",2,1,0,0,1,0,0,,"Calle",,"ROSARIO","Rosario","Asfalto","S/D","II","Dentro","Urbana","S/D","S/D","S/D","S/D","S/D","S/D","S/D","S/D","S/D","Colisión","S/D","S/D","S/D","S/D"
2015,6415,08/07/2015,"Miercoles",0,20:25:00,,"0.0",1,"Bicicleta","San Juan Y Crespo",2,1,0,0,1,0,0,,"Calle",,"ROSARIO","Rosario","Asfalto","S/D","II","Dentro","Urbana","S/D","S/D","S/D","S/D","S/D","Diurna","S/D","S/D","S/D","Atropello","S/D","S/D","S/D","S/D"
2015,6416,08/07/2015,"Miercoles",0,11:50:00,,"0.0",2,"Taxi/Remis,Moto/Ciclomotor","Iriondo Y 9 De Julio",2,1,0,0,1,0,0,,"Calle",,"ROSARIO","Rosario","Asfalto","S/D","II","Dentro","Urbana","S/D","S/D","S/D","S/D","S/D","Diurna","S/D","S/D","S/D","Colisión","S/D","S/D","S/D","S/D"
2015,6417,07/07/2015,"Martes",0,21:15:00,,"0.0",2,"Moto/Ciclomotor,Automóvil","Marcos Paz Y Iriondo",2,1,0,0,1,0,0,,"Calle",,"ROSARIO","Rosario","Asfalto","S/D","II","Dentro","Urbana","S/D","S/D","S/D","S/D","S/D","Nocturna","S/D","S/D","S/D","Colisión","S/D","S/D","S/D","S/D"
2015,6418,06/07/2015,"Lunes",0,18:00:00,,"0.0",2,"Vehículo Oficial,Pickup/Utilitario","Av. Avellaneda B Y Santa Fe",3,3,0,0,0,0,0,,"Calle",,"ROSARIO","Rosario","Asfalto","S/D","II","Dentro","Urbana","S/D","S/D","S/D","S/D","S/D","Diurna","S/D","S/D","S/D","Colisión","S/D","S/D","S/D","S/D"
2015,6419,10/08/2015,"Lunes",0,13:55:00,,"0.0",2,"Moto/Ciclomotor,Automóvil","Garay Y Av. Provincias Unidas",3,1,0,0,2,0,0,,"Avenida",,"ROSARIO","Rosario","Asfalto","No existe","II","Dentro","Urbana","S/D","No existe","Intersección","Bueno","Buena","Diurna","Buen Tiempo","Lateral","S/D","Colisión","S/D","Faltante","S/D","S/D"
2015,6420,22/09/2015,"Martes",0,12:40:00,,"0.0",2,"Peatón,Pickup/Utilitario","Bv H Irigoyen Y Av Aristobulo del Valle",2,1,0,0,1,0,0,,"Avenida",,"RAFAELA","Castellanos","Asfalto","No existe","V","Dentro","Urbana","Semáforo","Funciona","Intersección","Bueno","Buena","Diurna","Buen Tiempo","S/D","S/D","Atropello","Ninguna","Vertical","Ninguna","Sin restricción"
2015,6421,25/08/2015,"Martes",0,19:35:00,,"0.0",1,"Moto/Ciclomotor","Av. Provincias Unidas Y 24 De Setiembre",2,1,0,0,1,0,0,,"Avenida",,"ROSARIO","Rosario","Asfalto","No existe","II","Dentro","Urbana","S/D","No existe","Intersección","Bueno","Buena","Diurna","Buen Tiempo","S/D","S/D","Caída ocupante","S/D","S/D","S/D","S/D"
2015,6422,23/08/2015,"Domingo",0,17:00:00,,"0.0",2,"Automóvil,Moto/Ciclomotor","Gaboto Y Garay",3,1,0,0,2,0,0,,"Calle",,"ROSARIO","Rosario","Asfalto","No existe","II","Dentro","Urbana","S/D","No existe","Intersección","Bueno","Buena","Diurna","Buen Tiempo","Lateral","S/D","Colisión","S/D","Faltante","S/D","Sin restricción"
2015,6423,23/08/2015,"Domingo",0,14:50:00,,"0.0",1,"Automóvil","Ecuador Y Pje. Volta",2,1,0,0,1,0,0,,"Calle",,"ROSARIO","Rosario","Asfalto","Natural","II","Dentro","Urbana","S/D","No existe","Intersección","Bueno","Buena","Diurna","Buen Tiempo","S/D","S/D","Despiste","S/D","Faltante","S/D","Sin restricción"
2015,6424,02/08/2015,"Domingo",0,02:45:00,,"0.0",2,"Moto/Ciclomotor,Automóvil","Av. Pte.Peron Y Av. Circunvalacion",2,1,0,0,1,0,0,,"Avenida",,"ROSARIO","Rosario","Asfalto","No existe","II","Dentro","Urbana","Semáforo","Intermitente","Intersección","Bueno","Buena","Nocturna","Buen Tiempo","Lateral","S/D","Colisión","S/D","S/D","S/D","S/D"
2015,6425,01/08/2015,"Sabado",0,09:05:00,,"0.0",2,"Automóvil,Automóvil","Rivarola Y Fernandez Diaz",2,1,0,0,1,0,0,,"Calle",,"ROSARIO","Rosario","Asfalto","No existe","II","Dentro","Urbana","S/D","No existe","Intersección","Bueno","Buena","Diurna","Buen Tiempo","Lateral","S/D","Colisión","S/D","S/D","S/D","S/D"
2015,6426,03/08/2015,"Lunes",0,08:30:00,,"0.0",2,"Moto/Ciclomotor,Automóvil","Pje. Volta Y Ecuador",2,1,0,0,1,0,0,,"Calle",,"ROSARIO","Rosario","Asfalto","Pavimento","II","Dentro","Urbana","Ninguna","No existe","Intersección","S/D","Buena","Diurna","Buen Tiempo","Lateral","S/D","Colisión","S/D","S/D","S/D","S/D"
2015,6427,04/08/2015,"Martes",0,17:30:00,,"0.0",2,"Automóvil,Automóvil","Rivarola Y Benitez",2,1,0,0,1,0,0,,"Calle",,"ROSARIO","Rosario","Asfalto","Pavimento","II","Dentro","Urbana","S/D","Funciona","Intersección","Bueno","Buena","Diurna","Buen Tiempo","Lateral","S/D","Colisión","S/D","S/D","S/D","Sin restricción"
2015,6428,11/08/2015,"Martes",0,20:20:00,,"0.0",2,"Moto/Ciclomotor,Pickup/Utilitario","Av. Provincias Unidas Y Ocampo",3,1,0,0,2,0,0,,"Avenida",,"ROSARIO","Rosario","Asfalto","Pavimento","II","Dentro","Urbana","S/D","No existe","Intersección","Bueno","Buena","Nocturna","Buen Tiempo","Lateral","S/D","Colisión","S/D","S/D","S/D","S/D"
2015,6429,26/08/2015,"Miercoles",0,21:50:00,,"0.0",2,"Automóvil,Automóvil","Av. Provincias Unidas Y Av. Pte.Peron",4,3,0,0,1,0,0,,"Avenida",,"ROSARIO","Rosario","Asfalto","Pavimento","II","Dentro","Urbana","Semáforo","Funciona","Intersección","Bueno","Buena","Nocturna","Buen Tiempo","Lateral","S/D","Colisión","S/D","S/D","S/D","Sin restricción"