"anio_acci","nro_acci","fecha","desc_dia","fecha_aprox","hora_aprox","desc_ruta","km","cant_participantes","desc_participante","calle_avenida_km","total","heridos_leves","heridos_graves","heridos_gravisimos","ilesos","fallecidos","sin_datos","posicion_XY","desc_tipo_via","desc_ruta_ori","desc_loc","desc_dpto","desc_tipo_calzada","desc_tipo_banquina","desc_unidad_regional","desc_lugar_calzada","desc_zona","desc_prioridad","desc_estado_semaforo","desc_lugar_via","desc_estado_via","desc_estado_visibilidad","desc_luminosidad","desc_estado_clima","desc_tipo_colision","desc_tipo_atropello","desc_tipo_hecho","desc_pres_calzada","desc_senializacion","desc_separacion_via","desc_restriccion"
2015,6430,27/09/2015,"Domingo",0,00:35:00,,"0.0",2,"Moto/Ciclomotor,Automóvil","San Francisco de Asis-Calle 66 Y Calle 11",2,1,0,0,1,0,0,,"Calle",,"FRONTERA","Castellanos","Asfalto","No existe","V","S/D","Urbana","S/D","No existe","Intersección","Bueno","Buena","Nocturna,Con luz artificial","Buen Tiempo","Lateral","S/D","Colisión","S/D","S/D","S/D","S/D"
2015,6431,16/08/2015,"Domingo",0,18:00:00,,"0.0",2,"Moto/Ciclomotor,Automóvil","Bv. 27 De Febrero Y Av. Circunvalacion",4,3,0,0,1,0,0,,"Avenida",,"ROSARIO","Rosario","Asfalto","No existe","II","Dentro","Urbana","Semáforo","Funciona","Intersección","Bueno","Buena","Diurna","Buen Tiempo","Lateral","S/D","Colisión","S/D","S/D","S/D","Sin restricción"
2015,6432,03/09/2015,"Jueves",0,18:30:00,,"0.0",2,"Moto/Ciclomotor,Moto/Ciclomotor","Calle 84 Y Calle 3",2,2,0,0,0,0,0,,"Calle",,"FRONTERA","Castellanos","Asfalto","No existe","V","S/D","Urbana","S/D","No existe","Intersección","Bueno","Buena","Atardecer","Buen Tiempo","Lateral","S/D","Colisión","S/D","S/D","S/D","S/D"
2015,6433,13/08/2015,"Jueves",0,12:00:00,,"0.0",2,"Moto/Ciclomotor,Automóvil","Guatemala Y Pje. Volta",2,1,0,0,1,0,0,,"Calle",,"ROSARIO","Rosario","Asfalto","S/D","II","Dentro","Urbana","S/D","S/D","Intersección","Bueno","Buena","Diurna","Buen Tiempo","Lateral","S/D","Colisión","S/D","S/D","S/D","Sin restricción"
2015,6434,05/09/2015,"Sabado",0,19:00:00,,"0.0",2,"Bicicleta,Moto/Ciclomotor","CALLE 1 ",2,0,1,0,1,0,0,,"Calle",,"FRONTERA","Castellanos","Asfalto","No existe","V","S/D","Urbana","S/D","No existe","Recta","Bueno","Buena","Atardecer","Buen Tiempo","S/D","S/D","Atropello","S/D","S/D","S/D","S/D"
2015,6435,06/07/2015,"Lunes",0,14:48:00,,"0.0",2,"Automóvil,Moto/Ciclomotor","Mendoza Y Valparaiso",2,1,0,0,1,0,0,,"Calle",,"ROSARIO","Rosario","Asfalto","S/D","II","Dentro","Urbana","S/D","S/D","S/D","S/D","S/D","S/D","S/D","S/D","S/D","Colisión","S/D","S/D","S/D","S/D"
2015,6436,24/07/2015,"Viernes",0,,,"0.0",2,"Bicicleta,Automóvil","San Luis Y San Nicolas",2,2,0,0,0,0,0,,"Calle",,"ROSARIO","Rosario","Asfalto","S/D","II","Dentro","Urbana","S/D","S/D","S/D","S/D","S/D","S/D","S/D","S/D","S/D","Atropello","S/D","S/D","S/D","S/D"
2015,6437,22/07/2015,"Miercoles",0,19:30:00,,"0.0",2,"Pickup/Utilitario,Moto/Ciclomotor","Rodriguez Y 9 De Julio",2,2,0,0,0,0,0,,"Calle",,"ROSARIO","Rosario","Asfalto","S/D","II","Dentro","Urbana","S/D","S/D","S/D","S/D","S/D","S/D","S/D","S/D","S/D","Colisión","S/D","S/D","S/D","S/D"
2015,6438,20/04/2015,"Lunes",0,,,"0.0",2,"Moto/Ciclomotor,Pickup/Utilitario"," ",2,0,0,0,1,1,0,"-29.883256, -61.981949","Camino Rural",,"CERES","San Cristóbal","Tierra","Natural","XIII","Dentro","Rural","Ninguna","No existe","Recta","S/D","S/D","S/D","S/D","S/D","S/D","Colisión","Material Suelto","S/D","Ninguna","Sin restricción"
2015,6439,16/07/2015,"Jueves",0,10:00:00,,"0.0",2,"Automóvil,Bicicleta","Mendoza Y Pueyrredon",2,1,0,0,1,0,0,,"Calle",,"ROSARIO","Rosario","Asfalto","S/D","II","Dentro","Urbana","S/D","S/D","S/D","S/D","S/D","S/D","S/D","S/D","S/D","Atropello","S/D","S/D","S/D","S/D"
2015,6440,30/04/2015,"Jueves",0,,,"0.0",1,"Moto/Ciclomotor"," ",1,0,0,0,0,1,0,"-29.466187, -60.208150","Calle",,"VERA","Vera","S/D","S/D","XIX","S/D","Urbana","S/D","No existe","Recta","S/D","S/D","S/D","S/D","S/D","S/D","Caída ocupante","S/D","S/D","S/D","S/D"
2015,6441,15/07/2015,"Miercoles",0,18:00:00,,"0.0",1,"Moto/Ciclomotor","Av. Avellaneda B Y Mendoza",2,1,0,0,0,0,1,,"Avenida",,"ROSARIO","Rosario","Asfalto","S/D","II","Dentro","Urbana","S/D","S/D","S/D","S/D","S/D","S/D","S/D","S/D","S/D","Colisión","S/D","S/D","S/D","S/D"
2015,6442,14/07/2015,"Martes",0,13:30:00,,"0.0",2,"Moto/Ciclomotor,Automóvil","San Luis Y San Nicolas",2,1,0,0,1,0,0,,"Calle",,"ROSARIO","Rosario","Asfalto","S/D","II","Dentro","Urbana","S/D","S/D","S/D","S/D","S/D","S/D","S/D","S/D","S/D","Colisión","S/D","S/D","S/D","S/D"
2015,6443,01/05/2015,"Viernes",0,,,"0.0",1,"Moto/Ciclomotor"," ",1,0,0,0,0,1,0,"-31.622984, -60.718534","Avenida",,"SANTA FE","La Capital","Hormigón","No existe","I","S/D","Urbana","S/D","S/D","Intersección","Bueno","S/D","S/D","S/D","S/D","S/D","Caída ocupante","S/D","S/D","S/D","S/D"
2015,6444,14/07/2015,"Martes",0,09:00:00,,"0.0",2,"Automóvil,Pickup/Utilitario","Av. Ovidio Lagos Y Mendoza",3,2,0,0,1,0,0,,"Avenida",,"ROSARIO","Rosario","Asfalto","S/D","II","Dentro","Urbana","S/D","S/D","S/D","S/D","S/D","S/D","S/D","S/D","S/D","Colisión","S/D","S/D","S/D","S/D"
2015,6445,02/05/2015,"Sabado",0,,,"0.0",2,"Peatón,Tren"," ",2,0,0,0,1,1,0,"-32.931251, -60.684599","S/D",,"ROSARIO","Rosario","S/D","S/D","II","Dentro","Urbana","S/D","S/D","Paso a Nivel FFCC","S/D","S/D","S/D","S/D","S/D","S/D","Atropello","S/D","S/D","S/D","S/D"
2015,6446,04/05/2015,"Lunes",0,,,"0.0",2,"Peatón,Tren"," ",2,0,0,0,1,1,0,"-32.930783, -60.694716","S/D",,"ROSARIO","Rosario","S/D","S/D","II","Dentro","Urbana","S/D","S/D","Paso a Nivel FFCC","S/D","S/D","S/D","S/D","S/D","S/D","Atropello","S/D","S/D","S/D","S/D"
2015,6447,12/05/2015,"Martes",0,,,"0.0",2,"Otros,Otros"," ",3,0,0,0,0,1,2,"-32.988009, -60.659236","S/D",,"ROSARIO","Rosario","S/D","S/D","II","S/D","Urbana","S/D","S/D","S/D","S/D","S/D","S/D","S/D","S/D","S/D","S/D","S/D","S/D","S/D","S/D"
2015,6448,17/07/2015,"Viernes",0,15:00:00,,"0.0",2,"Pickup/Utilitario,Automóvil","3 De Febrero Y Castellanos",3,2,0,0,1,0,0,,"Calle",,"ROSARIO","Rosario","Asfalto","S/D","II","Dentro","Urbana","S/D","S/D","S/D","S/D","S/D","Diurna","S/D","S/D","S/D","Colisión","S/D","S/D","S/D","S/D"
2015,6449,25/07/2015,"Sabado",0,23:00:00,,"0.0",3,"Vehículo Oficial,Automóvil,Automóvil","San Juan Y Servando Bayo",7,3,0,0,4,0,0,,"Calle",,"ROSARIO","Rosario","Asfalto","S/D","II","Dentro","Urbana","S/D","S/D","S/D","S/D","S/D","Nocturna","S/D","Múltiple","S/D","Colisión","S/D","S/D","S/D","S/D"
2015,6450,16/07/2015,"Jueves",0,07:50:00,,"0.0",2,"Automóvil,Automóvil","Vera Mujica Y San Juan",5,1,0,0,4,0,0,,"Calle",,"ROSARIO","Rosario","Asfalto","S/D","II","Dentro","Urbana","S/D","S/D","S/D","S/D","S/D","Diurna","S/D","S/D","S/D","Colisión","S/D","S/D","S/D","S/D"
2015,6451,24/07/2015,"Viernes",0,18:20:00,,"0.0",2,"Taxi/Remis,Moto/Ciclomotor","Av. Avellaneda B Y E.Zeballos",3,1,0,0,2,0,0,,"Calle",,"ROSARIO","Rosario","Asfalto","S/D","II","Dentro","Urbana","S/D","S/D","S/D","S/D","S/D","Diurna","S/D","S/D","S/D","Colisión","S/D","S/D","S/D","S/D"
2015,6452,14/07/2015,"Martes",0,11:00:00,,"0.0",2,"Vehículo Oficial,Moto/Ciclomotor","Ricchieri Y San Luis",4,3,0,0,1,0,0,,"Calle",,"ROSARIO","Rosario","Asfalto","S/D","II","Dentro","Urbana","S/D","S/D","S/D","S/D","S/D","Diurna","S/D","S/D","S/D","Colisión","S/D","S/D","S/D","S/D"
2015,6453,24/08/2015,"Lunes",0,13:30:00,,"0.0",2,"Moto/Ciclomotor,Pickup/Utilitario","Calle 7 Y Calle 60",2,0,1,0,1,0,0,,"Calle",,"FRONTERA","Castellanos","Asfalto","No existe","V","S/D","Urbana","S/D","No existe","Intersección","Bueno","S/D","Diurna","Buen Tiempo","Lateral","S/D","Colisión","S/D","S/D","S/D","S/D"
2015,6454,03/07/2015,"Viernes",0,20:48:00,,"0.0",2,"Moto/Ciclomotor,Automóvil","Lavalle Y 3 De Febrero",3,3,0,0,0,0,0,,"Calle",,"ROSARIO","Rosario","Asfalto","S/D","II","Dentro","Urbana","S/D","S/D","S/D","S/D","S/D","Diurna","S/D","S/D","S/D","Colisión","S/D","S/D","S/D","S/D"
2015,6455,26/08/2015,"Miercoles",0,16:00:00,,"0.0",1,"Moto/Ciclomotor","Calle 84 200",1,0,1,0,0,0,0,,"Calle",,"FRONTERA","Castellanos","Asfalto","No existe","V","S/D","Urbana","S/D","No existe","Recta","Bueno","Buena","Diurna","Buen Tiempo","Atropello animal","S/D","Colisión","S/D","S/D","S/D","S/D"
2015,6456,20/07/2015,"Lunes",0,22:00:00,,"0.0",2,"Moto/Ciclomotor,Automóvil","San Juan Y Av. Ovidio Lagos",2,1,0,0,1,0,0,,"Avenida",,"ROSARIO","Rosario","Asfalto","S/D","II","Dentro","Urbana","S/D","S/D","S/D","S/D","S/D","Nocturna","S/D","S/D","S/D","Colisión","S/D","S/D","S/D","S/D"
2015,6457,24/05/2015,"Domingo",0,,,"0.0",1,"Automóvil"," ",1,0,0,0,0,1,0,"-32.730438, -60.746429","S/D",,"SAN LORENZO","San Lorenzo","S/D","S/D","XVII","S/D","S/D","S/D","S/D","S/D","S/D","S/D","S/D","S/D","S/D","S/D","S/D","S/D","S/D","S/D","S/D"
2015,6458,16/08/2015,"Domingo",0,15:50:00,,"0.0",2,"Moto/Ciclomotor,Automóvil","Rivarola Y Ferrarotti",2,1,0,0,1,0,0,,"Calle",,"ROSARIO","Rosario","Asfalto","No existe","II","Dentro","Urbana","S/D","No existe","Intersección","Bueno","Buena","Diurna","Buen Tiempo","Lateral","S/D","Colisión","S/D","S/D","S/D","Sin restricción"
2015,6459,28/07/2015,"Martes",0,09:00:00,,"0.0",2,"Automóvil,Bicicleta","Santiago Y San Juan",2,1,0,0,1,0,0,,"Calle",,"ROSARIO","Rosario","Asfalto","S/D","II","Dentro","Urbana","S/D","S/D","S/D","S/D","S/D","Diurna","S/D","S/D","S/D","Atropello","S/D","S/D","S/D","S/D"
2015,6460,07/08/2015,"Viernes",0,12:30:00,,"0.0",2,"Peatón,Automóvil","Bv. 27 De Febrero Y Av. Circunvalacion",2,1,0,0,1,0,0,,"Avenida",,"ROSARIO","Rosario","Asfalto","No existe","II","Dentro","Urbana","Semáforo","Funciona","Intersección","Bueno","Buena","Diurna","Buen Tiempo","S/D","S/D","Atropello","S/D","S/D","S/D","S/D"
2015,6461,24/08/2015,"Lunes",0,16:30:00,,"0.0",2,"Moto/Ciclomotor,Automóvil","Bv. 27 De Febrero Y P.L.Funes",2,1,0,0,1,0,0,,"Avenida",,"ROSARIO","Rosario","Asfalto","No existe","II","Dentro","Urbana","S/D","No existe","Intersección","Bueno","Buena","Diurna","Buen Tiempo","Lateral","S/D","Colisión","Ninguna","Faltante","Barrera de hormigón","Sin restricción"
2015,6462,25/05/2015,"Lunes",0,15:30:00,,"0.0",1,"Moto/Ciclomotor","A Lezama Y L Alem",1,0,0,0,0,1,0,"-29.455555555556,-60.20625","Calle",,"VERA","Vera","S/D","S/D","XIX","Dentro","Urbana","S/D","No existe","Intersección","S/D","Buena","Diurna","S/D","Contra objeto fijo","S/D","Colisión","S/D","S/D","S/D","S/D"
2015,6463,25/05/2015,"Lunes",0,,,"0.0",1,"Otros","Pje. 1373 Y Oriente",1,0,0,0,0,1,0,"-32.898971, -60.709921","Calle",,"ROSARIO","Rosario","S/D","S/D","II","S/D","Urbana","S/D","No existe","Intersección","S/D","S/D","S/D","S/D","S/D","S/D","S/D","S/D","S/D","S/D","S/D"
2015,6464,01/05/2015,"Viernes",0,08:00:00,"Ruta Nacional 11","338.6",2,"Peatón,Tren","Ruta Nac 11 Y Pte Juan D Peron",3,0,0,0,2,1,0,"-32.690707, -60.774402","Ruta",11,"PUERTO SAN MARTÍN","San Lorenzo","Asfalto","Natural","XVII","Dentro","Rural","Ninguna","No existe","Paso a Nivel FFCC","Ahuellamiento","Buena","Diurna","Buen Tiempo","S/D","S/D","Atropello","Ninguna","Horizontal","Línea divisoria pintada","Sin restricción"
2015,6465,02/05/2015,"Sabado",0,23:45:00,"Ruta Nacional A012","62.0",2,"Moto/Ciclomotor,Camión","Ruta Nacional A012 Y Benvenutti",2,0,0,0,1,1,0,"-32.769222, -60.780952","Ruta","A012","RICARDONE","San Lorenzo","Asfalto","Natural","XVII","Dentro","Urbana","Ninguna","No existe","Recta","Resbaladiza","Reducida","Nocturna","Lluvia","Lateral","S/D","Colisión","Agua","Faltante","Línea divisoria pintada","Sin restricción"
2015,6466,04/05/2015,"Lunes",0,18:55:00,,"0.0",1,"Automóvil"," ",1,0,0,0,0,1,0,"-33.095538, -61.816507","Camino Rural",,"ARTEAGA","Caseros","Tierra","Natural","IV","Fuera","Rural","Ninguna","No existe","S/D","S/D","Reducida","Atardecer","Buen Tiempo","Contra objeto fijo","S/D","Colisión,Incendio,Despiste","S/D","Faltante","Ninguna","Sin restricción"
2015,6467,22/08/2015,"Sabado",0,19:30:00,,"0.0",2,"Moto/Ciclomotor,Automóvil","Roullon Y Biedma",2,1,0,0,1,0,0,,"Calle",,"ROSARIO","Rosario","Asfalto","S/D","II","Dentro","Urbana","Ninguna","No existe","Intersección","Con baches","Buena","Diurna","Buen Tiempo","Lateral","S/D","Colisión","Ninguna","S/D","Barrera de hormigón","Sin restricción"
2015,6468,13/08/2015,"Jueves",0,16:50:00,,"0.0",2,"Bicicleta,Automóvil","Godoy Cruz Y Solis",2,1,0,0,1,0,0,,"Avenida",,"ROSARIO","Rosario","Asfalto","No existe","II","Dentro","Urbana","S/D","No existe","Intersección","Bueno","Buena","Diurna","Buen Tiempo","S/D","S/D","Atropello","S/D","Faltante","S/D","Sin restricción"
2015,6469,07/08/2015,"Viernes",0,19:00:00,,"0.0",2,"Bicicleta,Moto/Ciclomotor","Bv. Segui Y Campbell",2,1,0,0,1,0,0,,"Avenida",,"ROSARIO","Rosario","Asfalto","No existe","II","Dentro","Urbana","Semáforo","Funciona","Intersección","Bueno","Buena","Atardecer","Buen Tiempo","S/D","S/D","Atropello","Ninguna","Vertical","Barrera de hormigón","S/D"
2015,6470,02/07/2015,"Jueves",0,19:40:00,,"0.0",2,"Automóvil,Moto/Ciclomotor","San Luis Y Carriego",3,2,0,0,1,0,0,,"Calle",,"ROSARIO","Rosario","Asfalto","S/D","II","Dentro","Urbana","S/D","S/D","S/D","S/D","S/D","Diurna","S/D","S/D","S/D","Colisión","S/D","S/D","S/D","S/D"
2015,6471,04/08/2015,"Martes",0,10:50:00,,"0.0",2,"Moto/Ciclomotor,Automóvil","Godoy Cruz Y F.More",2,1,0,0,1,0,0,,"Calle",,"ROSARIO","Rosario","Asfalto","No existe","II","Dentro","Urbana","Semáforo","Funciona","Intersección","Con baches","Buena","Diurna","Buen Tiempo","Lateral","S/D","Colisión","Ninguna","Vertical","S/D","S/D"
2015,6472,02/07/2015,"Jueves",0,,,"0.0",2,"Peatón,Taxi/Remis","Cordoba Y Ricchieri",2,1,0,0,1,0,0,,"Calle",,"ROSARIO","Rosario","Asfalto","S/D","II","Dentro","Urbana","S/D","S/D","S/D","S/D","S/D","S/D","S/D","S/D","S/D","Atropello","S/D","S/D","S/D","S/D"
2015,6473,12/07/2015,"Domingo",0,19:30:00,,"0.0",2,"Automóvil,Moto/Ciclomotor","Soldado Aguirre 2400",2,1,0,0,1,0,0,,"Calle",,"VILLA GOBERNADOR GÁLVEZ","Rosario","S/D","No existe","II","S/D","Urbana","Ninguna","No existe","Recta","Deteriorada","Buena","Nocturna","Buen Tiempo","Frontal","S/D","Atropello","Material Suelto","Faltante","Cordón divisorio","Sin restricción"
2015,6474,06/08/2015,"Jueves",0,21:50:00,,"0.0",2,"Moto/Ciclomotor,Automóvil","Bv. Segui Y Campbell",3,1,1,0,1,0,0,,"Avenida",,"ROSARIO","Rosario","Asfalto","No existe","II","Dentro","Urbana","S/D","No existe","Intersección","Bueno","Buena","Nocturna","Buen Tiempo","Lateral","S/D","Colisión","S/D","Faltante","Barrera de hormigón","Sin restricción"
2015,6475,01/07/2015,"Miercoles",0,18:30:00,,"0.0",2,"Automóvil,Moto/Ciclomotor","Av. Pellegrini Y Vera Mujica",2,1,0,0,1,0,0,,"Calle",,"ROSARIO","Rosario","Asfalto","S/D","II","Dentro","Urbana","S/D","S/D","S/D","S/D","S/D","Diurna","S/D","S/D","S/D","Colisión","S/D","S/D","S/D","S/D"
2015,6476,01/07/2015,"Miercoles",0,08:30:00,,"0.0",2,"Moto/Ciclomotor,Moto/Ciclomotor","Callao Y Cordoba",2,2,0,0,0,0,0,,"Calle",,"ROSARIO","Rosario","Asfalto","S/D","II","Dentro","Urbana","S/D","S/D","S/D","S/D","S/D","Diurna","S/D","S/D","S/D","Colisión","S/D","S/D","S/D","S/D"
2015,6477,17/07/2015,"Viernes",0,16:30:00,"Ruta Secundaria 22-s","0.0",2,"Moto/Ciclomotor,Pickup/Utilitario","Bordabehere ",2,1,0,0,1,0,0,,"Ruta","22-s","ROSARIO","Rosario","Ripio","Natural","II","Dentro","Urbana","Ninguna","No existe","Intersección","Deteriorada","Buena","Diurna","Otro","S/D","S/D","Colisión","Material Suelto","Faltante","Ninguna","Sin restricción"
2015,6478,17/07/2015,"Viernes",0,23:15:00,,"0.0",2,"Automóvil,Automóvil","Marcos Paz 2900",2,2,0,0,0,0,0,,"Calle",,"VILLA GOBERNADOR GÁLVEZ","Rosario","Tierra","No existe","II","S/D","Urbana","Ninguna","No existe","Intersección","Deteriorada","Buena","Nocturna","Buen Tiempo","Frontal","S/D","Colisión","Material Suelto","Faltante","Ninguna","Sin restricción"
2015,6479,01/07/2015,"Miercoles",0,01:15:00,,"0.0",1,"Moto/Ciclomotor","A F Temporelli 2200",2,2,0,0,0,0,0,,"Calle",,"VILLA GOBERNADOR GÁLVEZ","Rosario","Tierra","No existe","II","Dentro","Urbana","Ninguna","No existe","Intersección","Deteriorada","Buena","Nocturna","Buen Tiempo","Atropello animal","S/D","Colisión","Material Suelto","Faltante","Ninguna","Sin restricción"
2015,6480,04/09/2015,"Viernes",0,19:00:00,,"0.0",2,"Moto/Ciclomotor,Camión","Jose de San Martin Y Belgrano",2,1,0,0,1,0,0,,"Calle",,"CORONDA","San Jerónimo","Hormigón","No existe","XV","Dentro","Urbana","Ninguna","Funciona","Intersección","Bueno","Buena","Diurna","Buen Tiempo","Otro","S/D","Colisión","Otro","Faltante","Barrera de hormigón","Sin restricción"
2015,6481,09/09/2015,"Miercoles",0,10:30:00,,"0.0",2,"Moto/Ciclomotor,Pickup/Utilitario","Lamadrid Y Primera Junta",3,1,0,0,2,0,0,,"Calle",,"SANTA FE","La Capital","S/D","S/D","I","Dentro","Urbana","S/D","S/D","Intersección","S/D","S/D","Diurna","S/D","S/D","S/D","Colisión","S/D","S/D","S/D","S/D"
2015,6482,04/09/2015,"Viernes",0,13:10:00,,"0.0",2,"Moto/Ciclomotor,Automóvil","Av A del Valle Y J M Zuviria",2,1,0,0,1,0,0,,"Calle",,"SANTA FE","La Capital","Hormigón","No existe","I","Dentro","Urbana","Semáforo","Funciona","Recta","Bueno","Buena","Diurna","Buen Tiempo","De alcance","S/D","Colisión","S/D","Vertical","Línea divisoria pintada","Sin restricción"
2015,6483,05/09/2015,"Sabado",0,15:00:00,,"0.0",2,"Automóvil,Automóvil","Av A del Valle Y Iturraspe",3,1,0,0,2,0,0,,"Calle",,"SANTA FE","La Capital","Asfalto","No existe","I","Dentro","Urbana","Ninguna","No existe","Intersección","Bueno","Buena","Diurna","Buen Tiempo","Lateral","S/D","Colisión","S/D","Faltante","Ninguna","Sin restricción"
2015,6484,03/09/2015,"Jueves",0,18:00:00,,"0.0",2,"Moto/Ciclomotor,Automóvil","Av A del Valle Y Pje Larramendi",3,1,0,0,2,0,0,,"Calle",,"SANTA FE","La Capital","Asfalto","No existe","I","Dentro","Urbana","S/D","No existe","Intersección","Bueno","Buena","Diurna","Buen Tiempo","Lateral","S/D","Colisión","S/D","Faltante","Ninguna","Sin restricción"
2015,6485,07/09/2015,"Lunes",0,07:30:00,,"0.0",2,"Bicicleta,Moto/Ciclomotor","Estanislao Zeballos Y Pje Lassaga",2,1,0,0,1,0,0,"-31.603916666667,-60.701722222222","Calle",,"SANTA FE","La Capital","Asfalto","No existe","I","Dentro","Urbana","Ninguna","No existe","Recta","Bueno","Buena","Diurna","Buen Tiempo","De alcance","S/D","Atropello","S/D","Faltante","S/D","Sin restricción"
2015,6486,07/09/2015,"Lunes",0,20:00:00,,"0.0",2,"Moto/Ciclomotor,Automóvil","Av A del Valle Y Espora",2,1,0,0,1,0,0,,"Calle",,"SANTA FE","La Capital","Asfalto","No existe","I","Dentro","Urbana","Ninguna","No existe","Intersección","Bueno","Buena","Nocturna,Con luz artificial","Buen Tiempo","Lateral","S/D","Colisión","S/D","Faltante","Ninguna","Sin restricción"
2015,6487,08/09/2015,"Martes",0,15:00:00,,"0.0",2,"Moto/Ciclomotor,Automóvil","San Jeronimo Y M De Polonia",2,1,0,0,1,0,0,,"Calle",,"SANTA FE","La Capital","Hormigón","No existe","I","Dentro","Urbana","Ninguna","No existe","Intersección","Bueno","Buena","Diurna","Buen Tiempo","Lateral","S/D","Colisión","S/D","Faltante","Línea divisoria pintada","Sin restricción"
2015,6488,01/10/2015,"Jueves",0,21:05:00,,"0.0",2,"Moto/Ciclomotor,Automóvil","Guemes Y Pedro Ferre",2,1,0,0,1,0,0,,"Calle",,"SANTA FE","La Capital","Asfalto","No existe","I","S/D","Urbana","S/D","No existe","Intersección","Bueno","S/D","Nocturna","S/D","Lateral","S/D","Colisión","S/D","S/D","S/D","S/D"
2015,6489,06/10/2015,"Martes",0,09:25:00,"Ruta Nacional 168","0.0",2,"Moto/Ciclomotor,Automóvil","Ruta Nac 168 ",2,1,0,0,0,0,1,,"Ruta",168,"SANTA FE","La Capital","Asfalto","No existe","I","S/D","Urbana","S/D","No existe","Puente","Bueno","Buena","Diurna","S/D","De alcance","S/D","Colisión","S/D","Vertical","S/D","S/D"
2015,6490,06/10/2015,"Martes",0,12:00:00,,"0.0",2,"Moto/Ciclomotor,Automóvil","Belgrano Y Castellanos",2,1,0,0,1,0,0,,"Calle",,"SANTA FE","La Capital","Asfalto","S/D","I","S/D","Urbana","S/D","S/D","Intersección","Bueno","S/D","Diurna","S/D","Lateral","S/D","Colisión","S/D","S/D","S/D","S/D"
2015,6491,07/10/2015,"Miercoles",0,13:55:00,,"0.0",2,"Moto/Ciclomotor,Automóvil","Velez Sarsfield Y Av Leandro Alem",2,1,0,0,1,0,0,,"Avenida",,"SANTA FE","La Capital","Asfalto","S/D","I","S/D","Urbana","S/D","S/D","Intersección","Bueno","Buena","Diurna","S/D","Lateral","S/D","Colisión","S/D","Horizontal,Vertical","S/D","S/D"
2015,6492,09/10/2015,"Viernes",0,13:30:00,,"0.0",2,"Moto/Ciclomotor,Automóvil","Mitre Y Ituzaingo",3,1,0,0,1,0,1,,"Calle",,"SANTA FE","La Capital","Asfalto","S/D","I","S/D","Urbana","S/D","S/D","Intersección","Bueno","Buena","Diurna","S/D","Lateral","S/D","Colisión","S/D","S/D","S/D","S/D"
2015,6493,08/09/2015,"Martes",0,12:50:00,,"0.0",2,"Automóvil,Moto/Ciclomotor"," ",2,1,0,0,1,0,0,,"Calle",,"SANTA FE","La Capital","Asfalto","No existe","I","Dentro","Urbana","S/D","No existe","Recta","Bueno","Buena","Diurna","Buen Tiempo","De alcance","S/D","Colisión","S/D","Faltante","Ninguna","S/D"
2015,6494,09/10/2015,"Viernes",0,20:30:00,,"0.0",2,"Moto/Ciclomotor,Automóvil","Belgrano Y Maipu",2,1,0,0,1,0,0,,"Calle",,"SANTA FE","La Capital","Asfalto","S/D","I","S/D","Urbana","S/D","S/D","Intersección","Bueno","Buena","Nocturna,Con luz artificial","S/D","Lateral","S/D","Colisión","S/D","S/D","S/D","S/D"
2015,6495,11/10/2015,"Domingo",0,07:35:00,,"0.0",2,"Automóvil,Pickup/Utilitario","Bv Galvez Y Rivadavia",2,1,0,0,1,0,0,,"Avenida",,"SANTA FE","La Capital","Asfalto","No existe","I","S/D","S/D","S/D","Funciona","Intersección","Bueno","Buena","Diurna","S/D","De alcance","S/D","Colisión","S/D","Horizontal,Vertical","S/D","S/D"
2015,6496,08/09/2015,"Martes",0,13:50:00,,"0.0",2,"Moto/Ciclomotor,Automóvil","Av Facundo Zuviria Y Juan Del Campillo",3,0,1,0,2,0,0,,"Calle",,"SANTA FE","La Capital","Asfalto","No existe","I","Dentro","Urbana","Semáforo","Funciona","Intersección","Bueno","Buena","Diurna","Buen Tiempo","Lateral","S/D","Colisión","S/D","Vertical","Línea divisoria pintada","Sin restricción"
2015,6497,15/10/2015,"Jueves",0,19:00:00,,"0.0",2,"Moto/Ciclomotor,Automóvil","Guemes Y Bv Galvez",3,1,0,0,2,0,0,,"Calle",,"SANTA FE","La Capital","Asfalto","No existe","I","S/D","Urbana","S/D","Funciona","Intersección","Bueno","Buena","Atardecer","S/D","Lateral","S/D","Colisión","S/D","S/D","S/D","S/D"
2015,6498,25/09/2015,"Viernes",0,20:20:00,,"0.0",1,"Moto/Ciclomotor","Saavedra Y Garay",1,1,0,0,0,0,0,,"S/D",,"CORONDA","San Jerónimo","Tierra","No existe","XV","S/D","Urbana","Ninguna","No existe","Intersección","Con baches","Buena","Con luz artificial","Buen Tiempo","Atropello animal","S/D","Colisión","Otro","Faltante","Ninguna","Sin restricción"
2015,6499,18/07/2015,"Sabado",0,10:30:00,,"0.0",2,"Automóvil,Moto/Ciclomotor","E.Zeballos Y Cafferata",2,1,0,0,1,0,0,,"Calle",,"ROSARIO","Rosario","Asfalto","S/D","II","Dentro","Urbana","S/D","S/D","S/D","S/D","S/D","S/D","S/D","S/D","S/D","Colisión","S/D","S/D","S/D","S/D"
2015,6500,02/07/2015,"Jueves",0,16:30:00,,"0.0",2,"Automóvil,Automóvil","Bv. Avellaneda Y Cordoba",2,1,0,0,1,0,0,,"Calle",,"ROSARIO","Rosario","Asfalto","S/D","II","Dentro","Urbana","S/D","S/D","S/D","S/D","S/D","S/D","S/D","S/D","S/D","Colisión","S/D","S/D","S/D","S/D"
2015,6501,10/09/2015,"Jueves",0,,,"0.0",2,"Moto/Ciclomotor,Moto/Ciclomotor","Av Italia Y Chaco",2,1,0,0,1,0,0,,"Calle",,"RAFAELA","Castellanos","Asfalto","No existe","V","S/D","Urbana","Ninguna","No existe","Intersección","Bueno","Buena","S/D","Buen Tiempo","Lateral","S/D","Colisión","Ninguna","Horizontal","Ninguna","Sin restricción"