"anio_acci","nro_acci","fecha","desc_dia","fecha_aprox","hora_aprox","desc_ruta","km","cant_participantes","desc_participante","calle_avenida_km","total","heridos_leves","heridos_graves","heridos_gravisimos","ilesos","fallecidos","sin_datos","posicion_XY","desc_tipo_via","desc_ruta_ori","desc_loc","desc_dpto","desc_tipo_calzada","desc_tipo_banquina","desc_unidad_regional","desc_lugar_calzada","desc_zona","desc_prioridad","desc_estado_semaforo","desc_lugar_via","desc_estado_via","desc_estado_visibilidad","desc_luminosidad","desc_estado_clima","desc_tipo_colision","desc_tipo_atropello","desc_tipo_hecho","desc_pres_calzada","desc_senializacion","desc_separacion_via","desc_restriccion"
2015,6502,09/09/2015,"Miercoles",0,18:30:00,,"0.0",2,"Moto/Ciclomotor,Pickup/Utilitario","A Marini Y Domingo Silva",2,1,0,0,1,0,0,,"S/D",,"RAFAELA","Castellanos","Hormigón","No existe","V","Dentro","Urbana","Ninguna","No existe","Intersección","Bueno","Buena","Atardecer","Buen Tiempo","Lateral","S/D","Colisión","Ninguna","Horizontal","Ninguna","Sin restricción"
2015,6503,08/09/2015,"Martes",0,,,"0.0",2,"Moto/Ciclomotor,Pickup/Utilitario","Bv G L Lhemann Y 27 de setiembre",2,0,1,0,1,0,0,,"Calle",,"RAFAELA","Castellanos","Asfalto","No existe","V","Dentro","Urbana","Ninguna","No existe","Intersección","Bueno","Buena","S/D","Buen Tiempo","Lateral","S/D","Colisión","S/D","Horizontal","Ninguna","Sin restricción"
2015,6504,17/10/2015,"Sabado",0,09:00:00,,"0.0",2,"Moto/Ciclomotor,Automóvil","Castellanos Y Sarmiento",2,1,0,0,1,0,0,,"Calle",,"SANTA FE","La Capital","Asfalto","S/D","I","Dentro","Urbana","S/D","S/D","Intersección","Bueno","Buena","Diurna","S/D","Lateral","S/D","Colisión","S/D","S/D","S/D","S/D"
2015,6505,17/10/2015,"Sabado",0,23:50:00,,"0.0",2,"Otros,Automóvil","Castellanos Y Las Heras",2,1,0,0,1,0,0,,"Calle",,"SANTA FE","La Capital","Asfalto","S/D","I","S/D","Urbana","S/D","S/D","Intersección","Bueno","Buena","Nocturna,Con luz artificial","S/D","Contra objeto fijo","S/D","Colisión","S/D","S/D","S/D","S/D"
2015,6506,02/09/2015,"Miercoles",0,09:00:00,,"0.0",2,"Moto/Ciclomotor,Moto/Ciclomotor","C Mognascgi Y B I Iturraspe",2,0,1,0,1,0,0,,"Calle",,"RAFAELA","Castellanos","Asfalto","No existe","V","Dentro","Urbana","Ninguna","No existe","Intersección","Bueno","Buena","Diurna","Buen Tiempo","De alcance","S/D","Colisión","S/D","Horizontal","Ninguna","Sin restricción"
2015,6507,02/07/2015,"Jueves",0,06:30:00,,"0.0",2,"Automóvil,Moto/Ciclomotor","Mendoza Y Av. Ovidio Lagos",3,2,0,0,1,0,0,,"Calle",,"ROSARIO","Rosario","Asfalto","S/D","II","Dentro","Urbana","S/D","S/D","S/D","S/D","S/D","Diurna","S/D","S/D","S/D","Colisión","S/D","S/D","S/D","S/D"
2015,6508,20/10/2015,"Martes",0,08:00:00,,"0.0",2,"Bicicleta,Automóvil","Castellanos Y Republica de Siria",2,1,0,0,1,0,0,"-31.635305555556,-60.699472222222","Calle",,"SANTA FE","La Capital","Asfalto","S/D","I","S/D","Urbana","S/D","S/D","Intersección","Bueno","S/D","Diurna","S/D","S/D","S/D","Atropello","S/D","S/D","S/D","S/D"
2015,6509,25/09/2015,"Viernes",0,19:00:00,,"0.0",2,"Moto/Ciclomotor,Automóvil","Tucuman Y Bv Jaime Ferre",5,2,1,0,2,0,0,,"Calle",,"RAFAELA","Castellanos","Asfalto","No existe","II","Dentro","Urbana","Ninguna","No existe","Intersección","Bueno","Buena","Atardecer","Buen Tiempo","Lateral","S/D","Colisión","S/D","Horizontal","Ninguna","Sin restricción"
2015,6510,21/10/2015,"Miercoles",0,09:40:00,"Ruta Nacional 168","0.0",2,"Pickup/Utilitario,Pickup/Utilitario","Ruta Nac 168 ",2,1,0,0,1,0,0,,"Ruta",168,"SANTA FE","La Capital","Asfalto","S/D","I","S/D","Urbana","S/D","S/D","Intersección","Bueno","Buena","Diurna","S/D","Lateral","S/D","Colisión","S/D","Horizontal,Vertical","S/D","S/D"
2015,6511,13/09/2015,"Domingo",0,16:05:00,,"0.0",2,"Moto/Ciclomotor,Taxi/Remis","Lopez Y Av Buenos Aires",2,1,0,0,1,0,0,,"Calle",,"LÓPEZ","San Jerónimo","Ripio","S/D","XV","Dentro","Urbana","S/D","S/D","Rotonda","Bueno","Buena","Diurna","Buen Tiempo","Lateral","S/D","Colisión","S/D","S/D","S/D","S/D"
2015,6512,20/09/2015,"Domingo",0,19:00:00,,"0.0",2,"Automóvil,Bicicleta","Santa Fe Y Islas Malvinas",2,1,0,0,1,0,0,,"Calle",,"CENTENO","San Jerónimo","Asfalto","No existe","XV","Dentro","Urbana","Ninguna","No existe","Recta","Bueno","Buena","Atardecer","Buen Tiempo","S/D","S/D","Atropello","S/D","S/D","Ninguna","Sin restricción"
2015,6513,19/09/2015,"Sabado",0,19:30:00,"Ruta Nacional 11","0.0",2,"Moto/Ciclomotor,Pickup/Utilitario","Santa Virginia ",3,1,0,0,2,0,0,,"Ruta",11,"AROCENA","San Jerónimo","Asfalto","Natural","XV","Dentro","Urbana","Ninguna","No existe","Intersección","Bueno","Buena","Atardecer,Con luz artificial","Buen Tiempo","Frontal","S/D","Colisión","S/D","S/D","Línea divisoria pintada","Sin restricción"
2015,6514,26/09/2015,"Sabado",0,22:00:00,"Ruta Secundaria 80-s","0.0",1,"Automóvil"," ",2,1,1,0,0,0,0,,"Ruta","80-s","GÁLVEZ","San Jerónimo","Asfalto","Natural","XV","Dentro","Urbana","S/D","No existe","Recta","S/D","Reducida","Nocturna","Buen Tiempo","S/D","S/D","Vuelco","S/D","S/D","Ninguna","Sin restricción"
2015,6515,09/09/2015,"Miercoles",0,11:15:00,,"0.0",3,"Bicicleta,Automóvil,Pickup/Utilitario","Suipacha Y Pje Alfonso",4,1,0,0,3,0,0,,"Calle",,"SANTA FE","La Capital","Asfalto","No existe","I","Dentro","Urbana","Ninguna","No existe","Intersección","Bueno","Buena","Diurna","Buen Tiempo","S/D","S/D","Atropello","S/D","Faltante","Cordón divisorio","Sin restricción"
2015,6516,22/10/2015,"Jueves",0,11:05:00,,"0.0",3,"Moto/Ciclomotor,Automóvil,Camión","Bv Galvez 1900",3,1,0,0,2,0,0,,"Avenida",,"SANTA FE","La Capital","Asfalto","S/D","I","S/D","Urbana","Semáforo","Funciona","Recta","Bueno","Buena","Diurna","Buen Tiempo","Múltiple","S/D","Colisión","S/D","Horizontal,Vertical","S/D","S/D"
2015,6517,01/09/2015,"Martes",0,13:20:00,,"0.0",2,"Moto/Ciclomotor,Automóvil","Hipolito Yrigoyen Y Juan Diaz de Solis",3,2,0,0,1,0,0,,"Calle",,"SANTA FE","La Capital","Asfalto","No existe","I","Dentro","Urbana","Ninguna","No existe","Intersección","Bueno","Buena","Diurna","Buen Tiempo","Lateral","S/D","Colisión","S/D","Faltante","Cordón divisorio","Sin restricción"
2015,6518,26/09/2015,"Sabado",0,18:35:00,,"0.0",2,"Moto/Ciclomotor,Moto/Ciclomotor","Belgrano Y Lisandro de la Torre",2,2,0,0,0,0,0,,"Calle",,"GÁLVEZ","San Jerónimo","Asfalto","No existe","XV","Dentro","Urbana","Ninguna","No existe","Intersección","Bueno","Buena","Diurna","Buen Tiempo","S/D","S/D","Colisión","S/D","S/D","Ninguna","Sin restricción"
2015,6519,03/09/2015,"Jueves",0,21:00:00,,"0.0",2,"Moto/Ciclomotor,Pickup/Utilitario","San Jose Y La Rioja",2,1,0,0,1,0,0,,"Calle",,"SANTA FE","La Capital","S/D","S/D","I","Dentro","Urbana","S/D","S/D","Intersección","S/D","S/D","S/D","S/D","S/D","S/D","Colisión","S/D","S/D","S/D","S/D"
2015,6520,22/10/2015,"Jueves",0,21:45:00,,"0.0",2,"Automóvil,Moto/Ciclomotor","Sarmiento Y Cordoba",2,2,0,0,0,0,0,,"Calle",,"SANTA FE","La Capital","Asfalto","S/D","I","S/D","Urbana","S/D","S/D","Intersección","Bueno","Buena","Nocturna,Con luz artificial","Buen Tiempo","Lateral","S/D","Colisión","S/D","S/D","S/D","S/D"
2015,6521,24/10/2015,"Sabado",0,19:30:00,,"0.0",2,"Moto/Ciclomotor,Automóvil","Bv Galvez Y Republica de Siria",2,1,0,0,1,0,0,,"Avenida",,"SANTA FE","La Capital","Asfalto","S/D","I","S/D","Urbana","S/D","Funciona","Intersección","Bueno","Buena","Nocturna,Con luz artificial","Buen Tiempo","Lateral","S/D","Colisión","S/D","S/D","S/D","S/D"
2015,6522,29/10/2015,"Jueves",0,15:00:00,,"0.0",2,"Moto/Ciclomotor,Pickup/Utilitario","Castellanos Y Belgrano",2,1,0,0,1,0,0,,"Calle",,"SANTA FE","La Capital","Asfalto","S/D","I","S/D","Urbana","S/D","S/D","Intersección","Bueno","Buena","Diurna","S/D","Lateral","S/D","Colisión","S/D","S/D","S/D","S/D"
2015,6523,01/07/2015,"Miercoles",0,15:30:00,,"0.0",2,"Pickup/Utilitario,Automóvil","Mendoza Y Cafferata",3,3,0,0,0,0,0,,"Calle",,"ROSARIO","Rosario","Asfalto","S/D","II","Dentro","Urbana","S/D","S/D","S/D","S/D","S/D","S/D","S/D","S/D","S/D","Colisión","S/D","S/D","S/D","S/D"
2015,6524,08/10/2015,"Jueves",0,15:00:00,,"0.0",2,"Automóvil,Moto/Ciclomotor","San Martin Y Alberti",2,1,0,0,1,0,0,,"Calle",,"SANTA FE","La Capital","Asfalto,Hormigón","No existe","I","Dentro","Urbana","Ninguna","No existe","Intersección","Otro","Buena","Diurna","Buen Tiempo","Otro","S/D","Colisión","Ninguna","Faltante","Ninguna","Sin restricción"
2015,6525,10/10/2015,"Sabado",0,11:45:00,,"0.0",2,"Automóvil,Moto/Ciclomotor","Iturraspe Y 4 de Enero",3,1,0,0,2,0,0,,"Calle",,"SANTA FE","La Capital","Hormigón","No existe","I","Dentro","Urbana","Otra Señal","No existe","Intersección","Bueno","Buena","Diurna","Buen Tiempo","Lateral","S/D","Colisión","Ninguna","Faltante","Ninguna","Sin restricción"
2015,6526,10/10/2015,"Sabado",0,20:30:00,,"0.0",2,"Automóvil,Moto/Ciclomotor","Av A del Valle Y Martin Zapata",3,2,0,0,1,0,0,,"Avenida",,"SANTA FE","La Capital","Hormigón","No existe","I","Dentro","Urbana","Ninguna","No existe","Intersección","Bueno","Buena","Nocturna,Con luz artificial","Buen Tiempo","Lateral","S/D","Colisión","Ninguna","Faltante","Ninguna","Sin restricción"
2015,6527,13/10/2015,"Martes",0,13:40:00,,"0.0",2,"Automóvil,Moto/Ciclomotor","9 de Julio Y Risso",2,1,0,0,1,0,0,,"Calle",,"SANTA FE","La Capital","Asfalto,Ripio","No existe","I","Dentro","Urbana","Ninguna","No existe","Intersección","Bueno","Buena","Diurna","Otro","Lateral","S/D","Colisión","Ninguna","Faltante","Ninguna","Sin restricción"
2015,6528,28/10/2015,"Miercoles",0,13:20:00,,"0.0",2,"Moto/Ciclomotor,Camión","Martin Zapata Y Pje Ingenieros",2,1,0,0,1,0,0,,"Calle",,"SANTA FE","La Capital","Hormigón","No existe","I","Dentro","Urbana","S/D","No existe","S/D","Bueno","Buena","Diurna","S/D","S/D","S/D","Colisión","S/D","Faltante","Ninguna","Sin restricción"
2015,6529,29/10/2015,"Jueves",0,11:30:00,,"0.0",2,"Peatón,Moto/Ciclomotor","Alberti Y 1ro de Mayo",2,1,0,0,1,0,0,"-31.601055555556,-60.697138888889","Calle",,"SANTA FE","La Capital","Asfalto","No existe","I","Dentro","Urbana","Ninguna","No existe","Recta","Bueno","Buena","Diurna","Lluvia","S/D","S/D","Atropello","S/D","Faltante","Ninguna","Sin restricción"
2015,6530,29/10/2015,"Jueves",0,13:20:00,,"0.0",2,"Automóvil,Automóvil","Alberti Y Av A del Valle",2,1,0,0,1,0,0,,"Calle",,"SANTA FE","La Capital","Asfalto","No existe","I","Dentro","Urbana","Ninguna","No existe","Intersección","Bueno","Buena","Diurna","Lluvia","Lateral","S/D","Colisión","S/D","Faltante","S/D","Sin restricción"
2015,6531,14/10/2015,"Miercoles",0,20:20:00,,"0.0",2,"Moto/Ciclomotor,Automóvil","Av A del Valle Y Llerena",2,1,0,0,1,0,0,,"Avenida",,"SANTA FE","La Capital","Hormigón","No existe","I","Dentro","Urbana","Semáforo","Funciona","Intersección","Bueno","Buena","Nocturna,Con luz artificial","Buen Tiempo","Lateral","S/D","Colisión","Ninguna","Vertical","Línea divisoria pintada","Sin restricción"
2015,6532,25/10/2015,"Domingo",0,09:15:00,,"0.0",2,"Automóvil,Moto/Ciclomotor","Bv Pellegrini 3800",3,2,0,0,1,0,0,,"Calle",,"SANTA FE","La Capital","Asfalto","No existe","I","Dentro","Urbana","S/D","No existe","Curva","Bueno","Buena","Diurna","Buen Tiempo","Lateral","S/D","Colisión","S/D","S/D","Cordón divisorio","Sin restricción"
2015,6533,21/10/2015,"Miercoles",0,14:15:00,,"0.0",2,"Automóvil,Moto/Ciclomotor","Bv Pellegrini 3700",2,1,0,0,1,0,0,,"Calle",,"SANTA FE","La Capital","Asfalto","No existe","I","Dentro","Urbana","Semáforo","Funciona","Intersección","Bueno","Buena","Diurna","Buen Tiempo","Lateral","S/D","Colisión","S/D","Vertical","Cordón divisorio","Sin restricción"
2015,6534,10/10/2015,"Sabado",0,17:00:00,,"0.0",2,"Automóvil,Moto/Ciclomotor","Salvador Caputo Y Roque Saenz Peña",2,1,0,0,1,0,0,,"Calle",,"SANTA FE","La Capital","Asfalto","No existe","I","Dentro","Urbana","Ninguna","No existe","Intersección","Resbaladiza","Buena","Diurna","Buen Tiempo","Lateral","S/D","Colisión","Agua","Faltante","Cordón divisorio","Sin restricción"
2015,6535,16/10/2015,"Viernes",0,11:34:00,,"0.0",2,"Moto/Ciclomotor,Automóvil","San Martin Y Juan Del Campillo",2,1,0,0,1,0,0,,"Calle",,"SANTA FE","La Capital","Hormigón","No existe","I","Dentro","Urbana","Ninguna","No existe","Intersección","Bueno,Con baches","Buena","Diurna","Buen Tiempo","Lateral","S/D","Colisión","Ninguna","Faltante","Ninguna","Sin restricción"
2015,6536,02/10/2015,"Viernes",0,22:00:00,,"0.0",2,"Moto/Ciclomotor,Pickup/Utilitario","Zavalia Y Pietranera",2,1,0,0,1,0,0,,"Calle",,"SANTA FE","La Capital","Asfalto","Pavimento","I","Dentro","Urbana","Ninguna","No existe","Intersección","Bueno","Reducida","Nocturna,Con luz artificial","Buen Tiempo","Lateral","S/D","Colisión","S/D","Horizontal","Ninguna","Sin restricción"
2015,6537,18/10/2015,"Domingo",0,08:35:00,,"0.0",2,"Moto/Ciclomotor,Automóvil","Av Facundo Zuviria 4700",2,1,0,0,1,0,0,,"Avenida",,"SANTA FE","La Capital","Hormigón","No existe","I","Dentro","Urbana","Semáforo","Funciona","Recta","Bueno","Buena","Diurna","Buen Tiempo","De alcance","S/D","Colisión","Ninguna","Vertical","Línea divisoria pintada","Sin restricción"
2015,6538,28/09/2015,"Lunes",0,02:30:00,,"0.0",2,"Moto/Ciclomotor,Automóvil","Pedro Alejandro Vittori Y Martin Zapata",2,1,0,0,1,0,0,,"Calle",,"SANTA FE","La Capital","Hormigón","No existe","I","Dentro","Urbana","Otra Señal","No existe","Intersección","Bueno","Buena","Nocturna,Con luz artificial","Buen Tiempo","S/D","S/D","Colisión","Ninguna","Faltante","Línea divisoria pintada","Sin restricción"
2015,6539,19/10/2015,"Lunes",0,23:45:00,,"0.0",2,"Moto/Ciclomotor,Tracción animal / Carro","Pedro Alejandro Vittori Y Padilla",2,2,0,0,0,0,0,,"Calle",,"SANTA FE","La Capital","Hormigón","No existe","I","Dentro","Urbana","Otra Señal","No existe","Intersección","Bueno","Buena","Nocturna,Con luz artificial","Buen Tiempo","Lateral","S/D","Colisión","Ninguna","Horizontal","Línea divisoria pintada","Sin restricción"
2015,6540,20/10/2015,"Martes",0,21:30:00,,"0.0",2,"Automóvil,Automóvil","San Martin Y Espora",4,2,0,0,2,0,0,,"Calle",,"SANTA FE","La Capital","Asfalto","Ripio","I","Dentro","Urbana","Ninguna","No existe","Intersección","Con baches","Buena","Nocturna,Con luz artificial","Buen Tiempo","Lateral","S/D","Colisión","Otro","Faltante","Ninguna","Sin restricción"
2015,6541,03/09/2015,"Jueves",0,08:00:00,,"0.0",2,"Moto/Ciclomotor,Automóvil","Bv Pellegrini Y San Lorenzo",2,1,0,0,0,0,1,,"Calle",,"SANTA FE","La Capital","S/D","S/D","I","S/D","Urbana","S/D","S/D","Intersección","S/D","S/D","Diurna","Buen Tiempo","S/D","S/D","Colisión","S/D","S/D","S/D","S/D"
2015,6542,20/10/2015,"Martes",0,22:15:00,,"0.0",2,"Moto/Ciclomotor,Automóvil","Juan Del Campillo Y Pedro Alejandro Vittori",2,1,0,0,1,0,0,,"Calle",,"SANTA FE","La Capital","Hormigón","No existe","I","Dentro","Urbana","Otra Señal","No existe","Intersección","Bueno,Con baches","Buena","Nocturna,Con luz artificial","Buen Tiempo","Lateral","S/D","Colisión","Ninguna","Horizontal","Línea divisoria pintada","Sin restricción"
2015,6543,27/10/2015,"Martes",0,19:00:00,,"0.0",2,"Moto/Ciclomotor,Automóvil","San Jeronimo Y Iturraspe",3,2,0,0,1,0,0,,"Calle",,"SANTA FE","La Capital","Hormigón","No existe","I","Dentro","Urbana","Otra Señal","No existe","Intersección","Bueno,Con baches","Buena","Diurna","Lluvia","Lateral","S/D","Colisión","S/D","Faltante","Línea divisoria pintada","Sin restricción"
2015,6544,18/07/2015,"Sabado",0,17:40:00,,"0.0",2,"Moto/Ciclomotor,Automóvil","Av. Pellegrini Y Lima",2,1,0,0,1,0,0,,"Calle",,"ROSARIO","Rosario","Asfalto","S/D","II","Dentro","Urbana","S/D","S/D","S/D","S/D","S/D","Diurna","S/D","S/D","S/D","Colisión","S/D","S/D","S/D","S/D"
2015,6545,19/08/2015,"Miercoles",0,09:55:00,,"0.0",3,"Moto/Ciclomotor,Automóvil,Pickup/Utilitario","Junin Y Suiza",4,2,0,0,1,0,1,,"Calle",,"ROSARIO","Rosario","Asfalto","S/D","II","S/D","Urbana","S/D","S/D","Intersección","S/D","S/D","Diurna","S/D","Otro","S/D","Colisión","S/D","S/D","S/D","S/D"
2015,6546,06/09/2015,"Domingo",0,23:15:00,,"0.0",2,"Bicicleta,Automóvil","Santiago de Chile Y Mendoza",2,1,0,0,1,0,0,"-31.644861111111,-60.724","Calle",,"SANTA FE","La Capital","S/D","S/D","I","S/D","Urbana","S/D","S/D","Intersección","S/D","S/D","Nocturna","S/D","S/D","S/D","Atropello","S/D","S/D","S/D","S/D"
2015,6547,11/10/2015,"Domingo",0,08:00:00,,"0.0",2,"Peatón,Transporte de Pasajeros Urbano (> 8 asientos)","J J Paso Y Dr Zavalla",2,1,0,0,1,0,0,"-31.661166666667,-60.724583333333","Calle",,"SANTA FE","La Capital","Asfalto","No existe","I","Dentro","Urbana","S/D","No existe","S/D","Con baches","Buena","Diurna","Buen Tiempo","S/D","S/D","Otro","Ninguna","Faltante","Ninguna","Sin restricción"
2015,6548,05/10/2015,"Lunes",0,12:30:00,,"0.0",2,"Moto/Ciclomotor,Pickup/Utilitario","Av Freyre Y Uruguay",2,1,0,0,1,0,0,,"Calle",,"SANTA FE","La Capital","Asfalto","No existe","I","Dentro","Urbana","Ninguna","No existe","Intersección","Con baches","Buena","Diurna","Buen Tiempo","Lateral","S/D","Colisión","S/D","Faltante","Ninguna","Sin restricción"
2015,6549,04/10/2015,"Domingo",0,11:40:00,,"0.0",3,"Automóvil,Pickup/Utilitario,Automóvil","PUENTE CARRETERO ",4,0,0,0,2,0,2,,"Calle",,"SANTA FE","La Capital","S/D","S/D","I","Dentro","Urbana","S/D","S/D","S/D","S/D","S/D","Diurna","S/D","Múltiple","S/D","Colisión","S/D","S/D","S/D","S/D"
2015,6550,01/10/2015,"Jueves",0,13:10:00,,"0.0",2,"Moto/Ciclomotor,Peatón","Corrientes Y Av Mosconi",2,1,0,0,1,0,0,"-31.649833333333,-60.730527777778","Calle",,"SANTA FE","La Capital","Asfalto","No existe","I","Dentro","Urbana","Ninguna","No existe","Intersección","Con baches","Buena","Diurna","Buen Tiempo","S/D","S/D","Atropello","S/D","Faltante","Ninguna","Sin restricción"
2015,6551,03/09/2015,"Jueves",0,14:35:00,,"0.0",2,"Moto/Ciclomotor,Automóvil","9 de Julio 6451",2,1,0,0,1,0,0,,"Calle",,"SANTA FE","La Capital","Asfalto","S/D","I","Dentro","Urbana","Ninguna","No existe","Recta","Bueno","Buena","Diurna","Buen Tiempo","Contra objeto fijo","S/D","Colisión","Ninguna","Faltante","Ninguna","Sin restricción"
2015,6552,14/10/2015,"Miercoles",0,07:40:00,,"0.0",2,"Automóvil,Moto/Ciclomotor","Entre Rios Y Francia",2,1,0,0,1,0,0,,"Calle",,"SANTA FE","La Capital","Asfalto","No existe","I","Dentro","Urbana","Ninguna","No existe","Intersección","Con baches","Buena","Diurna","Buen Tiempo","De alcance","S/D","Colisión","Ninguna","Faltante","Ninguna","Sin restricción"
2015,6553,30/09/2015,"Miercoles",0,20:30:00,,"0.0",2,"Moto/Ciclomotor,Automóvil","Av Freyre Y Moreno",2,1,0,0,1,0,0,,"Calle",,"SANTA FE","La Capital","Asfalto","No existe","I","Dentro","Urbana","Ninguna","No existe","Intersección","Bueno","Buena","Nocturna","Buen Tiempo","Lateral","S/D","Colisión","S/D","Faltante","Ninguna","Sin restricción"
2015,6554,03/09/2015,"Jueves",0,19:00:00,,"0.0",2,"Bicicleta,Taxi/Remis","4 de Enero 4301",2,1,0,0,1,0,0,"-31.627138888889,-60.706416666667","Calle",,"SANTA FE","La Capital","Asfalto","No existe","I","Dentro","Urbana","Ninguna","No existe","Recta","Bueno","Buena","Atardecer","Buen Tiempo","S/D","S/D","Atropello","Ninguna","Faltante","Ninguna","Sin restricción"
2015,6555,30/09/2015,"Miercoles",0,17:40:00,,"0.0",2,"Pickup/Utilitario,Moto/Ciclomotor","PUENTE CARRETERO ",2,1,0,0,1,0,0,,"Calle",,"SANTA FE","La Capital","Asfalto","Pavimento","I","Dentro","Urbana","Ninguna","No existe","Recta","Con baches","Buena","Diurna","Buen Tiempo","De alcance","S/D","Colisión","S/D","Faltante","Ninguna","Sin restricción"
2015,6556,30/09/2015,"Miercoles",0,09:30:00,,"0.0",2,"Moto/Ciclomotor,Automóvil","J J Paso 3100",2,1,0,0,1,0,0,,"Calle",,"SANTA FE","La Capital","Asfalto","No existe","I","Dentro","Urbana","Ninguna","No existe","Recta","Bueno","Buena","Diurna","Buen Tiempo","Lateral","S/D","Colisión","S/D","Faltante","Cordón divisorio","Sin restricción"
2015,6557,29/09/2015,"Martes",0,19:10:00,,"0.0",2,"Automóvil,Bicicleta","Corrientes Y Juan Diaz de Solis",2,1,0,0,1,0,0,"-31.650222222222,-60.7285","Calle",,"SANTA FE","La Capital","Asfalto","No existe","I","Dentro","Urbana","Ninguna","No existe","Intersección","Bueno","Reducida","Atardecer","Lluvia","De alcance","S/D","Atropello","Agua","Faltante","Ninguna","Sin restricción"
2015,6558,12/10/2015,"Lunes",0,19:05:00,"Ruta Nacional 11","0.0",2,"Camión,Moto/Ciclomotor","Av Leandro Alem ",3,0,1,0,2,0,0,,"Ruta",11,"SANTA FE","La Capital","Asfalto","Pavimento","I","Fuera","Urbana","Ninguna","No existe","Recta","Con baches","Buena","Atardecer","Buen Tiempo","Lateral","S/D","Colisión","Ninguna","Faltante","Ninguna","Sin restricción"
2015,6559,29/09/2015,"Martes",0,08:40:00,,"0.0",2,"Moto/Ciclomotor,Pickup/Utilitario","Av Circunvalación ",2,1,0,0,1,0,0,,"Calle",,"SANTA FE","La Capital","Asfalto","Pavimento","I","Dentro","Urbana","Ninguna","No existe","Recta","Con baches","Buena","Diurna","Lluvia","De alcance","S/D","Colisión","Agua","Faltante","Cordón divisorio","Sin restricción"
2015,6560,01/10/2015,"Jueves",0,08:00:00,,"0.0",2,"Automóvil,Transporte de Pasajeros Urbano (> 8 asientos)","Av A del Valle Y Pedro Centeno",3,1,0,0,2,0,0,,"Calle",,"SANTA FE","La Capital","Hormigón","No existe","I","Dentro","Urbana","Ninguna","No existe","Recta","Bueno","Buena","Diurna","Buen Tiempo","De alcance","S/D","Colisión","S/D","Horizontal","Línea divisoria pintada","Sin restricción"
2015,6561,12/10/2015,"Lunes",0,19:05:00,"Ruta Nacional 11","0.0",2,"Automóvil,Automóvil","Av Leandro Alem ",3,2,0,0,0,0,1,,"Ruta",11,"SANTA FE","La Capital","Asfalto","Pavimento","I","Dentro","Urbana","Ninguna","No existe","Recta","Con baches","Buena","Atardecer","Buen Tiempo","De alcance","S/D","Colisión","Ninguna","Faltante","Ninguna","Sin restricción"
2015,6562,10/10/2015,"Sabado",0,12:30:00,"Ruta Nacional 11","0.0",1,"Moto/Ciclomotor","Av Leandro Alem ",3,1,0,0,2,0,0,,"Ruta",11,"SANTA FE","La Capital","Asfalto","Pavimento","I","Dentro","Urbana","Ninguna","No existe","Recta","Con baches","Buena","Diurna","Buen Tiempo","S/D","S/D","Otro","Ninguna","Faltante","Ninguna","Sin restricción"
2015,6563,09/10/2015,"Viernes",0,19:40:00,,"0.0",2,"Automóvil,Bicicleta","Dr Zavalla Y 3 de Febrero",2,1,0,0,1,0,0,"-31.655944444444,-60.723138888889","Calle",,"SANTA FE","La Capital","Asfalto","No existe","I","Dentro","Urbana","S/D","No existe","Intersección","Con baches","Buena","Atardecer","Buen Tiempo","S/D","S/D","Atropello","Ninguna","Faltante","Ninguna","Sin restricción"
2015,6564,08/10/2015,"Jueves",0,22:30:00,,"0.0",2,"Peatón,Automóvil","3 de Febrero 3795",2,1,0,0,1,0,0,"-31.655527777778,-60.725833333333","S/D",,"SANTA FE","La Capital","S/D","S/D","I","Fuera","Urbana","S/D","S/D","Otro","S/D","S/D","Nocturna","Buen Tiempo","S/D","S/D","Atropello","S/D","S/D","S/D","S/D"
2015,6565,07/10/2015,"Miercoles",0,07:30:00,,"0.0",2,"Moto/Ciclomotor,Pickup/Utilitario","3 de Febrero Y San Lorenzo",2,1,0,0,1,0,0,,"Calle",,"SANTA FE","La Capital","Asfalto","No existe","I","Dentro","Urbana","Ninguna","No existe","Intersección","Con baches","Buena","Diurna","Buen Tiempo","Lateral","S/D","Colisión","Ninguna","Faltante","Ninguna","Sin restricción"
2015,6566,06/10/2015,"Martes",0,16:15:00,,"0.0",2,"Pickup/Utilitario,Moto/Ciclomotor","J J Paso 3500",2,1,0,0,1,0,0,,"Calle",,"SANTA FE","La Capital","Asfalto","No existe","I","Dentro","Urbana","Ninguna","No existe","Intersección","Con baches","Buena","Diurna","Buen Tiempo","Lateral","S/D","Colisión","Ninguna","Faltante","Ninguna","Sin restricción"
2015,6567,03/10/2015,"Sabado",0,22:10:00,,"0.0",2,"Automóvil,Pickup/Utilitario","Luciano Torrent Y San Jeronimo",2,2,0,0,0,0,0,,"Calle",,"SANTA FE","La Capital","Hormigón","No existe","I","Dentro","Urbana","Ninguna","No existe","Intersección","Bueno","Buena","Nocturna,Con luz artificial","Buen Tiempo","Lateral","S/D","Colisión","S/D","Faltante","Ninguna","Sin restricción"