"anio_acci","nro_acci","fecha","desc_dia","fecha_aprox","hora_aprox","desc_ruta","km","cant_participantes","desc_participante","calle_avenida_km","total","heridos_leves","heridos_graves","heridos_gravisimos","ilesos","fallecidos","sin_datos","posicion_XY","desc_tipo_via","desc_ruta_ori","desc_loc","desc_dpto","desc_tipo_calzada","desc_tipo_banquina","desc_unidad_regional","desc_lugar_calzada","desc_zona","desc_prioridad","desc_estado_semaforo","desc_lugar_via","desc_estado_via","desc_estado_visibilidad","desc_luminosidad","desc_estado_clima","desc_tipo_colision","desc_tipo_atropello","desc_tipo_hecho","desc_pres_calzada","desc_senializacion","desc_separacion_via","desc_restriccion"
2015,6568,06/10/2015,"Martes",0,17:00:00,,"0.0",2,"Moto/Ciclomotor,Pickup/Utilitario","Angel Cassanello Y San Jeronimo",2,0,1,0,1,0,0,,"Calle",,"SANTA FE","La Capital","Hormigón","No existe","I","Dentro","Urbana","Ninguna","No existe","Intersección","Bueno","Buena","Diurna","Buen Tiempo","Lateral","S/D","Colisión","Ninguna","Faltante","Ninguna","Sin restricción"
2015,6569,04/09/2015,"Viernes",0,19:00:00,,"0.0",4,"Automóvil,Pickup/Utilitario,Automóvil,Automóvil","Av Gral Bartolome Mitre Y Jose Ingenieros",4,1,0,0,3,0,0,,"Avenida",,"RAFAELA","Castellanos","S/D","No existe","V","Dentro","Urbana","Ninguna","No existe","Intersección","Bueno","Buena","Nocturna","Buen Tiempo","Múltiple","S/D","Colisión","Ninguna","Faltante","Ninguna","Sin restricción"
2015,6570,17/10/2015,"Sabado",0,14:30:00,,"0.0",2,"Peatón,Vehículo Oficial","Roque Saenz Peña 900",4,0,1,0,3,0,0,"-31.661055555556,-60.729666666667","Calle",,"SANTA FE","La Capital","Tierra","No existe","I","Dentro","Urbana","Ninguna","No existe","Recta","Deteriorada","Buena","Diurna","Buen Tiempo","S/D","S/D","Atropello","Ninguna","Faltante","Ninguna","Sin restricción"
2015,6571,17/10/2015,"Sabado",0,14:00:00,,"0.0",2,"Moto/Ciclomotor,Moto/Ciclomotor","Av Freyre Y Av Gral Lopez",2,2,0,0,0,0,0,,"Avenida",,"SANTA FE","La Capital","Asfalto","No existe","I","Dentro","Urbana","Ninguna","No existe","Intersección","Con baches","Buena","Diurna","Buen Tiempo","Lateral","S/D","Colisión","Ninguna","Faltante","Ninguna","Sin restricción"
2015,6572,16/10/2015,"Viernes",0,20:30:00,,"0.0",2,"Moto/Ciclomotor,Pickup/Utilitario","Corrientes Y Dr Zavalla",2,1,0,0,0,0,1,,"Calle",,"SANTA FE","La Capital","Asfalto","No existe","I","Dentro","Urbana","Ninguna","No existe","Intersección","Con baches","Buena","Nocturna","Buen Tiempo","Lateral","S/D","Colisión","Ninguna","Faltante","Ninguna","Sin restricción"
2015,6573,31/10/2015,"Sabado",0,,,"0.0",2,"Automóvil,Peatón","Belgrano Y Pedro Centeno",2,1,0,0,0,0,1,"-31.628277777778,-60.69625","Calle",,"SANTA FE","La Capital","S/D","S/D","I","S/D","Urbana","S/D","S/D","S/D","S/D","S/D","S/D","S/D","S/D","S/D","Atropello","S/D","S/D","S/D","S/D"
2015,6574,31/08/2015,"Lunes",0,15:30:00,,"0.0",2,"Moto/Ciclomotor,Automóvil","Gabriel Maggi Y 25 de Mayo",2,1,0,0,1,0,0,,"Calle",,"RAFAELA","Castellanos","Hormigón","No existe","V","S/D","Urbana","Ninguna","No existe","Intersección","Bueno","Buena","Diurna","Buen Tiempo","Lateral","S/D","Colisión","Ninguna","Horizontal","Ninguna","Sin restricción"
2015,6575,18/09/2015,"Viernes",0,19:30:00,"Ruta Nacional 34","0.0",2,"Moto/Ciclomotor,Automóvil","Ruta Nac 34 Gral Guemes ",2,1,1,0,0,0,0,,"Ruta",34,"RAFAELA","Castellanos","Asfalto","Natural","V","S/D","S/D","Ninguna","No existe","Recta","Bueno","Buena","Atardecer","Buen Tiempo","De alcance","S/D","Colisión","Ninguna","Vertical","Ninguna","Sin restricción"
2015,6576,16/09/2015,"Miercoles",0,,,"0.0",2,"Moto/Ciclomotor,Pickup/Utilitario","Bv Jaime Ferre Y A Marini",2,1,0,0,1,0,0,,"Calle",,"RAFAELA","Castellanos","Hormigón","No existe","V","S/D","Urbana","Ninguna","No existe","Intersección","Bueno","Buena","S/D","Buen Tiempo","Lateral","S/D","Colisión","Ninguna","Horizontal","Ninguna","Sin restricción"
2015,6577,20/02/2015,"Viernes",0,07:45:00,"Ruta Nacional 33","0.0",2,"Camión,Tren"," ",3,2,0,0,1,0,0,,"Ruta",33,"RUFINO","General López","Asfalto","Natural","VIII","Dentro","Rural","S/D","S/D","Cruce","S/D","S/D","Diurna","S/D","Lateral","S/D","Colisión","S/D","S/D","S/D","S/D"
2015,6578,20/01/2015,"Martes",0,14:40:00,"Ruta Nacional A007","0.0",1,"Moto/Ciclomotor","A007 CRUCE CON RP70 ",1,1,0,0,0,0,0,,"Ruta","A007","COLONIA PUJOL","Las Colonias","Asfalto","S/D","XI","Dentro","S/D","S/D","S/D","Cruce","S/D","S/D","Diurna","S/D","S/D","S/D","Caída ocupante","S/D","S/D","S/D","S/D"
2015,6579,21/02/2015,"Sabado",0,23:25:00,"Ruta Provincial Brigadier E.López","45.0",1,"Automóvil"," ",1,1,0,0,0,0,0,,"Ruta","Brigadier E.López","OLIVEROS","Iriondo","Asfalto","Natural","X","Dentro","S/D","S/D","S/D","S/D","S/D","S/D","Nocturna","S/D","S/D","S/D","S/D","S/D","Horizontal,Vertical","S/D","S/D"
2015,6580,22/02/2015,"Domingo",0,08:30:00,"Autopista Provincial Brigadier E.López","103.0",1,"Camión"," ",1,1,0,0,0,0,0,,"Autopista","Brigadier E.López","CORONDA","San Jerónimo","Asfalto","S/D","XV","Fuera","S/D","S/D","S/D","Puente","S/D","S/D","Diurna","S/D","Contra objeto fijo","S/D","Colisión,Inmersión","S/D","S/D","S/D","S/D"
2015,6581,23/02/2015,"Lunes",0,17:35:00,,"0.0",2,"Moto/Ciclomotor,Pickup/Utilitario","Rivarola Y Hermana Paula",2,1,0,0,1,0,0,,"Calle",,"ROSARIO","Rosario","S/D","S/D","II","Dentro","Urbana","S/D","S/D","S/D","S/D","S/D","Atardecer","S/D","S/D","S/D","Colisión","S/D","S/D","S/D","S/D"
2015,6582,24/02/2015,"Martes",0,,"Ruta Nacional A012","0.0",2,"Automóvil,Pickup/Utilitario","RP14 ",6,6,0,0,0,0,0,,"Ruta","A012","PIÑERO","Rosario","S/D","S/D","II","Dentro","Rural","S/D","S/D","Cruce","S/D","S/D","S/D","S/D","S/D","S/D","Colisión","S/D","S/D","S/D","S/D"
2015,6583,25/02/2015,"Miercoles",0,09:55:00,"Autopista Provincial Brigadier E.López","6.0",1,"Automóvil"," ",1,1,0,0,0,0,0,,"Autopista","Brigadier E.López","CAPITÁN BERMÚDEZ","San Lorenzo","Asfalto","S/D","XVI","Fuera","S/D","S/D","S/D","S/D","S/D","S/D","Diurna","S/D","S/D","S/D","Despiste","S/D","S/D","S/D","S/D"
2015,6584,27/02/2015,"Viernes",0,10:00:00,"Autopista Provincial Brigadier E.López","0.0",2,"Bicicleta,Automóvil"," ",2,1,0,0,1,0,0,,"Autopista","Brigadier E.López","GRANADERO BAIGORRIA","Rosario","Asfalto","S/D","II","Dentro","S/D","S/D","S/D","S/D","S/D","S/D","S/D","S/D","S/D","S/D","Atropello","S/D","S/D","S/D","S/D"
2015,6585,02/02/2015,"Lunes",0,06:30:00,"Ruta Provincial 70","25.0",4,"Automóvil,Automóvil,Automóvil,Automóvil"," ",4,4,0,0,0,0,0,,"Ruta",70,"ESPERANZA","Las Colonias","S/D","S/D","X","Dentro","Rural","S/D","S/D","S/D","S/D","S/D","Diurna","S/D","Múltiple","S/D","Colisión","S/D","S/D","S/D","S/D"
2015,6586,10/10/2015,"Sabado",0,06:00:00,,"0.0",2,"Moto/Ciclomotor,Automóvil","Zavalia Y Bolivar",2,0,1,0,1,0,0,,"Calle",,"SANTA FE","La Capital","Asfalto","No existe","I","Dentro","Urbana","Ninguna","No existe","Intersección","Bueno","Buena","Amanecer","Buen Tiempo","S/D","S/D","Colisión","Ninguna","Faltante","Cordón divisorio","Sin restricción"
2015,6587,10/10/2015,"Sabado",0,22:00:00,,"0.0",2,"Automóvil,Moto/Ciclomotor","Zavalia 700",3,2,0,0,1,0,0,,"Calle",,"SANTA FE","La Capital","Asfalto","No existe","I","Dentro","Urbana","Ninguna","No existe","Intersección","Bueno","Buena","Nocturna","Buen Tiempo","Lateral","S/D","Colisión","S/D","Faltante","Cordón divisorio","Sin restricción"
2015,6588,28/10/2015,"Miercoles",0,08:35:00,,"0.0",2,"Automóvil,Moto/Ciclomotor","Dr Zavalla Y J J Paso",2,1,0,0,1,0,0,,"Avenida",,"SANTA FE","La Capital","Asfalto","No existe","I","Dentro","Urbana","Ninguna","No existe","Intersección","Con baches","Buena","Diurna","Lluvia","Lateral","S/D","Colisión","Ninguna","Faltante","Ninguna","Sin restricción"
2015,6589,27/10/2015,"Martes",0,10:30:00,,"0.0",2,"Moto/Ciclomotor,Pickup/Utilitario","Lamadrid Y Corrientes",2,1,0,0,1,0,0,,"Calle",,"SANTA FE","La Capital","Asfalto","No existe","I","Dentro","Urbana","Ninguna","No existe","Intersección","Bueno,Con baches","Buena","Diurna","Buen Tiempo","Lateral","S/D","Colisión","Ninguna","Faltante","Ninguna","Sin restricción"
2015,6590,27/10/2015,"Martes",0,05:50:00,,"0.0",2,"Moto/Ciclomotor,Moto/Ciclomotor","Corrientes Y Av Freyre",2,1,0,0,1,0,0,,"Calle",,"SANTA FE","La Capital","Asfalto","No existe","I","Dentro","Urbana","Ninguna","No existe","Intersección","Bueno,Con baches","Buena","Amanecer","Buen Tiempo","Lateral","S/D","Colisión","Ninguna","Faltante","Ninguna","Sin restricción"
2015,6591,26/10/2015,"Lunes",0,21:00:00,,"0.0",2,"Moto/Ciclomotor,Pickup/Utilitario","Av Freyre Y Jujuy",2,1,0,0,1,0,0,,"Calle",,"SANTA FE","La Capital","Asfalto","No existe","I","Dentro","Urbana","Ninguna","No existe","Intersección","Con baches","Buena","Nocturna","Buen Tiempo","Lateral","S/D","Colisión","Ninguna","Faltante","Ninguna","Sin restricción"
2015,6592,21/10/2015,"Miercoles",0,22:40:00,,"0.0",2,"Bicicleta,Automóvil","San Lorenzo Y Av Gral Lopez",2,1,0,0,1,0,0,"-31.655305, -60.720092","Avenida",,"SANTA FE","La Capital","Asfalto","No existe","I","Dentro","Urbana","Ninguna","No existe","Intersección","Con baches","Buena","Nocturna","Buen Tiempo","Contra objeto fijo","S/D","Colisión","Ninguna","Faltante","Ninguna","Sin restricción"
2015,6593,20/10/2015,"Martes",0,11:00:00,,"0.0",2,"Moto/Ciclomotor,Taxi/Remis","San Lorenzo Y Moreno",2,1,0,0,1,0,0,,"Calle",,"SANTA FE","La Capital","Asfalto","No existe","I","Dentro","Urbana","Ninguna","No existe","Intersección","Con baches","Buena","Diurna","Buen Tiempo","Lateral","S/D","Colisión","Ninguna","Faltante","Ninguna","Sin restricción"
2015,6594,21/10/2015,"Miercoles",0,21:40:00,,"0.0",2,"Automóvil,Automóvil","Av A del Valle Y Lavaisse",2,1,0,0,1,0,0,,"Avenida",,"SANTA FE","La Capital","Asfalto","No existe","I","S/D","Urbana","Ninguna","No existe","Intersección","Bueno","Reducida","Nocturna","Buen Tiempo","Lateral","S/D","Colisión","Ninguna","S/D","Ninguna","Sin restricción"
2015,6595,17/10/2015,"Sabado",0,23:50:00,,"0.0",2,"Pickup/Utilitario,Moto/Ciclomotor","Av Gral Paz Y Gutierrez",2,1,0,0,1,0,0,,"Avenida",,"SANTA FE","La Capital","Asfalto","No existe","I","S/D","Urbana","Ninguna","No existe","Intersección","Bueno","Reducida","Nocturna","Buen Tiempo","Lateral","S/D","Colisión","Ninguna","S/D","Ninguna","Sin restricción"
2015,6596,16/10/2015,"Viernes",0,15:00:00,,"0.0",2,"Moto/Ciclomotor,Automóvil","J Castelli Y Belgrano",3,1,0,0,2,0,0,,"Calle",,"SANTA FE","La Capital","Asfalto","No existe","I","S/D","Urbana","Ninguna","No existe","Intersección","Bueno","Buena","Diurna","Buen Tiempo","Lateral","S/D","Colisión","Ninguna","S/D","Ninguna","Sin restricción"
2015,6597,13/10/2015,"Martes",0,15:50:00,,"0.0",2,"Bicicleta,Automóvil","R Godoy 2400",2,1,0,0,1,0,0,"-31.615833333333,-60.695583333333","Calle",,"SANTA FE","La Capital","Asfalto","No existe","I","S/D","Urbana","Ninguna","No existe","Recta","Bueno","Buena","Diurna","Buen Tiempo","S/D","S/D","Atropello","Ninguna","S/D","Ninguna","Sin restricción"
2015,6598,30/10/2015,"Viernes",0,09:45:00,,"0.0",2,"Moto/Ciclomotor,Automóvil","Av A del Valle 9100",2,1,0,0,1,0,0,,"Calle",,"SANTA FE","La Capital","Asfalto","Natural","I","Dentro","Urbana","Ninguna","No existe","Recta","Bueno","Buena","Diurna","Buen Tiempo","De alcance","S/D","Colisión","S/D","Vertical","Ninguna","Sin restricción"
2015,6599,17/10/2015,"Sabado",0,20:30:00,,"0.0",4,"Moto/Ciclomotor,Peatón,Peatón,Peatón","Av Gral Lopez 3200",5,0,1,0,4,0,0,"-31.655666666667,-60.717472222222","Avenida",,"SANTA FE","La Capital","Asfalto","No existe","I","Dentro","Urbana","Ninguna","No existe","Intersección","Con baches","Buena","Nocturna","Buen Tiempo","S/D","S/D","Atropello","Ninguna","Faltante","Ninguna","Sin restricción"
2015,6600,21/10/2015,"Miercoles",0,03:00:00,,"0.0",1,"Moto/Ciclomotor","Callejon Aguirre ",2,1,0,0,1,0,0,,"Calle",,"SANTA FE","La Capital","Asfalto","No existe","I","Dentro","Urbana","Ninguna","No existe","Intersección","Deteriorada","Buena","Nocturna,Con luz artificial","Buen Tiempo","Lateral","S/D","Colisión","S/D","Vertical","Ninguna","Sin restricción"
2015,6601,07/10/2015,"Miercoles",0,08:40:00,,"0.0",2,"Moto/Ciclomotor,Pickup/Utilitario","San Martin Y Gdor Rodolfo Lehman",2,1,0,0,1,0,0,,"Calle",,"SANTA FE","La Capital","Tierra","No existe","I","Dentro","Urbana","Ninguna","No existe","Intersección","Con baches","Buena","Diurna","Buen Tiempo","Lateral","S/D","Colisión","S/D","Faltante","Ninguna","Sin restricción"
2015,6602,08/10/2015,"Jueves",0,20:00:00,,"0.0",2,"Moto/Ciclomotor,Pickup/Utilitario","25 de Mayo Y Neuquen",3,2,0,0,1,0,0,,"Calle",,"SANTA FE","La Capital","Tierra","No existe","I","Dentro","Urbana","Ninguna","No existe","Intersección","Con baches","Reducida","Nocturna,Con luz artificial","S/D","Lateral","S/D","Colisión","S/D","Faltante","Ninguna","Sin restricción"
2015,6603,13/10/2015,"Martes",0,11:00:00,,"0.0",2,"Moto/Ciclomotor,Automóvil","Av Galicia Y Guemes",2,1,0,0,1,0,0,,"Avenida",,"SANTA FE","La Capital","Asfalto","No existe","I","S/D","Urbana","Ninguna","No existe","Intersección","Bueno","Buena","Diurna","Buen Tiempo","Lateral","S/D","Colisión","Ninguna","S/D","Ninguna","Sin restricción"
2015,6604,20/10/2015,"Martes",0,13:15:00,,"0.0",2,"Moto/Ciclomotor,Taxi/Remis","Los Nogales ",2,1,0,0,1,0,0,,"Calle",,"SANTA FE","La Capital","Asfalto","No existe","I","Dentro","Urbana","Ninguna","No existe","Intersección","Bueno","Buena","Diurna","Buen Tiempo","Lateral","S/D","Colisión","S/D","Vertical","Ninguna","Sin restricción"
2015,6605,08/10/2015,"Jueves",0,22:00:00,,"0.0",2,"Automóvil,Automóvil","Angel Cassanello Y Belgrano",3,1,0,0,2,0,0,,"Calle",,"SANTA FE","La Capital","Asfalto","No existe","I","S/D","Urbana","Ninguna","No existe","Intersección","Bueno","Reducida","Nocturna","Buen Tiempo","Lateral","S/D","Colisión","Ninguna","S/D","Ninguna","Sin restricción"
2015,6606,13/10/2015,"Martes",0,07:30:00,,"0.0",2,"Bicicleta,Automóvil","Av A del Valle Y Crucero Gral. Belgrano",2,1,0,0,1,0,0,"-31.581879, -60.689632","Calle",,"SANTA FE","La Capital","Asfalto","No existe","I","Dentro","Urbana","Ninguna","No existe","Intersección","Con baches","Buena","Amanecer","S/D","Lateral","S/D","Atropello","S/D","Horizontal","Ninguna","Sin restricción"
2015,6607,07/10/2015,"Miercoles",0,22:15:00,,"0.0",2,"Moto/Ciclomotor,Automóvil","Llerena Y Av Gral Paz",2,1,0,0,1,0,0,,"Avenida",,"SANTA FE","La Capital","Asfalto","No existe","I","S/D","Urbana","Ninguna","No existe","Distribuidor","Bueno","Reducida","Nocturna","Buen Tiempo","Lateral","S/D","Colisión","Ninguna","S/D","Ninguna","Sin restricción"
2015,6608,31/10/2015,"Sabado",0,22:00:00,,"0.0",4,"Peatón,Peatón,Peatón,Pickup/Utilitario","Rivadavia 6300",4,2,0,0,2,0,0,"-31.610472222222,-60.693583333333","Calle",,"SANTA FE","La Capital","Asfalto","No existe","I","S/D","Urbana","Ninguna","No existe","Intersección","Bueno","Reducida","Nocturna","Buen Tiempo","S/D","S/D","Atropello","Ninguna","S/D","Ninguna","Sin restricción"
2015,6609,01/10/2015,"Jueves",0,17:40:00,,"0.0",2,"Moto/Ciclomotor,Moto/Ciclomotor","Derqui Y Las Heras",3,1,0,0,0,0,2,,"Calle",,"SANTA FE","La Capital","Asfalto","No existe","I","S/D","Urbana","Ninguna","No existe","Intersección","Bueno","Buena","Atardecer","Buen Tiempo","Lateral","S/D","Colisión","Ninguna","S/D","Ninguna","Sin restricción"
2015,6610,01/10/2015,"Jueves",0,13:30:00,,"0.0",2,"Moto/Ciclomotor,Moto/Ciclomotor","Candioti Y Huergo",2,2,0,0,0,0,0,,"Calle",,"SANTA FE","La Capital","Asfalto","No existe","I","S/D","Urbana","Ninguna","No existe","Intersección","Bueno","Buena","Diurna","Buen Tiempo","Lateral","S/D","Colisión","Ninguna","S/D","Ninguna","Sin restricción"
2015,6611,01/10/2015,"Jueves",0,20:30:00,,"0.0",2,"Moto/Ciclomotor,Otros","Av A del Valle Y Fray Mamerto Esquiu",2,1,0,0,1,0,0,,"Avenida",,"SANTA FE","La Capital","Hormigón","No existe","I","Dentro","Urbana","Ninguna","No existe","Otro","Bueno","Buena","Nocturna,Con luz artificial","Buen Tiempo","De alcance","S/D","Colisión","Ninguna","Faltante","Línea divisoria pintada","Sin restricción"
2015,6612,01/10/2015,"Jueves",0,20:50:00,,"0.0",2,"Moto/Ciclomotor,Automóvil","Av A del Valle Y Vieytes",3,2,0,0,1,0,0,,"Calle",,"SANTA FE","La Capital","Asfalto","No existe","I","Dentro","Urbana","Ninguna","No existe","Intersección","Bueno","Buena","Nocturna","Buen Tiempo","Lateral","S/D","Colisión","S/D","Faltante","Ninguna","Sin restricción"
2015,6613,01/10/2015,"Jueves",0,13:00:00,,"0.0",2,"Moto/Ciclomotor,Camión","Av A del Valle Y Martin Zapata",4,2,0,0,2,0,0,,"Avenida",,"SANTA FE","La Capital","Hormigón","No existe","I","Dentro","Urbana","Ninguna","No existe","Intersección","Bueno","Buena","Diurna","Buen Tiempo","Lateral","S/D","Colisión","Ninguna","Faltante","Ninguna","Sin restricción"
2015,6614,29/10/2015,"Jueves",0,20:00:00,,"0.0",2,"Bicicleta,Vehículo Oficial","Av Almte Brown Y Pje Calcena",3,1,0,0,2,0,0,"-31.626166666667,-60.67925","Avenida",,"SANTA FE","La Capital","Asfalto","No existe","I","S/D","Urbana","Ninguna","No existe","Intersección","Bueno","Reducida","Nocturna","Buen Tiempo","S/D","S/D","Atropello","Ninguna","S/D","Ninguna","Sin restricción"
2015,6615,01/10/2015,"Jueves",0,11:00:00,,"0.0",2,"Moto/Ciclomotor,Automóvil","Av Galicia Y Alvear",3,2,0,0,1,0,0,,"Calle",,"SANTA FE","La Capital","S/D","No existe","I","Dentro","Urbana","Ninguna","No existe","Intersección","Bueno","Buena","Diurna","Buen Tiempo","Lateral","S/D","Colisión","S/D","Faltante","Ninguna","Sin restricción"
2015,6616,26/10/2015,"Lunes",0,20:10:00,,"0.0",2,"Peatón,Moto/Ciclomotor","Av Blas Parera Y J Castelli",3,3,0,0,0,0,0,"-31.600527777778,-60.721666666667","Avenida",,"SANTA FE","La Capital","Hormigón","Pavimento","I","Dentro","Urbana","Semáforo","Funciona","Distribuidor","Bueno","Buena","Nocturna,Con luz artificial","Buen Tiempo","S/D","S/D","Atropello","S/D","Horizontal,Vertical","Ninguna","Sin restricción"
2015,6617,29/10/2015,"Jueves",0,08:50:00,,"0.0",1,"Moto/Ciclomotor","Rivadavia Y Angel Cassanello",2,1,0,0,1,0,0,,"Calle",,"SANTA FE","La Capital","Asfalto","S/D","I","S/D","Urbana","Ninguna","No existe","Intersección","Bueno","Buena","Diurna","Buen Tiempo","Lateral","S/D","Colisión","Ninguna","S/D","Ninguna","Sin restricción"
2015,6618,10/10/2015,"Sabado",0,17:00:00,,"0.0",2,"Moto/Ciclomotor,Moto/Ciclomotor","Candioti Y Javier de la Rosa",3,2,0,0,1,0,0,,"Calle",,"SANTA FE","La Capital","Asfalto","No existe","I","Dentro","Urbana","Ninguna","No existe","Intersección","Bueno","S/D","Diurna","Buen Tiempo","Lateral","S/D","Colisión","S/D","Faltante","Ninguna","Sin restricción"
2015,6619,28/10/2015,"Miercoles",0,22:00:00,,"0.0",2,"Automóvil,Automóvil","Salvador del Carril Y Necochea",3,1,0,0,2,0,0,,"Avenida",,"SANTA FE","La Capital","Asfalto","No existe","I","S/D","Urbana","Ninguna","No existe","Intersección","Bueno","Reducida","Nocturna","Buen Tiempo","Lateral","S/D","Colisión","Ninguna","S/D","Ninguna","Sin restricción"
2015,6620,03/10/2015,"Sabado",0,20:45:00,"Ruta Provincial 1","0.0",2,"Pickup/Utilitario,Bicicleta"," ",2,1,0,0,1,0,0,,"Ruta",1,"SAN JAVIER","San Javier","Asfalto","Natural","XIV","Dentro","Urbana","Ninguna","No existe","Intersección","Bueno","Reducida","Nocturna","Buen Tiempo","Lateral","S/D","Atropello","S/D","Vertical","Línea divisoria pintada","Sin restricción"
2015,6621,23/10/2015,"Viernes",0,14:30:00,,"0.0",2,"Pickup/Utilitario,Moto/Ciclomotor","Moreno Y H Irigoyen",3,2,0,0,1,0,0,,"Calle",,"SAN JAVIER","San Javier","Tierra","No existe","XIV","Dentro","Urbana","Ninguna","No existe","Intersección","Bueno","Buena","Diurna","Buen Tiempo","Lateral","S/D","Colisión","S/D","Faltante","Ninguna","Sin restricción"
2015,6622,10/10/2015,"Sabado",0,07:25:00,,"0.0",1,"Automóvil"," ",2,1,0,0,1,0,0,,"Camino Rural",,"SAN JAVIER","San Javier","Tierra","No existe","XIV","Dentro","Rural","Ninguna","No existe","Intersección","Resbaladiza","Buena","Diurna","Lluvia","S/D","S/D","Vuelco","S/D","Faltante","Ninguna","Sin restricción"
2015,6623,28/10/2015,"Miercoles",0,10:30:00,,"0.0",2,"Camión,Moto/Ciclomotor","French Y Gdor Rodolfo Lehman",4,3,0,0,1,0,0,,"Calle",,"SANTA FE","La Capital","Hormigón","Natural","I","Dentro","Urbana","Ninguna","No existe","Intersección","Deteriorada","Buena","Diurna","Buen Tiempo","Lateral","S/D","Colisión","Material Suelto","Faltante","Ninguna","Sin restricción"
2015,6624,31/10/2015,"Sabado",0,01:00:00,,"0.0",2,"Moto/Ciclomotor,Automóvil","Lamothe Y Belgrano",2,1,0,0,1,0,0,,"Calle",,"SANTA FE","La Capital","Tierra","No existe","I","Dentro","Urbana","Ninguna","No existe","Intersección","Con baches","Reducida","Nocturna,Con luz artificial","Otro","Lateral","S/D","Colisión","Ninguna","Faltante","Ninguna","S/D"
2015,6625,18/09/2015,"Viernes",0,18:50:00,,"0.0",2,"Taxi/Remis,Moto/Ciclomotor","Pedro Alejandro Vittori Y Luciano Torrent",2,1,0,0,1,0,0,,"Calle",,"SANTA FE","La Capital","Hormigón","S/D","I","Dentro","Urbana","Ninguna","S/D","Intersección","Bueno,Con baches","Buena","Diurna","Lluvia","Otro","S/D","Colisión","Ninguna","Faltante","Línea divisoria pintada","Sin restricción"
2015,6626,19/09/2015,"Sabado",0,23:00:00,,"0.0",2,"Moto/Ciclomotor,Automóvil","Av A del Valle Y Espora",3,1,0,0,2,0,0,,"Avenida",,"SANTA FE","La Capital","Asfalto,Hormigón","No existe","I","Dentro","Urbana","Ninguna","No existe","Intersección","Bueno","Buena","Nocturna,Con luz artificial","Buen Tiempo","Lateral","S/D","Colisión","Ninguna","Faltante","Ninguna","Sin restricción"
2015,6627,28/10/2015,"Miercoles",0,21:30:00,,"0.0",2,"Moto/Ciclomotor,Automóvil","Av Peñaloza Y Risso",2,1,0,0,1,0,0,,"Calle",,"SANTA FE","La Capital","Asfalto","Pavimento","I","Dentro","Urbana","Ninguna","No existe","Intersección","Bueno","Buena","Nocturna,Con luz artificial","Buen Tiempo","Lateral","S/D","Colisión","Material Suelto","Faltante","Cordón divisorio","Sin restricción"
2015,6628,31/10/2015,"Sabado",0,10:40:00,,"0.0",2,"Bicicleta,Moto/Ciclomotor","French 2300",2,1,0,0,1,0,0,"-31.5935,-60.687138888889","Calle",,"SANTA FE","La Capital","Asfalto","No existe","I","Dentro","Urbana","Ninguna","No existe","Recta","Deteriorada","Buena","Diurna","S/D","De alcance","S/D","Atropello","Ninguna","Vertical","Ninguna","Sin restricción"
2015,6629,21/09/2015,"Lunes",0,15:10:00,,"0.0",2,"Automóvil,Moto/Ciclomotor","9 de Julio Y Pedro Diaz Colodrero",2,1,0,0,1,0,0,,"Calle",,"SANTA FE","La Capital","Hormigón","No existe","I","Dentro","Urbana","Ninguna","No existe","Intersección","Bueno,Con baches","Buena","Diurna","Otro","Lateral","S/D","Colisión","Ninguna","Faltante","Ninguna","Sin restricción"
2015,6630,18/10/2015,"Domingo",0,11:20:00,"Ruta Nacional 178","0.0",1,"Automóvil"," ",3,1,0,0,2,0,0,,"Ruta",178,"LAS ROSAS","Belgrano","Asfalto","Natural","III","Dentro","Urbana","Ninguna","No existe","Recta","Con baches","Buena","Diurna","Buen Tiempo","S/D","S/D","Vuelco","S/D","Horizontal","Ninguna","Sin restricción"
2015,6631,21/10/2015,"Miercoles",0,11:30:00,,"0.0",2,"Moto/Ciclomotor,Automóvil","Tucuman Y Paso de los Andes",2,1,0,0,1,0,0,,"Calle",,"LAS ROSAS","Belgrano","Asfalto","No existe","III","Dentro","Urbana","Ninguna","No existe","Intersección","Bueno","Buena","Diurna","Buen Tiempo","Lateral","S/D","Colisión","S/D","Vertical","Ninguna","Sin restricción"
2015,6632,10/10/2015,"Sabado",0,13:10:00,,"0.0",1,"Moto/Ciclomotor","Calle 30 Y Avenida 17",1,0,1,0,0,0,0,,"Calle",,"LAS PAREJAS","Belgrano","Ripio","No existe","III","Dentro","Urbana","Ninguna","No existe","Recta","Bueno","Buena","Diurna","Buen Tiempo","Atropello animal","S/D","Colisión","S/D","Faltante","Ninguna","Sin restricción"