"anio_acci","nro_acci","fecha","desc_dia","fecha_aprox","hora_aprox","desc_ruta","km","cant_participantes","desc_participante","calle_avenida_km","total","heridos_leves","heridos_graves","heridos_gravisimos","ilesos","fallecidos","sin_datos","posicion_XY","desc_tipo_via","desc_ruta_ori","desc_loc","desc_dpto","desc_tipo_calzada","desc_tipo_banquina","desc_unidad_regional","desc_lugar_calzada","desc_zona","desc_prioridad","desc_estado_semaforo","desc_lugar_via","desc_estado_via","desc_estado_visibilidad","desc_luminosidad","desc_estado_clima","desc_tipo_colision","desc_tipo_atropello","desc_tipo_hecho","desc_pres_calzada","desc_senializacion","desc_separacion_via","desc_restriccion"
2015,6633,08/10/2015,"Jueves",0,11:30:00,,"0.0",2,"Moto/Ciclomotor,Automóvil","Buenos Aires Y San Martin",2,0,1,0,1,0,0,,"Calle",,"LAS ROSAS","Belgrano","Asfalto","No existe","III","Dentro","Urbana","Otra Señal","No existe","Intersección","Bueno","Buena","Diurna","Buen Tiempo","Frontal","S/D","Colisión","S/D","Horizontal","Ninguna","Sin restricción"
2015,6634,27/10/2015,"Martes",0,21:50:00,,"0.0",2,"Moto/Ciclomotor,Automóvil","Saavedra Y Alberdi",2,1,0,0,1,0,0,,"Avenida",,"SANTA FE","La Capital","Asfalto","No existe","I","S/D","Urbana","Ninguna","No existe","Intersección","Bueno","Reducida","Nocturna","Buen Tiempo","Lateral","S/D","Colisión","Ninguna","S/D","Ninguna","Sin restricción"
2015,6635,23/09/2015,"Miercoles",0,14:50:00,,"0.0",2,"Automóvil,Moto/Ciclomotor","9 de Julio Y Quintana",2,1,0,0,1,0,0,,"Calle",,"SANTA FE","La Capital","Hormigón","No existe","I","Dentro","Urbana","Ninguna","No existe","Intersección","Bueno,Con baches","Buena","Diurna","Buen Tiempo","Lateral","S/D","Colisión","Ninguna","Faltante","Ninguna","Sin restricción"
2015,6636,25/10/2015,"Domingo",0,18:10:00,,"0.0",2,"Moto/Ciclomotor,Automóvil","Guemes Y Quintana",2,1,0,0,1,0,0,,"Calle",,"SANTA FE","La Capital","Asfalto","No existe","I","S/D","Urbana","Ninguna","No existe","Intersección","Bueno","Buena","Atardecer","Buen Tiempo","Lateral","S/D","Colisión","Ninguna","S/D","Ninguna","Sin restricción"
2015,6637,22/09/2015,"Martes",0,23:40:00,,"0.0",2,"Moto/Ciclomotor,Moto/Ciclomotor","Av A del Valle Y Iturraspe",2,1,0,0,0,0,1,,"Avenida",,"SANTA FE","La Capital","Hormigón","No existe","I","Dentro","Urbana","Ninguna","No existe","Intersección","Bueno","Buena","Nocturna,Con luz artificial","Buen Tiempo","Lateral","S/D","Colisión","Ninguna","Faltante","Ninguna","Sin restricción"
2015,6638,23/10/2015,"Viernes",0,14:00:00,,"0.0",2,"Automóvil,Moto/Ciclomotor","Guemes Y Quintana",3,2,0,0,1,0,0,,"Calle",,"SANTA FE","La Capital","Asfalto","No existe","I","S/D","Urbana","Ninguna","No existe","Intersección","Bueno","Buena","Diurna","Buen Tiempo","Lateral","S/D","Colisión","Ninguna","S/D","Ninguna","Sin restricción"
2015,6639,22/10/2015,"Jueves",0,20:40:00,,"0.0",2,"Moto/Ciclomotor,Automóvil","Av Almte Brown Y Pje Guido",2,1,0,0,1,0,0,,"Avenida",,"SANTA FE","La Capital","Asfalto","No existe","I","S/D","Urbana","Ninguna","No existe","Intersección","Bueno","Reducida","Nocturna","Buen Tiempo","Lateral","S/D","Colisión","Ninguna","S/D","Ninguna","Sin restricción"
2015,6640,07/10/2015,"Miercoles",0,08:30:00,,"0.0",2,"Moto/Ciclomotor,Automóvil","Av Galicia Y Espora",2,1,0,0,1,0,0,,"Calle",,"SANTA FE","La Capital","Asfalto","No existe","I","Dentro","Urbana","Ninguna","No existe","Intersección","Bueno","Buena","Diurna","Buen Tiempo","Lateral","S/D","Colisión","S/D","Faltante","Ninguna","Sin restricción"
2015,6641,16/10/2015,"Viernes",0,18:25:00,,"0.0",2,"Moto/Ciclomotor,Automóvil","Neuquen Y 12 de Octubre",3,1,0,0,2,0,0,,"Avenida",,"SANTA FE","La Capital","Asfalto","S/D","I","Dentro","Urbana","Ninguna","No existe","Intersección","Bueno","Buena","Diurna","Buen Tiempo","De alcance","S/D","Colisión","Otro","Faltante","Ninguna","Sin restricción"
2015,6642,03/10/2015,"Sabado",0,17:30:00,,"0.0",2,"Moto/Ciclomotor,Automóvil","Belgrano Y Javier de la Rosa",2,1,0,0,1,0,0,,"Calle",,"SANTA FE","La Capital","Asfalto","No existe","I","Dentro","Urbana","Ninguna","No existe","Intersección","Bueno","Buena","Diurna","Buen Tiempo","Lateral","S/D","Colisión","S/D","Faltante","Ninguna","Sin restricción"
2015,6643,18/09/2015,"Viernes",0,08:05:00,,"0.0",2,"Automóvil,Moto/Ciclomotor","Espora Y 9 de Julio",2,0,1,0,1,0,0,,"Calle",,"SANTA FE","La Capital","Asfalto","No existe","I","Dentro","Urbana","Ninguna","No existe","Intersección","Bueno","Buena","Diurna","Buen Tiempo","Lateral","S/D","Colisión","Ninguna","Faltante","Ninguna","Sin restricción"
2015,6644,14/10/2015,"Miercoles",0,17:15:00,,"0.0",2,"Moto/Ciclomotor,Automóvil","Av Galicia Y Alberdi",3,1,0,0,2,0,0,,"Calle",,"SANTA FE","La Capital","Asfalto","No existe","I","Dentro","Urbana","Ninguna","No existe","Intersección","Bueno","Buena","Diurna","Buen Tiempo","Lateral","S/D","Colisión","S/D","Faltante","Cordón divisorio","Sin restricción"
2015,6645,14/10/2015,"Miercoles",0,19:00:00,,"0.0",2,"Moto/Ciclomotor,Automóvil","Teniente Loza Y 12 de Octubre",2,1,0,0,0,0,1,,"Avenida",,"SANTA FE","La Capital","Asfalto","Pavimento","I","Dentro","Urbana","Ninguna","No existe","Intersección","Bueno","Buena","Atardecer","Buen Tiempo","De alcance","S/D","Colisión","Otro","Faltante","Ninguna","Sin restricción"
2015,6646,16/09/2015,"Miercoles",0,09:00:00,,"0.0",2,"Peatón,Automóvil","Risso Y 9 de Julio",2,1,0,0,1,0,0,"-31.600333333333,-60.695722222222","S/D",,"SANTA FE","La Capital","Asfalto","No existe","I","Dentro","Urbana","Ninguna","No existe","Recta","Con baches","Buena","Diurna","Lluvia","S/D","S/D","Atropello","Ninguna","Faltante","Ninguna","Sin restricción"
2015,6647,14/10/2015,"Miercoles",0,13:20:00,,"0.0",2,"Moto/Ciclomotor,Pickup/Utilitario","Teniente Loza 7100",3,1,0,0,2,0,0,,"Avenida",,"SANTA FE","La Capital","Asfalto","S/D","I","S/D","Urbana","Ninguna","S/D","Recta","Bueno","S/D","Diurna","Buen Tiempo","De alcance","S/D","Colisión","Otro","Faltante","Ninguna","Sin restricción"
2015,6648,28/09/2015,"Lunes",0,08:30:00,,"0.0",2,"Automóvil,Moto/Ciclomotor","Gorriti 4600",3,2,0,0,1,0,0,,"Calle",,"SANTA FE","La Capital","Hormigón","Pavimento","I","Dentro","Urbana","Ninguna","No existe","Recta","Bueno","Buena","Diurna","Buen Tiempo","Lateral","S/D","Colisión","S/D","Vertical","Cordón divisorio","Sin restricción"
2015,6649,02/10/2015,"Viernes",0,17:40:00,,"0.0",2,"Moto/Ciclomotor,Pickup/Utilitario","Teniente Loza Y Av Santa Fe",2,1,0,0,0,0,1,,"Avenida",,"SANTA FE","La Capital","Asfalto","S/D","I","S/D","Urbana","Ninguna","S/D","Intersección","Bueno","S/D","Diurna","Buen Tiempo","Lateral","S/D","Colisión","Otro","Faltante","S/D","Sin restricción"
2015,6650,01/10/2015,"Jueves",0,16:50:00,,"0.0",2,"Automóvil,Moto/Ciclomotor","Av Blas Parera Y Estado de Israel",2,1,0,0,1,0,0,,"Calle",,"SANTA FE","La Capital","Hormigón","Pavimento","I","Dentro","Urbana","Semáforo","Funciona","Intersección","Resbaladiza","Buena","Diurna","Buen Tiempo","Lateral","S/D","Colisión","Material Suelto","Horizontal,Vertical","Cordón divisorio","Sin restricción"
2015,6651,03/10/2015,"Sabado",0,11:00:00,,"0.0",2,"Moto/Ciclomotor,Automóvil","Don Guanella Y Aguado",2,1,0,0,1,0,0,,"Calle",,"SANTA FE","La Capital","Asfalto","Natural","I","Dentro","Urbana","S/D","No existe","Intersección","Deteriorada","Buena","Diurna","Buen Tiempo","Lateral","S/D","Colisión","S/D","Faltante","Ninguna","Sin restricción"
2015,6652,08/10/2015,"Jueves",0,03:15:00,,"0.0",2,"Moto/Ciclomotor,Automóvil","French Y Chiclana",3,1,0,0,2,0,0,,"Calle",,"SANTA FE","La Capital","Asfalto","Natural","I","Dentro","Urbana","Ninguna","No existe","Intersección","Deteriorada","Reducida","Nocturna,Con luz artificial","Buen Tiempo","Lateral","S/D","Colisión","Material Suelto","Faltante","Ninguna","Sin restricción"
2015,6653,13/10/2015,"Martes",0,09:45:00,,"0.0",1,"Moto/Ciclomotor","Av Blas Parera Y Don Guanella",1,1,0,0,0,0,0,,"Avenida",,"SANTA FE","La Capital","Hormigón","Pavimento","I","Dentro","Urbana","Ninguna","No existe","Intersección","Deteriorada","Buena","Diurna","Buen Tiempo","S/D","S/D","Caída ocupante","Material Suelto","Vertical","Cordón divisorio","Sin restricción"
2015,6654,15/09/2015,"Martes",0,16:40:00,,"0.0",2,"Moto/Ciclomotor,Pickup/Utilitario","Pedro Centeno Y Pedro Alejandro Vittori",2,1,0,0,1,0,0,,"Calle",,"SANTA FE","La Capital","Hormigón","No existe","I","Dentro","Urbana","Semáforo","Funciona","Intersección","Bueno","Buena","Diurna","Lluvia","Lateral","S/D","Caída ocupante,Colisión","Ninguna","Vertical","Línea divisoria pintada","Sin restricción"
2015,6655,15/09/2015,"Martes",0,14:00:00,,"0.0",2,"Moto/Ciclomotor,Taxi/Remis","Vieytes Y San Martin",2,1,0,0,1,0,0,,"Calle",,"SANTA FE","La Capital","Asfalto","No existe","I","Dentro","Urbana","Ninguna","No existe","Recta","Bueno","Buena","Diurna","Buen Tiempo","De alcance","S/D","Caída ocupante","Ninguna","Faltante","Ninguna","Sin restricción"
2015,6656,13/10/2015,"Martes",0,14:15:00,,"0.0",2,"Moto/Ciclomotor,Automóvil","Estanislao Zeballos Y Estrada",2,1,0,0,1,0,0,,"Calle",,"SANTA FE","La Capital","Hormigón","Pavimento","I","Dentro","Urbana","Ninguna","No existe","Intersección","Deteriorada","Buena","Diurna","Buen Tiempo","Lateral","S/D","Colisión","Agua","Vertical","Ninguna","Sin restricción"
2015,6657,11/09/2015,"Viernes",0,12:30:00,,"0.0",2,"Moto/Ciclomotor,Pickup/Utilitario","Av Facundo Zuviria Y Domingo Silva",2,1,0,0,1,0,0,,"Avenida",,"SANTA FE","La Capital","Hormigón","No existe","I","Dentro","Urbana","Semáforo","Funciona","Intersección","Bueno","Buena","Diurna","Buen Tiempo","Lateral","S/D","Caída ocupante,Colisión","Ninguna","Vertical","Línea divisoria pintada","Sin restricción"
2015,6658,14/10/2015,"Miercoles",0,08:30:00,,"0.0",2,"Moto/Ciclomotor,Automóvil","Av Peñaloza Y Espora",2,1,0,0,1,0,0,,"Avenida",,"SANTA FE","La Capital","Hormigón","Pavimento","I","Dentro","Urbana","Ninguna","No existe","Intersección","Bueno","Buena","Diurna","Buen Tiempo","Lateral","S/D","Colisión","Material Suelto","Faltante","Cordón divisorio","Sin restricción"
2015,6659,12/10/2015,"Lunes",0,18:00:00,"Ruta Provincial 15","10.0",1,"Moto/Ciclomotor"," ",1,1,0,0,0,0,0,,"Ruta",15,"ARMSTRONG","Belgrano","Asfalto","No existe","III","Dentro","Rural","Ninguna","No existe","Recta","Bueno","Buena","Diurna","Buen Tiempo","Lateral","S/D","Despiste","Ninguna","Faltante","Ninguna","Sin restricción"
2015,6660,02/10/2015,"Viernes",0,15:00:00,,"0.0",2,"Moto/Ciclomotor,Automóvil","Pavon Y Riobamba",2,1,0,0,1,0,0,,"Calle",,"SANTA FE","La Capital","Asfalto","No existe","I","S/D","Urbana","Ninguna","No existe","Intersección","Bueno","Buena","Diurna","Buen Tiempo","Lateral","S/D","Colisión","Ninguna","Faltante","Ninguna","Sin restricción"
2015,6661,11/09/2015,"Viernes",0,13:30:00,,"0.0",2,"Moto/Ciclomotor,Peatón","Estanislao Zeballos 3000",2,1,0,0,1,0,0,"-31.604305555556,-60.699777777778","Calle",,"SANTA FE","La Capital","Hormigón","No existe","I","Dentro","Urbana","Ninguna","No existe","Recta","Bueno","Buena","Diurna","Buen Tiempo","De alcance","S/D","Atropello","Ninguna","Faltante","Ninguna","Sin restricción"
2015,6662,02/10/2015,"Viernes",0,17:50:00,,"0.0",1,"Moto/Ciclomotor","Gorriti Y Dr Zavalla",1,1,0,0,0,0,0,,"Avenida",,"SANTA FE","La Capital","Asfalto","Pavimento","I","Dentro","Urbana","S/D","No existe","Intersección","Bueno","Buena","Diurna","Buen Tiempo","Lateral","S/D","Colisión","S/D","Faltante","S/D","S/D"
2015,6663,03/10/2015,"Sabado",0,04:00:00,,"0.0",2,"Automóvil,Moto/Ciclomotor","Gorriti Y Av Urquiza",3,2,0,0,1,0,0,,"S/D",,"SANTA FE","La Capital","Asfalto","Pavimento","I","S/D","S/D","S/D","No existe","Intersección","Bueno","Buena","Nocturna,Con luz artificial","Buen Tiempo","Lateral","S/D","Colisión","S/D","Faltante","S/D","S/D"
2015,6664,17/10/2015,"Sabado",0,22:50:00,,"0.0",1,"Automóvil","Av A del Valle 8335",1,1,0,0,0,0,0,,"Avenida",,"SANTA FE","La Capital","Asfalto","Pavimento","I","Dentro","Urbana","S/D","Funciona","Recta","Bueno","Buena","Nocturna,Con luz artificial","Buen Tiempo","Frontal","S/D","Atropello","S/D","Vertical","S/D","S/D"
2015,6665,18/10/2015,"Domingo",0,11:50:00,,"0.0",1,"Automóvil","Gorriti Y Av A del Valle",2,2,0,0,0,0,0,,"Avenida",,"SANTA FE","La Capital","Asfalto","Pavimento","I","Dentro","Urbana","S/D","Funciona","Intersección","Bueno","Buena","Nocturna,Con luz artificial","Buen Tiempo","Lateral","S/D","Colisión","S/D","Vertical","S/D","S/D"
2015,6666,18/10/2015,"Domingo",0,16:40:00,,"0.0",2,"Automóvil,Moto/Ciclomotor","Av A del Valle Y Matheu",2,1,0,0,1,0,0,,"Avenida",,"SANTA FE","La Capital","Asfalto","Natural","I","Dentro","Urbana","S/D","No existe","Intersección","Bueno","Buena","Diurna","Buen Tiempo","Lateral","S/D","Colisión","S/D","Faltante","S/D","S/D"
2015,6667,22/10/2015,"Jueves",0,12:30:00,,"0.0",2,"Automóvil,Moto/Ciclomotor","Gorriti Y San Jose",2,1,0,0,1,0,0,,"S/D",,"SANTA FE","La Capital","Asfalto","Pavimento","I","Dentro","Urbana","S/D","No existe","Intersección","Bueno","Buena","Diurna","Buen Tiempo","Lateral","S/D","Colisión","S/D","Faltante","S/D","S/D"
2015,6668,03/11/2015,"Martes",0,14:30:00,,"0.0",2,"Otros,Otros","Paula Albarracin Y Boulevard Solis",2,1,0,0,0,0,1,,"Calle",,"FIRMAT","General López","Asfalto","Natural","VIII","S/D","Urbana","Ninguna","No existe","Intersección","Bueno","Buena","Diurna","Buen Tiempo","Frontal,Lateral","S/D","Colisión","S/D","S/D","Ninguna","Sin restricción"
2015,6669,08/11/2015,"Domingo",0,,,"0.0",2,"Otros,Otros","Olegario V. Andrade Y Florida",3,2,0,0,0,0,1,,"Calle",,"FIRMAT","General López","Ripio","Natural","VIII","S/D","S/D","Ninguna","No existe","Intersección","Deteriorada","Buena","Diurna","Buen Tiempo","Lateral","S/D","Colisión","S/D","Faltante","S/D","S/D"
2015,6670,27/10/2015,"Martes",0,12:00:00,,"0.0",2,"Peatón,Otros","Vicente Lopez y Planes Y Boulevard Solis",2,1,0,0,0,0,1,,"Calle",,"FIRMAT","General López","Asfalto","S/D","VIII","S/D","Urbana","S/D","S/D","Intersección","Bueno","S/D","Diurna","S/D","S/D","S/D","Atropello","S/D","S/D","S/D","S/D"
2015,6671,20/10/2015,"Martes",0,19:10:00,,"0.0",1,"Otros","Blas Parera Y Boulevard Solis",2,2,0,0,0,0,0,,"Calle",,"FIRMAT","General López","Asfalto","S/D","VIII","S/D","Urbana","S/D","S/D","Intersección","Bueno","Buena","Diurna","Buen Tiempo","S/D","S/D","Colisión","S/D","S/D","Cordón divisorio","S/D"
2015,6673,03/10/2015,"Sabado",0,08:00:00,,"0.0",2,"Otros,Otros"," ",2,1,1,0,0,0,0,,"Calle",,"FIRMAT","General López","Asfalto","S/D","VIII","S/D","Urbana","S/D","S/D","Intersección","Bueno","Buena","Diurna","Buen Tiempo","Lateral","S/D","Colisión","S/D","S/D","S/D","S/D"
2015,6674,05/09/2015,"Sabado",0,22:35:00,,"0.0",2,"Otros,Moto/Ciclomotor","Presidente Roca Y 9 de Julio",4,2,0,0,2,0,0,,"Calle",,"SANTA FE","La Capital","Hormigón","S/D","I","S/D","Urbana","Ninguna","No existe","Intersección","Bueno","Buena","Con luz artificial","Buen Tiempo","Lateral","S/D","Colisión","S/D","Faltante","Ninguna","Sin restricción"
2015,6675,17/10/2015,"Sabado",0,21:00:00,,"0.0",2,"Automóvil,Moto/Ciclomotor","San Luis Y H Irigoyen",2,1,0,0,1,0,0,,"Calle",,"LAGUNA PAIVA","La Capital","Hormigón","No existe","I","Dentro","Urbana","Ninguna","No existe","Intersección","Bueno","Buena","Nocturna,Con luz artificial","Buen Tiempo","Lateral","S/D","Colisión","S/D","Vertical","Ninguna","Sin restricción"
2015,6676,11/09/2015,"Viernes",0,08:30:00,,"0.0",2,"Automóvil,Pickup/Utilitario","Av A del Valle Y Gorostiaga",4,2,0,0,2,0,0,,"Avenida",,"SANTA FE","La Capital","Hormigón","No existe","I","Dentro","Urbana","Semáforo","Funciona","Recta","Bueno","Buena","Diurna","Buen Tiempo","De alcance","S/D","Colisión","Ninguna","Vertical","Línea divisoria pintada","Sin restricción"
2015,6677,12/09/2015,"Sabado",0,14:40:00,,"0.0",2,"Automóvil,Moto/Ciclomotor","Alberdi Y San Martin",4,2,0,0,2,0,0,,"Calle",,"SANTA FE","La Capital","Asfalto","No existe","I","Dentro","Urbana","Ninguna","No existe","Intersección","Bueno,Con baches","Buena","Diurna","Buen Tiempo","Lateral","S/D","Colisión","Ninguna","Faltante","Ninguna","Sin restricción"
2015,6678,03/10/2015,"Sabado",0,14:15:00,,"0.0",2,"Peatón,Automóvil","La Rioja Y H Irigoyen",2,1,0,0,1,0,0,,"Calle",,"LAGUNA PAIVA","La Capital","Asfalto,Ripio","No existe","I","Dentro","Urbana","Ninguna","No existe","Intersección","Bueno","Buena","Diurna","Buen Tiempo","S/D","S/D","Atropello","Ninguna","Horizontal,Vertical","Ninguna","Sin restricción"
2015,6679,06/10/2015,"Martes",0,14:00:00,,"0.0",2,"Moto/Ciclomotor,Moto/Ciclomotor","Av Pte Peron Y Moreno",3,3,0,0,0,0,0,,"Avenida",,"LAGUNA PAIVA","La Capital","Hormigón","No existe","I","Dentro","Urbana","Ninguna","No existe","Intersección","Bueno","Buena","Diurna","Buen Tiempo","Lateral","S/D","Colisión","Ninguna","Horizontal,Vertical","Ninguna","Sin restricción"
2015,6680,27/09/2015,"Domingo",0,16:20:00,,"0.0",2,"Otros,Otros","Mendoza Y Domingo F. Sarmiento",2,0,1,0,0,0,1,,"Calle",,"FIRMAT","General López","Asfalto","S/D","VIII","Dentro","Urbana","S/D","No existe","Intersección","Bueno","Buena","Diurna","Buen Tiempo","Lateral","S/D","Colisión","S/D","Horizontal","S/D","S/D"
2015,6681,27/09/2015,"Domingo",0,16:20:00,,"0.0",2,"Otros,Otros","Mendoza Y Domingo F. Sarmiento",2,0,1,0,0,0,1,,"Calle",,"FIRMAT","General López","Asfalto","S/D","VIII","Dentro","Urbana","S/D","No existe","Intersección","Bueno","Buena","Diurna","Buen Tiempo","Lateral","S/D","Colisión","S/D","Horizontal","S/D","S/D"
2015,6682,10/10/2015,"Sabado",0,10:45:00,,"0.0",2,"Moto/Ciclomotor,Automóvil","Hipolito Yrigoyen Y San Juan",3,0,1,0,2,0,0,,"Calle",,"SANTA FE","La Capital","Hormigón,Ripio","No existe","I","Dentro","Urbana","Ninguna","No existe","Intersección","Bueno","Buena","Diurna","Buen Tiempo","Lateral","S/D","Colisión","Ninguna","Horizontal,Vertical","Ninguna","Sin restricción"
2015,6683,28/10/2015,"Miercoles",0,11:30:00,,"0.0",2,"Automóvil,Moto/Ciclomotor","Bruno Baranosky Y Pastor Barrios",2,1,0,0,1,0,0,,"Calle",,"LAGUNA PAIVA","La Capital","Asfalto","Natural","I","Dentro","Urbana","Ninguna","No existe","Intersección","Bueno","Buena","Diurna","Buen Tiempo","Lateral","S/D","Colisión","S/D","Horizontal,Vertical","Línea divisoria pintada","Sin restricción"
2015,6684,24/10/2015,"Sabado",0,17:35:00,,"0.0",1,"Automóvil"," ",3,1,1,0,1,0,0,,"Camino Rural",,"ARROYO AGUIAR","La Capital","Tierra","No existe","I","Dentro","Urbana","Ninguna","No existe","Recta","Bueno","Buena","Diurna","Buen Tiempo","S/D","S/D","Vuelco","S/D","Faltante","Ninguna","Sin restricción"
2015,6685,19/10/2015,"Lunes",0,16:45:00,,"0.0",2,"Automóvil,Moto/Ciclomotor","Capitan Martin Anton Y Hernando Arias de Saavedra",2,1,0,0,1,0,0,,"Calle",,"SAN JOSÉ DEL RINCÓN","La Capital","Arena","Natural","I","Dentro","Urbana","Ninguna","No existe","Intersección","Bueno","Buena","Diurna","Buen Tiempo","Lateral","S/D","Colisión","S/D","Faltante","Ninguna","Sin restricción"
2015,6686,20/10/2015,"Martes",0,17:40:00,,"0.0",2,"Automóvil,Moto/Ciclomotor","Santa Rosa de Lima Y Puerto Palacios",3,2,0,0,1,0,0,,"Calle",,"SAN JOSÉ DEL RINCÓN","La Capital","Arena","No existe","I","Dentro","Urbana","Ninguna","No existe","Intersección","Bueno","Buena","Diurna","Buen Tiempo","Lateral","S/D","Colisión","S/D","Faltante","Ninguna","Sin restricción"
2015,6687,20/10/2015,"Martes",0,19:30:00,,"0.0",2,"Moto/Ciclomotor,Automóvil","J Castelli Y Castañaduy",2,1,0,0,1,0,0,,"S/D",,"SANTA FE","La Capital","Asfalto","Natural","I","Dentro","Urbana","Ninguna","No existe","Intersección","Deteriorada","Reducida","Atardecer","Buen Tiempo","Lateral","S/D","Colisión","Material Suelto","Faltante","Ninguna","S/D"
2015,6688,11/10/2015,"Domingo",0,22:30:00,,"0.0",2,"Bicicleta,Automóvil","Av San Martin Y Maipu",2,1,0,0,1,0,0,,"Avenida",,"LAGUNA PAIVA","La Capital","Asfalto","No existe","I","S/D","Urbana","Ninguna","No existe","Intersección","Bueno","Buena","Nocturna,Con luz artificial","Buen Tiempo","S/D","S/D","Atropello","Ninguna","Horizontal,Vertical","Vegetación","Sin restricción"
2015,6689,28/10/2015,"Miercoles",0,13:40:00,,"0.0",2,"Automóvil,Moto/Ciclomotor","Busaniche Y Paula Castañeda",2,1,0,0,1,0,0,,"Calle",,"SAN JOSÉ DEL RINCÓN","La Capital","Arena","No existe","I","Dentro","Urbana","Ninguna","No existe","Intersección","Bueno","Buena","Diurna","Buen Tiempo","Lateral","S/D","Colisión","S/D","Faltante","Ninguna","Sin restricción"
2015,6690,20/10/2015,"Martes",0,03:20:00,,"0.0",1,"Pickup/Utilitario","Ruta Nac 1 Y Calle 48",1,1,0,0,0,0,0,,"Calle",,"ARROYO LEYES","La Capital","Tierra","Natural","I","S/D","Urbana","Marca Vial","No existe","Otro","S/D","Buena","Nocturna","Buen Tiempo","Contra objeto fijo","S/D","Colisión","Ninguna","Faltante","Línea divisoria pintada","Sin restricción"
2015,6691,20/10/2015,"Martes",0,21:30:00,,"0.0",2,"Moto/Ciclomotor,Transporte de Pasajeros Urbano (> 8 asientos)","Av Blas Parera Y Ayacucho",3,2,0,0,1,0,0,,"Avenida",,"SANTA FE","La Capital","Hormigón","Pavimento","I","Dentro","Urbana","Semáforo","Funciona","Intersección","Bueno","Buena","Nocturna,Con luz artificial","Buen Tiempo","Lateral","S/D","Colisión","S/D","Horizontal","Cordón divisorio","Sin restricción"
2015,6692,22/10/2015,"Jueves",0,,,"0.0",2,"Moto/Ciclomotor,Automóvil","Calle 4 Y Margaritas",3,2,0,0,1,0,0,,"Calle",,"SAUCE VIEJO","La Capital","Tierra","No existe","I","S/D","S/D","Ninguna","No existe","Recta","Deteriorada","Buena","Diurna","Buen Tiempo","S/D","S/D","Otro","S/D","Faltante","Ninguna","S/D"
2015,6693,24/10/2015,"Sabado",0,19:45:00,"Ruta Provincial 1","14.5",2,"Bicicleta,Moto/Ciclomotor","Ruta Nac 1 ",2,1,1,0,0,0,0,"-31.582071, -60.553739","Ruta",1,"ARROYO LEYES","La Capital","Asfalto","Natural","I","S/D","Urbana","Marca Vial","No existe","Recta","Bueno","Buena","Diurna","Buen Tiempo","Lateral","S/D","Colisión","Ninguna","Vertical","Línea divisoria pintada","Sin restricción"
2015,6694,26/10/2015,"Lunes",0,11:15:00,"Ruta Provincial 1","5.0",2,"Moto/Ciclomotor,Automóvil"," ",2,1,0,0,1,0,0,,"Ruta",1,"SAN JOSÉ DEL RINCÓN","La Capital","Asfalto","Natural","I","Dentro","Urbana","Ninguna","No existe","Recta","S/D","Buena","Diurna","Lluvia","S/D","S/D","Colisión","Agua","Faltante","Barrera de hormigón","Sin restricción"
2015,6695,22/10/2015,"Jueves",0,17:30:00,,"0.0",2,"Bicicleta,Automóvil"," ",2,1,0,0,1,0,0,,"Calle",,"SANTA FE","La Capital","Hormigón","Pavimento","I","S/D","Urbana","Ninguna","No existe","Recta","Bueno","Buena","Diurna","S/D","S/D","S/D","Atropello","S/D","S/D","S/D","Sin restricción"
2015,6696,22/10/2015,"Jueves",0,17:30:00,,"0.0",2,"Moto/Ciclomotor,Automóvil","Estrada Y Alberdi",3,2,0,0,1,0,0,,"Calle",,"SANTA FE","La Capital","Asfalto","S/D","I","Dentro","Urbana","S/D","S/D","Intersección","Bueno,Con baches","S/D","S/D","S/D","Lateral","S/D","Colisión","S/D","Vertical","S/D","S/D"
2015,6697,11/10/2015,"Domingo",0,12:30:00,,"0.0",2,"Moto/Ciclomotor,Pickup/Utilitario","Av Blas Parera Y Angel Cassanello",2,1,0,0,1,0,0,,"Avenida",,"SANTA FE","La Capital","Hormigón","Pavimento","I","Dentro","Urbana","Ninguna","No existe","Intersección","Bueno","Buena","Diurna","Buen Tiempo","Lateral","S/D","Colisión","S/D","Horizontal,Vertical","Cordón divisorio","Sin restricción"
2015,6698,23/10/2015,"Viernes",0,14:00:00,,"0.0",2,"Moto/Ciclomotor,Automóvil","Av Blas Parera Y Reg 12 de Infanteria",3,2,0,0,1,0,0,,"Avenida",,"SANTA FE","La Capital","Hormigón","Pavimento","I","Dentro","Urbana","Ninguna","No existe","Intersección","Bueno","S/D","S/D","Buen Tiempo","Lateral","S/D","Colisión","S/D","Horizontal","Cordón divisorio","Sin restricción"