"anio_acci","nro_acci","fecha","desc_dia","fecha_aprox","hora_aprox","desc_ruta","km","cant_participantes","desc_participante","calle_avenida_km","total","heridos_leves","heridos_graves","heridos_gravisimos","ilesos","fallecidos","sin_datos","posicion_XY","desc_tipo_via","desc_ruta_ori","desc_loc","desc_dpto","desc_tipo_calzada","desc_tipo_banquina","desc_unidad_regional","desc_lugar_calzada","desc_zona","desc_prioridad","desc_estado_semaforo","desc_lugar_via","desc_estado_via","desc_estado_visibilidad","desc_luminosidad","desc_estado_clima","desc_tipo_colision","desc_tipo_atropello","desc_tipo_hecho","desc_pres_calzada","desc_senializacion","desc_separacion_via","desc_restriccion"
2015,6699,01/10/2015,"Jueves",0,16:20:00,,"0.0",2,"Pickup/Utilitario,Moto/Ciclomotor"," ",3,1,0,0,2,0,0,,"Avenida",,"SANTO TOMÉ","La Capital","S/D","S/D","I","S/D","Urbana","S/D","S/D","S/D","S/D","S/D","Diurna","S/D","S/D","S/D","S/D","S/D","S/D","S/D","S/D"
2015,6700,30/10/2015,"Viernes",0,,,"0.0",2,"Vehículo Oficial,Automóvil","7 de marzo Y Cordoba",3,1,0,0,2,0,0,,"Avenida",,"SANTO TOMÉ","La Capital","Asfalto","No existe","I","Dentro","Urbana","Ninguna","No existe","Intersección","Bueno","Buena","Con luz artificial","Buen Tiempo","Frontal","S/D","Colisión","Ninguna","Faltante","Ninguna","Sin restricción"
2015,6701,14/10/2015,"Miercoles",0,20:50:00,,"0.0",2,"Moto/Ciclomotor,Automóvil","Av Peñaloza Y Diagonal España",3,2,0,0,1,0,0,,"Avenida",,"SANTA FE","La Capital","Hormigón","Pavimento","I","Dentro","Urbana","Ninguna","No existe","Intersección","Deteriorada","Buena","Nocturna,Con luz artificial","Buen Tiempo","Lateral","S/D","Colisión","Material Suelto","Faltante","Cordón divisorio","Sin restricción"
2015,6702,06/10/2015,"Martes",0,12:10:00,,"0.0",2,"Moto/Ciclomotor,Otros","Avenida Nuestra Señora del Luj Y 12 de septiembre",3,1,0,0,0,0,2,,"Avenida",,"SANTO TOMÉ","La Capital","S/D","S/D","I","Dentro","Urbana","S/D","S/D","S/D","S/D","S/D","Diurna","S/D","S/D","S/D","S/D","S/D","S/D","S/D","S/D"
2015,6703,23/10/2015,"Viernes",0,21:45:00,,"0.0",2,"Moto/Ciclomotor,Automóvil","Gorriti Y Bernardo de Irigoyen",2,1,0,0,1,0,0,,"Avenida",,"SANTA FE","La Capital","Hormigón","Pavimento","I","Dentro","Urbana","Ninguna","No existe","Intersección","Bueno","Buena","Nocturna,Con luz artificial","Buen Tiempo","Lateral","S/D","Colisión","S/D","Faltante","Cordón divisorio","Sin restricción"
2015,6704,15/10/2015,"Jueves",0,12:55:00,"Ruta Provincial 14","5.5",2,"Automóvil,Camión"," ",2,1,0,0,1,0,0,,"Ruta",14,"RINCÓN POTRERO","La Capital","Hormigón","No existe","I","Dentro","Urbana","Ninguna","No existe","Recta","Bueno","Buena","Diurna","Buen Tiempo","De alcance","S/D","Colisión","S/D","Faltante","Barrera de hormigón","Sin restricción"
2015,6705,07/10/2015,"Miercoles",0,16:10:00,"Ruta Provincial 5","0.0",2,"Pickup/Utilitario,Moto/Ciclomotor"," ",3,0,1,0,2,0,0,,"Ruta",5,"MONTE VERA","La Capital","Hormigón","Natural","I","Dentro","Rural","Ninguna","No existe","Intersección","Bueno","Buena","Diurna","Buen Tiempo","Lateral","S/D","Colisión","Ninguna","S/D","Ninguna","Sin restricción"
2015,6706,29/10/2015,"Jueves",0,21:45:00,,"0.0",2,"Moto/Ciclomotor,Automóvil","Jose De San Martin Y Juan Jose Paso",2,1,0,0,1,0,0,,"Calle",,"SANTO TOMÉ","La Capital","Asfalto","No existe","I","Dentro","Urbana","Ninguna","No existe","Intersección","Con baches","Reducida","Nocturna,Con luz artificial","Viento Fuerte","De alcance","S/D","Colisión","Agua","Faltante","Cordón divisorio","Sin restricción"
2015,6707,14/10/2015,"Miercoles",0,23:00:00,,"0.0",2,"Moto/Ciclomotor,Moto/Ciclomotor","Estanislao Zeballos Y Sebastian Gaboto",3,2,0,0,1,0,0,,"Calle",,"SANTA FE","La Capital","Hormigón","Pavimento","I","Dentro","Urbana","Ninguna","No existe","Intersección","Bueno","Reducida","Nocturna,Con luz artificial","Buen Tiempo","Lateral","S/D","Colisión","S/D","Faltante","Ninguna","Desvío Provisorio"
2015,6708,11/10/2015,"Domingo",0,20:00:00,"Ruta Provincial 2","17.0",2,"Pickup/Utilitario,Moto/Ciclomotor"," ",3,1,1,0,1,0,0,,"Ruta",2,"MONTE VERA","La Capital","Hormigón","Natural","I","Dentro","Rural","Ninguna","No existe","Intersección","Bueno","Buena","Nocturna,Con luz artificial","Buen Tiempo","Lateral","S/D","Colisión","Ninguna","Faltante","Ninguna","Sin restricción"
2015,6709,07/10/2015,"Miercoles",0,07:50:00,,"0.0",2,"Moto/Ciclomotor,Automóvil","Azcuenaga Y Roque Saenz Peña",2,1,0,0,1,0,0,,"Calle",,"SANTO TOMÉ","La Capital","Ripio","No existe","I","Dentro","Urbana","Ninguna","S/D","Intersección","Bueno","Buena","Diurna","Buen Tiempo","Lateral","S/D","Colisión","Ninguna","Faltante","Ninguna","Sin restricción"
2015,6710,15/10/2015,"Jueves",0,11:00:00,,"0.0",2,"Automóvil,Camión","Av Peñaloza Y Beruti",3,2,0,0,1,0,0,,"Avenida",,"SANTA FE","La Capital","Hormigón","Pavimento","I","Dentro","Urbana","Ninguna","No existe","Intersección","Bueno","Buena","Diurna","Buen Tiempo","Lateral","S/D","Colisión","S/D","Vertical","Cordón divisorio","Sin restricción"
2015,6711,17/10/2015,"Sabado",0,16:00:00,,"0.0",2,"Moto/Ciclomotor,Pickup/Utilitario","Juan Jose Paso Y Republica de Chile",3,2,0,0,1,0,0,,"Calle",,"SANTO TOMÉ","La Capital","Ripio","No existe","I","Dentro","Urbana","Ninguna","No existe","Intersección","Bueno","Buena","Diurna","Buen Tiempo","Lateral","S/D","Colisión","Ninguna","Faltante","Ninguna","Sin restricción"
2015,6712,29/10/2015,"Jueves",0,12:20:00,,"0.0",2,"Automóvil,Moto/Ciclomotor","Sarmiento Y Aras General Belgrano",2,1,0,0,1,0,0,,"Calle",,"SANTA FE","La Capital","Asfalto","No existe","I","Dentro","Urbana","Ninguna","No existe","Intersección","Resbaladiza","Reducida","Diurna","Lluvia","Lateral","S/D","Colisión","Agua","Faltante","Ninguna","Sin restricción"
2015,6713,25/10/2015,"Domingo",0,11:15:00,,"0.0",2,"Automóvil,Moto/Ciclomotor","Baldaccini Y La Pampa",3,1,0,0,2,0,0,,"Calle",,"MONTE VERA","La Capital","Ripio","No existe","I","Dentro","Urbana","Ninguna","No existe","Intersección","Bueno","Buena","Diurna","Buen Tiempo","Lateral","S/D","Colisión","Ninguna","Faltante","Ninguna","Sin restricción"
2015,6714,17/10/2015,"Sabado",0,02:00:00,"Ruta Nacional 11","0.0",2,"Automóvil,Automóvil","Ruta Nac 11 Y Calle 6",3,0,1,0,2,0,0,,"Ruta",11,"SAUCE VIEJO","La Capital","Asfalto","Natural","I","Dentro","Urbana","Ninguna","No existe","Recta","Bueno","Reducida","Nocturna,Con luz artificial","Buen Tiempo","Lateral","S/D","Colisión","Ninguna","Faltante","Ninguna","Sin restricción"
2015,6715,15/10/2015,"Jueves",0,11:20:00,,"0.0",2,"Moto/Ciclomotor,Automóvil","Chiclana Y Azcuenaga",2,1,0,0,1,0,0,,"Calle",,"SANTA FE","La Capital","Tierra","Natural","I","Dentro","Urbana","Ninguna","No existe","Intersección","Con baches,Ahuellamiento","Buena","Diurna","Buen Tiempo","Lateral","S/D","Colisión","S/D","Faltante","Ninguna","Sin restricción"
2015,6716,21/10/2015,"Miercoles",0,12:30:00,,"0.0",3,"Automóvil,Automóvil,Moto/Ciclomotor","Avenida Nuestra Señora del Luj Y Frutos",3,1,0,0,2,0,0,,"Calle",,"SANTO TOMÉ","La Capital","Asfalto","No existe","I","Dentro","Urbana","Ninguna","No existe","Intersección","Bueno","Buena","Diurna","Buen Tiempo","Múltiple","S/D","Colisión","S/D","Horizontal","Ninguna","Sin restricción"
2015,6717,15/09/2015,"Martes",0,11:00:00,,"0.0",2,"Moto/Ciclomotor,Pickup/Utilitario","Almafuerte Y Falucho",2,1,0,0,1,0,0,,"Calle",,"VILLA CONSTITUCIÓN","Constitución","Asfalto","Pavimento","VI","Dentro","Urbana","Ninguna","No existe","Intersección","Bueno","Buena","Diurna","Buen Tiempo","Frontal","S/D","Colisión","Ninguna","Faltante","Ninguna","Sin restricción"
2015,6718,22/10/2015,"Jueves",0,21:00:00,,"0.0",2,"Bicicleta,Pickup/Utilitario","ROVERANO Y CORRIENTES",2,1,0,0,1,0,0,,"Calle",,"SAUCE VIEJO","La Capital","Ripio","No existe","I","Dentro","Urbana","Ninguna","No existe","Intersección","Deteriorada","Reducida","Nocturna,Con luz artificial","Buen Tiempo","S/D","S/D","Atropello","Material Suelto","Faltante","Ninguna","Sin restricción"
2015,6719,24/10/2015,"Sabado",0,17:15:00,"Ruta Nacional 11","0.0",2,"Automóvil,Automóvil","Grl Enrique Mosconi ",3,3,0,0,0,0,0,,"Ruta",11,"SANTO TOMÉ","La Capital","Asfalto","No existe","I","Dentro","Urbana","Ninguna","No existe","Intersección","Bueno","Buena","Diurna","Buen Tiempo","Lateral","S/D","Colisión","S/D","Horizontal","Ninguna","Sin restricción"
2015,6720,16/10/2015,"Viernes",0,12:50:00,,"0.0",2,"Moto/Ciclomotor,Automóvil","Europa 6800",3,2,0,0,1,0,0,,"Calle",,"SANTA FE","La Capital","S/D","S/D","I","Dentro","Urbana","Ninguna","S/D","Recta","S/D","Buena","Diurna","Buen Tiempo","Lateral","S/D","Colisión","S/D","S/D","S/D","Sin restricción"
2015,6721,27/10/2015,"Martes",0,10:00:00,,"0.0",2,"Moto/Ciclomotor,Pickup/Utilitario","Rca Oriental del Uruguay 2800",2,0,0,0,0,0,2,,"Calle",,"SANTO TOMÉ","La Capital","S/D","S/D","I","Dentro","Urbana","S/D","S/D","S/D","S/D","S/D","Diurna","S/D","S/D","S/D","Colisión","S/D","S/D","S/D","S/D"
2015,6722,23/10/2015,"Viernes",0,13:00:00,"Autopista Provincial Brigadier E.López","0.0",2,"Moto/Ciclomotor,Camión","Ruta Nac 11 ",2,1,0,0,1,0,0,,"Autopista","Brigadier E.López","SAUCE VIEJO","La Capital","Asfalto","Pavimento","I","S/D","Rural","Ninguna","No existe","Intersección","Bueno","Buena","Diurna","Buen Tiempo","Lateral","S/D","Colisión","Ninguna","Faltante","Ninguna","Sin restricción"
2015,6723,17/10/2015,"Sabado",0,18:30:00,,"0.0",2,"Automóvil,Moto/Ciclomotor","S/D ",2,1,0,0,1,0,0,,"Calle",,"SAUCE VIEJO","La Capital","Asfalto","Ripio","I","Dentro","Urbana","Ninguna","No existe","Recta","Bueno","Buena","Diurna","Buen Tiempo","Lateral","S/D","Colisión","S/D","Vertical","Línea divisoria pintada","Sin restricción"
2015,6724,28/10/2015,"Miercoles",0,10:00:00,"Ruta Nacional 11","0.0",2,"Automóvil,Camión","Ruta Nac 11 Av Grl Lopez ",3,1,0,0,2,0,0,,"Ruta",11,"SAUCE VIEJO","La Capital","Asfalto","Pavimento","I","S/D","Urbana","S/D","No existe","Intersección","Bueno","Buena","Diurna","Buen Tiempo","Lateral","S/D","Colisión","Ninguna","Horizontal","Ninguna","Sin restricción"
2015,6725,19/09/2015,"Sabado",0,11:20:00,,"0.0",2,"Moto/Ciclomotor,Automóvil","Belgrano Y Presidente Peron",2,1,0,0,1,0,0,,"Calle",,"VILLA CONSTITUCIÓN","Constitución","Asfalto","Pavimento","VI","Dentro","Urbana","Ninguna","No existe","Intersección","Bueno","Buena","Diurna","Buen Tiempo","Lateral","S/D","Colisión","Ninguna","Faltante","Ninguna","Sin restricción"
2015,6726,11/10/2015,"Domingo",0,11:00:00,,"0.0",2,"Moto/Ciclomotor,Automóvil","S/D ",2,1,0,0,1,0,0,,"Calle",,"SAUCE VIEJO","La Capital","Asfalto","Pavimento","I","Dentro","Urbana","Ninguna","No existe","Intersección","Bueno","Buena","Diurna","Buen Tiempo","S/D","S/D","Colisión","S/D","Faltante","Ninguna","Sin restricción"
2015,6727,16/10/2015,"Viernes",0,20:45:00,,"0.0",2,"Automóvil,Automóvil","Av Peñaloza Y J P Lopez",4,3,0,0,1,0,0,,"Avenida",,"SANTA FE","La Capital","Asfalto,Hormigón","Pavimento","I","Dentro","Urbana","Otra Señal","No existe","Intersección","Bueno","Buena","Nocturna,Con luz artificial","Buen Tiempo","Lateral","S/D","Colisión","S/D","Vertical","Cordón divisorio","Sin restricción"
2015,6728,07/10/2015,"Miercoles",0,10:10:00,,"0.0",2,"Automóvil,Transporte de Pasajeros Urbano (> 8 asientos)","Pasaje 12 de septiembre Y Mariano Moreno",4,2,0,0,2,0,0,,"Calle",,"SANTO TOMÉ","La Capital","Asfalto","No existe","I","Dentro","Urbana","Ninguna","No existe","Intersección","Bueno","Buena","Diurna","Viento Fuerte","De alcance","S/D","Colisión","S/D","Faltante","Ninguna","Sin restricción"
2015,6729,24/10/2015,"Sabado",0,13:00:00,,"0.0",2,"Moto/Ciclomotor,Moto/Ciclomotor","Calle 6 Y Calle 7",2,2,0,0,0,0,0,,"Calle",,"SAUCE VIEJO","La Capital","Ripio","No existe","I","S/D","Urbana","Ninguna","No existe","Intersección","Resbaladiza","Reducida","Diurna","Buen Tiempo","Lateral","S/D","Colisión","Material Suelto","Faltante","Ninguna","Sin restricción"
2015,6730,19/09/2015,"Sabado",0,20:50:00,"Ruta Provincial 21","0.0",1,"Moto/Ciclomotor"," ",2,2,0,0,0,0,0,,"Ruta",21,"VILLA CONSTITUCIÓN","Constitución","Asfalto","Pavimento","VI","Dentro","Rural","Ninguna","No existe","Recta","Bueno","Buena","Diurna","Buen Tiempo","Atropello animal","S/D","Atropello","Ninguna","Faltante","Ninguna","Sin restricción"
2015,6731,06/10/2015,"Martes",0,12:50:00,,"0.0",2,"Automóvil,Peatón","Avenida Nuestra Señora del Luj Y Avenida Del Trabajo",2,1,0,0,1,0,0,"-31.671805555556,-60.768138888889","Calle",,"SANTO TOMÉ","La Capital","Asfalto","No existe","I","Dentro","Urbana","Semáforo","Funciona","Intersección","Bueno","Buena","Diurna","Buen Tiempo","S/D","S/D","Atropello","S/D","Horizontal","Línea divisoria pintada","Sin restricción"
2015,6732,20/10/2015,"Martes",0,07:40:00,,"0.0",2,"Moto/Ciclomotor,Moto/Ciclomotor","Pje Gaboto Y Don Guanella",3,2,0,0,1,0,0,,"Calle",,"SANTA FE","La Capital","Asfalto","Natural","I","Dentro","Urbana","Ninguna","No existe","Intersección","Deteriorada","Buena","Diurna","Buen Tiempo","Lateral","S/D","Colisión","Material Suelto","Faltante","Ninguna","Sin restricción"
2015,6733,18/09/2015,"Viernes",0,18:15:00,,"0.0",1,,"Independencia Y Lisandro de la Torre",2,1,0,0,1,0,0,,"Calle",,"VILLA CONSTITUCIÓN","Constitución","Asfalto","Pavimento","VI","Dentro","Urbana","Ninguna","No existe","Intersección","Bueno","Buena","Diurna","Buen Tiempo","Lateral","S/D","Colisión","Ninguna","Faltante","Ninguna","Sin restricción"
2015,6734,06/10/2015,"Martes",0,15:15:00,,"0.0",2,"Moto/Ciclomotor,Automóvil","25 de mayo Y Necochea",3,1,0,0,2,0,0,,"Calle",,"SANTO TOMÉ","La Capital","Asfalto","No existe","I","Dentro","Urbana","Ninguna","No existe","Intersección","Deteriorada","Buena","Diurna","Buen Tiempo","Lateral","S/D","Colisión","S/D","Faltante","Ninguna","Sin restricción"
2015,6735,16/10/2015,"Viernes",0,19:30:00,,"0.0",2,"Moto/Ciclomotor,Automóvil","Obispo Gelabert Y 25 de mayo",2,1,0,0,1,0,0,,"Calle",,"SANTO TOMÉ","La Capital","Asfalto","No existe","I","Dentro","Urbana","Paso Peatonal","No existe","Intersección","Bueno","Buena","Atardecer","Buen Tiempo","De alcance","S/D","Colisión","Ninguna","Faltante","Línea divisoria pintada","Sin restricción"
2015,6736,27/10/2015,"Martes",0,17:30:00,,"0.0",2,"Moto/Ciclomotor,Automóvil","Lisandro de la Torre Y Belgrano",3,2,0,0,1,0,0,,"Calle",,"SANTA FE","La Capital","Asfalto","Ripio","I","Dentro","Urbana","Ninguna","No existe","Intersección","Bueno","Buena","Nocturna,Con luz artificial","Buen Tiempo","Lateral","S/D","Colisión","S/D","Faltante","Ninguna","Sin restricción"
2015,6737,20/10/2015,"Martes",0,16:00:00,,"0.0",2,"Automóvil,Camión","Av Blas Parera Y Millan Medina",2,1,0,0,1,0,0,,"Calle",,"SANTA FE","La Capital","Hormigón","Pavimento","I","S/D","Urbana","Semáforo","Funciona","Intersección","Bueno","Buena","Diurna","Buen Tiempo","De alcance","S/D","Colisión","S/D","Vertical","Cordón divisorio","Sin restricción"
2015,6738,21/10/2015,"Miercoles",0,22:00:00,,"0.0",2,"Automóvil,Moto/Ciclomotor","Juan Bautista Alberdi Y Libertad",2,0,1,0,1,0,0,,"Calle",,"SANTO TOMÉ","La Capital","Asfalto","No existe","I","Dentro","Urbana","Ninguna","No existe","Intersección","Bueno","Buena","Nocturna,Con luz artificial","Buen Tiempo","Lateral","S/D","Colisión","S/D","Faltante","Ninguna","Sin restricción"
2015,6739,03/10/2015,"Sabado",0,15:15:00,,"0.0",2,"Moto/Ciclomotor,Automóvil","Cristobal Colon ",2,1,0,0,1,0,0,,"Calle",,"SANTO TOMÉ","La Capital","Asfalto","No existe","I","Dentro","Urbana","Ninguna","No existe","Recta","Con baches","Buena","Diurna","Lluvia","De alcance","S/D","Colisión","S/D","Faltante","Ninguna","Sin restricción"
2015,6740,14/10/2015,"Miercoles",0,14:10:00,"Ruta Secundaria 19-s","0.0",2,"Moto/Ciclomotor,Automóvil","Salvador del Carril ",3,2,0,0,1,0,0,,"Ruta","19-s","SANTO TOMÉ","La Capital","Asfalto","Pavimento","I","Dentro","Urbana","Ninguna","No existe","Intersección","Con baches","Reducida polvo","Diurna","Otro","De alcance","S/D","Colisión","Material Suelto","Faltante","Vegetación","Sin restricción"
2015,6742,18/09/2015,"Viernes",0,18:15:00,,"0.0",2,"Moto/Ciclomotor,Otros","Independencia Y Lisandro de la Torre",2,1,0,0,1,0,0,,"Calle",,"VILLA CONSTITUCIÓN","Constitución","Asfalto","Pavimento","VI","Dentro","Urbana","Ninguna","No existe","Intersección","Bueno","Buena","Diurna","Buen Tiempo","Lateral","S/D","Colisión","Ninguna","Faltante","Ninguna","Sin restricción"
2015,6743,02/10/2015,"Viernes",0,19:30:00,,"0.0",2,"Moto/Ciclomotor,Moto/Ciclomotor","Avenida Nuestra Señora del Luj Y Sebastian Gaboto",3,1,0,0,2,0,0,,"Avenida",,"SANTO TOMÉ","La Capital","Asfalto","No existe","I","Dentro","Urbana","Semáforo","Funciona","Intersección","Con baches","Reducida","Atardecer","Lluvia","Lateral","S/D","Colisión","Ninguna","Faltante","Ninguna","Sin restricción"
2015,6744,12/10/2015,"Lunes",0,01:00:00,,"0.0",2,"Otros,Moto/Ciclomotor","Avenida Nuestra Señora del Luj Y Av 7 de marzo",3,2,0,0,1,0,0,,"Avenida",,"SANTO TOMÉ","La Capital","Asfalto","No existe","I","Dentro","Urbana","Semáforo","Funciona","Intersección","Bueno","Buena","Nocturna,Con luz artificial","Buen Tiempo","Lateral","S/D","Colisión","Ninguna","Horizontal","Línea divisoria pintada","Sin restricción"
2015,6745,30/09/2015,"Miercoles",0,15:30:00,,"0.0",2,"Taxi/Remis,Moto/Ciclomotor","Saavedra Y Bv Ayacucho",4,1,0,0,3,0,0,,"Calle",,"EMPALME VILLA CONSTITUCIÓN","Constitución","Asfalto","Pavimento","VI","Dentro","Urbana","Ninguna","No existe","Intersección","Bueno","Buena","Diurna","Buen Tiempo","Lateral","S/D","Colisión","Ninguna","Faltante","Línea divisoria pintada","Sin restricción"
2015,6746,22/10/2015,"Jueves",0,23:35:00,,"0.0",2,"Moto/Ciclomotor,Automóvil","Avenida Nuestra Señora del Luj Y La Rioja",3,1,0,0,2,0,0,,"Avenida",,"SANTO TOMÉ","La Capital","Asfalto","No existe","I","Dentro","Urbana","Semáforo","Funciona","Intersección","Bueno","Buena","Con luz artificial","Buen Tiempo","S/D","S/D","Atropello","Ninguna","Faltante","Línea divisoria pintada","Sin restricción"
2015,6747,22/10/2015,"Jueves",0,17:50:00,,"0.0",2,"Automóvil,Moto/Ciclomotor","25 de mayo Y Paula Albarracin de Sarmiento",2,1,0,0,1,0,0,,"Calle",,"SANTO TOMÉ","La Capital","Asfalto","No existe","I","Dentro","Urbana","Semáforo","Funciona","Intersección","Bueno","Buena","Diurna","Buen Tiempo","Lateral","S/D","Colisión","Ninguna","Faltante","Línea divisoria pintada","Sin restricción"
2015,6748,22/10/2015,"Jueves",0,07:30:00,,"0.0",2,"Bicicleta,Automóvil","Avenida Del Trabajo Y Simon de Iriondo",2,1,0,0,1,0,0,"-31.673194444444,-60.759638888889","Calle",,"SANTO TOMÉ","La Capital","Asfalto","No existe","I","Dentro","Urbana","Ninguna","No existe","Intersección","Deteriorada","Buena","Diurna","Buen Tiempo","S/D","S/D","Atropello","Ninguna","Faltante","Ninguna","Sin restricción"
2015,6749,21/10/2015,"Miercoles",0,11:35:00,,"0.0",2,"Automóvil,Peatón","Av 7 de marzo Y Centenario",2,1,0,0,1,0,0,"-31.666805555556,-60.762027777778","S/D",,"SANTO TOMÉ","La Capital","Asfalto","No existe","I","Dentro","Urbana","Semáforo","Funciona","Intersección","Bueno","Buena","Diurna","Buen Tiempo","S/D","S/D","Atropello","Ninguna","Faltante","Ninguna","Sin restricción"
2015,6750,02/10/2015,"Viernes",0,09:00:00,,"0.0",2,"Pickup/Utilitario,Peatón","Avenida General Bartolome Mitr 2000",2,1,0,0,1,0,0,"-31.667848, -60.753528","Avenida",,"SANTO TOMÉ","La Capital","Asfalto","No existe","I","Dentro","Urbana","Policía de tránsito","No existe","Recta","Bueno","Buena","Diurna","Lluvia","S/D","S/D","Atropello","Ninguna","Faltante","Ninguna","Sin restricción"
2015,6751,31/10/2015,"Sabado",0,16:20:00,,"0.0",2,"Moto/Ciclomotor,Pickup/Utilitario","Hernandarias Y J Macia",2,1,0,0,1,0,0,,"Calle",,"SANTO TOMÉ","La Capital","Asfalto","No existe","I","Dentro","Urbana","Ninguna","No existe","Intersección","Deteriorada","Buena","Diurna","Buen Tiempo","Lateral","S/D","Colisión","Ninguna","Faltante","Ninguna","Sin restricción"
2015,6752,30/10/2015,"Viernes",0,07:30:00,,"0.0",2,"Moto/Ciclomotor,Automóvil","Pasaje Almte Guillermo Brown Y Centenario",2,1,0,0,1,0,0,,"Calle",,"SANTO TOMÉ","La Capital","Asfalto","No existe","I","Dentro","Urbana","Marca Vial","No existe","Intersección","Bueno","Buena","Diurna","Buen Tiempo","De alcance","S/D","Colisión","Ninguna","Faltante","Línea divisoria pintada","Sin restricción"
2015,6753,19/09/2015,"Sabado",0,00:30:00,,"0.0",2,"Moto/Ciclomotor,Otros","Presidente Peron Y Martin Miguel de Guemes",2,0,0,0,0,0,2,,"Avenida",,"VILLA CONSTITUCIÓN","Constitución","Asfalto","Pavimento","VI","Dentro","Urbana","Ninguna","No existe","Intersección","Bueno","Buena","Diurna,Con luz artificial","Buen Tiempo","Lateral","S/D","Colisión","Ninguna","Faltante","Ninguna","Sin restricción"
2015,6754,17/09/2015,"Jueves",0,10:20:00,,"0.0",2,"Peatón,Automóvil","Bolivia Y Juan Jose de Urquiza",2,1,0,0,1,0,0,,"Calle",,"VILLA CONSTITUCIÓN","Constitución","Asfalto","Pavimento","VI","Dentro","Urbana","Ninguna","No existe","Intersección","Bueno","Buena","Diurna","Buen Tiempo","S/D","S/D","Atropello","Ninguna","Faltante","Ninguna","Sin restricción"
2015,6755,08/03/2015,"Domingo",0,02:30:00,,"0.0",1,"Automóvil","CORDOBA  Y CALLE 1",1,0,1,0,0,0,0,,"Calle",,"IBARLUCEA","Rosario","S/D","S/D","II","Dentro","Urbana","S/D","S/D","Intersección","S/D","S/D","Nocturna","S/D","S/D","S/D","Vuelco","S/D","S/D","S/D","S/D"
2015,6756,31/10/2015,"Sabado",0,06:00:00,"Ruta Nacional 175","18.0",2,"Moto/Ciclomotor,Automóvil"," ",4,1,1,0,2,0,0,,"Ruta",175,"SAN LORENZO","San Lorenzo","Asfalto","Natural","XVII","Dentro","Rural","Ninguna","No existe","Recta","Bueno","Buena","Nocturna","Buen Tiempo","De alcance","S/D","Colisión","S/D","Faltante","Ninguna","Sin restricción"
2015,6757,23/09/2015,"Miercoles",0,15:30:00,"Ruta Provincial 21","0.0",2,"Moto/Ciclomotor,Automóvil","Ruta Prov 21 Y Belgrano",2,1,0,0,1,0,0,,"Ruta",21,"VILLA CONSTITUCIÓN","Constitución","Asfalto","Pavimento","VI","Dentro","Urbana","Ninguna","No existe","Intersección","Bueno","S/D","Diurna","Buen Tiempo","Frontal","S/D","Colisión","Ninguna","Faltante","Ninguna","Sin restricción"
2015,6758,24/09/2015,"Jueves",0,,,"0.0",2,"Moto/Ciclomotor,Automóvil","Santiago del Estero Y Sarmiento",2,1,0,0,1,0,0,,"Calle",,"VILLA CONSTITUCIÓN","Constitución","Asfalto","Pavimento","VI","S/D","Urbana","Ninguna","No existe","Intersección","Bueno","Buena","Diurna","Buen Tiempo","Frontal","S/D","Colisión","Ninguna","Faltante","Ninguna","Sin restricción"
2015,6759,25/09/2015,"Viernes",0,10:00:00,,"0.0",2,"Moto/Ciclomotor,Otros","Simon Bolivar Y Cordoba",2,1,0,0,1,0,0,,"Calle",,"VILLA CONSTITUCIÓN","Constitución","Asfalto","Pavimento","VI","Dentro","Urbana","Ninguna","No existe","Intersección","Bueno","Buena","Diurna","Buen Tiempo","Frontal","S/D","Colisión","Ninguna","Faltante","Ninguna","Sin restricción"
2015,6760,29/10/2015,"Jueves",0,15:15:00,"Autopista Nacional Rosario -Cordoba","0.0",2,"Automóvil,Pickup/Utilitario"," ",2,2,0,0,0,0,0,,"Autopista","Rosario -Cordoba","SAN JERÓNIMO SUR","San Lorenzo","Asfalto","Natural","XVII","Dentro","Rural","Ninguna","No existe","Recta","Bueno","Buena","Diurna","Buen Tiempo","De alcance","S/D","Colisión","S/D","Horizontal,Vertical","Vegetación","Accidente Previo"
2015,6761,27/09/2015,"Domingo",0,01:00:00,,"0.0",2,"Moto/Ciclomotor,Automóvil","Santiago del Estero Y Belgrano",2,1,0,0,1,0,0,,"Calle",,"VILLA CONSTITUCIÓN","Constitución","Hormigón","Pavimento","VI","Dentro","Urbana","Ninguna","No existe","Intersección","Bueno","Buena","Diurna","Buen Tiempo","Frontal","S/D","Colisión","Ninguna","Faltante","Ninguna","Sin restricción"
2015,6762,04/10/2015,"Domingo",0,06:40:00,,"0.0",2,"Automóvil,Automóvil","Av San Martin 4000",4,1,0,0,3,0,0,,"Avenida",,"SAN LORENZO","San Lorenzo","Asfalto","Pavimento","XVII","Dentro","Urbana","Semáforo","Funciona","Recta","Bueno","Reducida","S/D","S/D","De alcance","S/D","Colisión","S/D","Vertical","Ninguna","S/D"