"anio_acci","nro_acci","fecha","desc_dia","fecha_aprox","hora_aprox","desc_ruta","km","cant_participantes","desc_participante","calle_avenida_km","total","heridos_leves","heridos_graves","heridos_gravisimos","ilesos","fallecidos","sin_datos","posicion_XY","desc_tipo_via","desc_ruta_ori","desc_loc","desc_dpto","desc_tipo_calzada","desc_tipo_banquina","desc_unidad_regional","desc_lugar_calzada","desc_zona","desc_prioridad","desc_estado_semaforo","desc_lugar_via","desc_estado_via","desc_estado_visibilidad","desc_luminosidad","desc_estado_clima","desc_tipo_colision","desc_tipo_atropello","desc_tipo_hecho","desc_pres_calzada","desc_senializacion","desc_separacion_via","desc_restriccion"
2015,6763,12/09/2015,"Sabado",0,01:00:00,,"0.0",2,"Moto/Ciclomotor,Automóvil","Manuel Dorrego Y Avelleneda",2,1,0,0,1,0,0,,"Avenida",,"VILLA CONSTITUCIÓN","Constitución","Hormigón","Pavimento","VI","Dentro","Urbana","Ninguna","No existe","Intersección","Bueno","Reducida","Nocturna,Con luz artificial","Buen Tiempo","Lateral","S/D","Colisión","Ninguna","Faltante","Ninguna","Sin restricción"
2015,6764,07/10/2015,"Miercoles",0,20:45:00,,"0.0",2,"Moto/Ciclomotor,Automóvil","Av San Martin 3000",2,1,0,0,1,0,0,,"Avenida",,"SAN LORENZO","San Lorenzo","Hormigón","No existe","XVII","S/D","Urbana","S/D","No existe","Intersección","Bueno","Reducida","Nocturna","S/D","Frontal","S/D","Colisión","S/D","Horizontal","Ninguna","S/D"
2015,6765,15/10/2015,"Jueves",0,18:00:00,,"0.0",2,"Automóvil,Bicicleta","Alemania 800",3,2,0,0,1,0,0,,"Calle",,"SAN LORENZO","San Lorenzo","Asfalto","Pavimento","XVII","S/D","Urbana","Ninguna","No existe","Intersección","Bueno","Buena","Diurna","Buen Tiempo","S/D","S/D","Atropello","S/D","Faltante","Ninguna","Sin restricción"
2015,6766,01/09/2015,"Martes",0,14:50:00,,"0.0",2,"Moto/Ciclomotor,Automóvil","Catamarca Y Juan Jose de Urquiza",2,1,0,0,1,0,0,,"Calle",,"VILLA CONSTITUCIÓN","Constitución","Asfalto","Pavimento","VI","Dentro","Urbana","Ninguna","No existe","Intersección","Bueno","Buena","Diurna","Buen Tiempo","Lateral","S/D","Colisión","Ninguna","Faltante","Ninguna","Sin restricción"
2015,6767,03/10/2015,"Sabado",0,06:50:00,,"0.0",2,"Automóvil,Moto/Ciclomotor","America 1600",2,0,1,0,1,0,0,,"Calle",,"PUERTO SAN MARTÍN","San Lorenzo","Asfalto","Pavimento","XVIII","Dentro","Urbana","Ninguna","No existe","Recta","Bueno","Buena","Diurna","Buen Tiempo","Contra objeto fijo","S/D","Colisión","S/D","Faltante","Ninguna","Sin restricción"
2015,6768,16/10/2015,"Viernes",0,16:30:00,,"0.0",2,"Moto/Ciclomotor,Bicicleta","Av San Martin 2900",2,2,0,0,0,0,0,,"Avenida",,"SAN LORENZO","San Lorenzo","Asfalto","Pavimento","XVII","Dentro","Urbana","Semáforo","Funciona","Intersección","Bueno","Buena","Diurna","S/D","S/D","S/D","Atropello","S/D","Vertical","Ninguna","Sin restricción"
2015,6769,03/10/2015,"Sabado",0,12:40:00,"Ruta Nacional 11","0.0",1,"Moto/Ciclomotor","Pte Juan D Peron ",2,0,1,0,1,0,0,,"Ruta",11,"PUERTO SAN MARTÍN","San Lorenzo","Asfalto","Natural","XVII","Dentro","Urbana","Policía de tránsito","No existe","Intersección","Bueno","Buena","Diurna","Buen Tiempo","Atropello animal","S/D","Colisión","S/D","Faltante","Ninguna","Sin restricción"
2015,6770,01/09/2015,"Martes",0,,,"0.0",2,"Moto/Ciclomotor,Automóvil","Cordoba Y Simon Bolivar",2,1,0,0,1,0,0,,"Calle",,"VILLA CONSTITUCIÓN","Constitución","Hormigón","Pavimento","VI","Dentro","Urbana","Ninguna","No existe","Intersección","Bueno","Buena","Diurna","Buen Tiempo","Frontal","S/D","Colisión","Ninguna","Faltante","Ninguna","Sin restricción"
2015,6771,28/10/2015,"Miercoles",0,11:00:00,,"0.0",2,"Moto/Ciclomotor,Automóvil","General Lopez 3500",2,1,0,0,1,0,0,,"Calle",,"SAN LORENZO","San Lorenzo","Hormigón","Pavimento","XVII","Dentro","Urbana","Ninguna","No existe","Intersección","Bueno","Buena","Diurna","Buen Tiempo","Lateral","S/D","Colisión","S/D","Faltante","Ninguna","Sin restricción"
2015,6772,03/10/2015,"Sabado",0,21:45:00,,"0.0",2,"Automóvil,Moto/Ciclomotor","Cordoba Y 25 de Mayo",2,0,1,0,1,0,0,,"Calle",,"PUERTO SAN MARTÍN","San Lorenzo","Asfalto","Pavimento","XVII","Dentro","Urbana","Policía de tránsito","No existe","Intersección","Bueno","Buena","Nocturna","Buen Tiempo","De alcance","S/D","Colisión","S/D","Faltante","Ninguna","Sin restricción"
2015,6773,07/10/2015,"Miercoles",0,09:05:00,,"0.0",2,"Moto/Ciclomotor,Automóvil","25 de Mayo Y Tucuman",2,0,1,0,1,0,0,,"Calle",,"PUERTO SAN MARTÍN","San Lorenzo","Asfalto","Pavimento","XVII","Dentro","Urbana","Policía de tránsito","No existe","Intersección","Bueno","Buena","Diurna","Buen Tiempo","De alcance","S/D","Colisión","S/D","Faltante","Ninguna","Sin restricción"
2015,6774,21/09/2015,"Lunes",0,20:30:00,,"0.0",2,"Moto/Ciclomotor,Automóvil","Perrissol Y Echague",3,1,0,0,0,0,2,,"Calle",,"VILLA CONSTITUCIÓN","Constitución","Asfalto","S/D","VI","Dentro","Urbana","Ninguna","No existe","Intersección","Bueno","Buena","Nocturna","Otro","Frontal","S/D","Colisión","Ninguna","S/D","Ninguna","Sin restricción"
2015,6775,10/10/2015,"Sabado",0,20:15:00,,"0.0",2,"Pickup/Utilitario,Moto/Ciclomotor","Rioja Y Cordoba",2,1,0,0,1,0,0,,"Calle",,"PUERTO SAN MARTÍN","San Lorenzo","Asfalto","Pavimento","XVII","Dentro","Urbana","Policía de tránsito","No existe","Intersección","Bueno","Buena","Atardecer","Buen Tiempo","De alcance","S/D","Colisión","S/D","Faltante","Ninguna","Sin restricción"
2015,6776,14/10/2015,"Miercoles",0,18:45:00,,"0.0",2,"Automóvil,Moto/Ciclomotor","Falucho Y Eva Peron",4,1,0,0,3,0,0,,"Calle",,"PUERTO SAN MARTÍN","San Lorenzo","Asfalto","Pavimento","XVII","Dentro","Urbana","Policía de tránsito","No existe","Intersección","Bueno","Buena","Diurna","Buen Tiempo","De alcance","S/D","Colisión","Ninguna","Faltante","Ninguna","Sin restricción"
2015,6777,14/10/2015,"Miercoles",0,08:00:00,,"0.0",2,"Pickup/Utilitario,Automóvil","Bv Pellegrini Y 9 de Julio",3,2,0,0,1,0,0,,"Calle",,"ROLDÁN","San Lorenzo","Hormigón","No existe","XVII","Dentro","Urbana","Ninguna","No existe","Intersección","Bueno","Buena","Diurna","Buen Tiempo","Lateral","S/D","Colisión","S/D","Vertical","Ninguna","Sin restricción"
2015,6778,21/10/2015,"Miercoles",0,15:30:00,,"0.0",2,"Automóvil,Automóvil","Belgrano Y Moreno",2,1,0,0,1,0,0,,"Calle",,"PUERTO SAN MARTÍN","San Lorenzo","Asfalto","Natural","XVII","Dentro","Urbana","Ninguna","No existe","Intersección","Bueno","Buena","Diurna","Buen Tiempo","De alcance","S/D","Colisión","Ninguna","Faltante","Ninguna","Sin restricción"
2015,6779,22/10/2015,"Jueves",0,11:45:00,,"0.0",2,"Automóvil,Automóvil","Urquiza Y Entre Rios",3,3,0,0,0,0,0,,"Calle",,"SAN LORENZO","San Lorenzo","Hormigón","No existe","XVII","Dentro","Urbana","Ninguna","No existe","Intersección","Bueno","Buena","Diurna","Buen Tiempo","Lateral","S/D","Colisión","S/D","Vertical","Ninguna","Sin restricción"
2015,6780,04/09/2015,"Viernes",0,10:30:00,,"0.0",2,"Moto/Ciclomotor,Automóvil","Oroño Y Mosconi",2,2,0,0,0,0,0,,"Calle",,"VILLA CONSTITUCIÓN","Constitución","Asfalto","Pavimento","VI","Dentro","Urbana","Ninguna","No existe","Intersección","Bueno","Buena","Diurna","Buen Tiempo","Frontal","S/D","Colisión","Ninguna","S/D","Ninguna","Sin restricción"
2015,6781,01/10/2015,"Jueves",0,12:10:00,"Ruta Nacional 19","0.0",2,"Automóvil,Moto/Ciclomotor","RUTA 19 Y PEAJE",4,2,0,0,2,0,0,,"Ruta",19,"SANTO TOMÉ","La Capital","Asfalto","No existe","I","Dentro","Urbana","Ninguna","No existe","Intersección","Bueno","Buena","Diurna","Buen Tiempo","Lateral","S/D","Colisión","Ninguna","Faltante","Ninguna","Sin restricción"
2015,6782,10/09/2015,"Jueves",0,18:05:00,,"0.0",2,"Moto/Ciclomotor,Automóvil","Chubut Y Juan Jose de Urquiza",2,1,0,0,0,0,1,,"Calle",,"VILLA CONSTITUCIÓN","Constitución","Asfalto","Natural","VI","Dentro","Urbana","Marca Vial","No existe","Intersección","Bueno","Buena","Diurna","Buen Tiempo","Frontal","S/D","Colisión","Ninguna","S/D","Línea divisoria pintada","Sin restricción"
2015,6783,15/09/2015,"Martes",0,16:00:00,,"0.0",2,"Moto/Ciclomotor,Automóvil","Independencia Y Rio Negro",2,1,0,0,0,0,1,,"Calle",,"VILLA CONSTITUCIÓN","Constitución","Asfalto","No existe","VI","Dentro","Urbana","Ninguna","No existe","Intersección","Bueno","Buena","Diurna","Buen Tiempo","Frontal","S/D","Colisión","Ninguna","S/D","Ninguna","Sin restricción"
2015,6784,17/10/2015,"Sabado",0,00:30:00,,"0.0",2,"Automóvil,Moto/Ciclomotor","Buenos Aires Y Santiago Derqui",2,1,0,0,1,0,0,,"Calle",,"SANTO TOMÉ","La Capital","Asfalto","No existe","I","Dentro","Urbana","Ninguna","No existe","Intersección","Deteriorada","Buena","Con luz artificial","Buen Tiempo","Lateral","S/D","Colisión","Ninguna","Faltante","Ninguna","Sin restricción"
2015,6785,28/10/2015,"Miercoles",0,18:30:00,,"0.0",2,"Pickup/Utilitario,Moto/Ciclomotor","Pte Juan D Peron S/D",2,1,0,0,1,0,0,,"Calle",,"PUERTO SAN MARTÍN","San Lorenzo","Asfalto","Natural","XVII","Dentro","Urbana","Policía de tránsito","No existe","Recta","Bueno","Buena","Diurna","Buen Tiempo","De alcance","S/D","Colisión","Ninguna","Faltante","Ninguna","Sin restricción"
2015,6786,11/10/2015,"Domingo",0,09:30:00,,"0.0",1,"Moto/Ciclomotor","Pte Hipolito Irigoyen 2000",1,1,0,0,0,0,0,,"Calle",,"PUERTO SAN MARTÍN","San Lorenzo","Asfalto","Natural","XVII","Dentro","Urbana","Policía de tránsito","No existe","Recta","Bueno","Buena","Diurna","Buen Tiempo","S/D","S/D","Caída ocupante","S/D","Faltante","Ninguna","Sin restricción"
2015,6787,13/10/2015,"Martes",0,13:30:00,,"0.0",2,"Moto/Ciclomotor,Automóvil","J B Alberdi Y Mendoza",2,1,0,0,1,0,0,,"Calle",,"PUERTO SAN MARTÍN","San Lorenzo","Asfalto","Pavimento","XVII","Dentro","Urbana","Policía de tránsito","No existe","Intersección","Bueno","Buena","Diurna","Buen Tiempo","De alcance","S/D","Colisión","S/D","Faltante","Ninguna","Sin restricción"
2015,6788,24/10/2015,"Sabado",0,13:30:00,,"0.0",1,"Moto/Ciclomotor","9 de Julio Y Bv Pellegrini",2,0,1,0,1,0,0,,"Calle",,"ROLDÁN","San Lorenzo","Hormigón","No existe","XVII","Dentro","Urbana","Ninguna","No existe","Intersección","Bueno","Buena","Diurna","Buen Tiempo","Lateral","S/D","Colisión","S/D","Vertical","Ninguna","Sin restricción"
2015,6789,05/09/2015,"Sabado",0,,,"0.0",2,"Automóvil,Automóvil","Simon Bolivar Y Entre Rios",2,1,0,0,1,0,0,,"Calle",,"VILLA CONSTITUCIÓN","Constitución","Asfalto","Pavimento","VI","Dentro","Urbana","Ninguna","No existe","Intersección","Bueno","Buena","Diurna","Buen Tiempo","Lateral","S/D","Colisión","Ninguna","Faltante","Ninguna","Sin restricción"
2015,6790,24/10/2015,"Sabado",0,19:10:00,"Autopista Nacional Rosario -Cordoba","316.0",1,"Automóvil"," ",2,1,0,0,1,0,0,,"Autopista","Rosario -Cordoba","ROLDÁN","San Lorenzo","Asfalto","Natural","XVII","Fuera","Urbana","Ninguna","No existe","Recta","Bueno","Buena","Atardecer","Buen Tiempo","S/D","S/D","Despiste","S/D","Horizontal","Ninguna","S/D"
2015,6791,29/09/2015,"Martes",0,16:50:00,,"0.0",2,"Moto/Ciclomotor,Automóvil","Pbro D Segundo Y Jujuy",2,1,0,0,1,0,0,,"Avenida",,"VILLA CONSTITUCIÓN","Constitución","Asfalto","Pavimento","VI","Dentro","Urbana","Ninguna","No existe","Intersección","Bueno","Buena","Diurna","Buen Tiempo","Frontal","S/D","Colisión","Ninguna","Faltante","Ninguna","Sin restricción"
2015,6793,24/10/2015,"Sabado",0,18:50:00,,"0.0",2,"Moto/Ciclomotor,Automóvil","Mitre Y Pte Illia -Ex. Entre Rios",2,1,0,0,1,0,0,,"Calle",,"FRAY LUIS BELTRÁN","San Lorenzo","Asfalto","No existe","XVII","Dentro","Urbana","Ninguna","No existe","Intersección","Con baches","Buena","Diurna","Buen Tiempo","Lateral","S/D","Colisión","Ninguna","Faltante","Ninguna","Sin restricción"
2015,6794,08/10/2015,"Jueves",0,18:30:00,,"0.0",2,"Moto/Ciclomotor,Automóvil","Arenales Y Moreno",2,1,0,0,1,0,0,,"Calle",,"FRAY LUIS BELTRÁN","San Lorenzo","Asfalto","No existe","XVII","Dentro","Urbana","Ninguna","No existe","Intersección","Con baches","Buena","Diurna","Buen Tiempo","Lateral","S/D","Colisión","S/D","Faltante","Ninguna","Sin restricción"
2015,6795,12/10/2015,"Lunes",0,20:38:00,,"0.0",2,"Automóvil,Automóvil","Av San Martin Y Gral Lopez",2,1,0,0,1,0,0,,"Avenida",,"FRAY LUIS BELTRÁN","San Lorenzo","Asfalto","Ripio","XVII","Dentro","Urbana","Ninguna","No existe","Intersección","Bueno","Buena","Nocturna","Buen Tiempo","Frontal","S/D","Colisión","Ninguna","Faltante","Ninguna","Sin restricción"
2015,6796,14/10/2015,"Miercoles",0,06:50:00,,"0.0",2,"Pickup/Utilitario,Moto/Ciclomotor","Roca Y Paraguay",2,1,0,0,1,0,0,,"Calle",,"PUERTO SAN MARTÍN","San Lorenzo","Asfalto","Pavimento","XVII","Dentro","Urbana","Policía de tránsito","No existe","Intersección","Bueno","Buena","Diurna","Buen Tiempo","De alcance","S/D","Colisión","S/D","Faltante","Ninguna","Sin restricción"
2015,6797,11/11/2015,"Miercoles",0,09:00:00,,"0.0",2,"Peatón,Automóvil","Juncal Y Grl Paz",2,1,0,0,1,0,0,,"Calle",,"ÁLVAREZ","Rosario","Asfalto","No existe","II","S/D","Urbana","Ninguna","No existe","S/D","Bueno","Buena","Diurna","Buen Tiempo","S/D","S/D","Atropello","Ninguna","Faltante","Ninguna","Sin restricción"
2015,6798,02/11/2015,"Lunes",0,16:45:00,,"0.0",2,"Bicicleta,Automóvil","Grl Paz 1100",2,1,0,0,1,0,0,,"Calle",,"ÁLVAREZ","Rosario","Tierra","Natural","II","Dentro","Urbana","Ninguna","No existe","Recta","Resbaladiza","Buena","Diurna","Lluvia","S/D","S/D","Atropello","Agua","Faltante","Ninguna","Sin restricción"
2015,6799,01/09/2015,"Martes",0,12:00:00,"Ruta Nacional 168","476.0",1,"Moto/Ciclomotor"," ",1,1,0,0,0,0,0,,"Ruta",168,"LA GUARDIA","La Capital","Asfalto","Pavimento","I","Dentro","Urbana","Marca Vial","No existe","Recta","Bueno","Buena","Diurna","Buen Tiempo","S/D","S/D","Colisión","Ninguna","Vertical","Guardarrail","Sin restricción"
2015,6800,13/03/2015,"Viernes",0,05:10:00,,"0.0",2,"Moto/Ciclomotor,Camión","Boulevard Argentino Y San Luis",2,0,1,0,1,0,0,,"Calle",,"CASILDA","Caseros","S/D","S/D","IV","Dentro","Urbana","S/D","S/D","Distribuidor","S/D","S/D","Nocturna","S/D","S/D","S/D","Colisión","S/D","S/D","S/D","S/D"
2015,6801,07/09/2015,"Lunes",0,18:35:00,,"0.0",1,"Moto/Ciclomotor"," ",1,0,0,0,0,0,1,,"Calle",,"SANTA FE","La Capital","Asfalto","No existe","I","S/D","Urbana","Ninguna","No existe","Recta","Bueno","Buena","Atardecer","Buen Tiempo","S/D","S/D","Colisión","Ninguna","Vertical","Ninguna","Sin restricción"
2015,6802,23/10/2015,"Viernes",0,19:20:00,,"0.0",1,"Moto/Ciclomotor","Avenida Nuestra Señora del Luj Y Aritobulo del Valle",1,1,0,0,0,0,0,,"S/D",,"SANTO TOMÉ","La Capital","Asfalto","No existe","I","S/D","S/D","Ninguna","Funciona","Intersección","Bueno","Buena","Diurna","Buen Tiempo","S/D","S/D","Otro","Otro","Faltante","S/D","Sin restricción"
2015,6804,20/10/2015,"Martes",0,18:45:00,,"0.0",2,"Bicicleta,Automóvil","La Rioja Y Salta",3,1,0,0,2,0,0,"-31.675666666667,-60.758944444444","Calle",,"SANTO TOMÉ","La Capital","Asfalto","No existe","I","S/D","Urbana","Ninguna","No existe","Intersección","Bueno","Buena","Diurna","Buen Tiempo","S/D","S/D","Atropello","Otro","Faltante","S/D","Sin restricción"
2015,6805,14/10/2015,"Miercoles",0,17:00:00,,"0.0",1,"Moto/Ciclomotor","Juan Bautista Alberdi Y Juan Jose Castelli",1,1,0,0,0,0,0,,"Calle",,"SANTO TOMÉ","La Capital","Asfalto","No existe","I","S/D","Urbana","Ninguna","No existe","Intersección","Bueno","Buena","Diurna","Buen Tiempo","S/D","S/D","Otro","Otro","Faltante","S/D","Sin restricción"
2015,6806,02/10/2015,"Viernes",0,18:15:00,,"0.0",1,"Moto/Ciclomotor"," ",3,1,0,0,1,0,1,,"Calle",,"SANTO TOMÉ","La Capital","Asfalto","No existe","I","S/D","Urbana","Ninguna","No existe","Intersección","Bueno","Buena","Diurna","Buen Tiempo","Otro","S/D","Colisión","Otro","Faltante","S/D","Sin restricción"
2015,6807,16/10/2015,"Viernes",0,20:35:00,,"0.0",1,"Moto/Ciclomotor","25 de Mayo Y Mendoza",1,1,0,0,0,0,0,,"Calle",,"PUERTO SAN MARTÍN","San Lorenzo","Asfalto","Pavimento","XVII","Dentro","Urbana","Policía de tránsito","No existe","Intersección","Bueno","Buena","Nocturna","Buen Tiempo","De alcance","S/D","Colisión","Ninguna","Faltante","Ninguna","Sin restricción"
2015,6808,21/08/2015,"Viernes",0,03:05:00,,"0.0",1,"Moto/Ciclomotor"," ",1,0,1,0,0,0,0,,"Calle",,"EMPALME VILLA CONSTITUCIÓN","Constitución","Asfalto","Natural","VI","Dentro","Urbana","Ninguna","No existe","Curva","Con baches","Buena","Nocturna","Buen Tiempo","S/D","S/D","Vuelco","Ninguna","Faltante","Ninguna","Sin restricción"
2015,6810,16/10/2015,"Viernes",0,09:00:00,"Ruta Nacional 11","0.0",2,"Automóvil,Moto/Ciclomotor","Av San Lorenzo Y Martin Fierro",2,1,0,0,1,0,0,,"Ruta",11,"CAPITÁN BERMÚDEZ","San Lorenzo","Asfalto","No existe","XVII","Dentro","Urbana","S/D","No existe","Intersección","Bueno","Buena","Diurna","Buen Tiempo","Frontal","S/D","Colisión","S/D","Faltante","Ninguna","S/D"
2015,6811,13/10/2015,"Martes",0,13:30:00,,"0.0",2,"Moto/Ciclomotor,Moto/Ciclomotor","Av San Lorenzo Y Rivadavia Bernardino",2,1,0,0,1,0,0,,"Calle",,"CAPITÁN BERMÚDEZ","San Lorenzo","Asfalto","No existe","XVII","Dentro","Urbana","S/D","No existe","Recta","Bueno","Buena","Diurna","Buen Tiempo","Frontal","S/D","Colisión","S/D","Faltante","Ninguna","S/D"
2015,6812,21/09/2015,"Lunes",0,17:25:00,,"0.0",2,"Automóvil,Moto/Ciclomotor","Italia Y Belgrano",3,2,0,0,1,0,0,,"Calle",,"EMPALME VILLA CONSTITUCIÓN","Constitución","Asfalto","Pavimento","VI","Dentro","Urbana","Ninguna","No existe","Intersección","Bueno","Buena","Diurna","Buen Tiempo","Lateral","S/D","Colisión","Ninguna","Faltante","Línea divisoria pintada","Sin restricción"
2015,6813,31/10/2015,"Sabado",0,23:40:00,"Ruta Nacional 11","0.0",2,"Moto/Ciclomotor,Taxi/Remis","Av San Lorenzo Y Remedios de Escalada",2,1,0,0,1,0,0,,"Ruta",11,"CAPITÁN BERMÚDEZ","San Lorenzo","Asfalto","No existe","XVII","Dentro","Urbana","S/D","No existe","Intersección","Bueno","Buena","Nocturna","Buen Tiempo","Frontal","S/D","Colisión","S/D","Faltante","S/D","S/D"
2015,6814,04/09/2015,"Viernes",0,11:15:00,,"0.0",1,"Automóvil","Santiago del Estero Y Martin Miguel de Guemes",2,1,0,0,0,0,1,,"Calle",,"VILLA CONSTITUCIÓN","Constitución","Hormigón","Pavimento","VI","Dentro","Urbana","Ninguna","No existe","Intersección","Bueno","Buena","Diurna","Buen Tiempo","Lateral","S/D","Colisión","Ninguna","Faltante","Ninguna","Sin restricción"
2015,6815,05/09/2015,"Sabado",0,,,"0.0",1,"Automóvil","Las Heras ",2,0,2,0,0,0,0,,"S/D",,"VILLA CONSTITUCIÓN","Constitución","Asfalto","Pavimento","VI","Dentro","Urbana","Ninguna","No existe","Intersección","Bueno","Buena","Diurna","Buen Tiempo","Lateral","S/D","Colisión","Ninguna","Faltante","Ninguna","Sin restricción"
2015,6816,16/10/2015,"Viernes",0,13:00:00,,"0.0",2,"Automóvil,Bicicleta","San Martin Y Colon",2,1,0,0,1,0,0,,"Calle",,"GÁLVEZ","San Jerónimo","Asfalto","No existe","XV","Dentro","Urbana","Ninguna","No existe","Intersección","Bueno","Buena","Diurna","Buen Tiempo","S/D","S/D","Atropello","Material Suelto","S/D","S/D","Sin restricción"
2015,6817,20/10/2015,"Martes",0,16:00:00,,"0.0",2,"Moto/Ciclomotor,Automóvil","Larrea Y Azopardo",3,2,0,0,1,0,0,,"Calle",,"SANTA FE","La Capital","Asfalto","Natural","I","Dentro","Urbana","Ninguna","No existe","Intersección","Deteriorada","Buena","Diurna","Buen Tiempo","Lateral","S/D","Colisión","Agua","Faltante","Ninguna","Sin restricción"
2015,6818,17/10/2015,"Sabado",0,16:30:00,,"0.0",2,"Pickup/Utilitario,Moto/Ciclomotor","Meyer Y Brown",3,0,0,0,2,0,1,,"Calle",,"CARCARAÑÁ","San Lorenzo","Hormigón","No existe","XVII","Dentro","Urbana","Ninguna","No existe","Intersección","Bueno","Buena","Diurna","Buen Tiempo","Lateral","S/D","Colisión","Ninguna","Faltante","Ninguna","Sin restricción"
2015,6819,01/10/2015,"Jueves",0,10:30:00,,"0.0",2,"Automóvil,Moto/Ciclomotor","Belgrano Y Hernandarias",2,0,1,0,1,0,0,,"Avenida",,"CERES","San Cristóbal","Asfalto","No existe","XIII","Dentro","Urbana","Ninguna","No existe","Intersección","Bueno","Buena","Diurna","Buen Tiempo","Frontal","S/D","Colisión","S/D","Faltante","Ninguna","Sin restricción"
2015,6820,11/10/2015,"Domingo",0,22:30:00,,"0.0",2,"Moto/Ciclomotor,Moto/Ciclomotor","Belgrano Y Meyer",2,2,0,0,0,0,0,,"Calle",,"CARCARAÑÁ","San Lorenzo","Hormigón","No existe","XVII","Dentro","Urbana","Ninguna","No existe","Recta","Bueno","Buena","Nocturna","Buen Tiempo","Lateral","S/D","Colisión","Ninguna","S/D","Ninguna","Sin restricción"
2015,6821,27/10/2015,"Martes",0,22:00:00,,"0.0",2,"Moto/Ciclomotor,Automóvil","Av San Martin Y San Juan",2,1,0,0,1,0,0,,"S/D",,"SAN LORENZO","San Lorenzo","S/D","S/D","XVII","S/D","S/D","S/D","S/D","S/D","S/D","S/D","Nocturna","S/D","S/D","S/D","S/D","S/D","S/D","S/D","S/D"
2015,6822,12/10/2015,"Lunes",0,23:00:00,"Ruta Nacional 34","398.0",1,"Automóvil"," ",5,2,0,0,3,0,0,,"Ruta",34,"CERES","San Cristóbal","Asfalto","Natural","XIII","Dentro","Rural","Ninguna","No existe","Recta","Bueno","Reducida","Nocturna","Buen Tiempo","Frontal","S/D","Colisión","Otro","Faltante","Ninguna","Sin restricción"
2015,6823,31/10/2015,"Sabado",0,01:30:00,,"0.0",2,"Pickup/Utilitario,Moto/Ciclomotor","Av Maipu Y Delfor del Valle",2,0,1,0,1,0,0,,"Avenida",,"CERES","San Cristóbal","Asfalto","No existe","XIII","Dentro","Urbana","Ninguna","No existe","Recta","Bueno","Buena","Nocturna,Con luz artificial","Buen Tiempo","De alcance","S/D","Colisión","Ninguna","Faltante","Cordón divisorio","Sin restricción"
2015,6824,27/10/2015,"Martes",0,20:00:00,,"0.0",2,"Moto/Ciclomotor,Automóvil","Urquiza Y Av San Martin",2,1,0,0,1,0,0,,"S/D",,"SAN LORENZO","San Lorenzo","S/D","S/D","XVII","S/D","S/D","S/D","S/D","S/D","S/D","S/D","Nocturna","S/D","S/D","S/D","S/D","S/D","S/D","S/D","S/D"
2015,6825,01/10/2015,"Jueves",0,05:30:00,,"0.0",1,"Moto/Ciclomotor","Bvard España 400",1,1,0,0,0,0,0,,"Avenida",,"CERES","San Cristóbal","Asfalto,Hormigón","No existe","XIII","S/D","Urbana","Ninguna","No existe","Recta","Bueno","Buena","Nocturna,Con luz artificial","Buen Tiempo","S/D","S/D","Caída ocupante","Otro","Faltante","Vegetación","Sin restricción"
2015,6826,05/10/2015,"Lunes",0,16:20:00,,"0.0",2,"Moto/Ciclomotor,Pickup/Utilitario","Ing White Y Bateria Libertad",3,1,0,0,1,0,1,,"S/D",,"SAN LORENZO","San Lorenzo","S/D","S/D","XVII","S/D","S/D","S/D","S/D","S/D","S/D","S/D","S/D","S/D","S/D","S/D","S/D","S/D","S/D","S/D","S/D"
2015,6827,17/10/2015,"Sabado",0,18:58:00,,"0.0",2,"Moto/Ciclomotor,Moto/Ciclomotor","Rivadavia Y Paraiso",2,0,0,0,0,0,2,,"S/D",,"SAN LORENZO","San Lorenzo","S/D","S/D","XVII","S/D","S/D","S/D","S/D","S/D","S/D","S/D","S/D","S/D","S/D","S/D","S/D","S/D","S/D","S/D","S/D"
2015,6828,12/10/2015,"Lunes",0,20:00:00,,"0.0",2,"Automóvil,Moto/Ciclomotor"," ",2,2,0,0,0,0,0,,"S/D",,"SAN LORENZO","San Lorenzo","S/D","S/D","XVII","S/D","S/D","S/D","S/D","S/D","S/D","S/D","S/D","S/D","S/D","S/D","S/D","S/D","S/D","S/D","S/D"
2015,6829,06/10/2015,"Martes",0,18:10:00,,"0.0",1,"Moto/Ciclomotor","JUAN B JUSTO Y SAN LUIS",1,1,0,0,0,0,0,,"Avenida",,"SAN LORENZO","San Lorenzo","Asfalto","No existe","XV","Dentro","Urbana","Ninguna","No existe","Recta","Bueno","Buena","Atardecer","Buen Tiempo","Otro","S/D","S/D","S/D","Faltante","S/D","Sin restricción"
2015,6830,10/09/2015,"Jueves",0,09:00:00,,"0.0",1,"Moto/Ciclomotor"," ",1,1,0,0,0,0,0,,"Calle",,"SANTA FE","La Capital","Asfalto","No existe","I","S/D","Urbana","Ninguna","No existe","Intersección","Bueno","Buena","Diurna","Buen Tiempo","S/D","S/D","Colisión","Ninguna","Vertical","Ninguna","Sin restricción"
2015,6831,14/09/2015,"Lunes",0,21:35:00,,"0.0",2,"Automóvil,Automóvil","Lavaisse Y San Lorenzo",2,1,0,0,1,0,0,,"Calle",,"SANTA FE","La Capital","Hormigón","No existe","I","S/D","Urbana","Ninguna","No existe","Intersección","Bueno","Buena","Nocturna","Buen Tiempo","Lateral","S/D","Colisión","Ninguna","Faltante","Ninguna","Sin restricción"