"anio_acci","nro_acci","fecha","desc_dia","fecha_aprox","hora_aprox","desc_ruta","km","cant_participantes","desc_participante","calle_avenida_km","total","heridos_leves","heridos_graves","heridos_gravisimos","ilesos","fallecidos","sin_datos","posicion_XY","desc_tipo_via","desc_ruta_ori","desc_loc","desc_dpto","desc_tipo_calzada","desc_tipo_banquina","desc_unidad_regional","desc_lugar_calzada","desc_zona","desc_prioridad","desc_estado_semaforo","desc_lugar_via","desc_estado_via","desc_estado_visibilidad","desc_luminosidad","desc_estado_clima","desc_tipo_colision","desc_tipo_atropello","desc_tipo_hecho","desc_pres_calzada","desc_senializacion","desc_separacion_via","desc_restriccion"
2015,6832,24/09/2015,"Jueves",0,07:30:00,,"0.0",2,"Automóvil,Pickup/Utilitario","Av Facundo Zuviria Y Pedro de Vega",2,1,0,0,1,0,0,,"Avenida",,"SANTA FE","La Capital","Asfalto","No existe","I","Dentro","Urbana","Ninguna","Funciona","Intersección","Bueno","Buena","Diurna","Lluvia","De alcance","S/D","Colisión","Agua","Horizontal","Cordón divisorio","Sin restricción"
2015,6833,03/09/2015,"Jueves",0,06:10:00,"Ruta Provincial 65","0.0",2,"Automóvil,Otros","Juan B Justo ",2,1,0,0,1,0,0,,"Ruta",65,"SAN GENARO","San Jerónimo","Asfalto","Pavimento","XV","Dentro","Urbana","Señal Pare","No existe","Intersección","Bueno","Buena","Amanecer","Buen Tiempo","Lateral","S/D","Colisión","Ninguna","S/D","Ninguna","Sin restricción"
2015,6834,13/09/2015,"Domingo",0,09:30:00,"Ruta Provincial 65","0.0",2,"Moto/Ciclomotor,Otros","Juan B Justo ",2,1,0,0,1,0,0,,"Ruta",65,"SAN GENARO","San Jerónimo","Asfalto","Pavimento","XV","S/D","Urbana","Señal Pare","No existe","Intersección","Bueno","Buena","Atardecer","Buen Tiempo","Lateral","S/D","Colisión","Ninguna","S/D","S/D","Sin restricción"
2015,6835,26/09/2015,"Sabado",0,11:25:00,,"0.0",1,"Bicicleta","Urquiza Y San Luis",1,1,0,0,0,0,0,,"Calle",,"SAN GENARO","San Jerónimo","Asfalto","No existe","XV","S/D","Urbana","Ninguna","No existe","Intersección","Bueno","Buena","Diurna","Buen Tiempo","S/D","S/D","Caída ocupante","Ninguna","S/D","Ninguna","Sin restricción"
2015,6836,17/10/2015,"Sabado",0,17:00:00,,"0.0",1,"Automóvil","CALLEJON C 5442",1,1,0,0,0,0,0,,"Calle",,"COLASTINE","La Capital","Tierra","Natural","I","Dentro","Urbana","Ninguna","No existe","Recta","Bueno","Buena","Diurna","Buen Tiempo","S/D","S/D","Despiste","S/D","S/D","Ninguna","Sin restricción"
2015,6837,16/10/2015,"Viernes",0,11:30:00,"Ruta Nacional 168","0.0",2,"Automóvil,Camión","TUNEL SUBFLUVIAL ",2,1,0,0,1,0,0,,"Ruta",168,"COLASTINE","La Capital","Asfalto","Pavimento","I","Dentro","Rural","S/D","No existe","Curva","Bueno","Buena","Diurna","Buen Tiempo","Frontal","S/D","Colisión","S/D","S/D","S/D","Sin restricción"
2015,6838,07/10/2015,"Miercoles",0,13:50:00,"Ruta Provincial 1","2.8",2,"Automóvil,Automóvil"," ",2,1,0,0,1,0,0,,"Ruta",1,"COLASTINE","La Capital","Asfalto","S/D","I","Dentro","Urbana","Semáforo","Funciona","Recta","Bueno","Buena","Diurna","Buen Tiempo","Frontal","S/D","Colisión","S/D","S/D","Ninguna","Sin restricción"
2015,6839,22/10/2015,"Jueves",0,19:30:00,"Ruta Provincial 1","3.5",2,"Bicicleta,Moto/Ciclomotor"," ",2,1,0,0,0,0,1,"-31.621519, -60.595805","Ruta",1,"COLASTINE","La Capital","Asfalto","Ripio","I","Dentro","Urbana","Ninguna","S/D","Recta","Bueno","Buena","Atardecer","Buen Tiempo","S/D","S/D","Atropello","S/D","S/D","Ninguna","Sin restricción"
2015,6840,09/11/2015,"Lunes",0,11:30:00,,"0.0",2,"Peatón,Automóvil","Saavedra Y Salta",2,1,0,0,1,0,0,,"Calle",,"ÁLVAREZ","Rosario","Asfalto","No existe","II","S/D","Urbana","Ninguna","No existe","Intersección","Bueno","Buena","Diurna","Buen Tiempo","S/D","S/D","Atropello","Ninguna","Faltante","Ninguna","Sin restricción"
2015,6841,09/11/2015,"Lunes",0,20:45:00,,"0.0",2,"Automóvil,Moto/Ciclomotor","Bv San Martin Y Las Heras",2,1,0,0,1,0,0,,"Calle",,"ÁLVAREZ","Rosario","Asfalto","No existe","II","Dentro","Urbana","Ninguna","S/D","Intersección","Con baches","Reducida","Atardecer","Buen Tiempo","Frontal","S/D","Colisión","Ninguna","Faltante","Ninguna","Sin restricción"
2015,6842,08/09/2015,"Martes",0,21:00:00,"Ruta Nacional 168","0.0",2,"Automóvil,Otros","ALTURA B&#186; EL POZO ",2,1,0,0,0,0,1,,"Ruta",168,"SANTA FE","La Capital","Asfalto","S/D","I","S/D","S/D","S/D","S/D","Recta","Bueno","Buena","Atardecer","Buen Tiempo","De alcance","S/D","Colisión","S/D","S/D","Guardarrail","S/D"
2015,6843,16/09/2015,"Miercoles",0,15:30:00,,"0.0",2,"Moto/Ciclomotor,Moto/Ciclomotor","Av Pte Peron Y Iturraspe",4,4,0,0,0,0,0,,"Avenida",,"SANTA FE","La Capital","Asfalto","No existe","I","Dentro","Urbana","Semáforo","Funciona","Intersección","Bueno","Buena","Diurna","Buen Tiempo","Lateral","S/D","Colisión","S/D","S/D","Ninguna","Sin restricción"
2015,6844,04/10/2015,"Domingo",0,20:30:00,"Ruta Nacional 11","425.0",1,"Moto/Ciclomotor"," ",2,1,0,0,1,0,0,,"Ruta",11,"CORONDA","San Jerónimo","Asfalto","Natural","XV","Dentro","Rural","S/D","No existe","Recta","Bueno","Buena","Nocturna","Buen Tiempo","S/D","S/D","Caída ocupante","S/D","S/D","Línea divisoria pintada","S/D"
2015,6845,10/10/2015,"Sabado",0,15:45:00,"Ruta Nacional 11","0.0",2,"Transporte de Pasajeros Larga Distancia (Piso  y  1/2),Moto/Ciclomotor","Jose de San Martin ",3,2,0,0,1,0,0,,"Ruta",11,"CORONDA","San Jerónimo","Asfalto","Ripio","XV","Dentro","Urbana","Señal Ceda el Paso","No existe","Intersección","Bueno","Buena","Diurna","Buen Tiempo","Lateral","S/D","Colisión","S/D","Faltante","Cordón divisorio","Sin restricción"
2015,6846,13/10/2015,"Martes",0,10:00:00,,"0.0",2,"Pickup/Utilitario,Moto/Ciclomotor","Jose de San Martin Y Rivadavia",2,1,0,0,1,0,0,,"Calle",,"CORONDA","San Jerónimo","Asfalto","No existe","XV","Dentro","Urbana","S/D","No existe","Recta","Bueno","Buena","Diurna","Buen Tiempo","Frontal","S/D","Colisión","S/D","S/D","S/D","S/D"
2015,6847,17/10/2015,"Sabado",0,18:40:00,"Ruta Nacional 11","424.0",2,"Moto/Ciclomotor,Automóvil"," ",2,1,0,0,1,0,0,,"Ruta",11,"CORONDA","San Jerónimo","Asfalto","Natural","XV","Dentro","Urbana","Ninguna","No existe","Intersección","Deteriorada","Buena","Atardecer","Buen Tiempo","Lateral","S/D","Colisión","S/D","Vertical","Barrera de hormigón","Sin restricción"
2015,6848,20/10/2015,"Martes",0,10:30:00,,"0.0",2,"Moto/Ciclomotor,Automóvil","Belgrano Y Mariano Moreno",2,1,0,0,1,0,0,,"Calle",,"CORONDA","San Jerónimo","Asfalto","S/D","XV","Dentro","Urbana","Ninguna","No existe","Intersección","Bueno","Buena","Diurna","Buen Tiempo","Frontal","S/D","Colisión","S/D","Faltante","Ninguna","Sin restricción"
2015,6849,22/10/2015,"Jueves",0,12:00:00,,"0.0",2,"Moto/Ciclomotor,Automóvil","Espa±a Y French y Berutti",3,1,0,0,2,0,0,,"Calle",,"CORONDA","San Jerónimo","Tierra","No existe","XV","Dentro","Urbana","Ninguna","No existe","Intersección","Bueno","Buena","Diurna","Buen Tiempo","Lateral","S/D","Colisión","S/D","Faltante","Ninguna","Sin restricción"
2015,6850,22/10/2015,"Jueves",0,21:00:00,,"0.0",3,"Pickup/Utilitario,Moto/Ciclomotor,Moto/Ciclomotor","Jose de San Martin Y Rivadavia",3,1,1,0,1,0,0,,"Calle",,"CORONDA","San Jerónimo","Asfalto","No existe","XV","Dentro","Urbana","Ninguna","No existe","Recta","Bueno","Buena","Nocturna","Buen Tiempo","Múltiple","S/D","Colisión","S/D","S/D","S/D","Sin restricción"
2015,6851,23/10/2015,"Viernes",0,08:15:00,,"0.0",2,"Bicicleta,Moto/Ciclomotor","French y Berutti Y Alberdi",2,2,0,0,0,0,0,,"Calle",,"CORONDA","San Jerónimo","Tierra","No existe","XV","Dentro","Urbana","Ninguna","No existe","Recta","Ahuellamiento","Buena","Diurna","Buen Tiempo","De alcance","S/D","Atropello","S/D","Faltante","Ninguna","Sin restricción"
2015,6852,25/10/2015,"Domingo",0,20:15:00,,"0.0",2,"Moto/Ciclomotor,Moto/Ciclomotor","Lopez y Planes Y Garay",3,3,0,0,0,0,0,,"Calle",,"CORONDA","San Jerónimo","Tierra","No existe","XV","Dentro","Urbana","Ninguna","No existe","Intersección","Bueno","Buena","Nocturna","Buen Tiempo","Lateral","S/D","Colisión","S/D","Faltante","Ninguna","Sin restricción"
2015,6854,25/10/2015,"Domingo",0,21:00:00,,"0.0",1,"Automóvil","CIRCUNVALACION ",1,1,0,0,0,0,0,,"S/D",,"GÁLVEZ","San Jerónimo","Asfalto","Natural","XV","S/D","S/D","Ninguna","No existe","Recta","Bueno","Buena","Nocturna","Buen Tiempo","S/D","S/D","Vuelco","S/D","S/D","Ninguna","Sin restricción"
2015,6855,19/12/2015,"Sabado",0,18:30:00,,"0.0",2,"Moto/Ciclomotor,Automóvil","Larrea Y San Jeronimo",2,1,0,0,1,0,0,,"Calle",,"SANTA FE","La Capital","Tierra,Ripio","S/D","I","Dentro","Urbana","S/D","S/D","Intersección","Con baches,Deteriorada","Buena","Atardecer","Buen Tiempo","Lateral","S/D","Colisión","Material Suelto","Faltante","S/D","S/D"
2015,6856,11/09/2015,"Viernes",0,10:00:00,,"0.0",2,"Moto/Ciclomotor,Camión","Av Pte Peron Y Peru",2,1,0,0,1,0,0,,"Avenida",,"SANTA FE","La Capital","Asfalto","Pavimento","I","Dentro","Urbana","Semáforo","Funciona","Intersección","Bueno","Buena","Diurna","Buen Tiempo","Lateral","S/D","Colisión","S/D","Vertical","Ninguna","Sin restricción"
2015,6857,18/09/2015,"Viernes",0,17:20:00,,"0.0",2,"Bicicleta,Automóvil","Av Pte Peron Y Bolivia",2,0,0,0,0,0,2,"-31.622916666667,-60.718666666667","Avenida",,"SANTA FE","La Capital","Asfalto","No existe","I","Dentro","Urbana","Semáforo","Funciona","Intersección","Bueno","Buena","Atardecer","Buen Tiempo","S/D","S/D","Atropello","S/D","Vertical","Ninguna","Sin restricción"
2015,6858,14/09/2015,"Lunes",0,08:30:00,"Ruta Provincial 1","3.0",2,"Moto/Ciclomotor,Automóvil"," ",2,1,0,0,0,0,1,,"Ruta",1,"SANTA FE","La Capital","Asfalto","Ripio","I","Dentro","Urbana","Ninguna","S/D","Recta","Bueno","Buena","Diurna","Buen Tiempo","De alcance","S/D","Colisión","S/D","S/D","S/D","S/D"
2015,6859,25/10/2015,"Domingo",0,17:50:00,,"0.0",2,"Moto/Ciclomotor,Otros","Bv San Martin Y Rivadavia",2,1,0,0,1,0,0,,"Calle",,"BARRANCAS","San Jerónimo","Asfalto","S/D","XV","Dentro","Urbana","S/D","No existe","Recta","Bueno","Buena","Diurna","Buen Tiempo","S/D","S/D","Colisión","S/D","S/D","S/D","Sin restricción"
2015,6860,10/10/2015,"Sabado",0,15:30:00,"Ruta Provincial Brigadier E.López","83.0",1,"Automóvil"," ",1,1,0,0,0,0,0,,"Ruta","Brigadier E.López","BARRANCAS","San Jerónimo","Asfalto","Pavimento","XV","Dentro","Urbana","S/D","S/D","Recta","Bueno","Buena","Diurna","Buen Tiempo","Contra objeto fijo","S/D","Colisión","S/D","Vertical","Guardarrail","Sin restricción"
2015,6861,13/10/2015,"Martes",0,17:35:00,,"0.0",2,"Otros,Moto/Ciclomotor","Moreno 200",2,0,1,0,1,0,0,,"Calle",,"BARRANCAS","San Jerónimo","Asfalto","S/D","XV","Dentro","Urbana","S/D","No existe","Recta","Bueno","Buena","Diurna","Buen Tiempo","S/D","S/D","Colisión","S/D","Faltante","S/D","Sin restricción"
2015,6862,19/10/2015,"Lunes",0,00:00:00,"Ruta Provincial 6","0.0",2,"Transporte de Pasajeros Larga Distancia (Piso  y  1/2),Automóvil"," ",46,5,0,0,41,0,0,,"Ruta",6,"GESSLER","San Jerónimo","Asfalto","Natural","XV","Dentro","Urbana","Ninguna","No existe","Curva","Bueno","Reducida","Nocturna","Buen Tiempo","Frontal","S/D","Colisión","S/D","Horizontal","Línea divisoria pintada","Sin restricción"
2015,6863,25/10/2015,"Domingo",0,16:10:00,"Ruta Provincial 6","0.0",2,"Moto/Ciclomotor,Automóvil"," ",4,1,0,0,3,0,0,,"Ruta",6,"GESSLER","San Jerónimo","Asfalto","Natural","XV","Dentro","Rural","Ninguna","No existe","Recta","Con baches","Buena","Diurna","Buen Tiempo","Lateral","S/D","Colisión","S/D","Faltante","Línea divisoria pintada","Sin restricción"
2015,6864,20/09/2015,"Domingo",0,,"Ruta Provincial 1","4.0",2,"Moto/Ciclomotor,Automóvil"," ",2,1,0,0,0,0,1,,"Ruta",1,"COLASTINE","La Capital","Asfalto","Ripio","I","Dentro","Urbana","Ninguna","S/D","Recta","Bueno","Buena","Nocturna","Buen Tiempo","De alcance","S/D","Colisión","S/D","S/D","Cordón divisorio","Sin restricción"
2015,6865,07/09/2015,"Lunes",0,20:40:00,,"0.0",2,"Automóvil,Moto/Ciclomotor","Espa±a ",3,2,0,0,1,0,0,,"Calle",,"CORONDA","San Jerónimo","Hormigón","Pavimento","XV","Dentro","Urbana","Otra Señal","No existe","Otro","Bueno","Buena","Nocturna","Buen Tiempo","Otro","S/D","Colisión","S/D","Vertical","Ninguna","Sin restricción"
2015,6866,12/09/2015,"Sabado",0,21:20:00,"Ruta Provincial 1","0.0",2,"Automóvil,Automóvil"," ",2,1,0,0,0,0,1,,"Ruta",1,"SANTA FE","La Capital","Asfalto","Ripio","I","Dentro","Urbana","S/D","S/D","Recta","Bueno","Buena","Nocturna","Buen Tiempo","De alcance","S/D","Colisión","S/D","Horizontal","S/D","Sin restricción"
2015,6867,05/11/2015,"Jueves",0,15:00:00,,"0.0",2,"Moto/Ciclomotor,Automóvil","Avenida 21 Y Calle 24",2,0,1,0,1,0,0,,"Avenida",,"LAS PAREJAS","Belgrano","Asfalto","No existe","III","Dentro","Urbana","Ninguna","No existe","Recta","Bueno","Buena","Diurna","Buen Tiempo","Lateral","S/D","Colisión","S/D","Vertical","Ninguna","Sin restricción"
2015,6868,20/06/2015,"Sabado",0,22:00:00,,"0.0",1,"Moto/Ciclomotor","Lisandro de la Torre Y Dr Jose Andres Valdez",2,0,0,1,0,1,0,"-33.731764, -61.986974","Avenida",,"VENADO TUERTO","General López","Ripio","No existe","VIII","Dentro","Urbana","S/D","No existe","Intersección","Bueno","S/D","Nocturna,Con luz artificial","S/D","Contra objeto fijo","S/D","Colisión","S/D","S/D","S/D","S/D"
2015,6869,21/06/2015,"Domingo",0,16:00:00,"Ruta Nacional 33","631.0",2,"Automóvil,Moto/Ciclomotor","Tomas Alva Edison ",4,1,1,0,0,2,0,"-33.721897, -61.995677","Ruta",33,"VENADO TUERTO","General López","Hormigón,Ripio","Ripio","VIII","Dentro","Urbana","S/D","No existe","Intersección","Bueno","Buena","Diurna","S/D","S/D","S/D","S/D","S/D","S/D","S/D","S/D"
2015,6870,30/06/2015,"Martes",0,21:50:00,,"0.0",1,"Moto/Ciclomotor","Newbery Jorge ",1,0,0,0,0,1,0,"-33.764504, -61.992209","Calle",,"VENADO TUERTO","General López","Tierra","No existe","VIII","S/D","Rural","S/D","No existe","Recta","Deteriorada","Reducida","Nocturna","S/D","S/D","S/D","Caída ocupante","S/D","S/D","S/D","S/D"
2015,6871,05/06/2015,"Viernes",0,16:30:00,,"0.0",2,"Camión,Moto/Ciclomotor","Avenida Echague Y Matheu",3,0,1,0,1,1,0,"-29.876617, -61.942812","Avenida",,"CERES","San Cristóbal","Hormigón","No existe","XIII","Dentro","Urbana","Ninguna","No existe","Intersección","Bueno","Buena","Atardecer","Buen Tiempo","Lateral","S/D","Colisión","Otro","S/D","Vegetación","Sin restricción"
2015,6872,05/06/2015,"Viernes",0,22:15:00,"Ruta Nacional 11","925.5",2,"Moto/Ciclomotor,Camión","Ruta Nac 11 926",2,0,0,0,1,1,0,"-28.051582, -59.225404","Ruta",11,"FLORENCIA","General Obligado","Asfalto","Natural","IX","Fuera","Urbana","Ninguna","No existe","Recta","Bueno","Reducida","Nocturna","Buen Tiempo","Lateral","S/D","Colisión","Ninguna","Faltante","Línea divisoria pintada","Sin restricción"
2015,6873,03/03/2015,"Martes",0,20:30:00,,"0.0",2,"Camión,Bicicleta","Perotti Y Calle Publica<",2,0,1,0,1,0,0,,"Calle",,"SAN GENARO","San Jerónimo","Tierra","Natural","XV","Dentro","Urbana","Ninguna","No existe","Intersección","Bueno","Reducida","Nocturna","Buen Tiempo","S/D","S/D","Atropello","Ninguna","S/D","Ninguna","Sin restricción"
2015,6874,07/10/2015,"Miercoles",0,02:50:00,"Ruta Nacional 11","0.0",1,"Moto/Ciclomotor","Av L de la Torre-Ruta Nac 11 Y Jose de San Martin",1,0,1,0,0,0,0,,"Ruta",11,"CORONDA","San Jerónimo","Asfalto","Natural","XV","S/D","Urbana","Ninguna","No existe","Intersección","Bueno","Buena","Nocturna","Buen Tiempo","S/D","S/D","Caída ocupante","S/D","S/D","Ninguna,S/D","Sin restricción"
2015,6875,29/10/2015,"Jueves",0,21:00:00,,"0.0",2,"Automóvil,Moto/Ciclomotor","Rivadavia ",2,1,0,0,1,0,0,,"Calle",,"SAN GUILLERMO","San Cristóbal","Asfalto","S/D","XIII","S/D","Urbana","Ninguna","S/D","Recta","Resbaladiza","Reducida p/ objetos","Nocturna","Lluvia","Lateral","S/D","Colisión","Agua","Faltante","Ninguna","S/D"
2015,6876,31/10/2015,"Sabado",0,06:55:00,,"0.0",1,"Moto/Ciclomotor","Av San Martin Y Santiago del Estero",2,1,0,0,1,0,0,,"S/D",,"SAN LORENZO","San Lorenzo","S/D","S/D","XVII","S/D","S/D","S/D","S/D","S/D","S/D","S/D","S/D","S/D","Contra objeto fijo","S/D","Colisión","S/D","S/D","S/D","S/D"
2015,6877,16/10/2015,"Viernes",0,,,"0.0",1,"Moto/Ciclomotor","Patricias Argentinas Y D Gurel",2,2,0,0,0,0,0,,"S/D",,"SAN LORENZO","San Lorenzo","S/D","S/D","XVII","S/D","S/D","S/D","S/D","S/D","S/D","S/D","S/D","S/D","S/D","S/D","Caída ocupante","S/D","S/D","S/D","S/D"
2015,6878,27/10/2015,"Martes",0,13:40:00,"Ruta Nacional 11","0.0",2,"Automóvil,Moto/Ciclomotor","N Peña ",2,1,0,0,1,0,0,,"Ruta",11,"SAN LORENZO","San Lorenzo","S/D","S/D","XVII","Dentro","Urbana","S/D","S/D","S/D","S/D","S/D","Diurna","S/D","S/D","S/D","Colisión","S/D","S/D","S/D","S/D"
2015,6879,02/10/2015,"Viernes",0,14:00:00,,"0.0",2,"Moto/Ciclomotor,Automóvil","San Juan Y Vicente Marmol",2,1,0,0,1,0,0,,"Calle",,"SAN LORENZO","San Lorenzo","S/D","S/D","XVII","Dentro","Urbana","S/D","S/D","S/D","S/D","S/D","Diurna","S/D","S/D","S/D","S/D","S/D","S/D","S/D","S/D"
2015,6880,03/10/2015,"Sabado",0,01:30:00,,"0.0",2,"Automóvil,Moto/Ciclomotor","Urquiza ",2,1,0,0,1,0,0,,"Calle",,"SAN LORENZO","San Lorenzo","S/D","S/D","XVII","Dentro","Urbana","S/D","S/D","S/D","S/D","S/D","Nocturna","S/D","S/D","S/D","Colisión","S/D","S/D","S/D","S/D"
2015,6881,15/10/2015,"Jueves",0,17:30:00,,"0.0",1,"Moto/Ciclomotor","Avenida Vicente Casares Y Entre Rios",2,2,0,0,0,0,0,,"Calle",,"CERES","San Cristóbal","Ripio","S/D","XII","Dentro","Urbana","Ninguna","S/D","Recta","Bueno","S/D","Diurna","Buen Tiempo","Atropello animal","S/D","Colisión","S/D","Faltante","Ninguna","Sin restricción"
2015,6882,18/10/2015,"Domingo",0,12:30:00,,"0.0",2,"Automóvil,Bicicleta","Rivadavia Y Rondeau",2,0,1,0,1,0,0,,"Calle",,"CERES","San Cristóbal","Asfalto","No existe","XII","Dentro","Urbana","Ninguna","No existe","Intersección","Bueno","Buena","Diurna","Buen Tiempo","De alcance","S/D","Atropello","S/D","Faltante","Ninguna","Sin restricción"
2015,6883,28/10/2015,"Miercoles",0,19:20:00,,"0.0",2,"Pickup/Utilitario,Moto/Ciclomotor","Avenida Mitre Y 9 de Julio",7,2,0,0,5,0,0,,"Calle",,"CERES","San Cristóbal","Asfalto","No existe","XII","Dentro","Urbana","Ninguna","No existe","Intersección","Bueno","Buena","Atardecer","Buen Tiempo","De alcance","S/D","Colisión","S/D","Faltante","Cordón divisorio","Sin restricción"
2015,6884,07/06/2015,"Domingo",0,07:20:00,"Ruta Provincial 39","0.0",2,"Automóvil,Transporte de Pasajeros Urbano (> 8 asientos)","RP 74s ",7,1,0,0,3,3,0,"-30.226323, -61.720729","Ruta",39,"ARRUFÓ","San Cristóbal","Asfalto","Pavimento","XIII","S/D","Rural","Ninguna","No existe","Recta","Bueno","Buena","Amanecer","Buen Tiempo","Frontal","S/D","Colisión","S/D","Vertical","Ninguna","Obra en Construcción"
2015,6885,20/06/2015,"Sabado",0,02:15:00,"Ruta Nacional 34","295.0",2,"Automóvil,Transporte de Pasajeros Larga Distancia (Doble Piso)"," ",42,0,1,0,40,1,0,"-30.638732, -61.624735","Ruta",34,"LAS PALMERAS","San Cristóbal","Asfalto","Natural","XIII","Dentro","Urbana","Ninguna","No existe","Recta","Bueno","Buena","Nocturna","Buen Tiempo","Frontal","S/D","Colisión","Ninguna","Faltante","Ninguna","Sin restricción"
2015,6886,08/10/2015,"Jueves",0,18:10:00,,"0.0",2,"Moto/Ciclomotor,Automóvil","Avda 25 de Mayo Y Dorrego",2,0,1,0,1,0,0,,"Calle",,"GÁLVEZ","San Jerónimo","Asfalto","No existe","XV","Dentro","Urbana","Ninguna","S/D","Intersección","Bueno","Buena","Diurna","Buen Tiempo","Frontal","S/D","Colisión","S/D","S/D","Barrera de hormigón","Sin restricción"
2015,6887,06/10/2015,"Martes",0,07:50:00,,"0.0",2,"Moto/Ciclomotor,Automóvil","Pedro P Ceci Y Salta",2,1,0,0,1,0,0,,"Calle",,"GÁLVEZ","San Jerónimo","Asfalto","No existe","XV","Dentro","Urbana","Ninguna","No existe","Intersección","Bueno","Buena","Diurna","Buen Tiempo","De alcance","S/D","Colisión","S/D","Faltante","Ninguna","Sin restricción"
2015,6888,13/10/2015,"Martes",0,22:00:00,"Ruta Secundaria 80-s","0.0",1,"Moto/Ciclomotor"," ",1,0,1,0,0,0,0,,"Ruta","80-s","GÁLVEZ","San Jerónimo","Asfalto","Natural","XV","Dentro","Rural","Ninguna","No existe","Recta","Con baches","Reducida","Nocturna","Buen Tiempo","S/D","S/D","Caída ocupante","S/D","S/D","Línea divisoria pintada","Sin restricción"
2015,6889,02/09/2015,"Miercoles",0,22:15:00,"Ruta Provincial 18","51.5",2,"Pickup/Utilitario,Camión"," ",3,3,0,0,0,0,0,,"Ruta",18,"SANTA TERESA","Constitución","Asfalto","Pavimento","VI","Dentro","Rural","Ninguna","No existe","Recta","Bueno","Buena","Nocturna","Buen Tiempo","Lateral","S/D","Colisión","S/D","Faltante","Línea divisoria pintada","Sin restricción"
2015,6890,10/09/2015,"Jueves",0,18:00:00,,"0.0",2,"Moto/Ciclomotor,Automóvil","Galvez 500",2,1,0,0,1,0,0,,"Calle",,"SANTA TERESA","Constitución","Asfalto","No existe","VI","Dentro","Urbana","Ninguna","No existe","Recta","Bueno","Buena","Atardecer","Buen Tiempo","Lateral","S/D","Colisión","S/D","Faltante","Línea divisoria pintada","Sin restricción"
2015,6892,30/10/2015,"Viernes",0,09:30:00,,"0.0",2,"Moto/Ciclomotor,Pickup/Utilitario","Avenida Chacabuco Y Almirante Brown",3,1,1,0,1,0,0,,"Calle",,"CERES","San Cristóbal","Asfalto","No existe","XIII","Dentro","Urbana","Ninguna","No existe","Intersección","Bueno","Buena","Diurna","Buen Tiempo","De alcance","S/D","Colisión","Agua","Faltante","Cordón divisorio","Sin restricción"
2015,6893,20/03/2015,"Viernes",0,08:00:00,,"0.0",1,"Vehículo Oficial","Av. Circunvalacion Y Mendoza",1,1,0,0,0,0,0,,"Avenida",,"ROSARIO","Rosario","S/D","S/D","II","Dentro","Urbana","S/D","S/D","Intersección","S/D","S/D","S/D","S/D","Contra objeto fijo","S/D","Colisión,Despiste","S/D","S/D","S/D","S/D"
2015,6894,14/06/2015,"Domingo",0,13:55:00,,"0.0",2,"Peatón,Moto/Ciclomotor","Av. Battle y Ordoñez Y Buenos Aires",2,0,0,0,1,1,0,"-33.008802, -60.644659","Avenida",,"ROSARIO","Rosario","Asfalto","No existe","II","Dentro","Urbana","Ninguna","No existe","Recta","Bueno","Buena","Diurna","Buen Tiempo","S/D","S/D","Atropello","Ninguna","Horizontal","Línea divisoria pintada","Sin restricción"
2015,6895,24/06/2015,"Miercoles",0,04:20:00,"Autopista Provincial Brigadier E.López","279.0",5,"Automóvil,Camión,Automóvil,Camión,Camión","RUTA NACIONAL A012 ",5,1,0,0,3,1,0,"-33.08185, -60.63448","Autopista","Brigadier E.López","ALVEAR","Rosario","Asfalto","Natural","II","Dentro","Rural","Ninguna","No existe","Recta","Bueno","Buena","Nocturna","Buen Tiempo","Múltiple","S/D","Colisión","Ninguna","Horizontal,Vertical","Vegetación","Sin restricción"
2015,6896,27/06/2015,"Sabado",0,06:00:00,,"0.0",1,"Moto/Ciclomotor","Fco Ramírez altyura zanjón entrada B&#186; V. Podio ",2,0,0,1,0,1,0,"-31.261534, -61.473086","Calle",,"RAFAELA","Castellanos","Ripio","No existe","V","Fuera","Urbana","Ninguna","No existe","Curva","Bueno","Buena","Nocturna","Buen Tiempo","S/D","S/D","Despiste","Ninguna","Faltante","S/D","Sin restricción"
2015,6897,01/06/2015,"Lunes",0,17:05:00,"Ruta Nacional 11","868.0",2,"Automóvil,Automóvil","ALTURA PARAJE KM 407 ",3,1,0,0,1,1,0,"-28.529516, -59.346415","Ruta",11,"RECONQUISTA","General Obligado","Asfalto","Pavimento","IX","Fuera","Urbana","Ninguna","No existe","Recta","Bueno","Buena","Atardecer","Buen Tiempo","De alcance","S/D","Colisión","S/D","Faltante","Ninguna","Sin restricción"
2015,6898,07/10/2015,"Miercoles",0,,,"0.0",2,"Moto/Ciclomotor,Automóvil","Sarmiento Y Rivadavia",2,1,0,0,1,0,0,,"Calle",,"SUARDI","San Cristóbal","Asfalto","No existe","XIII","Dentro","Urbana","Ninguna","No existe","Intersección","Bueno","Buena","Diurna","Buen Tiempo","Lateral","S/D","Colisión","S/D","Vertical","Ninguna","Sin restricción"