"anio_acci","nro_acci","fecha","desc_dia","fecha_aprox","hora_aprox","desc_ruta","km","cant_participantes","desc_participante","calle_avenida_km","total","heridos_leves","heridos_graves","heridos_gravisimos","ilesos","fallecidos","sin_datos","posicion_XY","desc_tipo_via","desc_ruta_ori","desc_loc","desc_dpto","desc_tipo_calzada","desc_tipo_banquina","desc_unidad_regional","desc_lugar_calzada","desc_zona","desc_prioridad","desc_estado_semaforo","desc_lugar_via","desc_estado_via","desc_estado_visibilidad","desc_luminosidad","desc_estado_clima","desc_tipo_colision","desc_tipo_atropello","desc_tipo_hecho","desc_pres_calzada","desc_senializacion","desc_separacion_via","desc_restriccion"
2015,6899,21/10/2015,"Miercoles",0,,,"0.0",2,"Pickup/Utilitario,Automóvil","10 KM NORTE SUARDI ",4,1,1,0,2,0,0,,"Calle",,"MONTE OSCURIDAD","San Cristóbal","Tierra","No existe","XIII","Dentro","Rural","Ninguna","No existe","Intersección","Bueno","Buena","Diurna","Buen Tiempo","Lateral","S/D","Colisión","S/D","S/D","Ninguna","Sin restricción"
2015,6900,07/10/2015,"Miercoles",0,23:30:00,"Ruta Nacional 34","344.0",1,"Pickup/Utilitario"," ",1,0,1,0,0,0,0,,"Ruta",34,"ARRUFÓ","San Cristóbal","S/D","Natural","XIII","Dentro","Rural","S/D","No existe","Recta","S/D","Buena","Nocturna","Buen Tiempo","S/D","S/D","Vuelco","Material Suelto","S/D","S/D","S/D"
2015,6901,17/08/2015,"Lunes",0,09:45:00,,"0.0",2,"Automóvil,Automóvil","25 de Mayo Y J B Alberdi",3,3,0,0,0,0,0,,"Calle",,"TEODELINA","General López","Hormigón","No existe","VIII","Fuera","Urbana","Ninguna","No existe","Intersección","Bueno","Buena","Diurna","Buen Tiempo","Lateral","S/D","Colisión","S/D","Vertical","Ninguna","Sin restricción"
2015,6902,17/10/2015,"Sabado",0,19:05:00,"Ruta Nacional 95","836.0",1,"Automóvil"," ",4,3,0,0,1,0,0,,"Ruta",95,"VILLA MINETTI","9 de Julio","Asfalto","Natural","XII","Dentro","Rural","Ninguna","No existe","Recta","Ahuellamiento","Reducida","Atardecer","Buen Tiempo","S/D","S/D","Vuelco","S/D","Faltante","Línea divisoria pintada","Sin restricción"
2015,6903,05/10/2015,"Lunes",0,18:35:00,"Ruta Provincial Brigadier E.López","16.0",2,"Automóvil,Camión"," ",4,1,0,0,3,0,0,,"Ruta","Brigadier E.López","SAN LORENZO","San Lorenzo","S/D","S/D","XVII","Dentro","Urbana","S/D","S/D","S/D","S/D","S/D","Diurna","S/D","S/D","S/D","S/D","S/D","S/D","S/D","S/D"
2015,6904,18/10/2015,"Domingo",0,13:15:00,"Ruta Nacional 33","644.0",2,"Bicicleta,Pickup/Utilitario"," ",4,1,0,0,1,0,2,,"Ruta",33,"MURPHY","General López","Asfalto","Natural","VIII","Dentro","Rural","Marca Vial","No existe","Recta","Bueno","Buena","Diurna","Buen Tiempo","Lateral","S/D","Atropello","S/D","Horizontal","Línea divisoria pintada","Sin restricción"
2015,6905,06/11/2015,"Viernes",0,19:00:00,"Ruta Provincial 39","0.0",1,"Pickup/Utilitario"," ",1,1,0,0,0,0,0,,"Ruta",39,"ARRUFÓ","San Cristóbal","Asfalto","S/D","XIII","S/D","S/D","S/D","No existe","Recta","S/D","Buena","Atardecer","Buen Tiempo","S/D","S/D","Despiste","S/D","S/D","S/D","S/D"
2015,6906,02/11/2015,"Lunes",0,22:00:00,,"0.0",2,"Moto/Ciclomotor,Peatón","Av Peñaloza Y Gorriti",2,2,0,0,0,0,0,"-31.586305555556,-60.711694444444","Avenida",,"SANTA FE","La Capital","Asfalto","Pavimento","I","Dentro","Urbana","S/D","Funciona","Intersección","Bueno","Buena","Nocturna,Con luz artificial","Buen Tiempo","S/D","S/D","Atropello","Ninguna","S/D","S/D","S/D"
2015,6907,14/11/2015,"Sabado",0,12:00:00,,"0.0",2,"Automóvil,Moto/Ciclomotor"," ",2,1,0,0,1,0,0,,"Avenida",,"SANTA FE","La Capital","Asfalto","Pavimento","I","Dentro","Urbana","S/D","No existe","Intersección","Bueno","Buena","Diurna","Buen Tiempo","Lateral","S/D","Colisión","Ninguna","S/D","S/D","S/D"
2015,6908,15/11/2015,"Domingo",0,21:15:00,,"0.0",2,"Automóvil,Moto/Ciclomotor","9 de Julio Y Padre Genesio",2,1,0,0,1,0,0,,"Calle",,"SANTA FE","La Capital","Asfalto","Natural","I","Dentro","Urbana","S/D","No existe","Intersección","Deteriorada","Buena","Nocturna","Buen Tiempo","Lateral","S/D","Colisión","Material Suelto","Faltante","S/D","S/D"
2015,6909,16/11/2015,"Lunes",0,11:15:00,,"0.0",2,"Moto/Ciclomotor,Pickup/Utilitario","Av Facundo Zuviria Y Reg 12 de Infanteria",2,1,0,0,1,0,0,,"Avenida",,"SANTA FE","La Capital","Hormigón","Pavimento","I","Dentro","Urbana","S/D","No existe","Intersección","Bueno","Buena","Diurna","Buen Tiempo","Frontal","S/D","Colisión","S/D","Faltante","S/D","S/D"
2015,6910,22/11/2015,"Domingo",0,22:45:00,,"0.0",2,"Automóvil,Moto/Ciclomotor","Av Peñaloza Y Callejón El Sable",2,1,0,0,1,0,0,,"Calle",,"SANTA FE","La Capital","Tierra","Natural","I","Dentro","Urbana","S/D","No existe","Intersección","Con baches","Reducida","Nocturna","Buen Tiempo","Lateral","S/D","Colisión","Material Suelto","Faltante","S/D","S/D"
2015,6911,25/11/2015,"Miercoles",0,02:30:00,,"0.0",2,"Automóvil,Moto/Ciclomotor","San Lorenzo Y Reg 12 de Infanteria",2,1,0,0,1,0,0,,"Calle",,"SANTA FE","La Capital","Asfalto","Natural","I","Dentro","Urbana","S/D","No existe","Intersección","Deteriorada","Reducida polvo","Nocturna","S/D","Lateral","S/D","Colisión","S/D","Faltante","S/D","S/D"
2015,6912,19/10/2015,"Lunes",0,10:15:00,"Ruta Secundaria 91-s","0.0",2,"Automóvil,Pickup/Utilitario"," ",6,2,0,0,4,0,0,,"Ruta","91-s","GREGORIA P. DE DENIS","9 de Julio","Ripio","Ripio","XII","Dentro","Rural","Ninguna","No existe","Recta","S/D","Buena","Diurna","S/D","Frontal","S/D","Colisión","S/D","Faltante","Ninguna","Sin restricción"
2015,6913,16/10/2015,"Viernes",0,19:55:00,"Ruta Secundaria 91-s","0.0",2,"Moto/Ciclomotor,Peatón"," ",3,2,0,0,1,0,0,,"Ruta","91-s","GREGORIA P. DE DENIS","9 de Julio","Tierra","No existe","XII","Dentro","Rural","Ninguna","No existe","Recta","Bueno","Reducida","Atardecer","Buen Tiempo","S/D","S/D","Atropello","S/D","Faltante","Vegetación","Sin restricción"
2015,6914,22/10/2015,"Jueves",0,11:00:00,,"0.0",3,"Camión,Camión,Pickup/Utilitario","Santiago Del Estero ",3,1,0,0,1,0,1,,"Calle",,"GREGORIA P. DE DENIS","9 de Julio","Ripio","No existe","XII","Dentro","Urbana","Ninguna","No existe","Recta","S/D","Buena","Diurna","Buen Tiempo","Lateral,Múltiple","S/D","Colisión","Ninguna","Faltante","Ninguna","S/D"
2015,6915,16/10/2015,"Viernes",0,12:00:00,"Ruta Secundaria 294-s","0.0",2,"Automóvil,Moto/Ciclomotor"," ",3,1,0,0,2,0,0,,"Ruta","294-s","GREGORIA P. DE DENIS","9 de Julio","Asfalto","Ripio","XII","Dentro","Urbana","Ninguna","No existe","Recta","Bueno","Buena","Diurna","Buen Tiempo","Lateral","S/D","Colisión","S/D","Faltante","Ninguna","Sin restricción"
2015,6916,20/09/2015,"Domingo",0,15:05:00,,"0.0",1,"Moto/Ciclomotor"," ",1,0,1,0,0,0,0,,"Calle",,"GREGORIA P. DE DENIS","9 de Julio","Asfalto","No existe","XII","Dentro","Urbana","Ninguna","No existe","Recta","Bueno","Buena","Diurna","Buen Tiempo","Contra objeto fijo","S/D","Colisión","S/D","Faltante","Ninguna","Sin restricción"
2015,6917,30/09/2015,"Miercoles",0,16:45:00,"Ruta Nacional 11","537.0",1,"Moto/Ciclomotor"," ",1,1,0,0,0,0,0,,"Ruta",11,"VIDELA","San Justo","Asfalto","Natural","XVI","S/D","Rural","Ninguna","No existe","Curva","Bueno","Buena","Diurna","Buen Tiempo","S/D","S/D","Despiste","S/D","Vertical","Ninguna","Sin restricción"
2015,6918,12/10/2015,"Lunes",0,22:35:00,,"0.0",2,"Moto/Ciclomotor,Automóvil","Juan de Garay Y Avenida San Martin",5,2,0,0,3,0,0,,"Calle",,"TOSTADO","9 de Julio","Asfalto","Pavimento","XII","Dentro","Urbana","Ninguna","No existe","Intersección","Bueno","Buena","Nocturna","Buen Tiempo","Lateral","S/D","Colisión","S/D","Faltante","Ninguna","Sin restricción"
2015,6919,01/10/2015,"Jueves",0,03:15:00,"Ruta Nacional 11","537.0",1,"Camión"," ",1,1,0,0,0,0,0,,"Ruta",11,"VIDELA","San Justo","Asfalto","Natural","XVI","Fuera","Rural","Ninguna","No existe","Curva","Bueno","Buena","Nocturna","Buen Tiempo","S/D","S/D","Despiste","Ninguna","Vertical","Ninguna","Sin restricción"
2015,6920,30/10/2015,"Viernes",0,11:00:00,,"0.0",2,"Peatón,Otros","Art Ramon Villarreal Y Carlos Silvestre Begnis",2,1,0,0,1,0,0,,"Calle",,"TOSTADO","9 de Julio","Asfalto","Pavimento","XII","Dentro","Urbana","Ninguna","No existe","Intersección","S/D","Reducida","Nocturna","Lluvia","S/D","S/D","Atropello","S/D","Faltante","Ninguna","Sin restricción"
2015,6921,15/10/2015,"Jueves",0,13:30:00,,"0.0",2,"Automóvil,Moto/Ciclomotor","Santa Fe Y Avenida San Martin",3,1,1,0,1,0,0,,"Calle",,"TOSTADO","9 de Julio","Asfalto","Natural","XII","Dentro","Urbana","Ninguna","No existe","Intersección","Bueno","Buena","Diurna","Buen Tiempo","S/D","S/D","Colisión","S/D","Faltante","Ninguna","Sin restricción"
2015,6922,10/10/2015,"Sabado",0,05:50:00,"Ruta Nacional 95","923.0",2,"Camión,Camión"," ",4,1,1,0,2,0,0,,"Ruta",95,"GATO COLORADO","9 de Julio","Asfalto","Natural","XII","Dentro","Rural","Ninguna","No existe","Recta","Bueno","Buena","Nocturna","S/D","De alcance","S/D","Colisión","S/D","Horizontal","Línea divisoria pintada","Sin restricción"
2015,6923,08/10/2015,"Jueves",0,,,"0.0",2,"Moto/Ciclomotor,Moto/Ciclomotor","Silvestre Begnis Y Fco Romero",3,2,1,0,0,0,0,,"Calle",,"SAN JUSTO","San Justo","Tierra","No existe","XVI","Dentro","Urbana","Ninguna","No existe","Intersección","Deteriorada","Buena","Diurna","Buen Tiempo","De alcance","S/D","Colisión","Ninguna","Faltante","Ninguna","Sin restricción"
2015,6924,10/09/2015,"Jueves",0,18:40:00,,"0.0",2,"Moto/Ciclomotor,Automóvil","9 de Julio 2000",2,0,1,0,1,0,0,,"S/D",,"SAN JUSTO","San Justo","Asfalto","No existe","XVI","S/D","Urbana","Ninguna","No existe","Recta","Bueno","Buena","Diurna","Buen Tiempo","Lateral","S/D","Colisión","Ninguna","Vertical","Ninguna","Sin restricción"
2015,6925,01/09/2015,"Martes",0,08:50:00,,"0.0",2,"Moto/Ciclomotor,Pickup/Utilitario","Silvestre Begnis 1800",2,1,0,0,1,0,0,,"Calle",,"SAN JUSTO","San Justo","Ripio","Ripio","XVI","S/D","S/D","Ninguna","No existe","Recta","Bueno","Buena","Diurna","Buen Tiempo","Lateral","S/D","Colisión","Ninguna","Faltante","Ninguna","Sin restricción"
2015,6926,24/10/2015,"Sabado",0,11:50:00,,"0.0",2,"Moto/Ciclomotor,Automóvil","Fausto Acosta ",2,1,0,0,1,0,0,,"Calle",,"GOBERNADOR CRESPO","San Justo","Ripio","Natural","XVI","Dentro","Urbana","Ninguna","No existe","Recta","Bueno","Buena","Diurna","Buen Tiempo","Otro","S/D","Colisión","Ninguna","Faltante","Ninguna","Sin restricción"
2015,6927,16/10/2015,"Viernes",0,10:45:00,"Ruta Nacional 11","0.0",3,"Moto/Ciclomotor,Moto/Ciclomotor,Pickup/Utilitario","Bv R S Pe±a ",4,1,1,0,2,0,0,,"Ruta",11,"SAN JUSTO","San Justo","Asfalto","Natural","XVI","Dentro","Urbana","Ninguna","No existe","Intersección","Bueno","Buena","Diurna","Buen Tiempo","Múltiple","S/D","Colisión","S/D","Faltante","Línea divisoria pintada","Sin restricción"
2015,6928,02/09/2015,"Miercoles",0,20:00:00,,"0.0",2,"Moto/Ciclomotor,Moto/Ciclomotor","Baroni Y L Cortazar",3,1,0,0,2,0,0,,"Calle",,"RAFAELA","Castellanos","Ripio","No existe","V","Dentro","Urbana","Ninguna","No existe","Intersección","Bueno","Buena","Nocturna","Buen Tiempo","Lateral","S/D","Colisión","S/D","Faltante","S/D","Sin restricción"
2015,6929,28/10/2015,"Miercoles",0,11:50:00,,"0.0",2,"Automóvil,Moto/Ciclomotor","Gral Belgrano 538",2,1,0,0,1,0,0,,"Calle",,"GOBERNADOR CRESPO","San Justo","Asfalto","Pavimento","XVI","Dentro","Urbana","Ninguna","No existe","Recta","Bueno","Buena","Diurna","Buen Tiempo","Lateral","S/D","Colisión","Ninguna","Faltante","Ninguna","Sin restricción"
2015,6930,07/06/2015,"Domingo",0,03:20:00,"Ruta Nacional 34","247.0",2,"Automóvil,Moto/Ciclomotor"," ",3,0,0,0,2,1,0,"-31.025733, -61.454996","Ruta",34,"ATALIVA","Castellanos","Asfalto","Ripio","V","S/D","S/D","Ninguna","No existe","Recta","Bueno","Buena","Nocturna","Buen Tiempo","De alcance","S/D","Colisión","Ninguna","Horizontal,Vertical","Línea divisoria pintada","Sin restricción"
2015,6931,05/06/2015,"Viernes",0,00:20:00,"Ruta Nacional 9","333.0",3,"Camión,Camión,Automóvil"," ",4,0,1,0,1,2,0,"-32.893352, -60.976441","Ruta",9,"ROLDÁN","San Lorenzo","Asfalto","Natural","XVII","Dentro","Urbana","Ninguna","No existe","Recta","Bueno","Reducida","Nocturna","Buen Tiempo","Frontal","S/D","Colisión,Vuelco","S/D","Vertical","Ninguna","Sin restricción"
2015,6932,23/06/2015,"Martes",0,08:25:00,,"472.5",2,"Peatón,Automóvil","Laurencio Maradona ",2,0,0,0,0,1,1,"-31.602884, -60.720824","Avenida",,"SANTA FE","La Capital","Asfalto","Natural","I","Dentro","Urbana","Semáforo","Funciona","Recta","Bueno","Buena","Diurna","Buen Tiempo","S/D","S/D","Atropello","S/D","Faltante","Ninguna","Sin restricción"
2015,6933,06/06/2015,"Sabado",0,11:45:00,,"0.0",1,"Moto/Ciclomotor","Doctor Farran 1444",2,0,1,0,0,1,0,"-28.487783, -59.350478","Calle",,"VILLA OCAMPO","General Obligado","Asfalto","S/D","IX","Dentro","Urbana","S/D","No existe","Recta","Bueno","Buena","Diurna","Buen Tiempo","Contra objeto fijo","S/D","Colisión","Ninguna","Faltante","Ninguna","Sin restricción"
2015,6934,13/06/2015,"Sabado",0,05:15:00,"Ruta Nacional A007","0.0",2,"Automóvil,Transporte de Pasajeros Larga Distancia (Doble Piso)","ALTURA PLANTA DE RESIDUOS ",34,0,1,0,32,1,0,"-31.663486, -60.731953","Ruta","A007","SANTA FE","La Capital","Asfalto","S/D","I","S/D","Urbana","S/D","No existe","Recta","Bueno","Buena","Amanecer","S/D","Frontal","S/D","Colisión","Ninguna","Faltante","S/D","S/D"
2015,6935,14/06/2015,"Domingo",0,17:45:00,"Ruta Nacional 34","101.8",2,"Pickup/Utilitario,Camión"," ",3,0,1,0,0,2,0,"-32.257400, -61.445539","Ruta",34,"CENTENO","San Jerónimo","Asfalto","Natural","XV","Dentro","Rural","Ninguna","S/D","Recta","Bueno","Buena","Atardecer","Buen Tiempo","Frontal","S/D","Colisión","S/D","Faltante","Línea divisoria pintada","Sin restricción"
2015,6936,16/06/2015,"Martes",0,18:45:00,"Ruta Provincial 2","13.0",2,"Moto/Ciclomotor,Camión","RP2 Y RP5 ",3,0,0,0,2,1,0,"-31.539586, -60.688440","Ruta",2,"MONTE VERA","La Capital","Hormigón,Ripio","Pavimento","I","Dentro","Rural","Ninguna","No existe","Intersección","Bueno","Buena","Atardecer","Buen Tiempo","Lateral","S/D","Colisión","Ninguna","S/D","S/D","Sin restricción"
2015,6937,20/06/2015,"Sabado",0,18:30:00,"Ruta Nacional 11","0.0",2,"Bicicleta,Automóvil","Avenida Nuestra Señora del Luj 4100",2,0,0,0,1,1,0,"-31.684192, -60.777878","Ruta",11,"SANTO TOMÉ","La Capital","Asfalto","S/D","I","Dentro","Urbana","Ninguna","No existe","Recta","Bueno","Buena","Diurna","Buen Tiempo","S/D","S/D","Atropello","Otro","Faltante","Ninguna","Sin restricción"
2015,6938,21/06/2015,"Domingo",0,21:30:00,"Ruta Nacional 11","576.5",2,"Moto/Ciclomotor,Camión"," ",2,1,0,0,0,1,0,"-30.727801, -60.531567","Ruta",11,"RAMAYÓN","San Justo","Asfalto","Natural","XVI","Dentro","Rural","Ninguna","No existe","Recta","Bueno","Reducida","Nocturna","Buen Tiempo","Frontal","S/D","Colisión","Ninguna","Faltante","Línea divisoria pintada","Sin restricción"
2015,6939,22/06/2015,"Lunes",0,23:15:00,,"0.0",2,"Pickup/Utilitario,Moto/Ciclomotor","Avenida San Martin Y Juan de Garay",2,0,0,0,1,1,0,"-29.231106, -61.772383","Avenida",,"TOSTADO","9 de Julio","Asfalto","Pavimento","XII","Dentro","Urbana","Otra Señal","No existe","Intersección","Bueno","Buena","Nocturna,Con luz artificial","Buen Tiempo","Lateral","S/D","Colisión","Ninguna","Horizontal,Vertical","Cordón divisorio","Sin restricción"
2015,6940,30/06/2015,"Martes",0,09:00:00,"Ruta Nacional 9","38.5",2,"Camión,Moto/Ciclomotor"," ",2,0,0,0,1,1,0,"-32.901865, -60.929190","Ruta",9,"ROLDÁN","San Lorenzo","Asfalto","Natural","XVII","Dentro","Rural","S/D","S/D","Recta","Bueno","Buena","Amanecer","Buen Tiempo","Frontal","S/D","Colisión","S/D","Vertical","Línea divisoria pintada","S/D"
2015,6941,07/10/2015,"Miercoles",0,09:00:00,"Ruta Nacional 95","0.0",2,"Automóvil,Pickup/Utilitario"," ",4,3,0,0,1,0,0,,"Ruta",95,"TOSTADO","9 de Julio","Asfalto","Pavimento","XII","Dentro","Urbana","Otra Señal","No existe","Intersección","Bueno","Reducida","Diurna","S/D","Frontal","S/D","Colisión","S/D","Vertical","Guardarrail","Sin restricción"
2015,6942,22/10/2015,"Jueves",0,20:10:00,,"0.0",1,"Automóvil"," ",1,1,0,0,0,0,0,,"Camino Rural",,"GOBERNADOR CRESPO","San Justo","Tierra","Natural","XVI","Dentro","Rural","Ninguna","No existe","Recta","Ahuellamiento","Reducida","Nocturna","Buen Tiempo","S/D","S/D","Vuelco","S/D","Faltante","Ninguna","Sin restricción"
2015,6943,12/10/2015,"Lunes",0,16:00:00,"Ruta Nacional 11","586.0",1,"Pickup/Utilitario"," ",2,2,0,0,0,0,0,,"Ruta",11,"RAMAYÓN","San Justo","Asfalto","Natural","XVI","Dentro","Rural","Ninguna","No existe","Recta","Bueno","Buena","Diurna","Buen Tiempo","Contra objeto fijo","S/D","Colisión","S/D","Horizontal","Línea divisoria pintada","Sin restricción"
2015,6944,29/10/2015,"Jueves",0,20:00:00,,"0.0",2,"Moto/Ciclomotor,Automóvil","9 de Julio Y L N Alem",3,2,0,0,1,0,0,,"Calle",,"SAN JUSTO","San Justo","Asfalto","No existe","XVI","Dentro","Urbana","Ninguna","No existe","Intersección","Bueno","Buena","Nocturna","Buen Tiempo","De alcance","S/D","Colisión","S/D","Faltante","Ninguna","Sin restricción"
2015,6945,29/10/2015,"Jueves",0,18:45:00,,"0.0",2,"Automóvil,Automóvil","9 de Julio Y 25 de Mayo",4,1,0,0,3,0,0,,"Calle",,"SAN JUSTO","San Justo","Asfalto","No existe","XVI","Dentro","Urbana","Ninguna","No existe","Intersección","Bueno","Buena","Diurna","Buen Tiempo","De alcance","S/D","Colisión","S/D","Faltante","Ninguna","Sin restricción"
2015,6946,27/10/2015,"Martes",0,16:00:00,,"0.0",2,"Automóvil,Moto/Ciclomotor","Bv R S Pe±a Y Independencia",3,1,0,0,2,0,0,,"Calle",,"SAN JUSTO","San Justo","Asfalto","No existe","XVI","Dentro","Urbana","Ninguna","No existe","Intersección","Bueno","Buena","Diurna","Buen Tiempo","De alcance","S/D","Colisión","S/D","Faltante","Ninguna","Sin restricción"
2015,6947,22/10/2015,"Jueves",0,10:45:00,,"0.0",2,"Automóvil,Moto/Ciclomotor","Santa Fe Y Independencia",2,1,0,0,1,0,0,,"Calle",,"SAN JUSTO","San Justo","Asfalto","No existe","XVI","Dentro","Urbana","Ninguna","No existe","Intersección","Bueno","Buena","Diurna","Buen Tiempo","De alcance","S/D","Colisión","S/D","Faltante","Ninguna","Sin restricción"
2015,6948,30/10/2015,"Viernes",0,17:40:00,,"0.0",2,"Automóvil,Moto/Ciclomotor","9 de Julio 2500",2,0,1,0,1,0,0,,"Calle",,"SAN JUSTO","San Justo","Asfalto","No existe","XVI","Dentro","Urbana","Ninguna","No existe","Recta","Bueno","Buena","Diurna","Buen Tiempo","De alcance","S/D","Colisión","S/D","Faltante","Ninguna","Sin restricción"
2015,6949,17/10/2015,"Sabado",0,10:30:00,,"0.0",2,"Automóvil,Bicicleta","Av Iriondo Y E Lopez",2,0,1,0,1,0,0,,"Calle",,"SAN JUSTO","San Justo","Asfalto","No existe","XVI","Dentro","Urbana","Ninguna","No existe","Intersección","Bueno","Buena","Diurna","Buen Tiempo","De alcance","S/D","Atropello","S/D","Faltante","Ninguna","Sin restricción"
2015,6950,07/10/2015,"Miercoles",0,11:30:00,,"0.0",2,"Bicicleta,Moto/Ciclomotor","Av Iriondo 2200",2,1,0,0,1,0,0,,"Calle",,"SAN JUSTO","San Justo","Asfalto","No existe","XVI","Dentro","Urbana","Ninguna","No existe","Recta","Bueno","Buena","Diurna","Buen Tiempo","De alcance","S/D","Atropello","S/D","Faltante","Cordón divisorio","Sin restricción"
2015,6951,05/05/2015,"Martes",0,11:10:00,"Ruta Provincial 21","0.0",2,"Moto/Ciclomotor,Automóvil","Rivadavia Y Marconi",2,0,0,0,1,1,0,"-33.189644, -60.469199","Ruta",21,"FIGHIERA","Rosario","Asfalto","S/D","II","Dentro","Urbana","S/D","S/D","Intersección","Otro","Buena","Diurna","S/D","Lateral","S/D","Colisión","S/D","S/D","S/D","S/D"
2015,6952,08/10/2015,"Jueves",0,15:30:00,"Ruta Nacional 11","0.0",2,"Moto/Ciclomotor,Pickup/Utilitario","B de Tucuman ",2,1,0,0,1,0,0,,"Ruta",11,"SAN JUSTO","San Justo","Asfalto","Natural","XVI","Dentro","Urbana","Ninguna","No existe","Intersección","Bueno","Buena","Diurna","Buen Tiempo","De alcance","S/D","Colisión","S/D","Faltante","Vegetación","Sin restricción"
2015,6953,12/10/2015,"Lunes",0,08:20:00,,"0.0",2,"Automóvil,Automóvil","9 de Julio Y Belgrano",2,1,0,0,1,0,0,,"Calle",,"SAN JUSTO","San Justo","Asfalto","No existe","XVI","Dentro","Urbana","Semáforo","Funciona","Intersección","Bueno","Reducida","Amanecer","Otro","De alcance","S/D","Colisión","S/D","Vertical","Barrera de hormigón","Sin restricción"
2015,6954,01/10/2015,"Jueves",0,14:00:00,,"0.0",2,"Bicicleta,Automóvil","M Obligado Y Fco Ramirez",3,1,0,0,2,0,0,,"Calle",,"RAFAELA","Castellanos","Asfalto","No existe","V","Dentro","Urbana","S/D","No existe","Intersección","Bueno","Buena","Diurna","Buen Tiempo","S/D","S/D","Atropello","S/D","Faltante","S/D","Sin restricción"
2015,6955,20/09/2015,"Domingo",0,21:50:00,,"0.0",2,"Moto/Ciclomotor,Automóvil","A Aguado Y F Simonetta",4,1,0,0,3,0,0,,"Calle",,"RAFAELA","Castellanos","Asfalto","S/D","V","Dentro","Urbana","Ninguna","No existe","Intersección","Bueno","Buena","Nocturna","Buen Tiempo","Lateral","S/D","Colisión","S/D","Faltante","S/D","Sin restricción"
2015,6956,12/07/2015,"Domingo",0,23:40:00,,"0.0",2,"Moto/Ciclomotor,Moto/Ciclomotor","Mariano Moreno Y Parana",2,1,0,0,1,0,0,,"Calle",,"RAFAELA","Castellanos","Hormigón","No existe","V","Dentro","Urbana","Ninguna","No existe","Intersección","Bueno","Buena","Nocturna","Buen Tiempo","Frontal","S/D","Colisión","S/D","Vertical","Ninguna","Sin restricción"
2015,6957,09/09/2015,"Miercoles",0,13:15:00,,"0.0",2,"Bicicleta,Automóvil","Simon Bolivar Y 25 de Mayo",4,2,0,0,2,0,0,,"Calle",,"RAFAELA","Castellanos","Hormigón","No existe","V","Dentro","Urbana","Ninguna","No existe","Intersección","Bueno","Buena","Diurna","Buen Tiempo","Frontal","S/D","Atropello","S/D","Vertical","Ninguna","Sin restricción"
2015,6958,04/09/2015,"Viernes",0,18:00:00,,"0.0",1,"Moto/Ciclomotor","Av Doctor E Salva Y Cervantes",2,1,0,0,0,0,1,,"Calle",,"RAFAELA","Castellanos","Hormigón","No existe","V","Dentro","Urbana","Ninguna","No existe","Intersección","Bueno","Buena","Nocturna","Buen Tiempo","Lateral","S/D","Colisión","S/D","Vertical","Ninguna","Sin restricción"
2015,6959,27/09/2015,"Domingo",0,15:00:00,,"0.0",2,"Moto/Ciclomotor,Automóvil","Av Int Octavio Zabboli Y Balcarce",3,2,0,0,1,0,0,,"Calle",,"RAFAELA","Castellanos","Hormigón","No existe","V","Dentro","Urbana","Ninguna","No existe","Intersección","Bueno","Buena","Diurna","Buen Tiempo","Frontal","S/D","Colisión","S/D","Vertical","Ninguna","Sin restricción"
2015,6960,21/09/2015,"Lunes",0,20:00:00,,"0.0",1,"Moto/Ciclomotor","Bv Pte Roca 1400",1,0,1,0,0,0,0,,"Calle",,"RAFAELA","Castellanos","Asfalto","No existe","V","Dentro","Urbana","Señal Pare","No existe","Recta","Bueno","Buena","Nocturna","Buen Tiempo","Atropello animal","S/D","Colisión","S/D","Horizontal","Cordón divisorio","Sin restricción"
2015,6961,23/09/2015,"Miercoles",0,12:30:00,,"0.0",3,"Transporte de Pasajeros Larga Distancia (> 8 asientos),Automóvil,Pickup/Utilitario","Mariano Moreno Y 25 de Mayo",3,1,0,0,1,0,1,,"Calle",,"RAFAELA","Castellanos","Asfalto","No existe","V","Dentro","Urbana","Ninguna","No existe","Intersección","Bueno","Buena","Diurna","Buen Tiempo","Frontal","S/D","Colisión","S/D","Horizontal","S/D","Sin restricción"
2015,6962,06/05/2015,"Miercoles",0,09:45:00,"Ruta Provincial 65","73.0",1,"Automóvil","RUTA PROV 65 Y RUTA PROV 13 ACCESO NORTE A LAS ROSAS",1,0,0,0,0,1,0,"-32.460959, -61.585007","Ruta",65,"LAS ROSAS","Belgrano","Asfalto","Natural","III","Dentro","Urbana","Ninguna","No existe","Intersección","Bueno","Buena","Diurna","Buen Tiempo","Otro","S/D","Despiste","Ninguna","Faltante","Ninguna","Sin restricción"
2015,6963,07/05/2015,"Jueves",0,07:15:00,,"0.0",2,"Automóvil,Camión","Av. Pellegrini Y Paraguay",6,0,0,0,2,4,0,"-32.956277777778,-60.646472222222","Avenida",,"ROSARIO","Rosario","Asfalto","S/D","II","Dentro","Urbana","Semáforo","Funciona","Intersección","Bueno","Buena","Amanecer","Buen Tiempo","Frontal","S/D","Colisión","S/D","Vertical","Cordón divisorio","Sin restricción"