"anio_acci","nro_acci","fecha","desc_dia","fecha_aprox","hora_aprox","desc_ruta","km","cant_participantes","desc_participante","calle_avenida_km","total","heridos_leves","heridos_graves","heridos_gravisimos","ilesos","fallecidos","sin_datos","posicion_XY","desc_tipo_via","desc_ruta_ori","desc_loc","desc_dpto","desc_tipo_calzada","desc_tipo_banquina","desc_unidad_regional","desc_lugar_calzada","desc_zona","desc_prioridad","desc_estado_semaforo","desc_lugar_via","desc_estado_via","desc_estado_visibilidad","desc_luminosidad","desc_estado_clima","desc_tipo_colision","desc_tipo_atropello","desc_tipo_hecho","desc_pres_calzada","desc_senializacion","desc_separacion_via","desc_restriccion"
2015,6964,02/06/2015,"Martes",0,11:40:00,"Ruta Nacional 177","0.0",2,"Automóvil,Automóvil","AV. PRESINDENTE PERON Y ALMIRANTE BROWN",4,0,0,0,3,1,0,"-33.238330, -60.330664","Ruta",177,"VILLA CONSTITUCIÓN","Constitución","Asfalto","S/D","VI","Dentro","Urbana","Ninguna","No existe","Intersección","S/D","Buena","Diurna","Buen Tiempo","Lateral","S/D","Colisión","S/D","Faltante","Ninguna","Sin restricción"
2015,6965,10/06/2015,"Miercoles",0,09:45:00,"Ruta Nacional A008","0.0",2,"Pickup/Utilitario,Automóvil","Cerrito Y Av. Circunvalacion",5,1,4,0,0,0,0,,"Ruta","A008","ROSARIO","Rosario","Asfalto","S/D","II","Dentro","Urbana","S/D","S/D","S/D","S/D","S/D","Diurna","S/D","S/D","S/D","Colisión","S/D","S/D","S/D","S/D"
2015,6967,26/10/2015,"Lunes",0,08:30:00,,"0.0",2,"Moto/Ciclomotor,Automóvil","Bv Pte Roca Y Arenales",2,1,0,0,1,0,0,,"Calle",,"RAFAELA","Castellanos","Hormigón","No existe","V","Dentro","Urbana","Ninguna","No existe","Intersección","Bueno","Buena","Diurna","S/D","Lateral","S/D","Colisión","S/D","Horizontal","Cordón divisorio","Sin restricción"
2015,6968,12/10/2015,"Lunes",0,19:00:00,,"0.0",2,"Peatón,Moto/Ciclomotor"," ",2,1,0,0,1,0,0,,"Calle",,"RAFAELA","Castellanos","Asfalto","S/D","V","Dentro","Urbana","Policía de tránsito","S/D","Recta","S/D","Buena","Atardecer","S/D","S/D","S/D","Atropello","S/D","S/D","S/D","S/D"
2015,6969,24/10/2015,"Sabado",0,03:30:00,,"0.0",2,"Moto/Ciclomotor,Automóvil","Lisandro de la Torre Y Maipu",2,1,0,0,1,0,0,,"Calle",,"RAFAELA","Castellanos","S/D","S/D","V","Dentro","Urbana","S/D","S/D","Intersección","S/D","Buena","Nocturna","Buen Tiempo","Lateral","S/D","Colisión","S/D","S/D","S/D","Sin restricción"
2015,6970,22/10/2015,"Jueves",0,15:30:00,,"0.0",2,"Moto/Ciclomotor,Automóvil","Pbro A Zurbriggen Y E Galassi",2,1,0,0,1,0,0,,"Calle",,"RAFAELA","Castellanos","Hormigón","No existe","V","Dentro","Urbana","S/D","No existe","Intersección","Bueno","Buena","Diurna","Buen Tiempo","Lateral","S/D","Colisión","S/D","S/D","S/D","Sin restricción"
2015,6971,26/10/2015,"Lunes",0,04:20:00,,"0.0",2,"Moto/Ciclomotor,Moto/Ciclomotor","Bv Pte Roca Y 500 Millas Argentinas",3,1,2,0,0,0,0,,"Calle",,"RAFAELA","Castellanos","Hormigón","S/D","V","Dentro","Urbana","S/D","S/D","Intersección","Bueno","Buena","Diurna","Buen Tiempo","S/D","S/D","Colisión","S/D","S/D","Ninguna","Sin restricción"
2015,6972,01/10/2015,"Jueves",0,19:20:00,,"0.0",2,"Moto/Ciclomotor,Pickup/Utilitario","Bv Pte Roca Y Peru",2,1,0,0,1,0,0,,"Calle",,"RAFAELA","Castellanos","Hormigón","No existe","V","Dentro","Urbana","S/D","No existe","Intersección","Bueno","Buena","Diurna","Buen Tiempo","Lateral","S/D","Colisión","S/D","Vertical","S/D","Sin restricción"
2015,6973,22/10/2015,"Jueves",0,18:00:00,,"0.0",2,"Bicicleta,Automóvil","Juan Bautista Alberdi Y Lamadrid",2,1,0,0,1,0,0,,"Calle",,"RAFAELA","Castellanos","Asfalto","No existe","V","Dentro","Urbana","Ninguna","No existe","Recta","Bueno","Buena","Diurna","Buen Tiempo","Lateral","S/D","Atropello","S/D","Horizontal","Cordón divisorio","Sin restricción"
2015,6974,22/10/2015,"Jueves",0,11:00:00,,"0.0",2,"Peatón,Automóvil","Luis Pasteur Y Viamonte",2,1,0,0,1,0,0,,"Calle",,"RAFAELA","Castellanos","Asfalto","Natural","V","Dentro","Urbana","Paso Peatonal","No existe","Intersección","Bueno","Buena","Diurna","Buen Tiempo","S/D","S/D","Atropello","S/D","Horizontal","Cordón divisorio","Sin restricción"
2015,6975,19/10/2015,"Lunes",0,17:00:00,,"0.0",2,"Pickup/Utilitario,Moto/Ciclomotor","Av Dr E Salva Y Arenales",2,1,0,0,1,0,0,,"Calle",,"RAFAELA","Castellanos","Asfalto","No existe","V","Dentro","Urbana","S/D","No existe","Intersección","Bueno","Buena","Diurna","Buen Tiempo","S/D","S/D","Colisión","S/D","Horizontal","Cordón divisorio","Sin restricción"
2015,6976,03/10/2015,"Sabado",0,21:00:00,,"0.0",2,"Moto/Ciclomotor,Automóvil","Dante Alighieri Y Bv Pte Roca",2,1,0,0,1,0,0,,"Calle",,"RAFAELA","Castellanos","Asfalto","No existe","V","Dentro","Urbana","Señal Pare","No existe","Intersección","Bueno","Buena","Nocturna","Buen Tiempo","Lateral","S/D","Colisión","S/D","Horizontal","Cordón divisorio","Sin restricción"
2015,6977,13/10/2015,"Martes",0,14:30:00,,"0.0",2,"Moto/Ciclomotor,Automóvil","Simon Bolivar Y P Avanthay",3,0,1,0,2,0,0,,"Calle",,"RAFAELA","Castellanos","Hormigón","No existe","V","Dentro","Urbana","Ninguna","No existe","Intersección","Bueno","Buena","Diurna","Buen Tiempo","Lateral","S/D","Colisión","S/D","S/D","Cordón divisorio","Sin restricción"
2015,6978,14/10/2015,"Miercoles",0,11:40:00,,"0.0",3,"Moto/Ciclomotor,Automóvil,Automóvil","Bv Pte Roca Y Dante Alighieri",3,1,0,0,2,0,0,,"Calle",,"RAFAELA","Castellanos","S/D","No existe","V","Dentro","Urbana","Ninguna","No existe","Recta","Bueno","Buena","Diurna","Buen Tiempo","Múltiple","S/D","Colisión","S/D","Faltante","Cordón divisorio","Sin restricción"
2015,6979,19/10/2015,"Lunes",0,20:32:00,,"0.0",2,"Moto/Ciclomotor,Automóvil","Bv Pte Roca Y Lisandro de la Torre",2,1,0,0,1,0,0,,"Calle",,"RAFAELA","Castellanos","Hormigón","No existe","V","Dentro","Urbana","Ninguna","No existe","Intersección","Bueno","Buena","Diurna","Buen Tiempo","Lateral","S/D","Colisión","S/D","S/D","Cordón divisorio","Sin restricción"
2015,6980,16/10/2015,"Viernes",0,,,"0.0",2,"Moto/Ciclomotor,Pickup/Utilitario","Maestro Cossettini Y Falucho",3,1,0,0,2,0,0,,"Calle",,"RAFAELA","Castellanos","Asfalto","No existe","V","Dentro","Urbana","Ninguna","No existe","Intersección","Bueno","Buena","Diurna","Buen Tiempo","Lateral","S/D","Colisión","S/D","Vertical","Cordón divisorio","Sin restricción"
2015,6981,05/12/2015,"Sabado",0,05:45:00,"Ruta Nacional 33","606.5",1,"Otros"," ",2,1,0,0,1,0,0,,"Ruta",33,"SAN EDUARDO","General López","Asfalto","Natural","VIII","Dentro","Rural","Ninguna","No existe","Recta","Bueno","Buena","Amanecer","Buen Tiempo","Otro","S/D","Colisión","S/D","S/D","Línea divisoria pintada","Sin restricción"
2015,6982,04/12/2015,"Viernes",0,17:30:00,,"0.0",2,"Otros,Otros","Belisario Roldan Y Juan G. de Las Heras",2,1,0,0,0,0,1,,"Calle",,"FIRMAT","General López","Asfalto","S/D","VIII","Dentro","Urbana","Ninguna","S/D","Intersección","Bueno","Buena","Diurna","Buen Tiempo","De alcance","S/D","Colisión","S/D","S/D","S/D","Sin restricción"
2015,6983,04/12/2015,"Viernes",0,20:50:00,,"0.0",2,"Otros,Otros","San Juan Y Juan B. Alberdi",3,0,0,0,0,0,3,,"Calle",,"FIRMAT","General López","Asfalto","Pavimento","VIII","S/D","Urbana","Ninguna","S/D","Intersección","Bueno","Buena","Nocturna","Buen Tiempo","Lateral","S/D","Colisión","S/D","S/D","S/D","Sin restricción"
2015,6984,28/12/2015,"Lunes",0,09:15:00,,"0.0",2,"Otros,Otros","Paula Albarracin Y San Juan",2,0,1,0,0,0,1,,"Calle",,"FIRMAT","General López","Ripio","No existe","VIII","S/D","Urbana","Ninguna","No existe","Recta","Deteriorada","Buena","Diurna","Buen Tiempo","Lateral","S/D","Colisión","S/D","Faltante","Ninguna","Sin restricción"
2015,6985,19/10/2015,"Lunes",0,07:30:00,,"0.0",2,"Moto/Ciclomotor,Bicicleta","Coronel Pringles Y Av Angela de las Casa",2,1,0,0,1,0,0,,"Calle",,"RAFAELA","Castellanos","Asfalto","Pavimento","V","Dentro","Urbana","Ninguna","No existe","Intersección","Bueno","Buena","Diurna","Buen Tiempo","De alcance","S/D","Atropello","S/D","Horizontal","Cordón divisorio","Sin restricción"
2015,6986,21/07/2015,"Martes",0,11:40:00,,"0.0",2,"Moto/Ciclomotor,Automóvil","Martin Feirro Y San Lorenzo",2,1,0,0,1,0,0,,"Calle",,"LEHMANN","Castellanos","Ripio","No existe","V","Dentro","Urbana","Ninguna","No existe","Intersección","Bueno","Buena","Diurna","Buen Tiempo","S/D","S/D","Colisión","Material Suelto","Faltante","Ninguna","Sin restricción"
2015,6987,19/09/2015,"Sabado",0,13:00:00,"Ruta Nacional 34","238.0",2,"Camión,Peatón"," ",2,1,0,0,1,0,0,,"Ruta",34,"LEHMANN","Castellanos","Asfalto","No existe","V","Dentro","Rural","Ninguna","No existe","Recta","Bueno","Buena","Diurna","Buen Tiempo","S/D","S/D","Atropello","S/D","Vertical","Línea divisoria pintada","Sin restricción"
2015,6988,11/10/2015,"Domingo",0,17:45:00,,"0.0",2,"Moto/Ciclomotor,Automóvil","Maipu Y Moreno",5,2,0,0,3,0,0,,"Calle",,"ATALIVA","Castellanos","Hormigón","S/D","V","Dentro","Urbana","S/D","No existe","Intersección","Bueno","Buena","Diurna","Buen Tiempo","De alcance","S/D","Colisión","S/D","Faltante","Cordón divisorio","Sin restricción"
2015,6989,03/10/2015,"Sabado",0,14:30:00,,"0.0",2,"Automóvil,Moto/Ciclomotor","Antonio Podio 1800",3,1,0,0,2,0,0,,"Calle",,"RAFAELA","Castellanos","Asfalto","Pavimento","V","Dentro","Urbana","Ninguna","No existe","Recta","Bueno","Buena","Nocturna","Buen Tiempo","Frontal","S/D","Colisión","S/D","Faltante","Cordón divisorio","Sin restricción"
2015,6990,04/10/2015,"Domingo",0,08:00:00,,"0.0",1,"Automóvil","GRAL PAZ 200",2,2,0,0,0,0,0,,"Calle",,"SAN VICENTE.","Castellanos","Asfalto","S/D","V","Dentro","Urbana","Ninguna","No existe","Recta","Bueno","Buena","Amanecer","Buen Tiempo","S/D","S/D","Vuelco","Otro","Faltante","Ninguna","Sin restricción"
2015,6991,05/10/2015,"Lunes",0,13:15:00,,"0.0",2,"Moto/Ciclomotor,Moto/Ciclomotor","M Oliber Y Juan Larrea",3,2,0,0,1,0,0,,"Calle",,"RAFAELA","Castellanos","Asfalto","Pavimento","V","Dentro","Urbana","Ninguna","No existe","Intersección","Bueno","Buena","Diurna","Buen Tiempo","Frontal","S/D","Colisión","S/D","S/D","Cordón divisorio","Sin restricción"
2015,6992,24/10/2015,"Sabado",0,03:00:00,,"0.0",2,"Moto/Ciclomotor,Pickup/Utilitario","Bv Santa Fe Y Pueyrredon",2,1,0,0,1,0,0,,"Avenida",,"RAFAELA","Castellanos","Asfalto","No existe","V","Dentro","Urbana","Ninguna","No existe","Intersección","Bueno","Buena","Nocturna","Buen Tiempo","Lateral","S/D","Colisión","Ninguna","Faltante","Ninguna","S/D"
2015,6993,11/10/2015,"Domingo",0,04:30:00,,"0.0",2,"Automóvil,Moto/Ciclomotor","Jose y Ricardo Armando 1700",2,1,0,0,1,0,0,,"Calle",,"RAFAELA","Castellanos","Asfalto","Pavimento","V","Dentro","Urbana","Ninguna","No existe","Recta","Bueno","Buena","Nocturna","Buen Tiempo","Lateral","S/D","Colisión","S/D","Faltante","Cordón divisorio","Sin restricción"
2015,6994,09/10/2015,"Viernes",0,18:30:00,,"0.0",2,"Moto/Ciclomotor,Pickup/Utilitario","Av Roque Saenz Pe±a Y Av Gral Bartolome Mitre",2,1,0,0,1,0,0,,"Avenida",,"RAFAELA","Castellanos","Asfalto","No existe","V","Dentro","Urbana","Semáforo","No existe","Intersección","Bueno","Buena","Atardecer","Buen Tiempo","Lateral","S/D","Colisión","S/D","Faltante","Ninguna","Sin restricción"
2015,6995,13/10/2015,"Martes",0,00:30:00,,"0.0",2,"Moto/Ciclomotor,Automóvil","España Y J Zanetti",6,2,4,0,0,0,0,,"Calle",,"RAFAELA","Castellanos","Asfalto","No existe","V","Dentro","Urbana","Ninguna","No existe","Intersección","Bueno","Buena","Nocturna","Buen Tiempo","Lateral","S/D","Colisión","Ninguna","Faltante","Ninguna","Sin restricción"
2015,6996,05/10/2015,"Lunes",0,17:40:00,,"0.0",2,"Automóvil,Moto/Ciclomotor","Ciudad de Sunchales Y Av Luis Fanti",3,2,0,0,1,0,0,,"Calle",,"RAFAELA","Castellanos","Asfalto","Ripio","V","Dentro","Urbana","S/D","No existe","Intersección","Bueno","Buena","Diurna","Buen Tiempo","Lateral","S/D","Colisión","S/D","Horizontal,Vertical","S/D","Sin restricción"
2015,6997,10/10/2015,"Sabado",0,13:00:00,,"0.0",2,"Moto/Ciclomotor,Pickup/Utilitario","Gral Juan Pablo Lopez Y Mons A Brasca",2,1,0,0,1,0,0,,"Calle",,"RAFAELA","Castellanos","Ripio","Natural","V","Dentro","Urbana","Ninguna","No existe","Intersección","Bueno","Buena","Diurna","Buen Tiempo","Frontal","S/D","Colisión","S/D","Faltante","Ninguna","Sin restricción"
2015,6998,22/12/2015,"Martes",0,04:40:00,"Ruta Nacional 11","521.7",2,"Camión,Moto/Ciclomotor"," ",2,0,0,0,1,1,0,"-31.159732, -60.737164","Ruta",11,"LLAMBI CAMPBELL","La Capital","Asfalto","Natural","I","S/D","Rural","Marca Vial","No existe","Recta","Bueno","Buena","Nocturna","Buen Tiempo","Frontal","S/D","Colisión","Ninguna","Horizontal","Línea divisoria pintada","Sin restricción"
2015,6999,22/12/2015,"Martes",0,10:00:00,"Ruta Nacional A008","0.0",1,"Camión","Cervantes Y Av de Circunvalacion",2,1,0,0,0,1,0,"-33.003287, -60.617972","Ruta","A008","VILLA GOBERNADOR GÁLVEZ","Rosario","Asfalto","No existe","II","S/D","Urbana","Ninguna","No existe","Recta","Bueno","Buena","Diurna","Buen Tiempo","Contra objeto fijo","S/D","Colisión,Despiste","Ninguna","Faltante","Barrera de hormigón","Sin restricción"
2015,7000,19/12/2015,"Sabado",0,03:35:00,,"0.0",2,"Moto/Ciclomotor,Automóvil","Av Facundo Zuviria Y Presidente Roca",3,1,0,0,1,1,0,"-31.614207, -60.705306","Avenida",,"SANTA FE","La Capital","Asfalto","No existe","I","Dentro","Urbana","Semáforo","Intermitente","Intersección","Bueno","Reducida","Nocturna","Buen Tiempo","Lateral","S/D","Colisión","S/D","Vertical","Cordón divisorio","Sin restricción"
2015,7001,08/12/2015,"Martes",0,21:40:00,"Ruta Provincial 13","358.8",1,"Moto/Ciclomotor"," ",2,1,0,0,0,1,0,"-29.415889, -61.050706","Ruta",13,"TOSTADO","9 de Julio","Tierra","Natural","XII","Dentro","Rural","Ninguna","No existe","Otro","Otro","Buena","Nocturna","Buen Tiempo","S/D","S/D","Caída ocupante","Otro","Faltante","Ninguna","Sin restricción"
2015,7002,22/11/2015,"Domingo",0,22:00:00,,"0.0",2,"Moto/Ciclomotor,Pickup/Utilitario","Lamadrid Y Salvador Caputo",2,0,0,0,1,1,0,"-31.635784, -60.725517","Calle",,"SANTA FE","La Capital","Asfalto","No existe","I","Dentro","Urbana","Ninguna","No existe","Intersección","Bueno","Buena","Nocturna","Buen Tiempo","Frontal","S/D","Colisión","Ninguna","Faltante","Cordón divisorio","Sin restricción"
2015,7003,26/10/2015,"Lunes",0,21:00:00,,"0.0",2,"Moto/Ciclomotor,Automóvil","Chiarella Y L Cachero",2,1,0,0,1,0,0,,"Calle",,"RAFAELA","Castellanos","Asfalto","No existe","V","Dentro","Urbana","Ninguna","No existe","Intersección","Bueno","Buena","Nocturna","Buen Tiempo","Lateral","S/D","Colisión","S/D","Faltante","Ninguna","Sin restricción"
2015,7004,19/10/2015,"Lunes",0,09:30:00,,"0.0",2,"Peatón,Automóvil","Pueyrredon 120",2,1,0,0,1,0,0,,"Calle",,"RAFAELA","Castellanos","Hormigón","No existe","V","Dentro","Urbana","Ninguna","No existe","Recta","Bueno","Buena","Diurna","Buen Tiempo","S/D","S/D","Atropello","S/D","Faltante","Ninguna","Accidente Previo"
2015,7005,26/10/2015,"Lunes",0,20:30:00,,"0.0",2,"Moto/Ciclomotor,Automóvil","Ciudad de Esperanza Y Uruguay",3,2,0,0,1,0,0,,"Calle",,"RAFAELA","Castellanos","Asfalto","No existe","V","Dentro","Urbana","Ninguna","No existe","Intersección","Bueno","Buena","Nocturna","Buen Tiempo","Lateral","S/D","Colisión","S/D","Faltante","Ninguna","Sin restricción"
2015,7006,03/10/2015,"Sabado",0,19:50:00,,"0.0",2,"Moto/Ciclomotor,Automóvil","Aconcagua Y A Diaz",3,1,0,0,2,0,0,,"Calle",,"RAFAELA","Castellanos","Asfalto","No existe","V","Dentro","Urbana","Ninguna","No existe","Intersección","Bueno","Buena","Nocturna","Buen Tiempo","Lateral","S/D","Colisión","S/D","Faltante","Ninguna","Sin restricción"
2015,7007,04/10/2015,"Domingo",0,07:55:00,,"0.0",2,"Automóvil,Pickup/Utilitario","General Paz 175",2,1,0,0,1,0,0,,"Calle",,"RAFAELA","Castellanos","Hormigón","No existe","V","Dentro","Urbana","Ninguna","No existe","Recta","Bueno","Buena","Nocturna","Buen Tiempo","S/D","S/D","Colisión","S/D","Faltante","Barrera de hormigón","Accidente Previo"
2015,7008,30/09/2015,"Miercoles",0,12:00:00,,"0.0",2,"Moto/Ciclomotor,Automóvil","Bv H Irigoyen Y Las Heras",3,2,0,0,1,0,0,,"Avenida",,"RAFAELA","Castellanos","S/D","No existe","V","Dentro","Urbana","Ninguna","No existe","Intersección","Bueno","Buena","Diurna","Buen Tiempo","Lateral","S/D","Colisión","Ninguna","Faltante","Ninguna","Sin restricción"
2015,7009,06/10/2015,"Martes",0,14:45:00,,"0.0",2,"Automóvil,Moto/Ciclomotor","Las Heras Y Dorrego",2,1,0,0,1,0,0,,"Calle",,"RAFAELA","Castellanos","Hormigón","No existe","V","Dentro","Urbana","Ninguna","No existe","Intersección","Bueno","Buena","Diurna","Buen Tiempo","Lateral","S/D","Colisión","S/D","Faltante","Ninguna","Sin restricción"
2015,7010,01/10/2015,"Jueves",0,14:30:00,,"0.0",2,"Moto/Ciclomotor,Pickup/Utilitario","Fdo Fader Y Magdalena de De Lorenzi",4,2,0,0,2,0,0,,"Calle",,"RAFAELA","Castellanos","Hormigón","S/D","V","Dentro","Urbana","Ninguna","No existe","Intersección","Bueno","Buena","Diurna","Buen Tiempo","Lateral","S/D","Colisión","S/D","S/D","Cordón divisorio","Sin restricción"
2015,7011,13/10/2015,"Martes",0,11:30:00,,"0.0",2,"Bicicleta,Moto/Ciclomotor","Tucuman Y Almirante Brown",2,1,0,0,1,0,0,,"Calle",,"RAFAELA","Castellanos","Hormigón","S/D","V","Dentro","Urbana","Policía de tránsito","No existe","Recta","Bueno","Buena","Diurna","Buen Tiempo","Frontal","S/D","Atropello","S/D","S/D","Cordón divisorio","Accidente Previo"
2015,7012,25/10/2015,"Domingo",0,15:00:00,,"0.0",2,"Moto/Ciclomotor,Pickup/Utilitario","Av Aristobulo del Valle Y Cordoba",2,0,1,0,1,0,0,,"Calle",,"RAFAELA","Castellanos","Asfalto","No existe","V","Dentro","Urbana","Ninguna","No existe","Intersección","Bueno","Buena","Diurna","Buen Tiempo","Lateral","S/D","Colisión","S/D","Faltante","Ninguna","Sin restricción"
2015,7013,07/10/2015,"Miercoles",0,17:30:00,,"0.0",2,"Bicicleta,Moto/Ciclomotor"," ",2,1,0,0,1,0,0,,"Calle",,"TACURAL","Castellanos","Asfalto","No existe","V","Dentro","Urbana","Otra Señal","No existe","Recta","Bueno","Buena","Diurna","Buen Tiempo","S/D","S/D","Atropello","Ninguna","Vertical","Ninguna","Sin restricción"
2015,7014,12/10/2015,"Lunes",0,23:45:00,,"0.0",1,"Automóvil"," ",6,1,0,0,5,0,0,,"Camino Rural",,"TACURAL","Castellanos","Ripio","Natural","V","Fuera","Rural","Ninguna","No existe","Recta","Resbaladiza","Reducida","Nocturna","Buen Tiempo","S/D","S/D","Vuelco","Ninguna","Faltante","Ninguna","Sin restricción"
2015,7015,20/10/2015,"Martes",0,12:30:00,,"0.0",2,"Pickup/Utilitario,Moto/Ciclomotor","Moreno Y San Luis",2,1,0,0,1,0,0,,"Calle",,"ATALIVA","Castellanos","Hormigón","No existe","V","Dentro","Urbana","Ninguna","No existe","Intersección","Bueno","Buena","Diurna","Buen Tiempo","Lateral","S/D","Colisión","Ninguna","Faltante","Cordón divisorio","Sin restricción"
2015,7016,17/10/2015,"Sabado",0,19:00:00,,"0.0",2,"Moto/Ciclomotor,Automóvil"," ",3,1,0,0,2,0,0,,"Calle",,"FRONTERA","Castellanos","Asfalto","S/D","V","S/D","Urbana","Semáforo","Funciona","Intersección","Bueno","Buena","Atardecer,Con luz artificial","Buen Tiempo","Contra objeto fijo","S/D","Colisión","S/D","S/D","S/D","S/D"
2015,7017,05/10/2015,"Lunes",0,15:00:00,,"0.0",2,"Automóvil,Moto/Ciclomotor","Calle 5 Y Calle 100",2,0,1,0,1,0,0,,"S/D",,"FRONTERA","Castellanos","Asfalto","S/D","V","S/D","Urbana","S/D","S/D","Intersección","Bueno","Buena","Diurna","Buen Tiempo","Múltiple","S/D","Colisión","S/D","S/D","S/D","S/D"
2015,7018,02/10/2015,"Viernes",0,19:00:00,,"0.0",1,"Moto/Ciclomotor","Calle 3 733",1,0,1,0,0,0,0,,"S/D",,"FRONTERA","Castellanos","Asfalto","S/D","V","S/D","Urbana","S/D","S/D","Recta","Bueno","Buena","Atardecer,Con luz artificial","Buen Tiempo","S/D","S/D","Caída ocupante","S/D","S/D","S/D","S/D"
2015,7019,11/10/2015,"Domingo",0,12:10:00,,"0.0",2,"Moto/Ciclomotor,Moto/Ciclomotor","Brigadier Estanislao Lopez Y B Manera",2,2,0,0,0,0,0,,"Calle",,"RAFAELA","Castellanos","Ripio","No existe","V","Dentro","Urbana","Ninguna","No existe","Intersección","Bueno","Buena","Diurna","Buen Tiempo","Frontal","S/D","Colisión","Ninguna","Faltante","Ninguna","Sin restricción"
2015,7020,01/10/2015,"Jueves",0,20:25:00,,"0.0",2,"Moto/Ciclomotor,Automóvil"," David MAZZI Y A Destefani",2,1,0,0,1,0,0,,"Calle",,"RAFAELA","Castellanos","Ripio","No existe","V","Dentro","Urbana","Ninguna","No existe","Intersección","Bueno","Buena","Nocturna","Buen Tiempo","Frontal","S/D","Colisión","Ninguna","Faltante","Ninguna","Sin restricción"
2015,7021,13/10/2015,"Martes",0,21:00:00,,"0.0",2,"Moto/Ciclomotor,Automóvil","Gabriel Maggi Y Santa Rosa",2,1,0,0,0,0,1,,"Calle",,"RAFAELA","Castellanos","Ripio","Natural","V","S/D","Urbana","Ninguna","No existe","Intersección","Bueno","Buena","Diurna","Buen Tiempo","Lateral","S/D","Colisión","Ninguna","Faltante","Ninguna","Sin restricción"
2015,7022,27/06/2015,"Sabado",0,23:50:00,"Ruta Nacional 11","0.0",1,"Camión","Pte Juan D Peron ",1,0,0,0,0,1,0,"-32.715623, -60.755133","Ruta",11,"PUERTO SAN MARTÍN","San Lorenzo","Asfalto","No existe","XVII","Dentro","Rural","Ninguna","No existe","Intersección","Deteriorada","Reducida humo","Nocturna","Buen Tiempo","S/D","S/D","Vuelco","Ninguna","Horizontal","Ninguna","Sin restricción"
2015,7023,24/11/2015,"Martes",0,13:15:00,,"0.0",2,"Pickup/Utilitario,Automóvil","CAMINO RURAL - CENTRAL LOCALIDAD TRALL A 7KM ",6,1,2,1,0,2,0,"-32.039480, -61.602447","Camino Rural",,"CAÑADA ROSQUÍN","San Martín","Tierra","Natural","XVIII","Dentro","Rural","Ninguna","No existe","Recta","Bueno","Reducida polvo","Diurna","Buen Tiempo","Frontal","S/D","Colisión","Ninguna","Faltante","Ninguna","Sin restricción"
2015,7024,14/11/2015,"Sabado",0,09:00:00,"Ruta Nacional 34","135.0",2,"Camión,Automóvil"," ",3,0,1,0,1,1,0,"-32.0083679,-61.6146087","Ruta",34,"CAÑADA ROSQUÍN","San Martín","Asfalto","Ripio","XVIII","Dentro","S/D","Ninguna","No existe","Recta","Bueno","Buena","Diurna","Buen Tiempo","Frontal","S/D","Colisión","Ninguna","Horizontal","Ninguna","Sin restricción"
2015,7025,27/12/2015,"Domingo",0,07:10:00,"Autopista Nacional Rosario -Cordoba","390.0",2,"Automóvil,Pickup/Utilitario"," ",5,0,2,0,2,1,0,"-32.7942707,-61.6936212","Autopista","Rosario -Cordoba","TORTUGAS","Belgrano","Asfalto","Pavimento","III","Fuera","Rural","Ninguna","No existe","Recta","Bueno","Buena","Diurna","Buen Tiempo","De alcance","S/D","Colisión","Ninguna","Horizontal","Vegetación,Línea divisoria pintada","Sin restricción"
2015,7026,24/12/2015,"Jueves",0,20:00:00,"Ruta Nacional 178","0.0",2,"Moto/Ciclomotor,Automóvil","Las Heras ",2,0,0,0,1,1,0,"-32.468915, -61.587095","Ruta",178,"LAS ROSAS","Belgrano","Asfalto","Ripio","III","Dentro","Urbana","Ninguna","No existe","Recta","Bueno","Buena","Diurna","Buen Tiempo","Lateral","S/D","Colisión","Ninguna","Horizontal","Línea divisoria pintada","Sin restricción"
2015,7027,11/10/2015,"Domingo",0,05:40:00,,"0.0",3,"Automóvil,Moto/Ciclomotor,Automóvil","Av Brasil Y Belgrano",6,1,1,0,4,0,0,,"Calle",,"RAFAELA","Castellanos","Asfalto","No existe","V","Dentro","Urbana","Ninguna","No existe","Intersección","Bueno","Buena","Amanecer","Buen Tiempo","Múltiple","S/D","Colisión","S/D","Faltante","Cordón divisorio","Sin restricción"
2015,7028,21/10/2015,"Miercoles",0,09:50:00,,"0.0",2,"Bicicleta,Moto/Ciclomotor","Bv Santa Fe Y Av Italia",2,1,0,0,1,0,0,,"Calle",,"RAFAELA","Castellanos","Hormigón","No existe","V","Dentro","Urbana","Ninguna","No existe","Intersección","Bueno","Buena","Diurna","Buen Tiempo","Frontal","S/D","Atropello","S/D","Faltante","Barrera de hormigón","Accidente Previo"
2015,7029,25/09/2015,"Viernes",0,13:00:00,,"0.0",2,"Moto/Ciclomotor,Automóvil","I Arias ",2,1,0,0,1,0,0,,"Calle",,"RAFAELA","Castellanos","Ripio","Pavimento","V","Dentro","Urbana","Ninguna","S/D","Recta","Bueno","S/D","Nocturna,Con luz artificial","Buen Tiempo","Lateral","S/D","Colisión","S/D","Faltante","Cordón divisorio","Sin restricción"