"anio_acci","nro_acci","fecha","desc_dia","fecha_aprox","hora_aprox","desc_ruta","km","cant_participantes","desc_participante","calle_avenida_km","total","heridos_leves","heridos_graves","heridos_gravisimos","ilesos","fallecidos","sin_datos","posicion_XY","desc_tipo_via","desc_ruta_ori","desc_loc","desc_dpto","desc_tipo_calzada","desc_tipo_banquina","desc_unidad_regional","desc_lugar_calzada","desc_zona","desc_prioridad","desc_estado_semaforo","desc_lugar_via","desc_estado_via","desc_estado_visibilidad","desc_luminosidad","desc_estado_clima","desc_tipo_colision","desc_tipo_atropello","desc_tipo_hecho","desc_pres_calzada","desc_senializacion","desc_separacion_via","desc_restriccion"
2015,7030,28/10/2015,"Miercoles",0,20:40:00,,"0.0",2,"Moto/Ciclomotor,Automóvil","S/D ",2,0,1,0,1,0,0,,"Calle",,"RAFAELA","Castellanos","Asfalto","S/D","V","Dentro","Urbana","Ninguna","No existe","Intersección","Bueno","Buena","Nocturna","Buen Tiempo","Lateral","S/D","Colisión","S/D","S/D","Vegetación","Sin restricción"
2015,7031,25/10/2015,"Domingo",0,05:50:00,,"0.0",2,"Camión,Automóvil","Monseñor A Brasca ",3,2,0,0,1,0,0,,"Calle",,"RAFAELA","Castellanos","Asfalto","Ripio","V","Dentro","Urbana","Ninguna","No existe","Intersección","Bueno","Buena","Nocturna,Con luz artificial","Buen Tiempo","Frontal","S/D","Colisión","S/D","Faltante","Línea divisoria pintada","S/D"
2015,7032,29/10/2015,"Jueves",0,07:00:00,,"0.0",2,"Moto/Ciclomotor,Moto/Ciclomotor","Bv Pte Roca Y Santos Dumont",2,1,1,0,0,0,0,,"Calle",,"RAFAELA","Castellanos","Tierra","No existe","V","Dentro","Rural","Ninguna","No existe","Intersección","Bueno","Buena","Diurna","Buen Tiempo","Lateral","S/D","Colisión","S/D","S/D","Ninguna","Sin restricción"
2015,7033,31/10/2015,"Sabado",0,11:10:00,,"0.0",2,"Pickup/Utilitario,Moto/Ciclomotor","Bv Pte Roca Y Ciudad de Sunchales",2,1,0,0,1,0,0,,"Calle",,"RAFAELA","Castellanos","Asfalto","Pavimento","V","Dentro","Urbana","Ninguna","No existe","Intersección","Bueno","Buena","Diurna","Buen Tiempo","Frontal","S/D","Colisión","S/D","Horizontal","Cordón divisorio","Sin restricción"
2015,7035,22/12/2015,"Martes",0,02:50:00,"Autovía Nacional A012","32.5",1,"Camión"," ",1,0,0,0,0,1,0,"-32.990594, -60.906388","Autovía","A012","ZAVALLA","Rosario","S/D","Natural","II","Fuera","Rural","Ninguna","No existe","Recta","Bueno","Buena","Nocturna","Buen Tiempo","S/D","S/D","Vuelco,Despiste","Ninguna","Vertical","Línea divisoria pintada","Sin restricción"
2015,7036,22/12/2015,"Martes",0,19:05:00,"Ruta Nacional 11","603.0",2,"Moto/Ciclomotor,Automóvil"," ",2,0,0,0,1,1,0,"-30.503173, -60.448141","Ruta",11,"MARCELINO ESCALADA","San Justo","Asfalto","Natural","XVI","Dentro","Rural","Ninguna","No existe","Recta","Resbaladiza","Reducida","Atardecer","Lluvia","Frontal","S/D","Colisión","Agua","Horizontal,Vertical","Línea divisoria pintada","Sin restricción"
2015,7037,21/12/2015,"Lunes",0,07:00:00,"Ruta Secundaria 67-s","16.5",1,"Automóvil","CAMINO RURAL ",1,0,0,0,0,1,0,"-31.333774, -61.828944","Ruta","67-s","SANTA CLARA DE SAGUIER","Castellanos","Tierra","No existe","V","S/D","Rural","Ninguna","No existe","Recta","Bueno","Buena","Diurna","Buen Tiempo","S/D","S/D","Vuelco","S/D","Faltante","Ninguna","Sin restricción"
2015,7038,09/05/2015,"Sabado",0,02:00:00,"Ruta Provincial 65","40.0",2,"Moto/Ciclomotor,Camión"," ",2,0,0,0,1,1,0,"-32.356924, -61.347373","Ruta",65,"SAN GENARO","San Jerónimo","Asfalto","Natural","XV","Dentro","Urbana","Ninguna","No existe","Recta","Bueno","Buena","Nocturna","Buen Tiempo","Lateral","S/D","Colisión","Ninguna","Horizontal","Línea divisoria pintada","Sin restricción"
2015,7039,29/12/2015,"Martes",0,11:55:00,"Ruta Provincial 13","94.5",2,"Pickup/Utilitario,Peatón"," ",2,0,0,0,1,1,0,"-31.706682, -61.770442","Ruta",13,"CASTELLANOS","Castellanos","Asfalto","Natural","V","Fuera","Rural","Ninguna","No existe","Recta","Bueno","Buena","Diurna","Buen Tiempo","S/D","S/D","Atropello","Ninguna","Faltante","Línea divisoria pintada","Sin restricción"
2015,7040,07/06/2015,"Domingo",0,01:30:00,"Ruta Secundaria 36-s","0.0",2,"Moto/Ciclomotor,Vehículo Oficial","A 5 KM DEL EJIDO URBANO ",2,1,0,0,0,1,0,"-31.776781, -61.026234","Ruta","36-s","SAN CARLOS SUR","Las Colonias","Hormigón","S/D","XI","Dentro","Rural","S/D","S/D","Recta","Con baches","S/D","Nocturna","S/D","S/D","S/D","Colisión","S/D","S/D","S/D","S/D"
2015,7041,10/05/2015,"Domingo",0,22:00:00,,"0.0",2,"Moto/Ciclomotor,Automóvil","Av. Uriburu Y Av. Circunvalacion",2,0,0,0,1,1,0,"-32.992262, -60.701728","Avenida",,"ROSARIO","Rosario","Asfalto","S/D","II","S/D","Urbana","Ninguna","S/D","Intersección","Bueno","S/D","Nocturna","Buen Tiempo","S/D","S/D","Colisión","Ninguna","Faltante","Cordón divisorio","Sin restricción"
2015,7042,07/06/2015,"Domingo",0,23:10:00,"Ruta Secundaria 40-s","0.0",2,"Moto/Ciclomotor,Camión","3 KM AL OESTE DEL RP13 ",2,0,0,0,1,1,0,"-32.194679, -61.742696","Ruta","40-s","EL TRÉBOL","San Martín","S/D","Natural","XVIII","Dentro","Rural","S/D","S/D","Recta","S/D","S/D","Nocturna","S/D","S/D","S/D","Colisión","S/D","S/D","S/D","S/D"
2015,7043,12/05/2015,"Martes",0,23:30:00,"Ruta Provincial 18","3.0",2,"Pickup/Utilitario,Moto/Ciclomotor"," ",2,0,0,0,0,1,1,"-33.032956, -60.683055","Ruta",18,"PIÑERO","Rosario","Asfalto","Natural","II","Dentro","S/D","Ninguna","No existe","Recta","Bueno","S/D","Nocturna","Buen Tiempo","S/D","S/D","Colisión","Ninguna","S/D","Ninguna","Sin restricción"
2015,7044,13/05/2015,"Miercoles",0,07:00:00,"Ruta Provincial 1","28.3",2,"Camión,Moto/Ciclomotor"," ",3,0,0,0,2,1,0,"-31.472632, -60.409586","Ruta",1,"LOS ZAPALLOS","Garay","Asfalto","Natural","VII","Dentro","Rural","Ninguna","No existe","Recta","Bueno","Buena","Con luz artificial","Buen Tiempo","Frontal","S/D","Colisión","S/D","Vertical","Vegetación","Sin restricción"
2015,7045,11/06/2015,"Jueves",0,12:20:00,"Ruta Nacional A007","0.0",2,"Bicicleta,Pickup/Utilitario","ALTURA BOMBA 3 ",2,0,0,0,1,1,0,"-31.6315435,-60.7330555","Ruta","A007","SANTA FE","La Capital","Asfalto","Natural","I","Dentro","Urbana","S/D","No existe","Recta","Bueno","S/D","Diurna","S/D","S/D","S/D","Atropello","S/D","S/D","Guardarrail","S/D"
2015,7046,31/10/2015,"Sabado",0,22:45:00,"Ruta Nacional 34","199.0",2,"Moto/Ciclomotor,Transporte de Pasajeros Larga Distancia (Doble Piso)"," ",2,0,1,0,1,0,0,,"Ruta",34,"ANGÉLICA","Castellanos","Asfalto","Natural","V","Dentro","Rural","Ninguna","No existe","Recta","Bueno","Buena","Nocturna","Buen Tiempo","Lateral","S/D","Colisión","S/D","Horizontal,Vertical","Ninguna","Sin restricción"
2015,7047,02/10/2015,"Viernes",0,13:40:00,,"0.0",2,"Moto/Ciclomotor,Camión","PAGONINI Y MILICIAS RINCONERAS",2,1,0,0,1,0,0,,"Calle",,"RINCÓN POTRERO","La Capital","Tierra","No existe","I","Dentro","Urbana","Ninguna","No existe","Intersección","Deteriorada","Buena","Diurna","Buen Tiempo","Lateral","S/D","Colisión","Material Suelto","Faltante","Ninguna","Sin restricción"
2015,7048,10/10/2015,"Sabado",0,11:20:00,,"0.0",2,"Automóvil,Pickup/Utilitario","Calle 2 ",3,2,0,0,1,0,0,,"Calle",,"ARROYO LEYES","La Capital","Tierra","S/D","I","Dentro","Rural","S/D","S/D","Intersección","S/D","Buena","Diurna","Buen Tiempo","Lateral","S/D","Colisión","S/D","S/D","Ninguna","Sin restricción"
2015,7049,14/10/2015,"Miercoles",0,12:30:00,,"0.0",2,"Moto/Ciclomotor,Automóvil","Mariano Candioti Y Balcarce",2,1,0,0,1,0,0,,"Calle",,"SANTO TOMÉ","La Capital","Asfalto","No existe","I","Dentro","Urbana","Ninguna","No existe","Intersección","Bueno","Buena","Diurna","Buen Tiempo","Lateral","S/D","Colisión","S/D","Faltante","S/D","Sin restricción"
2015,7050,09/10/2015,"Viernes",0,13:45:00,"Ruta Nacional 11","494.0",2,"Camión,Pickup/Utilitario"," ",3,1,0,0,2,0,0,,"Ruta",11,"CANDIOTI","La Capital","Asfalto","Ripio","I","Dentro","Urbana","Marca Vial","No existe","Curva","Bueno","Buena","Diurna","Buen Tiempo","Lateral","S/D","Colisión","S/D","Horizontal,Vertical","Línea divisoria pintada","S/D"
2015,7051,08/10/2015,"Jueves",0,09:20:00,,"0.0",1,"Moto/Ciclomotor"," ",1,0,0,0,0,0,1,,"Camino Rural",,"NELSON","La Capital","Tierra","No existe","I","Dentro","Rural","Ninguna","No existe","Recta","Deteriorada","Buena","Diurna","Buen Tiempo","S/D","S/D","Caída ocupante","Material Suelto","Faltante","Ninguna","Sin restricción"
2015,7052,09/10/2015,"Viernes",0,22:15:00,"Ruta Provincial 6","77.0",1,"Moto/Ciclomotor"," ",1,1,0,0,0,0,0,,"Ruta",6,"NELSON","La Capital","Asfalto","Natural","I","Dentro","Urbana","Ninguna","No existe","Recta","Con baches","Buena","Nocturna","Buen Tiempo","S/D","S/D","Caída ocupante","S/D","Faltante","Ninguna","Sin restricción"
2015,7053,17/10/2015,"Sabado",0,18:50:00,,"0.0",2,"Automóvil,Moto/Ciclomotor","9 de Julio Y 25 de Mayo",3,1,0,1,1,0,0,,"Calle",,"NELSON","La Capital","Asfalto","No existe","I","Dentro","Urbana","Ninguna","No existe","Intersección","Bueno","Buena","Amanecer","Buen Tiempo","Lateral","S/D","Colisión","S/D","Faltante","Ninguna","Sin restricción"
2015,7054,28/10/2015,"Miercoles",0,09:35:00,"Ruta Nacional 11","500.0",3,"Automóvil,Pickup/Utilitario,Automóvil"," ",7,7,0,0,0,0,0,,"Ruta",11,"NELSON","La Capital","Asfalto","Natural","I","Dentro","Rural","Ninguna","No existe","Recta","Bueno","Buena","Diurna","Buen Tiempo","Múltiple","S/D","Colisión","S/D","Faltante","Línea divisoria pintada","Sin restricción"
2015,7055,21/10/2015,"Miercoles",0,14:20:00,,"0.0",2,"Moto/Ciclomotor,Automóvil","Av Blas Parera Y Damianovich",2,0,1,0,1,0,0,,"S/D",,"SANTA FE","La Capital","Asfalto","Natural","I","Dentro","Urbana","Ninguna","No existe","Intersección","Deteriorada","Buena","Diurna","Buen Tiempo","Lateral","S/D","Colisión","Ninguna","Faltante","Ninguna","Sin restricción"
2015,7056,04/12/2015,"Viernes",0,08:45:00,"Ruta Nacional 34","244.0",1,"Automóvil"," ",2,1,0,0,0,1,0,"-31.05218, -61.45933","Ruta",34,"ATALIVA","Castellanos","Asfalto","Natural","V","Fuera","Rural","Marca Vial","No existe","Recta","Bueno","Buena","Diurna","Buen Tiempo","S/D","S/D","Despiste","S/D","Horizontal,Vertical","Línea divisoria pintada","Sin restricción"
2015,7057,27/10/2015,"Martes",0,23:00:00,,"0.0",2,"Moto/Ciclomotor,Automóvil","Av Blas Parera Y De La Salle",2,1,0,0,1,0,0,,"S/D",,"SANTA FE","La Capital","Asfalto","Natural","I","S/D","Urbana","Semáforo","Funciona","Recta","Bueno","Buena","Nocturna","Buen Tiempo","Lateral","S/D","Colisión","Ninguna","Faltante","Línea divisoria pintada","Sin restricción"
2015,7058,14/10/2015,"Miercoles",0,18:20:00,,"0.0",2,"Transporte Escolar,Automóvil","Ignacio Crespo Y Callejón El Sable",4,2,0,0,2,0,0,,"Calle",,"SANTA FE","La Capital","Tierra","No existe","I","S/D","Urbana","Ninguna","No existe","Intersección","Con baches","Buena","Diurna","Buen Tiempo","Lateral","S/D","Colisión","Ninguna","Faltante","Ninguna","Sin restricción"
2015,7059,05/12/2015,"Sabado",0,01:30:00,"Ruta Provincial 13","123.0",1,"Automóvil"," ",3,2,1,0,0,0,0,,"Ruta",13,"ESTACIÓN CLUCELLAS","Castellanos","Asfalto","Natural","V","Dentro","Urbana","Ninguna","No existe","Curva","Bueno","Reducida","Nocturna","Buen Tiempo","S/D","S/D","Vuelco","S/D","Horizontal","Línea divisoria pintada","Sin restricción"
2015,7060,11/10/2015,"Domingo",0,06:30:00,"Ruta Nacional 11","479.0",3,"Moto/Ciclomotor,Moto/Ciclomotor,Moto/Ciclomotor"," ",4,4,0,0,0,0,0,,"Ruta",11,"RECREO","La Capital","Asfalto","S/D","I","Dentro","Urbana","Ninguna","S/D","Recta","Bueno","Buena","Amanecer","Buen Tiempo","Frontal","S/D","Colisión","S/D","Horizontal","Línea divisoria pintada","Sin restricción"
2015,7061,14/10/2015,"Miercoles",0,18:00:00,,"0.0",2,"Moto/Ciclomotor,Automóvil","Carlos Eduardo Carranza Y Pedro Espinosa",4,1,1,0,2,0,0,,"Calle",,"SANTA FE","La Capital","Tierra","Natural","I","S/D","Urbana","Ninguna","No existe","Recta","Bueno","Buena","Diurna","Buen Tiempo","Frontal","S/D","Colisión","Ninguna","Faltante","S/D","Sin restricción"
2015,7062,03/12/2015,"Jueves",0,10:00:00,"Ruta Nacional 34","0.0",2,"Pickup/Utilitario,Moto/Ciclomotor","Hipolito Vieytes ",2,0,1,0,1,0,0,,"Ruta",34,"RAFAELA","Castellanos","Hormigón","No existe","V","Dentro","Urbana","Semáforo","Funciona","Intersección","Bueno","Buena","Diurna","Buen Tiempo","De alcance","S/D","Colisión","S/D","Vertical","S/D","S/D"
2015,7063,12/12/2015,"Sabado",0,13:50:00,,"0.0",2,"Moto/Ciclomotor,Automóvil","9 DE JULIO Y COLON",2,0,1,0,1,0,0,,"Calle",,"SAN VICENTE.","Castellanos","Asfalto","No existe","V","Dentro","Urbana","Ninguna","No existe","Intersección","Otro","Buena","Diurna","Buen Tiempo","Lateral","S/D","Colisión","Otro","Faltante","Ninguna","Sin restricción"
2015,7064,24/12/2015,"Jueves",0,19:50:00,"Ruta Nacional 34","215.0",2,"Moto/Ciclomotor,Automóvil"," ",2,0,1,0,1,0,0,,"Ruta",34,"SUSANA","Castellanos","Asfalto","Pavimento","V","S/D","S/D","Marca Vial","No existe","Recta","Bueno","Buena","Atardecer","Buen Tiempo","Lateral","S/D","Colisión","Ninguna","S/D","Línea divisoria pintada","Sin restricción"
2015,7065,24/10/2015,"Sabado",0,12:40:00,"Ruta Provincial 5","3.0",2,"Automóvil,Pickup/Utilitario"," ",5,2,0,0,3,0,0,,"Ruta",5,"RECREO","La Capital","Asfalto","Natural","I","Dentro","Urbana","Ninguna","No existe","Recta","Bueno","Buena","Diurna","Buen Tiempo","Frontal","S/D","Colisión,Vuelco","Ninguna","Horizontal","Línea divisoria pintada","Sin restricción"
2015,7066,01/10/2015,"Jueves",0,12:00:00,,"0.0",2,"Automóvil,Moto/Ciclomotor","Cafferata Y Callejon Mendez",2,1,0,0,1,0,0,,"Calle",,"SANTA FE","La Capital","Asfalto","No existe","I","Dentro","Urbana","Ninguna","No existe","Recta","Bueno","Buena","Diurna","Buen Tiempo","De alcance","S/D","Colisión","Ninguna","Faltante","Ninguna","Sin restricción"
2015,7067,27/10/2015,"Martes",0,22:00:00,,"0.0",2,"Automóvil,Moto/Ciclomotor","Juan de Garay Y Cervantes",2,0,1,0,1,0,0,,"Avenida",,"RECREO","La Capital","Asfalto","Ripio","I","Dentro","Urbana","Ninguna","No existe","Intersección","Bueno","Buena","Nocturna,Con luz artificial","Buen Tiempo","Lateral","S/D","Colisión","Ninguna","Horizontal","Línea divisoria pintada","Sin restricción"
2015,7068,18/10/2015,"Domingo",0,14:00:00,,"0.0",2,"Moto/Ciclomotor,Automóvil","Mateo Booz Y Vera",2,1,0,0,1,0,0,,"Calle",,"RECREO","La Capital","S/D","S/D","I","Dentro","Urbana","S/D","S/D","Intersección","S/D","Buena","Diurna","S/D","Lateral","S/D","Colisión","S/D","S/D","S/D","S/D"
2015,7069,15/05/2015,"Viernes",0,18:30:00,,"0.0",2,"Automóvil,Transporte de Pasajeros (H/ 8 asientos)","French Y Nicaragua",3,1,0,0,2,0,0,,"Calle",,"ROSARIO","Rosario","Asfalto","No existe","II","S/D","Urbana","Ninguna","No existe","Recta","Bueno","Buena","Atardecer","Buen Tiempo","De alcance","S/D","Colisión","Otro","Faltante","Ninguna","Sin restricción"
2015,7070,16/05/2015,"Sabado",0,06:30:00,"Ruta Provincial 70","5.5",2,"Automóvil,Moto/Ciclomotor"," ",3,1,1,0,0,1,0,"-31.490091, -60.784733","Ruta",70,"COLONIA PUJOL","Las Colonias","Asfalto","Ripio","XI","Dentro","Rural","Marca Vial","No existe","Recta","Bueno","Reducida","Amanecer","Niebla","De alcance","S/D","Colisión","Ninguna","Vertical","Guardarrail,Línea divisoria pintada","Sin restricción"
2015,7071,13/06/2015,"Sabado",0,17:00:00,,"0.0",2,"Moto/Ciclomotor,Automóvil","Av Almte Brown Y Hernandarias",2,0,0,0,1,1,0,"-31.612873, -60.669122","Avenida",,"SANTA FE","La Capital","Asfalto","No existe","I","Dentro","Urbana","S/D","No existe","Intersección","Bueno","Buena","Atardecer","Buen Tiempo","Frontal","S/D","Colisión","Ninguna","S/D","S/D","Sin restricción"
2015,7072,16/05/2015,"Sabado",0,07:00:00,"Ruta Nacional 34","229.0",3,"Automóvil,Automóvil,Automóvil"," ",10,4,0,0,5,1,0,"-31.183647, -61.489555","Ruta",34,"RAFAELA","Castellanos","Asfalto","Natural","V","S/D","Rural","Policía de tránsito","No existe","Recta","Bueno","Buena","Amanecer","Buen Tiempo","Frontal,Lateral,Múltiple","S/D","Colisión","Ninguna","Horizontal","Ninguna","S/D"
2015,7073,11/10/2015,"Domingo",0,16:30:00,,"0.0",2,"Moto/Ciclomotor,Moto/Ciclomotor","Caferata Y Menchaca",3,2,0,0,0,0,1,,"Calle",,"RECREO","La Capital","Ripio","Natural","I","S/D","Urbana","Ninguna","No existe","Intersección","Ahuellamiento","Buena","Diurna","Buen Tiempo","S/D","S/D","S/D","Ninguna","Faltante","Ninguna","Sin restricción"
2015,7074,11/10/2015,"Domingo",0,03:30:00,,"0.0",1,"Automóvil","Guemes Y Tomas Furno",2,0,0,0,0,0,2,,"S/D",,"RECREO","La Capital","Ripio","Natural","I","S/D","Urbana","Ninguna","No existe","Intersección","Ahuellamiento","Reducida","Nocturna,Con luz artificial","Buen Tiempo","S/D","S/D","Despiste","S/D","Faltante","Ninguna","Sin restricción"
2015,7075,16/05/2015,"Sabado",0,08:15:00,,"0.0",2,"Moto/Ciclomotor,Camión","Pte Hipolito Irigoyen Y Piton",3,0,1,0,1,1,0,"-32.709020, -60.747675","Calle",,"PUERTO SAN MARTÍN","San Lorenzo","Asfalto","Natural","XVII","Dentro","Urbana","Ninguna","No existe","Intersección","Ahuellamiento","Buena","Diurna","Buen Tiempo","Lateral","S/D","Colisión","Ninguna","Horizontal","Ninguna","Sin restricción"
2015,7076,03/10/2015,"Sabado",0,23:45:00,,"480.0",2,"Moto/Ciclomotor,Moto/Ciclomotor"," ",3,1,0,0,2,0,0,,"S/D",,"RECREO","La Capital","S/D","S/D","I","S/D","Urbana","S/D","S/D","Intersección","S/D","S/D","Nocturna","S/D","S/D","S/D","S/D","S/D","S/D","S/D","S/D"
2015,7077,20/12/2015,"Domingo",0,21:50:00,,"0.0",1,"Moto/Ciclomotor","Antonio Podio Y Av Luis Fanti",4,2,0,0,0,0,2,,"Avenida",,"RAFAELA","Castellanos","Asfalto","Pavimento","V","Dentro","Urbana","S/D","No existe","Intersección","Bueno","Buena","Nocturna","S/D","S/D","S/D","S/D","Ninguna","Horizontal,Vertical","S/D","S/D"
2015,7078,16/06/2015,"Martes",0,03:00:00,"Autopista Nacional Rosario -Cordoba","360.0",2,"Camión,Camión"," ",2,0,0,0,1,1,0,"-32.8483712,-61.3797271","Autopista","Rosario -Cordoba","CAÑADA DE GÓMEZ","Iriondo","Asfalto","Natural","X","Dentro","Rural","S/D","S/D","Recta","Bueno","S/D","Nocturna","Buen Tiempo","De alcance","S/D","Colisión","S/D","S/D","S/D","S/D"
2015,7079,19/12/2015,"Sabado",0,22:00:00,"Ruta Provincial 70","114.0",2,"Pickup/Utilitario,Pickup/Utilitario"," ",7,2,0,0,5,0,0,,"Ruta",70,"VILA","Castellanos","Asfalto","S/D","V","Dentro","Rural","S/D","S/D","Recta","Bueno","S/D","Nocturna","Buen Tiempo","Lateral","S/D","Colisión","Ninguna","S/D","Ninguna","Sin restricción"
2015,7080,04/10/2015,"Domingo",0,18:00:00,,"0.0",2,"Automóvil,Moto/Ciclomotor","Av Blas Parera Y Callejon Aguirre",2,1,0,0,1,0,0,,"Avenida",,"SANTA FE","La Capital","Asfalto","No existe","I","S/D","Urbana","Ninguna","No existe","Intersección","Bueno","Buena","Diurna","Buen Tiempo","De alcance","S/D","Colisión","Ninguna","Faltante","Cordón divisorio","Sin restricción"
2015,7081,16/05/2015,"Sabado",0,16:35:00,"Ruta Nacional 34","85.0",2,"Camión,Camión","Ruta Nac 34 Y Ruta Prov 65",2,1,0,0,0,1,0,"-32.3811148,-61.3578289","Ruta",34,"SAN GENARO","San Jerónimo","Asfalto","Pavimento","XV","Fuera","Urbana","Ninguna","No existe","Intersección","Bueno","Buena","Diurna","Buen Tiempo","Lateral","S/D","Colisión,Incendio","Ninguna","Vertical","Cordón divisorio","Sin restricción"
2015,7082,09/10/2015,"Viernes",0,19:15:00,,"0.0",2,"Moto/Ciclomotor,Moto/Ciclomotor","Av Blas Parera Y Florencio Fernandez",3,2,0,0,1,0,0,,"Avenida",,"SANTA FE","La Capital","Asfalto","No existe","I","Dentro","Urbana","Ninguna","No existe","Intersección","Bueno","Reducida","Atardecer","Buen Tiempo","De alcance","S/D","Colisión","Ninguna","Faltante","Guardarrail","Reparación de Vía"
2015,7083,15/10/2015,"Jueves",0,15:00:00,,"0.0",2,"Moto/Ciclomotor,Pickup/Utilitario","Beruti Y Ignacio Crespo",2,1,0,0,1,0,0,,"Calle",,"SANTA FE","La Capital","Asfalto","No existe","I","S/D","Urbana","Ninguna","No existe","Recta","Bueno","Buena","Diurna","Buen Tiempo","De alcance","S/D","Colisión","Ninguna","Faltante","Ninguna","Sin restricción"
2015,7084,16/10/2015,"Viernes",0,20:40:00,,"0.0",2,"Moto/Ciclomotor,Automóvil","Av Blas Parera Y Callejon Funes",3,1,0,0,2,0,0,,"Avenida",,"SANTA FE","La Capital","Asfalto","No existe","I","S/D","Urbana","Otra Señal","No existe","Intersección","Otro","Reducida","Nocturna","Buen Tiempo","De alcance","S/D","Colisión","Material Suelto","Faltante","Guardarrail","Reparación de Vía"
2015,7085,17/05/2015,"Domingo",0,08:00:00,,"0.0",1,"Moto/Ciclomotor","San Jose Y Gorriti",2,0,0,0,0,2,0,"-31.587598, -60.705985","Avenida",,"SANTA FE","La Capital","Asfalto","Pavimento","I","S/D","Urbana","S/D","No existe","Intersección","Bueno","Buena","Diurna","Buen Tiempo","S/D","S/D","Despiste","S/D","S/D","S/D","S/D"
2015,7086,17/05/2015,"Domingo",0,15:20:00,,"0.0",2,"Automóvil,Moto/Ciclomotor","Av San Lorenzo Y Simon Bolivar",2,1,0,0,0,1,0,"-32.814956, -60.716684","Avenida",,"CAPITÁN BERMÚDEZ","San Lorenzo","Asfalto","S/D","XVII","Dentro","Urbana","S/D","S/D","Intersección","Bueno","Buena","Diurna","Buen Tiempo","Lateral","S/D","Colisión","S/D","S/D","S/D","S/D"
2015,7087,20/06/2015,"Sabado",0,10:05:00,"Ruta Provincial 64","0.0",2,"Automóvil,Camión","COLONIA BELGRANO ",3,1,0,0,1,1,0,"-31.894530, -61.397298","Ruta",64,"COLONIA BELGRANO","San Martín","S/D","S/D","XVIII","Dentro","Urbana","S/D","S/D","Recta","S/D","S/D","Nocturna","S/D","S/D","S/D","Colisión","S/D","S/D","S/D","S/D"
2015,7088,17/10/2015,"Sabado",0,18:00:00,,"0.0",2,"Moto/Ciclomotor,Pickup/Utilitario","Av Blas Parera Y Callejon Mendez",3,2,0,0,0,0,1,,"Avenida",,"SANTA FE","La Capital","Asfalto","No existe","I","Dentro","Urbana","Semáforo","Funciona","Recta","Bueno","Buena","Diurna","Buen Tiempo","De alcance","S/D","Colisión","Ninguna","Faltante","Ninguna","Reparación de Vía"
2015,7089,19/10/2015,"Lunes",0,10:40:00,,"0.0",2,"Moto/Ciclomotor,Camión","Av Blas Parera Y Santa Cruz",2,1,0,0,1,0,0,,"Avenida",,"SANTA FE","La Capital","Asfalto","No existe","I","S/D","Urbana","Ninguna","No existe","Recta","Bueno","Buena","Diurna","Buen Tiempo","De alcance","S/D","Colisión","Ninguna","Faltante","Guardarrail","Sin restricción"
2015,7090,21/06/2015,"Domingo",0,18:50:00,"Ruta Nacional 11","766.5",2,"Moto/Ciclomotor,Automóvil"," ",6,3,0,0,2,1,0,"-29.281730, -59.827958","Ruta",11,"MALABRIGO","General Obligado","Hormigón","Natural","IX","Dentro","Urbana","S/D","S/D","S/D","S/D","S/D","Nocturna","S/D","S/D","S/D","Colisión","S/D","S/D","S/D","S/D"
2015,7091,18/05/2015,"Lunes",0,09:50:00,,"0.0",2,"Camión,Camión","Av Circunvalación 9100",5,0,4,0,0,1,0,"-31.566592, -60.757352","Avenida",,"SANTA FE","La Capital","Hormigón","Natural","I","Dentro","Urbana","Otra Señal","No existe","Recta","Bueno,Resbaladiza","Reducida","Diurna","Lluvia","De alcance","S/D","Colisión,Vuelco,Despiste","S/D","Horizontal","Guardarrail","Sin restricción"
2015,7092,19/05/2015,"Martes",0,11:30:00,,"0.0",1,"Moto/Ciclomotor","CAMINO RURAL A 8.5 KM AL NOROESTE DE CERES ",1,0,0,0,0,1,0,"-29.864264, -61.963619","Camino Rural",,"CERES","San Cristóbal","Tierra","No existe","XIII","Dentro","Rural","Ninguna","No existe","Recta","Con baches,Ahuellamiento","Buena","Diurna","Buen Tiempo","S/D","S/D","Caída ocupante","Otro","Faltante","Ninguna","Sin restricción"
2015,7093,20/05/2015,"Miercoles",0,19:15:00,,"0.0",2,"Automóvil,Peatón","Av. Corrientes Y Av. Pellegrini",2,1,0,0,0,1,0,"-32.956518, -60.645058","Avenida",,"ROSARIO","Rosario","Asfalto","S/D","II","Dentro","Urbana","Ninguna","No existe","Intersección","Bueno","Buena","Atardecer,Con luz artificial","Buen Tiempo","Contra objeto fijo","S/D","Colisión","S/D","Faltante","Cordón divisorio","Sin restricción"