"anio_acci","nro_acci","fecha","desc_dia","fecha_aprox","hora_aprox","desc_ruta","km","cant_participantes","desc_participante","calle_avenida_km","total","heridos_leves","heridos_graves","heridos_gravisimos","ilesos","fallecidos","sin_datos","posicion_XY","desc_tipo_via","desc_ruta_ori","desc_loc","desc_dpto","desc_tipo_calzada","desc_tipo_banquina","desc_unidad_regional","desc_lugar_calzada","desc_zona","desc_prioridad","desc_estado_semaforo","desc_lugar_via","desc_estado_via","desc_estado_visibilidad","desc_luminosidad","desc_estado_clima","desc_tipo_colision","desc_tipo_atropello","desc_tipo_hecho","desc_pres_calzada","desc_senializacion","desc_separacion_via","desc_restriccion"
2015,7094,29/06/2015,"Lunes",0,18:00:00,"Ruta Provincial 2","26.0",2,"Bicicleta,Automóvil"," ",3,0,0,0,2,1,0,"-31.344044, -60.660475","Ruta",2,"ARROYO AGUIAR","La Capital","Hormigón","Natural","I","Dentro","Rural","S/D","S/D","S/D","S/D","S/D","Atardecer","S/D","S/D","S/D","Atropello","S/D","S/D","S/D","S/D"
2015,7095,21/05/2015,"Jueves",0,19:25:00,"Ruta Provincial 13","0.0",2,"Camión,Moto/Ciclomotor","Ruta Prov. nº 13 Y Palermo",3,0,0,0,1,2,0,"-32.188808, -61.712253","Ruta",13,"EL TRÉBOL","San Martín","Asfalto","Natural","XVIII","Dentro","Urbana","Ninguna","No existe","Intersección","Bueno","Buena","Nocturna","Buen Tiempo","S/D","S/D","Colisión","S/D","S/D","Línea divisoria pintada","Sin restricción"
2015,7096,11/12/2015,"Viernes",0,14:15:00,,"0.0",1,"Moto/Ciclomotor","Antonio Podio Y Velez Sarfield",1,1,0,0,0,0,0,,"Calle",,"RAFAELA","Castellanos","Asfalto","No existe","V","Dentro","Urbana","S/D","No existe","Intersección","Bueno","Buena","Diurna","Buen Tiempo","Contra objeto fijo","S/D","Colisión","S/D","Faltante","Cordón divisorio","Sin restricción"
2015,7097,09/12/2015,"Miercoles",0,12:15:00,,"0.0",2,"Moto/Ciclomotor,Moto/Ciclomotor","Av Luis Fanti Y Simon Bolivar",3,2,0,0,1,0,0,,"Calle",,"RAFAELA","Castellanos","Asfalto","No existe","V","Dentro","Urbana","Ninguna","No existe","Intersección","Bueno","Buena","Diurna","Buen Tiempo","Lateral","S/D","Colisión","S/D","Faltante","Cordón divisorio","Sin restricción"
2015,7098,02/10/2015,"Viernes",0,,,"0.0",2,"Moto/Ciclomotor,Automóvil","Tucuman Y J Abele",2,1,0,0,1,0,0,,"Calle",,"RAFAELA","Castellanos","Asfalto","No existe","V","Dentro","Urbana","S/D","No existe","Intersección","Bueno","Buena","Atardecer","S/D","S/D","S/D","Colisión","S/D","Faltante","S/D","S/D"
2015,7099,04/10/2015,"Domingo",0,18:50:00,,"0.0",2,"Automóvil,Moto/Ciclomotor","Bv Jaime Ferre Y B Geuna",2,1,0,0,0,0,1,,"Calle",,"RAFAELA","Castellanos","Asfalto","S/D","V","Dentro","Urbana","Ninguna","No existe","Intersección","Bueno","Buena","Diurna","Buen Tiempo","Lateral","S/D","Colisión","S/D","S/D","Cordón divisorio","Sin restricción"
2015,7100,19/10/2015,"Lunes",0,05:00:00,,"0.0",2,"Moto/Ciclomotor,Peatón","Domingo Silva ",2,2,0,0,0,0,0,,"Calle",,"RAFAELA","Castellanos","Asfalto","No existe","V","Dentro","Urbana","Ninguna","No existe","Recta","Bueno","Buena","Amanecer,Con luz artificial","Buen Tiempo","S/D","S/D","Atropello","S/D","Faltante","Ninguna","S/D"
2015,7101,13/10/2015,"Martes",0,,,"0.0",2,"Moto/Ciclomotor,Pickup/Utilitario","G Mainardi Y J Operto",4,2,0,0,2,0,0,,"Calle",,"RAFAELA","Castellanos","Asfalto","No existe","V","Dentro","Urbana","Ninguna","No existe","Intersección","Bueno","S/D","S/D","Buen Tiempo","S/D","S/D","Colisión","S/D","S/D","Ninguna","S/D"
2015,7102,08/10/2015,"Jueves",0,,,"0.0",2,"Moto/Ciclomotor,Pickup/Utilitario","Bv Jaime Ferre Y Lavalle",2,1,0,0,1,0,0,,"Calle",,"RAFAELA","Castellanos","Asfalto","Pavimento","V","Dentro","Urbana","Ninguna","No existe","Intersección","Bueno","Buena","S/D","Buen Tiempo","Lateral","S/D","Colisión","S/D","Faltante","Ninguna","Sin restricción"
2015,7103,08/10/2015,"Jueves",0,,,"0.0",2,"Automóvil,Moto/Ciclomotor","Av Doctor E Salva 1200",2,2,0,0,0,0,0,,"Calle",,"RAFAELA","Castellanos","Asfalto","No existe","V","Dentro","Urbana","Semáforo","Funciona","Recta","Bueno","Buena","Diurna","Buen Tiempo","Frontal","S/D","Colisión","S/D","Horizontal","Cordón divisorio","Sin restricción"
2015,7104,07/11/2015,"Sabado",0,,,"0.0",2,"Peatón,Moto/Ciclomotor","J ABELE 918",2,1,0,0,1,0,0,,"S/D",,"RAFAELA","Castellanos","Asfalto","No existe","V","S/D","Urbana","Ninguna","No existe","Recta","Bueno","Buena","Nocturna","Buen Tiempo","S/D","S/D","Atropello","Ninguna","Horizontal","Ninguna","Sin restricción"
2015,7105,28/10/2015,"Miercoles",0,21:30:00,,"0.0",3,"Peatón,Peatón,Moto/Ciclomotor","Cafferata 8760",3,1,2,0,0,0,0,"-31.576888888889,-60.734055555556","Calle",,"SANTA FE","La Capital","Asfalto","No existe","I","Fuera","Urbana","S/D","No existe","Recta","Con baches","Reducida","Nocturna","Buen Tiempo","S/D","S/D","Atropello","Ninguna","Faltante","S/D","Sin restricción"
2015,7106,01/12/2015,"Martes",0,18:00:00,,"0.0",2,"Automóvil,Moto/Ciclomotor","Santa Fe Y General Estanislao Lopez",2,1,0,0,1,0,0,,"Calle",,"SUSANA","Castellanos","Ripio","S/D","V","Dentro","Urbana","S/D","No existe","Intersección","Bueno","Buena","Diurna","Buen Tiempo","Lateral","S/D","Colisión","Ninguna","Faltante","Ninguna","Sin restricción"
2015,7107,18/12/2015,"Viernes",0,17:30:00,,"0.0",2,"Automóvil,Moto/Ciclomotor","Gral Lopez Y 9 de Julio",2,1,0,0,1,0,0,,"Calle",,"MARIA JUANA","Castellanos","Asfalto","S/D","V","Dentro","Urbana","Ninguna","No existe","Intersección","Bueno","Buena","Diurna","Buen Tiempo","Lateral","S/D","Colisión","Ninguna","Vertical","S/D","Sin restricción"
2015,7108,22/05/2015,"Viernes",0,03:00:00,"Ruta Nacional 11","838.9",2,"Camión,Camión"," ",3,2,0,0,0,1,0,"-28.746339, -59.469140","Ruta",11,"ARROYO CEIBAL","General Obligado","Asfalto","Natural","IX","Dentro","Rural","Otra Señal","No existe","Recta","Bueno","Buena","Nocturna","Buen Tiempo","Otro","S/D","Colisión","Ninguna","Horizontal,Vertical","Línea divisoria pintada","Sin restricción"
2015,7109,24/05/2015,"Domingo",0,06:00:00,,"0.0",1,"Moto/Ciclomotor","Manuel Dorrego Y Berutti",1,0,0,0,0,1,0,"-33.224969, -60.337370","Calle",,"VILLA CONSTITUCIÓN","Constitución","S/D","S/D","VI","Dentro","Urbana","S/D","S/D","Intersección","S/D","S/D","Amanecer","S/D","Contra objeto fijo","S/D","Colisión","S/D","S/D","S/D","S/D"
2015,7110,25/05/2015,"Lunes",0,00:10:00,"Ruta Provincial 2","293.0",2,"Automóvil,Camión"," ",5,3,0,0,0,2,0,"-29.722778,-61.631111","Ruta",2,"JUAN DE GARAY","9 de Julio","Asfalto","Natural","XII","Dentro","Rural","Ninguna","No existe","Recta","Bueno","Buena","Nocturna","Buen Tiempo","Frontal","S/D","Colisión","Ninguna","Faltante","Línea divisoria pintada","Sin restricción"
2015,7111,25/05/2015,"Lunes",0,02:00:00,,"0.0",1,"Moto/Ciclomotor","Av Gral San Martin Y G Lopez",1,0,0,0,0,1,0,"-33.017444444,-60.633111111","Avenida",,"VILLA GOBERNADOR GÁLVEZ","Rosario","Asfalto","S/D","II","Dentro","Urbana","Ninguna","No existe","Recta","Bueno","Buena","Nocturna","Escarcha","S/D","S/D","Caída ocupante","Otro","Faltante","Ninguna","Sin restricción"
2015,7112,25/05/2015,"Lunes",0,11:10:00,,"0.0",1,"Automóvil","9 de julio Y Gral Guemes",2,1,0,0,0,1,0,"-29.349029, -59.971929","Calle",,"MALABRIGO","General Obligado","Asfalto","No existe","IX","Dentro","Urbana","Ninguna","No existe","Intersección","Bueno","Buena","Diurna","Otro","Otro","S/D","Colisión","Agua","S/D","Ninguna","Sin restricción"
2015,7113,28/07/2015,"Martes",0,16:00:00,,"0.0",2,"Automóvil,Moto/Ciclomotor","Pascual Brusco Y Carlos Gardel",2,0,1,0,1,0,0,,"Calle",,"RAFAELA","Castellanos","Ripio","S/D","V","Dentro","Urbana","Ninguna","S/D","Recta","Bueno","Buena","Diurna","Buen Tiempo","Lateral","S/D","Colisión","S/D","S/D","S/D","S/D"
2015,7114,22/11/2015,"Domingo",0,01:50:00,"Ruta Nacional 34","0.0",2,"Automóvil,Moto/Ciclomotor","Av Int Octavio Zabboli Y Ruta Nac 34 Gral Guemes",3,2,0,0,1,0,0,,"Ruta",34,"RAFAELA","Castellanos","Ripio","Ripio","V","Dentro","Urbana","Ninguna","No existe","Intersección","Bueno","Buena","Nocturna","Buen Tiempo","Lateral","S/D","Colisión","Ninguna","Faltante","Ninguna","S/D"
2015,7115,02/12/2015,"Miercoles",0,14:30:00,,"0.0",2,"Moto/Ciclomotor,Automóvil"," David MAZZI 400",2,1,0,0,1,0,0,,"Calle",,"RAFAELA","Castellanos","Ripio","S/D","V","Dentro","Urbana","S/D","No existe","Recta","Bueno","Buena","Diurna","Buen Tiempo","S/D","S/D","Colisión","S/D","S/D","S/D","S/D"
2015,7116,23/12/2015,"Miercoles",0,17:00:00,,"0.0",2,"Moto/Ciclomotor,Automóvil","S A Rodriguez Y J Abele",3,1,0,0,0,0,2,,"Calle",,"RAFAELA","Castellanos","Asfalto","Natural","V","Dentro","Urbana","Ninguna","No existe","Intersección","Bueno","Buena","Diurna","Buen Tiempo","Lateral","S/D","Colisión","S/D","Faltante","Ninguna","Accidente Previo"
2015,7117,23/12/2015,"Miercoles",0,22:00:00,,"0.0",2,"Automóvil,Moto/Ciclomotor","Bv Jaime Ferre Y C Bolliger",2,0,1,0,1,0,0,,"Calle",,"RAFAELA","Castellanos","Asfalto","No existe","IV","Dentro","Urbana","Ninguna","No existe","Intersección","Bueno","Buena","Nocturna,Con luz artificial","Buen Tiempo","Lateral","S/D","Colisión","S/D","Vertical","Ninguna","Sin restricción"
2015,7118,24/12/2015,"Jueves",0,19:25:00,,"0.0",2,"Moto/Ciclomotor,Automóvil","Av Angela de las Casa ",3,2,0,0,1,0,0,,"Calle",,"RAFAELA","Castellanos","Hormigón","Natural","V","Dentro","Urbana","Ninguna","No existe","Intersección","Bueno","Buena","Diurna","Buen Tiempo","Lateral","S/D","Colisión","S/D","Faltante","Ninguna","Sin restricción"
2015,7119,26/12/2015,"Sabado",0,19:30:00,,"0.0",1,"Moto/Ciclomotor","Antonio Podio Y Vicente Lopez y Planes",2,1,0,0,1,0,0,,"Calle",,"RAFAELA","Castellanos","Hormigón","Natural","V","Dentro","Urbana","Ninguna","No existe","Intersección","Bueno","Buena","Diurna","Buen Tiempo","Contra objeto fijo","S/D","Colisión","S/D","Faltante","Ninguna","Sin restricción"
2015,7120,05/12/2015,"Sabado",0,19:20:00,,"0.0",2,"Bicicleta,Otros","Bv Pte Roca Y M Oliber",2,1,0,0,0,0,1,,"Calle",,"RAFAELA","Castellanos","Asfalto","No existe","V","Dentro","Urbana","Ninguna","No existe","Intersección","Bueno","Buena","Atardecer","S/D","De alcance","S/D","Atropello","Agua","Faltante","Cordón divisorio","Sin restricción"
2015,7121,06/12/2015,"Domingo",0,17:10:00,,"0.0",2,"Camión,Bicicleta","Av Guarani Y Santos Dumont",2,0,1,0,1,0,0,,"Calle",,"RAFAELA","Castellanos","Tierra","No existe","V","Dentro","Urbana","Otra Señal","No existe","Intersección","Bueno","Buena","Atardecer","Buen Tiempo","Lateral","S/D","Atropello","S/D","Faltante","Ninguna","Sin restricción"
2015,7122,01/10/2015,"Jueves",0,,"Ruta Nacional 34","228.0",2,"Automóvil,Camión","Ruta Nac 34 Gral Guemes ",4,3,0,0,1,0,0,,"Ruta",34,"RAFAELA","Castellanos","Asfalto","Natural","V","S/D","Rural","Policía de tránsito","No existe","Recta","Bueno","Buena","S/D","Buen Tiempo","De alcance","S/D","Colisión","Ninguna","Horizontal","Ninguna","Sin restricción"
2015,7124,13/11/2015,"Viernes",0,02:00:00,,"0.0",2,"Automóvil,Moto/Ciclomotor","Hermana Fortunata Y Bv Jaime Ferre",3,0,0,2,1,0,0,,"Avenida",,"RAFAELA","Castellanos","Asfalto","S/D","V","Dentro","Urbana","Ninguna","Intermitente","Intersección","Bueno","Buena","Nocturna","Buen Tiempo","Lateral","S/D","Colisión","Ninguna","S/D","Cordón divisorio","Sin restricción"
2015,7125,10/06/2015,"Miercoles",0,11:30:00,,"0.0",2,"Moto/Ciclomotor,Moto/Ciclomotor"," ",3,2,0,0,1,0,0,,"Calle",,"ROSARIO","Rosario","Asfalto","S/D","II","Dentro","Urbana","S/D","S/D","S/D","S/D","S/D","Diurna","S/D","S/D","S/D","Colisión","S/D","S/D","S/D","S/D"
2015,7126,01/10/2015,"Jueves",0,13:25:00,,"0.0",2,"Transporte de Pasajeros Urbano (> 8 asientos),Peatón","Av. Ntra.Sra.del Rosario Y San Martin",2,1,0,0,1,0,0,,"Calle",,"ROSARIO","Rosario","Asfalto","No existe","II","Dentro","Urbana","Ninguna","No existe","Recta","Bueno","Buena","Diurna","Buen Tiempo","S/D","S/D","Atropello","Ninguna","S/D","Ninguna","Sin restricción"
2015,7129,11/06/2015,"Jueves",0,17:45:00,,"0.0",2,"Bicicleta,Transporte de Pasajeros Urbano (> 8 asientos)","Cordoba 3800",2,1,0,0,1,0,0,,"Calle",,"ROSARIO","Rosario","Asfalto","S/D","II","Dentro","Urbana","S/D","S/D","S/D","S/D","S/D","Diurna","S/D","S/D","S/D","Atropello","S/D","S/D","S/D","S/D"
2015,7130,15/07/2015,"Miercoles",0,03:00:00,,"0.0",2,"Automóvil,Automóvil","Bv. Oroño Y Santa Fe",2,1,0,0,1,0,0,,"Avenida",,"ROSARIO","Rosario","Asfalto","S/D","II","Dentro","Urbana","Semáforo","Funciona","Intersección","Bueno","Buena","Nocturna,Con luz artificial","Buen Tiempo","Lateral","S/D","Colisión","S/D","S/D","Cordón divisorio","S/D"
2015,7131,06/07/2015,"Lunes",0,10:20:00,,"0.0",2,"Bicicleta,Pickup/Utilitario","9 De Julio 600",2,1,0,0,1,0,0,,"Calle",,"ROSARIO","Rosario","Asfalto","S/D","II","Dentro","Urbana","S/D","S/D","Recta","Bueno","Buena","Diurna","Buen Tiempo","S/D","S/D","Atropello","S/D","S/D","Cordón divisorio","S/D"
2015,7132,12/06/2015,"Viernes",0,,,"0.0",1,"Automóvil","Mendoza Y Av. Ovidio Lagos",4,2,0,0,2,0,0,,"Avenida",,"ROSARIO","Rosario","Asfalto","S/D","II","Dentro","Urbana","S/D","S/D","Intersección","S/D","S/D","S/D","S/D","Lateral","S/D","Colisión","S/D","S/D","S/D","S/D"
2015,7133,08/06/2015,"Lunes",0,05:45:00,,"0.0",2,"Moto/Ciclomotor,Taxi/Remis","Rioja Y Pueyrredon",2,2,0,0,0,0,0,,"Calle",,"ROSARIO","Rosario","Asfalto","S/D","II","Dentro","Urbana","S/D","S/D","S/D","S/D","S/D","Nocturna","S/D","S/D","S/D","Colisión","S/D","S/D","S/D","S/D"
2015,7134,08/06/2015,"Lunes",0,05:30:00,,"0.0",1,"Automóvil","Mendoza Y Rodriguez",1,1,0,0,0,0,0,,"Calle",,"ROSARIO","Rosario","S/D","S/D","II","Dentro","Urbana","S/D","S/D","S/D","S/D","S/D","Nocturna","S/D","Contra objeto fijo","S/D","Colisión","S/D","S/D","S/D","S/D"
2015,7137,04/10/2015,"Domingo",0,10:30:00,,"0.0",2,"Automóvil,Moto/Ciclomotor","Av. Uriburu 1700",2,1,0,0,1,0,0,,"Calle",,"ROSARIO","Rosario","Asfalto","No existe","II","Dentro","Urbana","Ninguna","No existe","Recta","Bueno","Buena","Diurna","Buen Tiempo","S/D","S/D","Colisión","S/D","S/D","Ninguna","Sin restricción"
2015,7138,06/10/2015,"Martes",0,16:15:00,,"0.0",2,"Automóvil,Moto/Ciclomotor","Lamadrid Y Av. Corrientes",2,1,0,0,1,0,0,,"Calle",,"ROSARIO","Rosario","Asfalto","No existe","II","Dentro","Urbana","Ninguna","No existe","Intersección","Bueno","Buena","Diurna","Buen Tiempo","S/D","S/D","Colisión","S/D","S/D","Ninguna","Sin restricción"
2015,7139,08/10/2015,"Jueves",0,16:00:00,,"0.0",2,"Automóvil,Peatón","Entre Rios 3800",2,1,0,0,1,0,0,,"Calle",,"ROSARIO","Rosario","Asfalto","No existe","II","Dentro","Urbana","S/D","No existe","Recta","Bueno","Buena","Diurna","Buen Tiempo","S/D","S/D","Atropello","S/D","Vertical","Ninguna","Sin restricción"
2015,7140,09/10/2015,"Viernes",0,22:10:00,,"0.0",2,"Automóvil,Moto/Ciclomotor","San Martin Y Ameghino",3,2,0,0,1,0,0,,"Calle",,"ROSARIO","Rosario","Asfalto","No existe","II","Dentro","Urbana","Semáforo","Funciona","Intersección","Bueno","Buena","Nocturna","Buen Tiempo","Frontal","S/D","Colisión","S/D","S/D","Ninguna","Sin restricción"
2015,7141,09/10/2015,"Viernes",0,09:10:00,,"0.0",2,"Automóvil,Moto/Ciclomotor","Av. Uriburu Y Paraguay",2,1,0,0,1,0,0,,"Calle",,"ROSARIO","Rosario","Asfalto","No existe","II","Dentro","Urbana","Paso Peatonal","No existe","Intersección","Bueno","Buena","Diurna","Buen Tiempo","Lateral","S/D","Colisión","S/D","S/D","Ninguna","Sin restricción"
2015,7142,10/10/2015,"Sabado",0,13:55:00,,"0.0",2,"Automóvil,Moto/Ciclomotor","Bv. Oroño Y Gaboto",4,1,0,0,3,0,0,,"Calle",,"ROSARIO","Rosario","Asfalto","No existe","II","Dentro","Urbana","Ninguna","Funciona","Intersección","Bueno","Buena","Diurna","Buen Tiempo","S/D","S/D","Colisión","S/D","S/D","Vegetación","Sin restricción"
2015,7143,10/10/2015,"Sabado",0,18:50:00,,"0.0",2,"Automóvil,Moto/Ciclomotor","Dean Funes Y Entre Rios",4,2,0,0,2,0,0,,"Calle",,"ROSARIO","Rosario","Asfalto","No existe","II","Dentro","Urbana","Ninguna","Funciona","Intersección","Bueno","S/D","Diurna","Buen Tiempo","S/D","S/D","Colisión","S/D","S/D","Ninguna","Sin restricción"
2015,7144,10/10/2015,"Sabado",0,19:40:00,,"0.0",2,"Automóvil,Automóvil","Pte.Roca Y Garay",2,1,0,0,1,0,0,,"Calle",,"ROSARIO","Rosario","Asfalto","No existe","II","Dentro","Urbana","Ninguna","S/D","Intersección","Bueno","Buena","Atardecer","Buen Tiempo","Lateral","S/D","Colisión","S/D","S/D","Ninguna","Sin restricción"
2015,7145,12/10/2015,"Lunes",0,18:40:00,,"0.0",2,"Moto/Ciclomotor,Automóvil","Sarmiento Y Saavedra",2,1,0,0,1,0,0,,"Calle",,"ROSARIO","Rosario","Asfalto","No existe","II","Dentro","Urbana","Ninguna","No existe","Intersección","Bueno","Buena","Atardecer","Buen Tiempo","S/D","S/D","Colisión","S/D","S/D","Ninguna","Sin restricción"
2015,7146,29/03/2015,"Domingo",0,02:35:00,,"0.0",1,"Moto/Ciclomotor","PASEO DE AL TERMINAL DE OMNIBUS ",2,0,2,0,0,0,0,,"S/D",,"LAS PAREJAS","Belgrano","S/D","S/D","III","Dentro","Urbana","S/D","S/D","Recta","S/D","S/D","Nocturna","S/D","Contra objeto fijo","S/D","Colisión","S/D","S/D","S/D","S/D"
2015,7147,01/04/2015,"Miercoles",0,08:00:00,"Autopista Nacional A008","0.0",1,"Automóvil","Bv. 27 De Febrero ",1,1,0,0,0,0,0,,"Autopista","A008","ROSARIO","Rosario","Hormigón","S/D","II","Fuera","Urbana","S/D","S/D","S/D","S/D","S/D","Diurna","S/D","Contra objeto fijo","S/D","Colisión","S/D","S/D","S/D","S/D"
2015,7148,02/04/2015,"Jueves",0,19:45:00,,"0.0",2,"Automóvil,Peatón","Pje. Urdinarrain 8417",2,1,0,0,1,0,0,,"Calle",,"ROSARIO","Rosario","S/D","S/D","II","Dentro","Urbana","S/D","S/D","S/D","S/D","S/D","Nocturna","S/D","S/D","S/D","Atropello","S/D","S/D","S/D","S/D"
2015,7149,05/04/2015,"Domingo",0,08:00:00,,"0.0",2,"Taxi/Remis,Automóvil","Martinez Estrada Y San Martin",3,1,1,1,0,0,0,,"Calle",,"ROSARIO","Rosario","S/D","S/D","II","Dentro","Urbana","S/D","S/D","S/D","S/D","S/D","Diurna","S/D","S/D","S/D","Colisión","S/D","S/D","S/D","S/D"
2015,7150,15/06/2015,"Lunes",0,,,"0.0",2,"Vehículo Oficial,Taxi/Remis","9 De Julio Y Crespo",3,3,0,0,0,0,0,,"Calle",,"ROSARIO","Rosario","S/D","S/D","II","Dentro","Urbana","S/D","S/D","S/D","S/D","S/D","S/D","S/D","S/D","S/D","Colisión","S/D","S/D","S/D","S/D"
2015,7151,26/06/2015,"Viernes",0,10:00:00,,"0.0",2,"Moto/Ciclomotor,Automóvil","San Luis Y Dorrego",2,1,0,0,1,0,0,,"Calle",,"ROSARIO","Rosario","Asfalto","S/D","II","Dentro","Urbana","Ninguna","No existe","Intersección","Bueno","Buena","Diurna","Buen Tiempo","Lateral","S/D","Colisión","S/D","Faltante","Cordón divisorio","Sin restricción"
2015,7152,12/06/2015,"Viernes",0,01:20:00,,"0.0",2,"Moto/Ciclomotor,Automóvil","San Martin Y Montevideo",3,2,0,0,1,0,0,,"Calle",,"ROSARIO","Rosario","Asfalto","S/D","II","Dentro","Urbana","Ninguna","No existe","Intersección","Bueno","Buena","Nocturna,Con luz artificial","Buen Tiempo","Lateral","S/D","Colisión","S/D","S/D","Cordón divisorio","Sin restricción"
2015,7153,21/06/2015,"Domingo",0,19:00:00,,"0.0",2,"Pickup/Utilitario,Taxi/Remis","San Juan Y Italia",5,2,0,0,3,0,0,,"Calle",,"ROSARIO","Rosario","Asfalto","S/D","II","Dentro","Urbana","Ninguna","No existe","Intersección","Bueno","Buena","Atardecer,Con luz artificial","Buen Tiempo","Lateral","S/D","Colisión","S/D","Faltante","Cordón divisorio","Sin restricción"
2015,7154,13/10/2015,"Martes",0,13:00:00,,"0.0",2,"Camión,Peatón","Av. Uriburu Y España",2,1,0,0,1,0,0,,"Calle",,"ROSARIO","Rosario","Asfalto","No existe","II","Dentro","Urbana","Ninguna","Funciona","Intersección","Bueno","Buena","Diurna","Buen Tiempo","Frontal","S/D","Atropello","S/D","S/D","Ninguna","Sin restricción"
2015,7155,06/06/2015,"Sabado",0,21:00:00,,"0.0",2,"Pickup/Utilitario,Peatón","Av. Corrientes 900",2,1,0,0,1,0,0,,"Calle",,"ROSARIO","Rosario","Asfalto","S/D","II","Dentro","Urbana","S/D","No existe","Recta","Bueno","Reducida","Nocturna,Con luz artificial","Buen Tiempo","S/D","S/D","Atropello","S/D","Faltante","Cordón divisorio","Sin restricción"
2015,7156,14/10/2015,"Miercoles",0,17:00:00,,"0.0",3,"Automóvil,Automóvil,Automóvil","San Martin Y Av. Ntra.Sra.del Rosario",4,1,0,0,3,0,0,,"Calle",,"ROSARIO","Rosario","Asfalto","No existe","II","Dentro","Urbana","Ninguna","Funciona","Intersección","Bueno","Buena","Diurna","Buen Tiempo","Múltiple","S/D","Colisión","S/D","S/D","Ninguna","Sin restricción"
2015,7157,15/06/2015,"Lunes",0,13:40:00,,"0.0",2,"Bicicleta,Pickup/Utilitario","Av. Pellegrini 1300",2,1,0,0,1,0,0,,"Avenida",,"ROSARIO","Rosario","Asfalto","S/D","II","Dentro","Urbana","Ninguna","No existe","Recta","Bueno","Buena","Diurna","Buen Tiempo","S/D","S/D","Atropello","S/D","Faltante","Cordón divisorio","Sin restricción"
2015,7158,15/06/2015,"Lunes",0,11:00:00,,"0.0",2,"Automóvil,Taxi/Remis","Pte.Roca Y 9 De Julio",2,1,0,0,1,0,0,,"Calle",,"ROSARIO","Rosario","Asfalto","S/D","II","Dentro","Urbana","Ninguna","No existe","Intersección","Bueno","Buena","Diurna","Buen Tiempo","Lateral","S/D","Colisión","S/D","Faltante","Cordón divisorio","Sin restricción"
2015,7159,15/10/2015,"Jueves",0,12:50:00,,"0.0",2,"Moto/Ciclomotor,Automóvil","J Buffa Y Domingo Silva",2,1,0,0,1,0,0,,"Calle",,"RAFAELA","Castellanos","Asfalto","Natural","V","Dentro","Urbana","Ninguna","No existe","Intersección","Bueno","Buena","Diurna","Buen Tiempo","Lateral","S/D","Colisión","S/D","S/D","Ninguna","Sin restricción"
2015,7160,06/06/2015,"Sabado",0,03:00:00,,"0.0",2,"Automóvil,Moto/Ciclomotor","9 De Julio Y L.N.Alem",2,1,0,0,1,0,0,,"Calle",,"ROSARIO","Rosario","Asfalto","S/D","II","Dentro","Urbana","S/D","S/D","Intersección","Bueno","Buena","Nocturna","Buen Tiempo","Lateral","S/D","Colisión","S/D","S/D","Cordón divisorio","S/D"
2015,7161,09/10/2015,"Viernes",0,,,"0.0",2,"Automóvil,Moto/Ciclomotor","Gaboto Y Sarmiento",7,3,0,0,4,0,0,,"Calle",,"ROSARIO","Rosario","Asfalto","No existe","II","Dentro","Urbana","Ninguna","Funciona","Intersección","Bueno","Buena","Diurna","Buen Tiempo","S/D","S/D","Colisión","S/D","S/D","Ninguna","Sin restricción"
2015,7162,05/06/2015,"Viernes",0,07:00:00,,"0.0",2,"Taxi/Remis,Moto/Ciclomotor","E.Zeballos Y Gutenberg",2,1,0,0,1,0,0,,"Calle",,"ROSARIO","Rosario","Asfalto","S/D","II","Dentro","Urbana","S/D","S/D","S/D","S/D","S/D","S/D","S/D","S/D","S/D","Colisión","S/D","S/D","S/D","S/D"
2015,7163,06/06/2015,"Sabado",0,07:25:00,,"0.0",2,"Vehículo Oficial,Taxi/Remis","Bv. Avellaneda Y Mendoza",3,2,0,0,1,0,0,,"Calle",,"ROSARIO","Rosario","Asfalto","S/D","II","Dentro","Urbana","S/D","S/D","S/D","S/D","S/D","Diurna","S/D","S/D","S/D","Colisión","S/D","S/D","S/D","S/D"
2015,7164,27/06/2015,"Sabado",0,,,"0.0",2,"Automóvil,Automóvil","Montevideo Y Gutenberg",3,2,0,0,1,0,0,,"Calle",,"ROSARIO","Rosario","Asfalto","S/D","II","Dentro","Urbana","S/D","S/D","S/D","S/D","S/D","S/D","S/D","S/D","S/D","Colisión","S/D","S/D","S/D","S/D"
2015,7165,05/06/2015,"Viernes",0,,,"0.0",2,"Automóvil,Automóvil","Lavalle Y Montevideo",5,5,0,0,0,0,0,,"Calle",,"ROSARIO","Rosario","Asfalto","S/D","II","Dentro","Urbana","S/D","S/D","S/D","S/D","S/D","S/D","S/D","S/D","S/D","Colisión","S/D","S/D","S/D","S/D"
2015,7166,13/06/2015,"Sabado",0,01:30:00,,"0.0",2,"Taxi/Remis,Moto/Ciclomotor","L.N.Alem Y Montevideo",3,2,0,0,1,0,0,,"Calle",,"ROSARIO","Rosario","Asfalto","S/D","II","Dentro","Urbana","S/D","S/D","Intersección","Bueno","Buena","Nocturna","Buen Tiempo","Lateral","S/D","Colisión","S/D","S/D","Cordón divisorio","S/D"
2015,7167,23/06/2015,"Martes",0,23:00:00,,"0.0",2,"Automóvil,Moto/Ciclomotor","Necochea 1400",2,1,0,0,1,0,0,,"Calle",,"ROSARIO","Rosario","Asfalto","S/D","II","Dentro","Urbana","S/D","S/D","Recta","Bueno","Buena","Nocturna","Buen Tiempo","Lateral","S/D","Colisión","S/D","S/D","Cordón divisorio","S/D"
2015,7168,28/06/2015,"Domingo",0,09:30:00,,"0.0",2,"Automóvil,Moto/Ciclomotor","Av. Pellegrini Y Lavalle",4,1,0,0,3,0,0,,"Calle",,"ROSARIO","Rosario","Asfalto","S/D","II","Dentro","Urbana","S/D","S/D","S/D","S/D","S/D","S/D","S/D","S/D","S/D","Colisión","S/D","S/D","S/D","S/D"