"anio_acci","nro_acci","fecha","desc_dia","fecha_aprox","hora_aprox","desc_ruta","km","cant_participantes","desc_participante","calle_avenida_km","total","heridos_leves","heridos_graves","heridos_gravisimos","ilesos","fallecidos","sin_datos","posicion_XY","desc_tipo_via","desc_ruta_ori","desc_loc","desc_dpto","desc_tipo_calzada","desc_tipo_banquina","desc_unidad_regional","desc_lugar_calzada","desc_zona","desc_prioridad","desc_estado_semaforo","desc_lugar_via","desc_estado_via","desc_estado_visibilidad","desc_luminosidad","desc_estado_clima","desc_tipo_colision","desc_tipo_atropello","desc_tipo_hecho","desc_pres_calzada","desc_senializacion","desc_separacion_via","desc_restriccion"
2015,7169,12/07/2015,"Domingo",0,20:10:00,,"0.0",2,"Moto/Ciclomotor,Moto/Ciclomotor","San Luis Y Balcarce",3,1,0,0,2,0,0,,"Calle",,"ROSARIO","Rosario","Asfalto","S/D","II","Dentro","Urbana","Ninguna","No existe","Intersección","Bueno","Buena","Nocturna,Con luz artificial","Buen Tiempo","Lateral","S/D","Colisión","S/D","Faltante","Cordón divisorio","Sin restricción"
2015,7170,10/07/2015,"Viernes",0,16:00:00,,"0.0",2,"Automóvil,Moto/Ciclomotor","Sarmiento 1500",2,1,0,0,1,0,0,,"Calle",,"ROSARIO","Rosario","Asfalto","S/D","II","Dentro","Urbana","Ninguna","No existe","Recta","Bueno","Buena","Diurna","Buen Tiempo","Frontal","S/D","Colisión","S/D","Faltante","Cordón divisorio","Sin restricción"
2015,7171,02/07/2015,"Jueves",0,16:20:00,,"0.0",2,"Automóvil,Bicicleta","Montevideo Y Dorrego",2,1,0,0,1,0,0,,"Calle",,"ROSARIO","Rosario","S/D","S/D","II","Dentro","Urbana","Ninguna","No existe","Intersección","Con baches","Buena","Diurna","Buen Tiempo","Lateral","S/D","Atropello","S/D","Faltante","Cordón divisorio","Sin restricción"
2015,7172,04/07/2015,"Sabado",0,11:00:00,,"0.0",2,"Automóvil,Automóvil","Juan B Justo Y Pasteur",3,1,0,0,2,0,0,,"Calle",,"VILLA GOBERNADOR GÁLVEZ","Rosario","Asfalto","No existe","II","Dentro","Urbana","Ninguna","No existe","Intersección","Bueno","Buena","Diurna","Buen Tiempo","S/D","S/D","Colisión","S/D","Faltante","Ninguna","Sin restricción"
2015,7173,26/07/2015,"Domingo",0,21:45:00,,"0.0",2,"Moto/Ciclomotor,Automóvil","20 de Junio Y chile",2,1,0,0,1,0,0,,"Calle",,"VILLA GOBERNADOR GÁLVEZ","Rosario","Asfalto","No existe","II","Dentro","Urbana","Ninguna","No existe","Recta","Bueno","Buena","Nocturna","Buen Tiempo","Lateral","S/D","Colisión","S/D","Faltante","Ninguna","Sin restricción"
2015,7174,04/07/2015,"Sabado",0,04:50:00,"Ruta Nacional 34","225.5",1,"Moto/Ciclomotor"," ",1,0,0,0,0,1,0,"-31.213652, -61.497384","Ruta",34,"RAFAELA","Castellanos","Asfalto","S/D","V","Dentro","Rural","Ninguna","S/D","Recta","Bueno","Buena","Amanecer","Escarcha","S/D","S/D","Caída ocupante,Despiste","Ninguna","Horizontal","Línea divisoria pintada","Sin restricción"
2015,7175,04/07/2015,"Sabado",0,06:00:00,"Ruta Nacional 33","563.0",2,"Camión,Pickup/Utilitario"," ",4,1,2,0,0,1,0,"-34.153261, -62.456120","Ruta",33,"LAZZARINO","General López","Asfalto","Ripio","VIII","Dentro","S/D","Ninguna","No existe","Recta","Bueno","Reducida","Nocturna","Niebla","Frontal","S/D","Colisión","Ninguna","Horizontal","Línea divisoria pintada","Sin restricción"
2015,7176,05/07/2015,"Domingo",0,19:20:00,,"0.0",2,"Automóvil,Moto/Ciclomotor","6 de Caballeria 990",2,0,0,0,1,1,0,"-29.238170, -61.768277","Calle",,"TOSTADO","9 de Julio","Asfalto","No existe","XII","Dentro","Urbana","Ninguna","No existe","Recta","Bueno","Buena","Nocturna,Con luz artificial","Buen Tiempo","Lateral","S/D","Colisión","Ninguna","Faltante","Ninguna","Sin restricción"
2015,7177,07/07/2015,"Martes",0,15:50:00,"Ruta Nacional 34","370.0",2,"Automóvil,Moto/Ciclomotor","ACCESO AVENIDA 25 DE MAYO ",5,0,0,0,4,1,0,"-30.000340, -61.831475","Ruta",34,"HERSILIA","San Cristóbal","Asfalto","Ripio","XIII","Dentro","Urbana","Ninguna","No existe","Curva","Bueno","Buena","Diurna","Buen Tiempo","Frontal","S/D","Colisión","S/D","Horizontal","Ninguna","Sin restricción"
2015,7178,08/07/2015,"Miercoles",0,04:10:00,"Ruta Nacional 11","707.1",2,"Moto/Ciclomotor,Camión"," ",2,0,0,0,1,1,0,"-29.599470, -60.232359","Ruta",11,"VERA","Vera","Asfalto","Natural","XIX","Dentro","S/D","Marca Vial","No existe","Curva","Bueno","Reducida","Nocturna","Niebla","Frontal","S/D","Colisión","Ninguna","Horizontal,Vertical","Línea divisoria pintada","Sin restricción"
2015,7179,08/07/2015,"Miercoles",0,07:30:00,"Autopista Nacional A008","0.0",2,"Bicicleta,Automóvil","Ayolas ",2,0,0,0,1,1,0,"-32.980516, -60.625039","Autopista","A008","ROSARIO","Rosario","Asfalto","No existe","II","Dentro","Urbana","Ninguna","No existe","Intersección","Bueno","Buena","Amanecer,Con luz artificial","Buen Tiempo","S/D","S/D","Atropello","Ninguna","Faltante","Guardarrail,Barrera de alto impacto","Sin restricción"
2015,7180,09/07/2015,"Jueves",0,12:40:00,"Ruta Nacional 34","0.0",2,"Tren,Camión","Y VIAS DEL LIMITE ",4,0,0,0,3,1,0,"-31.2726608,-61.5105432","Ruta",34,"RAFAELA","Castellanos","Asfalto","Natural","V","S/D","Urbana","Ninguna","No existe","Paso a Nivel FFCC","Con baches","Buena","Diurna","Buen Tiempo","Lateral","S/D","Colisión","Ninguna","Horizontal,Vertical","Ninguna","Sin restricción"
2015,7181,13/07/2015,"Lunes",0,22:30:00,,"0.0",1,"Moto/Ciclomotor","Comodoro Rivadavia Y Simon Bolivar",1,0,0,0,0,1,0,"-33.242671, -60.321856","Calle",,"VILLA CONSTITUCIÓN","Constitución","Asfalto","No existe","VI","Dentro","Urbana","Ninguna","No existe","Recta","Bueno","Buena","Nocturna","Buen Tiempo","S/D","S/D","Caída ocupante","Ninguna","Faltante","Cordón divisorio","Sin restricción"
2015,7182,18/07/2015,"Sabado",0,02:10:00,,"0.0",2,"Moto/Ciclomotor,Camión","Avenida Belgrano Y 25 de Mayo",2,0,0,0,1,1,0,"-33.110880, -60.794995","Avenida",,"PIÑERO","Rosario","Ripio","Ripio","II","Dentro","Urbana","Ninguna","No existe","Intersección","Bueno","Reducida","Nocturna","Niebla","Contra objeto fijo","S/D","Colisión","Ninguna","Faltante","Ninguna","Sin restricción"
2015,7183,17/07/2015,"Viernes",0,09:00:00,"Ruta Provincial 90","0.0",2,"Moto/Ciclomotor,Camión","Avenida La Plata Ruta Pcial 94 ",2,0,0,0,1,1,0,"-33.812833, -61.750896","Ruta",90,"CHAPUY","General López","Asfalto,Hormigón","Ripio","VIII","S/D","Rural","Ninguna","No existe","Cruce","Bueno","Buena","Diurna,Con luz artificial","Buen Tiempo","Frontal,Lateral","S/D","Colisión","Ninguna","Vertical","Ninguna","Sin restricción"
2015,7184,18/07/2015,"Sabado",0,04:30:00,"Ruta Provincial 1","125.0",1,"Moto/Ciclomotor"," ",2,0,1,0,0,1,0,"-30.899378, -60.050535","Ruta",1,"COLONIA MASCIAS","Garay","Asfalto","Natural","VII","S/D","Urbana","Ninguna","No existe","Recta","Bueno","Buena","Nocturna","Buen Tiempo","S/D","S/D","Vuelco","S/D","Horizontal","Línea divisoria pintada","Sin restricción"
2015,7185,25/05/2015,"Lunes",0,13:10:00,"Ruta Nacional 34","268.0",1,"Automóvil"," ",4,0,2,0,1,1,0,"-30.870683, -61.571742","Ruta",34,"SUNCHALES","Castellanos","Asfalto","Natural","V","Dentro","Rural","Ninguna","No existe","Recta","Bueno","Buena","Diurna","Buen Tiempo","S/D","S/D","Vuelco","Ninguna","Faltante","S/D","Sin restricción"
2015,7186,18/07/2015,"Sabado",0,22:15:00,,"0.0",2,"Moto/Ciclomotor,Automóvil","Teniente Loza Y Carlos Eduardo Carranza",3,0,1,0,1,1,0,"-31.567002,-60.733497","Avenida",,"SANTA FE","La Capital","Hormigón","Natural","I","Dentro","Urbana","Otra Señal","No existe","Intersección","Con baches","Buena","Nocturna","Buen Tiempo","Lateral","S/D","Colisión","S/D","Vertical","Ninguna","Sin restricción"
2015,7187,20/07/2015,"Lunes",0,10:15:00,"Autopista Provincial Brigadier E.López","143.0",1,"Automóvil"," ",3,2,0,0,0,1,0,"-31.691087, -60.815973","Autopista","Brigadier E.López","SANTO TOMÉ","La Capital","Asfalto","Natural","I","S/D","S/D","Ninguna","No existe","Recta","Bueno","Buena","Diurna","Buen Tiempo","S/D","S/D","Vuelco","Ninguna","S/D","Ninguna","Sin restricción"
2015,7188,20/07/2015,"Lunes",0,19:45:00,,"0.0",2,"Pickup/Utilitario,Moto/Ciclomotor","Dorrego Y Roque Saenz Peña",3,0,0,0,2,1,0,"-29.891935, -60.283199","Calle",,"CALCHAQUÍ","Vera","Asfalto","No existe","XIX","S/D","Urbana","Ninguna","No existe","Intersección","Bueno","Buena","Atardecer","Buen Tiempo","Frontal","S/D","Colisión","S/D","S/D","Ninguna","Sin restricción"
2015,7189,28/05/2015,"Jueves",0,07:30:00,"Autopista Nacional Rosario -Cordoba","316.0",2,"Pickup/Utilitario,Bicicleta"," ",2,0,0,0,1,1,0,"-32.919785, -60.925697","Autopista","Rosario -Cordoba","ROLDÁN","San Lorenzo","Asfalto","Natural","XVII","Dentro","Rural","Ninguna","No existe","Recta","Bueno","Reducida","Amanecer","Buen Tiempo","Frontal","S/D","Colisión","S/D","Vertical","Línea divisoria pintada","Sin restricción"
2015,7190,25/07/2015,"Sabado",0,08:50:00,"Ruta Provincial 6","57.0",1,"Automóvil"," ",1,0,0,0,0,1,0,"-31.532731, -60.929427","Ruta",6,"PUJATO NORTE","Las Colonias","Asfalto","Natural","XI","Fuera","Rural","Ninguna","No existe","Curva","Bueno","Reducida","Diurna","Niebla","S/D","S/D","Vuelco,Despiste","Ninguna","Horizontal","Línea divisoria pintada","Sin restricción"
2015,7191,28/07/2015,"Martes",0,23:30:00,"Ruta Nacional 11","0.0",2,"Peatón,Camión","RP10 ",2,0,0,0,1,1,0,"-32.717874, -60.753510","Ruta",11,"SAN LORENZO","San Lorenzo","Asfalto","S/D","XVII","S/D","Urbana","S/D","S/D","Intersección","S/D","S/D","Nocturna","Buen Tiempo","S/D","S/D","Atropello","S/D","S/D","S/D","S/D"
2015,7193,28/05/2015,"Jueves",0,08:30:00,,"0.0",2,"Automóvil,Moto/Ciclomotor","Ruta Nac 34 Gral Guemes Y Pbro Emiliano Cerdan",2,0,0,0,1,1,0,"-31.231816, -61.500656","Calle",,"RAFAELA","Castellanos","Asfalto,Tierra","Natural","V","S/D","Urbana","Policía de tránsito","Funciona","Intersección","Bueno","Buena","Diurna","Buen Tiempo","Lateral","S/D","Colisión","S/D","Horizontal,Vertical","Ninguna","Desvío Provisorio"
2015,7194,30/07/2015,"Jueves",0,11:30:00,"Autopista Nacional Rosario -Cordoba","315.5",1,"Pickup/Utilitario"," ",3,2,0,0,0,1,0,"-32.90117, -61.03011","Autopista","Rosario -Cordoba","ROLDÁN","San Lorenzo","Asfalto","Natural","XVII","S/D","Rural","Ninguna","No existe","Recta","Bueno","Buena","Diurna","Buen Tiempo","S/D","S/D","Vuelco,Despiste","S/D","Vertical","Ninguna","Sin restricción"
2015,7195,08/07/2015,"Miercoles",0,11:30:00,"Autopista Provincial Brigadier E.López","96.0",2,"Camión,Peatón"," ",2,1,0,0,1,0,0,,"Autopista","Brigadier E.López","AROCENA","San Jerónimo","Asfalto","Natural","XV","S/D","Rural","Otra Señal","No existe","Recta","Bueno","Buena","Diurna","Buen Tiempo","Contra objeto fijo","S/D","Colisión","Ninguna","Faltante","Línea divisoria pintada","Desvío Provisorio"
2015,7196,17/06/2015,"Miercoles",0,11:30:00,,"0.0",2,"Automóvil,Bicicleta","Mendoza 1700",2,1,0,0,1,0,0,,"Calle",,"ROSARIO","Rosario","Asfalto","S/D","II","Dentro","Urbana","Ninguna","No existe","Recta","Bueno","Buena","Diurna","Buen Tiempo","S/D","S/D","Atropello","S/D","Faltante","Cordón divisorio","Sin restricción"
2015,7197,29/06/2015,"Lunes",0,21:30:00,,"0.0",2,"Automóvil,Pickup/Utilitario","Mariano Moreno Y 3 De Febrero",2,1,0,0,1,0,0,,"Calle",,"ROSARIO","Rosario","Asfalto","S/D","II","Dentro","Urbana","Ninguna","S/D","Intersección","Bueno","Buena","Nocturna,Con luz artificial","Buen Tiempo","Lateral","S/D","Colisión","S/D","Faltante","Cordón divisorio","Sin restricción"
2015,7198,20/06/2015,"Sabado",0,03:50:00,,"0.0",2,"Automóvil,Automóvil","Mendoza Y Bv. Avellaneda",6,5,0,0,1,0,0,,"Calle",,"ROSARIO","Rosario","Asfalto","S/D","II","Dentro","Urbana","S/D","S/D","S/D","S/D","S/D","Nocturna","S/D","S/D","S/D","Colisión","S/D","S/D","S/D","S/D"
2015,7199,03/06/2015,"Miercoles",0,11:00:00,,"0.0",2,"Pickup/Utilitario,Peatón","Paraguay Y 9 De Julio",2,1,0,0,1,0,0,,"Calle",,"ROSARIO","Rosario","Asfalto","S/D","II","Dentro","Urbana","Ninguna","No existe","Intersección","Bueno","Buena","Diurna","Buen Tiempo","S/D","S/D","Atropello","S/D","Faltante","Cordón divisorio","Sin restricción"
2015,7200,09/06/2015,"Martes",0,14:00:00,,"0.0",2,"Moto/Ciclomotor,Bicicleta","Av. Pellegrini 1100",2,1,0,0,1,0,0,,"Avenida",,"ROSARIO","Rosario","Asfalto","S/D","II","Dentro","Urbana","Ninguna","No existe","Recta","Bueno","Buena","Diurna","Buen Tiempo","S/D","S/D","Atropello","S/D","Faltante","Cordón divisorio","Sin restricción"
2015,7201,19/06/2015,"Viernes",0,08:50:00,,"0.0",2,"Automóvil,Moto/Ciclomotor","Montevideo Y Alsina",2,1,0,0,1,0,0,,"Calle",,"ROSARIO","Rosario","Asfalto","S/D","II","Dentro","Urbana","S/D","S/D","S/D","S/D","S/D","Diurna","S/D","S/D","S/D","Colisión","S/D","S/D","S/D","S/D"
2015,7202,03/06/2015,"Miercoles",0,15:10:00,,"0.0",2,"Automóvil,Moto/Ciclomotor","Alvear Y Montevideo",2,1,0,0,1,0,0,,"Calle",,"ROSARIO","Rosario","Asfalto","S/D","II","Dentro","Urbana","Señal Pare","No existe","Intersección","Bueno","Buena","Diurna","Buen Tiempo","Lateral","S/D","Colisión","S/D","Horizontal","Cordón divisorio","Sin restricción"
2015,7203,18/06/2015,"Jueves",0,,,"0.0",2,"Peatón,Automóvil","Pueyrredon Y Rioja",2,1,0,0,1,0,0,,"Calle",,"ROSARIO","Rosario","Asfalto","S/D","II","Dentro","Urbana","S/D","S/D","S/D","S/D","S/D","Diurna","S/D","S/D","S/D","Atropello","S/D","S/D","S/D","S/D"
2015,7204,11/06/2015,"Jueves",0,17:45:00,,"0.0",2,"Automóvil,Pickup/Utilitario","Bv. Oroño 1300",2,1,0,0,1,0,0,,"Avenida",,"ROSARIO","Rosario","Asfalto","S/D","II","Dentro","Urbana","Ninguna","S/D","Recta","Bueno","Buena","Atardecer,Con luz artificial","Buen Tiempo","Lateral","S/D","Colisión","S/D","Faltante","Cordón divisorio","Sin restricción"
2015,7205,16/06/2015,"Martes",0,,,"0.0",2,"Automóvil,Automóvil","San Luis Y Pueyrredon",3,3,0,0,0,0,0,,"Calle",,"ROSARIO","Rosario","Asfalto","S/D","II","Dentro","Urbana","S/D","S/D","S/D","S/D","S/D","S/D","S/D","S/D","S/D","Colisión","S/D","S/D","S/D","S/D"
2015,7206,30/06/2015,"Martes",1,,,"0.0",2,"Automóvil,Automóvil","Gutenberg Y 3 De Febrero",2,1,0,0,1,0,0,,"Calle",,"ROSARIO","Rosario","S/D","S/D","II","Dentro","Urbana","S/D","S/D","S/D","S/D","S/D","S/D","S/D","S/D","S/D","S/D","S/D","S/D","S/D","S/D"
2015,7207,16/06/2015,"Martes",0,17:40:00,,"0.0",2,"Automóvil,Moto/Ciclomotor","Rio De Janeiro Y Marcos Paz",2,1,0,0,1,0,0,,"Calle",,"ROSARIO","Rosario","Asfalto","S/D","II","Dentro","Urbana","S/D","S/D","S/D","S/D","S/D","Diurna","S/D","S/D","S/D","Colisión","S/D","S/D","S/D","S/D"
2015,7208,30/05/2015,"Sabado",0,12:50:00,,"0.0",3,"Automóvil,Automóvil,Automóvil","Av. Avellaneda B Y Cordoba",3,2,0,0,0,0,1,,"Calle",,"ROSARIO","Rosario","Asfalto","S/D","II","Dentro","Urbana","S/D","S/D","S/D","S/D","S/D","Diurna","S/D","S/D","S/D","Colisión","S/D","S/D","S/D","S/D"
2015,7209,16/07/2015,"Jueves",0,12:15:00,,"0.0",2,"Automóvil,Peatón","Mendoza Y Mitre",2,1,0,0,1,0,0,,"Calle",,"ROSARIO","Rosario","Asfalto","S/D","II","Dentro","Urbana","Ninguna","S/D","Intersección","Bueno","Buena","Diurna","Buen Tiempo","S/D","S/D","Atropello","S/D","Faltante","Cordón divisorio","Sin restricción"
2015,7210,04/06/2015,"Jueves",0,09:20:00,,"0.0",2,"Taxi/Remis,Automóvil","Pueyrredon Y San Luis",2,2,0,0,0,0,0,,"Calle",,"ROSARIO","Rosario","S/D","S/D","II","Dentro","Urbana","S/D","S/D","S/D","S/D","S/D","Diurna","S/D","S/D","S/D","Colisión","S/D","S/D","S/D","S/D"
2015,7211,14/07/2015,"Martes",0,12:25:00,,"0.0",2,"Automóvil,Peatón","Mendoza 1500",2,1,0,0,1,0,0,,"Calle",,"ROSARIO","Rosario","Asfalto","S/D","II","Dentro","Urbana","S/D","S/D","Recta","Bueno","Buena","Diurna","Buen Tiempo","S/D","S/D","Atropello","S/D","Faltante","Cordón divisorio","Sin restricción"
2015,7212,30/06/2015,"Martes",0,07:30:00,,"0.0",2,"Automóvil,Automóvil","PAULO VI Y RUTA 21",5,4,0,0,1,0,0,,"Calle",,"VILLA GOBERNADOR GÁLVEZ","Rosario","Asfalto","Natural","II","Dentro","Urbana","Ninguna","No existe","Intersección","Con baches","Buena","Amanecer","Buen Tiempo","Contra objeto fijo","S/D","Colisión","Ninguna","Faltante","Ninguna","Sin restricción"
2015,7213,04/06/2015,"Jueves",0,,,"0.0",3,"Automóvil,Automóvil,Automóvil","Av. Pellegrini Y Vera Mujica",3,2,0,0,1,0,0,,"Calle",,"ROSARIO","Rosario","S/D","S/D","II","Dentro","Urbana","S/D","S/D","S/D","S/D","S/D","S/D","S/D","S/D","S/D","Colisión","S/D","S/D","S/D","S/D"
2015,7214,02/06/2015,"Martes",0,,,"0.0",2,"Peatón,Automóvil","Cafferata Y Mendoza",2,1,0,0,1,0,0,,"Calle",,"ROSARIO","Rosario","Asfalto","S/D","II","Dentro","Urbana","S/D","S/D","S/D","S/D","S/D","S/D","S/D","S/D","S/D","Atropello","S/D","S/D","S/D","S/D"
2015,7215,14/07/2015,"Martes",0,11:50:00,,"0.0",2,"Peatón,Automóvil","Mitre Y San Luis",2,1,0,0,1,0,0,,"Calle",,"ROSARIO","Rosario","Asfalto","S/D","II","Dentro","Urbana","Ninguna","No existe","Intersección","Bueno","Buena","Diurna","Buen Tiempo","S/D","S/D","Atropello","S/D","Faltante","Cordón divisorio","Sin restricción"
2015,7216,29/05/2015,"Viernes",0,17:45:00,,"0.0",2,"Camión,Bicicleta","Mariano Moreno 3500",2,0,0,0,1,1,0,"-31.436611,-60.9285","Calle",,"ESPERANZA","Las Colonias","Asfalto","No existe","XI","Dentro","Urbana","Ninguna","No existe","Recta","Bueno","Buena","Diurna","Buen Tiempo","S/D","S/D","Atropello","Ninguna","Vertical","Ninguna","Sin restricción"
2015,7217,26/07/2015,"Domingo",0,08:00:00,"Ruta Nacional 34","140.0",2,"Transporte de Pasajeros Larga Distancia (Doble Piso),Pickup/Utilitario"," ",11,8,1,0,0,2,0,"-31.962407, -61.603209","Ruta",34,"CAÑADA ROSQUÍN","San Martín","Asfalto","Natural","XVIII","S/D","S/D","Ninguna","No existe","Recta","Bueno","Reducida","Diurna","Niebla","Frontal","S/D","Colisión","Ninguna","S/D","Línea divisoria pintada","Sin restricción"
2015,7218,30/05/2015,"Sabado",0,01:45:00,"Ruta Provincial 1","6.0",2,"Automóvil,Moto/Ciclomotor"," ",3,0,0,0,2,1,0,"-31.605975, -60.577437","Ruta",1,"SAN JOSÉ DEL RINCÓN","La Capital","Asfalto","No existe","I","Dentro","Urbana","Ninguna","No existe","Recta","Bueno","Reducida","Nocturna","Buen Tiempo","De alcance","S/D","Colisión","Material Suelto","Faltante","Línea divisoria pintada","Sin restricción"
2015,7219,30/05/2015,"Sabado",0,18:15:00,"Ruta Provincial 1","0.0",1,"Automóvil"," ",3,0,1,0,0,2,0,"-31.151444, -60.136230","Ruta",1,"CAMPO DEL MEDIO","Garay","Asfalto","Natural","VII","Fuera","Urbana","Ninguna","No existe","Recta","Bueno","Reducida","Atardecer","Buen Tiempo","Contra objeto fijo","S/D","Colisión","Ninguna","Faltante","Línea divisoria pintada","Sin restricción"
2015,7220,30/05/2015,"Sabado",0,19:10:00,,"0.0",1,"Moto/Ciclomotor","Scalabrini Ortiz Y Cordoba",1,0,0,0,0,1,0,"-31.741009, -61.102775","Avenida",,"SAN CARLOS CENTRO","Las Colonias","Ripio","No existe","XI","S/D","Urbana","Ninguna","No existe","Intersección","Bueno","Buena","Nocturna","Buen Tiempo","S/D","S/D","Despiste","S/D","Faltante","Ninguna","Sin restricción"
2015,7221,21/07/2015,"Martes",0,12:30:00,"Ruta Provincial 4","0.0",1,"Automóvil"," ",4,3,0,0,0,1,0,"-30.437221, -61.204931","Ruta",4,"SAN CRISTÓBAL","San Cristóbal","Asfalto","Natural","XIII","Fuera","Rural","Ninguna","No existe","Puente","Bueno","Buena","Diurna","Buen Tiempo","S/D","S/D","Vuelco","Ninguna","Horizontal","Ninguna","Sin restricción"
2015,7222,31/05/2015,"Domingo",0,17:20:00,"Ruta Nacional 11","672.0",1,"Camión"," ",3,0,2,0,0,1,0,"-29.905914, -60.290990","Ruta",11,"CALCHAQUÍ","Vera","Asfalto","S/D","XIX","S/D","Rural","Ninguna","No existe","S/D","Bueno","Buena","Diurna","Buen Tiempo","S/D","S/D","Vuelco","S/D","S/D","Línea divisoria pintada","Sin restricción"
2015,7224,22/07/2015,"Miercoles",0,19:30:00,"Ruta Secundaria 91-s","0.0",1,"Moto/Ciclomotor"," ",2,1,0,0,0,1,0,"-28.323326, -61.547393","Ruta","91-s","SANTA MARGARITA","9 de Julio","Ripio","No existe","XII","S/D","Rural","Ninguna","No existe","Recta","Ahuellamiento","Reducida polvo","Nocturna","Buen Tiempo","S/D","S/D","Caída ocupante","Ninguna","Faltante","Ninguna","Sin restricción"
2015,7225,31/05/2015,"Domingo",0,23:30:00,"Ruta Provincial 15","0.0",2,"Pickup/Utilitario,Automóvil"," ",5,3,1,0,0,1,0,"-32.794134, -61.619652","Ruta",15,"ARMSTRONG","Belgrano","Asfalto","No existe","III","Dentro","Rural","Ninguna","No existe","Recta","Bueno","Buena","Nocturna","Buen Tiempo","Lateral","S/D","Colisión","Ninguna","Faltante","Ninguna","Sin restricción"
2015,7226,26/07/2015,"Domingo",0,06:40:00,"Ruta Secundaria 97-s","0.0",2,"Moto/Ciclomotor,Moto/Ciclomotor","PARAJE LA BRITANICA ",4,2,0,0,0,2,0,"-28.844311, -59.562093","Ruta","97-s","LAS GARZAS","General Obligado","Asfalto","Natural","IX","Dentro","Rural","Ninguna","No existe","Recta","Con baches","Reducida","Nocturna","Niebla","Frontal","S/D","Colisión","Ninguna","Faltante","Línea divisoria pintada","Sin restricción"
2015,7227,28/07/2015,"Martes",0,00:10:00,,"0.0",2,"Moto/Ciclomotor,Automóvil","Av. Ovidio Lagos 4500",3,0,0,1,1,1,0,"-32.984702, -60.671699","Calle",,"ROSARIO","Rosario","Asfalto","No existe","II","Dentro","Urbana","Ninguna","No existe","Intersección","Bueno","Buena","Nocturna","Buen Tiempo","Otro","S/D","Colisión","Ninguna","Faltante","Cordón divisorio","Sin restricción"
2015,7228,28/07/2015,"Martes",0,05:30:00,"Autopista Provincial Brigadier E.López","111.0",2,"Automóvil,Camión"," ",2,0,0,0,1,1,0,"-31.951567, -60.943500","Autopista","Brigadier E.López","CORONDA","San Jerónimo","Asfalto","Natural","XV","Dentro","Rural","S/D","No existe","Recta","Deteriorada","Buena","Nocturna","Buen Tiempo","De alcance","S/D","Colisión","S/D","Horizontal","Vegetación","S/D"
2015,7229,17/06/2015,"Miercoles",0,08:30:00,,"0.0",2,"Moto/Ciclomotor,Automóvil","Cordoba Y Bv. Avellaneda",2,1,0,0,1,0,0,,"Calle",,"ROSARIO","Rosario","S/D","S/D","II","Dentro","Urbana","S/D","S/D","S/D","S/D","S/D","S/D","S/D","S/D","S/D","S/D","S/D","S/D","S/D","S/D"
2015,7230,27/07/2015,"Lunes",0,22:50:00,,"0.0",2,"Moto/Ciclomotor,Automóvil","R fournier Y Eva Peron",3,2,0,0,1,0,0,,"Calle",,"VILLA GOBERNADOR GÁLVEZ","Rosario","Asfalto","No existe","II","Dentro","Urbana","Ninguna","No existe","Intersección","Bueno","Buena","Nocturna,Con luz artificial","Buen Tiempo","Lateral","S/D","Colisión","Ninguna","Faltante","Ninguna","Sin restricción"
2015,7231,25/06/2015,"Jueves",0,13:00:00,,"0.0",2,"Moto/Ciclomotor,Automóvil","Bv. Avellaneda Y Av. Pellegrini",2,1,0,0,1,0,0,,"Calle",,"ROSARIO","Rosario","Asfalto","S/D","II","Dentro","Urbana","S/D","S/D","S/D","S/D","S/D","Diurna","S/D","S/D","S/D","Colisión","S/D","S/D","S/D","S/D"
2015,7232,26/06/2015,"Viernes",0,19:00:00,,"0.0",2,"Moto/Ciclomotor,Automóvil","San Luis Y Av. Ovidio Lagos",2,1,0,0,1,0,0,,"Calle",,"ROSARIO","Rosario","Asfalto","S/D","II","Dentro","Urbana","S/D","S/D","S/D","S/D","S/D","Nocturna","S/D","S/D","S/D","Colisión","S/D","S/D","S/D","S/D"
2015,7233,16/07/2015,"Jueves",0,11:00:00,,"0.0",2,"Pickup/Utilitario,Moto/Ciclomotor","Ing Mosconi Y Avellaneda",3,2,0,0,1,0,0,,"Calle",,"VILLA GOBERNADOR GÁLVEZ","Rosario","Asfalto","No existe","II","Dentro","Urbana","Ninguna","No existe","Intersección","Bueno","Buena","Diurna","Buen Tiempo","Otro","S/D","Colisión","Ninguna","Faltante","Ninguna","Sin restricción"
2015,7234,08/07/2015,"Miercoles",0,08:00:00,,"0.0",2,"Moto/Ciclomotor,Automóvil","Av Gral San Martin 2939",2,1,0,0,1,0,0,,"Calle",,"VILLA GOBERNADOR GÁLVEZ","Rosario","Asfalto","S/D","II","Dentro","Urbana","Ninguna","No existe","Recta","Bueno","Buena","Diurna","Buen Tiempo","Lateral","S/D","Colisión","Otro","Faltante","Ninguna","Sin restricción"
2015,7235,28/07/2015,"Martes",0,13:05:00,,"0.0",2,"Automóvil,Moto/Ciclomotor","Pellegrini Y San Nicolas",3,2,0,0,1,0,0,,"Calle",,"VILLA GOBERNADOR GÁLVEZ","Rosario","Asfalto","No existe","II","Dentro","Urbana","Ninguna","No existe","Intersección","Bueno","Buena","Diurna","Buen Tiempo","Lateral","S/D","Colisión","Ninguna","Faltante","S/D","Sin restricción"