"anio_acci","nro_acci","fecha","desc_dia","fecha_aprox","hora_aprox","desc_ruta","km","cant_participantes","desc_participante","calle_avenida_km","total","heridos_leves","heridos_graves","heridos_gravisimos","ilesos","fallecidos","sin_datos","posicion_XY","desc_tipo_via","desc_ruta_ori","desc_loc","desc_dpto","desc_tipo_calzada","desc_tipo_banquina","desc_unidad_regional","desc_lugar_calzada","desc_zona","desc_prioridad","desc_estado_semaforo","desc_lugar_via","desc_estado_via","desc_estado_visibilidad","desc_luminosidad","desc_estado_clima","desc_tipo_colision","desc_tipo_atropello","desc_tipo_hecho","desc_pres_calzada","desc_senializacion","desc_separacion_via","desc_restriccion"
2015,7236,04/07/2015,"Sabado",0,22:45:00,,"0.0",2,"Automóvil,Camión","Eva Peron Y Garay",3,1,0,0,2,0,0,,"Calle",,"VILLA GOBERNADOR GÁLVEZ","Rosario","Asfalto","No existe","II","Dentro","Urbana","Ninguna","No existe","Recta","Deteriorada","Buena","Nocturna","Buen Tiempo","Lateral","S/D","Colisión","Otro","Faltante","Ninguna","Sin restricción"
2015,7237,17/07/2015,"Viernes",0,00:45:00,,"0.0",2,"Automóvil,Pickup/Utilitario","Eva Peron Y Pasteur",2,1,0,0,1,0,0,,"Calle",,"VILLA GOBERNADOR GÁLVEZ","Rosario","Asfalto","No existe","II","Dentro","Urbana","Ninguna","No existe","Intersección","Bueno","Buena","Nocturna,Con luz artificial","Buen Tiempo","Lateral","S/D","Colisión","S/D","Faltante","Ninguna","Sin restricción"
2015,7238,24/07/2015,"Viernes",0,20:20:00,,"0.0",2,"Automóvil,Moto/Ciclomotor","Av Gral San Martin Y Av de Circunvalacion",3,2,0,0,1,0,0,,"Calle",,"VILLA GOBERNADOR GÁLVEZ","Rosario","Asfalto","Natural","II","Dentro","Urbana","Ninguna","No existe","Intersección","Bueno","Buena","Nocturna,Con luz artificial","Buen Tiempo","Otro","S/D","Colisión","Ninguna","Faltante","Barrera de hormigón","Sin restricción"
2015,7239,25/07/2015,"Sabado",0,22:30:00,,"0.0",2,"Automóvil,Moto/Ciclomotor","Bv San diego Y Av Filipini",3,2,0,0,1,0,0,,"Calle",,"VILLA GOBERNADOR GÁLVEZ","Rosario","Asfalto","No existe","II","Dentro","Urbana","Ninguna","Funciona","Intersección","Bueno","Buena","Nocturna,Con luz artificial","Buen Tiempo","Otro","S/D","Colisión","Ninguna","Faltante","Ninguna","Sin restricción"
2015,7240,18/07/2015,"Sabado",0,14:38:00,,"0.0",2,"Moto/Ciclomotor,Moto/Ciclomotor","Av Gral San Martin Y Av de Circunvalacion",2,2,0,0,0,0,0,,"Avenida",,"VILLA GOBERNADOR GÁLVEZ","Rosario","Asfalto","No existe","II","Dentro","Urbana","Ninguna","Funciona","Recta","Bueno","Buena","Diurna","Buen Tiempo","Lateral","S/D","Colisión","S/D","Faltante","Ninguna","Sin restricción"
2015,7241,18/07/2015,"Sabado",0,22:00:00,,"0.0",2,"Moto/Ciclomotor,Automóvil","Av Gral San Martin 2100",3,2,0,0,1,0,0,,"Avenida",,"VILLA GOBERNADOR GÁLVEZ","Rosario","Asfalto","No existe","II","Dentro","Urbana","Ninguna","No existe","Recta","Bueno","Buena","Nocturna,Con luz artificial","Buen Tiempo","De alcance","S/D","Colisión","S/D","Faltante","Ninguna","Sin restricción"
2015,7242,19/07/2015,"Domingo",0,23:40:00,,"0.0",2,"Moto/Ciclomotor,Automóvil","Av Gral San Martin Y Moreno",2,1,0,0,1,0,0,,"Avenida",,"VILLA GOBERNADOR GÁLVEZ","Rosario","Asfalto","No existe","II","Dentro","Urbana","Ninguna","No existe","Recta","Bueno","Reducida","Nocturna","Buen Tiempo","Lateral","S/D","Colisión","S/D","Faltante","Ninguna","Sin restricción"
2015,7243,12/07/2015,"Domingo",0,07:15:00,,"0.0",2,"Moto/Ciclomotor,Automóvil","20 de Junio Y Ingeniero White",2,1,0,0,1,0,0,,"Calle",,"VILLA GOBERNADOR GÁLVEZ","Rosario","Asfalto","No existe","II","Dentro","Urbana","Ninguna","No existe","Intersección","Bueno","Buena","Amanecer","Buen Tiempo","Lateral","S/D","Colisión","S/D","Faltante","Ninguna","Sin restricción"
2015,7244,14/07/2015,"Martes",0,19:15:00,,"0.0",2,"Moto/Ciclomotor,Automóvil","Av Gral San Martin Y Av Leandro Alem",3,2,0,0,1,0,0,,"Avenida",,"VILLA GOBERNADOR GÁLVEZ","Rosario","Asfalto","No existe","II","Dentro","Urbana","Ninguna","S/D","Recta","Bueno","Buena","Nocturna","Buen Tiempo","Lateral","S/D","Colisión","S/D","S/D","Ninguna","Sin restricción"
2015,7245,05/07/2015,"Domingo",0,03:30:00,,"0.0",2,"Moto/Ciclomotor,Automóvil","Av Gral San Martin Y Bv San diego",2,1,0,0,1,0,0,,"Avenida",,"VILLA GOBERNADOR GÁLVEZ","Rosario","Asfalto","S/D","II","Dentro","Urbana","Semáforo","Funciona","Intersección","Bueno","Buena","Nocturna,Con luz artificial","Buen Tiempo","Lateral","S/D","Colisión","S/D","Faltante","S/D","Sin restricción"
2015,7246,06/07/2015,"Lunes",0,16:55:00,,"0.0",2,"Moto/Ciclomotor,Taxi/Remis","Rivadavia Y Bv San diego",2,1,0,0,1,0,0,,"Avenida",,"VILLA GOBERNADOR GÁLVEZ","Rosario","Asfalto","S/D","II","Dentro","Urbana","S/D","No existe","Intersección","Bueno","Buena","Diurna","S/D","Lateral","S/D","Colisión","S/D","S/D","Ninguna","S/D"
2015,7247,10/03/2015,"Martes",0,07:35:00,"Ruta Provincial 18","6.0",2,"Moto/Ciclomotor,Automóvil"," ",2,1,0,0,1,0,0,,"Ruta",18,"ALVEAR","Rosario","Hormigón","S/D","II","Dentro","S/D","S/D","S/D","S/D","S/D","S/D","Diurna","S/D","S/D","S/D","Colisión","S/D","S/D","S/D","S/D"
2015,7248,11/03/2015,"Miercoles",0,,"Ruta Provincial 10","0.0",2,"Camión,Tren"," ",2,0,0,0,0,0,2,,"Ruta",10,"PUERTO SAN MARTÍN","San Lorenzo","S/D","S/D","XVII","S/D","S/D","S/D","S/D","Paso a Nivel FFCC","S/D","S/D","S/D","S/D","Lateral","S/D","Colisión","S/D","S/D","S/D","S/D"
2015,7249,23/03/2015,"Lunes",0,19:00:00,"Ruta Nacional 19","98.0",2,"Pickup/Utilitario,Camión"," ",3,1,0,0,2,0,0,,"Ruta",19,"ESTACIÓN CLUCELLAS","Castellanos","Hormigón","Natural","V","Dentro","Urbana","S/D","S/D","Recta","S/D","S/D","Atardecer","S/D","S/D","S/D","Colisión","S/D","S/D","S/D","S/D"
2015,7250,31/03/2015,"Martes",0,02:35:00,"Autopista Nacional Rosario -Cordoba","362.0",2,"Camión,Camión"," ",2,1,0,0,1,0,0,,"Autopista","Rosario -Cordoba","CORREA","Iriondo","Hormigón","S/D","X","Dentro","S/D","S/D","S/D","Recta","S/D","S/D","Nocturna","S/D","De alcance","S/D","Colisión","S/D","S/D","S/D","S/D"
2015,7251,01/03/2015,"Domingo",0,21:15:00,"Ruta Nacional 33","632.0",1,"Moto/Ciclomotor"," ",1,1,0,0,0,0,0,,"Ruta",33,"VENADO TUERTO","General López","Hormigón","S/D","VIII","S/D","S/D","S/D","S/D","S/D","S/D","S/D","Nocturna","S/D","S/D","S/D","Caída ocupante","S/D","S/D","S/D","S/D"
2015,7252,09/07/2015,"Jueves",0,23:45:00,,"0.0",2,"Taxi/Remis,Automóvil","Rioja Y Dorrego",2,1,0,0,1,0,0,,"Calle",,"ROSARIO","Rosario","Asfalto","S/D","II","Dentro","Urbana","Ninguna","No existe","Intersección","Bueno","Reducida","Nocturna,Con luz artificial","Buen Tiempo","Lateral","S/D","Colisión","S/D","Faltante","Cordón divisorio","Sin restricción"
2015,7253,08/07/2015,"Miercoles",0,20:25:00,,"0.0",4,"Automóvil,Automóvil,Pickup/Utilitario,Automóvil","Sarmiento Y Av. Pellegrini",9,5,0,0,4,0,0,,"Calle",,"ROSARIO","Rosario","Asfalto","S/D","II","Dentro","Urbana","S/D","Funciona","Recta","Bueno","Buena","Nocturna,Con luz artificial","Buen Tiempo","Múltiple","S/D","Colisión","S/D","Vertical","Cordón divisorio","Sin restricción"
2015,7254,24/07/2015,"Viernes",0,,,"0.0",2,"Automóvil,Pickup/Utilitario"," ",4,1,0,0,3,0,0,,"Calle",,"SUNCHALES","Castellanos","Tierra","No existe","V","Fuera","Rural","Ninguna","S/D","Intersección","Bueno","Buena","Diurna","Buen Tiempo","S/D","S/D","Colisión","Ninguna","Faltante","Ninguna","Sin restricción"
2015,7255,27/07/2015,"Lunes",0,10:30:00,,"0.0",2,"Moto/Ciclomotor,Automóvil","Av Italia 252",2,1,1,0,0,0,0,,"Calle",,"RAFAELA","Castellanos","Asfalto","No existe","V","S/D","Urbana","Ninguna","No existe","Recta","Bueno","Buena","Diurna","Buen Tiempo","S/D","S/D","Colisión","Ninguna","Faltante","Ninguna","Sin restricción"
2015,7256,05/07/2015,"Domingo",0,22:30:00,,"0.0",2,"Moto/Ciclomotor,Automóvil","Falucho Y Dentesano",2,1,0,0,1,0,0,,"Calle",,"SUNCHALES","Castellanos","Asfalto","S/D","V","Dentro","Urbana","Ninguna","No existe","Intersección","Bueno","Buena","Nocturna","Buen Tiempo","Frontal","S/D","Colisión","Ninguna","S/D","Ninguna","Sin restricción"
2015,7257,06/07/2015,"Lunes",0,14:30:00,,"0.0",2,"Automóvil,Moto/Ciclomotor","Balcarce Y Salta",2,1,0,0,1,0,0,,"Calle",,"ROSARIO","Rosario","Asfalto","No existe","II","Dentro","Urbana","Ninguna","No existe","Intersección","Bueno","Buena","Diurna","Buen Tiempo","Lateral","S/D","Colisión","S/D","Faltante","Ninguna","Sin restricción"
2015,7258,07/06/2015,"Domingo",0,17:00:00,,"0.0",2,"Moto/Ciclomotor,Automóvil","Tucuman Y Bv. Oroño",3,1,1,0,1,0,0,,"Avenida",,"ROSARIO","Rosario","Asfalto","No existe","II","Dentro","Urbana","Ninguna","No existe","Intersección","S/D","Buena","Diurna","Buen Tiempo","Lateral","S/D","Colisión","S/D","Faltante","Ninguna","Sin restricción"
2015,7259,10/06/2015,"Miercoles",0,13:35:00,,"0.0",2,"Automóvil,Moto/Ciclomotor","Bv. Oroño Y Catamarca",2,0,1,0,1,0,0,,"Avenida",,"ROSARIO","Rosario","Asfalto","No existe","II","Dentro","Urbana","Ninguna","No existe","Intersección","Bueno","Buena","Diurna","Buen Tiempo","Lateral","S/D","Colisión","S/D","Faltante","Ninguna","Sin restricción"
2015,7260,15/06/2015,"Lunes",0,08:50:00,,"0.0",2,"Taxi/Remis,Moto/Ciclomotor","San Lorenzo Y Sarmiento",2,1,0,0,1,0,0,,"Avenida",,"ROSARIO","Rosario","Asfalto","No existe","II","Dentro","Urbana","Ninguna","No existe","Intersección","Bueno","S/D","Diurna","Buen Tiempo","Frontal","S/D","Colisión","S/D","Faltante","S/D","Sin restricción"
2015,7261,29/06/2015,"Lunes",0,23:00:00,,"0.0",2,"Taxi/Remis,Peatón","Urquiza Y Maipu",2,1,0,0,1,0,0,,"Calle",,"ROSARIO","Rosario","Asfalto","S/D","II","Dentro","Urbana","Ninguna","S/D","Intersección","Bueno","S/D","Nocturna","Buen Tiempo","S/D","S/D","Atropello","S/D","Faltante","Ninguna","Sin restricción"
2015,7262,05/07/2015,"Domingo",0,00:15:00,,"0.0",2,"Automóvil,Moto/Ciclomotor","Av. Ntra.Sra.del Rosario 400",3,1,0,0,2,0,0,,"Avenida",,"ROSARIO","Rosario","Asfalto","Natural","II","S/D","Urbana","Semáforo","Funciona","Intersección","Bueno","Buena","Nocturna","Buen Tiempo","S/D","S/D","Colisión","S/D","Vertical","Ninguna","Sin restricción"
2015,7263,04/09/2015,"Viernes",0,13:10:00,,"0.0",2,"Automóvil,Moto/Ciclomotor","Av. Battle y Ordoñez Y Pueyrredon",2,1,0,0,1,0,0,,"S/D",,"ROSARIO","Rosario","Asfalto","Pavimento","II","Dentro","Urbana","Ninguna","No existe","Recta","Bueno","Buena","Diurna","Buen Tiempo","Lateral","S/D","Colisión","S/D","Faltante","Ninguna","Sin restricción"
2015,7264,29/07/2015,"Miercoles",0,10:00:00,,"0.0",2,"Moto/Ciclomotor,Pickup/Utilitario","Corrientes ",3,2,0,0,1,0,0,,"Calle",,"VILLA GOBERNADOR GÁLVEZ","Rosario","Asfalto","No existe","II","Dentro","Urbana","Marca Vial","No existe","Recta","Con baches","Buena","Diurna","Buen Tiempo","De alcance","S/D","Colisión","S/D","Vertical","Guardarrail","Sin restricción"
2015,7265,07/07/2015,"Martes",0,17:45:00,,"0.0",2,"Automóvil,Moto/Ciclomotor","Av. Ovidio Lagos Y Mar Chiquita",3,2,0,0,1,0,0,,"Avenida",,"ROSARIO","Rosario","Asfalto","Natural","II","Dentro","Urbana","Ninguna","No existe","Intersección","Bueno","Buena","Diurna","Buen Tiempo","Frontal","S/D","Colisión","S/D","Faltante","Ninguna","Sin restricción"
2015,7266,27/07/2015,"Lunes",0,10:00:00,,"0.0",2,"Moto/Ciclomotor,Automóvil","Av. Corrientes Y Uruguay",3,2,0,0,1,0,0,,"Calle",,"ROSARIO","Rosario","Asfalto","No existe","II","Dentro","Urbana","Ninguna","No existe","Intersección","Bueno","Buena","Diurna","Buen Tiempo","Lateral","S/D","Colisión","S/D","Faltante","Ninguna","Sin restricción"
2015,7267,01/07/2015,"Miercoles",0,14:00:00,,"0.0",2,"Camión,Moto/Ciclomotor","MONTE FLORES Y CALLE PUBLICA",2,1,0,0,1,0,0,,"Calle",,"ALVEAR","Rosario","Ripio","No existe","II","Dentro","Urbana","Ninguna","No existe","Intersección","Bueno","Buena","Diurna","Buen Tiempo","Lateral","S/D","Colisión","S/D","Faltante","Ninguna","Sin restricción"
2015,7268,11/09/2015,"Viernes",0,00:40:00,,"0.0",1,"Moto/Ciclomotor","Av. Circunvalacion Y Bv. Avellaneda",1,1,0,0,0,0,0,,"Avenida",,"ROSARIO","Rosario","Asfalto","Pavimento","II","Dentro","Urbana","Ninguna","No existe","Recta","Bueno","Buena","Nocturna","Buen Tiempo","Contra objeto fijo","S/D","Colisión","S/D","Faltante","Ninguna","Sin restricción"
2015,7269,23/09/2015,"Miercoles",0,05:15:00,,"0.0",2,"Automóvil,Automóvil","Av. Ovidio Lagos Y Av. Circunvalacion",3,1,0,0,2,0,0,,"Avenida",,"ROSARIO","Rosario","Asfalto","S/D","II","Dentro","Urbana","Semáforo","Funciona","Intersección","Bueno","Buena","Nocturna","Buen Tiempo","De alcance","S/D","Colisión","S/D","Faltante","Ninguna","S/D"
2015,7270,18/07/2015,"Sabado",0,15:00:00,,"0.0",2,"Automóvil,Moto/Ciclomotor","Roma Y Rivadavia",5,1,0,0,4,0,0,,"Calle",,"ALVEAR","Rosario","Ripio","No existe","II","Dentro","Urbana","Ninguna","No existe","Intersección","Bueno","Buena","Diurna","Buen Tiempo","Lateral","S/D","Colisión","S/D","Faltante","Ninguna","Sin restricción"
2015,7271,06/07/2015,"Lunes",0,14:50:00,"Ruta Provincial 18","2.0",2,"Automóvil,Peatón"," ",3,0,1,0,2,0,0,,"Ruta",18,"PIÑERO","Rosario","Asfalto","Ripio","II","Dentro","Rural","Ninguna","No existe","Recta","Bueno","Buena","Diurna","Buen Tiempo","Frontal","S/D","Atropello","S/D","Horizontal","Línea divisoria pintada","Sin restricción"
2015,7272,08/07/2015,"Miercoles",0,12:00:00,,"0.0",2,"Moto/Ciclomotor,Moto/Ciclomotor","Gorriti Y Campbell",2,2,0,0,0,0,0,,"Calle",,"ROSARIO","Rosario","S/D","No existe","II","Dentro","Urbana","Ninguna","No existe","Intersección","S/D","S/D","Diurna","S/D","S/D","S/D","Colisión","S/D","Faltante","Ninguna","Sin restricción"
2015,7273,08/07/2015,"Miercoles",0,,,"0.0",2,"Automóvil,Automóvil","Bv. Wilde Y Av. Eva Peron",2,1,0,0,1,0,0,,"Calle",,"ROSARIO","Rosario","Asfalto","No existe","II","Dentro","Urbana","Ninguna","No existe","Rotonda","Bueno","Buena","Diurna","Buen Tiempo","Lateral","S/D","Colisión","S/D","Faltante","Ninguna","Sin restricción"
2015,7274,15/07/2015,"Miercoles",0,,,"0.0",2,"Automóvil,Moto/Ciclomotor","Cordoba Y Donado",2,1,0,0,1,0,0,,"Calle",,"ROSARIO","Rosario","Asfalto","S/D","II","Dentro","Urbana","Ninguna","No existe","Intersección","Bueno","Buena","Diurna","Buen Tiempo","S/D","S/D","Colisión","S/D","S/D","Cordón divisorio","Sin restricción"
2015,7275,24/07/2015,"Viernes",0,21:15:00,,"0.0",1,," ",2,1,0,0,1,0,0,,"Avenida",,"ROSARIO","Rosario","Asfalto","Pavimento","II","S/D","Urbana","Semáforo","Funciona","Intersección","Bueno","Buena","Nocturna","Buen Tiempo","Frontal","S/D","Colisión","S/D","Vertical","Ninguna","Sin restricción"
2015,7276,24/07/2015,"Viernes",0,07:35:00,"Ruta Nacional 34","257.0",2,"Peatón,Automóvil"," ",2,1,0,0,1,0,0,,"Ruta",34,"SUNCHALES","Castellanos","Hormigón","Pavimento","V","Dentro","Urbana","Ninguna","No existe","Recta","Bueno","Buena","Diurna","Buen Tiempo","S/D","S/D","Atropello","S/D","Faltante","Línea divisoria pintada","Sin restricción"
2015,7277,23/07/2015,"Jueves",0,21:50:00,,"0.0",2,"Taxi/Remis,Peatón","Servando Bayo Y Urquiza",2,1,0,0,1,0,0,,"Calle",,"ROSARIO","Rosario","Asfalto","No existe","II","Dentro","Urbana","Ninguna","No existe","Intersección","S/D","S/D","Nocturna","S/D","Lateral","S/D","Atropello","S/D","Faltante","Ninguna","Sin restricción"
2015,7278,24/07/2015,"Viernes",0,21:15:00,,"0.0",1,"Automóvil","Av. Circunvalacion Y Av. Uriburu",2,1,0,0,1,0,0,,"Avenida",,"ROSARIO","Rosario","Asfalto","Pavimento","II","S/D","Urbana","Semáforo","Funciona","Intersección","Bueno","Buena","Nocturna","Buen Tiempo","Frontal","S/D","Colisión","S/D","Vertical","Ninguna","Sin restricción"
2015,7279,11/07/2015,"Sabado",0,11:00:00,,"0.0",2,"Moto/Ciclomotor,Moto/Ciclomotor","Roullon Y Esquivel",2,1,0,0,1,0,0,,"Calle",,"ROSARIO","Rosario","Asfalto","No existe","II","Dentro","Urbana","Ninguna","No existe","Intersección","Bueno","S/D","Diurna","S/D","Lateral","S/D","Colisión","S/D","Faltante","Ninguna","Sin restricción"
2015,7280,09/07/2015,"Jueves",0,13:15:00,,"0.0",2,"Moto/Ciclomotor,Automóvil","Junin Y Campbell",2,1,0,0,1,0,0,,"Calle",,"ROSARIO","Rosario","Asfalto","No existe","II","Dentro","Urbana","Ninguna","No existe","Intersección","S/D","S/D","Diurna","S/D","Lateral","S/D","S/D","S/D","Faltante","Ninguna","Sin restricción"
2015,7281,01/07/2015,"Miercoles",0,,,"0.0",2,"Automóvil,Moto/Ciclomotor","La Republica 8900",2,1,0,0,0,0,1,,"Calle",,"ROSARIO","Rosario","Asfalto","Pavimento","II","S/D","Urbana","Ninguna","No existe","Intersección","Bueno","Buena","S/D","Buen Tiempo","Lateral","S/D","Colisión","Ninguna","S/D","Ninguna","Sin restricción"
2015,7282,03/07/2015,"Viernes",0,,,"0.0",2,"Moto/Ciclomotor,Automóvil","Bv. Wilde Y Jose Ingenieros",2,1,0,0,1,0,0,,"Calle",,"ROSARIO","Rosario","Asfalto","No existe","II","Dentro","Urbana","S/D","No existe","Intersección","Bueno","S/D","S/D","S/D","Lateral","S/D","S/D","Ninguna","S/D","S/D","Sin restricción"
2015,7283,05/07/2015,"Domingo",0,,,"0.0",2,"Moto/Ciclomotor,Automóvil","La Republica Y Sarratea Bis",4,1,2,0,1,0,0,,"Calle",,"ROSARIO","Rosario","Asfalto","No existe","II","Dentro","Urbana","Ninguna","No existe","Intersección","Bueno","Buena","Diurna","Buen Tiempo","Lateral","S/D","Colisión","Material Suelto","Faltante","S/D","Sin restricción"
2015,7284,16/07/2015,"Jueves",0,,,"0.0",2,"Bicicleta,Automóvil","Navarro Y Av. Provincias Unidas",3,2,0,0,1,0,0,,"Calle",,"ROSARIO","Rosario","Asfalto","No existe","II","Dentro","Urbana","Ninguna","No existe","Intersección","Bueno","Buena","Diurna","Buen Tiempo","S/D","S/D","Atropello","S/D","Faltante","Cordón divisorio","Sin restricción"
2015,7285,15/07/2015,"Miercoles",0,,,"0.0",2,"Automóvil,Moto/Ciclomotor","Mejico Y Cabildo",2,1,0,0,1,0,0,,"Calle",,"ROSARIO","Rosario","Asfalto","No existe","II","Dentro","Urbana","Ninguna","No existe","Intersección","Bueno","Buena","Diurna","Buen Tiempo","Lateral","S/D","Colisión","Ninguna","Faltante","Ninguna","Sin restricción"
2015,7286,26/04/2015,"Domingo",0,17:00:00,,"0.0",2,"Peatón,Moto/Ciclomotor","Bv. Avellaneda Y Lamadrid",3,1,0,0,0,0,2,,"Calle",,"ROSARIO","Rosario","S/D","S/D","II","Dentro","Urbana","S/D","S/D","S/D","S/D","S/D","Diurna","S/D","S/D","S/D","Atropello","S/D","S/D","S/D","S/D"
2015,7287,01/05/2015,"Viernes",0,,"Autopista Provincial Brigadier E.López","154.0",3,"Camión,Automóvil,Automóvil"," ",3,1,0,0,2,0,0,,"Autopista","Brigadier E.López","SANTO TOMÉ","La Capital","S/D","Natural","I","Dentro","Rural","S/D","S/D","S/D","S/D","S/D","S/D","S/D","Múltiple","S/D","Colisión","S/D","S/D","Vegetación","S/D"
2015,7288,01/05/2015,"Viernes",0,22:00:00,"Ruta Nacional 34","28.0",1,"Transporte de Pasajeros"," ",2,1,0,0,1,0,0,,"Ruta",34,"LUIS PALACIOS","San Lorenzo","Hormigón","Natural","XVII","Dentro","Urbana","S/D","S/D","S/D","S/D","S/D","Nocturna","S/D","S/D","S/D","Despiste","S/D","S/D","S/D","S/D"
2015,7289,08/05/2015,"Viernes",0,10:05:00,,"0.0",2,"Moto/Ciclomotor,Moto/Ciclomotor","Teniente Loza Y Reuteman",3,1,0,0,2,0,0,,"Calle",,"SANTA FE","La Capital","Hormigón","S/D","I","Dentro","Urbana","S/D","S/D","Intersección","S/D","S/D","Diurna","S/D","Lateral","S/D","Colisión","S/D","S/D","S/D","S/D"
2015,7290,18/12/2015,"Viernes",0,,,"0.0",2,"Pickup/Utilitario,Moto/Ciclomotor","Av Roque Saenz Pe±a Y 1ro de Mayo",2,0,0,0,1,1,0,"-31.247254, -61.478410","Calle",,"RAFAELA","Castellanos","Hormigón","S/D","V","Dentro","Urbana","S/D","No existe","Rotonda","Deteriorada","Buena","Diurna","S/D","S/D","S/D","S/D","Ninguna","S/D","S/D","S/D"
2015,7291,18/07/2015,"Sabado",0,,,"0.0",2,"Moto/Ciclomotor,Pickup/Utilitario","Nicaragua Y French",3,2,0,0,1,0,0,,"Calle",,"ROSARIO","Rosario","Asfalto","No existe","II","Dentro","Urbana","Ninguna","No existe","Intersección","Bueno","Buena","Diurna","Buen Tiempo","Lateral","S/D","Colisión","S/D","Faltante","Ninguna","Sin restricción"
2015,7292,29/07/2015,"Miercoles",0,,,"0.0",2,"Bicicleta,Automóvil","Venezuela Y French",2,1,0,0,1,0,0,,"Calle",,"ROSARIO","Rosario","Asfalto","No existe","II","Dentro","Urbana","Ninguna","No existe","Intersección","Bueno","Buena","Diurna","Buen Tiempo","Lateral","S/D","Atropello","S/D","S/D","Ninguna","Sin restricción"
2015,7293,08/07/2015,"Miercoles",0,14:35:00,,"0.0",2,"Peatón,Automóvil","Solis ",3,1,0,0,2,0,0,,"Calle",,"ROSARIO","Rosario","Asfalto","No existe","II","Dentro","Urbana","Ninguna","No existe","Recta","S/D","S/D","Diurna","S/D","De alcance","S/D","Atropello","S/D","Faltante","S/D","Sin restricción"
2015,7294,20/07/2015,"Lunes",0,13:30:00,,"0.0",2,"Automóvil,Moto/Ciclomotor","España Y 9 De Julio",2,1,0,0,1,0,0,,"Calle",,"ROSARIO","Rosario","Asfalto","S/D","II","Dentro","Urbana","Ninguna","No existe","Intersección","Bueno","Buena","Diurna","Buen Tiempo","Lateral","S/D","Colisión","S/D","Faltante","Cordón divisorio","Sin restricción"
2015,7295,16/07/2015,"Jueves",0,15:30:00,,"0.0",2,"Moto/Ciclomotor,Taxi/Remis","Mendoza Y Dorrego",2,1,0,0,1,0,0,,"Calle",,"ROSARIO","Rosario","Asfalto","S/D","II","Dentro","Urbana","Semáforo","Funciona","Intersección","Bueno","Buena","Diurna","Buen Tiempo","Lateral","S/D","Colisión","S/D","Vertical","Cordón divisorio","Sin restricción"
2015,7296,17/07/2015,"Viernes",0,21:30:00,,"0.0",2,"Automóvil,Automóvil","L.N.Alem Y E.Zeballos",2,1,0,0,1,0,0,,"Calle",,"ROSARIO","Rosario","Asfalto","S/D","II","Dentro","Urbana","S/D","S/D","Intersección","Bueno","S/D","Nocturna","S/D","Lateral","S/D","Colisión","S/D","S/D","Cordón divisorio","S/D"
2015,7297,17/07/2015,"Viernes",0,16:45:00,,"0.0",2,"Bicicleta,Automóvil","San Lorenzo Y Pte.Roca",2,1,0,0,0,0,1,,"Calle",,"ROSARIO","Rosario","Asfalto","S/D","II","Dentro","Urbana","Señal Pare","S/D","Intersección","Bueno","Buena","Con luz artificial","Buen Tiempo","S/D","S/D","Atropello","S/D","Faltante","Ninguna","Sin restricción"
2015,7298,24/07/2015,"Viernes",0,13:55:00,,"0.0",2,"Bicicleta,Automóvil","Pte.Roca 300",2,1,0,0,0,0,1,,"Calle",,"ROSARIO","Rosario","Asfalto","S/D","II","S/D","Urbana","S/D","S/D","Recta","Bueno","Buena","Diurna","Buen Tiempo","S/D","S/D","Atropello","S/D","S/D","S/D","S/D"
2015,7299,23/07/2015,"Jueves",0,12:00:00,,"0.0",1,"Transporte de Pasajeros Urbano (> 8 asientos)","Bv. Oroño Y San Lorenzo",1,1,0,0,0,0,0,,"Calle",,"ROSARIO","Rosario","Asfalto","S/D","II","Dentro","Urbana","S/D","S/D","Intersección","Bueno","Buena","Diurna","Buen Tiempo","S/D","S/D","Caída ocupante","S/D","S/D","Ninguna","S/D"
2015,7300,06/07/2015,"Lunes",0,15:30:00,,"0.0",2,"Moto/Ciclomotor,Automóvil","Alvear Y Guemes",2,1,0,0,0,0,1,,"Avenida",,"ROSARIO","Rosario","Asfalto","S/D","II","Dentro","Urbana","S/D","S/D","Intersección","Bueno","Buena","Diurna","Buen Tiempo","Lateral","S/D","Colisión","S/D","S/D","Ninguna","S/D"
2015,7301,22/07/2015,"Miercoles",0,08:25:00,,"0.0",2,"Peatón,Moto/Ciclomotor","Av. Wheelwright Y Av. Corrientes",2,2,0,0,0,0,0,,"Avenida",,"ROSARIO","Rosario","Asfalto","S/D","II","Dentro","Urbana","S/D","S/D","Intersección","Bueno","Buena","Con luz artificial","Buen Tiempo","S/D","S/D","Atropello","S/D","S/D","Ninguna","Sin restricción"
2015,7302,25/07/2015,"Sabado",0,09:00:00,,"0.0",2,"Automóvil,Moto/Ciclomotor","Av. Illia 1000",2,1,0,0,0,0,1,,"Calle",,"ROSARIO","Rosario","Asfalto","S/D","II","Dentro","Urbana","S/D","S/D","Intersección","Bueno","Buena","Nocturna,Con luz artificial","Buen Tiempo","S/D","S/D","S/D","S/D","S/D","Ninguna","Sin restricción"
2015,7303,01/08/2015,"Sabado",0,02:45:00,,"0.0",2,"Moto/Ciclomotor,Moto/Ciclomotor","Av Estrugamou Y Lopez",2,1,1,0,0,0,0,,"Calle",,"VENADO TUERTO","General López","Asfalto","No existe","VIII","Dentro","Urbana","S/D","Funciona","Intersección","Bueno","Buena","Nocturna,Con luz artificial","S/D","S/D","S/D","Colisión","S/D","S/D","S/D","S/D"
2015,7304,31/08/2015,"Lunes",0,17:30:00,,"0.0",2,"Peatón,Moto/Ciclomotor","3 de Febrero Y Bernardino Rivadavia",2,0,1,0,1,0,0,,"Calle",,"VENADO TUERTO","General López","Asfalto","No existe","VIII","Dentro","Urbana","S/D","No existe","Intersección","Bueno","Buena","Diurna","S/D","S/D","S/D","Atropello","S/D","S/D","S/D","S/D"