"anio_acci","nro_acci","fecha","desc_dia","fecha_aprox","hora_aprox","desc_ruta","km","cant_participantes","desc_participante","calle_avenida_km","total","heridos_leves","heridos_graves","heridos_gravisimos","ilesos","fallecidos","sin_datos","posicion_XY","desc_tipo_via","desc_ruta_ori","desc_loc","desc_dpto","desc_tipo_calzada","desc_tipo_banquina","desc_unidad_regional","desc_lugar_calzada","desc_zona","desc_prioridad","desc_estado_semaforo","desc_lugar_via","desc_estado_via","desc_estado_visibilidad","desc_luminosidad","desc_estado_clima","desc_tipo_colision","desc_tipo_atropello","desc_tipo_hecho","desc_pres_calzada","desc_senializacion","desc_separacion_via","desc_restriccion"
2015,7305,19/08/2015,"Miercoles",0,06:50:00,"Ruta Nacional 8","0.0",2,"Moto/Ciclomotor,Automóvil","Bartolome Mitre ",2,1,0,0,1,0,0,,"Ruta",8,"VENADO TUERTO","General López","Asfalto","No existe","VIII","Dentro","Urbana","S/D","Funciona","Intersección","Bueno","Buena","Diurna","S/D","S/D","S/D","Colisión","S/D","S/D","S/D","S/D"
2015,7306,20/08/2015,"Jueves",0,13:50:00,,"0.0",2,"Pickup/Utilitario,Moto/Ciclomotor","Guillermo Brown Y Cornelio Saavedra",2,1,0,0,1,0,0,,"Calle",,"VENADO TUERTO","General López","Asfalto","No existe","VIII","Dentro","Urbana","S/D","No existe","Intersección","Bueno","Buena","Diurna","S/D","S/D","S/D","Colisión","S/D","S/D","S/D","S/D"
2015,7307,23/08/2015,"Domingo",0,,"Ruta Nacional 8","0.0",2,"Moto/Ciclomotor,Transporte de Pasajeros Urbano (> 8 asientos)","Roque Saenz Peña Y Ruta Nac 8",2,1,0,0,1,0,0,,"Ruta",8,"VENADO TUERTO","General López","Asfalto,Hormigón","No existe","VIII","Dentro","Urbana","S/D","Funciona","Intersección","Bueno","Buena","S/D","S/D","S/D","S/D","S/D","S/D","S/D","S/D","S/D"
2015,7308,25/08/2015,"Martes",0,07:30:00,,"0.0",2,"Moto/Ciclomotor,Moto/Ciclomotor","Santa Fe Y Maipu",3,1,0,0,2,0,0,,"Avenida",,"VENADO TUERTO","General López","Asfalto","No existe","VII","Dentro","Urbana","S/D","No existe","Intersección","Bueno","Buena","Diurna","S/D","Lateral","S/D","Colisión","S/D","S/D","S/D","S/D"
2015,7309,25/08/2015,"Martes",0,,,"0.0",2,"Moto/Ciclomotor,Pickup/Utilitario","Juan Jose Castelli Y Guillermo Brown",2,1,0,0,1,0,0,,"Calle",,"VENADO TUERTO","General López","Asfalto","No existe","VIII","Dentro","Urbana","S/D","No existe","Intersección","Bueno","Buena","S/D","S/D","S/D","S/D","S/D","S/D","S/D","S/D","S/D"
2015,7310,26/08/2015,"Miercoles",0,,,"0.0",2,"Automóvil,Moto/Ciclomotor","Av Dr Luis Chapuis Y Piacenza",2,1,0,0,1,0,0,,"Avenida",,"VENADO TUERTO","General López","Asfalto","No existe","VIII","Dentro","Urbana","S/D","No existe","Intersección","Bueno","Buena","Diurna","S/D","S/D","S/D","S/D","S/D","S/D","S/D","S/D"
2015,7311,28/08/2015,"Viernes",0,,,"0.0",2,"Moto/Ciclomotor,Pickup/Utilitario","Junin Y Velez Sarsfield",2,0,1,0,1,0,0,,"Calle",,"VENADO TUERTO","General López","Asfalto","No existe","VIII","Dentro","Urbana","S/D","No existe","Intersección","Bueno","Buena","S/D","S/D","Lateral","S/D","Colisión","S/D","S/D","S/D","S/D"
2015,7312,11/08/2015,"Martes",0,07:45:00,,"0.0",2,"Automóvil,Bicicleta","Cabral Y Alberdi Juan Bautista",2,1,0,0,1,0,0,,"Calle",,"VENADO TUERTO","General López","Asfalto","No existe","VIII","Dentro","Urbana","S/D","No existe","Intersección","Bueno","Buena","Diurna","S/D","S/D","S/D","Atropello","S/D","S/D","S/D","S/D"
2015,7313,09/05/2015,"Sabado",0,04:45:00,"Autopista Provincial Brigadier E.López","146.0",1,"Pickup/Utilitario"," ",1,0,0,0,0,0,1,,"Autopista","Brigadier E.López","SANTO TOMÉ","La Capital","Hormigón","Natural","I","Dentro","Rural","S/D","S/D","S/D","Bueno","S/D","Nocturna","S/D","Contra objeto fijo","S/D","Colisión","S/D","S/D","Guardarrail","S/D"
2015,7314,11/08/2015,"Martes",0,07:50:00,,"0.0",2,"Moto/Ciclomotor,Automóvil","Lisandro de la Torre Y Liniers Santiago",2,1,0,0,1,0,0,,"Calle",,"VENADO TUERTO","General López","Asfalto","No existe","VIII","Dentro","Urbana","S/D","No existe","Intersección","Bueno","Buena","Diurna","S/D","S/D","S/D","Colisión","S/D","S/D","S/D","S/D"
2015,7315,07/08/2015,"Viernes",0,23:30:00,"Ruta Nacional 8","0.0",2,"Camión,Automóvil"," ",2,1,0,0,1,0,0,,"Ruta",8,"VENADO TUERTO","General López","Hormigón","Ripio","VIII","Dentro","Urbana","S/D","No existe","Cruce","Bueno","Buena","Nocturna,Con luz artificial","S/D","S/D","S/D","Colisión","S/D","S/D","S/D","S/D"
2015,7316,17/08/2015,"Lunes",0,08:30:00,,"0.0",1,"Automóvil","Dante Alighieri Y 3 de Febrero",1,1,0,0,0,0,0,,"Calle",,"VENADO TUERTO","General López","Asfalto","No existe","VIII","Dentro","Urbana","S/D","No existe","Recta","Bueno","Buena","Diurna","S/D","S/D","S/D","S/D","S/D","S/D","S/D","S/D"
2015,7317,02/08/2015,"Domingo",0,,,"0.0",2,"Moto/Ciclomotor,Moto/Ciclomotor","Perillo N - Calle 18 Y Jujuy",3,2,1,0,0,0,0,,"Calle",,"VENADO TUERTO","General López","Asfalto","No existe","VIII","Dentro","Urbana","S/D","No existe","Intersección","Bueno","S/D","S/D","S/D","S/D","S/D","Colisión","S/D","S/D","S/D","S/D"
2015,7318,04/08/2015,"Martes",0,17:00:00,,"0.0",2,"Automóvil,Automóvil","Rioja Y Mariano Moreno",3,1,0,0,2,0,0,,"Calle",,"ROSARIO","Rosario","Asfalto","S/D","II","Dentro","Urbana","S/D","No existe","Intersección","Bueno","Buena","Diurna","Buen Tiempo","Lateral","S/D","Colisión","S/D","Faltante","Cordón divisorio","Sin restricción"
2015,7319,05/08/2015,"Miercoles",0,09:25:00,,"0.0",2,"Automóvil,Automóvil","Larrea A Y Miguel de Azcuenaga",2,1,0,0,1,0,0,,"Calle",,"VENADO TUERTO","General López","Tierra","No existe","VIII","Dentro","Urbana","S/D","No existe","Intersección","Deteriorada","Buena","Diurna","S/D","S/D","S/D","S/D","S/D","S/D","S/D","S/D"
2015,7320,01/08/2015,"Sabado",0,00:10:00,,"0.0",2,"Automóvil,Taxi/Remis","9 De Julio Y Balcarce",2,1,0,0,1,0,0,,"Calle",,"ROSARIO","Rosario","Asfalto","S/D","II","Dentro","Urbana","Ninguna","No existe","Intersección","Bueno","Buena","Nocturna,Con luz artificial","Buen Tiempo","Lateral","S/D","Colisión","S/D","Faltante","Cordón divisorio","Sin restricción"
2015,7321,05/08/2015,"Miercoles",0,14:50:00,,"0.0",2,"Moto/Ciclomotor,Pickup/Utilitario","Av Dr Luis Chapuis Y Piacenza",2,0,1,0,1,0,0,,"Calle",,"VENADO TUERTO","General López","Asfalto","No existe","VIII","Dentro","Urbana","S/D","No existe","Intersección","Bueno","Buena","Diurna","S/D","S/D","S/D","Colisión","S/D","S/D","S/D","S/D"
2015,7322,10/08/2015,"Lunes",0,14:00:00,,"0.0",2,"Automóvil,Moto/Ciclomotor","Av. Uriburu Y Rvdo.J.Margis",3,2,0,0,1,0,0,,"Calle",,"ROSARIO","Rosario","S/D","S/D","II","Dentro","Urbana","S/D","S/D","Intersección","S/D","Buena","Diurna","S/D","Lateral","S/D","Colisión","S/D","S/D","S/D","S/D"
2015,7323,09/08/2015,"Domingo",0,17:25:00,,"0.0",2,"Taxi/Remis,Automóvil","Bv. Oroño Y Gaboto",3,3,0,0,0,0,0,,"Avenida",,"ROSARIO","Rosario","S/D","S/D","II","Dentro","Urbana","S/D","Funciona","Intersección","S/D","Buena","Diurna","Buen Tiempo","Lateral","S/D","Colisión","S/D","S/D","S/D","S/D"
2015,7324,08/08/2015,"Sabado",0,15:10:00,,"0.0",2,"Moto/Ciclomotor,Automóvil","Sarmiento 4151",2,1,0,0,1,0,0,,"Calle",,"ROSARIO","Rosario","S/D","S/D","II","Dentro","Urbana","S/D","No existe","Recta","S/D","Buena","Diurna","Buen Tiempo","Lateral","S/D","Colisión","S/D","S/D","S/D","S/D"
2015,7325,09/08/2015,"Domingo",0,,,"0.0",2,"Moto/Ciclomotor,Pickup/Utilitario","Av Dr Luis Chapuis Y Leoncio de la Barrera",2,1,0,0,1,0,0,,"Calle",,"VENADO TUERTO","General López","Asfalto","No existe","VIII","Dentro","Urbana","S/D","No existe","Intersección","Bueno","S/D","S/D","S/D","S/D","S/D","S/D","S/D","S/D","S/D","S/D"
2015,7326,09/08/2015,"Domingo",0,02:15:00,,"0.0",2,"Moto/Ciclomotor,Automóvil","Vera Mujica Y Mendoza",2,1,0,0,1,0,0,,"Calle",,"ROSARIO","Rosario","Asfalto","S/D","II","Dentro","Urbana","S/D","S/D","S/D","S/D","S/D","S/D","S/D","S/D","S/D","S/D","S/D","S/D","S/D","S/D"
2015,7327,08/08/2015,"Sabado",0,06:30:00,,"0.0",2,"Automóvil,Automóvil","Cafferata Y 3 De Febrero",3,0,0,0,0,0,3,,"Calle",,"ROSARIO","Rosario","S/D","S/D","II","Dentro","Urbana","S/D","S/D","S/D","S/D","S/D","Amanecer","S/D","S/D","S/D","S/D","S/D","S/D","S/D","S/D"
2015,7328,13/08/2015,"Jueves",0,,,"0.0",2,"Automóvil,Automóvil","Vera Mujica Y San Juan",4,1,0,0,3,0,0,,"Calle",,"ROSARIO","Rosario","Asfalto","S/D","II","Dentro","Urbana","S/D","S/D","S/D","S/D","S/D","S/D","S/D","S/D","S/D","S/D","S/D","S/D","S/D","S/D"
2015,7329,11/08/2015,"Martes",0,09:00:00,,"0.0",2,"Automóvil,Automóvil","Buenos Aires Y Mendoza",2,1,0,0,1,0,0,,"Calle",,"ROSARIO","Rosario","Asfalto","S/D","II","Dentro","Urbana","S/D","S/D","Intersección","Bueno","Buena","Diurna","S/D","Lateral","S/D","Colisión","S/D","S/D","Cordón divisorio","S/D"
2015,7330,22/08/2015,"Sabado",0,20:10:00,,"0.0",2,"Automóvil,Taxi/Remis","Av. Pellegrini Y Maipu",3,2,0,0,1,0,0,,"Calle",,"ROSARIO","Rosario","Asfalto","S/D","II","Dentro","Urbana","S/D","S/D","Intersección","Bueno","S/D","Nocturna","S/D","Lateral","S/D","Colisión","S/D","S/D","S/D","S/D"
2015,7331,24/08/2015,"Lunes",0,21:30:00,,"0.0",2,"Taxi/Remis,Moto/Ciclomotor","San Luis Y Laprida",2,1,0,0,1,0,0,,"Calle",,"ROSARIO","Rosario","Asfalto","S/D","II","Dentro","Urbana","S/D","S/D","Intersección","Bueno","S/D","Nocturna","S/D","Lateral","S/D","Colisión","S/D","S/D","Cordón divisorio","S/D"
2015,7332,14/08/2015,"Viernes",0,12:30:00,,"0.0",2,"Automóvil,Automóvil","L.N.Alem 1600",2,1,0,0,1,0,0,,"Calle",,"ROSARIO","Rosario","Asfalto","S/D","II","Dentro","Urbana","Semáforo","Funciona","Recta","Bueno","Buena","Diurna","S/D","De alcance","S/D","Colisión","S/D","S/D","Cordón divisorio","S/D"
2015,7333,01/08/2015,"Sabado",0,17:30:00,,"0.0",2,"Automóvil,Moto/Ciclomotor","Chaco Y Salta",2,1,0,0,1,0,0,,"Calle",,"VENADO TUERTO","General López","Asfalto","No existe","VIII","Dentro","Urbana","S/D","No existe","Intersección","Bueno","Buena","Diurna","S/D","S/D","S/D","S/D","S/D","S/D","S/D","S/D"
2015,7334,26/08/2015,"Miercoles",0,16:10:00,,"0.0",2,"Pickup/Utilitario,Taxi/Remis","San Juan Y Sarmiento",3,1,0,0,2,0,0,,"Calle",,"ROSARIO","Rosario","Asfalto","S/D","II","Dentro","Urbana","Ninguna","No existe","Intersección","Bueno","Buena","Atardecer","Buen Tiempo","Lateral","S/D","Colisión","S/D","Faltante","Cordón divisorio","Sin restricción"
2015,7335,06/08/2015,"Jueves",0,17:15:00,,"0.0",2,"Automóvil,Automóvil","Balcarce Y San Juan",2,1,0,0,1,0,0,,"Calle",,"ROSARIO","Rosario","Asfalto","S/D","II","Dentro","Urbana","Ninguna","No existe","Intersección","Bueno","Buena","Atardecer","Buen Tiempo","Lateral","S/D","Colisión","S/D","Faltante","Cordón divisorio","Sin restricción"
2015,7336,04/08/2015,"Martes",0,14:00:00,,"0.0",2,"Automóvil,Automóvil","Santa Fe 1800",3,1,0,0,2,0,0,,"Calle",,"ROSARIO","Rosario","Asfalto","S/D","II","Dentro","Urbana","Ninguna","No existe","Recta","Bueno","Buena","Diurna","Buen Tiempo","Frontal","S/D","Colisión","S/D","Faltante","Cordón divisorio","Sin restricción"
2015,7337,04/08/2015,"Martes",0,16:30:00,,"0.0",3,"Automóvil,Automóvil,Automóvil","Entre Rios Y 3 De Febrero",4,1,0,0,3,0,0,,"Calle",,"ROSARIO","Rosario","Asfalto","S/D","II","Dentro","Urbana","Ninguna","No existe","Recta","Bueno","S/D","Diurna","Buen Tiempo","Múltiple","S/D","Colisión","S/D","Faltante","Cordón divisorio","Sin restricción"
2015,7338,17/05/2015,"Domingo",0,19:00:00,"Ruta Nacional 8","390.0",3,"Automóvil,Automóvil,Camión"," ",4,2,0,0,1,1,0,"-33.6747192,-62.1911267","Ruta",8,"MAGGIOLO","General López","Hormigón","S/D","VIII","Dentro","S/D","S/D","S/D","S/D","S/D","S/D","Atardecer","S/D","Frontal","S/D","Colisión","S/D","S/D","S/D","S/D"
2015,7339,17/08/2015,"Lunes",0,14:35:00,,"0.0",2,"Automóvil,Automóvil","Mendoza Y Valparaiso",3,2,0,0,1,0,0,,"Calle",,"ROSARIO","Rosario","S/D","S/D","II","Dentro","Urbana","S/D","S/D","S/D","S/D","S/D","Diurna","S/D","S/D","S/D","S/D","S/D","S/D","S/D","S/D"
2015,7340,16/08/2015,"Domingo",0,,,"0.0",2,"Automóvil,Automóvil","Av. Ovidio Lagos Y 9 De Julio",2,0,0,0,1,0,1,,"Calle",,"ROSARIO","Rosario","S/D","S/D","II","Dentro","Urbana","S/D","S/D","S/D","S/D","S/D","S/D","S/D","S/D","S/D","S/D","S/D","S/D","S/D","S/D"
2015,7341,17/08/2015,"Lunes",0,,,"0.0",2,"Moto/Ciclomotor,Automóvil","Ricchieri Y San Luis",4,0,0,0,0,0,4,,"Calle",,"ROSARIO","Rosario","Asfalto","S/D","II","Dentro","Urbana","S/D","S/D","S/D","S/D","S/D","S/D","S/D","S/D","S/D","S/D","S/D","S/D","S/D","S/D"
2015,7342,21/08/2015,"Viernes",0,13:00:00,,"0.0",2,"Bicicleta,Transporte de Pasajeros Urbano (> 8 asientos)","Bv. Avellaneda Y 9 De Julio",4,1,0,0,3,0,0,,"Calle",,"ROSARIO","Rosario","S/D","S/D","II","Dentro","Urbana","S/D","S/D","S/D","S/D","S/D","Diurna","S/D","S/D","S/D","Atropello","S/D","S/D","S/D","S/D"
2015,7343,19/08/2015,"Miercoles",0,18:00:00,,"0.0",2,"Automóvil,Automóvil","Rioja Y Santiago",3,1,0,0,2,0,0,,"Calle",,"ROSARIO","Rosario","Asfalto","S/D","II","Dentro","Urbana","S/D","S/D","S/D","S/D","S/D","Diurna","S/D","S/D","S/D","Colisión","S/D","S/D","S/D","S/D"
2015,7344,18/08/2015,"Martes",0,14:00:00,,"0.0",2,"Automóvil,Moto/Ciclomotor","Iriondo Y San Luis",3,2,0,0,1,0,0,,"Calle",,"ROSARIO","Rosario","S/D","S/D","II","Dentro","Urbana","S/D","S/D","S/D","S/D","S/D","Diurna","S/D","S/D","S/D","S/D","S/D","S/D","S/D","S/D"
2015,7345,21/08/2015,"Viernes",0,14:15:00,,"0.0",2,"Pickup/Utilitario,Taxi/Remis","Rioja Y 9 De Julio",3,1,0,0,2,0,0,,"Calle",,"ROSARIO","Rosario","Asfalto","S/D","II","Dentro","Urbana","Ninguna","No existe","Recta","Bueno","Buena","Diurna","Buen Tiempo","Lateral","S/D","Colisión","S/D","Faltante","Cordón divisorio","Sin restricción"
2015,7346,18/08/2015,"Martes",0,07:30:00,,"0.0",2,"Bicicleta,Automóvil","Av. Avellaneda B Y Montevideo",2,1,0,0,0,0,1,,"Calle",,"ROSARIO","Rosario","Asfalto","S/D","II","Dentro","Urbana","S/D","S/D","S/D","S/D","S/D","Diurna","S/D","S/D","S/D","Atropello","S/D","S/D","S/D","S/D"
2015,7347,15/08/2015,"Sabado",0,19:00:00,,"0.0",2,"Peatón,Pickup/Utilitario","E.Zeballos Y Mitre",2,1,0,0,1,0,0,,"Calle",,"ROSARIO","Rosario","Asfalto","S/D","II","Dentro","Urbana","Paso Peatonal","No existe","Intersección","Bueno","Buena","Atardecer,Con luz artificial","Buen Tiempo","S/D","S/D","Atropello","S/D","Horizontal","Cordón divisorio","S/D"
2015,7348,14/08/2015,"Viernes",0,12:15:00,,"0.0",2,"Peatón,Automóvil","Montevideo Y Balcarce",2,1,0,0,1,0,0,,"Calle",,"ROSARIO","Rosario","Asfalto","S/D","II","Dentro","Urbana","Ninguna","S/D","Recta","Bueno","Buena","Diurna","Buen Tiempo","S/D","S/D","Atropello","S/D","S/D","Cordón divisorio","Sin restricción"
2015,7349,24/08/2015,"Lunes",0,16:00:00,,"0.0",1,"Automóvil","Pte.Roca Y Montevideo",2,1,0,0,1,0,0,,"Calle",,"ROSARIO","Rosario","Asfalto","S/D","II","Dentro","Urbana","Ninguna","No existe","Intersección","Bueno","Buena","Diurna","Buen Tiempo","Lateral","S/D","Colisión","S/D","Faltante","Cordón divisorio","Sin restricción"
2015,7350,20/08/2015,"Jueves",0,17:00:00,,"0.0",2,"Bicicleta,Automóvil","Entre Rios Y 9 De Julio",2,1,0,0,1,0,0,,"Calle",,"ROSARIO","Rosario","Asfalto","S/D","II","Dentro","Urbana","Ninguna","No existe","Recta","Bueno","Buena","Diurna","Buen Tiempo","Frontal","S/D","Atropello","S/D","Faltante","Cordón divisorio","Sin restricción"
2015,7351,10/08/2015,"Lunes",0,06:50:00,,"0.0",2,"Automóvil,Moto/Ciclomotor","Mendoza Y Mariano Moreno",2,1,0,0,1,0,0,,"Calle",,"ROSARIO","Rosario","Asfalto","S/D","II","Dentro","Urbana","S/D","No existe","Recta","Bueno","Buena","Diurna","Buen Tiempo","Frontal","S/D","Colisión","S/D","S/D","Cordón divisorio","Sin restricción"
2015,7352,10/08/2015,"Lunes",0,22:30:00,,"0.0",2,"Automóvil,Peatón","Santa Fe Y Mariano Moreno",2,1,0,0,1,0,0,,"Calle",,"ROSARIO","Rosario","Asfalto","S/D","II","Dentro","Urbana","Semáforo","Funciona","Intersección","Bueno","Buena","Nocturna,Con luz artificial","Buen Tiempo","S/D","S/D","Atropello","S/D","Vertical","Cordón divisorio","Sin restricción"
2015,7353,07/08/2015,"Viernes",0,21:40:00,,"0.0",2,"Bicicleta,Automóvil","Av. Pellegrini Y Av. Corrientes",3,1,0,0,2,0,0,,"Calle",,"ROSARIO","Rosario","Asfalto","S/D","II","Dentro","Urbana","Semáforo","Funciona","Recta","Bueno","Buena","Nocturna,Con luz artificial","Buen Tiempo","Frontal","S/D","Atropello","S/D","Vertical","Ninguna","Sin restricción"
2015,7354,24/08/2015,"Lunes",0,,,"0.0",2,"Automóvil,Automóvil","San Juan Y Bv. Oroño",2,1,0,0,1,0,0,,"Avenida",,"ROSARIO","Rosario","Asfalto","S/D","II","Dentro","Urbana","Semáforo","Funciona","Intersección","Bueno","Buena","S/D","Buen Tiempo","Lateral","S/D","Colisión","S/D","S/D","S/D","S/D"
2015,7355,28/08/2015,"Viernes",0,11:15:00,,"0.0",2,"Automóvil,Peatón","Rioja Y Buenos Aires",2,1,0,0,1,0,0,,"Calle",,"ROSARIO","Rosario","Asfalto","S/D","II","Dentro","Urbana","Ninguna","No existe","Recta","Bueno","Buena","Diurna","Buen Tiempo","S/D","S/D","Atropello","S/D","Faltante","Cordón divisorio","Sin restricción"
2015,7356,28/08/2015,"Viernes",0,17:00:00,,"0.0",2,"Taxi/Remis,Peatón","San Luis Y Entre Rios",2,1,0,0,1,0,0,,"Calle",,"ROSARIO","Rosario","Asfalto","S/D","II","Dentro","Urbana","S/D","S/D","Intersección","Bueno","Buena","Diurna","Buen Tiempo","S/D","S/D","Atropello","S/D","S/D","Cordón divisorio","Sin restricción"
2015,7357,01/08/2015,"Sabado",0,09:30:00,,"0.0",2,"Peatón,Automóvil","9 De Julio Y Av. Corrientes",2,0,1,0,1,0,0,,"Calle",,"ROSARIO","Rosario","Asfalto","S/D","II","Dentro","Urbana","Semáforo","Funciona","Intersección","Bueno","Buena","Diurna","Buen Tiempo","S/D","S/D","Atropello","S/D","Vertical","Cordón divisorio","Sin restricción"
2015,7358,09/08/2015,"Domingo",0,13:30:00,,"0.0",2,"Automóvil,Peatón","Italia Y Rioja",2,1,0,0,1,0,0,,"Calle",,"ROSARIO","Rosario","Asfalto","S/D","II","Dentro","Urbana","Ninguna","No existe","Intersección","Bueno","Buena","Diurna","Buen Tiempo","S/D","S/D","Atropello","S/D","Faltante","Cordón divisorio","Sin restricción"
2015,7359,03/08/2015,"Lunes",0,19:00:00,,"0.0",2,"Camión,Bicicleta","Mendoza Y Parana",2,1,0,0,1,0,0,,"Calle",,"ROSARIO","Rosario","Asfalto","S/D","II","Dentro","Urbana","S/D","S/D","Intersección","S/D","S/D","Atardecer","S/D","S/D","S/D","Atropello","S/D","S/D","S/D","S/D"
2015,7360,03/08/2015,"Lunes",0,07:45:00,,"0.0",2,"Automóvil,Automóvil","San Luis Y Valparaiso",2,1,0,0,1,0,0,,"Calle",,"ROSARIO","Rosario","S/D","S/D","II","Dentro","Urbana","S/D","S/D","Intersección","S/D","Buena","Amanecer","Buen Tiempo","Lateral","S/D","Colisión","S/D","S/D","S/D","S/D"
2015,7361,10/08/2015,"Lunes",0,15:30:00,,"0.0",2,"Transporte de Pasajeros Urbano (> 8 asientos),Automóvil","Av. Corrientes Y Rioja",4,2,0,0,2,0,0,,"Calle",,"ROSARIO","Rosario","Asfalto","S/D","II","Dentro","Urbana","Ninguna","Funciona","Recta","Bueno","Buena","Diurna","Buen Tiempo","Frontal","S/D","Colisión","S/D","S/D","Cordón divisorio","Sin restricción"
2015,7362,20/08/2015,"Jueves",0,19:45:00,,"0.0",2,"Automóvil,Automóvil","Sarmiento 1300",3,1,0,0,2,0,0,,"Calle",,"ROSARIO","Rosario","Asfalto","S/D","II","Dentro","Urbana","S/D","No existe","Recta","Bueno","Buena","Diurna","Buen Tiempo","Frontal","S/D","Colisión","S/D","S/D","Cordón divisorio","Sin restricción"
2015,7363,20/08/2015,"Jueves",0,19:30:00,,"0.0",1,"Moto/Ciclomotor","Mariano Moreno Y 9 De Julio",2,1,0,0,1,0,0,,"Calle",,"ROSARIO","Rosario","Asfalto","S/D","II","Dentro","Urbana","Ninguna","No existe","Intersección","Bueno","Buena","Diurna","Buen Tiempo","Lateral","S/D","Colisión","S/D","Faltante","Cordón divisorio","Sin restricción"
2015,7364,03/08/2015,"Lunes",0,21:50:00,,"0.0",3,"Automóvil,Moto/Ciclomotor,Pickup/Utilitario","3 De Febrero Y Alsina",5,1,0,0,4,0,0,,"Calle",,"ROSARIO","Rosario","S/D","S/D","II","Dentro","Urbana","S/D","S/D","Intersección","S/D","Buena","Nocturna","Buen Tiempo","Múltiple","S/D","Colisión","S/D","S/D","S/D","S/D"
2015,7365,05/08/2015,"Miercoles",0,11:30:00,,"0.0",2,"Automóvil,Moto/Ciclomotor","Bv. Avellaneda Y Montevideo",2,1,0,0,1,0,0,,"Avenida",,"ROSARIO","Rosario","S/D","S/D","II","Dentro","Urbana","S/D","S/D","Intersección","S/D","Buena","Diurna","Buen Tiempo","Lateral","S/D","Colisión","S/D","S/D","S/D","S/D"
2015,7366,07/08/2015,"Viernes",0,14:55:00,,"0.0",2,"Moto/Ciclomotor,Peatón","Cordoba Y Alvear",2,1,0,0,1,0,0,,"Calle",,"ROSARIO","Rosario","Asfalto","S/D","II","Dentro","Urbana","Ninguna","No existe","Intersección","Bueno","Buena","Diurna","Buen Tiempo","S/D","S/D","Atropello","S/D","Faltante","Cordón divisorio","Sin restricción"
2015,7367,06/08/2015,"Jueves",0,,,"0.0",2,"Automóvil,Automóvil","Bv. Avellaneda Y Mendoza",3,2,0,0,1,0,0,,"Avenida",,"ROSARIO","Rosario","Asfalto","S/D","II","Dentro","Urbana","S/D","S/D","Intersección","Bueno","Buena","S/D","Buen Tiempo","Lateral","S/D","Colisión","S/D","Faltante","S/D","Sin restricción"
2015,7368,08/08/2015,"Sabado",0,13:45:00,,"0.0",2,"Automóvil,Taxi/Remis","Mariano Moreno Y Saavedra",3,0,1,0,2,0,0,,"Calle",,"ROSARIO","Rosario","S/D","S/D","II","Dentro","Urbana","S/D","S/D","S/D","S/D","S/D","S/D","S/D","S/D","S/D","S/D","S/D","S/D","S/D","S/D"
2015,7369,08/08/2015,"Sabado",0,19:10:00,,"0.0",2,"Automóvil,Pickup/Utilitario","Mitre Y Bv. Segui",2,1,0,0,1,0,0,,"Calle",,"ROSARIO","Rosario","S/D","S/D","II","Dentro","Urbana","S/D","S/D","S/D","S/D","S/D","S/D","S/D","S/D","S/D","S/D","S/D","S/D","S/D","S/D"
2015,7370,07/08/2015,"Viernes",0,14:00:00,,"0.0",1,,"Dr.Rivas Y Sarmiento",5,4,0,0,1,0,0,,"Calle",,"ROSARIO","Rosario","S/D","S/D","II","S/D","Urbana","S/D","S/D","S/D","S/D","S/D","S/D","S/D","S/D","S/D","S/D","S/D","S/D","S/D","S/D"
2015,7371,09/08/2015,"Domingo",0,02:30:00,,"0.0",2,"Automóvil,Moto/Ciclomotor","Bv. Avellaneda Y Mendoza",3,2,0,0,1,0,0,,"Avenida",,"ROSARIO","Rosario","S/D","S/D","II","Dentro","Urbana","S/D","S/D","Intersección","S/D","Buena","Nocturna","Buen Tiempo","Lateral","S/D","Colisión","S/D","S/D","S/D","S/D"
2015,7372,25/08/2015,"Martes",0,17:30:00,,"0.0",2,"Moto/Ciclomotor,Peatón","San Juan Y Castellanos",2,1,0,0,1,0,0,,"Calle",,"ROSARIO","Rosario","Asfalto","S/D","II","Dentro","Urbana","S/D","S/D","Intersección","Bueno","Buena","Diurna","Buen Tiempo","S/D","S/D","Atropello","S/D","S/D","S/D","S/D"
2015,7373,07/08/2015,"Viernes",0,14:00:00,,"0.0",2,"Automóvil,Taxi/Remis","Dr.Rivas Y Sarmiento",5,4,0,0,1,0,0,,"Calle",,"ROSARIO","Rosario","S/D","S/D","II","S/D","Urbana","S/D","S/D","S/D","S/D","S/D","S/D","S/D","S/D","S/D","S/D","S/D","S/D","S/D","S/D"
2015,7374,08/08/2015,"Sabado",0,,,"0.0",2,"Moto/Ciclomotor,Automóvil","Av. Provincias Unidas ",3,2,0,0,1,0,0,,"S/D",,"ROSARIO","Rosario","Asfalto","Pavimento","II","S/D","S/D","Ninguna","No existe","Intersección","Bueno","Buena","Diurna","Buen Tiempo","Lateral","S/D","Colisión","Ninguna","Faltante","Cordón divisorio","Sin restricción"
2015,7375,30/08/2015,"Domingo",0,11:15:00,,"0.0",2,"Automóvil,Automóvil","Rio De Janeiro Y Marcos Paz",3,2,0,0,1,0,0,,"Calle",,"ROSARIO","Rosario","Asfalto","S/D","II","Dentro","Urbana","S/D","S/D","Intersección","S/D","Buena","Diurna","Buen Tiempo","Lateral","S/D","Colisión","S/D","S/D","S/D","S/D"
2015,7376,30/08/2015,"Domingo",0,02:30:00,,"0.0",2,"Moto/Ciclomotor,Automóvil","Cordoba Y Castellanos",3,2,0,0,1,0,0,,"Calle",,"ROSARIO","Rosario","Asfalto","S/D","II","Dentro","Urbana","S/D","S/D","Intersección","Bueno","Buena","Nocturna","S/D","Lateral","S/D","Colisión","S/D","S/D","S/D","S/D"
2015,7377,03/08/2015,"Lunes",0,,,"0.0",2,"Moto/Ciclomotor,Pickup/Utilitario","J.J.Paso 7700",2,1,0,0,1,0,0,,"Calle",,"ROSARIO","Rosario","Asfalto","No existe","II","Dentro","Urbana","Ninguna","No existe","Recta","Bueno","Buena","Diurna","Buen Tiempo","Frontal","S/D","Colisión","Ninguna","Faltante","Cordón divisorio","Sin restricción"