"anio_acci","nro_acci","fecha","desc_dia","fecha_aprox","hora_aprox","desc_ruta","km","cant_participantes","desc_participante","calle_avenida_km","total","heridos_leves","heridos_graves","heridos_gravisimos","ilesos","fallecidos","sin_datos","posicion_XY","desc_tipo_via","desc_ruta_ori","desc_loc","desc_dpto","desc_tipo_calzada","desc_tipo_banquina","desc_unidad_regional","desc_lugar_calzada","desc_zona","desc_prioridad","desc_estado_semaforo","desc_lugar_via","desc_estado_via","desc_estado_visibilidad","desc_luminosidad","desc_estado_clima","desc_tipo_colision","desc_tipo_atropello","desc_tipo_hecho","desc_pres_calzada","desc_senializacion","desc_separacion_via","desc_restriccion"
2015,7378,26/08/2015,"Miercoles",0,08:30:00,"Autopista Nacional Rosario -Cordoba","309.0",1,"Automóvil"," ",1,1,0,0,0,0,0,,"Autopista","Rosario -Cordoba","ROSARIO","Rosario","Asfalto","Natural","II","S/D","S/D","Ninguna","No existe","Recta","Bueno","Buena","Diurna","Buen Tiempo","S/D","S/D","Despiste","Ninguna","Horizontal","Línea divisoria pintada","Sin restricción"
2015,7379,26/08/2015,"Miercoles",0,07:10:00,"Ruta Nacional 9","0.0",2,"Automóvil,Automóvil","Ruta Nacional 9 Y Mitre",4,1,0,0,3,0,0,,"Ruta",9,"FUNES","Rosario","Asfalto","Pavimento","II","S/D","Urbana","Semáforo","Funciona","Intersección","Bueno","Buena","Amanecer","Buen Tiempo","De alcance","S/D","Colisión","Ninguna","S/D","Ninguna","Sin restricción"
2015,7380,24/08/2015,"Lunes",0,20:45:00,,"0.0",1,"Moto/Ciclomotor","BUENOS AIRES Y INDEPENDENCIA",2,2,0,0,0,0,0,,"Calle",,"FUNES","Rosario","Asfalto","No existe","II","S/D","Urbana","S/D","No existe","Intersección","Bueno","Buena","Nocturna","Buen Tiempo","S/D","S/D","Otro","Ninguna","S/D","S/D","Sin restricción"
2015,7381,04/08/2015,"Martes",0,21:30:00,,"0.0",2,"Bicicleta,Moto/Ciclomotor","Lamadrid Y San Martin",2,1,0,0,1,0,0,,"Calle",,"ROSARIO","Rosario","S/D","S/D","II","Dentro","Urbana","S/D","S/D","S/D","S/D","S/D","S/D","S/D","S/D","S/D","Atropello","S/D","S/D","S/D","S/D"
2015,7382,15/08/2015,"Sabado",0,20:00:00,"Ruta Nacional 9","0.0",2,"Automóvil,Moto/Ciclomotor","Ruta Nacional 9 Y Tucuman",2,1,0,0,1,0,0,,"Ruta",9,"FUNES","Rosario","Asfalto","Pavimento","II","S/D","Urbana","Ninguna","No existe","Intersección","Bueno","Buena","Nocturna","Buen Tiempo","Lateral","S/D","Colisión","Ninguna","Horizontal","Línea divisoria pintada","Sin restricción"
2015,7383,01/08/2015,"Sabado",0,00:10:00,,"0.0",2,"Moto/Ciclomotor,Automóvil","J.B.Justo Y Mitre",2,1,0,0,1,0,0,,"S/D",,"ROSARIO","Rosario","S/D","S/D","II","S/D","S/D","S/D","S/D","S/D","S/D","S/D","Nocturna","S/D","S/D","S/D","S/D","S/D","S/D","S/D","S/D"
2015,7384,01/08/2015,"Sabado",0,22:20:00,,"0.0",2,"Moto/Ciclomotor,Automóvil","Balcarce Y Bv. Segui",3,1,1,0,1,0,0,,"S/D",,"ROSARIO","Rosario","S/D","S/D","II","S/D","S/D","S/D","S/D","S/D","S/D","S/D","S/D","S/D","S/D","S/D","S/D","S/D","S/D","S/D","S/D"
2015,7385,19/08/2015,"Miercoles",0,09:40:00,,"0.0",2,"Automóvil,Automóvil","Donado Y Martinez Estrada",2,1,0,0,1,0,0,,"Calle",,"ROSARIO","Rosario","S/D","S/D","II","S/D","Urbana","S/D","S/D","Intersección","S/D","S/D","Diurna","S/D","S/D","S/D","S/D","S/D","S/D","S/D","S/D"
2015,7386,31/08/2015,"Lunes",0,18:30:00,,"0.0",2,"Automóvil,Moto/Ciclomotor","Biedma Y Pueyrredon",2,1,0,0,1,0,0,,"Calle",,"ROSARIO","Rosario","Asfalto","S/D","II","S/D","Urbana","S/D","S/D","Recta","Bueno","S/D","Atardecer","Buen Tiempo","S/D","S/D","Colisión","S/D","S/D","S/D","S/D"
2015,7387,04/08/2015,"Martes",0,19:40:00,,"0.0",2,"Automóvil,Automóvil","Mitre Y Pje. Gral.Savio",3,1,0,0,2,0,0,,"Calle",,"ROSARIO","Rosario","S/D","S/D","II","Dentro","Urbana","S/D","S/D","S/D","S/D","S/D","S/D","S/D","S/D","S/D","S/D","S/D","S/D","S/D","S/D"
2015,7388,31/08/2015,"Lunes",0,13:25:00,,"0.0",2,"Bicicleta,Otros","Av. Uriburu Y Vuelta De Obligado",2,1,0,0,0,0,1,,"Avenida",,"ROSARIO","Rosario","Asfalto","S/D","II","S/D","Urbana","S/D","S/D","Intersección","Bueno","S/D","Diurna","Buen Tiempo","S/D","S/D","Atropello","S/D","S/D","S/D","S/D"
2015,7389,31/08/2015,"Lunes",0,16:00:00,,"0.0",2,"Taxi/Remis,Bicicleta","Sarmiento 3426",2,1,0,0,1,0,0,,"Calle",,"ROSARIO","Rosario","Asfalto","S/D","II","S/D","Urbana","Ninguna","S/D","Recta","Bueno","S/D","Diurna","Buen Tiempo","S/D","S/D","Atropello","S/D","S/D","Ninguna","S/D"
2015,7390,27/08/2015,"Jueves",0,23:00:00,,"0.0",2,"Moto/Ciclomotor,Otros","Biedma Y Balcarce",2,1,0,0,0,0,1,,"Calle",,"ROSARIO","Rosario","Asfalto","S/D","II","S/D","Urbana","Ninguna","S/D","Intersección","Bueno","S/D","Nocturna","Buen Tiempo","S/D","S/D","Atropello","S/D","S/D","Ninguna","S/D"
2015,7391,28/08/2015,"Viernes",0,13:20:00,,"0.0",2,"Automóvil,Peatón","San Martin Y Dean Funes",2,1,0,0,1,0,0,,"Calle",,"ROSARIO","Rosario","Asfalto","S/D","II","S/D","Urbana","S/D","S/D","Intersección","Bueno","S/D","Diurna","S/D","S/D","S/D","Atropello","S/D","S/D","S/D","S/D"
2015,7392,26/08/2015,"Miercoles",0,18:30:00,,"0.0",2,"Automóvil,Moto/Ciclomotor","Av. Corrientes Y Bv. Segui",3,1,0,0,2,0,0,,"Calle",,"ROSARIO","Rosario","Asfalto","S/D","II","S/D","Urbana","S/D","S/D","Intersección","Bueno","S/D","Atardecer","S/D","S/D","S/D","Colisión","S/D","S/D","Ninguna","S/D"
2015,7393,27/08/2015,"Jueves",0,17:30:00,,"0.0",2,"Automóvil,Moto/Ciclomotor","Bv. Oroño Y Coulin",2,1,0,0,1,0,0,,"Calle",,"ROSARIO","Rosario","Asfalto","S/D","II","S/D","Urbana","S/D","S/D","Intersección","Bueno","S/D","Diurna","S/D","S/D","S/D","S/D","S/D","S/D","S/D","S/D"
2015,7394,26/08/2015,"Miercoles",0,10:00:00,,"0.0",2,"Automóvil,Moto/Ciclomotor","Bv. Segui Y Mitre",3,1,0,0,2,0,0,,"Calle",,"ROSARIO","Rosario","Asfalto","S/D","II","S/D","Urbana","S/D","S/D","Intersección","Bueno","S/D","Diurna","S/D","S/D","S/D","Colisión","S/D","S/D","S/D","S/D"
2015,7395,23/05/2015,"Sabado",0,11:35:00,"Autopista Nacional Gral. Juan Jose Valle","277.5",3,"Automóvil,Automóvil,Automóvil"," ",4,1,0,0,0,0,3,,"Autopista","Gral. Juan Jose Valle","ROSARIO","Rosario","Hormigón","S/D","II","Dentro","Urbana","S/D","S/D","S/D","S/D","S/D","Diurna","S/D","Múltiple","S/D","Colisión","S/D","S/D","S/D","S/D"
2015,7396,25/08/2015,"Martes",0,13:45:00,,"0.0",2,"Automóvil,Moto/Ciclomotor","Italia Y Saavedra",3,2,0,0,1,0,0,,"Calle",,"ROSARIO","Rosario","Asfalto","S/D","II","Dentro","Urbana","S/D","S/D","Intersección","Bueno","Buena","Diurna","Buen Tiempo","Lateral","S/D","Colisión","S/D","S/D","S/D","S/D"
2015,7397,25/08/2015,"Martes",0,06:30:00,,"0.0",2,"Automóvil,Moto/Ciclomotor","Bv. Oroño Y Garibaldi",2,1,0,0,1,0,0,,"Avenida",,"ROSARIO","Rosario","Asfalto","S/D","II","Dentro","Urbana","S/D","S/D","Intersección","Bueno","Buena","Amanecer","Buen Tiempo","Lateral","S/D","Colisión","S/D","S/D","S/D","S/D"
2015,7398,24/08/2015,"Lunes",0,15:50:00,,"0.0",2,"Automóvil,Automóvil","Bv. Segui Y Mariano Moreno",3,1,0,0,2,0,0,,"Avenida",,"ROSARIO","Rosario","Asfalto","S/D","II","Dentro","Urbana","S/D","S/D","Intersección","Bueno","Buena","Diurna","Buen Tiempo","Lateral","S/D","Colisión","S/D","S/D","S/D","S/D"
2015,7399,10/08/2015,"Lunes",0,18:00:00,,"0.0",4,"Taxi/Remis,Automóvil,Automóvil,Automóvil","Paraguay Y Pje. Del Campo",11,3,0,0,8,0,0,,"Calle",,"ROSARIO","Rosario","S/D","S/D","II","S/D","Urbana","S/D","S/D","S/D","S/D","S/D","S/D","S/D","S/D","S/D","S/D","S/D","S/D","S/D","S/D"
2015,7400,23/08/2015,"Domingo",0,19:00:00,,"0.0",2,"Automóvil,Bicicleta","Bv. Segui Y Dorrego",2,1,0,0,1,0,0,,"Calle",,"ROSARIO","Rosario","S/D","S/D","II","Dentro","Urbana","S/D","S/D","Intersección","S/D","Buena","Atardecer","Buen Tiempo","S/D","S/D","Atropello","S/D","S/D","S/D","S/D"
2015,7401,21/08/2015,"Viernes",0,07:45:00,,"0.0",2,"Automóvil,Bicicleta","Bv. Segui Y Sarmiento",2,1,0,0,1,0,0,,"Avenida",,"ROSARIO","Rosario","S/D","S/D","II","Dentro","Urbana","S/D","S/D","Intersección","S/D","Buena","Diurna","S/D","S/D","S/D","Atropello","S/D","S/D","S/D","S/D"
2015,7402,20/08/2015,"Jueves",0,21:20:00,,"0.0",3,"Automóvil,Automóvil,Moto/Ciclomotor","Bv. Oroño Y Av. Jorge Cura",4,2,0,0,2,0,0,,"Avenida",,"ROSARIO","Rosario","S/D","S/D","II","Dentro","Urbana","S/D","S/D","Intersección","S/D","Buena","Nocturna","Buen Tiempo","Múltiple","S/D","Colisión","S/D","S/D","S/D","S/D"
2015,7403,19/08/2015,"Miercoles",0,19:00:00,,"0.0",2,"Automóvil,Moto/Ciclomotor","Amenabar Y España",3,1,0,0,2,0,0,,"Calle",,"ROSARIO","Rosario","S/D","S/D","II","Dentro","Urbana","S/D","S/D","Intersección","S/D","Buena","Atardecer","Buen Tiempo","Lateral","S/D","Colisión","S/D","S/D","S/D","S/D"
2015,7404,19/08/2015,"Miercoles",0,13:50:00,,"0.0",2,"Vehículo Oficial,Moto/Ciclomotor","Colon Y Centeno",4,2,0,0,2,0,0,,"Calle",,"ROSARIO","Rosario","S/D","S/D","II","Dentro","Urbana","S/D","S/D","Intersección","S/D","Buena","Diurna","Buen Tiempo","Lateral","S/D","Colisión","S/D","S/D","S/D","S/D"
2015,7405,29/08/2015,"Sabado",0,02:10:00,,"0.0",1,"Moto/Ciclomotor","Bv San diego Y Av Juan Domingo Peron",2,2,0,0,0,0,0,,"Calle",,"VILLA GOBERNADOR GÁLVEZ","Rosario","Asfalto","No existe","II","Dentro","Urbana","Semáforo","Funciona","Intersección","Bueno","Buena","Nocturna","Buen Tiempo","Lateral","S/D","Vuelco","S/D","Faltante","Ninguna","Sin restricción"
2015,7406,30/08/2015,"Domingo",0,20:30:00,,"0.0",2,"Automóvil,Moto/Ciclomotor","Uruguay Y Paraguay",2,1,0,0,1,0,0,,"Calle",,"ROSARIO","Rosario","Asfalto","S/D","II","S/D","Urbana","S/D","S/D","Intersección","S/D","S/D","S/D","Buen Tiempo","S/D","S/D","Colisión","S/D","S/D","S/D","S/D"
2015,7407,08/08/2015,"Sabado",0,09:00:00,,"0.0",2,"Moto/Ciclomotor,Automóvil","Buenameson 300",2,1,0,0,1,0,0,,"Calle",,"VILLA GOBERNADOR GÁLVEZ","Rosario","Asfalto","No existe","II","Dentro","Urbana","Ninguna","No existe","Recta","Bueno","Buena","Diurna","Buen Tiempo","De alcance","S/D","Colisión","S/D","Faltante","Ninguna","Sin restricción"
2015,7408,18/08/2015,"Martes",0,,,"0.0",2,"Moto/Ciclomotor,Pickup/Utilitario","J.C.Paz Y Artigas",3,1,0,0,2,0,0,,"Calle",,"ROSARIO","Rosario","Asfalto","No existe","II","Dentro","Urbana","Ninguna","No existe","Intersección","Bueno","Buena","Diurna","Buen Tiempo","Frontal","S/D","Colisión","Ninguna","Faltante","Ninguna","Sin restricción"
2015,7409,10/08/2015,"Lunes",0,15:00:00,,"0.0",1,"Moto/Ciclomotor","Av Juan Domingo Peron Y Saenz Peña",2,1,0,0,1,0,0,,"S/D",,"VILLA GOBERNADOR GÁLVEZ","Rosario","Asfalto","No existe","II","S/D","Urbana","Ninguna","No existe","Recta","Bueno","Buena","Diurna","Buen Tiempo","De alcance","S/D","Colisión","S/D","Faltante","Ninguna","Sin restricción"
2015,7410,22/08/2015,"Sabado",0,18:00:00,,"0.0",2,"Automóvil,Moto/Ciclomotor","G.Carrasco Y Gallo",2,1,0,0,1,0,0,,"Avenida",,"ROSARIO","Rosario","Asfalto","No existe","II","Dentro","Urbana","Semáforo","Funciona","Intersección","Bueno","Buena","Diurna","Buen Tiempo","Frontal","S/D","Colisión","Ninguna","Faltante","Ninguna","Sin restricción"
2015,7411,11/08/2015,"Martes",0,19:00:00,,"0.0",1,"Moto/Ciclomotor","Alvear Y I A Edison",2,1,0,0,1,0,0,,"Calle",,"VILLA GOBERNADOR GÁLVEZ","Rosario","Asfalto","S/D","II","S/D","Urbana","Ninguna","S/D","Recta","Bueno","Buena","Atardecer,Con luz artificial","Buen Tiempo","De alcance","S/D","Colisión","S/D","Faltante","Ninguna","Sin restricción"
2015,7412,10/08/2015,"Lunes",0,10:50:00,,"0.0",2,"Moto/Ciclomotor,Automóvil","Darragueira Y Chiclana",2,1,0,0,1,0,0,,"Calle",,"ROSARIO","Rosario","Asfalto","No existe","II","Dentro","Urbana","Ninguna","No existe","Intersección","Bueno","Buena","Diurna","Buen Tiempo","Frontal","S/D","Colisión","Ninguna","Faltante","Ninguna","Sin restricción"
2015,7413,02/08/2015,"Domingo",0,02:30:00,,"0.0",2,"Automóvil,Automóvil","Bv. Rondeau 4400",4,2,0,0,2,0,0,,"Avenida",,"ROSARIO","Rosario","Asfalto","No existe","II","Dentro","Urbana","Semáforo","Funciona","Recta","Bueno","Buena","Nocturna","Buen Tiempo","Frontal","S/D","Colisión","Ninguna","Vertical","Ninguna","Sin restricción"
2015,7414,15/08/2015,"Sabado",0,23:20:00,,"0.0",2,"Taxi/Remis,Moto/Ciclomotor","Victor Mercante Y Olive",3,2,0,0,1,0,0,,"Calle",,"ROSARIO","Rosario","Asfalto","S/D","II","S/D","Urbana","Ninguna","S/D","Intersección","Bueno","S/D","Nocturna","Buen Tiempo","Lateral","S/D","Colisión","S/D","Faltante","Cordón divisorio","Sin restricción"
2015,7415,05/08/2015,"Miercoles",0,07:30:00,,"0.0",2,"Automóvil,Moto/Ciclomotor","Bv. Rondeau Y Gurruchaga",2,1,0,0,1,0,0,,"Avenida",,"ROSARIO","Rosario","Asfalto","No existe","II","Dentro","Urbana","Ninguna","Funciona","Intersección","Bueno","Buena","Diurna","Buen Tiempo","Frontal","S/D","Colisión","Ninguna","Horizontal,Vertical","Ninguna","Sin restricción"
2015,7416,31/08/2015,"Lunes",0,06:00:00,,"0.0",2,"Moto/Ciclomotor,Automóvil","L.N.Alem Y Amenabar",3,2,0,0,1,0,0,,"Calle",,"ROSARIO","Rosario","Asfalto","No existe","II","Dentro","Urbana","Ninguna","No existe","Intersección","Bueno","Buena","Amanecer,Con luz artificial","Buen Tiempo","Lateral","S/D","Colisión","Ninguna","Faltante","Ninguna","Sin restricción"
2015,7417,15/08/2015,"Sabado",0,00:30:00,,"0.0",2,"Automóvil,Automóvil","Soldado Aguirre Y Marcos Paz",2,1,0,0,1,0,0,,"Avenida",,"VILLA GOBERNADOR GÁLVEZ","Rosario","Asfalto","No existe","II","S/D","Urbana","Ninguna","No existe","Intersección","Con baches","Buena","Nocturna","Buen Tiempo","Lateral","S/D","Colisión","Material Suelto","Faltante","Ninguna","Sin restricción"
2015,7418,19/08/2015,"Miercoles",0,14:00:00,"Ruta Secundaria 22-s","0.0",2,"Automóvil,Moto/Ciclomotor","Soldado Aguirre ",2,1,0,0,1,0,0,,"Ruta","22-s","VILLA GOBERNADOR GÁLVEZ","Rosario","Ripio","No existe","II","S/D","Urbana","Ninguna","No existe","Intersección","Deteriorada","Buena","Diurna","Buen Tiempo","Lateral","S/D","Colisión","Material Suelto","Faltante","Ninguna","Sin restricción"
2015,7419,15/08/2015,"Sabado",0,19:40:00,,"0.0",2,"Automóvil,Moto/Ciclomotor","Soldado Aguirre Y Liniers",2,1,0,0,1,0,0,,"Avenida",,"VILLA GOBERNADOR GÁLVEZ","Rosario","Asfalto","No existe","II","S/D","Urbana","Ninguna","No existe","Intersección","Deteriorada","Buena","Nocturna","Buen Tiempo","De alcance","S/D","Colisión","Material Suelto","Faltante","Ninguna","Sin restricción"
2015,7420,26/08/2015,"Miercoles",0,10:15:00,"Autopista Nacional Gral. Juan Jose Valle","285.0",2,"Automóvil,Tractor"," ",2,1,0,0,1,0,0,,"Autopista","Gral. Juan Jose Valle","VILLA GOBERNADOR GÁLVEZ","Rosario","Hormigón","Pavimento","II","S/D","S/D","Ninguna","No existe","Recta","Bueno","Buena","Diurna","Buen Tiempo","De alcance","S/D","Colisión","Ninguna","Horizontal","Ninguna","Sin restricción"
2015,7421,10/08/2015,"Lunes",0,20:30:00,,"0.0",2,"Moto/Ciclomotor,Automóvil","Av Filipini Y Lavalle",2,1,0,0,1,0,0,,"Calle",,"VILLA GOBERNADOR GÁLVEZ","Rosario","Asfalto","No existe","II","S/D","Urbana","Ninguna","No existe","Intersección","Bueno","Buena","Nocturna,Con luz artificial","Buen Tiempo","Otro","S/D","Colisión","Ninguna","Faltante","Ninguna","Sin restricción"
2015,7422,08/08/2015,"Sabado",0,01:30:00,,"0.0",2,"Automóvil,Automóvil","Juarez Celman Y Bartolome Mitre gral",2,1,0,0,1,0,0,,"Calle",,"ARROYO SECO","Rosario","Asfalto","No existe","II","Dentro","Urbana","Ninguna","No existe","Intersección","Bueno","Buena","Nocturna,Con luz artificial","Buen Tiempo","Lateral","S/D","Colisión","S/D","Faltante","Ninguna","Sin restricción"
2015,7423,16/08/2015,"Domingo",0,08:55:00,,"0.0",1,"Moto/Ciclomotor","Juarez Celman Y Juan B Justo Bis",2,1,0,0,1,0,0,,"Calle",,"ARROYO SECO","Rosario","Asfalto","No existe","II","Dentro","Urbana","Ninguna","No existe","Intersección","Bueno","Buena","Diurna","Buen Tiempo","Lateral","S/D","Colisión","S/D","Faltante","Ninguna","Sin restricción"
2015,7424,24/08/2015,"Lunes",0,10:42:00,,"0.0",1,"Moto/Ciclomotor","1 de Mayo Y San Nicolas",1,1,0,0,0,0,0,,"Calle",,"ARROYO SECO","Rosario","Asfalto","No existe","II","S/D","Urbana","Ninguna","No existe","Intersección","Bueno","Buena","Diurna","Buen Tiempo","Atropello animal","S/D","Atropello","S/D","Faltante","Ninguna","Sin restricción"
2015,7425,18/08/2015,"Martes",0,15:30:00,,"0.0",2,"Pickup/Utilitario,Moto/Ciclomotor","Bv. Oroño Y Gaboto",3,2,0,0,1,0,0,,"Calle",,"ROSARIO","Rosario","S/D","No existe","II","Dentro","Urbana","Semáforo","Funciona","Intersección","Bueno","Buena","Diurna","Buen Tiempo","Lateral","S/D","Colisión","S/D","S/D","Cordón divisorio,Vegetación","S/D"
2015,7426,11/08/2015,"Martes",0,16:00:00,,"0.0",2,"Moto/Ciclomotor,Automóvil","Ameghino Y Moreno",2,1,0,0,1,0,0,,"S/D",,"FIGHIERA","Rosario","Asfalto","S/D","II","S/D","Urbana","S/D","S/D","Intersección","Bueno","Buena","Diurna","S/D","S/D","S/D","Colisión","S/D","S/D","S/D","S/D"
2015,7427,31/08/2015,"Lunes",0,20:30:00,,"0.0",2,"Moto/Ciclomotor,Moto/Ciclomotor","Saavedra 300",3,3,0,0,0,0,0,,"Calle",,"ROSARIO","Rosario","Asfalto","No existe","II","Dentro","Urbana","Ninguna","No existe","Recta","Bueno","Buena","Nocturna","Buen Tiempo","Frontal","S/D","Colisión","Ninguna","Faltante","Ninguna","Sin restricción"
2015,7428,29/08/2015,"Sabado",0,20:25:00,,"0.0",2,"Moto/Ciclomotor,Automóvil","Garay Y Eva Peron",3,2,0,0,1,0,0,,"Calle",,"VILLA GOBERNADOR GÁLVEZ","Rosario","Asfalto","No existe","II","Dentro","Urbana","Ninguna","No existe","Intersección","Con baches","Reducida","Nocturna","Buen Tiempo","Lateral","S/D","Colisión","Ninguna","Faltante","Ninguna","Sin restricción"
2015,7429,17/08/2015,"Lunes",0,19:10:00,,"0.0",2,"Moto/Ciclomotor,Automóvil","Dean Funes Y Sarmiento",2,1,0,0,1,0,0,,"Calle",,"ROSARIO","Rosario","Asfalto","S/D","II","Dentro","Urbana","S/D","No existe","Intersección","Bueno","Buena","Atardecer","Buen Tiempo","Lateral","S/D","Colisión","S/D","S/D","S/D","S/D"
2015,7430,03/08/2015,"Lunes",0,13:50:00,,"0.0",2,"Bicicleta,Automóvil","San Nicolas Y Av la Plata",2,1,0,0,1,0,0,,"Avenida",,"VILLA GOBERNADOR GÁLVEZ","Rosario","Asfalto","No existe","II","S/D","Urbana","Ninguna","No existe","Intersección","Con baches","Buena","Diurna","Buen Tiempo","S/D","S/D","Atropello","Ninguna","Faltante","Ninguna","Sin restricción"
2015,7431,02/09/2015,"Miercoles",0,23:00:00,,"0.0",2,"Moto/Ciclomotor,Moto/Ciclomotor","Eva Peron Y Sgto Cabral",4,3,0,0,0,0,1,,"Calle",,"PUERTO SAN MARTÍN","San Lorenzo","Asfalto","Pavimento","XVII","Dentro","Urbana","Ninguna","No existe","Intersección","Bueno","Buena","Nocturna","Buen Tiempo","De alcance","S/D","Colisión","Ninguna","Faltante","Ninguna","Sin restricción"
2015,7432,30/08/2015,"Domingo",0,13:20:00,,"0.0",2,"Moto/Ciclomotor,Automóvil","Av Juan Domingo Peron Y Av Gral San Martin",3,2,0,0,1,0,0,,"Avenida",,"VILLA GOBERNADOR GÁLVEZ","Rosario","Asfalto","No existe","II","Dentro","Urbana","Semáforo","Funciona","Intersección","Bueno","Buena","Diurna","Buen Tiempo","Lateral","S/D","Colisión","Ninguna","Faltante","Ninguna","Sin restricción"
2015,7433,23/09/2015,"Miercoles",0,08:00:00,"Autopista Provincial Brigadier E.López","12.0",2,"Camión,Pickup/Utilitario"," ",2,1,0,0,1,0,0,,"Autopista","Brigadier E.López","FRAY LUIS BELTRÁN","San Lorenzo","Asfalto","Natural","XVII","Dentro","Rural","Marca Vial","No existe","Recta","Bueno","Buena","Diurna","Buen Tiempo","Frontal","S/D","Colisión","S/D","S/D","Guardarrail,Vegetación","Sin restricción"
2015,7434,20/08/2015,"Jueves",0,,,"0.0",2,"Otros,Otros","G Lopez Y Av Juan Domingo Peron",5,2,0,0,3,0,0,,"Calle",,"VILLA GOBERNADOR GÁLVEZ","Rosario","Asfalto","No existe","II","Dentro","Urbana","S/D","S/D","Recta","Bueno","Buena","Nocturna","S/D","S/D","S/D","S/D","Ninguna","Faltante","S/D","S/D"
2015,7435,14/08/2015,"Viernes",0,13:15:00,,"0.0",2,"Moto/Ciclomotor,Pickup/Utilitario","Bv. Segui Y Mariano Moreno",2,1,0,0,1,0,0,,"Avenida",,"ROSARIO","Rosario","Asfalto","S/D","II","Dentro","Urbana","S/D","No existe","Intersección","S/D","Buena","Diurna","Buen Tiempo","Lateral","S/D","Colisión","S/D","S/D","S/D","S/D"
2015,7436,02/09/2015,"Miercoles",0,16:45:00,,"0.0",2,"Automóvil,Moto/Ciclomotor","Av San Martin Y Guayaquil",2,1,0,0,1,0,0,,"Calle",,"FRAY LUIS BELTRÁN","San Lorenzo","Asfalto","No existe","XVII","Dentro","Urbana","Ninguna","No existe","Intersección","Bueno","Buena","Diurna","Buen Tiempo","Lateral","S/D","Colisión","Ninguna","Faltante","Ninguna","Sin restricción"
2015,7437,22/08/2015,"Sabado",0,,,"0.0",2,"Moto/Ciclomotor,Automóvil","17 de Octubre Y I A Edison",2,1,0,0,0,0,1,,"Calle",,"VILLA GOBERNADOR GÁLVEZ","Rosario","Asfalto","No existe","II","Dentro","Urbana","Ninguna","No existe","Recta","Con baches","Buena","Atardecer","Buen Tiempo","De alcance","S/D","Colisión","Ninguna","Faltante","Ninguna","Sin restricción"
2015,7438,14/08/2015,"Viernes",0,13:00:00,,"0.0",2,"Moto/Ciclomotor,Automóvil","Uruguay Y Paraguay",3,2,0,0,1,0,0,,"Calle",,"ROSARIO","Rosario","Asfalto","No existe","II","Dentro","Urbana","Señal Pare","No existe","Intersección","S/D","Buena","Diurna","Buen Tiempo","Lateral","S/D","Colisión","S/D","S/D","S/D","Sin restricción"
2015,7439,14/08/2015,"Viernes",0,12:50:00,,"0.0",2,"Moto/Ciclomotor,Automóvil","Uruguay Y Sarmiento",2,1,0,0,1,0,0,,"Calle",,"ROSARIO","Rosario","S/D","S/D","II","Dentro","Urbana","S/D","No existe","Intersección","Bueno","Buena","Diurna","Buen Tiempo","Lateral","S/D","Colisión","S/D","S/D","S/D","S/D"
2015,7440,23/08/2015,"Domingo",0,,,"0.0",2,"Moto/Ciclomotor,Moto/Ciclomotor","Av Juan Domingo Peron 100",2,1,0,0,1,0,0,,"Calle",,"VILLA GOBERNADOR GÁLVEZ","Rosario","Asfalto","No existe","II","S/D","Urbana","S/D","No existe","Recta","Con baches","Buena","Nocturna","Buen Tiempo","S/D","S/D","S/D","S/D","Faltante","Ninguna","S/D"
2015,7441,12/08/2015,"Miercoles",0,14:55:00,,"0.0",2,"Automóvil,Moto/Ciclomotor","Italia Y Uruguay",3,2,0,0,1,0,0,,"Calle",,"ROSARIO","Rosario","Asfalto","S/D","II","Dentro","Urbana","S/D","S/D","Intersección","S/D","Buena","Diurna","Buen Tiempo","Lateral","S/D","Colisión","S/D","S/D","S/D","S/D"
2015,7442,27/08/2015,"Jueves",0,18:15:00,,"0.0",2,"Moto/Ciclomotor,Automóvil","ESPAÑA Y GARAY",2,1,0,0,1,0,0,,"Calle",,"VILLA GOBERNADOR GÁLVEZ","Rosario","Asfalto","No existe","II","Dentro","Urbana","Ninguna","No existe","Intersección","Bueno","Buena","Atardecer","Buen Tiempo","Lateral","S/D","Colisión","Ninguna","Faltante","Ninguna","Sin restricción"
2015,7443,16/08/2015,"Domingo",0,23:30:00,,"0.0",1,"Moto/Ciclomotor","INMIGRANTE Y MARMOL",1,0,1,0,0,0,0,,"Calle",,"VILLA GOBERNADOR GÁLVEZ","Rosario","Asfalto","No existe","II","Dentro","Urbana","Ninguna","No existe","Intersección","Con baches","Reducida","Nocturna","Buen Tiempo","S/D","S/D","Caída ocupante","Ninguna","Faltante","Ninguna","Sin restricción"
2015,7444,28/09/2015,"Lunes",0,19:30:00,"Ruta Provincial Brigadier E.López","0.0",2,"Camión,Automóvil"," ",3,2,0,0,1,0,0,,"Ruta","Brigadier E.López","SAN LORENZO","San Lorenzo","S/D","S/D","XVII","Dentro","Urbana","S/D","S/D","S/D","S/D","S/D","Diurna","S/D","S/D","S/D","S/D","S/D","S/D","S/D","S/D"
2015,7445,02/08/2015,"Domingo",0,13:20:00,"Ruta Provincial 21","0.0",2,"Automóvil,Moto/Ciclomotor","27 DE FEBRERO ",2,1,0,0,1,0,0,,"Ruta",21,"PUEBLO ESTHER","Rosario","Asfalto","Natural","II","S/D","Urbana","Ninguna","No existe","Intersección","Bueno","Buena","Diurna","Buen Tiempo","Lateral","S/D","Colisión","Ninguna","Faltante","Línea divisoria pintada","Sin restricción"
2015,7446,25/09/2015,"Viernes",0,17:30:00,,"0.0",2,"Automóvil,Moto/Ciclomotor","Bv Oroño ",2,1,0,0,1,0,0,,"Calle",,"SAN LORENZO","San Lorenzo","S/D","S/D","XVII","Dentro","Urbana","S/D","S/D","S/D","S/D","S/D","Diurna","S/D","S/D","S/D","Colisión","S/D","S/D","S/D","S/D"