"anio_acci","nro_acci","fecha","desc_dia","fecha_aprox","hora_aprox","desc_ruta","km","cant_participantes","desc_participante","calle_avenida_km","total","heridos_leves","heridos_graves","heridos_gravisimos","ilesos","fallecidos","sin_datos","posicion_XY","desc_tipo_via","desc_ruta_ori","desc_loc","desc_dpto","desc_tipo_calzada","desc_tipo_banquina","desc_unidad_regional","desc_lugar_calzada","desc_zona","desc_prioridad","desc_estado_semaforo","desc_lugar_via","desc_estado_via","desc_estado_visibilidad","desc_luminosidad","desc_estado_clima","desc_tipo_colision","desc_tipo_atropello","desc_tipo_hecho","desc_pres_calzada","desc_senializacion","desc_separacion_via","desc_restriccion"
2015,7447,08/08/2015,"Sabado",0,22:30:00,"Ruta Nacional 9","276.0",3,"Camión,Automóvil,Automóvil"," ",5,2,0,0,3,0,0,,"Ruta",9,"PUEBLO ESTHER","Rosario","Asfalto","Natural","II","Dentro","Rural","Ninguna","No existe","Recta","Bueno","Buena","Nocturna","Buen Tiempo","Múltiple","S/D","Colisión","Ninguna","Vertical","Vegetación","Sin restricción"
2015,7448,23/09/2015,"Miercoles",0,08:08:00,,"0.0",2,"Moto/Ciclomotor,Taxi/Remis","Dorrego Y 9 de Julio",2,1,0,0,1,0,0,,"Calle",,"SAN LORENZO","San Lorenzo","S/D","S/D","XVII","Dentro","Urbana","S/D","S/D","S/D","S/D","S/D","Diurna","S/D","S/D","S/D","Colisión","S/D","S/D","S/D","S/D"
2015,7449,21/09/2015,"Lunes",0,18:40:00,,"0.0",2,"Automóvil,Moto/Ciclomotor","J J Passo ",4,3,0,0,1,0,0,,"Calle",,"SAN LORENZO","San Lorenzo","S/D","S/D","XVII","Dentro","Urbana","S/D","S/D","S/D","S/D","S/D","Diurna","S/D","S/D","S/D","Colisión","S/D","S/D","S/D","S/D"
2015,7450,04/08/2015,"Martes",0,21:00:00,"Autopista Nacional Gral. Juan Jose Valle","272.0",2,"Automóvil,Automóvil"," ",3,1,0,0,2,0,0,,"Autopista","Gral. Juan Jose Valle","GENERAL LAGOS","Rosario","Asfalto","Natural","II","S/D","Rural","Marca Vial","No existe","Recta","Bueno","Reducida","Nocturna","Buen Tiempo","De alcance","S/D","Colisión","S/D","Horizontal","Vegetación","Sin restricción"
2015,7451,15/08/2015,"Sabado",0,12:40:00,,"0.0",2,"Moto/Ciclomotor,Automóvil","Av Gral San Martin ",2,1,0,0,1,0,0,,"Calle",,"VILLA GOBERNADOR GÁLVEZ","Rosario","Asfalto","No existe","II","Dentro","Urbana","Semáforo","No funciona","Intersección","Bueno","Buena","Diurna","Buen Tiempo","Lateral","S/D","Colisión","S/D","Faltante","Ninguna","Sin restricción"
2015,7452,03/09/2015,"Jueves",0,09:00:00,,"0.0",2,"Automóvil,Moto/Ciclomotor","Jose Ingenieros Y Tte. roca",2,1,0,0,1,0,0,,"Calle",,"SAN LORENZO","San Lorenzo","S/D","S/D","XVII","Dentro","Urbana","S/D","S/D","Intersección","S/D","Buena","Diurna","Buen Tiempo","Lateral","S/D","Colisión","S/D","S/D","S/D","S/D"
2015,7453,05/08/2015,"Miercoles",0,22:45:00,"Autopista Nacional Gral. Juan Jose Valle","0.0",1,"Automóvil","San Jose ",2,1,0,0,1,0,0,,"Autopista","Gral. Juan Jose Valle","GENERAL LAGOS","Rosario","Asfalto","Natural","II","Dentro","Urbana","Ninguna","No existe","Recta","Bueno","Reducida","Nocturna","Buen Tiempo","S/D","S/D","Otro","S/D","Horizontal,Vertical","Vegetación","Sin restricción"
2015,7454,03/09/2015,"Jueves",0,12:00:00,,"0.0",1,"Automóvil","Av. Ntra.Sra.del Rosario Y Callao",2,1,0,0,1,0,0,,"Calle",,"ROSARIO","Rosario","Asfalto","Pavimento","II","Dentro","Urbana","Ninguna","No existe","Intersección","Bueno","Buena","Diurna","Buen Tiempo","Lateral","S/D","Colisión","S/D","S/D","Ninguna","Sin restricción"
2015,7455,12/08/2015,"Miercoles",0,12:10:00,,"0.0",2,"Moto/Ciclomotor,Transporte Escolar","Alvear Y 20 de Junio",2,1,0,0,1,0,0,,"Calle",,"VILLA GOBERNADOR GÁLVEZ","Rosario","S/D","S/D","II","Dentro","Urbana","S/D","S/D","S/D","S/D","S/D","Diurna","S/D","S/D","S/D","S/D","S/D","S/D","S/D","S/D"
2015,7456,19/09/2015,"Sabado",0,09:05:00,,"0.0",1,"Automóvil","Lamadrid Y Mariano Moreno",1,1,0,0,0,0,0,,"Calle",,"ROSARIO","Rosario","Asfalto","S/D","II","Dentro","Urbana","S/D","S/D","Intersección","Bueno","Buena","Diurna","Buen Tiempo","Contra objeto fijo","S/D","Colisión","S/D","S/D","Ninguna","Sin restricción"
2015,7457,01/09/2015,"Martes",1,20:00:00,"Ruta Nacional 11","0.0",2,"Pickup/Utilitario,Moto/Ciclomotor","Maestra Barragan - Ex Bs.As. ",2,1,0,0,1,0,0,,"Ruta",11,"FRAY LUIS BELTRÁN","San Lorenzo","Asfalto","Pavimento","XVII","Dentro","Urbana","Ninguna","No existe","Intersección","Bueno","Buena","Nocturna","Buen Tiempo","Frontal","S/D","Colisión","S/D","Faltante","Ninguna","Sin restricción"
2015,7458,01/09/2015,"Martes",0,17:45:00,"Ruta Nacional 11","0.0",2,"Automóvil,Moto/Ciclomotor","Maestra Barragan - Ex Bs.As. ",2,1,0,0,1,0,0,,"Ruta",11,"FRAY LUIS BELTRÁN","San Lorenzo","Asfalto","Ripio","XVII","Dentro","Urbana","Ninguna","No existe","Intersección","Bueno","Buena","Diurna","Buen Tiempo","Frontal","S/D","Colisión","S/D","Faltante","Ninguna","Sin restricción"
2015,7459,14/09/2015,"Lunes",0,07:55:00,,"0.0",2,"Moto/Ciclomotor,Automóvil","Dorrego Y Moreno",2,1,0,0,1,0,0,,"S/D",,"SAN LORENZO","San Lorenzo","S/D","S/D","XVII","S/D","S/D","S/D","S/D","S/D","S/D","S/D","S/D","S/D","S/D","S/D","S/D","S/D","S/D","S/D","S/D"
2015,7460,18/08/2015,"Martes",0,15:40:00,,"0.0",2,"Moto/Ciclomotor,Automóvil","Av Gral San Martin 3200",4,1,0,0,1,0,2,,"Calle",,"VILLA GOBERNADOR GÁLVEZ","Rosario","Asfalto","No existe","II","Dentro","Urbana","Ninguna","No existe","Recta","Bueno","Buena","Diurna","Buen Tiempo","Lateral","S/D","Colisión","S/D","Faltante","Ninguna","Sin restricción"
2015,7461,16/09/2015,"Miercoles",0,20:45:00,,"0.0",2,"Moto/Ciclomotor,Automóvil","Bv. Oroño Y Av. Circunvalacion",2,1,0,0,1,0,0,,"Avenida",,"ROSARIO","Rosario","Asfalto","Pavimento","II","Dentro","Urbana","S/D","No existe","Intersección","Bueno","Buena","Nocturna","Buen Tiempo","Lateral","S/D","Colisión","S/D","S/D","Ninguna","Sin restricción"
2015,7462,23/09/2015,"Miercoles",0,13:00:00,,"0.0",2,"Automóvil,Moto/Ciclomotor","Av San Martin Y Cayetano Nerbutti",2,2,0,0,0,0,0,,"Calle",,"PUERTO SAN MARTÍN","San Lorenzo","Asfalto","Pavimento","XVII","Dentro","Urbana","Policía de tránsito","No existe","Intersección","Bueno","Buena","Diurna","Lluvia","De alcance","S/D","Colisión","Agua","Faltante","Ninguna","Sin restricción"
2015,7463,08/09/2015,"Martes",0,17:15:00,,"0.0",2,"Peatón,Camión","Av. Arijon Y Balcarce",2,1,0,0,1,0,0,,"Avenida",,"ROSARIO","Rosario","Asfalto","Pavimento","II","Dentro","Urbana","Ninguna","S/D","Intersección","Bueno","Buena","Diurna","Buen Tiempo","S/D","S/D","Atropello","S/D","S/D","S/D","Sin restricción"
2015,7464,16/08/2015,"Domingo",0,03:35:00,,"0.0",2,"Moto/Ciclomotor,Automóvil","J A Roca ",2,1,0,0,1,0,0,,"Calle",,"VILLA GOBERNADOR GÁLVEZ","Rosario","Tierra","No existe","II","Dentro","Urbana","Ninguna","No existe","Intersección","Con baches","Reducida","Nocturna","Buen Tiempo","Lateral","S/D","Colisión","S/D","Faltante","Ninguna","Sin restricción"
2015,7465,13/09/2015,"Domingo",0,20:30:00,,"0.0",2,"Moto/Ciclomotor,Automóvil","Bateria Independencia 900",3,2,0,0,1,0,0,,"S/D",,"SAN LORENZO","San Lorenzo","S/D","S/D","XVII","S/D","S/D","S/D","S/D","S/D","S/D","S/D","S/D","S/D","S/D","S/D","S/D","S/D","S/D","S/D","S/D"
2015,7466,02/08/2015,"Domingo",0,20:20:00,,"0.0",2,"Moto/Ciclomotor,Pickup/Utilitario","San Luis 1600",2,1,0,0,1,0,0,,"Calle",,"VILLA GOBERNADOR GÁLVEZ","Rosario","Asfalto","No existe","II","Dentro","Urbana","Ninguna","No existe","Recta","Con baches","Reducida","Nocturna","Buen Tiempo","Lateral","S/D","Colisión","S/D","Faltante","Ninguna","Sin restricción"
2015,7467,10/08/2015,"Lunes",0,18:15:00,,"0.0",2,"Bicicleta,Automóvil","Soldado Aguirre Y Av Caferata",2,0,1,0,1,0,0,,"Calle",,"VILLA GOBERNADOR GÁLVEZ","Rosario","Asfalto","No existe","II","Dentro","Urbana","Ninguna","No existe","Intersección","Con baches","Buena","Atardecer","Buen Tiempo","S/D","S/D","Atropello","S/D","Faltante","Ninguna","Sin restricción"
2015,7468,17/09/2015,"Jueves",0,23:00:00,,"0.0",1,"Moto/Ciclomotor","Pte Hipolito Irigoyen Y Pte Juan D Peron",2,2,0,0,0,0,0,,"Calle",,"PUERTO SAN MARTÍN","San Lorenzo","Asfalto","Natural","XVII","Dentro","Urbana","Policía de tránsito","No existe","Recta","Bueno","Buena","Nocturna","Buen Tiempo","Otro","S/D","Caída ocupante","Ninguna","Faltante","Ninguna","Sin restricción"
2015,7469,03/08/2015,"Lunes",0,13:30:00,,"0.0",2,"Moto/Ciclomotor,Automóvil","Mitre Y Bomberos Voluntarios",2,1,0,0,1,0,0,,"Calle",,"VILLA GOBERNADOR GÁLVEZ","Rosario","Asfalto","No existe","II","Dentro","Urbana","Ninguna","No existe","Intersección","Bueno","Buena","Diurna","Buen Tiempo","S/D","S/D","Colisión","S/D","Faltante","Ninguna","Sin restricción"
2015,7470,12/09/2015,"Sabado",0,20:25:00,,"0.0",1,"Moto/Ciclomotor","Jose Ingenieros Y Brown",1,0,0,0,0,0,1,,"S/D",,"SAN LORENZO","San Lorenzo","S/D","S/D","XVII","S/D","S/D","S/D","S/D","S/D","S/D","S/D","S/D","S/D","S/D","S/D","S/D","S/D","S/D","S/D","S/D"
2015,7471,14/08/2015,"Viernes",0,18:00:00,,"0.0",2,"Moto/Ciclomotor,Pickup/Utilitario","Av Gral San Martin Y Emilio Zola",2,1,0,0,1,0,0,,"Calle",,"VILLA GOBERNADOR GÁLVEZ","Rosario","Asfalto","No existe","II","Dentro","Urbana","Semáforo","No existe","Intersección","Bueno","Buena","Atardecer","Buen Tiempo","Lateral","S/D","Colisión","S/D","Faltante","Ninguna","Sin restricción"
2015,7472,03/09/2015,"Jueves",0,08:50:00,"Ruta Nacional 9","0.0",2,"Moto/Ciclomotor,Pickup/Utilitario","Fiambala 100",3,2,0,0,1,0,0,,"Ruta",9,"ROLDÁN","San Lorenzo","Asfalto","Natural","XVII","Dentro","Urbana","Ninguna","No existe","Intersección","Bueno","Buena","Diurna","Buen Tiempo","Lateral","S/D","Colisión","S/D","Vertical","Ninguna","Sin restricción"
2015,7473,14/08/2015,"Viernes",0,21:10:00,,"0.0",2,"Moto/Ciclomotor,Automóvil","Bv San diego 476",5,2,0,0,3,0,0,,"Calle",,"VILLA GOBERNADOR GÁLVEZ","Rosario","Asfalto","No existe","II","Dentro","Urbana","Ninguna","No existe","Recta","Bueno","Reducida","Nocturna","Buen Tiempo","Lateral","S/D","Colisión","S/D","Faltante","Ninguna","Sin restricción"
2015,7474,15/09/2015,"Martes",0,13:45:00,,"0.0",2,"Moto/Ciclomotor,Automóvil","Av. Arijon Y Rodriguez",2,1,0,0,1,0,0,,"Avenida",,"ROSARIO","Rosario","Asfalto","Pavimento","II","Dentro","Urbana","Ninguna","No existe","Intersección","Bueno","Buena","Diurna","Buen Tiempo","Lateral","S/D","Colisión","S/D","S/D","Ninguna","Sin restricción"
2015,7475,11/09/2015,"Viernes",0,18:35:00,,"0.0",2,"Moto/Ciclomotor,Automóvil","Belgrano Y Av San Martin",3,2,0,0,1,0,0,,"S/D",,"SAN LORENZO","San Lorenzo","S/D","S/D","XVII","S/D","S/D","S/D","S/D","S/D","S/D","S/D","S/D","S/D","S/D","S/D","S/D","S/D","S/D","S/D","S/D"
2015,7476,06/09/2015,"Domingo",0,05:50:00,,"0.0",2,"Moto/Ciclomotor,Pickup/Utilitario","Av. Battle y Ordoñez Y Balcarce",3,2,0,0,1,0,0,,"Avenida",,"ROSARIO","Rosario","Asfalto","Pavimento","II","Dentro","Urbana","Ninguna","Intermitente","Intersección","Bueno","Buena","Nocturna","Buen Tiempo","Lateral","S/D","Colisión","S/D","S/D","Ninguna","Sin restricción"
2015,7477,09/09/2015,"Miercoles",0,11:20:00,,"0.0",1,"Moto/Ciclomotor","Ayohuma Y Perdriel",3,3,0,0,0,0,0,,"S/D",,"SAN LORENZO","San Lorenzo","S/D","S/D","XVII","S/D","S/D","S/D","S/D","S/D","S/D","S/D","S/D","S/D","S/D","S/D","S/D","S/D","S/D","S/D","S/D"
2015,7478,02/09/2015,"Miercoles",0,14:40:00,"Ruta Nacional 11","0.0",2,"Camión,Moto/Ciclomotor","Ruta Nac 11 Y Ayohuma",2,0,0,0,1,0,1,,"Ruta",11,"SAN LORENZO","San Lorenzo","S/D","S/D","XVII","S/D","S/D","S/D","S/D","S/D","S/D","S/D","S/D","S/D","S/D","S/D","S/D","S/D","S/D","S/D","S/D"
2015,7479,04/09/2015,"Viernes",0,06:50:00,,"0.0",2,"Bicicleta,Pickup/Utilitario","Av. Arijon Y Alvear",2,1,0,0,1,0,0,,"Avenida",,"ROSARIO","Rosario","Asfalto","Pavimento","II","Dentro","Urbana","Ninguna","No existe","Recta","Bueno","Buena","Amanecer","Buen Tiempo","S/D","S/D","Atropello","S/D","S/D","Ninguna","Sin restricción"
2015,7480,08/09/2015,"Martes",0,16:00:00,,"0.0",2,"Moto/Ciclomotor,Automóvil","España Y Gaboto",2,1,0,0,1,0,0,,"S/D",,"ROSARIO","Rosario","S/D","S/D","II","S/D","S/D","S/D","S/D","S/D","S/D","S/D","Diurna","S/D","S/D","S/D","S/D","S/D","S/D","S/D","S/D"
2015,7481,06/09/2015,"Domingo",0,,,"0.0",2,"Automóvil,Moto/Ciclomotor","Av. Uriburu Y Sarmiento",2,1,0,0,1,0,0,,"S/D",,"ROSARIO","Rosario","S/D","S/D","II","S/D","S/D","S/D","S/D","S/D","S/D","S/D","S/D","S/D","S/D","S/D","S/D","S/D","S/D","S/D","S/D"
2015,7482,05/09/2015,"Sabado",0,23:10:00,,"0.0",2,"Automóvil,Moto/Ciclomotor","San Martin Y Av. Uriburu",4,1,0,0,3,0,0,,"S/D",,"ROSARIO","Rosario","S/D","S/D","II","S/D","S/D","S/D","S/D","S/D","S/D","S/D","Nocturna","S/D","S/D","S/D","S/D","S/D","S/D","S/D","S/D"
2015,7483,05/09/2015,"Sabado",0,07:30:00,,"0.0",2,"Automóvil,Moto/Ciclomotor","Comodoro Rivadavia Y Callao",2,1,0,0,1,0,0,,"S/D",,"ROSARIO","Rosario","S/D","S/D","II","S/D","S/D","S/D","S/D","S/D","S/D","S/D","Diurna","S/D","S/D","S/D","S/D","S/D","S/D","S/D","S/D"
2015,7484,03/09/2015,"Jueves",0,13:30:00,,"0.0",2,"Pickup/Utilitario,Moto/Ciclomotor","España Y Saavedra",2,1,0,0,1,0,0,,"S/D",,"ROSARIO","Rosario","S/D","S/D","II","S/D","S/D","S/D","S/D","S/D","S/D","S/D","Diurna","S/D","S/D","S/D","S/D","S/D","S/D","S/D","S/D"
2015,7485,03/09/2015,"Jueves",0,13:50:00,,"0.0",2,"Automóvil,Moto/Ciclomotor","Bv. Segui Y Pte.Roca",3,2,0,0,1,0,0,,"S/D",,"ROSARIO","Rosario","S/D","S/D","II","S/D","S/D","S/D","S/D","S/D","S/D","S/D","Diurna","S/D","S/D","S/D","Colisión","S/D","S/D","S/D","S/D"
2015,7486,02/09/2015,"Miercoles",0,12:30:00,,"0.0",2,"Pickup/Utilitario,Moto/Ciclomotor","Uruguay Y Alvear",2,1,0,0,1,0,0,,"S/D",,"ROSARIO","Rosario","S/D","S/D","II","S/D","S/D","S/D","S/D","S/D","S/D","S/D","Diurna","S/D","S/D","S/D","S/D","S/D","S/D","S/D","S/D"
2015,7487,27/09/2015,"Domingo",0,20:00:00,,"0.0",2,"Moto/Ciclomotor,Automóvil","Ayacucho Y Dean Funes",4,3,0,0,1,0,0,,"Calle",,"ROSARIO","Rosario","Asfalto","No existe","II","Dentro","Urbana","Ninguna","No existe","Intersección","S/D","S/D","Nocturna","Buen Tiempo","Lateral","S/D","Colisión","Ninguna","Faltante","Ninguna","Sin restricción"
2015,7488,15/09/2015,"Martes",0,15:00:00,,"0.0",2,"Bicicleta,Automóvil","Belgrano Y Bv San Martin",2,1,0,0,1,0,0,,"Calle",,"ROLDÁN","San Lorenzo","Hormigón","S/D","XVII","Dentro","Urbana","Ninguna","S/D","Intersección","Bueno","S/D","S/D","Buen Tiempo","S/D","S/D","Atropello","S/D","S/D","Barrera de hormigón","S/D"
2015,7489,23/09/2015,"Miercoles",0,07:55:00,,"0.0",2,"Moto/Ciclomotor,Automóvil","Bv. Segui Y Laprida",3,2,0,0,1,0,0,,"Calle",,"ROSARIO","Rosario","Asfalto","No existe","II","Dentro","Urbana","Ninguna","No existe","Cruce","Bueno","Buena","Amanecer","Buen Tiempo","Lateral","S/D","Colisión","Ninguna","Faltante","Ninguna","Sin restricción"
2015,7490,23/09/2015,"Miercoles",0,08:35:00,,"0.0",2,"Moto/Ciclomotor,Automóvil","Buenos Aires Y Amenabar",2,1,0,0,1,0,0,,"Calle",,"ROSARIO","Rosario","Asfalto","No existe","II","Dentro","Urbana","Ninguna","No existe","Intersección","Bueno","Buena","Diurna","Buen Tiempo","De alcance","S/D","Colisión","Ninguna","Faltante","Ninguna","Sin restricción"
2015,7491,20/09/2015,"Domingo",0,19:00:00,,"0.0",2,"Moto/Ciclomotor,Otros","Ayolas Y Av. Circunvalacion",3,2,0,0,1,0,0,,"S/D",,"ROSARIO","Rosario","Asfalto","Pavimento","II","S/D","S/D","Ninguna","No existe","Recta","Bueno","Buena","Atardecer,Con luz artificial","Buen Tiempo","De alcance","S/D","Colisión","Ninguna","Faltante","Guardarrail","Sin restricción"
2015,7492,18/09/2015,"Viernes",0,22:30:00,,"0.0",2,"Moto/Ciclomotor,Automóvil","Dr.Rivas Y Beruti",3,2,0,0,1,0,0,,"Calle",,"ROSARIO","Rosario","Asfalto","No existe","II","Dentro","Urbana","Ninguna","No existe","Intersección","Bueno","Buena","Nocturna,Con luz artificial","Buen Tiempo","Lateral","S/D","Colisión","Ninguna","Faltante","Ninguna","Sin restricción"
2015,7493,19/09/2015,"Sabado",0,20:50:00,,"0.0",2,"Moto/Ciclomotor,Automóvil","Galvez Y La Pampa",2,0,1,0,1,0,0,,"Calle",,"ROLDÁN","San Lorenzo","Hormigón","No existe","XVII","Dentro","Urbana","Ninguna","Funciona","Intersección","Bueno","Buena","Diurna","Buen Tiempo","Lateral","S/D","Colisión","Ninguna","Faltante","Ninguna","Sin restricción"
2015,7494,06/09/2015,"Domingo",0,14:10:00,"Ruta Nacional 11","0.0",2,"Moto/Ciclomotor,Taxi/Remis"," ",2,1,0,0,1,0,0,,"Ruta",11,"ROSARIO","Rosario","Asfalto","Natural","XVII","Dentro","Urbana","Ninguna","No existe","Recta","Bueno","Buena","Diurna","Buen Tiempo","De alcance","S/D","Colisión","Ninguna","Faltante","S/D","S/D"
2015,7495,16/09/2015,"Miercoles",0,10:00:00,,"0.0",2,"Moto/Ciclomotor,Automóvil","Necochea Y Garay",3,2,0,0,1,0,0,,"Calle",,"ROSARIO","Rosario","S/D","S/D","II","Dentro","Urbana","Ninguna","S/D","Intersección","S/D","S/D","Diurna","Buen Tiempo","Lateral","S/D","Colisión","S/D","S/D","Ninguna","Sin restricción"
2015,7496,04/09/2015,"Viernes",0,21:30:00,"Ruta Nacional 9","0.0",2,"Moto/Ciclomotor,Automóvil","Rivadavia 500",3,2,0,0,1,0,0,,"Ruta",9,"ROLDÁN","San Lorenzo","Asfalto","Natural","XVII","Dentro","Urbana","Ninguna","No existe","Intersección","Bueno","Reducida","Nocturna","Buen Tiempo","Lateral","S/D","Colisión","S/D","Vertical","Ninguna","Sin restricción"
2015,7497,01/09/2015,"Martes",0,22:00:00,,"0.0",2,"Vehículo Oficial,Moto/Ciclomotor","Esmeralda Y Virasoro",4,1,0,0,2,0,1,,"Calle",,"ROSARIO","Rosario","Asfalto","No existe","II","Dentro","Urbana","Ninguna","No existe","Intersección","Bueno","Buena","Nocturna,Con luz artificial","Buen Tiempo","Lateral","S/D","Colisión","Ninguna","Faltante","Ninguna","Sin restricción"
2015,7498,13/09/2015,"Domingo",0,15:30:00,"Ruta Nacional 9","0.0",2,"Automóvil,Automóvil","Avenida Alberdi Y Catamarca",2,1,1,0,0,0,0,,"Ruta",9,"ROLDÁN","San Lorenzo","Asfalto","Natural","XVII","Dentro","Urbana","Ninguna","No existe","Intersección","Bueno","Buena","Diurna","Buen Tiempo","Lateral","S/D","Colisión","S/D","Vertical","Ninguna","Sin restricción"
2015,7499,15/09/2015,"Martes",0,10:00:00,,"0.0",2,"Automóvil,Moto/Ciclomotor","Gaboto Y Entre Rios",2,1,0,0,1,0,0,,"S/D",,"ROSARIO","Rosario","S/D","S/D","II","S/D","S/D","S/D","S/D","S/D","S/D","S/D","Diurna","S/D","S/D","S/D","S/D","S/D","S/D","S/D","S/D"
2015,7500,06/09/2015,"Domingo",0,01:20:00,,"0.0",2,"Moto/Ciclomotor,Automóvil","Bv. Oroño Y Av. Arijon",2,1,0,0,1,0,0,,"Avenida",,"ROSARIO","Rosario","Asfalto","Pavimento","II","Dentro","Urbana","Ninguna","Funciona","Intersección","Bueno","Buena","Diurna","Buen Tiempo","Lateral","S/D","Colisión","S/D","S/D","Ninguna","Sin restricción"
2015,7501,15/09/2015,"Martes",0,20:00:00,,"0.0",2,"Bicicleta,Automóvil","Fray Luis Beltran Y Bv Estanislao Lopez",2,1,0,0,1,0,0,,"Calle",,"ROLDÁN","San Lorenzo","Hormigón","No existe","XVII","Dentro","Urbana","Ninguna","No existe","Intersección","Bueno","Reducida","Con luz artificial","Buen Tiempo","Otro","S/D","Atropello","S/D","Vertical","Ninguna","Sin restricción"
2015,7502,15/09/2015,"Martes",0,13:45:00,,"0.0",2,"Moto/Ciclomotor,Automóvil","Cordoba Y Av. Belgrano",3,2,0,0,1,0,0,,"Avenida",,"ROSARIO","Rosario","Asfalto","Pavimento","XVII","Dentro","Urbana","Ninguna","No existe","Intersección","Bueno","Buena","Diurna","Buen Tiempo","Lateral","S/D","Colisión","Ninguna","Faltante","Ninguna","Sin restricción"
2015,7503,19/09/2015,"Sabado",0,20:20:00,,"0.0",2,"Automóvil,Peatón","Galvez Y La Pampa",2,0,1,0,1,0,0,,"Calle",,"ROLDÁN","San Lorenzo","Hormigón","No existe","XVII","Dentro","Urbana","S/D","S/D","Intersección","Bueno","S/D","S/D","S/D","S/D","S/D","Atropello","S/D","S/D","S/D","Sin restricción"
2015,7504,23/05/2015,"Sabado",0,08:00:00,"Ruta Provincial 18","38.5",2,"Automóvil,Automóvil"," ",6,0,5,0,0,1,0,"-33.351195, -60.790796","Ruta",18,"SANTA TERESA","Constitución","Hormigón","Natural","VI","Dentro","Rural","S/D","No existe","Recta","S/D","S/D","Diurna","S/D","Frontal","S/D","Colisión","S/D","Horizontal","Línea divisoria pintada","Sin restricción"
2015,7505,11/09/2015,"Viernes",0,21:00:00,,"0.0",2,"Moto/Ciclomotor,Moto/Ciclomotor","J B Alberdi Y Suiza",2,1,0,0,1,0,0,,"Calle",,"SAN LORENZO","San Lorenzo","S/D","S/D","XVII","Dentro","Urbana","S/D","S/D","Intersección","S/D","S/D","Nocturna","S/D","S/D","S/D","S/D","S/D","S/D","S/D","S/D"
2015,7506,18/09/2015,"Viernes",0,17:05:00,,"0.0",2,"Moto/Ciclomotor,Otros","Clemente Albelo Y España",2,1,0,0,0,0,1,,"Calle",,"SAN LORENZO","San Lorenzo","Asfalto","S/D","XVII","Dentro","Urbana","S/D","S/D","Intersección","Bueno","S/D","Diurna","S/D","S/D","S/D","Colisión","S/D","S/D","S/D","Sin restricción"
2015,7507,18/09/2015,"Viernes",0,21:10:00,,"0.0",2,"Vehículo Oficial,Moto/Ciclomotor","Luna Y General Lopez",6,2,0,0,3,0,1,,"Calle",,"SAN LORENZO","San Lorenzo","Hormigón","S/D","XVII","Dentro","Urbana","S/D","S/D","Intersección","S/D","S/D","S/D","S/D","S/D","S/D","S/D","S/D","S/D","S/D","S/D"
2015,7508,26/09/2015,"Sabado",0,21:10:00,,"0.0",1,,"Bv Oroño Y M Diaz Velez",2,1,0,0,1,0,0,,"Calle",,"SAN LORENZO","San Lorenzo","Hormigón","S/D","XVII","Dentro","Urbana","S/D","S/D","Intersección","Bueno","S/D","Nocturna","S/D","S/D","S/D","S/D","S/D","S/D","S/D","S/D"
2015,7509,26/09/2015,"Sabado",0,21:10:00,,"0.0",2,"Automóvil,Moto/Ciclomotor","Bv Oroño Y M Diaz Velez",2,1,0,0,1,0,0,,"Calle",,"SAN LORENZO","San Lorenzo","Hormigón","S/D","XVII","Dentro","Urbana","S/D","S/D","Intersección","Bueno","S/D","Nocturna","S/D","S/D","S/D","S/D","S/D","S/D","S/D","S/D"
2015,7510,13/09/2015,"Domingo",0,15:05:00,,"0.0",1,"Moto/Ciclomotor","Sarmiento Y Sgto Cabral",1,1,0,0,0,0,0,,"Calle",,"PUERTO SAN MARTÍN","San Lorenzo","Asfalto","Pavimento","XVII","Dentro","Urbana","Policía de tránsito","No existe","Intersección","Bueno","Buena","Diurna","Buen Tiempo","S/D","S/D","Caída ocupante","Ninguna","Faltante","Ninguna","Sin restricción"
2015,7511,27/09/2015,"Domingo",0,18:35:00,,"0.0",1,"Moto/Ciclomotor","Luna Y Irigoyen",1,1,0,0,0,0,0,,"Calle",,"SAN LORENZO","San Lorenzo","Asfalto","S/D","XVII","Dentro","Urbana","S/D","S/D","Intersección","S/D","S/D","Diurna","S/D","Atropello animal","S/D","Colisión","S/D","S/D","S/D","S/D"
2015,7512,12/09/2015,"Sabado",0,15:20:00,,"0.0",2,"Moto/Ciclomotor,Automóvil","Cordoba Y Reconquista",2,1,0,0,1,0,0,,"Calle",,"PUERTO SAN MARTÍN","San Lorenzo","Asfalto","Pavimento","XVII","Dentro","Urbana","Policía de tránsito","No existe","Intersección","Bueno","Buena","Diurna","Buen Tiempo","Lateral","S/D","Colisión","Ninguna","Faltante","Ninguna","Sin restricción"
2015,7513,17/09/2015,"Jueves",0,20:45:00,,"0.0",2,"Moto/Ciclomotor,Pickup/Utilitario","D Porteau Y Tucuman",2,1,0,0,1,0,0,,"Calle",,"SAN LORENZO","San Lorenzo","S/D","S/D","XVII","Dentro","Urbana","S/D","S/D","S/D","S/D","S/D","Nocturna","S/D","S/D","S/D","S/D","S/D","S/D","S/D","S/D"
2015,7514,12/09/2015,"Sabado",0,01:45:00,,"0.0",1,"Automóvil","Belgrano Y Brasil",1,1,0,0,0,0,0,,"Calle",,"PUERTO SAN MARTÍN","San Lorenzo","Asfalto","Pavimento","XVII","Dentro","Urbana","Ninguna","No existe","Intersección","Bueno","Buena","Nocturna","Buen Tiempo","Contra objeto fijo","S/D","Colisión","Ninguna","Faltante","Ninguna","S/D"
2015,7515,06/09/2015,"Domingo",0,23:30:00,,"0.0",2,"Moto/Ciclomotor,Automóvil","Esmeralda Y Pte.Quintana",2,1,0,0,1,0,0,,"Calle",,"ROSARIO","Rosario","Asfalto","No existe","II","Dentro","Urbana","Ninguna","Intermitente","Intersección","Bueno","Reducida","Nocturna,Con luz artificial","Buen Tiempo","Lateral","S/D","Colisión","Ninguna","Faltante","Ninguna","Sin restricción"
2015,7516,16/09/2015,"Miercoles",0,17:50:00,,"0.0",2,"Automóvil,Moto/Ciclomotor","Av San Martin Y Dr Ghio",2,1,0,0,1,0,0,,"Calle",,"SAN LORENZO","San Lorenzo","S/D","S/D","XVII","Dentro","Urbana","S/D","S/D","S/D","S/D","S/D","Diurna","S/D","S/D","S/D","S/D","S/D","S/D","S/D","S/D"
2015,7517,09/09/2015,"Miercoles",0,23:50:00,"Ruta Nacional 11","335.0",1,"Moto/Ciclomotor"," ",1,0,1,0,0,0,0,,"Ruta",11,"PUERTO SAN MARTÍN","San Lorenzo","Asfalto","Natural","XVII","Dentro","Urbana","Ninguna","No existe","Recta","Bueno","Buena","Nocturna","Buen Tiempo","S/D","S/D","Caída ocupante","S/D","S/D","S/D","Sin restricción"