"anio_acci","nro_acci","fecha","desc_dia","fecha_aprox","hora_aprox","desc_ruta","km","cant_participantes","desc_participante","calle_avenida_km","total","heridos_leves","heridos_graves","heridos_gravisimos","ilesos","fallecidos","sin_datos","posicion_XY","desc_tipo_via","desc_ruta_ori","desc_loc","desc_dpto","desc_tipo_calzada","desc_tipo_banquina","desc_unidad_regional","desc_lugar_calzada","desc_zona","desc_prioridad","desc_estado_semaforo","desc_lugar_via","desc_estado_via","desc_estado_visibilidad","desc_luminosidad","desc_estado_clima","desc_tipo_colision","desc_tipo_atropello","desc_tipo_hecho","desc_pres_calzada","desc_senializacion","desc_separacion_via","desc_restriccion"
2015,7518,04/09/2015,"Viernes",0,18:20:00,,"0.0",2,"Moto/Ciclomotor,Automóvil","Biedma 400",3,2,0,0,1,0,0,,"Calle",,"ROSARIO","Rosario","Asfalto","No existe","II","Dentro","Urbana","Ninguna","No existe","Recta","Bueno","Buena","Atardecer,Con luz artificial","Buen Tiempo","Frontal","S/D","Colisión","Ninguna","Faltante","Ninguna","Sin restricción"
2015,7519,07/09/2015,"Lunes",0,09:15:00,,"0.0",1,"Moto/Ciclomotor","Cordoba Y 9 de Julio",1,1,0,0,0,0,0,,"Calle",,"PUERTO SAN MARTÍN","San Lorenzo","Asfalto","Pavimento","XVII","Dentro","Urbana","Ninguna","No existe","Intersección","Bueno","Buena","Diurna","Buen Tiempo","S/D","S/D","Caída ocupante","Ninguna","Faltante","Ninguna","Sin restricción"
2015,7520,06/09/2015,"Domingo",0,19:00:00,,"0.0",2,"Moto/Ciclomotor,Automóvil","J B Alberdi Y Mendoza",2,1,0,0,1,0,0,,"Calle",,"PUERTO SAN MARTÍN","San Lorenzo","Asfalto","Natural","XVII","Dentro","Urbana","Ninguna","No existe","Intersección","Bueno","Buena","Atardecer","Buen Tiempo","Lateral","S/D","Colisión","Ninguna","Faltante","Ninguna","Sin restricción"
2015,7521,16/09/2015,"Miercoles",0,16:15:00,,"0.0",2,"Automóvil,Moto/Ciclomotor","Bv Oroño 2800",3,3,0,0,0,0,0,,"Calle",,"SAN LORENZO","San Lorenzo","S/D","S/D","XVII","Dentro","Urbana","S/D","S/D","S/D","S/D","S/D","Diurna","S/D","S/D","S/D","S/D","S/D","S/D","S/D","S/D"
2015,7522,04/09/2015,"Viernes",0,10:10:00,,"0.0",2,"Pickup/Utilitario,Pickup/Utilitario","Colon Y Pte.Quintana",2,1,0,0,1,0,0,,"Calle",,"ROSARIO","Rosario","Asfalto","No existe","II","Dentro","Urbana","Ninguna","No existe","Intersección","Bueno","Buena","Diurna","Buen Tiempo","Lateral","S/D","Colisión","Ninguna","Faltante","Ninguna","Sin restricción"
2015,7523,15/09/2015,"Martes",0,12:10:00,,"0.0",1,,"Cochabamba Y M de Iriondo",2,1,0,0,1,0,0,,"Calle",,"SAN LORENZO","San Lorenzo","S/D","S/D","XVII","Dentro","Urbana","S/D","S/D","S/D","S/D","S/D","Diurna","S/D","S/D","S/D","S/D","S/D","S/D","S/D","S/D"
2015,7524,15/09/2015,"Martes",0,12:10:00,,"0.0",2,"Moto/Ciclomotor,Automóvil","Cochabamba Y M de Iriondo",2,1,0,0,1,0,0,,"Calle",,"SAN LORENZO","San Lorenzo","S/D","S/D","XVII","Dentro","Urbana","S/D","S/D","S/D","S/D","S/D","Diurna","S/D","S/D","S/D","S/D","S/D","S/D","S/D","S/D"
2015,7525,22/09/2015,"Martes",0,,,"0.0",2,"Automóvil,Moto/Ciclomotor","Jose Hernandez Y Cabildo",2,1,0,0,1,0,0,,"Calle",,"CAPITÁN BERMÚDEZ","San Lorenzo","S/D","S/D","XVII","S/D","Urbana","S/D","S/D","Intersección","S/D","S/D","S/D","S/D","Frontal","S/D","Colisión","S/D","S/D","S/D","S/D"
2015,7526,08/09/2015,"Martes",0,11:30:00,,"0.0",2,"Bicicleta,Automóvil","Pje. Raffo 5200",2,1,0,0,1,0,0,,"Calle",,"ROSARIO","Rosario","S/D","S/D","II","S/D","Urbana","S/D","S/D","S/D","S/D","S/D","Diurna","S/D","S/D","S/D","Atropello","S/D","S/D","S/D","S/D"
2015,7527,01/09/2015,"Martes",0,13:35:00,,"0.0",2,"Automóvil,Moto/Ciclomotor","Martin de Pueyrredon Y Juan Jose Castelli",2,1,0,0,1,0,0,,"Calle",,"VENADO TUERTO","General López","Asfalto","No existe","VIII","Dentro","Urbana","S/D","No existe","Intersección","Bueno","Buena","Diurna","Buen Tiempo","Lateral","S/D","Colisión","S/D","S/D","S/D","S/D"
2015,7528,22/09/2015,"Martes",0,20:50:00,,"0.0",1,,"Urquiza Y Tucuman",2,1,0,0,1,0,0,,"Calle",,"ROLDÁN","San Lorenzo","Hormigón","No existe","XVII","Dentro","Urbana","Ninguna","No existe","Intersección","Bueno","Reducida","Nocturna,Con luz artificial","Buen Tiempo","Lateral","S/D","Colisión","S/D","Vertical","Ninguna","Sin restricción"
2015,7529,22/09/2015,"Martes",0,20:50:00,,"0.0",2,"Automóvil,Moto/Ciclomotor","Urquiza Y Tucuman",2,1,0,0,1,0,0,,"Calle",,"ROLDÁN","San Lorenzo","Hormigón","No existe","XVII","Dentro","Urbana","Ninguna","No existe","Intersección","Bueno","Reducida","Nocturna,Con luz artificial","Buen Tiempo","Lateral","S/D","Colisión","S/D","Vertical","Ninguna","Sin restricción"
2015,7530,01/09/2015,"Martes",0,13:45:00,,"0.0",2,"Automóvil,Moto/Ciclomotor","Juan Carlos Alberdi Y Leandro N Alem",3,1,1,0,1,0,0,,"Calle",,"VENADO TUERTO","General López","Asfalto","No existe","VIII","Dentro","Urbana","S/D","No existe","Intersección","Bueno","Buena","Diurna","Buen Tiempo","Lateral","S/D","Colisión","S/D","S/D","S/D","S/D"
2015,7531,26/09/2015,"Sabado",0,22:00:00,"Ruta Nacional A012","0.0",1,," ",2,1,0,0,1,0,0,,"Ruta","A012","ROLDÁN","San Lorenzo","Asfalto","Natural","XVII","Dentro","Urbana","Ninguna","No existe","Recta","Bueno","Reducida","Nocturna,Con luz artificial","Buen Tiempo","De alcance","S/D","Colisión","S/D","Vertical","Ninguna","Sin restricción"
2015,7532,26/09/2015,"Sabado",0,22:00:00,"Ruta Nacional A012","0.0",2,"Moto/Ciclomotor,Automóvil"," ",2,1,0,0,1,0,0,,"Ruta","A012","ROLDÁN","San Lorenzo","Asfalto","Natural","XVII","Dentro","Urbana","Ninguna","No existe","Recta","Bueno","Reducida","Nocturna,Con luz artificial","Buen Tiempo","De alcance","S/D","Colisión","S/D","Vertical","Ninguna","Sin restricción"
2015,7533,03/09/2015,"Jueves",0,21:20:00,,"0.0",2,"Automóvil,Automóvil","Cazadores Y Santiago",2,1,0,0,1,0,0,,"Calle",,"ROSARIO","Rosario","Asfalto","Pavimento","II","Dentro","Urbana","Ninguna","S/D","Intersección","Bueno","Buena","Nocturna,Con luz artificial","Buen Tiempo","Lateral","S/D","Colisión","S/D","S/D","Ninguna","Sin restricción"
2015,7534,14/09/2015,"Lunes",0,00:05:00,,"0.0",2,"Automóvil,Moto/Ciclomotor","Remedios de Escalada Y M Moreno",2,1,0,0,1,0,0,,"S/D",,"CAPITÁN BERMÚDEZ","San Lorenzo","Asfalto","S/D","XVII","Dentro","Urbana","S/D","S/D","Intersección","S/D","S/D","S/D","Buen Tiempo","S/D","S/D","Colisión","S/D","S/D","S/D","S/D"
2015,7535,23/09/2015,"Miercoles",0,22:40:00,"Ruta Nacional 11","0.0",2,"Camión,Pickup/Utilitario","Pte Juan D Peron ",2,1,0,0,1,0,0,,"Ruta",11,"PUERTO SAN MARTÍN","San Lorenzo","Asfalto","Natural","XVII","Dentro","Urbana","Policía de tránsito","No existe","Intersección","Bueno","Buena","Nocturna","Buen Tiempo","De alcance","S/D","Colisión","S/D","Faltante","Ninguna","Sin restricción"
2015,7536,14/09/2015,"Lunes",0,17:30:00,,"0.0",2,"Pickup/Utilitario,Automóvil","San Martin Y Anchorena",4,2,0,0,2,0,0,,"Calle",,"ROSARIO","Rosario","S/D","S/D","II","S/D","Urbana","S/D","S/D","S/D","S/D","S/D","Diurna","S/D","S/D","S/D","Colisión","S/D","S/D","S/D","S/D"
2015,7537,11/09/2015,"Viernes",0,21:00:00,,"0.0",2,"Automóvil,Moto/Ciclomotor","Rioja Y Rivadavia Bernardino",2,1,0,0,1,0,0,,"Calle",,"CAPITÁN BERMÚDEZ","San Lorenzo","S/D","S/D","XVII","S/D","Urbana","S/D","S/D","Intersección","S/D","S/D","S/D","Buen Tiempo","Lateral","S/D","Colisión","S/D","S/D","S/D","S/D"
2015,7538,02/09/2015,"Miercoles",0,13:00:00,,"0.0",2,"Moto/Ciclomotor,Vehículo Oficial","Guillermo Brown Y Almafuerte",2,1,0,0,1,0,0,,"Calle",,"VENADO TUERTO","General López","Asfalto","No existe","VIII","Dentro","Urbana","S/D","No existe","Intersección","Bueno","Buena","Diurna","Buen Tiempo","Lateral","S/D","Colisión","S/D","S/D","S/D","S/D"
2015,7539,05/09/2015,"Sabado",0,21:15:00,,"0.0",2,"Moto/Ciclomotor,Ambulancia","Falucho Y Alberdi Juan Bautista",3,0,2,0,1,0,0,,"Calle",,"VENADO TUERTO","General López","Asfalto","No existe","VIII","Dentro","Urbana","S/D","No existe","Intersección","Bueno","Buena","Nocturna,Con luz artificial","Buen Tiempo","Lateral","S/D","Colisión","S/D","S/D","S/D","S/D"
2015,7540,08/09/2015,"Martes",0,14:00:00,,"0.0",2,"Moto/Ciclomotor,Moto/Ciclomotor","Domingo Faustino Sarmiento Y Patricio Boyle",3,2,1,0,0,0,0,,"Calle",,"VENADO TUERTO","General López","Asfalto,Tierra,Ripio","No existe","VIII","Dentro","Urbana","S/D","No existe","Intersección","Con baches","Buena","Diurna","Buen Tiempo","Lateral","S/D","Colisión","S/D","S/D","S/D","S/D"
2015,7541,06/09/2015,"Domingo",0,02:45:00,,"0.0",1,"Moto/Ciclomotor","Jujuy Y Pte Peron",1,1,0,0,0,0,0,,"S/D",,"CAPITÁN BERMÚDEZ","San Lorenzo","S/D","S/D","XVII","S/D","S/D","S/D","S/D","Intersección","Bueno","S/D","S/D","S/D","S/D","S/D","S/D","S/D","S/D","S/D","S/D"
2015,7542,14/09/2015,"Lunes",0,07:10:00,,"0.0",2,"Transporte Escolar,Moto/Ciclomotor","Ameghino Y Dorrego",2,0,1,0,1,0,0,,"Calle",,"ROSARIO","Rosario","S/D","S/D","II","S/D","Urbana","S/D","S/D","S/D","S/D","S/D","Diurna","S/D","S/D","S/D","Colisión","S/D","S/D","S/D","S/D"
2015,7543,03/09/2015,"Jueves",0,17:45:00,,"0.0",2,"Pickup/Utilitario,Bicicleta","Av San Lorenzo Y Santa fe",2,1,0,0,1,0,0,,"Avenida",,"CAPITÁN BERMÚDEZ","San Lorenzo","S/D","S/D","XVII","Dentro","Urbana","S/D","S/D","Intersección","S/D","S/D","S/D","S/D","S/D","S/D","Atropello","S/D","S/D","S/D","S/D"
2015,7544,16/09/2015,"Miercoles",0,19:30:00,,"0.0",2,"Moto/Ciclomotor,Automóvil","Gral Manuel Belgrano Y Velez Sarsfield",2,0,1,0,1,0,0,,"Calle",,"VENADO TUERTO","General López","Asfalto","No existe","VIII","Dentro","Urbana","S/D","No existe","Recta","Bueno","Buena","Atardecer,Con luz artificial","S/D","S/D","S/D","S/D","S/D","S/D","S/D","S/D"
2015,7545,10/09/2015,"Jueves",0,07:45:00,,"0.0",1,"Moto/Ciclomotor","26 de Abril Y Guillermo Brown",1,1,0,0,0,0,0,,"Calle",,"VENADO TUERTO","General López","Ripio","No existe","VIII","Dentro","Urbana","S/D","No existe","Intersección","Con baches","Buena","Diurna","Buen Tiempo","Contra objeto fijo","S/D","Colisión","S/D","S/D","S/D","S/D"
2015,7546,17/09/2015,"Jueves",0,13:30:00,,"0.0",2,"Automóvil,Moto/Ciclomotor","Juan Lavalle Y 9 de Julio",2,1,0,0,1,0,0,,"Calle",,"VENADO TUERTO","General López","Asfalto","No existe","VIII","Dentro","Urbana","S/D","No existe","Intersección","Bueno","Buena","Diurna","S/D","S/D","S/D","S/D","S/D","S/D","S/D","S/D"
2015,7547,14/09/2015,"Lunes",0,16:20:00,,"0.0",2,"Bicicleta,Automóvil","Av. Corrientes Y Saavedra",2,1,0,0,1,0,0,,"Calle",,"ROSARIO","Rosario","S/D","S/D","II","S/D","Urbana","S/D","S/D","S/D","S/D","S/D","Diurna","S/D","S/D","S/D","Atropello","S/D","S/D","S/D","S/D"
2015,7548,17/09/2015,"Jueves",0,08:00:00,,"0.0",2,"Bicicleta,Automóvil","Av. Corrientes Y Centeno",3,2,0,0,1,0,0,,"Calle",,"ROSARIO","Rosario","S/D","S/D","II","S/D","Urbana","S/D","S/D","S/D","S/D","S/D","Diurna","S/D","S/D","S/D","Atropello","S/D","S/D","S/D","S/D"
2015,7549,02/09/2015,"Miercoles",0,13:40:00,,"0.0",2,"Moto/Ciclomotor,Automóvil","Dorrego Y Ituzaingo",2,1,0,0,1,0,0,,"Calle",,"ROSARIO","Rosario","Asfalto","S/D","II","Dentro","Urbana","S/D","No existe","Intersección","Bueno","Buena","Diurna","Buen Tiempo","Lateral","S/D","Colisión","S/D","S/D","S/D","S/D"
2015,7550,01/09/2015,"Martes",0,17:00:00,,"0.0",2,"Moto/Ciclomotor,Automóvil","Av. Battle y Ordoñez Y Av. Bermudez",2,1,0,0,1,0,0,,"Calle",,"ROSARIO","Rosario","Asfalto","No existe","II","Dentro","Urbana","Ninguna","No existe","Intersección","Bueno","Buena","Atardecer","S/D","S/D","S/D","Colisión","S/D","Horizontal","Ninguna","Sin restricción"
2015,7551,04/09/2015,"Viernes",0,20:15:00,,"0.0",2,"Bicicleta,Moto/Ciclomotor","Av. Battle y Ordoñez Y Entre Rios",2,1,0,0,0,0,1,,"Calle",,"ROSARIO","Rosario","Asfalto","No existe","II","Dentro","Urbana","Ninguna","No existe","Recta","Bueno","Buena","Nocturna","Buen Tiempo","S/D","S/D","Atropello","S/D","Horizontal","Cordón divisorio","Sin restricción"
2015,7552,14/09/2015,"Lunes",0,09:30:00,,"0.0",2,"Moto/Ciclomotor,Automóvil","Bv. Segui Y Santiago",2,1,0,0,1,0,0,,"Calle",,"ROSARIO","Rosario","S/D","S/D","II","S/D","Urbana","S/D","S/D","S/D","S/D","S/D","Diurna","S/D","S/D","S/D","Colisión","S/D","S/D","S/D","S/D"
2015,7553,12/09/2015,"Sabado",0,01:00:00,,"0.0",2,"Automóvil,Moto/Ciclomotor","Saavedra Y Entre Rios",2,1,0,0,1,0,0,,"Calle",,"ROSARIO","Rosario","S/D","S/D","II","S/D","Urbana","S/D","S/D","S/D","S/D","S/D","Nocturna","S/D","S/D","S/D","Colisión","S/D","S/D","S/D","S/D"
2015,7554,12/09/2015,"Sabado",0,14:50:00,,"0.0",2,"Automóvil,Automóvil","Bv. Oroño Y Garibaldi",2,1,0,0,1,0,0,,"Calle",,"ROSARIO","Rosario","S/D","S/D","II","S/D","Urbana","S/D","S/D","S/D","S/D","S/D","Diurna","S/D","S/D","S/D","Colisión","S/D","S/D","S/D","S/D"
2015,7555,05/09/2015,"Sabado",0,22:00:00,,"0.0",2,"Bicicleta,Automóvil","Av. Battle y Ordoñez Y Paraguay",2,1,0,0,1,0,0,,"Calle",,"ROSARIO","Rosario","Asfalto","No existe","II","Dentro","Urbana","Ninguna","No existe","Recta","Bueno","Buena","Nocturna","Otro","S/D","S/D","Atropello","Ninguna","Horizontal","Cordón divisorio","Sin restricción"
2015,7556,18/09/2015,"Viernes",0,12:40:00,,"0.0",2,"Moto/Ciclomotor,Automóvil","San Martin Y Patricios",3,1,0,0,2,0,0,,"Calle",,"ROSARIO","Rosario","Asfalto","No existe","II","Dentro","Urbana","Ninguna","No existe","Intersección","Bueno","Buena","Diurna","Otro","Otro","S/D","Colisión","Ninguna","Faltante","Ninguna","Sin restricción"
2015,7557,17/09/2015,"Jueves",0,18:40:00,,"0.0",2,"Moto/Ciclomotor,Pickup/Utilitario","Cabildo Y Sadi Carnot",2,1,0,0,1,0,0,,"Calle",,"ROSARIO","Rosario","Asfalto","No existe","II","Dentro","Urbana","Ninguna","No existe","Intersección","Bueno","Buena","Atardecer","Otro","Otro","S/D","Colisión","Ninguna","Horizontal","Ninguna","Sin restricción"
2015,7558,15/09/2015,"Martes",0,20:00:00,,"0.0",2,"Moto/Ciclomotor,Automóvil","San Martin Y Rui Barbosa",3,2,0,0,1,0,0,,"Avenida",,"ROSARIO","Rosario","S/D","No existe","II","Dentro","Urbana","Ninguna","No existe","Recta","Otro","Reducida","Nocturna","Otro","Otro","S/D","Colisión","Ninguna","Faltante","Cordón divisorio","Sin restricción"
2015,7559,19/09/2015,"Sabado",0,20:30:00,,"0.0",1,"Automóvil","Mariano Moreno Y Maestros Argentinos",3,3,0,0,0,0,0,,"Calle",,"VENADO TUERTO","General López","Ripio","No existe","VIII","Dentro","Urbana","S/D","No existe","Intersección","Con baches","Buena","Nocturna,Con luz artificial","S/D","S/D","S/D","S/D","S/D","S/D","S/D","S/D"
2015,7560,22/09/2015,"Martes",0,08:05:00,,"0.0",2,"Automóvil,Moto/Ciclomotor","Guillermo Brown Y Lisandro de la Torre",2,1,0,0,1,0,0,,"Avenida",,"VENADO TUERTO","General López","Asfalto","No existe","VIII","Dentro","Urbana","S/D","No existe","Intersección","Bueno","Buena","Diurna","S/D","S/D","S/D","S/D","S/D","S/D","S/D","S/D"
2015,7561,23/09/2015,"Miercoles",0,08:00:00,,"0.0",2,"Automóvil,Moto/Ciclomotor","España Y Nicolas Avellaneda",2,0,1,0,1,0,0,,"Calle",,"VENADO TUERTO","General López","Asfalto","No existe","VIII","Dentro","Urbana","S/D","No existe","Intersección","Bueno","Buena","Diurna","S/D","S/D","S/D","S/D","S/D","S/D","S/D","S/D"
2015,7562,23/09/2015,"Miercoles",0,08:55:00,,"0.0",2,"Moto/Ciclomotor,Camión","Maipu Y Lisandro de la Torre",2,1,0,0,1,0,0,,"Calle",,"VENADO TUERTO","General López","Asfalto","No existe","VIII","Dentro","Urbana","S/D","No existe","Intersección","Bueno","Buena","Diurna","S/D","S/D","S/D","S/D","S/D","S/D","S/D","S/D"
2015,7563,28/09/2015,"Lunes",0,,,"0.0",2,"Automóvil,Moto/Ciclomotor","Bernardino Rivadavia Y Juan Lavalle",2,1,0,0,1,0,0,,"Calle",,"VENADO TUERTO","General López","Ripio","No existe","VIII","Dentro","Urbana","S/D","No existe","Intersección","Con baches","S/D","S/D","S/D","S/D","S/D","S/D","S/D","S/D","S/D","S/D"
2015,7564,28/09/2015,"Lunes",0,,,"0.0",2,"Camión,Moto/Ciclomotor","Av Estrugamou Y Nicolas Avellaneda",2,1,0,0,1,0,0,,"Calle",,"VENADO TUERTO","General López","Asfalto","No existe","VIII","Dentro","Urbana","S/D","Funciona","Intersección","Bueno","Buena","S/D","S/D","S/D","S/D","S/D","S/D","S/D","S/D","S/D"
2015,7565,30/09/2015,"Miercoles",0,22:40:00,,"0.0",2,"Bicicleta,Automóvil","Av Estrugamou Y Dean Funes",2,1,0,0,1,0,0,,"Avenida",,"VENADO TUERTO","General López","Asfalto","No existe","VIII","Dentro","Urbana","S/D","No existe","Intersección","Bueno","Buena","Nocturna,Con luz artificial","S/D","S/D","S/D","Atropello","S/D","S/D","S/D","S/D"
2015,7566,03/09/2015,"Jueves",0,10:00:00,,"0.0",2,"Moto/Ciclomotor,Pickup/Utilitario","24 De Setiembre Y Alsina",2,1,0,0,1,0,0,,"Calle",,"ROSARIO","Rosario","Asfalto","No existe","II","Dentro","Urbana","Ninguna","No existe","Intersección","Deteriorada","Buena","Diurna","Buen Tiempo","Otro","S/D","Colisión","Ninguna","Faltante","Ninguna","Sin restricción"
2015,7567,04/09/2015,"Viernes",0,11:30:00,,"0.0",2,"Moto/Ciclomotor,Taxi/Remis","Bv. Segui Y L.N.Alem",2,1,0,0,1,0,0,,"Avenida",,"ROSARIO","Rosario","Asfalto","No existe","II","Dentro","Urbana","Ninguna","No existe","Intersección","Bueno","Buena","Diurna","Buen Tiempo","Lateral","S/D","Colisión","Ninguna","Faltante","S/D","Sin restricción"
2015,7568,03/09/2015,"Jueves",0,20:15:00,,"0.0",2,"Moto/Ciclomotor,Automóvil","Av. Corrientes Y Cochabamba",3,1,0,0,2,0,0,,"Calle",,"ROSARIO","Rosario","Asfalto","S/D","II","Dentro","Urbana","S/D","S/D","Intersección","Bueno","Buena","Nocturna,Con luz artificial","Buen Tiempo","Lateral","S/D","Colisión","S/D","S/D","S/D","S/D"
2015,7569,13/09/2015,"Domingo",0,15:00:00,,"0.0",2,"Moto/Ciclomotor,Pickup/Utilitario","Centeno Y Bv. Avellaneda",3,1,0,0,2,0,0,,"Avenida",,"ROSARIO","Rosario","Asfalto","No existe","II","Dentro","Urbana","Ninguna","No existe","Intersección","Bueno","Buena","Diurna","Buen Tiempo","S/D","S/D","Colisión","Ninguna","Faltante","Cordón divisorio","Sin restricción"
2015,7570,19/09/2015,"Sabado",0,23:40:00,,"0.0",2,"Moto/Ciclomotor,Automóvil","Centenario Y Pavon",2,1,0,0,1,0,0,,"Calle",,"ROSARIO","Rosario","Asfalto","No existe","II","Dentro","Urbana","Ninguna","No existe","Intersección","Bueno","Buena","Nocturna","S/D","Lateral","S/D","Colisión","S/D","Faltante","Ninguna","Sin restricción"
2015,7571,14/09/2015,"Lunes",0,23:15:00,,"0.0",2,"Moto/Ciclomotor,Automóvil","Ayacucho ",3,2,0,0,1,0,0,,"Calle",,"ROSARIO","Rosario","Asfalto","No existe","II","Dentro","Urbana","Semáforo","Intermitente","Intersección","S/D","S/D","Nocturna","S/D","Lateral","S/D","Colisión","S/D","S/D","Cordón divisorio","Sin restricción"
2015,7572,14/09/2015,"Lunes",0,22:45:00,,"0.0",2,"Moto/Ciclomotor,Automóvil","Ayacucho 4470",3,2,0,0,1,0,0,,"Calle",,"ROSARIO","Rosario","Asfalto","No existe","II","Dentro","Urbana","Ninguna","S/D","Recta","Bueno","Buena","Nocturna","S/D","De alcance","S/D","Colisión","S/D","S/D","S/D","Sin restricción"
2015,7573,08/09/2015,"Martes",0,21:10:00,,"0.0",2,"Moto/Ciclomotor,Automóvil","Ayacucho Y Caballito Criollo",3,1,0,0,2,0,0,,"Calle",,"ROSARIO","Rosario","Asfalto","No existe","II","Dentro","Urbana","Ninguna","No existe","Intersección","S/D","S/D","Nocturna","Buen Tiempo","Lateral","S/D","Colisión","S/D","S/D","Ninguna","Sin restricción"
2015,7574,02/09/2015,"Miercoles",0,17:00:00,,"0.0",2,"Moto/Ciclomotor,Automóvil","Bv. 27 De Febrero Y Callao",2,1,0,0,1,0,0,,"Avenida",,"ROSARIO","Rosario","S/D","S/D","II","Dentro","Urbana","S/D","S/D","Intersección","Bueno","Buena","Diurna","Buen Tiempo","Lateral","S/D","Colisión","S/D","S/D","Cordón divisorio","Sin restricción"
2015,7576,03/09/2015,"Jueves",0,03:15:00,,"0.0",2,"Moto/Ciclomotor,Transporte de Pasajeros Urbano (> 8 asientos)","Necochea Y Garibaldi",3,2,0,0,1,0,0,,"Calle",,"ROSARIO","Rosario","Asfalto","No existe","II","Dentro","Urbana","Ninguna","No existe","Intersección","Bueno","S/D","Nocturna","S/D","Lateral","S/D","Colisión","S/D","S/D","Ninguna","Sin restricción"
2015,7577,26/09/2015,"Sabado",0,08:10:00,,"0.0",2,"Moto/Ciclomotor,Automóvil","Bv. 27 De Febrero Y Bv. Oroño",2,1,0,0,1,0,0,,"Avenida",,"ROSARIO","Rosario","Asfalto","S/D","II","Dentro","Urbana","Semáforo","Funciona","Recta","Bueno","Buena","Diurna","Buen Tiempo","De alcance","S/D","Colisión","S/D","Vertical","S/D","S/D"
2015,7578,12/09/2015,"Sabado",0,14:30:00,,"0.0",2,"Camión,Automóvil","Garibaldi Y Pte.Roca",3,1,0,0,2,0,0,,"Calle",,"ROSARIO","Rosario","S/D","S/D","II","Dentro","Urbana","S/D","S/D","Intersección","S/D","Buena","Diurna","Buen Tiempo","Lateral","S/D","Colisión","S/D","S/D","S/D","S/D"
2015,7579,10/09/2015,"Jueves",0,23:30:00,,"0.0",2,"Automóvil,Moto/Ciclomotor","Bv. Segui Y Italia",2,1,0,0,1,0,0,,"Avenida",,"ROSARIO","Rosario","S/D","S/D","II","Dentro","Urbana","S/D","S/D","Intersección","S/D","Buena","Nocturna","Buen Tiempo","Lateral","S/D","Colisión","S/D","S/D","S/D","S/D"
2015,7580,01/09/2015,"Martes",0,,,"0.0",2,"Automóvil,Moto/Ciclomotor","French Y J.Colombres",2,1,0,0,1,0,0,,"Calle",,"ROSARIO","Rosario","Asfalto","No existe","II","S/D","Urbana","Ninguna","No existe","Recta","Resbaladiza","Reducida","Nocturna","Buen Tiempo","Lateral","S/D","Colisión","Material Suelto","Faltante","Ninguna","Sin restricción"
2015,7581,06/09/2015,"Domingo",0,,,"0.0",1,"Bicicleta","Acevedo Bis Y Av. Genova",2,2,0,0,0,0,0,,"Calle",,"ROSARIO","Rosario","Asfalto","S/D","II","Dentro","Urbana","Ninguna","S/D","Cruce","Bueno","Buena","Diurna","Buen Tiempo","Lateral","S/D","Colisión","Ninguna","Faltante","Ninguna","Sin restricción"
2015,7582,19/09/2015,"Sabado",0,20:00:00,,"0.0",2,"Automóvil,Moto/Ciclomotor","Rodo Y Pje. Castañares",2,1,0,0,1,0,0,,"Calle",,"ROSARIO","Rosario","Asfalto","S/D","II","S/D","Urbana","Ninguna","No existe","Recta","Otro","Buena","Diurna","Otro","Otro","S/D","Colisión","Otro","S/D","Ninguna","Sin restricción"
2015,7583,25/09/2015,"Viernes",0,16:40:00,,"0.0",2,"Moto/Ciclomotor,Automóvil","Rueda Y Dorrego",2,1,0,0,1,0,0,,"Calle",,"ROSARIO","Rosario","Asfalto","S/D","II","Dentro","Urbana","S/D","S/D","Intersección","Bueno","Buena","Diurna","Buen Tiempo","Lateral","S/D","Colisión","S/D","S/D","S/D","S/D"
2015,7584,10/09/2015,"Jueves",0,20:00:00,,"0.0",2,"Automóvil,Moto/Ciclomotor","Colombia Y French",2,1,0,0,1,0,0,,"Calle",,"ROSARIO","Rosario","Asfalto","S/D","II","S/D","Urbana","Ninguna","S/D","Recta","Otro","Reducida","Nocturna","Otro","Otro","S/D","Colisión","Ninguna","S/D","Ninguna","S/D"
2015,7585,09/09/2015,"Miercoles",0,13:45:00,,"0.0",2,"Automóvil,Moto/Ciclomotor","Bv. Segui Y Mitre",2,1,0,0,1,0,0,,"Avenida",,"ROSARIO","Rosario","S/D","S/D","II","Dentro","Urbana","S/D","S/D","Intersección","S/D","Buena","Diurna","Buen Tiempo","Lateral","S/D","Colisión","S/D","S/D","S/D","S/D"
2015,7586,23/09/2015,"Miercoles",0,05:50:00,,"0.0",2,"Moto/Ciclomotor,Automóvil","Bv. 27 De Febrero Y Av. Ovidio Lagos",2,1,0,0,1,0,0,,"Avenida",,"ROSARIO","Rosario","Asfalto","S/D","II","Dentro","Urbana","Semáforo","Funciona","Intersección","Bueno","Buena","Con luz artificial","Buen Tiempo","Lateral","S/D","Colisión","S/D","Vertical","Cordón divisorio","S/D"
2015,7587,14/11/2015,"Sabado",0,14:50:00,,"0.0",2,"Moto/Ciclomotor,Moto/Ciclomotor","Avenida 21 Y Calle 20",4,1,2,0,0,1,0,"-32.678634, -61.519104","Avenida",,"LAS PAREJAS","Belgrano","Asfalto","No existe","III","Dentro","Urbana","Ninguna","S/D","Recta","Bueno","Buena","Diurna","Buen Tiempo","Lateral","S/D","Colisión","Ninguna","Faltante","Ninguna","Sin restricción"
2015,7588,20/11/2015,"Viernes",0,14:17:00,,"0.0",2,"Moto/Ciclomotor,Camión"," ",2,0,0,0,1,1,0,"-32.960314, -60.684513","Calle",,"ROSARIO","Rosario","Asfalto","No existe","II","Dentro","Urbana","Semáforo","Funciona","Intersección","Bueno","Buena","Diurna","Buen Tiempo","Frontal","S/D","Colisión","Ninguna","Vertical","Ninguna","Sin restricción"