"anio_acci","nro_acci","fecha","desc_dia","fecha_aprox","hora_aprox","desc_ruta","km","cant_participantes","desc_participante","calle_avenida_km","total","heridos_leves","heridos_graves","heridos_gravisimos","ilesos","fallecidos","sin_datos","posicion_XY","desc_tipo_via","desc_ruta_ori","desc_loc","desc_dpto","desc_tipo_calzada","desc_tipo_banquina","desc_unidad_regional","desc_lugar_calzada","desc_zona","desc_prioridad","desc_estado_semaforo","desc_lugar_via","desc_estado_via","desc_estado_visibilidad","desc_luminosidad","desc_estado_clima","desc_tipo_colision","desc_tipo_atropello","desc_tipo_hecho","desc_pres_calzada","desc_senializacion","desc_separacion_via","desc_restriccion"
2015,7589,12/11/2015,"Jueves",0,23:00:00,,"0.0",1,"Moto/Ciclomotor","Av del Libertador 1400",1,0,0,0,0,1,0,"-33.021170, -60.632030","Avenida",,"VILLA GOBERNADOR GÁLVEZ","Rosario","Asfalto","S/D","II","S/D","S/D","S/D","S/D","Recta","Bueno","S/D","Nocturna","S/D","Contra objeto fijo","S/D","Colisión","S/D","S/D","S/D","S/D"
2015,7590,09/11/2015,"Lunes",0,00:30:00,"Ruta Nacional 11","435.5",2,"Moto/Ciclomotor,Bicicleta"," ",3,1,1,0,0,1,0,"-31.867647, -60.886509","Ruta",11,"DESVÍO ARIJÓN","San Jerónimo","Asfalto","Natural","XV","S/D","Urbana","Ninguna","No existe","Recta","Bueno","Reducida","Nocturna","Buen Tiempo","S/D","S/D","Atropello","S/D","Horizontal","Ninguna","Sin restricción"
2015,7591,05/11/2015,"Jueves",0,16:45:00,"Ruta Nacional A012","40.0",2,"Camión,Automóvil","AUTOP. ROSARIO-CORDOBA Y RTA. VIEJA 9",3,1,0,0,1,1,0,"-32.918987, -60.898059","Ruta","A012","ROLDÁN","San Lorenzo","Asfalto","Natural","XVII","Dentro","Urbana","Ninguna","No existe","Recta","Bueno","Buena","Diurna","Buen Tiempo","Frontal","S/D","Colisión","S/D","Faltante","Ninguna","Sin restricción"
2015,7592,07/11/2015,"Sabado",0,06:10:00,"Ruta Provincial 1","122.0",1,"Automóvil"," ",1,0,0,0,0,1,0,"-30.783415, -60.001788","Ruta",1,"COLONIA MASCIAS","Garay","Asfalto","Natural","VII","Fuera","Rural","Ninguna","No existe","Recta","Bueno","Buena","Diurna","Buen Tiempo","Contra objeto fijo","S/D","Colisión","Ninguna","Vertical","Línea divisoria pintada","Sin restricción"
2015,7593,15/11/2015,"Domingo",0,06:45:00,"Ruta Provincial 1","51.5",1,"Automóvil"," ",4,3,0,0,0,1,0,"-31.317178, -60.283152","Ruta",1,"SANTA ROSA DE CALCHINES","Garay","Asfalto","Natural","VII","S/D","Rural","Ninguna","No existe","Recta","Bueno","Buena","Amanecer","Buen Tiempo","S/D","S/D","Vuelco","Ninguna","S/D","S/D","Sin restricción"
2015,7594,11/11/2015,"Miercoles",0,12:10:00,"Ruta Secundaria 69-s","0.0",2,"Moto/Ciclomotor,Automóvil","5 KM AL ESTE DE MOISES VILLE ",2,0,0,0,1,1,0,"-30.714702, -61.482155","Ruta","69-s","MOISÉS VILLE","San Cristóbal","Asfalto","Natural","XIII","Dentro","S/D","Ninguna","No existe","Recta","Con baches","Buena","Diurna","Buen Tiempo","Frontal","S/D","Colisión","Ninguna","Faltante","Ninguna","Sin restricción"
2015,7595,14/09/2015,"Lunes",0,21:00:00,,"0.0",2,"Automóvil,Taxi/Remis","9 De Julio 1100",3,2,0,0,1,0,0,,"Calle",,"ROSARIO","Rosario","Asfalto","S/D","II","Dentro","Urbana","Ninguna","No existe","Recta","Bueno","Reducida","Nocturna","Buen Tiempo","Frontal","S/D","Colisión","S/D","Faltante","Cordón divisorio","Sin restricción"
2015,7596,10/09/2015,"Jueves",0,21:10:00,,"0.0",2,"Automóvil,Moto/Ciclomotor","Bv. Oroño 900",2,1,0,0,1,0,0,,"Calle",,"ROSARIO","Rosario","Asfalto","S/D","II","Dentro","Urbana","Semáforo","Funciona","Recta","Bueno","Buena","Nocturna","Buen Tiempo","Frontal","S/D","Colisión","S/D","Faltante","Cordón divisorio","Sin restricción"
2015,7597,14/09/2015,"Lunes",0,17:30:00,,"0.0",2,"Automóvil,Moto/Ciclomotor","San Juan 1740",2,1,0,0,1,0,0,,"Calle",,"ROSARIO","Rosario","Asfalto","Pavimento","II","Dentro","Urbana","Ninguna","No existe","Recta","Bueno","Buena","Diurna","Buen Tiempo","Frontal","S/D","Colisión","S/D","Faltante","Cordón divisorio","Sin restricción"
2015,7598,23/09/2015,"Miercoles",0,05:50:00,,"0.0",2,"Automóvil,Automóvil","Av. Pellegrini Y Entre Rios",2,1,0,0,1,0,0,,"Calle",,"ROSARIO","Rosario","Asfalto","No existe","II","Dentro","Urbana","Semáforo","Funciona","Recta","Bueno","Buena","Amanecer","Buen Tiempo","Lateral","S/D","Colisión","S/D","S/D","Cordón divisorio","Sin restricción"
2015,7599,25/09/2015,"Viernes",0,16:30:00,,"0.0",2,"Automóvil,Moto/Ciclomotor","3 De Febrero Y España",2,1,0,0,1,0,0,,"Calle",,"ROSARIO","Rosario","Asfalto","No existe","II","Dentro","Urbana","Ninguna","No existe","Intersección","Bueno","Buena","Diurna","Buen Tiempo","Lateral","S/D","Colisión","S/D","S/D","Cordón divisorio","Sin restricción"
2015,7600,23/09/2015,"Miercoles",0,20:00:00,,"0.0",2,"Transporte de Pasajeros Urbano (> 8 asientos),Automóvil","Mariano Moreno Y Santa Fe",2,1,0,0,1,0,0,,"Calle",,"ROSARIO","Rosario","Asfalto","No existe","II","Dentro","Urbana","Ninguna","S/D","Recta","Bueno","Buena","Nocturna","Buen Tiempo","Lateral","S/D","Colisión","S/D","S/D","Cordón divisorio","Sin restricción"
2015,7601,26/09/2015,"Sabado",0,05:30:00,,"0.0",1,"Taxi/Remis","Balcarce Y 3 De Febrero",3,1,0,0,2,0,0,,"Calle",,"ROSARIO","Rosario","Asfalto","No existe","II","Dentro","Urbana","Ninguna","No existe","Intersección","Bueno","Buena","Atardecer","Buen Tiempo","Lateral","S/D","Colisión","S/D","S/D","Cordón divisorio","Sin restricción"
2015,7602,22/09/2015,"Martes",0,09:30:00,,"0.0",2,"Automóvil,Peatón","Mariano Moreno Y Montevideo",2,1,0,0,1,0,0,,"Calle",,"ROSARIO","Rosario","Asfalto","S/D","II","Dentro","Urbana","Ninguna","S/D","Intersección","Bueno","S/D","Diurna","Buen Tiempo","S/D","S/D","Atropello","S/D","S/D","Cordón divisorio","Sin restricción"
2015,7603,05/09/2015,"Sabado",0,18:00:00,,"0.0",2,"Moto/Ciclomotor,Automóvil","España 1300",2,1,0,0,1,0,0,,"Calle",,"ROSARIO","Rosario","Asfalto","S/D","II","Dentro","Urbana","Ninguna","No existe","Recta","Bueno","Buena","Atardecer","Buen Tiempo","Frontal","S/D","Colisión","S/D","S/D","Cordón divisorio","Sin restricción"
2015,7604,07/09/2015,"Lunes",0,20:00:00,,"0.0",2,"Automóvil,Peatón","Rioja Y Sarmiento",2,1,0,0,1,0,0,,"Calle",,"ROSARIO","Rosario","Asfalto","S/D","II","Dentro","Urbana","Ninguna","No existe","Intersección","Bueno","Buena","Nocturna","Buen Tiempo","S/D","S/D","Atropello","S/D","S/D","Cordón divisorio","Sin restricción"
2015,7605,15/09/2015,"Martes",0,20:00:00,,"0.0",2,"Bicicleta,Taxi/Remis","Bv. Oroño Y Montevideo",2,1,0,0,1,0,0,,"Avenida",,"ROSARIO","Rosario","Asfalto","Pavimento","II","Dentro","Urbana","Ninguna","No existe","Intersección","Bueno","Buena","Nocturna","Buen Tiempo","S/D","S/D","Atropello","S/D","Faltante","Cordón divisorio","Sin restricción"
2015,7606,03/09/2015,"Jueves",0,18:00:00,,"0.0",2,"Automóvil,Bicicleta","Dorrego Y 3 De Febrero",2,1,0,0,1,0,0,,"Calle",,"ROSARIO","Rosario","Asfalto","S/D","II","Dentro","Urbana","Ninguna","No existe","Recta","Bueno","Buena","Diurna","Buen Tiempo","S/D","S/D","Atropello","S/D","Faltante","Cordón divisorio","Sin restricción"
2015,7607,12/09/2015,"Sabado",0,21:15:00,,"0.0",1,"Moto/Ciclomotor","3 De Febrero Y Pte.Roca",2,1,0,0,1,0,0,,"S/D",,"ROSARIO","Rosario","Asfalto","Pavimento","II","Dentro","Urbana","Ninguna","No existe","Recta","Bueno","Buena","Nocturna","Buen Tiempo","S/D","S/D","Colisión","S/D","S/D","Cordón divisorio","Sin restricción"
2015,7608,08/09/2015,"Martes",0,11:30:00,,"0.0",2,"Pickup/Utilitario,Moto/Ciclomotor","Uruguay Y Callao",2,1,0,0,1,0,0,,"S/D",,"ROSARIO","Rosario","S/D","S/D","II","S/D","S/D","S/D","S/D","S/D","S/D","S/D","S/D","S/D","S/D","S/D","S/D","S/D","S/D","S/D","S/D"
2015,7609,08/09/2015,"Martes",0,17:30:00,,"0.0",2,"Moto/Ciclomotor,Automóvil","Sarmiento Y Anchorena",2,1,0,0,1,0,0,,"S/D",,"ROSARIO","Rosario","S/D","S/D","II","S/D","S/D","S/D","S/D","S/D","S/D","S/D","S/D","S/D","S/D","S/D","S/D","S/D","S/D","S/D","S/D"
2015,7610,07/09/2015,"Lunes",0,16:10:00,,"0.0",2,"Moto/Ciclomotor,Pickup/Utilitario","1 de Mayo Y Dr.Rivas",2,1,0,0,1,0,0,,"Calle",,"ROSARIO","Rosario","Asfalto","No existe","II","Dentro","Urbana","Ninguna","No existe","Intersección","Bueno","Buena","Diurna","Buen Tiempo","Lateral","S/D","Colisión","Ninguna","Faltante","Ninguna","Sin restricción"
2015,7611,21/04/2015,"Martes",0,08:45:00,,"0.0",2,"Moto/Ciclomotor,Pickup/Utilitario","S/D Y S/D",3,0,1,0,0,0,2,,"Calle",,"LA RUBIA","San Cristóbal","Asfalto","S/D","XIII","Dentro","Urbana","S/D","S/D","Recta","S/D","Buena","Diurna","S/D","S/D","S/D","Colisión","S/D","S/D","S/D","S/D"
2015,7612,21/04/2015,"Martes",0,14:15:00,"Ruta Nacional 34","390.0",1,"Moto/Ciclomotor"," ",1,1,0,0,0,0,0,,"Ruta",34,"CERES","San Cristóbal","S/D","S/D","XIII","Dentro","Urbana","S/D","S/D","Recta","S/D","Buena","Diurna","S/D","S/D","S/D","Caída ocupante","S/D","S/D","S/D","S/D"
2015,7613,10/09/2015,"Jueves",0,12:50:00,,"0.0",2,"Moto/Ciclomotor,Bicicleta","Av Dr Luis Chapuis Y Guillermo Dimmer",2,1,0,0,1,0,0,,"Calle",,"VENADO TUERTO","General López","Asfalto","No existe","VIII","Dentro","Urbana","S/D","No existe","Recta","Bueno","Buena","Diurna","S/D","S/D","S/D","Atropello","S/D","S/D","S/D","S/D"
2015,7614,21/04/2015,"Martes",0,22:30:00,"Ruta Provincial 23","0.0",1,"Moto/Ciclomotor"," ",1,1,0,0,0,0,0,,"Ruta",23,"SAN GUILLERMO","San Cristóbal","S/D","S/D","XIII","Dentro","Urbana","S/D","S/D","S/D","S/D","S/D","Nocturna","S/D","S/D","S/D","Caída ocupante","S/D","S/D","S/D","S/D"
2015,7615,14/04/2015,"Martes",0,,,"0.0",2,"Moto/Ciclomotor,Pickup/Utilitario","Garigliani Y Belgrano",2,1,0,0,1,0,0,,"Calle",,"SUARDI","San Cristóbal","S/D","S/D","XIII","Dentro","Urbana","S/D","S/D","Intersección","S/D","S/D","S/D","S/D","S/D","S/D","Colisión","S/D","S/D","S/D","S/D"
2015,7616,12/09/2015,"Sabado",0,11:30:00,,"0.0",2,"Moto/Ciclomotor,Automóvil","Francia Y Lopez",3,0,0,1,2,0,0,,"Calle",,"VENADO TUERTO","General López","Asfalto","No existe","VIII","Dentro","Urbana","S/D","No existe","Intersección","Bueno","Buena","Diurna","S/D","S/D","S/D","S/D","S/D","S/D","S/D","S/D"
2015,7617,17/09/2015,"Jueves",0,15:00:00,,"0.0",2,"Automóvil,Moto/Ciclomotor","Rodriguez Y 3 De Febrero",3,1,0,0,2,0,0,,"Calle",,"ROSARIO","Rosario","Asfalto","S/D","II","S/D","Urbana","S/D","S/D","S/D","S/D","S/D","Diurna","S/D","S/D","S/D","Colisión","S/D","S/D","S/D","S/D"
2015,7618,10/09/2015,"Jueves",0,11:15:00,,"0.0",2,"Automóvil,Moto/Ciclomotor","Paraguay Y Pje. E.Diaz",2,1,0,0,1,0,0,,"S/D",,"ROSARIO","Rosario","S/D","S/D","II","S/D","S/D","S/D","S/D","S/D","S/D","S/D","S/D","S/D","S/D","S/D","S/D","S/D","S/D","S/D","S/D"
2015,7619,15/04/2015,"Miercoles",0,13:00:00,,"0.0",2,"Moto/Ciclomotor,Moto/Ciclomotor","Pueyrredon Y Gral Paz",3,2,1,0,0,0,0,,"Calle",,"SAN CRISTÓBAL","San Cristóbal","S/D","S/D","XIII","Dentro","Urbana","S/D","S/D","S/D","S/D","Buena","Diurna","S/D","S/D","S/D","Colisión","S/D","S/D","S/D","S/D"
2015,7620,15/04/2015,"Miercoles",0,,,"0.0",2,"Pickup/Utilitario,Moto/Ciclomotor","S/D ",2,1,0,0,1,0,0,,"Calle",,"COLONIA ROSA","San Cristóbal","S/D","S/D","XIII","Dentro","Urbana","S/D","S/D","S/D","S/D","S/D","S/D","S/D","S/D","S/D","Colisión","S/D","S/D","S/D","S/D"
2015,7621,16/09/2015,"Miercoles",0,13:25:00,,"0.0",2,"Automóvil,Bicicleta","Gral Jose de San Martin Y Nicolas Avellaneda",2,1,0,0,1,0,0,,"S/D",,"VENADO TUERTO","General López","Asfalto","No existe","VIII","Dentro","Urbana","S/D","No existe","Intersección","Bueno","Buena","Diurna","S/D","S/D","S/D","Atropello","S/D","S/D","S/D","S/D"
2015,7622,29/09/2015,"Martes",0,13:00:00,,"0.0",2,"Automóvil,Peatón","Urquiza Y Sarmiento",2,1,0,0,1,0,0,,"Calle",,"ROSARIO","Rosario","Asfalto","No existe","II","Dentro","Urbana","Ninguna","S/D","Intersección","Bueno","Buena","Diurna","Buen Tiempo","Otro","S/D","Atropello","Otro","Faltante","Ninguna","Sin restricción"
2015,7623,07/09/2015,"Lunes",0,11:40:00,,"0.0",2,"Moto/Ciclomotor,Automóvil","Calle 28 - San Lorenzo Y Calle 25-Rivadavia",2,1,0,0,1,0,0,,"Calle",,"RECONQUISTA","General Obligado","Asfalto","No existe","IX","Dentro","Urbana","Ninguna","No existe","Intersección","Bueno","Buena","Diurna","Buen Tiempo","De alcance","S/D","Colisión","S/D","Faltante","Ninguna","Sin restricción"
2015,7624,23/09/2015,"Miercoles",0,21:20:00,,"0.0",1,"Moto/Ciclomotor","San Lorenzo Y Av. Corrientes",2,1,0,0,1,0,0,,"Calle",,"ROSARIO","Rosario","Asfalto","No existe","II","Dentro","Urbana","Ninguna","S/D","Intersección","Bueno","Buena","Nocturna,Con luz artificial","Buen Tiempo","Frontal","S/D","Colisión","Otro","Faltante","Ninguna","Sin restricción"
2015,7625,07/09/2015,"Lunes",0,17:10:00,,"0.0",2,"Automóvil,Moto/Ciclomotor","Bv. Oroño Y Catamarca",3,2,0,0,1,0,0,,"Calle",,"ROSARIO","Rosario","Asfalto","No existe","II","Dentro","Urbana","Ninguna","S/D","Intersección","Bueno","Buena","Diurna","Buen Tiempo","Frontal","S/D","Colisión","Otro","Faltante","Ninguna","Sin restricción"
2015,7626,21/09/2015,"Lunes",0,22:20:00,,"0.0",2,"Moto/Ciclomotor,Automóvil","Av. Wheelwright Y Entre Rios",2,1,0,0,1,0,0,,"Avenida",,"ROSARIO","Rosario","Asfalto","No existe","II","Dentro","Urbana","Ninguna","S/D","Intersección","Bueno","Buena","Nocturna","Buen Tiempo","S/D","S/D","Colisión","Otro","Faltante","Ninguna","Sin restricción"
2015,7627,02/09/2015,"Miercoles",0,11:00:00,,"0.0",2,"Automóvil,Moto/Ciclomotor","San Martin Y Ayolas",2,1,0,0,1,0,0,,"Avenida",,"ROSARIO","Rosario","S/D","S/D","II","Dentro","Urbana","Semáforo","Funciona","Intersección","S/D","Buena","Diurna","Buen Tiempo","Lateral","S/D","Colisión","S/D","S/D","S/D","Sin restricción"
2015,7628,18/09/2015,"Viernes",0,13:55:00,,"0.0",2,"Moto/Ciclomotor,Automóvil","Mariano Moreno Y Catamarca",2,1,0,0,1,0,0,,"Calle",,"ROSARIO","Rosario","Asfalto","No existe","II","Dentro","Urbana","Ninguna","S/D","Intersección","Bueno","S/D","Diurna","Buen Tiempo","Lateral","S/D","Colisión","Otro","Faltante","Ninguna","Sin restricción"
2015,7629,02/09/2015,"Miercoles",0,21:20:00,,"0.0",2,"Automóvil,Moto/Ciclomotor","San Martin Y 24 De Setiembre",2,1,0,0,1,0,0,,"Avenida",,"ROSARIO","Rosario","S/D","S/D","II","Dentro","Urbana","S/D","No existe","Intersección","S/D","Buena","Nocturna,Con luz artificial","Buen Tiempo","Lateral","S/D","Colisión","S/D","S/D","S/D","S/D"
2015,7630,17/09/2015,"Jueves",0,11:10:00,,"0.0",2,"Moto/Ciclomotor,Automóvil","Paraguay Y San Lorenzo",2,1,0,0,1,0,0,,"Calle",,"ROSARIO","Rosario","Asfalto","No existe","II","Dentro","Urbana","Ninguna","S/D","Intersección","Bueno","Buena","Diurna","Buen Tiempo","Lateral","S/D","Colisión","Otro","S/D","Ninguna","Sin restricción"
2015,7631,01/09/2015,"Martes",0,13:50:00,,"0.0",2,"Automóvil,Automóvil","Saavedra Y Mariano Moreno",2,1,0,0,1,0,0,,"Calle",,"ROSARIO","Rosario","S/D","S/D","II","Dentro","Urbana","S/D","No existe","Intersección","S/D","Buena","Diurna","Buen Tiempo","Lateral","S/D","Colisión","S/D","S/D","S/D","S/D"
2015,7632,16/09/2015,"Miercoles",0,12:25:00,,"0.0",2,"Automóvil,Moto/Ciclomotor","Av. E.Lopez Y Dorrego",2,1,0,0,1,0,0,,"Calle",,"ROSARIO","Rosario","Asfalto","No existe","II","Dentro","Urbana","Ninguna","S/D","Intersección","Bueno","Buena","Diurna","Buen Tiempo","Lateral","S/D","Colisión","Otro","Faltante","Ninguna","Sin restricción"
2015,7633,14/09/2015,"Lunes",0,19:50:00,,"0.0",1,"Moto/Ciclomotor","Av. Battle y Ordoñez Y Pje. Villegas",2,2,0,0,0,0,0,,"Avenida",,"ROSARIO","Rosario","Asfalto","No existe","II","Dentro","Urbana","Ninguna","No existe","Recta","Bueno","Buena","Atardecer","Viento Fuerte","S/D","S/D","Caída ocupante","Ninguna","Faltante","Cordón divisorio","Sin restricción"
2015,7634,27/09/2015,"Domingo",0,09:50:00,,"0.0",2,"Moto/Ciclomotor,Moto/Ciclomotor","Av. Wheelwright Y Entre Rios",3,2,0,0,1,0,0,,"Calle",,"ROSARIO","Rosario","Asfalto","No existe","II","Dentro","Urbana","Ninguna","S/D","Intersección","Bueno","Buena","Diurna","Buen Tiempo","Frontal","S/D","Colisión","Otro","Faltante","Ninguna","Sin restricción"
2015,7635,29/09/2015,"Martes",0,12:10:00,,"0.0",2,"Bicicleta,Automóvil","Riobamba 1",2,1,0,0,1,0,0,,"Calle",,"ROSARIO","Rosario","Asfalto","No existe","II","Dentro","Urbana","Otra Señal","No existe","Recta","Bueno","Buena","Diurna","Buen Tiempo","S/D","S/D","Atropello","Ninguna","Horizontal","Ninguna","Sin restricción"
2015,7636,20/09/2015,"Domingo",0,,,"0.0",2,"Automóvil,Transporte de Pasajeros Urbano (> 8 asientos)"," ",2,1,0,0,1,0,0,,"S/D",,"ROSARIO","Rosario","S/D","S/D","II","S/D","S/D","S/D","S/D","S/D","S/D","S/D","S/D","S/D","S/D","S/D","Colisión","S/D","S/D","S/D","S/D"
2015,7637,16/09/2015,"Miercoles",0,21:30:00,,"0.0",2,"Moto/Ciclomotor,Transporte de Pasajeros Urbano (> 8 asientos)","Cerrito Y Colon",2,1,0,0,1,0,0,,"Calle",,"ROSARIO","Rosario","Asfalto","No existe","II","Dentro","Urbana","S/D","No existe","Intersección","Bueno","Buena","Nocturna","Buen Tiempo","Lateral","S/D","Colisión","Ninguna","Horizontal","Ninguna","Sin restricción"
2015,7638,09/09/2015,"Miercoles",0,07:15:00,,"0.0",2,"Moto/Ciclomotor,Taxi/Remis","Necochea Y Ituzaingo",3,2,0,0,1,0,0,,"Calle",,"ROSARIO","Rosario","Asfalto","No existe","II","Dentro","Urbana","S/D","S/D","Recta","Bueno","Buena","Amanecer","Lluvia","Lateral","S/D","Colisión","Agua","Vertical","Ninguna","S/D"
2015,7639,11/09/2015,"Viernes",0,17:00:00,,"0.0",2,"Moto/Ciclomotor,Pickup/Utilitario","Calle 17-Bartolome Mitre ",3,1,0,0,0,0,2,,"Calle",,"RECONQUISTA","General Obligado","Asfalto","Pavimento","IX","Dentro","Urbana","Ninguna","No existe","Recta","Bueno","Buena","Atardecer","Buen Tiempo","De alcance","S/D","Colisión","S/D","Faltante","Ninguna","Sin restricción"
2015,7640,09/09/2015,"Miercoles",0,,,"0.0",2,"Automóvil,Automóvil","Benegas Y J.Colombres",2,2,0,0,0,0,0,,"Calle",,"ROSARIO","Rosario","Asfalto","No existe","II","Dentro","Urbana","Ninguna","No existe","Intersección","Bueno","Buena","Diurna","Buen Tiempo","Frontal","S/D","Colisión","Ninguna","Faltante","Ninguna","Sin restricción"
2015,7641,18/09/2015,"Viernes",0,09:00:00,,"0.0",2,"Automóvil,Moto/Ciclomotor","Av. Pellegrini Y Cafferata",2,1,0,0,1,0,0,,"Calle",,"ROSARIO","Rosario","Asfalto","S/D","II","S/D","Urbana","S/D","S/D","S/D","S/D","S/D","Diurna","S/D","S/D","S/D","Colisión","S/D","S/D","S/D","S/D"
2015,7642,30/09/2015,"Miercoles",0,06:25:00,,"0.0",2,"Moto/Ciclomotor,Bicicleta","Calle 35-Espa±a Y CAlle 37-Bvard. lovato",2,1,1,0,0,0,0,,"Calle",,"RECONQUISTA","General Obligado","Asfalto","No existe","IX","Dentro","Urbana","Ninguna","No existe","Curva","Bueno","Reducida","Diurna","Buen Tiempo","De alcance","S/D","Atropello","S/D","Faltante","Ninguna","Sin restricción"
2015,7643,17/09/2015,"Jueves",0,,,"0.0",2,"Taxi/Remis,Moto/Ciclomotor","Lavalle Y Av. Pellegrini",2,1,0,0,1,0,0,,"Calle",,"ROSARIO","Rosario","S/D","S/D","II","S/D","Urbana","S/D","S/D","S/D","S/D","S/D","S/D","S/D","S/D","S/D","Colisión","S/D","S/D","S/D","S/D"
2015,7644,17/09/2015,"Jueves",0,20:30:00,"Ruta Nacional 11","790.0",3,"Automóvil,Bicicleta,Bicicleta"," ",3,2,0,0,1,0,0,,"Ruta",11,"RECONQUISTA","General Obligado","Hormigón","Ripio","IX","Dentro","Urbana","Ninguna","No existe","Recta","Bueno","Buena","Nocturna,Con luz artificial","Buen Tiempo","Múltiple","S/D","Atropello","S/D","S/D","Ninguna","Sin restricción"
2015,7645,04/09/2015,"Viernes",0,11:00:00,,"0.0",2,"Moto/Ciclomotor,Pickup/Utilitario","San Martin Y Lima",2,1,0,0,1,0,0,,"Calle",,"ROSARIO","Rosario","S/D","S/D","II","S/D","Urbana","S/D","S/D","S/D","S/D","S/D","Diurna","S/D","S/D","S/D","Colisión","S/D","S/D","S/D","S/D"
2015,7646,14/09/2015,"Lunes",0,04:30:00,,"0.0",2,"Automóvil,Automóvil","Av. Ovidio Lagos Y 9 De Julio",2,1,0,0,1,0,0,,"Calle",,"ROSARIO","Rosario","S/D","S/D","II","S/D","Urbana","S/D","S/D","S/D","S/D","S/D","Amanecer","S/D","S/D","S/D","Colisión","S/D","S/D","S/D","S/D"
2015,7647,11/09/2015,"Viernes",0,08:15:00,,"0.0",2,"Automóvil,Moto/Ciclomotor","San Luis Y Vera Mujica",2,1,0,0,1,0,0,,"Calle",,"ROSARIO","Rosario","S/D","S/D","II","S/D","Urbana","S/D","S/D","S/D","S/D","S/D","Diurna","S/D","S/D","S/D","Colisión","S/D","S/D","S/D","S/D"
2015,7648,07/05/2015,"Jueves",0,23:30:00,,"0.0",2,"Automóvil,Moto/Ciclomotor","Av Pte Peron Y Iturraspe",2,0,1,0,1,0,0,,"Avenida",,"SANTA FE","La Capital","Asfalto,Hormigón","S/D","I","Dentro","Urbana","S/D","S/D","Intersección","S/D","S/D","Nocturna","S/D","Lateral","S/D","Colisión","S/D","S/D","S/D","S/D"
2015,7649,09/05/2015,"Sabado",0,16:00:00,,"0.0",2,"Automóvil,Automóvil","Bv. Rondeau Y Galicia",5,2,0,0,3,0,0,,"Calle",,"ROSARIO","Rosario","S/D","S/D","II","Dentro","Urbana","S/D","S/D","Intersección","S/D","S/D","Diurna","S/D","S/D","S/D","Colisión","S/D","S/D","S/D","S/D"
2015,7650,14/05/2015,"Jueves",0,06:30:00,"Ruta Nacional A007","9.0",2,"Peatón,Camión","CIRCUNVALACION OESTE KM 9 ",2,0,0,0,1,1,0,"-31.597014, -60.745253","Ruta","A007","SANTA FE","La Capital","Hormigón","Natural","I","Dentro","Urbana","S/D","S/D","S/D","S/D","S/D","Amanecer","S/D","S/D","S/D","Atropello","S/D","S/D","S/D","S/D"
2015,7651,13/09/2015,"Domingo",0,06:35:00,"Ruta Nacional 8","372.0",2,"Automóvil,Pickup/Utilitario"," ",3,1,0,0,2,0,0,,"Ruta",8,"VENADO TUERTO","General López","S/D","S/D","VIII","Dentro","Urbana","S/D","S/D","Recta","S/D","S/D","Diurna","S/D","S/D","S/D","Colisión","S/D","S/D","S/D","S/D"
2015,7652,29/09/2015,"Martes",0,23:10:00,,"0.0",2,"Moto/Ciclomotor,Automóvil","Benegas ",2,0,1,0,0,0,1,,"Calle",,"ROSARIO","Rosario","Asfalto","S/D","II","Dentro","Urbana","Ninguna","S/D","Recta","Bueno","Reducida","Nocturna","Otro","S/D","S/D","Colisión","S/D","S/D","Ninguna","Sin restricción"
2015,7653,26/09/2015,"Sabado",0,22:40:00,,"0.0",2,"Automóvil,Moto/Ciclomotor","Tarragona Y Tucuman",2,1,0,0,0,0,1,,"Calle",,"ROSARIO","Rosario","Asfalto","S/D","II","Dentro","Urbana","Semáforo","S/D","Intersección","Bueno","S/D","Diurna","Otro","S/D","S/D","Colisión","S/D","S/D","Cordón divisorio","Sin restricción"
2015,7654,07/09/2015,"Lunes",0,,,"0.0",2,"Automóvil,Moto/Ciclomotor","Rodo Y Navarro",2,1,0,0,1,0,0,,"Calle",,"ROSARIO","Rosario","Asfalto","Pavimento","II","Dentro","Urbana","Ninguna","No existe","Intersección","Bueno","Buena","Diurna","Buen Tiempo","Lateral","S/D","Colisión","S/D","S/D","Ninguna","Sin restricción"
2015,7655,28/09/2015,"Lunes",0,12:30:00,,"0.0",2,"Automóvil,Pickup/Utilitario","Piedrabuena Y Monte Flores",2,1,0,0,1,0,0,,"Calle",,"ROSARIO","Rosario","Ripio","No existe","II","Dentro","Urbana","S/D","No existe","Intersección","S/D","Buena","Diurna","Buen Tiempo","Lateral","S/D","Colisión","S/D","Faltante","S/D","S/D"
2015,7656,06/09/2015,"Domingo",0,19:00:00,,"0.0",2,"Bicicleta,Moto/Ciclomotor","Acevedo Bis Y Garay",2,0,0,0,0,0,2,,"Calle",,"ROSARIO","Rosario","Asfalto","Pavimento","II","Dentro","Urbana","Ninguna","No existe","Recta","Bueno","Reducida","Diurna","Otro","S/D","S/D","Atropello","S/D","S/D","Ninguna","Sin restricción"
2015,7657,07/09/2015,"Lunes",0,23:40:00,,"0.0",2,"Automóvil,Moto/Ciclomotor","Navarro Y Rodo",2,0,0,0,0,0,2,,"Calle",,"ROSARIO","Rosario","Asfalto","S/D","II","Dentro","Urbana","Ninguna","No existe","Recta","Bueno","Reducida","Nocturna","Otro","S/D","S/D","Colisión","Otro","S/D","Ninguna","S/D"
2015,7658,15/09/2015,"Martes",0,19:35:00,,"0.0",2,"Moto/Ciclomotor,Transporte de Pasajeros Urbano (> 8 asientos)","San Luis Y Laprida",2,1,0,0,1,0,0,,"Calle",,"ROSARIO","Rosario","Asfalto","S/D","II","Dentro","Urbana","S/D","S/D","Intersección","S/D","Buena","Diurna","S/D","Otro","S/D","Colisión","S/D","S/D","S/D","S/D"
2015,7659,21/09/2015,"Lunes",0,21:00:00,,"0.0",2,"Moto/Ciclomotor,Automóvil","Benegas Y Muniagurria",2,1,0,0,0,0,1,,"Calle",,"ROSARIO","Rosario","Asfalto","Pavimento","II","Dentro","Urbana","Ninguna","No existe","Recta","S/D","Reducida","Diurna","Otro","S/D","S/D","Colisión","Otro","S/D","Ninguna","S/D"