"anio_acci","nro_acci","fecha","desc_dia","fecha_aprox","hora_aprox","desc_ruta","km","cant_participantes","desc_participante","calle_avenida_km","total","heridos_leves","heridos_graves","heridos_gravisimos","ilesos","fallecidos","sin_datos","posicion_XY","desc_tipo_via","desc_ruta_ori","desc_loc","desc_dpto","desc_tipo_calzada","desc_tipo_banquina","desc_unidad_regional","desc_lugar_calzada","desc_zona","desc_prioridad","desc_estado_semaforo","desc_lugar_via","desc_estado_via","desc_estado_visibilidad","desc_luminosidad","desc_estado_clima","desc_tipo_colision","desc_tipo_atropello","desc_tipo_hecho","desc_pres_calzada","desc_senializacion","desc_separacion_via","desc_restriccion"
2015,7660,19/09/2015,"Sabado",0,10:20:00,"Autopista Nacional Gral. Juan Jose Valle","279.0",1,"Automóvil"," ",4,4,0,0,0,0,0,,"Autopista","Gral. Juan Jose Valle","ALVEAR","Rosario","Asfalto","Natural","II","Fuera","Rural","Ninguna","No existe","Recta","Bueno","Buena","Diurna","Buen Tiempo","S/D","S/D","Vuelco","S/D","Horizontal","Vegetación","Sin restricción"
2015,7661,13/09/2015,"Domingo",0,12:55:00,,"0.0",2,"Automóvil,Peatón","Italia Y Mendoza",2,1,0,0,1,0,0,,"Calle",,"ROSARIO","Rosario","Asfalto","S/D","II","Dentro","Urbana","Ninguna","No existe","Intersección","Bueno","S/D","Diurna","Buen Tiempo","S/D","S/D","Atropello","S/D","S/D","Cordón divisorio","Sin restricción"
2015,7662,13/09/2015,"Domingo",0,05:10:00,,"0.0",2,"Automóvil,Automóvil","Bv. Oroño Y Rioja",3,1,0,0,2,0,0,,"Calle",,"ROSARIO","Rosario","Asfalto","S/D","II","Dentro","Urbana","Semáforo","Funciona","Intersección","Bueno","Buena","Amanecer","Buen Tiempo","Lateral","S/D","Colisión","S/D","Vertical","Cordón divisorio","Sin restricción"
2015,7663,14/09/2015,"Lunes",0,17:40:00,,"0.0",2,"Moto/Ciclomotor,Automóvil","Av. Uriburu Y Av. Circunvalacion",3,2,0,0,1,0,0,,"Calle",,"ROSARIO","Rosario","Asfalto","Pavimento","II","Dentro","Urbana","Ninguna","No existe","Intersección","Bueno","Buena","Atardecer","Buen Tiempo","S/D","S/D","Colisión","S/D","Faltante","Ninguna","Sin restricción"
2015,7664,14/09/2015,"Lunes",0,00:30:00,,"0.0",2,"Moto/Ciclomotor,Automóvil","Crespo Y Garibaldi",3,1,0,1,1,0,0,,"Calle",,"ROSARIO","Rosario","Asfalto","No existe","II","Dentro","Urbana","Ninguna","No existe","Intersección","Deteriorada","Buena","Nocturna","Buen Tiempo","S/D","S/D","Colisión","S/D","Faltante","Vegetación","Sin restricción"
2015,7665,24/09/2015,"Jueves",0,17:00:00,,"0.0",2,"Moto/Ciclomotor,Pickup/Utilitario","Crespo Y Bv. Segui",2,1,0,0,1,0,0,,"Calle",,"ROSARIO","Rosario","Asfalto","No existe","II","Dentro","Urbana","Ninguna","No existe","Intersección","Bueno","Buena","Atardecer","Buen Tiempo","S/D","S/D","Colisión","S/D","Faltante","Barrera de hormigón","Sin restricción"
2015,7666,20/09/2015,"Domingo",0,22:40:00,,"0.0",2,"Automóvil,Moto/Ciclomotor","España Y Virasoro",2,1,0,0,1,0,0,,"Calle",,"ROSARIO","Rosario","Asfalto","S/D","II","Dentro","Urbana","S/D","S/D","Intersección","Bueno","Buena","Nocturna,Con luz artificial","Buen Tiempo","Lateral","S/D","Colisión","S/D","S/D","S/D","S/D"
2015,7667,14/09/2015,"Lunes",0,20:50:00,,"0.0",2,"Peatón,Automóvil","Centeno Y Vera Mujica",2,1,0,0,1,0,0,,"Calle",,"ROSARIO","Rosario","Asfalto","No existe","II","Dentro","Urbana","Ninguna","No existe","Intersección","Deteriorada","Buena","Nocturna","Buen Tiempo","S/D","S/D","Atropello","S/D","Faltante","Vegetación","Sin restricción"
2015,7668,21/09/2015,"Lunes",0,17:15:00,,"0.0",2,"Automóvil,Camión","Amenabar Y Italia",5,1,0,0,4,0,0,,"Calle",,"ROSARIO","Rosario","Asfalto","S/D","II","Dentro","Urbana","Señal Pare","S/D","Intersección","Bueno","Buena","Diurna","Buen Tiempo","Lateral","S/D","Colisión","S/D","Vertical","S/D","S/D"
2015,7669,19/09/2015,"Sabado",0,14:30:00,,"0.0",2,"Moto/Ciclomotor,Automóvil","Bv. 27 De Febrero Y España",3,2,0,0,1,0,0,,"Avenida",,"ROSARIO","Rosario","Asfalto","S/D","II","Dentro","Urbana","Semáforo","Funciona","Intersección","Bueno","Buena","Diurna","Buen Tiempo","Lateral","S/D","Colisión","S/D","Vertical","S/D","S/D"
2015,7670,16/09/2015,"Miercoles",0,17:30:00,,"0.0",2,"Automóvil,Peatón","E.Zeballos Y Laprida",2,1,0,0,1,0,0,,"Calle",,"ROSARIO","Rosario","Asfalto","S/D","II","Dentro","Urbana","Paso Peatonal","S/D","Intersección","Bueno","S/D","Diurna","S/D","S/D","S/D","Atropello","S/D","S/D","Cordón divisorio","S/D"
2015,7671,19/09/2015,"Sabado",0,13:30:00,"Autopista Nacional Gral. Juan Jose Valle","3.0",2,"Automóvil,Moto/Ciclomotor"," ",2,1,0,0,1,0,0,,"Autopista","Gral. Juan Jose Valle","ALVEAR","Rosario","Asfalto","Natural","II","Dentro","Rural","Ninguna","No existe","Recta","Bueno","Buena","Diurna","Buen Tiempo","De alcance","S/D","Colisión","S/D","Faltante","Línea divisoria pintada","Sin restricción"
2015,7672,26/09/2015,"Sabado",0,,"Ruta Secundaria 22-s","0.0",2,"Moto/Ciclomotor,Moto/Ciclomotor","Soldado Aguirre Y Ruta Prov 22 S",2,2,0,0,0,0,0,,"Ruta","22-s","VILLA GOBERNADOR GÁLVEZ","Rosario","Asfalto","No existe","II","Dentro","Urbana","S/D","No existe","Intersección","Deteriorada","Buena","Diurna","Buen Tiempo","Lateral","S/D","Colisión","Material Suelto","Faltante","S/D","Sin restricción"
2015,7673,16/09/2015,"Miercoles",0,18:10:00,,"0.0",2,"Peatón,Pickup/Utilitario","Viamonte Y Entre Rios",2,0,1,0,1,0,0,,"Calle",,"ROSARIO","Rosario","Asfalto","S/D","II","Dentro","Urbana","S/D","S/D","Recta","Bueno","Buena","Atardecer","Buen Tiempo","S/D","S/D","Atropello","S/D","S/D","S/D","S/D"
2015,7674,15/09/2015,"Martes",0,09:00:00,,"0.0",2,"Moto/Ciclomotor,Taxi/Remis","Buenos Aires 900",2,1,0,0,1,0,0,,"S/D",,"ROSARIO","Rosario","Asfalto","S/D","II","S/D","S/D","S/D","S/D","Recta","Bueno","Buena","Diurna","S/D","S/D","S/D","Colisión","S/D","S/D","Cordón divisorio","S/D"
2015,7675,04/09/2015,"Viernes",0,18:50:00,"Ruta Secundaria 25-s","0.0",2,"Peatón,Pickup/Utilitario"," ",2,1,0,0,1,0,0,,"Ruta","25-s","GENERAL LAGOS","Rosario","Tierra","No existe","II","Dentro","Rural","Ninguna","No existe","Recta","Bueno","Reducida","Atardecer,Con luz artificial","Buen Tiempo","S/D","S/D","Atropello","S/D","Faltante","Ninguna","Sin restricción"
2015,7676,26/09/2015,"Sabado",0,10:15:00,,"0.0",2,"Moto/Ciclomotor,Automóvil","Garay Y Eva Peron",2,0,1,0,1,0,0,,"Calle",,"VILLA GOBERNADOR GÁLVEZ","Rosario","Asfalto","No existe","II","Dentro","Urbana","Ninguna","No existe","Intersección","Bueno","Buena","Diurna","Buen Tiempo","Lateral","S/D","Colisión","Ninguna","Faltante","Ninguna","Sin restricción"
2015,7677,16/09/2015,"Miercoles",0,12:10:00,,"0.0",2,"Moto/Ciclomotor,Automóvil","Pueyrredon Y Amenabar",2,1,0,0,1,0,0,,"Calle",,"ROSARIO","Rosario","Asfalto","S/D","II","Dentro","Urbana","S/D","S/D","Intersección","Bueno","Buena","Diurna","Buen Tiempo","Lateral","S/D","Colisión","S/D","S/D","S/D","S/D"
2015,7678,05/09/2015,"Sabado",0,18:50:00,"Ruta Provincial 21","279.0",1,"Automóvil"," ",3,3,0,0,0,0,0,,"Ruta",21,"GENERAL LAGOS","Rosario","Asfalto","Natural","II","Fuera","Rural","Ninguna","No existe","Recta","Bueno","Buena","Atardecer,Con luz artificial","Buen Tiempo","S/D","S/D","Vuelco,Despiste","S/D","Faltante","Ninguna","Sin restricción"
2015,7679,25/09/2015,"Viernes",0,22:20:00,,"0.0",1,"Moto/Ciclomotor","J A Roca 600",1,1,0,0,0,0,0,,"S/D",,"VILLA GOBERNADOR GÁLVEZ","Rosario","Asfalto","No existe","II","S/D","S/D","Ninguna","No existe","Recta","Bueno","Reducida","Nocturna","Buen Tiempo","S/D","S/D","Caída ocupante","Ninguna","Faltante","Ninguna","Sin restricción"
2015,7680,15/09/2015,"Martes",0,13:00:00,,"0.0",2,"Bicicleta,Pickup/Utilitario","Mitre Y Cochabamba",2,1,0,0,1,0,0,,"Calle",,"ROSARIO","Rosario","Asfalto","S/D","II","Dentro","Urbana","S/D","S/D","Intersección","Bueno","Buena","Diurna","Buen Tiempo","S/D","S/D","Atropello","S/D","S/D","S/D","S/D"
2015,7681,23/09/2015,"Miercoles",0,07:00:00,,"0.0",2,"Moto/Ciclomotor,Vehículo Oficial","Av Gral San Martin Y Av Juan Domingo Peron",3,1,0,0,2,0,0,,"Calle",,"VILLA GOBERNADOR GÁLVEZ","Rosario","Asfalto","No existe","II","Dentro","Urbana","Semáforo","Funciona","Intersección","Bueno","Buena","Diurna","Buen Tiempo","Lateral","S/D","Colisión","Ninguna","Faltante","Ninguna","Sin restricción"
2015,7682,15/09/2015,"Martes",0,12:10:00,"Ruta Provincial 21","12.0",2,"Automóvil,Automóvil"," ",3,1,0,0,2,0,0,,"Ruta",21,"GENERAL LAGOS","Rosario","Asfalto","Natural","II","Dentro","Rural","Ninguna","No existe","Intersección","Bueno","Buena","Diurna","Buen Tiempo","Frontal","S/D","Colisión","S/D","S/D","Ninguna","Sin restricción"
2015,7683,17/09/2015,"Jueves",0,18:45:00,,"0.0",1,"Moto/Ciclomotor","Bv San diego 1000",1,1,0,0,0,0,0,,"Avenida",,"VILLA GOBERNADOR GÁLVEZ","Rosario","Asfalto","No existe","II","Dentro","Urbana","Ninguna","No existe","Recta","Bueno","Buena","Atardecer","Buen Tiempo","Atropello animal","S/D","Colisión","Ninguna","Faltante","Ninguna","Sin restricción"
2015,7684,14/09/2015,"Lunes",0,12:10:00,,"0.0",2,"Moto/Ciclomotor,Automóvil","Ituzaingo Y Sarmiento",3,2,0,0,1,0,0,,"Calle",,"ROSARIO","Rosario","Asfalto","S/D","II","Dentro","Urbana","S/D","S/D","Recta","Bueno","Buena","Diurna","Buen Tiempo","De alcance","S/D","Colisión","S/D","S/D","S/D","S/D"
2015,7685,22/09/2015,"Martes",0,20:00:00,,"0.0",2,"Moto/Ciclomotor,Automóvil","Av Gral San Martin Y Carcaraña",3,2,0,0,1,0,0,,"Avenida",,"VILLA GOBERNADOR GÁLVEZ","Rosario","Asfalto","No existe","II","Dentro","Urbana","Ninguna","No funciona","Intersección","Bueno","Buena","Nocturna","Buen Tiempo","Lateral","S/D","Colisión","Ninguna","Faltante","Ninguna","Sin restricción"
2015,7686,03/09/2015,"Jueves",0,12:00:00,,"0.0",2,"Automóvil,Automóvil","Rioja Y Av. Belgrano",4,1,0,0,3,0,0,,"Calle",,"ROSARIO","Rosario","Asfalto","S/D","II","Dentro","Urbana","Semáforo","Funciona","Rotonda","Bueno","S/D","S/D","S/D","S/D","S/D","Colisión","S/D","S/D","Cordón divisorio","S/D"
2015,7687,19/09/2015,"Sabado",0,23:15:00,,"0.0",2,"Bicicleta,Automóvil","12 de Octubre Y J A Roca",2,1,0,0,1,0,0,,"Calle",,"VILLA GOBERNADOR GÁLVEZ","Rosario","Asfalto","No existe","II","Dentro","Urbana","Ninguna","No existe","Intersección","Deteriorada","Reducida","Nocturna","Buen Tiempo","S/D","S/D","Atropello","S/D","S/D","Ninguna","Sin restricción"
2015,7688,01/09/2015,"Martes",0,22:00:00,,"0.0",1,,"Av. Francia Y J.Colombres",2,0,0,0,0,0,2,,"Calle",,"ROSARIO","Rosario","Asfalto","Pavimento","II","S/D","Urbana","Ninguna","No existe","Recta","Bueno","Reducida","Nocturna","Otro","Otro","S/D","Colisión","Ninguna","S/D","Ninguna","S/D"
2015,7689,18/09/2015,"Viernes",0,07:00:00,,"0.0",2,"Moto/Ciclomotor,Automóvil","Espora Y 12 de Octubre",2,1,0,0,1,0,0,,"Calle",,"VILLA GOBERNADOR GÁLVEZ","Rosario","Asfalto","No existe","II","Dentro","Urbana","Ninguna","S/D","Intersección","Bueno","Buena","Amanecer","Buen Tiempo","Lateral","S/D","Colisión","Ninguna","Faltante","Ninguna","Sin restricción"
2015,7690,01/09/2015,"Martes",0,22:00:00,,"0.0",2,"Moto/Ciclomotor,Automóvil","Av. Francia Y J.Colombres",2,0,0,0,0,0,2,,"Calle",,"ROSARIO","Rosario","Asfalto","Pavimento","II","S/D","Urbana","Ninguna","No existe","Recta","Bueno","Reducida","Nocturna","Otro","Otro","S/D","Colisión","Ninguna","S/D","Ninguna","S/D"
2015,7691,18/09/2015,"Viernes",0,10:00:00,,"0.0",2,"Pickup/Utilitario,Moto/Ciclomotor","Bv. Avellaneda Y Mendoza",2,1,0,0,1,0,0,,"Avenida",,"ROSARIO","Rosario","Asfalto","S/D","II","Dentro","Urbana","S/D","S/D","S/D","S/D","S/D","S/D","S/D","S/D","S/D","Colisión","S/D","S/D","S/D","S/D"
2015,7692,12/03/2015,"Jueves",0,02:00:00,,"0.0",2,"Moto/Ciclomotor,Automóvil","J.B.Justo Y Pje. Pasteur",2,1,1,0,0,0,0,,"Calle",,"ROSARIO","Rosario","Asfalto","No existe","II","S/D","Urbana","Ninguna","No existe","Recta","Bueno","Buena","Diurna","Buen Tiempo","Lateral","S/D","Colisión","Ninguna","Faltante","Ninguna","Sin restricción"
2015,7694,02/09/2015,"Miercoles",0,08:25:00,,"0.0",2,"Moto/Ciclomotor,Automóvil","San Lorenzo Y Gorriti",2,1,0,0,1,0,0,,"Calle",,"ROSARIO","Rosario","S/D","No existe","II","S/D","Urbana","Ninguna","No existe","Intersección","S/D","S/D","Diurna","S/D","Lateral","S/D","Colisión","S/D","Faltante","Ninguna","Sin restricción"
2015,7695,28/09/2015,"Lunes",0,02:30:00,,"0.0",3,"Automóvil,Automóvil,Automóvil","Av Gral San Martin 3138",6,3,0,0,3,0,0,,"Avenida",,"VILLA GOBERNADOR GÁLVEZ","Rosario","Asfalto","No existe","II","Dentro","Urbana","Ninguna","No existe","Recta","Bueno","Buena","Nocturna","Buen Tiempo","De alcance","S/D","Colisión","S/D","Faltante","Ninguna","Obra en Construcción"
2015,7696,21/09/2015,"Lunes",0,11:00:00,,"0.0",2,"Moto/Ciclomotor,Camión","Galvez Y Alvear",2,1,0,0,1,0,0,,"Calle",,"ROSARIO","Rosario","Asfalto","S/D","II","Dentro","Urbana","Señal Pare","S/D","Intersección","S/D","Buena","Diurna","Buen Tiempo","Lateral","S/D","Colisión","S/D","S/D","S/D","S/D"
2015,7697,07/09/2015,"Lunes",0,18:15:00,,"0.0",1,"Pickup/Utilitario","Gorriti Y Tte.Agneta",2,1,0,0,1,0,0,,"Calle",,"ROSARIO","Rosario","S/D","No existe","II","S/D","Urbana","Ninguna","No existe","Intersección","S/D","S/D","Diurna","S/D","Lateral","S/D","Colisión","S/D","Faltante","Ninguna","Sin restricción"
2015,7698,12/09/2015,"Sabado",0,13:50:00,,"0.0",2,"Moto/Ciclomotor,Automóvil","Virasoro Y España",2,1,0,0,1,0,0,,"Calle",,"ROSARIO","Rosario","Asfalto","S/D","II","Dentro","Urbana","S/D","S/D","Intersección","Bueno","Buena","Diurna","Buen Tiempo","Lateral","S/D","Colisión","S/D","S/D","S/D","S/D"
2015,7699,09/09/2015,"Miercoles",0,11:20:00,,"0.0",2,"Pickup/Utilitario,Pickup/Utilitario","Mitre Y Virasoro",2,1,0,0,1,0,0,,"Calle",,"ROSARIO","Rosario","Asfalto","S/D","II","Dentro","Urbana","S/D","S/D","Recta","Bueno","Buena","Diurna","Buen Tiempo","De alcance","S/D","Colisión","S/D","S/D","S/D","S/D"
2015,7700,01/09/2015,"Martes",0,19:55:00,,"0.0",2,"Bicicleta,Pickup/Utilitario","Iriondo Y Mitre",3,1,0,0,2,0,0,,"Calle",,"VILLA GOBERNADOR GÁLVEZ","Rosario","Asfalto","No existe","II","S/D","Urbana","Ninguna","No existe","Recta","Deteriorada","Buena","Atardecer","Buen Tiempo","S/D","S/D","Atropello","Ninguna","Faltante","Ninguna","Sin restricción"
2015,7701,23/09/2015,"Miercoles",0,01:10:00,,"0.0",2,"Automóvil,Automóvil","Pellegrini Y San Nicolas",4,2,0,0,2,0,0,,"Calle",,"VILLA GOBERNADOR GÁLVEZ","Rosario","Asfalto","No existe","II","S/D","Urbana","Ninguna","No existe","Recta","Bueno","Buena","Nocturna,Con luz artificial","Buen Tiempo","Frontal","S/D","Colisión","Ninguna","Faltante","Ninguna","Sin restricción"
2015,7702,15/09/2015,"Martes",0,10:00:00,,"0.0",2,"Automóvil,Moto/Ciclomotor","Eva Peron Y Alberdi",3,1,0,0,2,0,0,,"Calle",,"VILLA GOBERNADOR GÁLVEZ","Rosario","Asfalto","No existe","II","S/D","Urbana","Ninguna","No existe","Intersección","Con baches","Buena","Diurna","Buen Tiempo","Lateral","S/D","Colisión","Ninguna","Faltante","S/D","Sin restricción"
2015,7703,04/09/2015,"Viernes",0,13:30:00,,"0.0",2,"Automóvil,Moto/Ciclomotor","Av Filipini Y Mitre",2,1,0,0,1,0,0,,"Calle",,"VILLA GOBERNADOR GÁLVEZ","Rosario","Asfalto","No existe","II","S/D","Urbana","Semáforo","Funciona","Intersección","Con baches","Buena","Diurna","Buen Tiempo","Lateral","S/D","Colisión","Ninguna","Vertical","S/D","Sin restricción"
2015,7704,04/09/2015,"Viernes",0,07:30:00,,"0.0",2,"Tracción animal / Carro,Automóvil","Ing Mosconi Y Calafate",4,2,0,0,1,0,1,,"Calle",,"VILLA GOBERNADOR GÁLVEZ","Rosario","Asfalto","S/D","II","S/D","Urbana","Ninguna","No existe","Recta","Bueno","Reducida","Amanecer","Niebla","Atropello animal","S/D","Colisión","Ninguna","Faltante","S/D","S/D"
2015,7705,08/09/2015,"Martes",0,,,"0.0",2,"Pickup/Utilitario,Moto/Ciclomotor","Cerrito Y Av. Corrientes",2,1,0,0,1,0,0,,"Calle",,"ROSARIO","Rosario","S/D","S/D","II","S/D","Urbana","S/D","S/D","S/D","S/D","S/D","S/D","S/D","S/D","S/D","Colisión","S/D","S/D","S/D","S/D"
2015,7706,06/09/2015,"Domingo",0,12:40:00,,"0.0",2,"Taxi/Remis,Moto/Ciclomotor","Av. Pellegrini 2600",2,1,0,0,1,0,0,,"Avenida",,"ROSARIO","Rosario","Asfalto","S/D","II","Dentro","Urbana","Semáforo","Funciona","Recta","Bueno","Buena","Diurna","Buen Tiempo","Lateral","S/D","Colisión","S/D","Vertical","S/D","S/D"
2015,7707,05/09/2015,"Sabado",0,14:30:00,,"0.0",2,"Automóvil,Moto/Ciclomotor","Av. Ovidio Lagos Y Rueda",2,1,0,0,1,0,0,,"Calle",,"ROSARIO","Rosario","Asfalto","S/D","II","Dentro","Urbana","Semáforo","Funciona","Intersección","Bueno","Buena","Diurna","Buen Tiempo","Lateral","S/D","Colisión","S/D","Vertical","S/D","S/D"
2015,7708,26/09/2015,"Sabado",0,18:00:00,,"0.0",2,"Automóvil,Moto/Ciclomotor","Iriondo Y Mitre",2,1,0,0,1,0,0,,"Calle",,"VILLA GOBERNADOR GÁLVEZ","Rosario","Asfalto","No existe","II","S/D","Urbana","Ninguna","No existe","Intersección","Bueno","Buena","Atardecer","Buen Tiempo","Lateral","S/D","Colisión","Ninguna","Faltante","S/D","Sin restricción"
2015,7709,17/09/2015,"Jueves",0,08:15:00,,"0.0",2,"Bicicleta,Automóvil"," ",2,1,0,0,1,0,0,,"Calle",,"RECONQUISTA","General Obligado","Asfalto","Pavimento","IX","Dentro","Urbana","Ninguna","No existe","Intersección","Bueno","Buena","Diurna","Buen Tiempo","S/D","S/D","Atropello","S/D","Vertical","Cordón divisorio","Sin restricción"
2015,7710,02/09/2015,"Miercoles",0,20:20:00,,"0.0",2,"Bicicleta,Automóvil","Calle 30-Lucas Funes Y Calle 15-Patricio Diez",2,1,0,0,1,0,0,,"Calle",,"RECONQUISTA","General Obligado","Asfalto","No existe","IX","Dentro","Urbana","Ninguna","No existe","Intersección","Bueno","Buena","Atardecer","Buen Tiempo","Frontal","S/D","Atropello","Ninguna","Faltante","Cordón divisorio","Sin restricción"
2015,7711,02/09/2015,"Miercoles",0,19:30:00,,"0.0",2,"Moto/Ciclomotor,Automóvil","Calle 10-Ludue±a ",2,1,0,0,1,0,0,,"Calle",,"RECONQUISTA","General Obligado","Asfalto","No existe","IX","Dentro","Urbana","Ninguna","No existe","Recta","Bueno","Buena","Nocturna","Buen Tiempo","Frontal","S/D","Colisión","S/D","Faltante","Cordón divisorio","Sin restricción"
2015,7712,10/09/2015,"Jueves",0,22:30:00,,"0.0",2,"Moto/Ciclomotor,Moto/Ciclomotor","Calle 27-Gdor Freyre ",2,1,0,0,0,0,1,,"Calle",,"RECONQUISTA","General Obligado","Asfalto","No existe","IX","Dentro","Urbana","Ninguna","No existe","Recta","Bueno","Buena","Diurna","Buen Tiempo","Lateral","S/D","Colisión","S/D","Faltante","Cordón divisorio","Sin restricción"
2015,7713,10/09/2015,"Jueves",0,14:00:00,,"0.0",2,"Moto/Ciclomotor,Automóvil","Ituzaingo ",2,1,0,0,0,0,1,,"Calle",,"ROSARIO","Rosario","Asfalto","S/D","II","Dentro","Urbana","S/D","S/D","Recta","Bueno","Buena","Diurna","Buen Tiempo","Lateral","S/D","Colisión","S/D","S/D","S/D","S/D"
2015,7714,03/09/2015,"Jueves",0,08:15:00,,"0.0",2,"Camión,Moto/Ciclomotor","Av Fuerza Aerea Y Suipacha",3,1,0,0,2,0,0,,"Avenida",,"FUNES","Rosario","Asfalto","Natural","II","S/D","Urbana","Ninguna","S/D","Intersección","Bueno","Buena","Diurna","Buen Tiempo","Lateral","S/D","Colisión","S/D","S/D","Ninguna","Sin restricción"
2015,7715,10/09/2015,"Jueves",0,21:35:00,,"0.0",2,"Moto/Ciclomotor,Pickup/Utilitario","Calle 2-Constituyentes Y Calle 21-Gdor. iriondo",3,1,0,0,2,0,0,,"Calle",,"RECONQUISTA","General Obligado","Tierra","No existe","IX","Dentro","Urbana","Ninguna","No existe","Intersección","Bueno","Buena","Diurna","Buen Tiempo","Frontal","S/D","Colisión","S/D","Faltante","Ninguna","Sin restricción"
2015,7716,07/09/2015,"Lunes",0,12:20:00,,"0.0",2,"Automóvil,Moto/Ciclomotor"," ",2,1,0,0,1,0,0,,"Calle",,"ROSARIO","Rosario","Asfalto","S/D","II","S/D","Urbana","S/D","S/D","S/D","S/D","S/D","S/D","S/D","S/D","S/D","Colisión","S/D","S/D","S/D","S/D"
2015,7717,03/09/2015,"Jueves",0,16:50:00,"Ruta Secundaria 34-s","0.0",2,"Automóvil,Automóvil","AUT. ROSARIO-CORDOBA ",4,1,0,0,3,0,0,,"Ruta","34-s","FUNES","Rosario","Asfalto","Ripio","II","S/D","Urbana","Ninguna","S/D","Intersección","Bueno","Buena","Diurna","Buen Tiempo","Lateral","S/D","Colisión","S/D","S/D","Ninguna","Sin restricción"
2015,7718,07/09/2015,"Lunes",0,03:40:00,,"0.0",2,"Camión,Taxi/Remis","Cordoba Y Parana",3,2,0,0,1,0,0,,"Calle",,"ROSARIO","Rosario","Asfalto","S/D","II","S/D","Urbana","S/D","S/D","S/D","S/D","S/D","S/D","S/D","S/D","S/D","Colisión","S/D","S/D","S/D","S/D"
2015,7719,08/09/2015,"Martes",0,14:00:00,,"0.0",2,"Moto/Ciclomotor,Automóvil","Calle 30-Lucas Funes Y Calle 23-Gral lopez",2,1,0,0,1,0,0,,"Calle",,"RECONQUISTA","General Obligado","Asfalto","No existe","IX","Dentro","Urbana","Ninguna","No existe","Intersección","Bueno","Buena","Diurna","Buen Tiempo","Frontal","S/D","Colisión","S/D","Faltante","Cordón divisorio","Sin restricción"
2015,7720,11/09/2015,"Viernes",0,02:25:00,,"0.0",2,"Moto/Ciclomotor,Automóvil","Calle 19-Habegger Y Calle 26 - Bolivar",6,0,1,0,5,0,0,,"Calle",,"RECONQUISTA","General Obligado","Asfalto","No existe","IX","Dentro","Urbana","Ninguna","No existe","Intersección","Bueno","Buena","Nocturna,Con luz artificial","Buen Tiempo","Frontal","S/D","Colisión","S/D","Faltante","Cordón divisorio","Sin restricción"
2015,7721,04/09/2015,"Viernes",0,18:45:00,,"0.0",2,"Automóvil,Bicicleta","Av Fuerza Aerea Y Av San Nicolas",2,1,0,0,1,0,0,,"S/D",,"FUNES","Rosario","Asfalto","Natural","II","S/D","Urbana","Ninguna","No existe","Intersección","Bueno","Buena","Atardecer","Buen Tiempo","S/D","S/D","Atropello","S/D","S/D","Ninguna","Sin restricción"
2015,7722,09/09/2015,"Miercoles",0,11:00:00,,"0.0",2,"Pickup/Utilitario,Moto/Ciclomotor","Gral Paz Y Gral Lopez",2,1,0,0,1,0,0,,"Calle",,"FUNES","Rosario","Tierra","No existe","II","S/D","Urbana","Ninguna","No existe","Recta","Bueno","Buena","Diurna","Buen Tiempo","Lateral","S/D","Colisión","S/D","S/D","Ninguna","Sin restricción"
2015,7723,10/09/2015,"Jueves",0,18:15:00,,"0.0",2,"Pickup/Utilitario,Peatón","Elorza Y Montevideo",2,1,0,0,1,0,0,,"Calle",,"FUNES","Rosario","Asfalto","No existe","II","S/D","Urbana","Ninguna","No existe","Intersección","Bueno","Buena","Diurna","Buen Tiempo","S/D","S/D","Atropello","S/D","S/D","Ninguna","Sin restricción"
2015,7724,12/09/2015,"Sabado",0,,,"0.0",2,"Automóvil,Moto/Ciclomotor","Jorge Newbery Y Mendoza",2,0,1,0,1,0,0,,"Calle",,"FUNES","Rosario","Asfalto","Natural","II","Dentro","Urbana","Ninguna","No existe","Intersección","Bueno","Buena","Diurna","Buen Tiempo","Lateral","S/D","Colisión","S/D","S/D","Ninguna","Sin restricción"
2015,7725,04/09/2015,"Viernes",0,11:35:00,,"0.0",2,"Moto/Ciclomotor,Automóvil","Calle 8-Chacabuco 1315",2,1,0,0,1,0,0,,"Calle",,"RECONQUISTA","General Obligado","Asfalto","No existe","IX","Dentro","Urbana","Ninguna","No existe","Recta","Bueno","Buena","Diurna","Buen Tiempo","Frontal","S/D","Colisión","S/D","Faltante","Cordón divisorio","Sin restricción"
2015,7726,18/09/2015,"Viernes",0,10:35:00,"Ruta Nacional 33","0.0",2,"Automóvil,Automóvil","Ruta Nac 33 Y Av Las Palmeras",3,1,0,0,2,0,0,,"Ruta",33,"PEREZ","Rosario","S/D","No existe","II","Dentro","Urbana","Ninguna","Funciona","Intersección","Otro","Buena","Diurna","Otro","De alcance","S/D","Colisión","Otro","Faltante","Línea divisoria pintada","Sin restricción"
2015,7727,04/09/2015,"Viernes",0,11:20:00,,"0.0",2,"Moto/Ciclomotor,Automóvil","Calle 28 - San Lorenzo Y Calle 23-Gral lopez",2,1,0,0,1,0,0,,"Calle",,"RECONQUISTA","General Obligado","Asfalto","No existe","IX","Dentro","Urbana","Ninguna","No existe","Intersección","Bueno","Buena","Diurna","Buen Tiempo","Frontal","S/D","Colisión","S/D","Faltante","Cordón divisorio","Sin restricción"
2015,7728,17/09/2015,"Jueves",0,17:45:00,"Ruta Nacional 33","0.0",2,"Automóvil,Automóvil","Ruta Nac 33 Y Av 9 de Julio",2,1,0,0,1,0,0,,"Ruta",33,"PEREZ","Rosario","S/D","No existe","II","Dentro","Rural","Ninguna","Funciona","Recta","Otro","Buena","Atardecer","Otro","De alcance","S/D","Colisión","Otro","Faltante","Línea divisoria pintada","Sin restricción"