"anio_acci","nro_acci","fecha","desc_dia","fecha_aprox","hora_aprox","desc_ruta","km","cant_participantes","desc_participante","calle_avenida_km","total","heridos_leves","heridos_graves","heridos_gravisimos","ilesos","fallecidos","sin_datos","posicion_XY","desc_tipo_via","desc_ruta_ori","desc_loc","desc_dpto","desc_tipo_calzada","desc_tipo_banquina","desc_unidad_regional","desc_lugar_calzada","desc_zona","desc_prioridad","desc_estado_semaforo","desc_lugar_via","desc_estado_via","desc_estado_visibilidad","desc_luminosidad","desc_estado_clima","desc_tipo_colision","desc_tipo_atropello","desc_tipo_hecho","desc_pres_calzada","desc_senializacion","desc_separacion_via","desc_restriccion"
2015,7729,27/09/2015,"Domingo",0,19:20:00,"S/D Nacional 33","0.0",2,"Moto/Ciclomotor,Pickup/Utilitario","Ruta Nac 33 Y Dante Alighieri",3,2,0,0,1,0,0,,"S/D",33,"PEREZ","Rosario","S/D","No existe","II","S/D","S/D","Ninguna","No existe","Intersección","Otro","Buena","Atardecer","Otro","De alcance","S/D","Colisión","Otro","Faltante","Línea divisoria pintada","Sin restricción"
2015,7730,01/09/2015,"Martes",0,11:50:00,,"0.0",2,"Moto/Ciclomotor,Automóvil","Calle 15-Patricio Diez 431",2,1,0,0,1,0,0,,"Calle",,"RECONQUISTA","General Obligado","Asfalto","Pavimento","IX","Dentro","Urbana","Ninguna","No existe","Recta","Bueno","Buena","Diurna","Buen Tiempo","De alcance","S/D","Colisión","S/D","Faltante","Cordón divisorio","Sin restricción"
2015,7731,17/09/2015,"Jueves",0,17:05:00,,"0.0",2,"Peatón,Bicicleta","Av. Alberdi Bis Y Velez Sarsfield",2,1,0,0,1,0,0,,"Calle",,"ROSARIO","Rosario","Asfalto","S/D","II","Dentro","Urbana","S/D","S/D","Intersección","S/D","S/D","Diurna","S/D","S/D","S/D","Atropello","S/D","S/D","S/D","S/D"
2015,7732,05/09/2015,"Sabado",0,21:00:00,,"0.0",2,"Moto/Ciclomotor,Automóvil","J J Paso Y Francia",2,1,0,0,1,0,0,,"Calle",,"SANTA FE","La Capital","Asfalto","No existe","I","Dentro","Urbana","Ninguna","No existe","Intersección","Con baches","Buena","Nocturna","Buen Tiempo","Lateral","S/D","Colisión","S/D","Faltante","Ninguna","Sin restricción"
2015,7733,09/09/2015,"Miercoles",0,11:40:00,,"0.0",2,"Moto/Ciclomotor,Automóvil","Valparaiso Y Montevideo",2,1,0,0,1,0,0,,"Calle",,"ROSARIO","Rosario","S/D","S/D","II","Dentro","Urbana","S/D","S/D","S/D","S/D","S/D","Diurna","S/D","S/D","S/D","S/D","S/D","S/D","S/D","S/D"
2015,7734,09/09/2015,"Miercoles",0,09:40:00,,"0.0",2,"Automóvil,Pickup/Utilitario","Valparaiso Y Montevideo",3,1,0,0,2,0,0,,"Calle",,"ROSARIO","Rosario","S/D","S/D","II","Dentro","Urbana","S/D","S/D","S/D","S/D","S/D","Diurna","S/D","S/D","S/D","S/D","S/D","S/D","S/D","S/D"
2015,7735,08/09/2015,"Martes",0,,,"0.0",2,"Automóvil,Automóvil","Rio De Janeiro Y Santa Fe",4,2,0,0,0,0,2,,"Calle",,"ROSARIO","Rosario","S/D","S/D","II","Dentro","Urbana","S/D","S/D","S/D","S/D","S/D","S/D","S/D","S/D","S/D","S/D","S/D","S/D","S/D","S/D"
2015,7736,05/09/2015,"Sabado",0,11:30:00,,"0.0",2,"Moto/Ciclomotor,Peatón","Int. Lamas Y Pueyrredon",2,1,0,0,1,0,0,,"Calle",,"ROSARIO","Rosario","Asfalto","S/D","II","Dentro","Urbana","S/D","S/D","Recta","Bueno","Buena","Diurna","Buen Tiempo","S/D","S/D","Atropello","S/D","S/D","S/D","S/D"
2015,7737,26/09/2015,"Sabado",0,02:05:00,,"0.0",2,"Taxi/Remis,Moto/Ciclomotor","Roullon Y Godoy Cruz",2,1,0,0,1,0,0,,"Avenida",,"ROSARIO","Rosario","Hormigón","No existe","II","Dentro","Urbana","Semáforo","Funciona","Intersección","Bueno","Buena","Nocturna","Otro","Lateral","S/D","Colisión","Otro","Vertical","Ninguna","Sin restricción"
2015,7738,08/09/2015,"Martes",0,08:00:00,,"0.0",2,"Moto/Ciclomotor,Transporte Escolar","Garibaldi Y F.More",2,1,0,0,1,0,0,,"Calle",,"ROSARIO","Rosario","Asfalto","No existe","II","Dentro","Urbana","Ninguna","No existe","Curva","Bueno","Buena","Diurna","Otro","Lateral","S/D","Colisión","Otro","Faltante","Ninguna","Sin restricción"
2015,7739,08/09/2015,"Martes",0,11:40:00,,"0.0",2,"Moto/Ciclomotor,Moto/Ciclomotor","Dr.Maradona Y Liniers",3,1,0,0,1,0,1,,"S/D",,"ROSARIO","Rosario","Asfalto","No existe","II","Dentro","Urbana","Ninguna","No existe","Intersección","Bueno","Buena","Diurna","Otro","Lateral","S/D","Colisión","Otro","Faltante","Barrera de hormigón","Sin restricción"
2015,7740,23/09/2015,"Miercoles",0,08:00:00,,"0.0",1,"Moto/Ciclomotor","Bv. 27 De Febrero Y Magallanes",1,1,0,0,0,0,0,,"Calle",,"ROSARIO","Rosario","Asfalto","No existe","II","Dentro","Urbana","Ninguna","No existe","Intersección","Bueno","Buena","Diurna","Otro","S/D","S/D","S/D","Otro","Faltante","Ninguna","Sin restricción"
2015,7741,25/09/2015,"Viernes",0,09:20:00,,"0.0",2,"Moto/Ciclomotor,Automóvil","Bv. 27 De Febrero Y Magallanes",2,1,0,0,1,0,0,,"Calle",,"ROSARIO","Rosario","Asfalto","No existe","II","S/D","Urbana","Ninguna","No existe","Intersección","Otro","Buena","Diurna","Otro","Lateral","S/D","Colisión","Otro","S/D","Ninguna","Sin restricción"
2015,7742,26/09/2015,"Sabado",0,19:00:00,,"0.0",2,"Moto/Ciclomotor,Automóvil","P.L.Funes Y Amenabar",2,1,0,0,1,0,0,,"Calle",,"ROSARIO","Rosario","Asfalto","No existe","II","Dentro","Urbana","Ninguna","No existe","Intersección","Otro","Buena","Atardecer","Otro","Lateral","S/D","Colisión","Otro","Faltante","Ninguna","Sin restricción"
2015,7743,25/09/2015,"Viernes",0,18:30:00,,"0.0",2,"Moto/Ciclomotor,Automóvil","Bv. Segui Y Roullon",2,1,0,0,1,0,0,,"S/D",,"ROSARIO","Rosario","S/D","No existe","II","S/D","S/D","Ninguna","Funciona","Intersección","Otro","Buena","Atardecer","Otro","Lateral","S/D","Colisión","Ninguna","Vertical","Barrera de hormigón","Sin restricción"
2015,7744,06/09/2015,"Domingo",0,11:00:00,,"0.0",2,"Moto/Ciclomotor,Moto/Ciclomotor","Cordoba Y Av. Provincias Unidas",2,2,0,0,0,0,0,,"S/D",,"ROSARIO","Rosario","Asfalto","No existe","II","S/D","Urbana","Ninguna","No existe","Intersección","Bueno","Buena","Diurna","Buen Tiempo","Frontal","S/D","Colisión","Otro","Faltante","Ninguna","Sin restricción"
2015,7745,06/09/2015,"Domingo",0,14:00:00,,"0.0",2,"Moto/Ciclomotor,Automóvil","Montevideo Y Larrea",2,2,0,0,0,0,0,,"Calle",,"ROSARIO","Rosario","Asfalto","No existe","II","S/D","Urbana","Ninguna","No existe","Intersección","Bueno","Buena","Diurna","Buen Tiempo","Lateral","S/D","Colisión","Otro","Faltante","Ninguna","Sin restricción"
2015,7746,06/09/2015,"Domingo",0,16:20:00,,"0.0",2,"Moto/Ciclomotor,Peatón"," ",2,1,0,0,0,0,1,,"Calle",,"ROSARIO","Rosario","Asfalto","No existe","II","Dentro","Urbana","Ninguna","No existe","Intersección","Bueno","Buena","Nocturna","Buen Tiempo","S/D","S/D","Atropello","Otro","Faltante","Ninguna","Sin restricción"
2015,7747,04/09/2015,"Viernes",0,17:30:00,,"0.0",2,"Bicicleta,Transporte de Pasajeros Urbano (> 8 asientos)","Santa Fe Y Iriondo",2,1,0,0,0,0,1,,"Calle",,"ROSARIO","Rosario","Asfalto","S/D","II","Dentro","Urbana","S/D","S/D","S/D","S/D","S/D","S/D","S/D","S/D","S/D","Atropello","S/D","S/D","S/D","S/D"
2015,7748,02/09/2015,"Miercoles",0,,,"0.0",2,"Pickup/Utilitario,Automóvil","Montevideo Y Alsina",3,1,0,0,2,0,0,,"S/D",,"ROSARIO","Rosario","Asfalto","S/D","II","Dentro","Urbana","S/D","S/D","S/D","S/D","S/D","S/D","S/D","S/D","S/D","Colisión","S/D","S/D","S/D","S/D"
2015,7749,23/09/2015,"Miercoles",0,21:30:00,,"0.0",2,"Moto/Ciclomotor,Transporte de Pasajeros Larga Distancia (> 8 asientos)","Av. Pellegrini Y Lima",2,0,1,0,1,0,0,,"Avenida",,"ROSARIO","Rosario","Asfalto","S/D","II","Dentro","Urbana","S/D","S/D","S/D","S/D","S/D","S/D","S/D","S/D","S/D","S/D","S/D","S/D","S/D","S/D"
2015,7750,22/09/2015,"Martes",0,13:30:00,,"0.0",4,"Peatón,Peatón,Peatón,Automóvil","Bv. Avellaneda Y Mendoza",4,3,0,0,1,0,0,,"Avenida",,"ROSARIO","Rosario","Asfalto","S/D","II","S/D","Urbana","S/D","S/D","S/D","S/D","S/D","S/D","S/D","S/D","S/D","Atropello","S/D","S/D","S/D","S/D"
2015,7751,24/09/2015,"Jueves",0,12:50:00,,"0.0",2,"Pickup/Utilitario,Bicicleta","Pje. Aguirre Y Iriondo",2,1,0,0,0,0,1,,"Calle",,"ROSARIO","Rosario","Asfalto","No existe","II","S/D","S/D","Ninguna","No existe","Intersección","Bueno","Buena","Diurna","Otro","S/D","S/D","Atropello","Otro","Faltante","Ninguna","Sin restricción"
2015,7752,27/09/2015,"Domingo",0,17:30:00,,"0.0",2,"Automóvil,Moto/Ciclomotor","Av. Pte.Peron Y Fournier",3,2,0,0,1,0,0,,"S/D",,"ROSARIO","Rosario","Asfalto","No existe","II","S/D","S/D","Ninguna","No existe","Rotonda","Con baches","Buena","Diurna","Buen Tiempo","Otro","S/D","Colisión","Otro","Faltante","Ninguna","Sin restricción"
2015,7754,22/09/2015,"Martes",0,17:00:00,,"0.0",2,"Moto/Ciclomotor,Automóvil","Pje. Deffilipis Novoa Bis Y Av. Circunvalacion",2,1,0,0,1,0,0,,"Calle",,"ROSARIO","Rosario","Asfalto","Natural","II","S/D","Urbana","Ninguna","No existe","Rotonda","Bueno","Buena","Diurna","Buen Tiempo","Otro","S/D","S/D","Otro","Faltante","Ninguna","Sin restricción"
2015,7755,24/09/2015,"Jueves",0,09:00:00,,"0.0",2,"Moto/Ciclomotor,Automóvil","Mitre ",2,1,0,0,1,0,0,,"S/D",,"ROSARIO","Rosario","Asfalto","No existe","II","S/D","S/D","Ninguna","No existe","Intersección","Bueno","Buena","Diurna","Buen Tiempo","Lateral","S/D","Colisión","Otro","Faltante","Ninguna","Sin restricción"
2015,7756,08/09/2015,"Martes",0,21:25:00,,"0.0",2,"Automóvil,Automóvil","Av Juan Domingo Peron Y Pasteur",4,3,0,0,1,0,0,,"Calle",,"VILLA GOBERNADOR GÁLVEZ","Rosario","Asfalto","No existe","II","Dentro","Urbana","Ninguna","No existe","Intersección","Bueno","Buena","Nocturna","Buen Tiempo","Otro","S/D","Colisión","Otro","Faltante","Ninguna","Obra en Construcción"
2015,7757,05/09/2015,"Sabado",0,09:00:00,,"0.0",2,"Moto/Ciclomotor,Automóvil","Paulo VI Y San Rafael",2,1,0,0,1,0,0,,"S/D",,"VILLA GOBERNADOR GÁLVEZ","Rosario","Tierra","No existe","II","S/D","S/D","Ninguna","No existe","Intersección","Deteriorada","Buena","Diurna","Buen Tiempo","Otro","S/D","Colisión","Otro","Faltante","Ninguna","Sin restricción"
2015,7758,06/09/2015,"Domingo",0,19:07:00,,"0.0",2,"Camión,Moto/Ciclomotor","San Nicolas Y Pje 5",2,0,1,0,1,0,0,,"Calle",,"VILLA GOBERNADOR GÁLVEZ","Rosario","Asfalto","No existe","II","Dentro","Urbana","Ninguna","No existe","Intersección","Deteriorada","Reducida","Atardecer","Buen Tiempo","Otro","S/D","Colisión","Otro","Faltante","Ninguna","S/D"
2015,7759,05/09/2015,"Sabado",0,22:30:00,,"0.0",1,"Pickup/Utilitario","Av de Circunvalación bis Y Santa Fe",3,3,0,0,0,0,0,,"Calle",,"VILLA GOBERNADOR GÁLVEZ","Rosario","Asfalto","Natural","II","Dentro","Urbana","Ninguna","No existe","Recta","Bueno","Buena","Diurna","Buen Tiempo","De alcance","S/D","Colisión","Ninguna","Faltante","Cordón divisorio","Sin restricción"
2015,7760,03/09/2015,"Jueves",0,07:00:00,,"0.0",2,"Peatón,Moto/Ciclomotor","CORDOBA Y 1ERO DE MAYO",2,1,0,0,1,0,0,,"S/D",,"VILLA GOBERNADOR GÁLVEZ","Rosario","Asfalto","No existe","II","S/D","Urbana","Ninguna","No existe","Recta","Con baches","Buena","Diurna","Buen Tiempo","S/D","S/D","Atropello","Ninguna","Faltante","Cordón divisorio","Sin restricción"
2015,7761,20/09/2015,"Domingo",0,,,"0.0",2,"Automóvil,Moto/Ciclomotor","Cordoba Y Av Juan Domingo Peron",2,1,0,0,0,0,1,,"Calle",,"VILLA GOBERNADOR GÁLVEZ","Rosario","S/D","No existe","II","S/D","Urbana","Ninguna","No existe","Recta","Bueno","Buena","Diurna","Buen Tiempo","De alcance","S/D","Colisión","Ninguna","Faltante","Ninguna","Sin restricción"
2015,7762,17/09/2015,"Jueves",0,,,"0.0",2,"Automóvil,Moto/Ciclomotor","Av Juan Domingo Peron Y Corrientes",2,1,0,0,1,0,0,,"Calle",,"VILLA GOBERNADOR GÁLVEZ","Rosario","Asfalto","No existe","II","Dentro","Urbana","S/D","No existe","Recta","Bueno","S/D","S/D","S/D","S/D","S/D","S/D","Ninguna","S/D","S/D","S/D"
2015,7763,12/09/2015,"Sabado",0,19:00:00,,"0.0",2,"Moto/Ciclomotor,Automóvil","MENDOZA Y EDISON",3,2,0,0,1,0,0,,"Calle",,"VILLA GOBERNADOR GÁLVEZ","Rosario","Asfalto","No existe","II","Dentro","Urbana","Ninguna","No existe","Recta","Con baches","Buena","Atardecer,Con luz artificial","Buen Tiempo","Frontal","S/D","Colisión","S/D","Faltante","Ninguna","Sin restricción"
2015,7764,09/09/2015,"Miercoles",0,11:45:00,,"0.0",2,"Pickup/Utilitario,Bicicleta","Solis Y Pje. Minetti",2,1,0,0,1,0,0,,"Calle",,"ROSARIO","Rosario","S/D","No existe","II","S/D","Urbana","Ninguna","No existe","Intersección","S/D","S/D","Diurna","S/D","S/D","S/D","Atropello","S/D","Faltante","Ninguna","Sin restricción"
2015,7765,11/09/2015,"Viernes",0,09:00:00,,"0.0",2,"Moto/Ciclomotor,Moto/Ciclomotor","Junin Y Pje. San Geronimo",3,2,0,0,1,0,0,,"Calle",,"ROSARIO","Rosario","S/D","No existe","II","Dentro","Urbana","Ninguna","No existe","Intersección","S/D","Buena","Diurna","S/D","Lateral","S/D","Colisión","S/D","Faltante","Ninguna","Sin restricción"
2015,7766,23/09/2015,"Miercoles",0,18:45:00,,"0.0",2,"Taxi/Remis,Moto/Ciclomotor","Garzon Y Navarro",2,1,0,0,1,0,0,,"Calle",,"ROSARIO","Rosario","S/D","No existe","II","Dentro","Urbana","Ninguna","No existe","Intersección","S/D","Buena","Diurna","S/D","Lateral","S/D","Colisión","S/D","Faltante","Ninguna","Sin restricción"
2015,7767,23/09/2015,"Miercoles",0,06:07:00,,"0.0",2,"Automóvil,Moto/Ciclomotor","Av. Pellegrini Y Cafferata",4,4,0,0,0,0,0,,"Avenida",,"ROSARIO","Rosario","Asfalto","S/D","II","Dentro","Urbana","S/D","S/D","S/D","S/D","S/D","Amanecer","S/D","S/D","S/D","Colisión","S/D","S/D","S/D","S/D"
2015,7768,24/09/2015,"Jueves",0,23:10:00,,"0.0",2,"Automóvil,Automóvil","Bv. Avellaneda Y E.Zeballos",2,1,0,0,1,0,0,,"Avenida",,"ROSARIO","Rosario","Asfalto","S/D","II","Dentro","Urbana","S/D","S/D","S/D","S/D","S/D","Nocturna","S/D","S/D","S/D","Colisión","S/D","S/D","S/D","S/D"
2015,7769,25/09/2015,"Viernes",0,14:00:00,,"0.0",2,"Automóvil,Automóvil","Av. Pellegrini Y Castellanos",3,1,0,0,2,0,0,,"Avenida",,"ROSARIO","Rosario","Asfalto","S/D","II","Dentro","Urbana","S/D","S/D","S/D","S/D","S/D","Diurna","S/D","S/D","S/D","Colisión","S/D","S/D","S/D","S/D"
2015,7770,25/09/2015,"Viernes",0,13:50:00,,"0.0",2,"Automóvil,Moto/Ciclomotor","Vera Mujica Y San Juan",2,1,0,0,1,0,0,,"Calle",,"ROSARIO","Rosario","Asfalto","S/D","II","Dentro","Urbana","S/D","S/D","S/D","S/D","S/D","Diurna","S/D","S/D","S/D","Colisión","S/D","S/D","S/D","S/D"
2015,7771,22/09/2015,"Martes",0,16:30:00,,"0.0",2,"Automóvil,Automóvil","San Juan Y Cafferata",2,1,0,0,1,0,0,,"Calle",,"ROSARIO","Rosario","Asfalto","S/D","II","Dentro","Urbana","S/D","S/D","S/D","S/D","S/D","Diurna","S/D","S/D","S/D","Colisión","S/D","S/D","S/D","S/D"
2015,7772,26/09/2015,"Sabado",0,15:30:00,,"0.0",2,"Automóvil,Automóvil","Cordoba Y Suipacha",2,1,0,0,1,0,0,,"Calle",,"ROSARIO","Rosario","Asfalto","S/D","II","Dentro","Urbana","S/D","S/D","S/D","S/D","S/D","Diurna","S/D","S/D","S/D","Colisión","S/D","S/D","S/D","S/D"
2015,7773,17/09/2015,"Jueves",0,08:10:00,,"0.0",2,"Moto/Ciclomotor,Pickup/Utilitario","Pasco Y San Martin",3,1,0,0,2,0,0,,"Calle",,"ROSARIO","Rosario","Asfalto","S/D","II","Dentro","Urbana","S/D","S/D","Intersección","Bueno","Buena","Diurna","Buen Tiempo","Lateral","S/D","Colisión","S/D","S/D","S/D","S/D"
2015,7774,06/09/2015,"Domingo",0,01:30:00,,"0.0",2,"Automóvil,Moto/Ciclomotor","Medrano Y Washington",2,1,0,0,1,0,0,,"Calle",,"ROSARIO","Rosario","Asfalto","No existe","II","Dentro","Urbana","Ninguna","No existe","Intersección","Bueno","Buena","Nocturna,Con luz artificial","Buen Tiempo","Frontal","S/D","Colisión","Ninguna","Faltante","Ninguna","Sin restricción"
2015,7775,13/09/2015,"Domingo",0,14:10:00,,"0.0",2,"Automóvil,Moto/Ciclomotor","Castagnino Y Zelaya",5,3,0,0,1,0,1,,"Calle",,"ROSARIO","Rosario","Asfalto","No existe","II","Dentro","Urbana","Ninguna","No existe","Intersección","Bueno","Buena","Diurna","Buen Tiempo","Frontal","S/D","Colisión","Ninguna","Faltante","Ninguna","Sin restricción"
2015,7776,22/09/2015,"Martes",0,13:20:00,,"0.0",2,"Automóvil,Automóvil","Baigorria Y Bv. Rondeau",4,2,0,0,2,0,0,,"Calle",,"ROSARIO","Rosario","Asfalto","No existe","II","Dentro","Urbana","Semáforo","Funciona","Intersección","Bueno","Buena","Diurna","Buen Tiempo","Frontal","S/D","Colisión","Ninguna","Horizontal,Vertical","Ninguna","Sin restricción"
2015,7777,22/09/2015,"Martes",0,15:30:00,,"0.0",2,"Moto/Ciclomotor,Automóvil","Av. Sorrento Y Donizetti",3,2,0,0,1,0,0,,"Calle",,"ROSARIO","Rosario","Asfalto","No existe","II","Dentro","Urbana","Ninguna","No existe","Recta","Bueno","Buena","Diurna","Buen Tiempo","Frontal","S/D","Colisión","Ninguna","Faltante","Ninguna","Sin restricción"
2015,7778,16/09/2015,"Miercoles",0,16:00:00,,"0.0",2,"Moto/Ciclomotor,Automóvil","Mont Cenis Y Algarrobo",2,1,0,0,1,0,0,,"Calle",,"ROSARIO","Rosario","Asfalto","No existe","II","Dentro","Urbana","Ninguna","No existe","Intersección","Bueno","Buena","Diurna","Buen Tiempo","Frontal","S/D","Colisión","Ninguna","Faltante","Ninguna","Sin restricción"
2015,7779,01/09/2015,"Martes",0,14:30:00,,"0.0",2,"Moto/Ciclomotor,Automóvil","Darragueira Y Superi",2,1,0,0,1,0,0,,"Calle",,"ROSARIO","Rosario","Asfalto","No existe","II","Dentro","Urbana","Ninguna","No existe","Intersección","Bueno","Buena","Diurna","Otro","Frontal","S/D","Colisión","Ninguna","Faltante","Ninguna","Sin restricción"
2015,7780,10/09/2015,"Jueves",0,17:45:00,,"0.0",2,"Automóvil,Automóvil","Warnes Y Superi",3,1,0,0,2,0,0,,"Calle",,"ROSARIO","Rosario","Asfalto","No existe","II","Dentro","Urbana","Señal Pare","No existe","Intersección","Bueno","Buena","Diurna","Buen Tiempo","Frontal","S/D","Colisión","Ninguna","Vertical","Ninguna","Sin restricción"
2015,7781,03/09/2015,"Jueves",0,09:45:00,,"0.0",2,"Moto/Ciclomotor,Pickup/Utilitario","G.Carrasco Y Escauriza",2,1,0,0,1,0,0,,"Calle",,"ROSARIO","Rosario","Asfalto","No existe","II","Dentro","Urbana","Ninguna","No existe","Intersección","Bueno","Buena","Diurna","Buen Tiempo","Frontal","S/D","Colisión","Ninguna","Faltante","Ninguna","Sin restricción"
2015,7782,06/09/2015,"Domingo",0,12:00:00,,"0.0",2,"Moto/Ciclomotor,Automóvil","Zuviria ",2,2,0,0,0,0,0,,"Calle",,"ROSARIO","Rosario","Asfalto","No existe","II","Dentro","Urbana","S/D","No existe","Intersección","Bueno","Buena","Diurna","Buen Tiempo","Lateral","S/D","Colisión","S/D","S/D","S/D","S/D"
2015,7783,07/09/2015,"Lunes",0,19:30:00,,"0.0",2,"Automóvil,Taxi/Remis","White ",2,2,0,0,0,0,0,,"Calle",,"ROSARIO","Rosario","Asfalto","No existe","II","Dentro","Urbana","Ninguna","No existe","Intersección","Bueno","Buena","Diurna","Buen Tiempo","S/D","S/D","Colisión","S/D","Faltante","Ninguna","Sin restricción"
2015,7784,08/09/2015,"Martes",0,14:30:00,,"0.0",2,"Moto/Ciclomotor,Automóvil","Cerrito Y Larrea",2,2,0,0,0,0,0,,"Calle",,"ROSARIO","Rosario","Hormigón","Pavimento","II","Dentro","Urbana","Ninguna","No existe","Intersección","Bueno","Buena","Diurna","Buen Tiempo","Lateral","S/D","Colisión","S/D","Faltante","Ninguna","Sin restricción"
2015,7785,09/09/2015,"Miercoles",0,09:30:00,,"0.0",2,"Automóvil,Taxi/Remis","Av. Pellegrini Y Av. Arijon",2,2,0,0,0,0,0,,"Calle",,"ROSARIO","Rosario","Asfalto","Pavimento","II","Dentro","Urbana","Ninguna","No existe","Intersección","Bueno","Buena","Diurna","Buen Tiempo","Lateral","S/D","Colisión","S/D","Vertical","Ninguna","Sin restricción"
2015,7786,27/09/2015,"Domingo",0,19:30:00,,"0.0",2,"Moto/Ciclomotor,Moto/Ciclomotor","Cullen Y Barra",3,3,0,0,0,0,0,,"Calle",,"ROSARIO","Rosario","S/D","S/D","II","Dentro","Urbana","Ninguna","S/D","Intersección","S/D","Buena","Atardecer","Buen Tiempo","Lateral","S/D","Colisión","S/D","S/D","Línea divisoria pintada","S/D"
2015,7787,15/08/2015,"Sabado",0,09:00:00,,"0.0",2,"Automóvil,Moto/Ciclomotor","Bolivia Y Chubut",2,2,0,0,0,0,0,,"Calle",,"ROSARIO","Rosario","Asfalto","No existe","II","Dentro","Urbana","Ninguna","No existe","Intersección","Bueno","Buena","Diurna","Buen Tiempo","Lateral","S/D","Colisión","S/D","Faltante","Ninguna","Sin restricción"
2015,7788,06/09/2015,"Domingo",0,10:25:00,,"0.0",2,"Moto/Ciclomotor,Moto/Ciclomotor","Av. Provincias Unidas Y Neuquen",2,1,0,0,0,0,1,,"Calle",,"ROSARIO","Rosario","Asfalto","No existe","II","Dentro","Urbana","Ninguna","No existe","Intersección","Bueno","Buena","Diurna","Buen Tiempo","Lateral","S/D","Colisión","S/D","Faltante","S/D","Sin restricción"
2015,7789,04/09/2015,"Viernes",0,19:00:00,"Ruta Provincial 14","0.0",2,"Moto/Ciclomotor,Automóvil"," ",3,2,0,0,1,0,0,,"Ruta",14,"PEREZ","Rosario","S/D","Ripio","II","Dentro","Urbana","Ninguna","No existe","Recta","S/D","Buena","Atardecer","S/D","Lateral","S/D","Colisión","S/D","Faltante","Línea divisoria pintada","Sin restricción"
2015,7790,07/09/2015,"Lunes",0,22:30:00,,"0.0",2,"Moto/Ciclomotor,Automóvil","J.Colombres ",4,1,0,0,3,0,0,,"Calle",,"ROSARIO","Rosario","Asfalto","No existe","II","Dentro","Urbana","Ninguna","No existe","Recta","Bueno","Buena","Nocturna","Buen Tiempo","Frontal","S/D","Colisión","S/D","Faltante","Ninguna","Sin restricción"
2015,7791,23/05/2015,"Sabado",0,21:25:00,,"0.0",2,"Moto/Ciclomotor,Taxi/Remis","Rivarola Y Av. Provincias Unidas",3,2,0,0,1,0,0,,"Calle",,"ROSARIO","Rosario","Hormigón","S/D","II","Dentro","Urbana","S/D","S/D","Intersección","S/D","S/D","Nocturna","S/D","Lateral","S/D","Colisión","S/D","S/D","S/D","S/D"
2015,7792,19/09/2015,"Sabado",0,,"Ruta Nacional 9","0.0",2,"Automóvil,Automóvil","Galindo ",5,5,0,0,0,0,0,,"Ruta",9,"FUNES","Rosario","Asfalto","Natural","II","Dentro","Urbana","Ninguna","No existe","Intersección","Bueno","Buena","Nocturna","Buen Tiempo","Lateral","S/D","Colisión","S/D","S/D","Ninguna","Sin restricción"
2015,7793,27/09/2015,"Domingo",0,12:30:00,"Ruta Nacional 9","0.0",2,"Automóvil,Moto/Ciclomotor","Suipacha Y Ruta Nacional 9",2,1,0,0,1,0,0,,"Ruta",9,"FUNES","Rosario","Asfalto","S/D","II","Dentro","Urbana","Ninguna","S/D","Intersección","Bueno","Buena","Diurna","Buen Tiempo","Lateral","S/D","Colisión","S/D","S/D","S/D","Sin restricción"
2015,7794,27/09/2015,"Domingo",0,19:50:00,,"0.0",2,"Moto/Ciclomotor,Moto/Ciclomotor","Montevideo Y Belgrano",2,1,0,0,1,0,0,,"Calle",,"FUNES","Rosario","Tierra","S/D","II","Dentro","Urbana","Ninguna","No existe","Intersección","Bueno","Buena","Atardecer","Buen Tiempo","Lateral","S/D","Colisión","S/D","Faltante","Ninguna","Sin restricción"
2015,7795,19/09/2015,"Sabado",0,,,"0.0",2,"Automóvil,Automóvil","San Juan Y F.More",2,2,0,0,0,0,0,,"Calle",,"ROSARIO","Rosario","Asfalto","Pavimento","II","Dentro","Urbana","Ninguna","No existe","Intersección","Bueno","Buena","S/D","Buen Tiempo","Lateral","S/D","Colisión","S/D","S/D","S/D","Sin restricción"
2015,7796,12/09/2015,"Sabado",0,14:00:00,,"0.0",2,"Moto/Ciclomotor,Moto/Ciclomotor","J.B.Justo Y Olavarria Bis",2,1,0,0,1,0,0,,"Calle",,"ROSARIO","Rosario","Asfalto","No existe","II","Dentro","Urbana","S/D","No existe","Intersección","Con baches","Buena","Diurna","Buen Tiempo","Lateral","S/D","Colisión","S/D","Faltante","Ninguna","S/D"
2015,7797,16/09/2015,"Miercoles",0,11:40:00,,"0.0",2,"Automóvil,Moto/Ciclomotor","Poeta Fontanarrosa Y Aguero",4,1,0,0,3,0,0,,"Calle",,"ROSARIO","Rosario","Asfalto","No existe","II","Dentro","Urbana","Ninguna","No existe","Intersección","Bueno","Buena","Diurna","Buen Tiempo","Frontal","S/D","Colisión","S/D","Faltante","Ninguna","Sin restricción"
2015,7798,05/09/2015,"Sabado",0,20:15:00,,"0.0",2,"Automóvil,Moto/Ciclomotor","Av. Provincias Unidas Y J.J.Paso",3,1,0,0,2,0,0,,"Calle",,"ROSARIO","Rosario","S/D","S/D","II","Dentro","Urbana","S/D","S/D","S/D","S/D","S/D","Diurna","S/D","S/D","S/D","Colisión","S/D","S/D","S/D","S/D"
2015,7799,05/09/2015,"Sabado",0,20:30:00,,"0.0",2,"Pickup/Utilitario,Automóvil","Av. Provincias Unidas Y Av. Circunvalacion",4,2,0,0,2,0,0,,"Calle",,"ROSARIO","Rosario","Asfalto","Natural","II","Dentro","Urbana","Semáforo","Funciona","Recta","Bueno","Buena","Nocturna,Con luz artificial","S/D","S/D","S/D","Colisión","S/D","S/D","Línea divisoria pintada","Sin restricción"