"anio_acci","nro_acci","fecha","desc_dia","fecha_aprox","hora_aprox","desc_ruta","km","cant_participantes","desc_participante","calle_avenida_km","total","heridos_leves","heridos_graves","heridos_gravisimos","ilesos","fallecidos","sin_datos","posicion_XY","desc_tipo_via","desc_ruta_ori","desc_loc","desc_dpto","desc_tipo_calzada","desc_tipo_banquina","desc_unidad_regional","desc_lugar_calzada","desc_zona","desc_prioridad","desc_estado_semaforo","desc_lugar_via","desc_estado_via","desc_estado_visibilidad","desc_luminosidad","desc_estado_clima","desc_tipo_colision","desc_tipo_atropello","desc_tipo_hecho","desc_pres_calzada","desc_senializacion","desc_separacion_via","desc_restriccion"
2015,7800,08/09/2015,"Martes",0,15:30:00,,"0.0",2,"Taxi/Remis,Moto/Ciclomotor","J.J.Paso Y Tte.Agneta",2,1,0,0,1,0,0,,"Calle",,"ROSARIO","Rosario","Asfalto","No existe","II","Dentro","Urbana","Semáforo","Funciona","Intersección","Bueno","Buena","Diurna","Buen Tiempo","S/D","S/D","Colisión","S/D","S/D","Línea divisoria pintada","S/D"
2015,7801,09/09/2015,"Miercoles",0,14:10:00,,"0.0",2,"Automóvil,Automóvil","J.J.Paso Y Ecuador",5,3,0,0,2,0,0,,"Calle",,"ROSARIO","Rosario","Asfalto","No existe","II","Dentro","Urbana","S/D","No existe","Intersección","Bueno","Buena","Diurna","S/D","Lateral","S/D","Colisión","S/D","S/D","Cordón divisorio","Sin restricción"
2015,7802,14/09/2015,"Lunes",0,12:15:00,,"0.0",2,"Vehículo Oficial,Automóvil","Mariano Cabal Bis Y Pje. Franklin",5,5,0,0,0,0,0,,"Calle",,"ROSARIO","Rosario","Asfalto","No existe","II","Dentro","Urbana","S/D","No existe","Intersección","Bueno","Buena","Diurna","Buen Tiempo","Lateral","S/D","Colisión","S/D","S/D","Ninguna","S/D"
2015,7803,12/09/2015,"Sabado",0,19:00:00,,"0.0",2,"Automóvil,Moto/Ciclomotor","Schweitzer Y J.B.Justo",2,1,0,0,1,0,0,,"Calle",,"ROSARIO","Rosario","Asfalto","No existe","II","Dentro","Urbana","S/D","No existe","Recta","Bueno","Buena","Diurna","Buen Tiempo","Lateral","S/D","Colisión","S/D","S/D","Ninguna","S/D"
2015,7804,18/09/2015,"Viernes",0,07:30:00,,"0.0",2,"Pickup/Utilitario,Moto/Ciclomotor","Schweitzer Y Av. Provincias Unidas",2,1,0,0,1,0,0,,"Avenida",,"ROSARIO","Rosario","Asfalto","No existe","II","Dentro","Urbana","S/D","No existe","Intersección","Bueno","Buena","Diurna","S/D","Lateral","S/D","Colisión","S/D","S/D","Barrera de hormigón","S/D"
2015,7805,09/09/2015,"Miercoles",0,,,"0.0",2,"Moto/Ciclomotor,Pickup/Utilitario","Jose Ingenieros Y Alberdi",2,1,0,0,1,0,0,,"Calle",,"ROSARIO","Rosario","Asfalto","S/D","II","S/D","Urbana","S/D","S/D","Recta","Bueno","Buena","Diurna","Buen Tiempo","Lateral","S/D","Colisión","S/D","Faltante","Cordón divisorio","S/D"
2015,7806,23/09/2015,"Miercoles",0,21:30:00,,"0.0",1,"Automóvil","Av. Genova Y Muñiz Bis",1,1,0,0,0,0,0,,"Calle",,"ROSARIO","Rosario","Hormigón","S/D","II","S/D","Urbana","Marca Vial","S/D","Intersección","Resbaladiza","S/D","Nocturna","Lluvia","Lateral","S/D","Colisión","Agua","Horizontal,Vertical","Ninguna","Sin restricción"
2015,7807,30/09/2015,"Miercoles",0,,,"0.0",1,"Moto/Ciclomotor","Av. Genova 2000",1,1,0,0,0,0,0,,"Calle",,"ROSARIO","Rosario","S/D","S/D","II","Dentro","Urbana","S/D","S/D","S/D","S/D","S/D","S/D","S/D","S/D","S/D","S/D","S/D","S/D","S/D","S/D"
2015,7808,02/09/2015,"Miercoles",0,12:00:00,,"0.0",2,"Pickup/Utilitario,Moto/Ciclomotor","J.J.Paso Y Garzon",2,1,0,0,1,0,0,,"Calle",,"ROSARIO","Rosario","Asfalto","No existe","II","Dentro","Urbana","Ninguna","Funciona","Intersección","Bueno","Buena","Diurna","Buen Tiempo","S/D","S/D","Colisión","S/D","S/D","Línea divisoria pintada","Sin restricción"
2015,7809,28/09/2015,"Lunes",0,23:30:00,,"0.0",2,"Automóvil,Transporte de Pasajeros","Albert Sabin Y Velez Sarsfield",2,1,0,0,0,0,1,,"Calle",,"ROSARIO","Rosario","Asfalto","S/D","II","Dentro","Urbana","S/D","S/D","Intersección","S/D","S/D","Nocturna","S/D","S/D","S/D","Colisión","S/D","S/D","S/D","S/D"
2015,7810,12/09/2015,"Sabado",0,,,"0.0",2,"Automóvil,Moto/Ciclomotor","1 de Mayo Y Ituzaingo",3,2,0,0,1,0,0,,"Calle",,"ROSARIO","Rosario","Asfalto","S/D","II","Dentro","Urbana","S/D","S/D","Intersección","Bueno","S/D","Diurna","S/D","S/D","S/D","Colisión","S/D","Faltante","S/D","Sin restricción"
2015,7811,22/09/2015,"Martes",0,19:30:00,,"0.0",2,"Moto/Ciclomotor,Automóvil","Av. Luis Carballo Y Rawson Bis",2,1,0,0,0,0,1,,"Calle",,"ROSARIO","Rosario","Asfalto","S/D","II","Dentro","Urbana","S/D","S/D","Intersección","S/D","S/D","Atardecer","S/D","S/D","S/D","S/D","S/D","S/D","S/D","S/D"
2015,7812,30/09/2015,"Miercoles",0,09:30:00,"Ruta Nacional 34","73.0",3,"Automóvil,Pickup/Utilitario,Automóvil"," ",5,1,0,0,4,0,0,,"Ruta",34,"BELLA ITALIA","Castellanos","Asfalto","Ripio","V","S/D","Rural","Ninguna","No existe","Recta","Bueno","Buena","Diurna","Buen Tiempo","Múltiple","S/D","Colisión","Ninguna","Faltante","Línea divisoria pintada","S/D"
2015,7813,06/04/2015,"Lunes",0,18:00:00,,"0.0",1,"Moto/Ciclomotor","Ciudadela ",1,0,1,0,0,0,0,,"Calle",,"ROSARIO","Rosario","Asfalto","No existe","II","Dentro","Urbana","Ninguna","No existe","S/D","Con baches","Buena","Atardecer","Buen Tiempo","Atropello animal","S/D","Colisión","S/D","Faltante","Ninguna","Sin restricción"
2015,7814,24/09/2015,"Jueves",0,07:30:00,,"0.0",2,"Bicicleta,Automóvil","Albert Sabin ",2,1,0,0,0,0,1,,"Calle",,"ROSARIO","Rosario","Asfalto","S/D","II","Dentro","Urbana","S/D","S/D","Intersección","S/D","S/D","Diurna","S/D","S/D","S/D","Atropello","S/D","S/D","S/D","S/D"
2015,7815,04/09/2015,"Viernes",0,11:40:00,,"0.0",2,"Moto/Ciclomotor,Automóvil","Albert Sabin Y Bv. Avellaneda",2,1,0,0,0,0,1,,"Calle",,"ROSARIO","Rosario","Asfalto","S/D","II","Dentro","Urbana","S/D","S/D","Intersección","S/D","S/D","Diurna","S/D","S/D","S/D","Colisión","S/D","S/D","S/D","S/D"
2015,7816,03/09/2015,"Jueves",0,13:20:00,,"0.0",2,"Moto/Ciclomotor,Automóvil","Albert Sabin Y Av. Alberdi Bis",2,1,0,0,0,0,1,,"Calle",,"ROSARIO","Rosario","Asfalto","S/D","II","Dentro","Urbana","S/D","S/D","Intersección","S/D","S/D","Diurna","S/D","S/D","S/D","Colisión","S/D","S/D","S/D","S/D"
2015,7817,03/09/2015,"Jueves",0,15:20:00,,"0.0",2,"Moto/Ciclomotor,Automóvil","Bv. Avellaneda Y Junin",2,1,0,0,0,0,1,,"Calle",,"ROSARIO","Rosario","Asfalto","S/D","II","Dentro","Urbana","S/D","S/D","Intersección","S/D","S/D","Diurna","S/D","S/D","S/D","Colisión","S/D","S/D","S/D","S/D"
2015,7818,07/09/2015,"Lunes",0,20:40:00,,"0.0",2,"Moto/Ciclomotor,Automóvil","Casilda 1600",2,1,0,0,0,0,1,,"Calle",,"ROSARIO","Rosario","Asfalto","S/D","II","Dentro","Urbana","S/D","S/D","Recta","S/D","S/D","Nocturna","S/D","S/D","S/D","Colisión","S/D","S/D","S/D","S/D"
2015,7819,25/05/2015,"Lunes",0,04:00:00,,"0.0",2,"Tren,Peatón","Chaco Bis Y J.J.Paso",2,0,1,0,1,0,0,,"Calle",,"ROSARIO","Rosario","S/D","S/D","II","Dentro","Urbana","S/D","S/D","Paso a Nivel FFCC","S/D","S/D","Nocturna","S/D","S/D","S/D","Atropello","S/D","S/D","S/D","S/D"
2015,7820,11/09/2015,"Viernes",0,12:30:00,,"0.0",2,"Pickup/Utilitario,Taxi/Remis","Bv. Avellaneda Y Albert Sabin",4,2,0,0,1,0,1,,"Calle",,"ROSARIO","Rosario","Asfalto","S/D","II","Dentro","Urbana","S/D","S/D","Intersección","S/D","S/D","Diurna","S/D","S/D","S/D","Colisión","S/D","S/D","S/D","S/D"
2015,7821,30/05/2015,"Sabado",0,17:00:00,,"0.0",2,"Taxi/Remis,Tracción animal / Carro","Cordoba Y Callao",3,1,0,0,1,1,0,"-32.942526, -60.660069","Calle",,"ROSARIO","Rosario","S/D","S/D","II","Dentro","Urbana","S/D","S/D","S/D","S/D","S/D","Atardecer","S/D","S/D","S/D","Colisión","S/D","S/D","S/D","S/D"
2015,7822,18/09/2015,"Viernes",0,14:00:00,,"0.0",2,"Bicicleta,Automóvil","Av. Luis Carballo Y Rawson Bis",2,1,0,0,1,0,0,,"Calle",,"ROSARIO","Rosario","Asfalto","S/D","II","Dentro","Urbana","S/D","S/D","Intersección","S/D","S/D","Diurna","S/D","S/D","S/D","Atropello","S/D","S/D","S/D","S/D"
2015,7823,12/09/2015,"Sabado",0,17:30:00,,"0.0",2,"Moto/Ciclomotor,Taxi/Remis","Av. Luis Carballo Y Bv. Avellaneda",2,1,0,0,1,0,0,,"Calle",,"ROSARIO","Rosario","Asfalto","S/D","II","Dentro","Urbana","S/D","S/D","Intersección","S/D","S/D","Diurna","S/D","S/D","S/D","Colisión","S/D","S/D","S/D","S/D"
2015,7824,30/05/2015,"Sabado",0,,,"0.0",2,"Pickup/Utilitario,Moto/Ciclomotor","Mitre Y Maritano",2,0,0,0,1,1,0,"-32.369356, -61.356117","Calle",,"SAN GENARO","San Jerónimo","S/D","S/D","XV","Dentro","Urbana","S/D","S/D","Intersección","S/D","S/D","S/D","S/D","S/D","S/D","Colisión","S/D","S/D","S/D","S/D"
2015,7825,19/09/2015,"Sabado",0,13:30:00,"Ruta Nacional A012","61.0",2,"Moto/Ciclomotor,Automóvil","Iriondo ",2,1,0,0,1,0,0,,"Ruta","A012","RICARDONE","San Lorenzo","Asfalto,Tierra","Ripio","XVII","S/D","Urbana","S/D","S/D","Intersección","S/D","Buena","Diurna","Buen Tiempo","S/D","S/D","Colisión","S/D","S/D","Ninguna","S/D"
2015,7827,30/05/2015,"Sabado",0,,,"0.0",2,"Moto/Ciclomotor,Automóvil","Buenos Aires Y Av. Eva Peron",2,0,0,0,1,1,0,"-32.947587, -60.632741","Calle",,"ROSARIO","Rosario","S/D","S/D","II","Dentro","Urbana","S/D","S/D","S/D","S/D","S/D","S/D","S/D","S/D","S/D","Caída ocupante","S/D","S/D","S/D","S/D"
2015,7828,25/09/2015,"Viernes",0,21:40:00,,"0.0",2,"Moto/Ciclomotor,Automóvil","AMBURGO  Y EVA PERON",2,0,1,0,1,0,0,,"Calle",,"SAN JERÓNIMO SUR","San Lorenzo","Asfalto","Pavimento","XVII","S/D","Urbana","Ninguna","No existe","Intersección","Bueno","Buena","Nocturna","Buen Tiempo","S/D","S/D","Colisión","S/D","Faltante","Ninguna","Sin restricción"
2015,7829,08/09/2015,"Martes",0,21:45:00,,"0.0",2,"Cuatriciclo,Moto/Ciclomotor","Av San Martin Y Granadero Baigorria",3,2,0,0,0,0,1,,"Avenida",,"SAN LORENZO","San Lorenzo","Hormigón","S/D","XVII","S/D","Urbana","S/D","S/D","Intersección","Bueno","S/D","Nocturna","S/D","S/D","S/D","Colisión","S/D","S/D","S/D","S/D"
2015,7830,31/05/2015,"Domingo",0,05:30:00,"Ruta Secundaria 20-s","3.5",1,"Automóvil"," ",1,0,0,0,0,1,0,"-33.110457, -60.793005","Ruta","20-s","PIÑERO","Rosario","S/D","S/D","II","Fuera","Urbana","S/D","S/D","S/D","S/D","S/D","Nocturna","S/D","Contra objeto fijo","S/D","Colisión","S/D","S/D","S/D","S/D"
2015,7831,23/09/2015,"Miercoles",0,23:00:00,,"0.0",2,"Automóvil,Moto/Ciclomotor","Peru Y Zuviria",2,2,0,0,0,0,0,,"Calle",,"ROSARIO","Rosario","Asfalto","No existe","II","Dentro","Urbana","Ninguna","No existe","Intersección","Bueno","Buena","Nocturna","Buen Tiempo","Lateral","S/D","Colisión","Ninguna","Horizontal","Ninguna","Sin restricción"
2015,7832,31/05/2015,"Domingo",0,07:45:00,"Ruta Nacional 8","364.0",1,"Pickup/Utilitario"," ",2,1,0,0,0,1,0,"-33.774499, -61.958840","Ruta",8,"VENADO TUERTO","General López","S/D","S/D","IX","Dentro","Rural","S/D","S/D","S/D","S/D","S/D","Atardecer","Buen Tiempo","S/D","S/D","Vuelco","S/D","S/D","S/D","S/D"
2015,7833,02/09/2015,"Miercoles",0,19:30:00,"Ruta Nacional 33","0.0",2,"Moto/Ciclomotor,Automóvil","oreno ",3,1,0,0,2,0,0,,"Ruta",33,"ZAVALLA","Rosario","Asfalto","Natural","II","Dentro","Urbana","Ninguna","No existe","Intersección","Bueno","Buena","Nocturna","Buen Tiempo","De alcance","S/D","Colisión","Ninguna","Faltante","Cordón divisorio","Sin restricción"
2015,7834,26/09/2015,"Sabado",0,,"Ruta Nacional 33","0.0",1,"Moto/Ciclomotor","San Lorenzo ",2,2,0,0,0,0,0,,"Ruta",33,"ZAVALLA","Rosario","Asfalto","Pavimento","II","Dentro","Urbana","Ninguna","No existe","Intersección","Bueno","S/D","Nocturna","Buen Tiempo","S/D","S/D","Colisión","Ninguna","Faltante","Ninguna","Sin restricción"
2015,7835,21/09/2015,"Lunes",0,,,"0.0",2,"Cuatriciclo,Moto/Ciclomotor"," ",3,2,0,0,1,0,0,,"Camino Rural",,"ZAVALLA","Rosario","Ripio","No existe","II","S/D","Urbana","Ninguna","No existe","Plaza","Bueno","Buena","Diurna","Buen Tiempo","Lateral","S/D","Colisión","Ninguna","Faltante","Vegetación","Sin restricción"
2015,7836,25/09/2015,"Viernes",0,08:00:00,,"0.0",2,"Automóvil,Moto/Ciclomotor","J.J.Paso Y Nicaragua",2,1,0,0,1,0,0,,"Avenida",,"ROSARIO","Rosario","Asfalto","No existe","II","S/D","Urbana","S/D","No existe","Intersección","Bueno","S/D","Diurna","S/D","S/D","S/D","S/D","S/D","S/D","Barrera de hormigón","S/D"
2015,7837,28/05/2015,"Jueves",0,18:20:00,"Ruta Provincial 1","0.0",1,"Automóvil","ALTURA ACCESO NORTE A CAMPO DEL MEDIO ",3,1,0,0,0,2,0,"-31.190838, -60.157796","Ruta",1,"CAMPO DEL MEDIO","Garay","Hormigón","Natural","VII","S/D","S/D","S/D","S/D","S/D","Bueno","S/D","Diurna","S/D","Contra objeto fijo","S/D","Colisión","S/D","S/D","Línea divisoria pintada,S/D","S/D"
2015,7838,12/09/2015,"Sabado",0,21:30:00,,"0.0",2,"Automóvil,Moto/Ciclomotor","Av. Sorrento Y Av. Provincias Unidas",2,0,1,0,1,0,0,,"Avenida",,"ROSARIO","Rosario","Asfalto","S/D","II","S/D","Urbana","Señal Pare","S/D","Intersección","Bueno","Buena","Con luz artificial","S/D","S/D","S/D","Colisión","S/D","S/D","S/D","S/D"
2015,7839,19/05/2015,"Martes",0,12:00:00,,"0.0",1,"Moto/Ciclomotor"," ",1,0,0,0,0,1,0,"-29.892723, -61.936294","Camino Rural",,"CERES","San Cristóbal","S/D","Natural","XIII","Dentro","Rural","S/D","S/D","S/D","S/D","S/D","Diurna","S/D","S/D","S/D","Caída ocupante","S/D","S/D","S/D","S/D"
2015,7840,13/09/2015,"Domingo",0,,,"0.0",1,"Automóvil","PJE 1435 1400",4,1,0,0,0,0,3,,"Avenida",,"ROSARIO","Rosario","Asfalto","S/D","II","Dentro","Urbana","Marca Vial","S/D","Recta","Bueno","Buena","Diurna,Con luz artificial","S/D","S/D","S/D","S/D","S/D","S/D","Línea divisoria pintada","Sin restricción"
2015,7841,13/09/2015,"Domingo",0,18:00:00,,"0.0",2,"Moto/Ciclomotor,Moto/Ciclomotor","Jose Ingenieros Y Olavarria Bis",2,1,0,0,1,0,0,,"Calle",,"ROSARIO","Rosario","Asfalto","No existe","II","S/D","Urbana","Ninguna","No existe","Intersección","Bueno","Buena","Diurna","S/D","S/D","S/D","Colisión","S/D","S/D","Ninguna","Sin restricción"
2015,7842,06/09/2015,"Domingo",0,05:50:00,,"0.0",2,"Moto/Ciclomotor,Automóvil","Santa Fe Y Callao",2,1,0,0,1,0,0,,"Calle",,"ROSARIO","Rosario","Asfalto","No existe","II","S/D","Urbana","Semáforo","Funciona","Recta","Otro","Buena","Diurna","Buen Tiempo","Otro","S/D","Colisión","Otro","Vertical","Ninguna","Sin restricción"
2015,7843,12/09/2015,"Sabado",0,09:40:00,,"0.0",2,"Pickup/Utilitario,Automóvil","Santa Fe Y San Nicolas",2,1,0,0,1,0,0,,"Calle",,"ROSARIO","Rosario","Asfalto","No existe","II","S/D","Urbana","Semáforo","S/D","Recta","S/D","Buena","Diurna","Buen Tiempo","Otro","S/D","Colisión","Otro","Vertical","S/D","Sin restricción"
2015,7844,16/09/2015,"Miercoles",0,15:30:00,,"0.0",2,"Automóvil,Automóvil","Salta Y Av. Ovidio Lagos",2,1,0,0,1,0,0,,"Calle",,"ROSARIO","Rosario","Asfalto","No existe","II","S/D","Urbana","Semáforo","Funciona","Recta","Bueno","Buena","Diurna","Buen Tiempo","Otro","S/D","Colisión","Otro","Vertical","Ninguna","Sin restricción"
2015,7845,19/09/2015,"Sabado",0,12:15:00,,"0.0",2,"Taxi/Remis,Automóvil","Urquiza Y Pueyrredon",2,1,0,0,1,0,0,,"Calle",,"ROSARIO","Rosario","Asfalto","No existe","II","S/D","Urbana","Ninguna","No existe","Recta","Otro","Buena","Diurna","Buen Tiempo","Otro","S/D","Colisión","Otro","Faltante","Ninguna","Sin restricción"
2015,7846,21/09/2015,"Lunes",0,18:00:00,,"0.0",2,"Moto/Ciclomotor,Automóvil","Tucuman Y Iriondo",3,1,0,0,2,0,0,,"Calle",,"ROSARIO","Rosario","Asfalto","No existe","II","S/D","Urbana","Ninguna","No existe","Recta","Bueno","Buena","Diurna","Buen Tiempo","Otro","S/D","Colisión","Otro","Faltante","Ninguna","Sin restricción"
2015,7847,23/09/2015,"Miercoles",0,08:45:00,,"0.0",2,"Moto/Ciclomotor,Automóvil","Santiago 300",2,1,0,0,1,0,0,,"Calle",,"ROSARIO","Rosario","S/D","No existe","II","S/D","Urbana","Ninguna","No existe","Recta","S/D","Buena","Diurna","Buen Tiempo","Otro","S/D","Colisión","Otro","Faltante","Ninguna","Sin restricción"
2015,7848,28/09/2015,"Lunes",0,18:30:00,,"0.0",2,"Taxi/Remis,Moto/Ciclomotor","Crespo Y San Lorenzo",2,1,0,0,1,0,0,,"Calle",,"ROSARIO","Rosario","S/D","No existe","II","S/D","Urbana","Ninguna","No existe","Recta","Otro","Buena","Diurna","Buen Tiempo","Otro","S/D","Colisión","Otro","Faltante","Ninguna","Sin restricción"
2015,7849,29/09/2015,"Martes",0,17:25:00,,"0.0",2,"Moto/Ciclomotor,Automóvil","Vera Mujica Y Tucuman",2,1,0,0,1,0,0,,"Calle",,"ROSARIO","Rosario","S/D","No existe","II","S/D","Urbana","Ninguna","No existe","Recta","S/D","Buena","Diurna","Buen Tiempo","Múltiple","S/D","Colisión","Otro","Faltante","Ninguna","Sin restricción"
2015,7850,29/09/2015,"Martes",0,17:20:00,,"0.0",2,"Automóvil,Moto/Ciclomotor","Vera Mujica Y Jujuy",2,1,0,0,0,0,1,,"Calle",,"ROSARIO","Rosario","Asfalto","No existe","II","Dentro","Urbana","Ninguna","No existe","Recta","Bueno","Buena","Diurna","Buen Tiempo","Otro","S/D","Colisión","S/D","Faltante","Ninguna","Sin restricción"
2015,7851,01/09/2015,"Martes",0,,,"0.0",2,"Automóvil,Moto/Ciclomotor","Av. Provincias Unidas Y Garay",3,1,0,0,2,0,0,,"Avenida",,"ROSARIO","Rosario","Asfalto","Pavimento","II","Dentro","Urbana","Ninguna","No existe","Recta","Bueno","Buena","Diurna","S/D","Lateral","S/D","Colisión","S/D","Faltante","Barrera de hormigón","Sin restricción"
2015,7852,14/09/2015,"Lunes",0,11:30:00,,"0.0",2,"Camión,Moto/Ciclomotor","Calle 42 - Misiones Y Calle 23-Gral lopez",4,3,0,0,1,0,0,,"Calle",,"RECONQUISTA","General Obligado","Hormigón","No existe","IX","Dentro","Urbana","Ninguna","No existe","Intersección","Bueno","Buena","Diurna","Buen Tiempo","Lateral","S/D","Colisión","Ninguna","Vertical","Ninguna","Sin restricción"
2015,7853,10/09/2015,"Jueves",0,,,"0.0",2,"Automóvil,Moto/Ciclomotor","Calle 8-Chacabuco Y Calle 15-Patricio Diez",3,2,0,0,1,0,0,,"Calle",,"RECONQUISTA","General Obligado","S/D","No existe","IX","Dentro","Urbana","Ninguna","No existe","Intersección","Bueno","Buena","Diurna","Buen Tiempo","Lateral","S/D","Colisión","S/D","Vertical","Ninguna","Sin restricción"
2015,7854,14/09/2015,"Lunes",0,12:10:00,,"0.0",2,"Moto/Ciclomotor,Bicicleta","Calle 28 - San Lorenzo Y Calle 19-Habegger",2,1,0,0,1,0,0,,"Calle",,"RECONQUISTA","General Obligado","Hormigón","No existe","IX","Dentro","Rural","S/D","No existe","Intersección","Bueno","Buena","Diurna","Buen Tiempo","S/D","S/D","Atropello","Ninguna","Vertical","Ninguna","S/D"
2015,7855,14/09/2015,"Lunes",0,08:30:00,,"0.0",2,"Moto/Ciclomotor,Taxi/Remis","Calle 44-27 de Abril Y Calle 25 - Pietropaolo",2,1,0,0,1,0,0,,"Calle",,"RECONQUISTA","General Obligado","Hormigón","No existe","IX","Dentro","Urbana","Ninguna","No existe","Intersección","Bueno","Buena","Diurna","Buen Tiempo","Lateral","S/D","Colisión","Ninguna","Vertical","Ninguna","S/D"
2015,7856,08/09/2015,"Martes",0,20:05:00,,"0.0",2,"Automóvil,Bicicleta","Calle 15-Patricio Diez Y Calle 16 Gral Obligado",2,1,0,0,1,0,0,,"Calle",,"RECONQUISTA","General Obligado","Hormigón","No existe","IX","Dentro","Urbana","Ninguna","No existe","Recta","Bueno","Buena","Nocturna,Con luz artificial","Buen Tiempo","S/D","S/D","Atropello","Ninguna","Horizontal","Ninguna","Sin restricción"
2015,7857,01/09/2015,"Martes",0,19:35:00,,"0.0",2,"Moto/Ciclomotor,Peatón","Av. Provincias Unidas Y 24 De Setiembre",2,1,0,0,1,0,0,,"Avenida",,"ROSARIO","Rosario","Asfalto","No existe","II","S/D","Urbana","Ninguna","No existe","Recta","Bueno","Buena","Nocturna","Buen Tiempo","Otro","S/D","Atropello","S/D","Faltante","Ninguna","Sin restricción"
2015,7858,09/09/2015,"Miercoles",0,18:30:00,,"0.0",2,"Automóvil,Peatón","Av. Provincias Unidas Y Bv. 27 De Febrero",2,1,0,0,1,0,0,,"Avenida",,"ROSARIO","Rosario","Asfalto","Pavimento","II","S/D","Urbana","Semáforo","Funciona","Recta","Bueno","Buena","Atardecer","Buen Tiempo","Otro","S/D","Atropello","S/D","S/D","Barrera de hormigón","Sin restricción"
2015,7859,07/09/2015,"Lunes",0,15:50:00,,"0.0",2,"Transporte de Pasajeros Urbano (> 8 asientos),Moto/Ciclomotor","Rivarola Y J.Colombres",3,1,0,0,2,0,0,,"Avenida",,"ROSARIO","Rosario","Asfalto","Pavimento","II","S/D","Urbana","Ninguna","No existe","Recta","Bueno","Buena","Diurna","Buen Tiempo","Otro","S/D","Colisión","S/D","Faltante","Barrera de hormigón","Sin restricción"
2015,7860,12/09/2015,"Sabado",0,07:23:00,,"0.0",2,"Automóvil,Moto/Ciclomotor","Av. Provincias Unidas Y Rivarola",2,1,0,0,1,0,0,,"Avenida",,"ROSARIO","Rosario","Asfalto","Pavimento","II","Dentro","Urbana","Ninguna","Funciona","Recta","Bueno","Buena","Diurna","Buen Tiempo","Frontal","S/D","Colisión","S/D","Faltante","Barrera de hormigón","Sin restricción"
2015,7861,10/09/2015,"Jueves",0,17:15:00,,"0.0",2,"Moto/Ciclomotor,Moto/Ciclomotor","Ecuador Y Bv. 27 De Febrero",2,2,0,0,0,0,0,,"Calle",,"ROSARIO","Rosario","Asfalto","No existe","II","Dentro","Urbana","Ninguna","No existe","Recta","Deteriorada","Buena","Diurna","Buen Tiempo","Frontal","S/D","Colisión","S/D","Faltante","Ninguna","Sin restricción"
2015,7862,29/04/2015,"Miercoles",0,,,"0.0",2,"Bicicleta,Automóvil","Pasteur Y Santa Fe",2,1,0,0,1,0,0,,"Calle",,"SAN GUILLERMO","San Cristóbal","S/D","S/D","XIII","Dentro","Urbana","S/D","S/D","Intersección","S/D","S/D","S/D","S/D","S/D","S/D","Atropello","S/D","S/D","S/D","S/D"
2015,7863,12/09/2015,"Sabado",0,23:00:00,,"0.0",2,"Taxi/Remis,Automóvil","Av. Provincias Unidas Y Rivarola",2,1,0,0,1,0,0,,"Calle",,"ROSARIO","Rosario","Asfalto","Pavimento","II","Dentro","Urbana","Semáforo","Funciona","Recta","Bueno","Buena","Nocturna,Con luz artificial","Buen Tiempo","Frontal","S/D","Colisión","S/D","S/D","Barrera de hormigón","Sin restricción"
2015,7864,07/10/2015,"Miercoles",0,01:00:00,,"0.0",2,"Taxi/Remis,Automóvil","España Y Ituzaingo",3,2,0,0,1,0,0,,"Calle",,"ROSARIO","Rosario","Asfalto","S/D","II","Dentro","Urbana","S/D","S/D","Intersección","Bueno","Buena","Nocturna,Con luz artificial","Buen Tiempo","Lateral","S/D","Colisión","S/D","S/D","S/D","S/D"
2015,7865,30/04/2015,"Jueves",0,,,"0.0",2,"Camión,Moto/Ciclomotor"," ",2,1,0,0,1,0,0,,"Calle",,"SAN GUILLERMO","San Cristóbal","S/D","S/D","XIII","Dentro","Urbana","S/D","S/D","Intersección","S/D","S/D","S/D","S/D","S/D","S/D","Colisión","S/D","S/D","S/D","S/D"
2015,7866,06/10/2015,"Martes",0,22:40:00,,"0.0",2,"Moto/Ciclomotor,Taxi/Remis","Ocampo Y Mitre",2,1,0,0,1,0,0,,"Calle",,"ROSARIO","Rosario","Asfalto","S/D","II","Dentro","Urbana","S/D","S/D","Intersección","Bueno","Buena","Nocturna,Con luz artificial","Buen Tiempo","Lateral","S/D","Colisión","S/D","S/D","S/D","S/D"
2015,7867,06/10/2015,"Martes",0,21:00:00,,"0.0",2,"Moto/Ciclomotor,Automóvil","Pte.Roca Y Cerrito",2,1,0,0,1,0,0,,"Calle",,"ROSARIO","Rosario","Asfalto","S/D","II","Dentro","Urbana","S/D","No existe","Intersección","Bueno","Buena","Nocturna,Con luz artificial","Buen Tiempo","Lateral","S/D","Colisión","S/D","S/D","Ninguna","S/D"
2015,7868,05/10/2015,"Lunes",0,08:40:00,,"0.0",2,"Moto/Ciclomotor,Automóvil","Bv. 27 De Febrero Y Pte.Roca",2,1,0,0,1,0,0,,"Calle",,"ROSARIO","Rosario","Asfalto","S/D","II","S/D","S/D","Semáforo","Funciona","Intersección","Bueno","Buena","Diurna","Buen Tiempo","Lateral","S/D","Colisión","S/D","Vertical","Cordón divisorio","S/D"
2015,7869,05/10/2015,"Lunes",0,00:00:00,,"0.0",2,"Moto/Ciclomotor,Automóvil","Bv. Oroño Y Viamonte",3,2,0,0,1,0,0,,"Avenida",,"ROSARIO","Rosario","Asfalto","S/D","II","Dentro","Urbana","S/D","S/D","Intersección","Bueno","Buena","Nocturna,Con luz artificial","Buen Tiempo","Lateral","S/D","Colisión","S/D","S/D","S/D","S/D"
2015,7870,02/10/2015,"Viernes",0,,,"0.0",2,"Moto/Ciclomotor,Automóvil","Av. Corrientes Y Ocampo",2,1,0,0,1,0,0,,"Calle",,"ROSARIO","Rosario","Asfalto","S/D","II","Dentro","Urbana","S/D","S/D","Intersección","Bueno","S/D","S/D","Buen Tiempo","Lateral","S/D","Colisión","S/D","S/D","S/D","S/D"