"anio_acci","nro_acci","fecha","desc_dia","fecha_aprox","hora_aprox","desc_ruta","km","cant_participantes","desc_participante","calle_avenida_km","total","heridos_leves","heridos_graves","heridos_gravisimos","ilesos","fallecidos","sin_datos","posicion_XY","desc_tipo_via","desc_ruta_ori","desc_loc","desc_dpto","desc_tipo_calzada","desc_tipo_banquina","desc_unidad_regional","desc_lugar_calzada","desc_zona","desc_prioridad","desc_estado_semaforo","desc_lugar_via","desc_estado_via","desc_estado_visibilidad","desc_luminosidad","desc_estado_clima","desc_tipo_colision","desc_tipo_atropello","desc_tipo_hecho","desc_pres_calzada","desc_senializacion","desc_separacion_via","desc_restriccion"
2015,7871,25/10/2015,"Domingo",0,14:05:00,,"0.0",1,"Automóvil","La Paz Y J.M.de Rosas",3,1,0,0,2,0,0,,"Calle",,"ROSARIO","Rosario","Asfalto","No existe","II","Dentro","Urbana","Ninguna","No existe","Intersección","Bueno","Buena","Diurna","Buen Tiempo","Contra objeto fijo","S/D","Colisión","Ninguna","Faltante","Ninguna","Sin restricción"
2015,7872,26/10/2015,"Lunes",0,22:25:00,,"0.0",2,"Bicicleta,Transporte de Pasajeros Urbano (> 8 asientos)","Cerrito Y Esmeralda",2,1,0,0,1,0,0,,"Calle",,"ROSARIO","Rosario","Asfalto","No existe","II","Dentro","Urbana","Ninguna","No existe","Recta","Bueno","Buena","Diurna","Buen Tiempo","Otro","S/D","Atropello","Ninguna","Faltante","Cordón divisorio","Sin restricción"
2015,7873,25/10/2015,"Domingo",0,01:40:00,,"0.0",2,"Moto/Ciclomotor,Ambulancia","Pasco Y Necochea",3,2,0,0,1,0,0,,"Calle",,"ROSARIO","Rosario","Asfalto","No existe","II","Dentro","Urbana","Ninguna","No existe","Intersección","Bueno","Buena","Nocturna,Con luz artificial","Buen Tiempo","De alcance","S/D","Colisión","Ninguna","Vertical","Ninguna","Sin restricción"
2015,7874,06/05/2015,"Miercoles",0,,"Ruta Nacional 11","0.0",2,"Moto/Ciclomotor,Moto/Ciclomotor","Buenos Aires Y Sarmiento",2,2,0,0,0,0,0,,"Ruta",11,"OLIVEROS","Iriondo","Asfalto","No existe","X","Dentro","Urbana","S/D","No existe","Intersección","Bueno","Buena","Diurna","Buen Tiempo","S/D","S/D","Colisión","Ninguna","Vertical","Ninguna","S/D"
2015,7875,21/05/2015,"Jueves",0,20:00:00,,"0.0",2,"Peatón,Automóvil","Avenida de Mayo Y Cornelio Saavedra",3,1,0,0,2,0,0,,"Calle",,"CERES","San Cristóbal","S/D","S/D","XIII","Dentro","Urbana","S/D","S/D","Intersección","S/D","S/D","Nocturna","S/D","S/D","S/D","Atropello","S/D","S/D","S/D","S/D"
2015,7876,20/05/2015,"Miercoles",0,21:00:00,,"0.0",2,"Moto/Ciclomotor,Automóvil","Avenida Sargento Cabral Y Sarmiento",3,1,0,0,2,0,0,,"Calle",,"CERES","San Cristóbal","S/D","S/D","XIII","Dentro","Urbana","S/D","S/D","Intersección","S/D","S/D","Nocturna","S/D","S/D","S/D","Colisión","S/D","S/D","S/D","S/D"
2015,7877,01/09/2015,"Martes",0,17:00:00,,"0.0",2,"Moto/Ciclomotor,Pickup/Utilitario","Morelli Y Lavalle",2,1,0,0,1,0,0,,"Avenida",,"PEREZ","Rosario","S/D","No existe","II","Dentro","Urbana","Ninguna","No existe","Intersección","Otro","Buena","Diurna","Otro","Lateral","S/D","Colisión","Otro","Faltante","Ninguna","Sin restricción"
2015,7878,14/05/2015,"Jueves",0,08:55:00,"Ruta Nacional 34","0.0",2,"Camión,Camión"," ",2,2,0,0,0,0,0,,"Ruta",34,"CURUPAITY","San Cristóbal","Hormigón","Natural","XIII","Dentro","S/D","S/D","S/D","S/D","S/D","S/D","Diurna","S/D","Frontal","S/D","Colisión","S/D","S/D","S/D","S/D"
2015,7879,13/05/2015,"Miercoles",0,07:40:00,,"0.0",2,"Peatón,Moto/Ciclomotor","Av Buenos Aires Y San Martin",3,3,0,0,0,0,0,,"Calle",,"CERES","San Cristóbal","S/D","S/D","XIII","Dentro","Urbana","S/D","S/D","S/D","S/D","S/D","Diurna","S/D","S/D","S/D","Atropello","S/D","S/D","S/D","S/D"
2015,7880,06/10/2015,"Martes",0,08:45:00,,"0.0",2,"Moto/Ciclomotor,Automóvil","Av. Dr.Lassaga ",2,1,0,0,1,0,0,,"Avenida",,"ROSARIO","Rosario","Asfalto","S/D","II","Dentro","Urbana","S/D","S/D","Intersección","Bueno","Buena","Diurna","Buen Tiempo","Lateral","S/D","Colisión","S/D","S/D","S/D","S/D"
2015,7881,09/09/2015,"Miercoles",0,13:20:00,,"0.0",2,"Otros,Bicicleta","Dentesano Y Av Lisandro de la Torre",2,1,0,0,0,0,1,,"Calle",,"SUNCHALES","Castellanos","Asfalto","Pavimento","V","Dentro","Urbana","Ninguna","No existe","Recta","Bueno","Buena","Diurna","Buen Tiempo","Lateral","S/D","Colisión","Ninguna","Vertical","Cordón divisorio","Sin restricción"
2015,7882,22/10/2015,"Jueves",0,10:00:00,,"0.0",3,"Automóvil,Automóvil,Automóvil","Av. Pellegrini 1800",6,6,0,0,0,0,0,,"Calle",,"ROSARIO","Rosario","S/D","S/D","II","Dentro","Urbana","Semáforo","Funciona","Recta","Bueno","Buena","Diurna","Buen Tiempo","Múltiple","S/D","Colisión","S/D","Vertical","Cordón divisorio","Sin restricción"
2015,7883,02/09/2015,"Miercoles",0,18:05:00,,"0.0",2,"Moto/Ciclomotor,Camión","J B Justo Y Carlos Pellegrini",3,1,0,0,2,0,0,,"Calle",,"SUNCHALES","Castellanos","Asfalto","No existe","V","Dentro","Urbana","Ninguna","No existe","Intersección","Bueno","Buena","Diurna","Buen Tiempo","Frontal","S/D","Colisión","Ninguna","Vertical","Ninguna","Sin restricción"
2015,7884,24/10/2015,"Sabado",0,06:40:00,,"0.0",1,"Moto/Ciclomotor","Calle sin nombre ",1,1,0,0,0,0,0,,"Camino Rural",,"COLONIA MARGARITA","Castellanos","Ripio","Natural","V","Dentro","Urbana","Ninguna","No existe","Recta","S/D","Buena","Amanecer","Buen Tiempo","S/D","S/D","Caída ocupante","S/D","Vertical","Ninguna","Sin restricción"
2015,7885,23/10/2015,"Viernes",0,06:45:00,"Ruta Provincial 13","101.0",2,"Automóvil,Pickup/Utilitario"," ",2,1,1,0,0,0,0,,"Ruta",13,"MARIA JUANA","Castellanos","Asfalto","Natural","V","Dentro","Rural","Marca Vial","No existe","Recta","Bueno","Buena","Diurna","Buen Tiempo","Frontal","S/D","Colisión","Ninguna","Faltante","Línea divisoria pintada","Sin restricción"
2015,7886,20/09/2015,"Domingo",0,20:10:00,,"0.0",2,"Automóvil,Moto/Ciclomotor","Belgrano Y Jose Ingenieros",2,1,0,0,1,0,0,,"Avenida",,"RAFAELA","Castellanos","Asfalto","No existe","V","S/D","Urbana","Ninguna","No existe","Intersección","Bueno","Reducida polvo","Nocturna","Buen Tiempo","De alcance","S/D","Colisión","Ninguna","Faltante","Vegetación","Sin restricción"
2015,7887,22/09/2015,"Martes",0,21:30:00,,"0.0",1,"Camión"," ",1,1,0,0,0,0,0,,"S/D",,"TACURAL","Castellanos","Asfalto","Natural","V","Fuera","Rural","Ninguna","No existe","Curva","Bueno","Buena","Diurna","Buen Tiempo","Lateral","S/D","Vuelco","Agua","Faltante","Guardarrail","Sin restricción"
2015,7888,24/09/2015,"Jueves",0,21:10:00,,"0.0",2,"Moto/Ciclomotor,Automóvil","Estanislao lopez Y J B Justo",2,0,1,0,1,0,0,,"S/D",,"SUNCHALES","Castellanos","Asfalto","S/D","V","S/D","Urbana","Ninguna","No existe","Intersección","Bueno","Buena","Nocturna","Buen Tiempo","Lateral","S/D","Colisión","Ninguna","S/D","S/D","Sin restricción"
2015,7889,21/10/2015,"Miercoles",0,16:20:00,,"0.0",2,"Automóvil,Moto/Ciclomotor","Cochabamba Y Av. Corrientes",2,1,0,0,1,0,0,,"Calle",,"ROSARIO","Rosario","Asfalto","No existe","II","Dentro","Urbana","Ninguna","No existe","Intersección","Bueno","Buena","Diurna","Buen Tiempo","De alcance","S/D","Colisión","S/D","Faltante","Ninguna","Sin restricción"
2015,7890,20/09/2015,"Domingo",0,16:00:00,,"0.0",2,"Moto/Ciclomotor,Automóvil","Sarmiento Y Leandro N Alem",2,1,0,0,1,0,0,,"Avenida",,"SUNCHALES","Castellanos","Asfalto","S/D","V","S/D","Urbana","S/D","No existe","Intersección","Bueno","Buena","Diurna","Buen Tiempo","Lateral","S/D","Colisión","Ninguna","Faltante","Cordón divisorio","Sin restricción"
2015,7891,19/10/2015,"Lunes",0,18:20:00,,"0.0",2,"Moto/Ciclomotor,Automóvil","San Martin Y Amenabar",2,1,0,0,1,0,0,,"Calle",,"ROSARIO","Rosario","Asfalto","S/D","II","Dentro","Urbana","Semáforo","Funciona","Intersección","Bueno","Buena","Diurna","Buen Tiempo","Lateral","S/D","Colisión","S/D","Vertical","S/D","S/D"
2015,7892,30/09/2015,"Miercoles",0,21:00:00,,"0.0",2,"Bicicleta,Automóvil","Av Irigoyen ",2,0,1,0,1,0,0,,"Avenida",,"SUNCHALES","Castellanos","Asfalto","S/D","V","S/D","Rural","S/D","No existe","Recta","Bueno","Buena","Nocturna","Buen Tiempo","S/D","S/D","Atropello","Ninguna","Faltante","Cordón divisorio","Sin restricción"
2015,7893,19/10/2015,"Lunes",0,14:00:00,,"0.0",2,"Automóvil,Automóvil","Bv. Oroño Y Cochabamba",3,2,0,0,1,0,0,,"Calle",,"ROSARIO","Rosario","Asfalto","No existe","II","Dentro","Urbana","Ninguna","No existe","Intersección","Bueno","Buena","Diurna","Buen Tiempo","De alcance","S/D","Colisión","S/D","Faltante","Ninguna","Sin restricción"
2015,7894,14/10/2015,"Miercoles",0,18:30:00,,"0.0",2,"Moto/Ciclomotor,Automóvil","Buenos Aires Y Reg.11 de Infanteria",2,1,0,0,1,0,0,,"Calle",,"ROSARIO","Rosario","Asfalto","No existe","II","Dentro","Urbana","Ninguna","No existe","Intersección","Bueno","Buena","Diurna","Buen Tiempo","Lateral","S/D","Colisión","S/D","S/D","Ninguna","Sin restricción"
2015,7895,02/09/2015,"Miercoles",0,23:00:00,,"0.0",2,"Automóvil,Moto/Ciclomotor","Moreno ",2,1,0,0,1,0,0,,"S/D",,"FIGHIERA","Rosario","Asfalto","S/D","II","S/D","Urbana","S/D","S/D","Intersección","Bueno","S/D","Nocturna","Buen Tiempo","S/D","S/D","S/D","S/D","S/D","S/D","S/D"
2015,7896,17/10/2015,"Sabado",0,13:00:00,,"0.0",2,"Automóvil,Peatón","Cochabamba Y Bv. Oroño",2,1,0,0,1,0,0,,"Calle",,"ROSARIO","Rosario","Asfalto","No existe","II","Dentro","Urbana","Ninguna","No existe","Recta","Bueno","Buena","Diurna","Buen Tiempo","De alcance","S/D","Atropello","S/D","Faltante","Ninguna","Sin restricción"
2015,7897,20/10/2015,"Martes",0,07:10:00,,"0.0",2,"Moto/Ciclomotor,Moto/Ciclomotor","Anchorena Y Buenos Aires",3,2,0,0,1,0,0,,"Calle",,"ROSARIO","Rosario","Asfalto","No existe","II","Dentro","Urbana","Ninguna","No existe","Intersección","Bueno","Buena","Amanecer","Buen Tiempo","Lateral","S/D","Colisión","S/D","S/D","Ninguna","Sin restricción"
2015,7898,10/09/2015,"Jueves",0,16:00:00,"Autopista Nacional Gral. Juan Jose Valle","256.0",3,"Camión,Moto/Ciclomotor,Camión","FRENTE A ESTACION YPF ",3,0,0,0,2,1,0,"-33.227096, -60.460431","Autopista","Gral. Juan Jose Valle","FIGHIERA","Rosario","S/D","S/D","II","S/D","Urbana","S/D","S/D","Recta","S/D","S/D","Diurna","Buen Tiempo","Múltiple","S/D","Colisión","S/D","S/D","Barrera de hormigón","S/D"
2015,7899,10/10/2015,"Sabado",0,19:40:00,,"0.0",2,"Moto/Ciclomotor,Pickup/Utilitario","Ayacucho Y J.M.Gutierrez",4,3,0,0,1,0,0,,"Calle",,"ROSARIO","Rosario","Asfalto","No existe","II","Dentro","Urbana","Ninguna","No existe","Intersección","Bueno","Buena","Atardecer","Buen Tiempo","Lateral","S/D","Colisión","S/D","S/D","Línea divisoria pintada","Sin restricción"
2015,7900,29/09/2015,"Martes",0,08:30:00,,"0.0",2,"Moto/Ciclomotor,Automóvil","Baigorria 2100",2,1,0,0,1,0,0,,"Calle",,"ROSARIO","Rosario","Asfalto","No existe","II","S/D","Urbana","Ninguna","No existe","Recta","Bueno","Buena","Diurna","Buen Tiempo","Lateral","S/D","Colisión","Otro","Faltante","Ninguna","Sin restricción"
2015,7901,20/10/2015,"Martes",0,16:45:00,,"0.0",2,"Moto/Ciclomotor,Transporte de Pasajeros Urbano (> 8 asientos)","Av. Uriburu Y Ayacucho",2,1,0,0,1,0,0,,"Avenida",,"ROSARIO","Rosario","Asfalto","No existe","II","Dentro","Urbana","Semáforo","Funciona","Intersección","Bueno","Buena","Diurna","S/D","Lateral","S/D","Colisión","S/D","S/D","Cordón divisorio,Línea divisoria pintada","Sin restricción"
2015,7902,26/09/2015,"Sabado",0,19:00:00,,"0.0",2,"Automóvil,Moto/Ciclomotor"," ",2,1,0,0,1,0,0,,"Avenida",,"GRANADERO BAIGORRIA","Rosario","Asfalto","Pavimento","II","S/D","Urbana","Ninguna","No existe","Recta","Bueno","Buena","Nocturna","Buen Tiempo","Otro","S/D","Colisión","Ninguna","Faltante","Ninguna","S/D"
2015,7903,15/10/2015,"Jueves",0,18:40:00,,"0.0",2,"Moto/Ciclomotor,Automóvil","Viamonte Y España",3,1,0,0,2,0,0,,"Calle",,"ROSARIO","Rosario","Asfalto","S/D","II","Dentro","Urbana","S/D","S/D","Intersección","Bueno","Buena","Diurna","Buen Tiempo","Lateral","S/D","Colisión","S/D","S/D","S/D","S/D"
2015,7904,28/09/2015,"Lunes",1,,,"0.0",2,"Otros,Otros","Roullon Y Neuquen",2,0,0,0,0,0,2,,"S/D",,"ROSARIO","Rosario","Asfalto","No existe","II","S/D","S/D","Ninguna","No existe","Intersección","Bueno","Buena","Diurna","Buen Tiempo","Lateral","S/D","Colisión","Otro","Horizontal","Ninguna","Sin restricción"
2015,7905,13/10/2015,"Martes",0,15:00:00,,"0.0",2,"Moto/Ciclomotor,Pickup/Utilitario","Italia Y Pasco",2,1,0,0,1,0,0,,"Calle",,"ROSARIO","Rosario","Asfalto","No existe","II","Dentro","Urbana","Ninguna","No existe","Intersección","Bueno","Buena","Diurna","Buen Tiempo","De alcance","S/D","Colisión","S/D","Faltante","Ninguna","Sin restricción"
2015,7906,08/10/2015,"Jueves",0,23:05:00,,"0.0",2,"Automóvil,Automóvil","Av. Uriburu Y Pje. Hipocrates",2,2,0,0,0,0,0,,"Avenida",,"ROSARIO","Rosario","Asfalto","No existe","II","Dentro","Urbana","Ninguna","No existe","Intersección","Bueno","Buena","Nocturna","S/D","Lateral","S/D","Colisión","Agua","S/D","Ninguna","Sin restricción"
2015,7907,10/10/2015,"Sabado",0,11:20:00,,"0.0",2,"Automóvil,Automóvil","Riobamba Y Mitre",4,1,0,0,3,0,0,,"Calle",,"ROSARIO","Rosario","Asfalto","S/D","II","Dentro","Urbana","S/D","S/D","Intersección","Bueno","Buena","Diurna","Buen Tiempo","Lateral","S/D","Colisión","S/D","S/D","S/D","S/D"
2015,7908,26/09/2015,"Sabado",0,,,"0.0",2,"Taxi/Remis,Peatón","Av. Pellegrini Y Pje. Malvinas",2,2,0,0,0,0,0,,"Calle",,"ROSARIO","Rosario","Asfalto","S/D","II","Dentro","Urbana","Ninguna","S/D","Intersección","Bueno","S/D","S/D","Buen Tiempo","S/D","S/D","Colisión","Otro","S/D","S/D","Sin restricción"
2015,7909,11/10/2015,"Domingo",0,07:45:00,,"0.0",2,"Automóvil,Automóvil","Viamonte Y Entre Rios",4,1,0,0,3,0,0,,"Calle",,"ROSARIO","Rosario","Asfalto","S/D","II","Dentro","Urbana","S/D","S/D","Intersección","Bueno","Buena","Diurna","Buen Tiempo","Lateral","S/D","Colisión","S/D","S/D","S/D","S/D"
2015,7910,09/01/2015,"Viernes",0,13:20:00,,"0.0",2,"Automóvil,Pickup/Utilitario","Pte.Roca Y Virasoro",4,1,0,0,3,0,0,,"Calle",,"ROSARIO","Rosario","Asfalto","S/D","II","Dentro","Urbana","S/D","No existe","Intersección","Bueno","Buena","Diurna","Buen Tiempo","Lateral","S/D","Colisión","S/D","S/D","S/D","S/D"
2015,7911,30/09/2015,"Miercoles",0,18:30:00,,"0.0",2,"Peatón,Moto/Ciclomotor","Solis Y Cordoba",2,2,0,0,0,0,0,,"Calle",,"ROSARIO","Rosario","Asfalto","No existe","II","Dentro","Urbana","Ninguna","No existe","Intersección","Bueno","Buena","Atardecer","Buen Tiempo","S/D","S/D","Atropello","Otro","Horizontal","Ninguna","Sin restricción"
2015,7912,12/10/2015,"Lunes",0,05:30:00,,"0.0",1,"Automóvil","Av. Belgrano 2100",1,0,1,0,0,0,0,,"Calle",,"ROSARIO","Rosario","Asfalto","No existe","II","Dentro","Urbana","Ninguna","No existe","Recta","Bueno","Buena","Nocturna,Con luz artificial","Buen Tiempo","Contra objeto fijo","S/D","Colisión","S/D","Faltante","Cordón divisorio","Sin restricción"
2015,7913,11/10/2015,"Domingo",0,02:50:00,,"0.0",2,"Automóvil,Bicicleta","Cochabamba Y L.N.Alem",2,1,0,0,1,0,0,,"Calle",,"ROSARIO","Rosario","Asfalto","No existe","II","Dentro","Urbana","Otra Señal","No existe","Recta","Bueno","Buena","Nocturna","Buen Tiempo","S/D","S/D","Atropello","S/D","Horizontal","Ninguna","Sin restricción"
2015,7914,21/10/2015,"Miercoles",0,12:10:00,"Autovía Nacional 19","68.9",1,"Automóvil"," ",3,3,0,0,0,0,0,,"Autovía",19,"CASTELLANOS","Castellanos","Asfalto","Pavimento","V","Dentro","S/D","Ninguna","No existe","Recta","Bueno","Buena","Diurna","Buen Tiempo","S/D","S/D","Despiste","S/D","Horizontal","Guardarrail","Sin restricción"
2015,7915,13/10/2015,"Martes",0,11:30:00,,"0.0",2,"Automóvil,Peatón","Cerrito 738",2,1,0,0,1,0,0,,"Calle",,"ROSARIO","Rosario","Asfalto","No existe","II","Dentro","Urbana","Ninguna","No existe","Recta","Bueno","Buena","Diurna","Buen Tiempo","S/D","S/D","Atropello","S/D","Faltante","Ninguna","Sin restricción"
2015,7916,15/10/2015,"Jueves",0,11:50:00,,"0.0",2,"Automóvil,Automóvil","Cerrito Y Laprida",3,1,0,0,2,0,0,,"Calle",,"ROSARIO","Rosario","Asfalto","No existe","II","Dentro","Urbana","Señal Pare","No existe","Intersección","Bueno","Buena","Diurna","Buen Tiempo","De alcance","S/D","Colisión","S/D","Horizontal","Ninguna","Sin restricción"
2015,7917,15/10/2015,"Jueves",0,07:00:00,,"0.0",2,"Automóvil,Pickup/Utilitario","Bv. 27 De Febrero ",4,3,0,0,1,0,0,,"Calle",,"ROSARIO","Rosario","Asfalto","No existe","II","Dentro","Urbana","Ninguna","No existe","Intersección","Con baches","Buena","Diurna","Buen Tiempo","Lateral","S/D","Colisión","S/D","Faltante","Vegetación","Sin restricción"
2015,7918,06/10/2015,"Martes",0,18:50:00,,"0.0",2,"Bicicleta,Pickup/Utilitario","Ayacucho Y Pje. 525",2,1,0,0,1,0,0,,"Calle",,"ROSARIO","Rosario","S/D","No existe","II","Dentro","Urbana","S/D","No existe","Intersección","S/D","Buena","Diurna","Buen Tiempo","S/D","S/D","Atropello","S/D","S/D","Línea divisoria pintada","Sin restricción"
2015,7919,03/10/2015,"Sabado",0,08:20:00,,"0.0",2,"Moto/Ciclomotor,Automóvil","Av. Ntra.Sra.del Rosario Y Lituania",2,1,0,0,1,0,0,,"Avenida",,"ROSARIO","Rosario","Asfalto","No existe","II","Dentro","Urbana","Ninguna","No existe","Intersección","Bueno","Buena","Diurna","Buen Tiempo","Lateral","S/D","Colisión","S/D","S/D","Ninguna","Sin restricción"
2015,7920,02/09/2015,"Miercoles",0,09:45:00,"Ruta Nacional 33","0.0",2,"Moto/Ciclomotor,Pickup/Utilitario","Ruta Nac 33 Y Ruta Prov 14",2,1,0,0,1,0,0,,"Ruta",33,"PEREZ","Rosario","S/D","No existe","II","Dentro","Urbana","Ninguna","No existe","Cruce","S/D","Buena","Diurna","Buen Tiempo","Lateral","S/D","Colisión","S/D","S/D","Línea divisoria pintada","Sin restricción"
2015,7921,27/10/2015,"Martes",0,14:15:00,,"0.0",2,"Moto/Ciclomotor,Automóvil","Bv. Oroño Y Cochabamba",2,1,0,0,1,0,0,,"Avenida",,"ROSARIO","Rosario","Asfalto","S/D","II","Dentro","Urbana","Señal Ceda el Paso","S/D","Intersección","Bueno","Buena","Diurna","Buen Tiempo","Lateral","S/D","Colisión","S/D","S/D","S/D","S/D"
2015,7922,11/05/2015,"Lunes",0,,"Ruta Provincial 39","0.0",1,"Moto/Ciclomotor","RP39 a 10 km al este dela localidad de Arrufó ",2,1,1,0,0,0,0,,"Ruta",39,"SAN CRISTÓBAL","San Cristóbal","S/D","Natural","XIII","Dentro","Rural","S/D","S/D","Recta","S/D","S/D","Diurna","S/D","Contra objeto fijo","S/D","Colisión","S/D","Vertical","S/D","S/D"
2015,7923,18/05/2015,"Lunes",0,12:30:00,,"0.0",1,"Moto/Ciclomotor"," ",3,1,1,0,1,0,0,,"Calle",,"GRANADERO BAIGORRIA","Rosario","S/D","S/D","II","Dentro","Urbana","S/D","S/D","Intersección","S/D","S/D","Diurna","S/D","S/D","S/D","Colisión","S/D","S/D","S/D","S/D"
2015,7924,07/05/2015,"Jueves",0,10:00:00,,"0.0",2,"Pickup/Utilitario,Bicicleta","Lavalle Y Guemes",2,1,0,0,1,0,0,,"Calle",,"ESPERANZA","Las Colonias","S/D","S/D","XI","Dentro","Urbana","S/D","S/D","Intersección","S/D","S/D","Diurna","S/D","S/D","S/D","Atropello","S/D","S/D","S/D","S/D"
2015,7925,07/05/2015,"Jueves",0,,,"0.0",2,"Automóvil,Moto/Ciclomotor","Rivadavia Y 25 de Mayo",3,1,0,0,2,0,0,,"Calle",,"ESPERANZA","Las Colonias","S/D","S/D","XI","Dentro","Urbana","S/D","S/D","Intersección","S/D","S/D","Nocturna","S/D","S/D","S/D","Colisión","S/D","S/D","S/D","S/D"
2015,7926,07/05/2015,"Jueves",0,20:30:00,,"0.0",2,"Automóvil,Moto/Ciclomotor","Saavedra Y Entre Rios",2,1,0,0,1,0,0,,"Calle",,"SAN CARLOS CENTRO","Las Colonias","S/D","S/D","XI","Dentro","Urbana","S/D","S/D","Intersección","S/D","S/D","Nocturna","S/D","S/D","S/D","Colisión","S/D","S/D","S/D","S/D"
2015,7927,13/05/2015,"Miercoles",0,10:10:00,"Ruta Provincial 1","0.0",2,"Moto/Ciclomotor,Automóvil","ACCESO A COSTA ITATI (A 3KM DE ZU) ",2,1,0,0,1,0,0,,"Ruta",1,"LOS LAURELES","General Obligado","S/D","S/D","IX","Dentro","Rural","S/D","S/D","S/D","S/D","S/D","Diurna","S/D","S/D","S/D","Colisión","S/D","S/D","S/D","S/D"
2015,7928,25/10/2015,"Domingo",0,21:35:00,,"0.0",2,"Automóvil,Automóvil","Ocampo Y San Martin",4,2,0,0,2,0,0,,"Calle",,"ROSARIO","Rosario","Asfalto","S/D","II","Dentro","Urbana","S/D","S/D","Intersección","Bueno","Buena","Nocturna,Con luz artificial","Buen Tiempo","Lateral","S/D","Colisión","S/D","S/D","S/D","S/D"
2015,7929,25/10/2015,"Domingo",0,17:15:00,,"0.0",2,"Moto/Ciclomotor,Automóvil","Galvez Y Rodriguez",2,1,0,0,1,0,0,,"Calle",,"ROSARIO","Rosario","Asfalto","S/D","II","S/D","Urbana","S/D","S/D","Intersección","Bueno","Buena","Diurna","Buen Tiempo","Lateral","S/D","Colisión","S/D","S/D","S/D","S/D"
2015,7930,24/10/2015,"Sabado",0,14:30:00,,"0.0",2,"Moto/Ciclomotor,Pickup/Utilitario","Galvez Y Entre Rios",2,1,0,0,1,0,0,,"Calle",,"ROSARIO","Rosario","Asfalto","S/D","II","Dentro","Urbana","S/D","S/D","Intersección","Resbaladiza","Buena","Diurna","Lluvia","Lateral","S/D","Colisión","Agua","S/D","S/D","S/D"
2015,7931,23/10/2015,"Viernes",0,17:30:00,,"0.0",2,"Automóvil,Moto/Ciclomotor","Galvez Y Mariano Moreno",3,2,0,0,1,0,0,,"Calle",,"ROSARIO","Rosario","Asfalto","No existe","II","Dentro","Urbana","Ninguna","No existe","Intersección","Bueno","Buena","Diurna","Buen Tiempo","De alcance","S/D","Colisión","Ninguna","Faltante","Ninguna","Sin restricción"
2015,7932,23/10/2015,"Viernes",0,15:15:00,"Ruta Provincial 21","0.0",2,"Automóvil,Moto/Ciclomotor","Marconi ",2,1,0,0,1,0,0,,"Ruta",21,"FIGHIERA","Rosario","S/D","S/D","II","Dentro","Urbana","S/D","S/D","Intersección","S/D","S/D","Diurna","Buen Tiempo","S/D","S/D","Colisión","S/D","S/D","S/D","S/D"
2015,7933,06/10/2015,"Martes",0,23:10:00,,"0.0",2,"Automóvil,Moto/Ciclomotor","San Martin Y Av. Uriburu",3,1,1,0,1,0,0,,"Calle",,"ROSARIO","Rosario","Asfalto","No existe","II","Dentro","Urbana","Semáforo","Funciona","Intersección","Con baches","Buena","Nocturna","Buen Tiempo","Frontal","S/D","Colisión","Otro","S/D","Cordón divisorio","Sin restricción"
2015,7934,27/10/2015,"Martes",0,17:00:00,,"0.0",2,"Automóvil,Automóvil","Sarmiento Y Saavedra",7,2,0,0,5,0,0,,"Calle",,"ROSARIO","Rosario","Asfalto","No existe","II","Dentro","Urbana","Ninguna","No existe","Recta","Bueno","Buena","Diurna","Buen Tiempo","Frontal","S/D","Colisión","S/D","S/D","Ninguna","S/D"
2015,7935,01/10/2015,"Jueves",0,18:00:00,,"0.0",2,"Pickup/Utilitario,Moto/Ciclomotor","Roque Saenz Peña Y E D'Far",2,1,0,0,1,0,0,,"Calle",,"CALCHAQUÍ","Vera","Tierra","No existe","XIX","Dentro","Urbana","S/D","No existe","Intersección","S/D","Buena","Atardecer","Buen Tiempo","Lateral","S/D","Colisión","S/D","Faltante","Ninguna","Sin restricción"
2015,7936,14/10/2015,"Miercoles",0,21:15:00,,"0.0",2,"Moto/Ciclomotor,Moto/Ciclomotor","Roque Saenz Peña Y San Lorenzo",2,1,0,0,1,0,0,,"Calle",,"CALCHAQUÍ","Vera","Asfalto","No existe","XIX","Dentro","Urbana","Ninguna","No existe","Intersección","Bueno","Buena","Nocturna","S/D","Lateral","S/D","Colisión","S/D","Faltante","Ninguna","Sin restricción"
2015,7937,04/10/2015,"Domingo",0,01:00:00,,"0.0",2,"Moto/Ciclomotor,Taxi/Remis","Alsina Y Garay",2,1,0,0,1,0,0,,"Calle",,"ROSARIO","Rosario","Asfalto","No existe","II","Dentro","Urbana","Ninguna","No existe","Intersección","Bueno","Buena","Nocturna","Buen Tiempo","S/D","S/D","Colisión","S/D","Faltante","Vegetación","Sin restricción"
2015,7938,12/10/2015,"Lunes",0,20:30:00,,"0.0",3,"Automóvil,Automóvil,Automóvil","Mariano Moreno Y Reg.11 de Infanteria",3,2,0,0,1,0,0,,"Calle",,"ROSARIO","Rosario","Asfalto","Pavimento","II","Dentro","Urbana","Ninguna","S/D","Intersección","Bueno","Buena","Atardecer","Buen Tiempo","Múltiple","S/D","Colisión","S/D","S/D","Ninguna","Sin restricción"
2015,7939,19/10/2015,"Lunes",0,21:30:00,,"0.0",1,"Bicicleta","Mitre Y Juan De Garay",1,1,0,0,0,0,0,,"Calle",,"CALCHAQUÍ","Vera","Asfalto","S/D","XIX","Dentro","Urbana","S/D","S/D","Intersección","S/D","S/D","Nocturna","S/D","S/D","S/D","Caída ocupante","S/D","S/D","S/D","S/D"
2015,7940,10/10/2015,"Sabado",0,09:00:00,,"0.0",2,"Automóvil,Taxi/Remis","J.M.de Rosas Y Riobamba",2,1,0,0,1,0,0,,"Calle",,"ROSARIO","Rosario","Asfalto","No existe","II","Dentro","Urbana","Ninguna","No existe","Intersección","Bueno","Buena","Diurna","Buen Tiempo","Contra objeto fijo,Lateral","S/D","Colisión","Ninguna","Faltante","Ninguna","Sin restricción"