"anio_acci","nro_acci","fecha","desc_dia","fecha_aprox","hora_aprox","desc_ruta","km","cant_participantes","desc_participante","calle_avenida_km","total","heridos_leves","heridos_graves","heridos_gravisimos","ilesos","fallecidos","sin_datos","posicion_XY","desc_tipo_via","desc_ruta_ori","desc_loc","desc_dpto","desc_tipo_calzada","desc_tipo_banquina","desc_unidad_regional","desc_lugar_calzada","desc_zona","desc_prioridad","desc_estado_semaforo","desc_lugar_via","desc_estado_via","desc_estado_visibilidad","desc_luminosidad","desc_estado_clima","desc_tipo_colision","desc_tipo_atropello","desc_tipo_hecho","desc_pres_calzada","desc_senializacion","desc_separacion_via","desc_restriccion"
2015,7941,23/10/2015,"Viernes",0,07:10:00,,"0.0",1,"Moto/Ciclomotor","Simon De Iriondo Y Salta",1,0,1,0,0,0,0,,"Calle",,"CALCHAQUÍ","Vera","S/D","S/D","XIX","Dentro","Urbana","S/D","S/D","Intersección","S/D","Buena","Amanecer","S/D","S/D","S/D","Caída ocupante","S/D","S/D","S/D","S/D"
2015,7942,24/10/2015,"Sabado",0,07:00:00,,"0.0",1,"Moto/Ciclomotor","Fleming ",1,1,0,0,0,0,0,,"Calle",,"MARGARITA","Vera","Tierra","Natural","XIX","Dentro","Urbana","Ninguna","No existe","Recta","Bueno","Buena","Diurna","Buen Tiempo","S/D","S/D","Caída ocupante","S/D","S/D","Vegetación","Sin restricción"
2015,7943,25/10/2015,"Domingo",0,19:00:00,,"0.0",2,"Automóvil,Moto/Ciclomotor","San Martin Y Dorrego",4,1,0,0,3,0,0,,"Calle",,"CALCHAQUÍ","Vera","S/D","S/D","XIX","Dentro","Urbana","S/D","S/D","Intersección","S/D","Buena","Atardecer","S/D","Frontal","S/D","Colisión","S/D","S/D","S/D","S/D"
2015,7944,26/10/2015,"Lunes",0,,,"0.0",1,"Moto/Ciclomotor","Saavedra ",1,1,0,0,0,0,0,,"Calle",,"FORTÍN OLMOS","Vera","Ripio","Natural","XIX","Dentro","Urbana","Ninguna","No existe","Recta","Bueno","Buena","Con luz artificial","Buen Tiempo","S/D","S/D","Caída ocupante","Agua","S/D","Ninguna","Sin restricción"
2015,7945,09/10/2015,"Viernes",0,22:30:00,,"0.0",2,"Automóvil,Moto/Ciclomotor","Ituzaingo Y J.M.de Rosas",2,1,0,0,1,0,0,,"Calle",,"ROSARIO","Rosario","Asfalto","No existe","II","Dentro","Urbana","Señal Pare","No existe","Intersección","Bueno","Buena","Con luz artificial","Buen Tiempo","Lateral","S/D","Colisión","Ninguna","Vertical","Ninguna","Sin restricción"
2015,7946,10/10/2015,"Sabado",0,10:10:00,,"0.0",2,"Automóvil,Moto/Ciclomotor"," ",3,1,0,0,2,0,0,,"Calle",,"LA GALLARETA","Vera","Asfalto","Natural","XIX","Dentro","Urbana","Ninguna","No existe","Recta","Bueno","Buena","Diurna","Buen Tiempo","S/D","S/D","Colisión","S/D","Faltante","Ninguna","Sin restricción"
2015,7947,01/10/2015,"Jueves",0,06:00:00,,"0.0",1,"Moto/Ciclomotor","L de la Torre Y Moreno",2,2,0,0,0,0,0,,"Calle",,"VERA","Vera","Asfalto","Natural","XIX","Dentro","Urbana","Ninguna","No existe","Intersección","Bueno","Buena","Amanecer","Buen Tiempo","S/D","S/D","Caída ocupante","Ninguna","Faltante","Ninguna","Sin restricción"
2015,7948,03/10/2015,"Sabado",0,11:15:00,,"0.0",1,"Moto/Ciclomotor","Rivadavia Y Alberdi",2,2,0,0,0,0,0,,"Calle",,"LA GALLARETA","Vera","Asfalto","Natural","XIX","Dentro","Urbana","Ninguna","No existe","Intersección","S/D","Buena","Diurna","Buen Tiempo","S/D","S/D","Despiste","Ninguna","Faltante","Ninguna","Sin restricción"
2015,7949,24/10/2015,"Sabado",0,10:50:00,,"0.0",1,"Automóvil","Av. Pte.Peron Y Ricchieri",2,2,0,0,0,0,0,,"Avenida",,"ROSARIO","Rosario","Asfalto","S/D","II","Dentro","Urbana","S/D","S/D","Recta","Bueno","Buena","Diurna","Lluvia","Contra objeto fijo","S/D","Colisión","Agua","S/D","Cordón divisorio","S/D"
2015,7950,07/10/2015,"Miercoles",0,23:15:00,,"0.0",2,"Moto/Ciclomotor,Peatón","Mitre B Y R Mudry",3,2,0,0,1,0,0,,"Calle",,"VERA","Vera","Ripio","No existe","XIX","Dentro","Urbana","Ninguna","No existe","Recta","Bueno","Reducida","Nocturna","Buen Tiempo","S/D","S/D","Atropello","Ninguna","S/D","Ninguna","Sin restricción"
2015,7951,01/10/2015,"Jueves",0,18:55:00,,"0.0",2,"Moto/Ciclomotor,Moto/Ciclomotor","Calle 27-Gdor Freyre ",2,0,2,0,0,0,0,,"Calle",,"RECONQUISTA","General Obligado","Asfalto","No existe","IX","Dentro","Urbana","Ninguna","No existe","Intersección","Bueno","Reducida","Atardecer","Buen Tiempo","De alcance","S/D","Colisión","S/D","Faltante","Ninguna","Sin restricción"
2015,7952,09/10/2015,"Viernes",0,22:30:00,,"0.0",2,"Automóvil,Moto/Ciclomotor","Mitre B Y Espa±a",2,1,0,0,1,0,0,,"Calle",,"VERA","Vera","Asfalto","No existe","XIX","Dentro","Urbana","Ninguna","No existe","Intersección","Bueno","Buena","Nocturna","Buen Tiempo","Lateral","S/D","Colisión","Ninguna","Vertical","Cordón divisorio","Sin restricción"
2015,7953,01/10/2015,"Jueves",0,12:20:00,,"0.0",2,"Bicicleta,Automóvil","Calle 27-Gdor Freyre ",2,1,0,0,1,0,0,,"Calle",,"RECONQUISTA","General Obligado","Asfalto","No existe","IX","Dentro","Urbana","Ninguna","No existe","Intersección","Bueno","Buena","Amanecer","Buen Tiempo","De alcance","S/D","Atropello","S/D","Faltante","Ninguna","Sin restricción"
2015,7954,03/10/2015,"Sabado",0,10:00:00,,"0.0",2,"Automóvil,Moto/Ciclomotor","Calle 16 Gral Obligado Y Calle 23-Gral lopez",2,1,0,0,1,0,0,,"Calle",,"RECONQUISTA","General Obligado","Asfalto","Pavimento","IX","Dentro","Urbana","Ninguna","No existe","Intersección","Deteriorada","Reducida","Diurna","Lluvia","Lateral","S/D","Colisión","S/D","Vertical","Cordón divisorio","Sin restricción"
2015,7955,23/10/2015,"Viernes",0,11:30:00,,"0.0",1,"Automóvil","Virasoro 2100",2,1,0,0,1,0,0,,"Calle",,"ROSARIO","Rosario","Asfalto","No existe","II","Dentro","Urbana","Ninguna","No existe","Recta","Bueno","Buena","Diurna","Buen Tiempo","Contra objeto fijo","S/D","Colisión","Ninguna","Faltante","Ninguna","Sin restricción"
2015,7956,10/10/2015,"Sabado",0,07:20:00,"Ruta Nacional 11","729.0",2,"Camión,Automóvil"," ",6,1,0,0,5,0,0,,"Ruta",11,"VERA","Vera","Asfalto","Natural","XIX","Dentro","Rural","Ninguna","No existe","Recta","Bueno","Buena","Diurna","Buen Tiempo","De alcance","S/D","Colisión","Ninguna","Vertical","Guardarrail","Sin restricción"
2015,7957,07/10/2015,"Miercoles",0,09:55:00,,"0.0",2,"Automóvil,Automóvil","Necochea Y La Paz",2,1,0,0,1,0,0,,"Calle",,"ROSARIO","Rosario","Asfalto","No existe","II","Dentro","Urbana","Ninguna","No existe","Recta","Bueno","Buena","Diurna","Buen Tiempo","De alcance","S/D","Colisión","Ninguna","Horizontal","Ninguna","Sin restricción"
2015,7958,10/10/2015,"Sabado",0,09:20:00,"Ruta Provincial 3","10.0",1,"Automóvil"," ",4,4,0,0,0,0,0,,"Ruta",3,"VERA","Vera","Asfalto","Natural","XIX","Dentro","Urbana","Ninguna","No existe","Recta","Bueno","Buena","Diurna","Buen Tiempo","S/D","S/D","Vuelco","Ninguna","Faltante","Vegetación","Sin restricción"
2015,7959,05/10/2015,"Lunes",0,13:30:00,,"0.0",2,"Moto/Ciclomotor,Moto/Ciclomotor","Castellanos Y Uruguay",4,2,0,0,2,0,0,,"Calle",,"ROSARIO","Rosario","Asfalto","No existe","II","Dentro","Urbana","Ninguna","No existe","Intersección","Deteriorada","Buena","Diurna","Buen Tiempo","S/D","S/D","Colisión","Ninguna","Faltante","Cordón divisorio","Sin restricción"
2015,7960,05/10/2015,"Lunes",0,18:50:00,,"0.0",2,"Moto/Ciclomotor,Transporte de Pasajeros Urbano (> 8 asientos)","Pte.Quintana Y Crespo",3,1,0,0,2,0,0,,"Calle",,"ROSARIO","Rosario","Asfalto","No existe","II","Dentro","Urbana","Ninguna","No existe","Intersección","Deteriorada","Buena","Atardecer","Buen Tiempo","S/D","S/D","Colisión","Ninguna","Faltante","Cordón divisorio","Sin restricción"
2015,7961,18/10/2015,"Domingo",0,13:45:00,,"0.0",2,"Moto/Ciclomotor,Bicicleta","Mitre B Y La Rioja",2,2,0,0,0,0,0,,"Calle",,"VERA","Vera","Ripio","No existe","XIX","Dentro","Urbana","Ninguna","No existe","Intersección","Con baches","Buena","Diurna","Buen Tiempo","S/D","S/D","Atropello","Ninguna","Faltante","Vegetación","Sin restricción"
2015,7962,02/10/2015,"Viernes",0,15:00:00,,"0.0",2,"Moto/Ciclomotor,Automóvil","Av. Ovidio Lagos Y Uruguay",2,1,0,0,1,0,0,,"Avenida",,"ROSARIO","Rosario","Asfalto","No existe","II","Dentro","Urbana","Ninguna","No existe","Intersección","Bueno","Buena","Atardecer","Buen Tiempo","S/D","S/D","Colisión","Ninguna","Faltante","Cordón divisorio","Sin restricción"
2015,7963,03/10/2015,"Sabado",0,,,"0.0",2,"Moto/Ciclomotor,Automóvil","Bv. Segui Y San Nicolas",3,1,0,0,2,0,0,,"Avenida",,"ROSARIO","Rosario","Asfalto","No existe","II","Dentro","Urbana","S/D","S/D","Intersección","Bueno","Buena","S/D","Buen Tiempo","S/D","S/D","Colisión","Ninguna","Faltante","Cordón divisorio","Sin restricción"
2015,7964,03/10/2015,"Sabado",0,22:15:00,,"0.0",2,"Automóvil,Transporte de Pasajeros Urbano (> 8 asientos)","Cereseto Y Cazadores",3,1,0,0,2,0,0,,"Calle",,"ROSARIO","Rosario","Asfalto","Pavimento","II","Dentro","Urbana","Ninguna","No existe","Intersección","Bueno","Buena","Nocturna","Buen Tiempo","Lateral","S/D","Colisión","S/D","S/D","Ninguna","Sin restricción"
2015,7965,01/10/2015,"Jueves",1,13:30:00,,"0.0",2,"Automóvil,Automóvil","Rodriguez Y Ombu",3,2,0,0,1,0,0,,"Calle",,"ROSARIO","Rosario","Asfalto","Pavimento","II","Dentro","Urbana","Ninguna","No existe","Intersección","Bueno","Buena","Diurna","Buen Tiempo","Lateral","S/D","Colisión","S/D","S/D","Ninguna","Sin restricción"
2015,7966,19/10/2015,"Lunes",0,11:30:00,,"0.0",2,"Automóvil,Moto/Ciclomotor","Soldado Gomez ",2,1,0,0,1,0,0,,"Calle",,"VERA","Vera","Ripio","No existe","XIX","Dentro","Urbana","Ninguna","No existe","Recta","Bueno","Buena","Diurna","Buen Tiempo","De alcance","S/D","Colisión","Ninguna","Faltante","Vegetación","Sin restricción"
2015,7967,27/10/2015,"Martes",0,13:00:00,,"0.0",2,"Automóvil,Moto/Ciclomotor","Rivadavia Y 25 de Mayo",2,1,0,0,1,0,0,,"Calle",,"VERA","Vera","Asfalto","No existe","XIX","Dentro","Urbana","Ninguna","No existe","Intersección","Con baches","Buena","Diurna","Buen Tiempo","Lateral","S/D","Colisión","Ninguna","Faltante","Vegetación","Sin restricción"
2015,7968,04/10/2015,"Domingo",0,03:00:00,,"0.0",2,"Moto/Ciclomotor,Automóvil","Dorrego Y Av. Ntra.Sra.del Rosario",3,2,0,0,1,0,0,,"Calle",,"ROSARIO","Rosario","Asfalto","S/D","II","Dentro","Urbana","Ninguna","No existe","Intersección","Bueno","Buena","Nocturna","Buen Tiempo","Lateral","S/D","Colisión","Agua","S/D","Ninguna","Sin restricción"
2015,7969,02/10/2015,"Viernes",0,21:00:00,,"0.0",2,"Moto/Ciclomotor,Automóvil","Lamadrid Y Alvear",2,1,0,0,1,0,0,,"Calle",,"ROSARIO","Rosario","Asfalto","Pavimento","II","Dentro","Urbana","Ninguna","No existe","Intersección","Bueno","Buena","Nocturna","Buen Tiempo","Lateral","S/D","Colisión","S/D","S/D","Ninguna","Sin restricción"
2015,7970,02/10/2015,"Viernes",0,13:30:00,,"0.0",2,"Automóvil,Taxi/Remis","Av. Arijon Y España",2,1,0,0,1,0,0,,"Avenida",,"ROSARIO","Rosario","Asfalto","Pavimento","II","Dentro","Urbana","Ninguna","Funciona","Intersección","Bueno","Buena","Diurna","Otro","Lateral","S/D","Colisión","S/D","S/D","Ninguna","Sin restricción"
2015,7971,17/10/2015,"Sabado",0,16:00:00,,"0.0",1,"Moto/Ciclomotor","Alvear Y Lamadrid",2,1,0,0,1,0,0,,"Calle",,"ROSARIO","Rosario","Asfalto","Pavimento","II","Dentro","Urbana","Ninguna","No existe","Intersección","Bueno","Buena","Diurna","Buen Tiempo","Lateral","S/D","Colisión","S/D","S/D","Ninguna","Sin restricción"
2015,7972,17/10/2015,"Sabado",0,07:15:00,,"0.0",1,"Automóvil","Dorrego Y Mariano Moreno",1,1,0,0,0,0,0,,"Calle",,"ROSARIO","Rosario","Asfalto","Pavimento","II","Dentro","Urbana","Ninguna","No existe","Intersección","Bueno","Buena","Diurna","Buen Tiempo","Frontal","S/D","Colisión","S/D","S/D","Ninguna","Sin restricción"
2015,7973,21/05/2015,"Jueves",0,21:30:00,,"0.0",2,"Moto/Ciclomotor,Moto/Ciclomotor","Jhon Fitzerald Kennedy Y Domingo Faustino Sarmiento",4,2,1,0,0,1,0,"-33.750760, -61.951885","Calle",,"VENADO TUERTO","General López","Hormigón","No existe","VIII","Dentro","Urbana","S/D","No existe","Intersección","S/D","S/D","Nocturna","Buen Tiempo","S/D","S/D","Colisión","S/D","Vertical","S/D","S/D"
2015,7974,16/10/2015,"Viernes",0,13:00:00,,"0.0",1,"Moto/Ciclomotor","Mitre B Y Caramarca",1,1,0,0,0,0,0,,"Calle",,"VERA","Vera","Asfalto","Natural","XIX","Dentro","Urbana","S/D","No existe","Intersección","Bueno","Buena","Diurna","Buen Tiempo","Otro","S/D","Otro","Ninguna","S/D","Vegetación","Sin restricción"
2015,7976,16/10/2015,"Viernes",0,23:00:00,,"0.0",1,"Moto/Ciclomotor","Luis Maggi 1130",1,0,1,0,0,0,0,,"Calle",,"RAFAELA","Castellanos","Hormigón","No existe","V","Dentro","Urbana","Ninguna","No existe","Recta","Con baches","Reducida","Nocturna","Buen Tiempo","Otro","S/D","Caída ocupante","Ninguna","Faltante","Línea divisoria pintada","Obra en Construcción"
2015,7977,24/10/2015,"Sabado",0,08:00:00,,"0.0",2,"Pickup/Utilitario,Moto/Ciclomotor","Av Gral Bartolome Mitre Y General Paz",2,1,0,0,1,0,0,,"Calle",,"RAFAELA","Castellanos","Asfalto","S/D","V","S/D","Urbana","Ninguna","No existe","Intersección","Bueno","Buena","Diurna","Buen Tiempo","Otro","S/D","Colisión,Explosión","Ninguna","S/D","Ninguna","Sin restricción"
2015,7978,26/10/2015,"Lunes",0,19:30:00,,"0.0",2,"Moto/Ciclomotor,Automóvil","Chiarella Y L Cachero",2,1,0,0,1,0,0,,"Calle",,"RAFAELA","Castellanos","Asfalto","S/D","V","S/D","Urbana","Ninguna","No existe","Intersección","Bueno","Buena","Atardecer","Buen Tiempo","Lateral","S/D","Colisión","Ninguna","S/D","Ninguna","Sin restricción"
2015,7980,20/10/2015,"Martes",0,18:45:00,,"0.0",2,"Moto/Ciclomotor,Automóvil","Madre Cabrini Y Pje. Turin",3,2,0,0,1,0,0,,"Calle",,"ROSARIO","Rosario","Asfalto","Pavimento","II","Dentro","Urbana","Ninguna","No existe","Intersección","Bueno","Buena","Diurna","Buen Tiempo","Lateral","S/D","Colisión","S/D","S/D","Ninguna","Sin restricción"
2015,7981,16/10/2015,"Viernes",0,09:00:00,,"0.0",2,"Moto/Ciclomotor,Automóvil","Italia Y Av. Arijon",2,1,0,0,1,0,0,,"Avenida",,"ROSARIO","Rosario","Asfalto","No existe","II","Dentro","Urbana","Ninguna","Funciona","Intersección","Bueno","Buena","Diurna","Buen Tiempo","Lateral","S/D","Colisión","S/D","S/D","Ninguna","Sin restricción"
2015,7982,07/10/2015,"Miercoles",0,18:10:00,,"0.0",2,"Moto/Ciclomotor,Automóvil","Madre Cabrini Y Arengreen",2,0,1,0,1,0,0,,"Calle",,"ROSARIO","Rosario","Asfalto","Pavimento","II","Dentro","Urbana","Ninguna","No existe","Intersección","Bueno","Buena","Atardecer","Buen Tiempo","Lateral","S/D","Colisión","S/D","S/D","Ninguna","Sin restricción"
2015,7983,21/10/2015,"Miercoles",0,16:00:00,,"0.0",2,"Moto/Ciclomotor,Automóvil","Av. Ovidio Lagos 6400",2,1,0,0,1,0,0,,"Avenida",,"ROSARIO","Rosario","Asfalto","Natural","II","Dentro","Urbana","Ninguna","No existe","Recta","Bueno","Buena","Diurna","Buen Tiempo","Otro","S/D","Colisión","S/D","Faltante","Ninguna","S/D"
2015,7984,20/10/2015,"Martes",0,13:30:00,,"0.0",2,"Moto/Ciclomotor,Automóvil","Av. Ovidio Lagos Y Av. Battle y Ordoñez",4,2,0,0,2,0,0,,"Avenida",,"ROSARIO","Rosario","Asfalto","S/D","II","Dentro","Urbana","Semáforo","Funciona","Intersección","Bueno","Buena","Diurna","Buen Tiempo","De alcance","S/D","Colisión","S/D","Vertical","Ninguna","Sin restricción"
2015,7985,17/10/2015,"Sabado",0,09:45:00,,"0.0",2,"Moto/Ciclomotor,Automóvil","Av. Ovidio Lagos 7800",2,1,0,0,1,0,0,,"Avenida",,"ROSARIO","Rosario","Asfalto","Natural","II","Dentro","Urbana","Ninguna","No existe","Intersección","Bueno","Buena","Diurna","Buen Tiempo","Lateral","S/D","Colisión","S/D","Faltante","Ninguna","Sin restricción"
2015,7986,02/06/2015,"Martes",0,07:30:00,"Autopista Provincial Brigadier E.López","2.0",1,"Automóvil"," ",1,1,0,0,0,0,0,,"Autopista","Brigadier E.López","GRANADERO BAIGORRIA","Rosario","S/D","S/D","II","Dentro","Urbana","S/D","S/D","S/D","S/D","S/D","Atardecer","S/D","Contra objeto fijo","S/D","Colisión,Despiste","S/D","S/D","Vegetación","S/D"
2015,7987,14/10/2015,"Miercoles",0,09:50:00,,"0.0",2,"Automóvil,Transporte de Pasajeros Urbano (> 8 asientos)","Av. Ovidio Lagos Y Av. Battle y Ordoñez",3,2,0,0,1,0,0,,"Avenida",,"ROSARIO","Rosario","Asfalto","Pavimento","II","S/D","Urbana","Semáforo","Funciona","Intersección","Bueno","Buena","Diurna","Buen Tiempo","Frontal","S/D","Colisión","S/D","Vertical","S/D","Sin restricción"
2015,7988,05/10/2015,"Lunes",0,17:15:00,,"0.0",2,"Moto/Ciclomotor,Automóvil","Pte.Quintana Y Cepeda",2,1,0,0,1,0,0,,"Calle",,"ROSARIO","Rosario","Asfalto","No existe","II","Dentro","Urbana","Ninguna","No existe","Intersección","Bueno","Buena","Diurna","Buen Tiempo","Lateral","S/D","Colisión","S/D","Faltante","Ninguna","Sin restricción"
2015,7989,01/10/2015,"Jueves",0,07:55:00,,"0.0",2,"Moto/Ciclomotor,Pickup/Utilitario","Ayolas Y Av. Circunvalacion",2,1,0,0,1,0,0,,"Calle",,"ROSARIO","Rosario","S/D","No existe","II","Dentro","Urbana","Ninguna","No existe","Intersección","Bueno","Buena","Amanecer","Buen Tiempo","Lateral","S/D","Colisión","S/D","Faltante","Guardarrail","Sin restricción"
2015,7990,02/10/2015,"Viernes",0,12:40:00,,"0.0",2,"Automóvil,Camión","Ayolas Y Av. Circunvalacion",3,2,0,0,1,0,0,,"Calle",,"ROSARIO","Rosario","Asfalto","No existe","II","Dentro","Urbana","Ninguna","No existe","Intersección","Bueno","Buena","Diurna","Buen Tiempo","Frontal","S/D","Colisión","S/D","Faltante","Guardarrail","Sin restricción"
2015,7991,12/10/2015,"Lunes",0,22:30:00,,"0.0",2,"Moto/Ciclomotor,Automóvil","Av. Battle y Ordoñez Y Av. Ovidio Lagos",3,1,0,0,2,0,0,,"Avenida",,"ROSARIO","Rosario","Asfalto","Pavimento","II","Dentro","Urbana","Semáforo","Funciona","Intersección","Bueno","Buena","Nocturna,Con luz artificial","Buen Tiempo","Lateral","S/D","Colisión","S/D","Horizontal","Cordón divisorio","Sin restricción"
2015,7992,05/10/2015,"Lunes",0,09:30:00,,"0.0",2,"Automóvil,Moto/Ciclomotor","Bv. Segui Y Buenos Aires",2,1,0,0,1,0,0,,"Calle",,"ROSARIO","Rosario","Asfalto","No existe","II","Dentro","Urbana","Ninguna","No existe","Intersección","Bueno","Buena","Diurna","Buen Tiempo","Lateral","S/D","Colisión","S/D","Faltante","Cordón divisorio","Sin restricción"
2015,7993,14/10/2015,"Miercoles",0,09:25:00,,"0.0",2,"Moto/Ciclomotor,Automóvil","Laprida Y Bv. Segui",3,2,0,0,1,0,0,,"Calle",,"ROSARIO","Rosario","Asfalto","No existe","II","Dentro","Urbana","Ninguna","No existe","Intersección","Bueno","Buena","Diurna","Buen Tiempo","Lateral","S/D","Colisión","S/D","Faltante","Ninguna","Sin restricción"
2015,7994,14/10/2015,"Miercoles",0,15:30:00,,"0.0",2,"Moto/Ciclomotor,Automóvil","Montevideo Y Solis",2,1,0,0,1,0,0,,"Calle",,"ROSARIO","Rosario","Asfalto","No existe","II","Dentro","Urbana","S/D","S/D","Intersección","Bueno","Buena","Diurna","Buen Tiempo","Lateral","S/D","Colisión","S/D","Faltante","Ninguna","S/D"
2015,7995,11/10/2015,"Domingo",0,05:45:00,,"0.0",3,"Automóvil,Automóvil,Automóvil","Av. Circunvalacion Y Av. Ovidio Lagos",8,4,2,0,2,0,0,,"Avenida",,"ROSARIO","Rosario","Asfalto","Pavimento","II","S/D","S/D","Semáforo","No funciona","Intersección","Bueno","Buena","Diurna","Buen Tiempo","Múltiple","S/D","Colisión","S/D","Vertical","Ninguna","Sin restricción"
2015,7996,11/10/2015,"Domingo",0,22:00:00,,"0.0",2,"Automóvil,Taxi/Remis","Av. Pellegrini Y Av. Provincias Unidas",2,1,0,0,1,0,0,,"Avenida",,"ROSARIO","Rosario","Asfalto","S/D","II","Dentro","Urbana","S/D","S/D","Intersección","Bueno","Buena","Nocturna","Buen Tiempo","Lateral","S/D","Colisión","S/D","S/D","S/D","Sin restricción"
2015,7997,11/10/2015,"Domingo",0,05:00:00,,"0.0",1,,"Buenos Aires Y Dean Funes",2,1,0,0,1,0,0,,"Calle",,"ROSARIO","Rosario","Asfalto","No existe","II","Dentro","Urbana","Ninguna","No existe","Intersección","Bueno","Buena","Amanecer,Con luz artificial","Buen Tiempo","Lateral","S/D","Colisión","S/D","Faltante","Ninguna","Sin restricción"
2015,7998,11/10/2015,"Domingo",0,05:00:00,,"0.0",2,"Moto/Ciclomotor,Automóvil","Buenos Aires Y Dean Funes",2,1,0,0,1,0,0,,"Calle",,"ROSARIO","Rosario","Asfalto","No existe","II","Dentro","Urbana","Ninguna","No existe","Intersección","Bueno","Buena","Amanecer,Con luz artificial","Buen Tiempo","Lateral","S/D","Colisión","S/D","Faltante","Ninguna","Sin restricción"
2015,7999,14/10/2015,"Miercoles",0,14:15:00,,"0.0",2,"Automóvil,Automóvil","Maipu Y Ayolas",2,1,0,0,1,0,0,,"Calle",,"ROSARIO","Rosario","Asfalto","No existe","II","Dentro","Urbana","Ninguna","No existe","Intersección","Bueno","Buena","Diurna","Buen Tiempo","Lateral","S/D","Colisión","S/D","Faltante","Ninguna","Sin restricción"
2015,8000,15/10/2015,"Jueves",0,22:15:00,,"0.0",2,"Peatón,Moto/Ciclomotor","J.M.de Rosas Y Bv. Segui",2,2,0,0,0,0,0,,"Calle",,"ROSARIO","Rosario","S/D","No existe","II","Dentro","Urbana","Ninguna","No existe","Recta","Bueno","Buena","Nocturna,Con luz artificial","Buen Tiempo","De alcance","S/D","Atropello","S/D","Faltante","Ninguna","Sin restricción"
2015,8001,07/10/2015,"Miercoles",0,20:30:00,,"0.0",2,"Automóvil,Camión","Av. Ovidio Lagos ",2,1,0,0,1,0,0,,"S/D",,"ROSARIO","Rosario","Asfalto","Pavimento","II","Dentro","Urbana","Ninguna","No existe","Intersección","Bueno","Buena","Nocturna","Buen Tiempo","Lateral","S/D","Colisión","S/D","Vertical","Cordón divisorio","Sin restricción"
2015,8002,28/10/2015,"Miercoles",0,,"Ruta Provincial 18","30.0",1,"Automóvil"," ",2,1,1,0,0,0,0,,"Ruta",18,"ROSARIO","Rosario","Asfalto","Ripio","II","S/D","Rural","Ninguna","No existe","Recta","Bueno","Buena","S/D","Buen Tiempo","S/D","S/D","Despiste","Ninguna","S/D","Línea divisoria pintada","Sin restricción"
2015,8003,24/10/2015,"Sabado",0,11:00:00,,"0.0",2,"Bicicleta,Pickup/Utilitario"," ",2,1,0,0,1,0,0,,"Calle",,"LAS GARZAS","General Obligado","Hormigón","No existe","IX","Dentro","Urbana","Ninguna","No existe","Recta","Bueno","Buena","Diurna","Buen Tiempo","S/D","S/D","Atropello","Ninguna","Faltante","Ninguna","Sin restricción"
2015,8004,08/10/2015,"Jueves",0,15:00:00,,"0.0",2,"Peatón,Moto/Ciclomotor","Mendoza 6900",2,1,0,0,1,0,0,,"Calle",,"ROSARIO","Rosario","Asfalto","No existe","II","Dentro","Urbana","S/D","No existe","Recta","Bueno","Buena","Diurna","Buen Tiempo","S/D","S/D","Atropello","S/D","S/D","S/D","Sin restricción"
2015,8005,03/06/2015,"Miercoles",0,,"Autovía Nacional 19","38.0",1,"Automóvil"," ",3,1,0,0,1,1,0,"-31.611960, -61.158350","Autovía",19,"SAN JERÓNIMO DEL SAUCE","Las Colonias","S/D","Natural","XI","Dentro","Rural","S/D","S/D","S/D","S/D","S/D","Atardecer","S/D","S/D","S/D","Vuelco,Despiste","S/D","S/D","S/D","S/D"
2015,8006,19/10/2015,"Lunes",0,09:50:00,,"0.0",2,"Automóvil,Pickup/Utilitario","Pte.Quintana Y Colon",2,1,0,0,1,0,0,,"Calle",,"ROSARIO","Rosario","Asfalto","No existe","II","Dentro","Urbana","Ninguna","No existe","Intersección","Bueno","Buena","Diurna","Buen Tiempo","Lateral","S/D","Colisión","S/D","Faltante","Ninguna","Sin restricción"
2015,8007,20/10/2015,"Martes",0,17:00:00,,"0.0",2,"Moto/Ciclomotor,Transporte de Pasajeros Urbano (> 8 asientos)","Grandoli Y Bv. Segui",2,1,0,0,1,0,0,,"Calle",,"ROSARIO","Rosario","Asfalto","No existe","II","Dentro","Urbana","Ninguna","No existe","Intersección","Bueno","Buena","Diurna","Buen Tiempo","Lateral","S/D","Colisión","Ninguna","Faltante","Ninguna","Sin restricción"
2015,8008,07/10/2015,"Miercoles",0,16:35:00,,"0.0",2,"Moto/Ciclomotor,Automóvil","Bv. Avellaneda 6100",2,1,0,0,1,0,0,,"S/D",,"ROSARIO","Rosario","Asfalto","Natural","II","S/D","Urbana","Ninguna","No existe","Recta","Bueno","Buena","Diurna","Buen Tiempo","Lateral","S/D","Colisión","S/D","Faltante","Ninguna","Sin restricción"
2015,8009,27/09/2015,"Domingo",0,17:00:00,,"0.0",2,"Peatón,Automóvil","Pje. Rufino Ortega Bis Y Grandoli",2,1,0,0,1,0,0,,"Calle",,"ROSARIO","Rosario","Asfalto","No existe","II","Dentro","Urbana","Ninguna","No existe","Intersección","Bueno","Buena","Diurna","Buen Tiempo","S/D","S/D","Atropello","S/D","Faltante","Ninguna","Sin restricción"