"anio_acci","nro_acci","fecha","desc_dia","fecha_aprox","hora_aprox","desc_ruta","km","cant_participantes","desc_participante","calle_avenida_km","total","heridos_leves","heridos_graves","heridos_gravisimos","ilesos","fallecidos","sin_datos","posicion_XY","desc_tipo_via","desc_ruta_ori","desc_loc","desc_dpto","desc_tipo_calzada","desc_tipo_banquina","desc_unidad_regional","desc_lugar_calzada","desc_zona","desc_prioridad","desc_estado_semaforo","desc_lugar_via","desc_estado_via","desc_estado_visibilidad","desc_luminosidad","desc_estado_clima","desc_tipo_colision","desc_tipo_atropello","desc_tipo_hecho","desc_pres_calzada","desc_senializacion","desc_separacion_via","desc_restriccion"
2015,8010,27/10/2015,"Martes",0,14:20:00,,"0.0",2,"Peatón,Automóvil","Ivanowski 191",2,1,0,0,1,0,0,,"Calle",,"ROSARIO","Rosario","Asfalto","No existe","II","Dentro","Urbana","Ninguna","No existe","Recta","Bueno","Buena","Diurna","Buen Tiempo","S/D","S/D","Atropello","S/D","Faltante","Ninguna","Sin restricción"
2015,8011,29/10/2015,"Jueves",0,09:55:00,,"0.0",2,"Automóvil,Automóvil","Laprida Y Bv. Segui",3,2,0,0,1,0,0,,"Calle",,"ROSARIO","Rosario","Asfalto","No existe","II","Dentro","Urbana","Ninguna","No existe","Intersección","Bueno","Buena","Diurna","Buen Tiempo","Lateral","S/D","Colisión","S/D","Faltante","Ninguna","Sin restricción"
2015,8012,23/10/2015,"Viernes",0,09:30:00,"Ruta Nacional A012","0.0",2,"Automóvil,Camión"," ",3,2,0,0,1,0,0,,"Ruta","A012","PIÑERO","Rosario","Asfalto","Ripio","II","Dentro","Rural","Señal Pare","No existe","Recta","Resbaladiza","Buena","Diurna","Lluvia","Frontal","S/D","Colisión","Agua","Horizontal","Línea divisoria pintada","Sin restricción"
2015,8013,30/10/2015,"Viernes",0,20:50:00,,"0.0",2,"Automóvil,Moto/Ciclomotor","Baigorria Y Av. Circunvalacion",3,2,0,0,1,0,0,,"Avenida",,"ROSARIO","Rosario","Asfalto","No existe","II","S/D","Urbana","Semáforo","No funciona","Recta","Con baches","Reducida","Nocturna","Buen Tiempo","Otro","S/D","Colisión","Ninguna","Vertical","Ninguna","Sin restricción"
2015,8014,03/10/2015,"Sabado",0,12:20:00,,"0.0",2,"Moto/Ciclomotor,Automóvil","El Jilguero Y Las Casuarinas",2,1,0,0,1,0,0,,"Calle",,"PEREZ","Rosario","Asfalto","No existe","II","S/D","Urbana","Ninguna","No existe","Recta","S/D","Buena","Diurna","Buen Tiempo","S/D","S/D","Colisión","S/D","Faltante","Ninguna","Sin restricción"
2015,8015,13/06/2015,"Sabado",0,08:00:00,"Autopista Nacional Rosario -Cordoba","0.0",2,"Automóvil,Automóvil"," ",5,5,0,0,0,0,0,,"Autopista","Rosario -Cordoba","ROLDÁN","San Lorenzo","Hormigón","Natural","XVII","Dentro","Rural","Ninguna","No existe","Recta","Bueno","S/D","Diurna","Buen Tiempo","Frontal","S/D","Colisión","Ninguna","Horizontal","Vegetación","Sin restricción"
2015,8016,15/10/2015,"Jueves",0,13:30:00,,"0.0",2,"Peatón,Tren","El Jilguero 300",3,0,1,0,1,0,1,,"S/D",,"PEREZ","Rosario","Asfalto","No existe","II","S/D","S/D","Ninguna","No existe","Intersección","Deteriorada","Buena","Diurna","Buen Tiempo","S/D","S/D","Atropello","S/D","S/D","Ninguna","Sin restricción"
2015,8017,17/10/2015,"Sabado",0,20:00:00,,"0.0",2,"Moto/Ciclomotor,Automóvil"," ",2,1,0,0,0,0,1,,"S/D",,"PEREZ","Rosario","Ripio","No existe","II","S/D","S/D","Ninguna","No existe","Recta","Deteriorada","S/D","Nocturna","Buen Tiempo","Lateral","S/D","Colisión","S/D","Faltante","Ninguna","Sin restricción"
2015,8018,26/06/2015,"Viernes",0,16:00:00,"Autopista Nacional Rosario -Cordoba","325.0",1,"Pickup/Utilitario"," ",2,2,0,0,0,0,0,,"Autopista","Rosario -Cordoba","ROLDÁN","San Lorenzo","Hormigón","S/D","XVII","S/D","S/D","S/D","S/D","S/D","S/D","S/D","Diurna","S/D","S/D","S/D","Vuelco","S/D","Horizontal","S/D","S/D"
2015,8019,27/06/2015,"Sabado",0,20:30:00,"Autopista Provincial Brigadier E.López","7.0",2,"Pickup/Utilitario,Camión"," ",2,1,0,0,1,0,0,,"Autopista","Brigadier E.López","GRANADERO BAIGORRIA","Rosario","Hormigón","S/D","II","Dentro","S/D","S/D","S/D","S/D","S/D","S/D","Nocturna","S/D","S/D","S/D","Colisión","S/D","S/D","S/D","S/D"
2015,8020,20/10/2015,"Martes",0,17:30:00,,"0.0",2,"Otros,Bicicleta","El Zorzal Y Perito Moreno",2,1,0,0,0,0,1,,"S/D",,"PEREZ","Rosario","Ripio","No existe","II","S/D","S/D","Ninguna","No existe","Intersección","Bueno","Buena","Diurna","Buen Tiempo","S/D","S/D","Colisión","S/D","Faltante","Ninguna","Sin restricción"
2015,8021,11/10/2015,"Domingo",0,13:30:00,"Autovía Nacional A012","19.5",4,"Automóvil,Automóvil,Automóvil,Automóvil"," ",10,4,0,0,6,0,0,,"Autovía","A012","SOLDINI","Rosario","Asfalto","Natural","II","Dentro","Rural","Otra Señal","No funciona","Puente","Con baches","Buena","Diurna","Buen Tiempo","Múltiple","S/D","Colisión","S/D","Faltante","Ninguna","Reparación de Vía"
2015,8022,03/10/2015,"Sabado",0,15:00:00,,"0.0",2,"Moto/Ciclomotor,Automóvil","Montevideo Y F.More",2,1,0,0,1,0,0,,"Calle",,"ROSARIO","Rosario","Asfalto","S/D","II","Dentro","Urbana","S/D","S/D","Intersección","Bueno","Buena","Diurna","Buen Tiempo","Lateral","S/D","Colisión","S/D","S/D","S/D","Sin restricción"
2015,8023,03/10/2015,"Sabado",0,00:00:00,,"0.0",2,"Moto/Ciclomotor,Taxi/Remis","Av. Eva Peron Y Colombia",2,1,0,0,1,0,0,,"Avenida",,"ROSARIO","Rosario","Asfalto","S/D","II","Dentro","Urbana","S/D","S/D","Intersección","Bueno","Buena","Diurna","Buen Tiempo","Lateral","S/D","Colisión","S/D","S/D","S/D","Sin restricción"
2015,8024,02/10/2015,"Viernes",0,14:00:00,,"0.0",2,"Automóvil,Pickup/Utilitario","Av. Provincias Unidas Y Forest",2,1,0,0,1,0,0,,"Avenida",,"ROSARIO","Rosario","Asfalto","S/D","II","Dentro","Urbana","S/D","S/D","Intersección","Bueno","Buena","Diurna","Buen Tiempo","Lateral","S/D","Colisión","S/D","S/D","S/D","Sin restricción"
2015,8025,01/10/2015,"Jueves",0,22:00:00,,"0.0",2,"Automóvil,Automóvil","Av. Provincias Unidas Y White",2,1,0,0,1,0,0,,"Avenida",,"ROSARIO","Rosario","Asfalto","No existe","II","Dentro","Urbana","S/D","No existe","Intersección","Bueno","Buena","Nocturna","Buen Tiempo","Lateral","S/D","Colisión","S/D","Faltante","S/D","Sin restricción"
2015,8026,24/10/2015,"Sabado",0,17:00:00,,"0.0",2,"Peatón,Camión","Av. Pellegrini Y Roullon",2,1,0,0,1,0,0,,"Avenida",,"ROSARIO","Rosario","Asfalto","No existe","II","Dentro","Urbana","S/D","No existe","Intersección","Bueno","Buena","Diurna","Buen Tiempo","S/D","S/D","Atropello","S/D","S/D","S/D","Sin restricción"
2015,8027,20/10/2015,"Martes",0,06:00:00,,"0.0",2,"Vehículo Oficial,Automóvil","Guatemala Y Mejico",2,1,0,0,1,0,0,,"Calle",,"ROSARIO","Rosario","Asfalto","S/D","II","Dentro","Urbana","S/D","S/D","Intersección","Bueno","Buena","Amanecer","Buen Tiempo","Lateral","S/D","Colisión","S/D","S/D","S/D","Sin restricción"
2015,8028,28/10/2015,"Miercoles",0,13:10:00,,"0.0",2,"Automóvil,Automóvil","Ruta Nac 33 Y Av 9 de Julio",3,2,0,0,1,0,0,,"S/D",,"PEREZ","Rosario","S/D","No existe","II","S/D","S/D","Ninguna","Funciona","Intersección","Otro","Buena","Diurna","Otro","De alcance","S/D","Colisión","Otro","Vertical","Línea divisoria pintada","Sin restricción"
2015,8029,15/10/2015,"Jueves",0,17:20:00,,"0.0",2,"Automóvil,Moto/Ciclomotor","Medrano Y Alberdi",3,2,0,0,1,0,0,,"Calle",,"ROSARIO","Rosario","S/D","No existe","II","Dentro","Urbana","Ninguna","No existe","Intersección","Otro","Buena","Atardecer","Otro","Lateral","S/D","Colisión","Otro","Faltante","Ninguna","Sin restricción"
2015,8030,05/10/2015,"Lunes",0,02:30:00,,"0.0",2,"Automóvil,Automóvil","Av San Martin Y Av 9 de Julio",2,1,0,0,1,0,0,,"S/D",,"PEREZ","Rosario","S/D","No existe","II","S/D","S/D","Ninguna","Funciona","Cruce","Otro","Buena","Nocturna","Otro","De alcance","S/D","Colisión","Otro","Vertical","Línea divisoria pintada","Sin restricción"
2015,8031,28/06/2015,"Domingo",0,00:30:00,"Ruta Nacional 33","541.0",2,"Camión,Camión"," ",2,1,0,0,1,0,0,,"Ruta",33,"RUFINO","General López","Hormigón","Natural","VIII","Dentro","Rural","S/D","S/D","S/D","S/D","S/D","Nocturna","S/D","S/D","S/D","Colisión","S/D","S/D","S/D","S/D"
2015,8032,30/05/2015,"Sabado",0,11:40:00,,"0.0",2,"Moto/Ciclomotor,Peatón","PASAJE MANUEL DELGADO ",2,1,0,0,1,0,0,,"Calle",,"CERES","San Cristóbal","S/D","S/D","XIII","Dentro","Urbana","S/D","S/D","S/D","S/D","S/D","Diurna","S/D","S/D","S/D","Atropello","S/D","S/D","S/D","S/D"
2015,8033,31/05/2015,"Domingo",0,,"Ruta Nacional 34","324.0",2,"Camión,Automóvil"," ",6,2,0,0,4,0,0,,"Ruta",34,"CURUPAITY","San Cristóbal","Hormigón","Natural","XIII","Dentro","Rural","S/D","S/D","S/D","S/D","S/D","Diurna","S/D","S/D","S/D","Colisión","S/D","S/D","S/D","S/D"
2015,8034,08/10/2015,"Jueves",0,13:30:00,,"0.0",2,"Moto/Ciclomotor,Automóvil","Av. Jorge Newbery Y Mitre",2,1,0,0,1,0,0,,"Calle",,"ROSARIO","Rosario","S/D","S/D","II","S/D","Urbana","S/D","S/D","S/D","S/D","S/D","Diurna","S/D","S/D","S/D","Colisión","S/D","S/D","S/D","S/D"
2015,8035,13/10/2015,"Martes",0,12:30:00,,"0.0",1,"Peatón","Pje. J.M.Estrada Bis Y Venezuela",2,1,0,0,1,0,0,,"Calle",,"ROSARIO","Rosario","S/D","S/D","II","S/D","Urbana","S/D","S/D","Intersección","S/D","S/D","Diurna","S/D","S/D","S/D","Atropello","S/D","S/D","S/D","S/D"
2015,8036,23/10/2015,"Viernes",0,11:00:00,,"0.0",2,"Moto/Ciclomotor,Automóvil","Cochabamba Y Fraga",2,1,0,0,1,0,0,,"Calle",,"ROSARIO","Rosario","Asfalto","No existe","II","Dentro","Urbana","Ninguna","No existe","Intersección","Bueno","S/D","Diurna","Buen Tiempo","Lateral","S/D","Colisión","Otro","Faltante","Ninguna","Sin restricción"
2015,8037,17/10/2015,"Sabado",0,18:30:00,,"0.0",2,"Moto/Ciclomotor,Automóvil","Gral Lopez 300",2,1,0,0,1,0,0,,"Calle",,"VILLA CONSTITUCIÓN","Constitución","Ripio","Ripio","VI","Dentro","Urbana","Ninguna","No existe","Recta","Con baches,Deteriorada","Buena","Atardecer","Buen Tiempo","Lateral","S/D","Otro","Ninguna","Faltante","Ninguna","Sin restricción"
2015,8038,10/10/2015,"Sabado",0,13:00:00,"Ruta Provincial 21","0.0",2,"Moto/Ciclomotor,Automóvil","Bolivia ",2,1,0,0,1,0,0,,"Ruta",21,"VILLA CONSTITUCIÓN","Constitución","Asfalto","Natural","VI","Dentro","Urbana","Ninguna","Funciona","Intersección","Bueno","Buena","Diurna","Buen Tiempo","Frontal","S/D","Colisión","S/D","S/D","S/D","Sin restricción"
2015,8039,15/10/2015,"Jueves",0,09:00:00,"Ruta Nacional 9","0.0",2,"Pickup/Utilitario,Moto/Ciclomotor","San Sebastian ",2,1,0,0,1,0,0,,"Ruta",9,"FUNES","Rosario","Asfalto","Natural","II","S/D","S/D","Ninguna","S/D","Intersección","Bueno","Buena","Diurna","Buen Tiempo","Lateral","S/D","Colisión","S/D","S/D","Ninguna","Sin restricción"
2015,8040,12/10/2015,"Lunes",0,09:15:00,"Ruta Nacional 9","999.9",2,"Moto/Ciclomotor,Peatón"," ",4,3,0,0,1,0,0,,"Ruta",9,"FUNES","Rosario","Asfalto","Natural","II","Dentro","Urbana","S/D","S/D","Recta","Bueno","Buena","Diurna","Buen Tiempo","Otro","S/D","Atropello","S/D","S/D","Ninguna","Sin restricción"
2015,8041,12/10/2015,"Lunes",0,21:05:00,"Ruta Nacional 9","0.0",2,"Automóvil,Automóvil","GARITA  9",2,1,0,0,1,0,0,,"Ruta",9,"FUNES","Rosario","Asfalto","Natural","II","S/D","Urbana","Ninguna","No existe","Intersección","Bueno","Buena","Nocturna","Buen Tiempo","De alcance","S/D","Colisión","S/D","S/D","Ninguna","Sin restricción"
2015,8042,02/10/2015,"Viernes",0,,,"0.0",2,"Moto/Ciclomotor,Automóvil","Av. Eva Peron Y Miniagurria Bis",2,1,0,0,1,0,0,,"Calle",,"ROSARIO","Rosario","Asfalto","Pavimento","II","S/D","Urbana","Semáforo","Funciona","Intersección","Bueno","S/D","S/D","S/D","Lateral","S/D","Colisión","S/D","Faltante","Cordón divisorio","S/D"
2015,8043,07/10/2015,"Miercoles",0,,,"0.0",2,"Moto/Ciclomotor,Automóvil","Jose Ingenieros Y Bv. Wilde",2,1,0,0,1,0,0,,"Avenida",,"ROSARIO","Rosario","Asfalto","Natural","II","S/D","Urbana","Ninguna","No existe","Intersección","Otro","S/D","S/D","Buen Tiempo","Lateral","S/D","Colisión","Otro","Faltante","Ninguna","S/D"
2015,8044,05/10/2015,"Lunes",0,,,"0.0",2,"Automóvil,Bicicleta","La Republica Y Alvarez Condarco",2,1,0,0,1,0,0,,"Calle",,"ROSARIO","Rosario","Ripio","Ripio","II","Dentro","Urbana","Ninguna","No existe","Intersección","Deteriorada","Buena","Diurna","Otro","S/D","S/D","Atropello","Material Suelto","Faltante","Ninguna","S/D"
2015,8045,16/10/2015,"Viernes",0,10:00:00,,"0.0",2,"Bicicleta,Automóvil","San Martin Y Mendoza",2,1,0,0,1,0,0,,"Calle",,"VILLA CONSTITUCIÓN","Constitución","Asfalto","Pavimento","VI","Dentro","Urbana","Ninguna","No existe","Intersección","Bueno","Buena","Diurna","Buen Tiempo","Frontal","S/D","Atropello","S/D","Faltante","Ninguna","Sin restricción"
2015,8046,16/10/2015,"Viernes",0,09:30:00,,"0.0",2,"Moto/Ciclomotor,Automóvil","Gral Lopez Y Acevedo",2,1,0,0,1,0,0,,"Calle",,"VILLA CONSTITUCIÓN","Constitución","Asfalto","Pavimento","VI","Dentro","Urbana","Ninguna","No existe","Intersección","Bueno","Buena","Diurna","Buen Tiempo","Lateral","S/D","Colisión","S/D","Faltante","Ninguna","Sin restricción"
2015,8047,22/10/2015,"Jueves",0,18:35:00,,"0.0",2,"Moto/Ciclomotor,Automóvil","San Martin Y Chaco",2,1,0,0,1,0,0,,"Calle",,"VILLA CONSTITUCIÓN","Constitución","Asfalto","Pavimento","VI","Dentro","Urbana","Ninguna","No existe","Intersección","Bueno","Buena","Diurna","Buen Tiempo","Frontal","S/D","Colisión","S/D","Faltante","Ninguna","Sin restricción"
2015,8048,24/10/2015,"Sabado",0,12:50:00,,"0.0",2,"Moto/Ciclomotor,Automóvil","Simon Bolivar Y Moreno",2,1,0,0,1,0,0,,"Calle",,"VILLA CONSTITUCIÓN","Constitución","Asfalto","Pavimento","VI","Dentro","Urbana","Ninguna","No existe","Intersección","Bueno","Buena","Diurna","Buen Tiempo","Frontal","S/D","Colisión","S/D","Faltante","Ninguna","Sin restricción"
2015,8049,25/10/2015,"Domingo",0,00:30:00,"Ruta Provincial 21","0.0",1,"Automóvil","Perrissol Y Ruta Prov 21",2,2,0,0,0,0,0,,"Ruta",21,"VILLA CONSTITUCIÓN","Constitución","Asfalto","S/D","VI","Dentro","Urbana","Semáforo","Funciona","Recta","Bueno","Buena","Nocturna","Buen Tiempo","Contra objeto fijo","S/D","Colisión","S/D","S/D","Vegetación","Sin restricción"
2015,8050,23/10/2015,"Viernes",0,,,"0.0",2,"Moto/Ciclomotor,Automóvil","Jujuy 400",2,1,0,0,1,0,0,,"Calle",,"VILLA CONSTITUCIÓN","Constitución","Asfalto","Pavimento","VI","Dentro","Urbana","Ninguna","No existe","Recta","Bueno","Buena","Diurna","Buen Tiempo","Lateral","S/D","Colisión","S/D","Faltante","Ninguna","Sin restricción"
2015,8051,27/10/2015,"Martes",0,,,"0.0",2,"Moto/Ciclomotor,Automóvil","Presidente Peron Y Rivadavia",2,1,0,0,1,0,0,,"Calle",,"VILLA CONSTITUCIÓN","Constitución","Asfalto","Pavimento","VI","Dentro","Urbana","Ninguna","No existe","Intersección","Bueno","Buena","Diurna","Buen Tiempo","Lateral","S/D","Colisión","S/D","Faltante","Ninguna","Sin restricción"
2015,8052,24/10/2015,"Sabado",0,11:30:00,,"0.0",2,"Moto/Ciclomotor,Pickup/Utilitario","San Martin Y Juan Manuel de Rosas",2,1,0,0,1,0,0,,"Calle",,"VILLA CONSTITUCIÓN","Constitución","Asfalto","S/D","VI","Dentro","Urbana","S/D","S/D","Intersección","Bueno","Buena","Diurna","Buen Tiempo","Lateral","S/D","Colisión","S/D","S/D","S/D","Sin restricción"
2015,8053,23/10/2015,"Viernes",0,,,"0.0",2,"Bicicleta,Automóvil","Presidente Peron 400",2,1,0,0,1,0,0,,"Calle",,"VILLA CONSTITUCIÓN","Constitución","Asfalto","Pavimento","VI","Dentro","Urbana","Ninguna","No existe","Recta","Bueno","Buena","Diurna","Buen Tiempo","S/D","S/D","Atropello","S/D","Faltante","Ninguna","Sin restricción"
2015,8054,24/10/2015,"Sabado",0,,,"0.0",2,"Moto/Ciclomotor,Automóvil","Lisandro de la Torre Y Independencia",2,1,0,0,1,0,0,,"Calle",,"VILLA CONSTITUCIÓN","Constitución","Asfalto","Pavimento","VI","Dentro","Urbana","Ninguna","No existe","Intersección","Bueno","Buena","Diurna","Buen Tiempo","Lateral","S/D","Colisión","S/D","Faltante","Ninguna","Sin restricción"
2015,8055,01/10/2015,"Jueves",0,08:30:00,,"0.0",2,"Pickup/Utilitario,Moto/Ciclomotor","Libertad Y Simon Bolivar",2,1,0,0,1,0,0,,"Calle",,"VILLA CONSTITUCIÓN","Constitución","Hormigón","Pavimento","VI","Dentro","Urbana","Ninguna","No existe","Intersección","Bueno","Buena","Diurna","Buen Tiempo","Lateral","S/D","Colisión","Ninguna","Faltante","Ninguna","Sin restricción"
2015,8056,26/10/2015,"Lunes",0,,,"0.0",2,"Moto/Ciclomotor,Automóvil","Presidente Peron Y Independencia",2,1,0,0,1,0,0,,"Calle",,"VILLA CONSTITUCIÓN","Constitución","Hormigón","Pavimento","VI","Dentro","Urbana","Ninguna","No existe","Intersección","Bueno","Buena","Diurna","Buen Tiempo","Lateral","S/D","Colisión","S/D","Faltante","Ninguna","Sin restricción"
2015,8057,10/10/2015,"Sabado",0,,,"0.0",2,"Moto/Ciclomotor,Moto/Ciclomotor","Rivadavia Y Catamarca",2,1,0,0,0,0,1,,"Calle",,"VILLA CONSTITUCIÓN","Constitución","Hormigón","Pavimento","VI","Dentro","Urbana","Ninguna","No existe","Intersección","Bueno","Buena","Diurna","Buen Tiempo","Lateral","S/D","Colisión","S/D","Faltante","Ninguna","Sin restricción"
2015,8058,10/10/2015,"Sabado",0,,,"0.0",2,"Moto/Ciclomotor,Automóvil","Moreno Y Manuel Dorrego",2,1,0,0,1,0,0,,"Calle",,"VILLA CONSTITUCIÓN","Constitución","Hormigón","Pavimento","VI","Dentro","Urbana","Ninguna","No existe","Intersección","Bueno","Buena","Diurna","Buen Tiempo","Frontal","S/D","Colisión","S/D","Faltante","Ninguna","Sin restricción"
2015,8059,03/10/2015,"Sabado",0,10:10:00,,"0.0",2,"Moto/Ciclomotor,Pickup/Utilitario","Jujuy Y Rivadavia",2,1,0,0,1,0,0,,"Calle",,"VILLA CONSTITUCIÓN","Constitución","Asfalto","Pavimento","VI","Dentro","Urbana","Ninguna","No existe","Intersección","Bueno","Buena","Diurna","Buen Tiempo","Lateral","S/D","Colisión","S/D","Faltante","Ninguna","Sin restricción"
2015,8060,07/10/2015,"Miercoles",0,16:40:00,,"0.0",2,"Automóvil,Moto/Ciclomotor","Moreno Y Mosconi",2,1,0,0,1,0,0,,"Calle",,"VILLA CONSTITUCIÓN","Constitución","Asfalto","S/D","VI","Dentro","Urbana","S/D","S/D","Intersección","Bueno","Buena","Diurna","Buen Tiempo","Lateral","S/D","Colisión","S/D","S/D","S/D","S/D"
2015,8061,09/10/2015,"Viernes",0,,,"0.0",1,"Automóvil","Antartida Argentina ",3,2,0,0,1,0,0,,"Calle",,"VILLA CONSTITUCIÓN","Constitución","Hormigón","No existe","VI","Dentro","Urbana","Ninguna","No existe","Curva","Bueno","Buena","Diurna","Buen Tiempo","S/D","S/D","Despiste","S/D","Faltante","Ninguna","Sin restricción"
2015,8062,06/10/2015,"Martes",0,16:30:00,,"0.0",2,"Bicicleta,Automóvil","Avelleneda Y Saavedra",2,1,0,0,1,0,0,,"Calle",,"VILLA CONSTITUCIÓN","Constitución","Hormigón","Pavimento","VI","Dentro","Urbana","Ninguna","No existe","Intersección","Bueno","Buena","Diurna","Buen Tiempo","S/D","S/D","Atropello","Ninguna","Faltante","Ninguna","Sin restricción"
2015,8063,27/10/2015,"Martes",0,20:00:00,,"0.0",2,"Moto/Ciclomotor,Moto/Ciclomotor","Liniers Y Cerrito",2,2,0,0,0,0,0,,"Calle",,"EMPALME VILLA CONSTITUCIÓN","Constitución","Asfalto","Pavimento","VI","Dentro","Urbana","Ninguna","No existe","Intersección","Bueno","Buena","Atardecer","Buen Tiempo","Lateral","S/D","Colisión","S/D","Faltante","Línea divisoria pintada","Sin restricción"
2015,8064,01/10/2015,"Jueves",1,09:00:00,,"0.0",2,"Moto/Ciclomotor,Automóvil"," ",2,1,0,0,1,0,0,,"S/D",,"VILLA CONSTITUCIÓN","Constitución","S/D","S/D","VI","S/D","S/D","S/D","S/D","S/D","S/D","Buena","Diurna","S/D","Lateral","S/D","Colisión","S/D","S/D","S/D","S/D"
2015,8065,03/10/2015,"Sabado",0,21:00:00,,"0.0",2,"Automóvil,Automóvil","25 de Mayo Y Urquiza",3,1,0,0,2,0,0,,"Calle",,"EMPALME VILLA CONSTITUCIÓN","Constitución","Asfalto","Pavimento","VI","Dentro","Urbana","Ninguna","No existe","Intersección","Bueno","Buena","Nocturna","Buen Tiempo","Lateral","S/D","Colisión","Ninguna","Faltante","Línea divisoria pintada","Sin restricción"
2015,8066,02/10/2015,"Viernes",0,,,"0.0",2,"Bicicleta,Automóvil","Hipolito Irigoyen Y Saavedra",2,1,0,0,1,0,0,,"Calle",,"VILLA CONSTITUCIÓN","Constitución","Hormigón","Pavimento","VI","Dentro","Urbana","Ninguna","Funciona","Intersección","Bueno","Buena","Diurna","Buen Tiempo","Lateral","S/D","Atropello","S/D","Vertical","Ninguna","Sin restricción"
2015,8067,07/10/2015,"Miercoles",0,09:00:00,,"0.0",2,"Moto/Ciclomotor,Automóvil","Juan Jose de Urquiza Y Santiago del Estero",3,2,0,0,1,0,0,,"Calle",,"VILLA CONSTITUCIÓN","Constitución","Hormigón","Pavimento","VI","Dentro","Urbana","Ninguna","No existe","Intersección","Bueno","Buena","Diurna","Buen Tiempo","Lateral","S/D","Colisión","Ninguna","Faltante","Ninguna","Sin restricción"
2015,8068,09/10/2015,"Viernes",0,,,"0.0",2,"Bicicleta,Pickup/Utilitario","12 de Octubre Y Catamarca",2,1,0,0,1,0,0,,"Calle",,"VILLA CONSTITUCIÓN","Constitución","Hormigón","Pavimento","VI","Dentro","Urbana","Ninguna","No existe","Intersección","Bueno","Buena","Diurna","Buen Tiempo","Lateral","S/D","Colisión","Ninguna","Faltante","Ninguna","Sin restricción"
2015,8069,09/10/2015,"Viernes",0,,,"0.0",2,"Automóvil,Automóvil","Rivadavia Y Santiago del Estero",2,1,0,0,1,0,0,,"Calle",,"VILLA CONSTITUCIÓN","Constitución","Hormigón","Pavimento","VI","Dentro","Urbana","Ninguna","No existe","Intersección","Bueno","Buena","Diurna","Buen Tiempo","Lateral","S/D","Colisión","Ninguna","Faltante","Ninguna","Sin restricción"
2015,8070,26/10/2015,"Lunes",0,18:00:00,,"0.0",1,"Automóvil"," ",1,1,0,0,0,0,0,,"Camino Rural",,"EMPALME VILLA CONSTITUCIÓN","Constitución","Tierra","No existe","VI","Dentro","Rural","Ninguna","No existe","Recta","Deteriorada","Reducida polvo","Atardecer","Buen Tiempo","S/D","S/D","Vuelco","Ninguna","Faltante","Ninguna","Sin restricción"
2015,8071,09/10/2015,"Viernes",0,,"Ruta Provincial 90","999.9",2,"Automóvil,Automóvil"," ",2,1,0,0,1,0,0,,"Ruta",90,"VILLA CONSTITUCIÓN","Constitución","Asfalto","Pavimento","VI","Dentro","Urbana","Ninguna","No existe","Intersección","Bueno","Buena","Diurna","Buen Tiempo","Frontal","S/D","Colisión","Ninguna","Faltante","Ninguna","Sin restricción"
2015,8072,12/10/2015,"Lunes",0,14:30:00,,"0.0",2,"Moto/Ciclomotor,Automóvil","Av San Martin Y 9 de Julio",2,1,0,0,1,0,0,,"Avenida",,"EMPALME VILLA CONSTITUCIÓN","Constitución","Asfalto","Pavimento","VI","Dentro","Urbana","Ninguna","No existe","Recta","Bueno","Buena","Diurna","Buen Tiempo","De alcance","S/D","Colisión","Ninguna","S/D","Línea divisoria pintada","Sin restricción"
2015,8073,11/10/2015,"Domingo",0,06:30:00,"Ruta Provincial 18","33.0",1,"Automóvil"," ",1,1,0,0,0,0,0,,"Ruta",18,"VILLA CONSTITUCIÓN","Constitución","Asfalto","Natural","VI","Fuera","Rural","Ninguna","No existe","Recta","Bueno","Buena","Amanecer","Buen Tiempo","Múltiple","S/D","Vuelco","S/D","Faltante","Ninguna","Sin restricción"
2015,8074,05/10/2015,"Lunes",0,14:30:00,,"0.0",2,"Automóvil,Peatón","Junin Y Roullon",2,1,0,0,1,0,0,,"Calle",,"ROSARIO","Rosario","S/D","No existe","II","Dentro","Urbana","Ninguna","No existe","Intersección","S/D","Buena","Diurna","S/D","S/D","S/D","Atropello","S/D","Faltante","Ninguna","Sin restricción"
2015,8075,04/10/2015,"Domingo",0,18:00:00,"Ruta Nacional 33","0.0",2,"Automóvil,Automóvil","Ruta Nac 33 Y Av Martin Miguel de Guemes",4,2,0,0,2,0,0,,"Ruta",33,"PEREZ","Rosario","S/D","No existe","II","Dentro","Urbana","Ninguna","No existe","Intersección","Otro","Buena","Atardecer","Buen Tiempo","Lateral","S/D","Colisión","Otro","Faltante","Ninguna","Sin restricción"
2015,8076,20/10/2015,"Martes",0,,,"0.0",2,"Moto/Ciclomotor,Automóvil","Libertad Y Saavedra",2,1,0,0,1,0,0,,"Calle",,"VILLA CONSTITUCIÓN","Constitución","Asfalto","Pavimento","II","Dentro","Urbana","Ninguna","No existe","Intersección","Bueno","Buena","Diurna","Buen Tiempo","Lateral","S/D","Colisión","Ninguna","Faltante","Ninguna","Sin restricción"
2015,8077,01/10/2015,"Jueves",0,13:00:00,,"0.0",2,"Automóvil,Moto/Ciclomotor","Solis Y Navarro",2,1,0,0,1,0,0,,"Calle",,"ROSARIO","Rosario","S/D","No existe","II","Dentro","Urbana","Ninguna","No existe","Intersección","Bueno","Buena","Diurna","Buen Tiempo","Lateral","S/D","Colisión","S/D","Faltante","Ninguna","Sin restricción"