"anio_acci","nro_acci","fecha","desc_dia","fecha_aprox","hora_aprox","desc_ruta","km","cant_participantes","desc_participante","calle_avenida_km","total","heridos_leves","heridos_graves","heridos_gravisimos","ilesos","fallecidos","sin_datos","posicion_XY","desc_tipo_via","desc_ruta_ori","desc_loc","desc_dpto","desc_tipo_calzada","desc_tipo_banquina","desc_unidad_regional","desc_lugar_calzada","desc_zona","desc_prioridad","desc_estado_semaforo","desc_lugar_via","desc_estado_via","desc_estado_visibilidad","desc_luminosidad","desc_estado_clima","desc_tipo_colision","desc_tipo_atropello","desc_tipo_hecho","desc_pres_calzada","desc_senializacion","desc_separacion_via","desc_restriccion"
2015,8078,02/10/2015,"Viernes",0,19:45:00,,"0.0",2,"Moto/Ciclomotor,Taxi/Remis","Av Las Palmeras 4000",3,1,0,0,2,0,0,,"Calle",,"PEREZ","Rosario","S/D","No existe","II","Dentro","Urbana","Ninguna","No existe","Intersección","Otro","Reducida","Atardecer","Otro","Lateral","S/D","Colisión","Otro","Faltante","Ninguna","Sin restricción"
2015,8079,16/06/2015,"Martes",0,16:00:00,"Autopista Provincial Brigadier E.López","113.0",1,"Camión"," ",1,0,0,0,0,0,1,,"Autopista","Brigadier E.López","CORONDA","San Jerónimo","S/D","S/D","XV","Fuera","Rural","S/D","S/D","Recta","S/D","S/D","Diurna","S/D","S/D","S/D","Vuelco","S/D","S/D","S/D","S/D"
2015,8080,18/10/2015,"Domingo",0,,,"0.0",2,"Automóvil,Automóvil","Independencia ",2,1,0,0,1,0,0,,"Calle",,"VILLA CONSTITUCIÓN","Constitución","Hormigón","Pavimento","VI","Dentro","Urbana","Ninguna","No existe","Intersección","Bueno","Buena","Diurna","Buen Tiempo","Lateral","S/D","Colisión","Ninguna","Faltante","Ninguna","Sin restricción"
2015,8081,10/06/2015,"Miercoles",0,19:00:00,"Autopista Provincial Brigadier E.López","112.0",1,"Automóvil"," ",1,1,0,0,0,0,0,,"Autopista","Brigadier E.López","CORONDA","San Jerónimo","S/D","S/D","XV","Fuera","Rural","S/D","S/D","Recta","Bueno","S/D","Atardecer","S/D","S/D","S/D","Vuelco","S/D","S/D","S/D","S/D"
2015,8082,18/10/2015,"Domingo",0,04:30:00,,"0.0",2,"Moto/Ciclomotor,Automóvil","Cordoba Y Independencia",2,1,0,0,1,0,0,,"Calle",,"VILLA CONSTITUCIÓN","Constitución","Asfalto","Pavimento","VI","Dentro","Urbana","Ninguna","No existe","Intersección","Bueno","Buena","Nocturna","Buen Tiempo","Lateral","S/D","Colisión","Ninguna","Faltante","Ninguna","Sin restricción"
2015,8083,17/10/2015,"Sabado",0,07:10:00,,"0.0",2,"Automóvil,Camión","14 de Febrero Y Independencia",2,1,0,0,1,0,0,,"Calle",,"VILLA CONSTITUCIÓN","Constitución","Hormigón","Pavimento","VI","Dentro","Urbana","Ninguna","No existe","Intersección","Bueno","Buena","Diurna","Buen Tiempo","Lateral","S/D","Colisión","Ninguna","Faltante","Ninguna","Sin restricción"
2015,8084,17/10/2015,"Sabado",0,13:00:00,,"0.0",2,"Moto/Ciclomotor,Pickup/Utilitario","Martin Miguel de Guemes Y Almafuerte",3,1,0,0,2,0,0,,"Calle",,"VILLA CONSTITUCIÓN","Constitución","Hormigón","Pavimento","VI","S/D","Urbana","Ninguna","No existe","Intersección","Bueno","Buena","Diurna","Buen Tiempo","De alcance","S/D","Colisión","Ninguna","Faltante","Ninguna","Sin restricción"
2015,8085,12/10/2015,"Lunes",0,17:00:00,"Ruta Provincial 70","28.0",2,"Automóvil,Pickup/Utilitario"," ",7,1,1,0,5,0,0,,"Ruta",70,"HUMBOLDT","Las Colonias","Tierra","No existe","XI","Fuera","Rural","Marca Vial","No existe","Recta","Bueno","Buena","Diurna","Buen Tiempo","Contra objeto fijo,Lateral","S/D","Colisión,Despiste","Ninguna","Faltante","Línea divisoria pintada","Sin restricción"
2015,8086,23/10/2015,"Viernes",0,21:45:00,,"0.0",1,"Moto/Ciclomotor","JUAN JOSE PASO  100",1,1,0,0,0,0,0,,"Calle",,"LANDETA","San Martín","Tierra","Natural","XVIII","Dentro","Urbana","Ninguna","No existe","Recta","Bueno","Buena","Nocturna,Con luz artificial","Buen Tiempo","S/D","S/D","Caída ocupante","S/D","Faltante","Ninguna","Sin restricción"
2015,8087,15/10/2015,"Jueves",0,22:00:00,"Ruta Secundaria 20-s","0.0",1,"Camión"," ",2,1,0,0,1,0,0,,"Ruta","20-s","LANDETA","San Martín","Asfalto","Natural","XVIII","S/D","Urbana","Ninguna","No existe","Recta","Deteriorada","Buena","Nocturna,Con luz artificial","Buen Tiempo","S/D","S/D","Vuelco","Otro","Faltante","Ninguna","Sin restricción"
2015,8088,29/10/2015,"Jueves",0,10:00:00,"Ruta Nacional 34","126.0",2,"Pickup/Utilitario,Pickup/Utilitario"," ",5,2,0,0,3,0,0,,"Ruta",34,"CAÑADA ROSQUÍN","San Martín","Asfalto","Natural","XVIII","Dentro","Rural","Ninguna","No existe","Recta","Con baches","Reducida","Diurna","Viento Fuerte","De alcance","S/D","Colisión","Agua","Horizontal","Línea divisoria pintada","Sin restricción"
2015,8089,23/10/2015,"Viernes",0,19:20:00,"Ruta Nacional 11","0.0",2,"Automóvil,Moto/Ciclomotor","Avenida Nuestra Señora del Luj Y Aritobulo del Valle",2,1,0,0,1,0,0,,"Ruta",11,"SANTO TOMÉ","La Capital","Asfalto","S/D","I","Dentro","Urbana","Semáforo","Funciona","Intersección","Bueno","Buena","Atardecer","Buen Tiempo","Otro","S/D","Colisión","S/D","S/D","S/D","Sin restricción"
2015,8090,05/10/2015,"Lunes",0,13:20:00,,"0.0",2,"Moto/Ciclomotor,Automóvil","Av Freyre Y La Rioja",2,1,0,0,1,0,0,,"Avenida",,"SANTA FE","La Capital","Asfalto","S/D","I","S/D","Urbana","S/D","S/D","Intersección","S/D","S/D","Diurna","S/D","S/D","S/D","Colisión","S/D","S/D","S/D","S/D"
2015,8091,05/10/2015,"Lunes",0,10:00:00,,"0.0",2,"Moto/Ciclomotor,Automóvil","Santiago del Estero Y Saavedra",2,1,0,0,1,0,0,,"Calle",,"SANTA FE","La Capital","Asfalto","S/D","I","S/D","Urbana","S/D","S/D","Intersección","S/D","S/D","Diurna","S/D","S/D","S/D","Colisión","S/D","S/D","S/D","S/D"
2015,8092,02/10/2015,"Viernes",0,,,"0.0",2,"Moto/Ciclomotor,Pickup/Utilitario","Av Freyre Y Bv Pellegrini",2,1,0,0,1,0,0,,"Avenida",,"SANTA FE","La Capital","Asfalto","S/D","I","S/D","Urbana","S/D","S/D","Intersección","S/D","S/D","S/D","S/D","S/D","S/D","Colisión","S/D","S/D","S/D","S/D"
2015,8093,02/10/2015,"Viernes",0,16:00:00,,"0.0",2,"Moto/Ciclomotor,Taxi/Remis","Dr Zavalla Y Junin",2,1,0,0,1,0,0,,"Calle",,"SANTA FE","La Capital","Asfalto","S/D","I","S/D","Urbana","S/D","S/D","Intersección","S/D","S/D","Diurna","S/D","S/D","S/D","Colisión","S/D","S/D","S/D","S/D"
2015,8094,14/10/2015,"Miercoles",0,,,"0.0",2,"Moto/Ciclomotor,Pickup/Utilitario","Mariano Comas 3438",2,1,0,0,1,0,0,,"Calle",,"SANTA FE","La Capital","Asfalto","S/D","I","S/D","Urbana","S/D","S/D","Recta","S/D","S/D","S/D","S/D","S/D","S/D","Colisión","S/D","S/D","S/D","S/D"
2015,8095,14/10/2015,"Miercoles",0,21:00:00,,"0.0",2,"Peatón,Automóvil","Av Galicia 3300",2,1,0,0,1,0,0,"-31.605533, -60.692508","Avenida",,"SANTA FE","La Capital","Asfalto","S/D","I","S/D","Urbana","S/D","S/D","Recta","S/D","S/D","Nocturna","S/D","S/D","S/D","Atropello","S/D","S/D","S/D","S/D"
2015,8096,08/10/2015,"Jueves",0,12:55:00,,"0.0",2,"Peatón,Transporte de Pasajeros Urbano (> 8 asientos)","Av Lopez y Planes Y Mariano Comas",2,1,0,0,1,0,0,"-31.630444444444,-60.713777777778","Avenida",,"SANTA FE","La Capital","Asfalto","S/D","I","S/D","Urbana","S/D","S/D","Intersección","S/D","S/D","Diurna","S/D","S/D","S/D","Atropello","S/D","S/D","S/D","S/D"
2015,8097,08/10/2015,"Jueves",0,18:20:00,,"0.0",2,"Moto/Ciclomotor,Automóvil","Saavedra Y La Rioja",2,1,0,0,1,0,0,,"Calle",,"SANTA FE","La Capital","Asfalto","S/D","I","S/D","Urbana","S/D","S/D","Intersección","S/D","S/D","Atardecer","S/D","S/D","S/D","Colisión","S/D","S/D","S/D","S/D"
2015,8098,08/10/2015,"Jueves",0,10:50:00,,"0.0",2,"Moto/Ciclomotor,Automóvil","Av Freyre Y Bv Pellegrini",3,1,0,0,2,0,0,,"Avenida",,"SANTA FE","La Capital","Asfalto","S/D","I","S/D","Urbana","S/D","S/D","Intersección","S/D","S/D","Diurna","S/D","S/D","S/D","Colisión","S/D","S/D","S/D","S/D"
2015,8099,09/06/2015,"Martes",0,,"Ruta Provincial 13","0.0",3,"Automóvil,Automóvil,Camión","A 4 KM DE CARLOS PELLEGRINI ",7,4,2,0,1,0,0,,"Ruta",13,"CARLOS PELLEGRINI","San Martín","S/D","Natural","XVIII","Dentro","Rural","S/D","S/D","S/D","S/D","S/D","S/D","S/D","Frontal,Lateral","S/D","Colisión","S/D","S/D","S/D","S/D"
2015,8100,09/06/2015,"Martes",0,08:30:00,,"0.0",3,"Automóvil,Automóvil,Automóvil","Iturraspe Y Eva Peron",3,1,0,0,2,0,0,,"Calle",,"SANTA FE","La Capital","Asfalto","No existe","I","Dentro","Urbana","S/D","S/D","Intersección","S/D","S/D","Diurna","S/D","Múltiple","S/D","Colisión","S/D","S/D","S/D","S/D"
2015,8101,02/10/2015,"Viernes",0,18:30:00,,"0.0",2,"Automóvil,Moto/Ciclomotor","Mitre 5665",3,2,0,0,1,0,0,,"Calle",,"ROSARIO","Rosario","Asfalto","No existe","II","S/D","Urbana","Ninguna","No existe","Recta","Bueno","Buena","Diurna","Buen Tiempo","S/D","S/D","Colisión","Ninguna","S/D","Ninguna","Sin restricción"
2015,8102,11/06/2015,"Jueves",0,19:30:00,,"0.0",2,"Moto/Ciclomotor,Moto/Ciclomotor","9 DE SEPTIEMBRE Y CATAMARCA",2,0,2,0,0,0,0,,"Calle",,"SAN JUSTO","San Justo","S/D","S/D","XVI","Dentro","Urbana","S/D","S/D","Intersección","S/D","S/D","Atardecer","S/D","S/D","S/D","Colisión","S/D","S/D","S/D","S/D"
2015,8103,02/10/2015,"Viernes",0,,,"0.0",2,"Automóvil,Moto/Ciclomotor","San Martin 5500",2,1,0,0,1,0,0,,"Avenida",,"ROSARIO","Rosario","Asfalto","No existe","II","Dentro","Urbana","Ninguna","Funciona","Recta","Bueno","S/D","Diurna","Buen Tiempo","S/D","S/D","Colisión","Ninguna","S/D","Cordón divisorio","Sin restricción"
2015,8104,29/10/2015,"Jueves",0,20:30:00,,"0.0",2,"Moto/Ciclomotor,Taxi/Remis","Ayolas Y Sarmiento",3,2,0,0,1,0,0,,"Calle",,"ROSARIO","Rosario","Asfalto","No existe","II","Dentro","Urbana","Ninguna","No existe","Intersección","Bueno","Buena","Diurna","Buen Tiempo","S/D","S/D","Colisión","S/D","S/D","Ninguna","Sin restricción"
2015,8105,29/10/2015,"Jueves",0,18:30:00,,"0.0",2,"Automóvil,Moto/Ciclomotor","Bv. Oroño Y Garibaldi",2,1,0,0,1,0,0,,"Calle",,"ROSARIO","Rosario","Asfalto","No existe","II","Dentro","Urbana","Ninguna","No existe","Intersección","Bueno","Buena","Diurna","Buen Tiempo","S/D","S/D","Colisión","S/D","S/D","Cordón divisorio","Sin restricción"
2015,8106,29/10/2015,"Jueves",0,17:00:00,,"0.0",1,"Automóvil","Av. Uriburu Y Mitre",5,5,0,0,0,0,0,,"Calle",,"ROSARIO","Rosario","Asfalto","No existe","II","Dentro","Urbana","Ninguna","No existe","Recta","Bueno","Buena","Diurna","Buen Tiempo","Contra objeto fijo","S/D","Colisión","S/D","S/D","Vegetación","Sin restricción"
2015,8107,26/10/2015,"Lunes",0,10:46:00,,"0.0",2,"Automóvil,Otros","Mitre Y 24 De Setiembre",2,1,0,0,1,0,0,,"Calle",,"ROSARIO","Rosario","Asfalto","No existe","II","Dentro","Urbana","Ninguna","No existe","Intersección","Bueno","Buena","Diurna","Buen Tiempo","S/D","S/D","Colisión","S/D","S/D","Ninguna","Sin restricción"
2015,8108,30/10/2015,"Viernes",0,21:00:00,,"0.0",2,"Moto/Ciclomotor,Automóvil","Saavedra Y J M Estrada",2,1,0,0,1,0,0,,"Calle",,"RAFAELA","Castellanos","Asfalto","No existe","V","Dentro","Urbana","Ninguna","No existe","Intersección","Bueno","Buena","Nocturna","Buen Tiempo","Lateral","S/D","Colisión","Ninguna","Faltante","Ninguna","Sin restricción"
2015,8109,27/10/2015,"Martes",0,10:35:00,,"0.0",2,"Automóvil,Pickup/Utilitario","Comodoro Rivadavia Y Pueyrredon",2,1,0,0,1,0,0,,"Calle",,"ROSARIO","Rosario","Asfalto","No existe","II","Dentro","Urbana","Ninguna","No existe","Intersección","Bueno","Buena","Diurna","Buen Tiempo","S/D","S/D","Colisión","S/D","S/D","Ninguna","Sin restricción"
2015,8110,28/10/2015,"Miercoles",0,16:00:00,,"0.0",2,"Automóvil,Moto/Ciclomotor","Italia Y Biedma",2,1,0,0,1,0,0,,"Calle",,"ROSARIO","Rosario","Asfalto","No existe","II","Dentro","Urbana","Ninguna","No existe","Intersección","Bueno","Buena","Diurna","Buen Tiempo","S/D","S/D","Colisión","S/D","S/D","Ninguna","Sin restricción"
2015,8111,31/10/2015,"Sabado",0,16:00:00,,"0.0",2,"Moto/Ciclomotor,Pickup/Utilitario","Bv Santa Fe Y General Paz",4,0,1,0,2,1,0,"-31.255123, -61.477621","Avenida",,"RAFAELA","Castellanos","Asfalto","S/D","V","Dentro","Urbana","Policía de tránsito","No existe","Recta","Bueno","Buena","Diurna","Buen Tiempo","Lateral","S/D","Colisión","Ninguna","S/D","S/D","S/D"
2015,8112,09/10/2015,"Viernes",0,,,"0.0",2,"Automóvil,Moto/Ciclomotor","Gabriel Maggi Y S A Rodriguez",3,1,0,0,2,0,0,,"Calle",,"RAFAELA","Castellanos","Ripio","No existe","V","Dentro","Urbana","Ninguna","No existe","Intersección","Con baches","Buena","S/D","Buen Tiempo","Lateral","S/D","Colisión","S/D","Faltante","Ninguna","Sin restricción"
2015,8113,07/10/2015,"Miercoles",0,,,"0.0",2,"Moto/Ciclomotor,Automóvil","Ramon y Cajal 180",2,0,1,0,0,0,1,,"Calle",,"RAFAELA","Castellanos","Asfalto","No existe","V","Dentro","Urbana","Ninguna","No existe","Recta","Bueno","Buena","Diurna","Buen Tiempo","S/D","S/D","Colisión","S/D","Vertical","Ninguna","Sin restricción"
2015,8114,06/10/2015,"Martes",0,14:55:00,,"0.0",2,"Moto/Ciclomotor,Automóvil","Av Freyre 2150",2,1,0,0,1,0,0,,"Calle",,"SANTA FE","La Capital","Asfalto","S/D","I","Dentro","Urbana","S/D","S/D","Recta","S/D","S/D","Diurna","S/D","S/D","S/D","Colisión","S/D","S/D","S/D","S/D"
2015,8115,23/10/2015,"Viernes",0,00:20:00,,"0.0",2,"Automóvil,Moto/Ciclomotor","Avenida Nuestra Señora del Luj Y La Rioja",3,1,0,0,2,0,0,,"Calle",,"SANTO TOMÉ","La Capital","Asfalto","Pavimento","I","Dentro","Urbana","Semáforo","No existe","Intersección","Bueno","Buena","Nocturna,Con luz artificial","Buen Tiempo","Lateral","S/D","Colisión","S/D","Horizontal,Vertical","Línea divisoria pintada","Sin restricción"
2015,8116,15/10/2015,"Jueves",0,16:15:00,,"0.0",2,"Automóvil,Moto/Ciclomotor","Pte.Quintana Y Mitre",2,1,0,0,1,0,0,,"Calle",,"ROSARIO","Rosario","Asfalto","No existe","II","Dentro","Urbana","Ninguna","S/D","Intersección","Bueno","S/D","Diurna","Buen Tiempo","S/D","S/D","Colisión","S/D","S/D","Ninguna","Sin restricción"
2015,8117,02/11/2015,"Lunes",0,17:30:00,,"0.0",2,"Moto/Ciclomotor,Automóvil","Av Brasil Y Guemes",2,1,0,0,1,0,0,,"Avenida",,"RAFAELA","Castellanos","Asfalto","No existe","V","Dentro","Urbana","Ninguna","No existe","Intersección","Bueno","Buena","Diurna","Buen Tiempo","Lateral","S/D","Colisión","Ninguna","Faltante","Ninguna","Sin restricción"
2015,8118,09/10/2015,"Viernes",0,10:20:00,,"0.0",2,"Automóvil,Automóvil","Bv. Segui Y Mitre",4,1,0,0,3,0,0,,"Calle",,"ROSARIO","Rosario","Asfalto","No existe","II","Dentro","Urbana","Ninguna","No existe","Intersección","Bueno","Buena","Diurna","Buen Tiempo","S/D","S/D","Colisión","Ninguna","Faltante","Ninguna","Sin restricción"
2015,8119,18/10/2015,"Domingo",0,11:00:00,,"0.0",2,"Moto/Ciclomotor,Automóvil","Sarmiento Y Pte.Quintana",2,0,0,0,1,0,1,,"Calle",,"ROSARIO","Rosario","Asfalto","No existe","II","Dentro","Urbana","Ninguna","No existe","Intersección","Bueno","Buena","Diurna","Buen Tiempo","S/D","S/D","Colisión","Ninguna","S/D","Ninguna","Sin restricción"
2015,8120,12/10/2015,"Lunes",0,02:00:00,,"0.0",2,"Automóvil,Moto/Ciclomotor","Italia Y Dr.Rivas",3,2,0,0,1,0,0,,"Calle",,"ROSARIO","Rosario","Asfalto","No existe","II","Dentro","Urbana","Ninguna","No existe","Intersección","Bueno","Buena","Nocturna","Buen Tiempo","S/D","S/D","Colisión","S/D","S/D","Ninguna","Sin restricción"
2015,8121,19/10/2015,"Lunes",0,22:25:00,,"0.0",2,"Automóvil,Moto/Ciclomotor","Mr.Ross Y Pueyrredon",2,1,0,0,1,0,0,,"Calle",,"ROSARIO","Rosario","S/D","No existe","II","Dentro","Urbana","Ninguna","No existe","Cruce","Bueno","Buena","Nocturna","Buen Tiempo","S/D","S/D","Colisión","Ninguna","S/D","Ninguna","Sin restricción"
2015,8122,15/10/2015,"Jueves",0,18:00:00,,"0.0",2,"Automóvil,Automóvil","Mitre Y Garibaldi",3,2,0,0,1,0,0,,"Calle",,"ROSARIO","Rosario","Asfalto","No existe","II","Dentro","Urbana","Ninguna","No existe","Intersección","Bueno","Buena","Diurna","Buen Tiempo","S/D","S/D","Colisión","S/D","S/D","Ninguna","Sin restricción"
2015,8123,06/06/2015,"Sabado",0,,,"0.0",1,"Automóvil"," ",3,3,0,0,0,0,0,,"S/D",,"COLONIA ALDAO","Castellanos","S/D","S/D","XIII","S/D","Urbana","S/D","S/D","S/D","S/D","S/D","S/D","S/D","S/D","S/D","S/D","S/D","S/D","S/D","S/D"
2015,8124,21/10/2015,"Miercoles",0,09:53:00,,"0.0",2,"Transporte de Pasajeros Larga Distancia (> 8 asientos),Peatón","Amenabar Y San Martin",2,1,0,0,1,0,0,,"Calle",,"ROSARIO","Rosario","Asfalto","No existe","II","S/D","Urbana","Ninguna","No existe","Curva","Bueno","Buena","Diurna","Buen Tiempo","Lateral","S/D","Atropello","Ninguna","S/D","Ninguna","Sin restricción"
2015,8125,17/10/2015,"Sabado",0,23:30:00,,"0.0",1,"Automóvil","Bv. Segui Y San Martin",4,2,0,0,2,0,0,,"Calle",,"ROSARIO","Rosario","Asfalto","No existe","II","Dentro","Urbana","Ninguna","Funciona","Intersección","Bueno","Buena","Nocturna","Buen Tiempo","Contra objeto fijo","S/D","Colisión","S/D","S/D","Vegetación","Sin restricción"
2015,8126,18/06/2015,"Jueves",0,11:50:00,,"0.0",1,"Moto/Ciclomotor","Estanislao Lopez Y 25 de Mayo",1,1,0,0,0,0,0,,"Calle",,"SUARDI","San Cristóbal","S/D","S/D","XIII","Dentro","Urbana","S/D","S/D","Intersección","S/D","S/D","Diurna","S/D","Atropello animal","S/D","Caída ocupante,Colisión","S/D","S/D","S/D","S/D"
2015,8127,01/10/2015,"Jueves",0,20:30:00,,"0.0",2,"Bicicleta,Moto/Ciclomotor","Av Irigoyen 750",3,3,0,0,0,0,0,,"Avenida",,"SUNCHALES","Castellanos","Asfalto","No existe","V","Dentro","Urbana","Semáforo","Funciona","Recta","Bueno","Buena","Diurna","Buen Tiempo","S/D","S/D","Atropello","Ninguna","Faltante","Vegetación","Sin restricción"
2015,8128,02/10/2015,"Viernes",0,15:15:00,,"0.0",2,"Pickup/Utilitario,Moto/Ciclomotor","B n Donato Y Steigleder",2,1,0,0,1,0,0,,"Calle",,"SUNCHALES","Castellanos","Ripio","No existe","V","Dentro","Urbana","Ninguna","No existe","Intersección","Bueno","Buena","Diurna","Buen Tiempo","Lateral","S/D","Colisión","Ninguna","Faltante","Ninguna","Sin restricción"
2015,8129,16/10/2015,"Viernes",0,19:00:00,,"0.0",2,"Moto/Ciclomotor,Automóvil","Av Irigoyen 200",3,1,2,0,0,0,0,,"Avenida",,"SUNCHALES","Castellanos","Asfalto","S/D","V","Dentro","Urbana","S/D","No existe","Recta","Bueno","Buena","Atardecer","Buen Tiempo","Lateral","S/D","Colisión","S/D","S/D","Cordón divisorio","S/D"
2015,8130,09/10/2015,"Viernes",0,,,"0.0",1,"Moto/Ciclomotor","Guemes Gral Y La Pampa",1,1,0,0,0,0,0,,"Calle",,"SUNCHALES","Castellanos","Asfalto","Natural","V","Dentro","Urbana","Ninguna","No existe","Recta","Bueno","Buena","Diurna","Buen Tiempo","S/D","S/D","Despiste","Ninguna","Vertical","Ninguna","S/D"
2015,8131,13/10/2015,"Martes",0,16:30:00,,"0.0",2,"Moto/Ciclomotor,Automóvil","Avenida Belgrano Y Tucuman",2,1,0,0,1,0,0,,"Avenida",,"SUNCHALES","Castellanos","Asfalto","No existe","V","Dentro","Urbana","Ninguna","No existe","Intersección","Bueno","Buena","Atardecer","Buen Tiempo","Lateral","S/D","Colisión","Ninguna","S/D","Ninguna","Sin restricción"
2015,8132,17/10/2015,"Sabado",0,22:30:00,,"0.0",2,"Moto/Ciclomotor,Moto/Ciclomotor","Dentesano Y 9 de Julio",2,1,0,0,1,0,0,,"Calle",,"SUNCHALES","Castellanos","Asfalto","No existe","V","Dentro","Urbana","Ninguna","No existe","Intersección","Bueno","Buena","Nocturna","Buen Tiempo","Lateral","S/D","Colisión","Ninguna","Faltante","Ninguna","Sin restricción"
2015,8133,15/06/2015,"Lunes",0,12:00:00,"Ruta Nacional 11","463.0",2,"Bicicleta,Automóvil"," ",2,1,0,0,1,0,0,"-31.6670312,-60.7486034","Ruta",11,"SANTO TOMÉ","La Capital","Asfalto","S/D","I","Dentro","Urbana","S/D","S/D","Puente","Bueno","Buena","Diurna","Buen Tiempo","S/D","S/D","S/D","S/D","S/D","S/D","S/D"
2015,8134,22/10/2015,"Jueves",0,18:40:00,,"0.0",2,"Moto/Ciclomotor,Automóvil","Av Irigoyen Y Bolivar",3,1,0,0,2,0,0,,"Avenida",,"SUNCHALES","Castellanos","Asfalto","No existe","V","Dentro","Urbana","Semáforo","Funciona","Intersección","Bueno","Buena","Diurna","Buen Tiempo","Lateral","S/D","Colisión","Ninguna","Vertical","Vegetación","S/D"
2015,8135,01/10/2015,"Jueves",0,15:15:00,,"0.0",2,"Automóvil,Moto/Ciclomotor","Bv. Avellaneda Y Cordoba",2,1,0,0,1,0,0,,"Avenida",,"ROSARIO","Rosario","S/D","S/D","II","Dentro","Urbana","S/D","S/D","Intersección","S/D","Buena","Diurna","Buen Tiempo","Lateral","S/D","Colisión","S/D","S/D","S/D","S/D"
2015,8136,03/10/2015,"Sabado",0,02:40:00,,"0.0",2,"Automóvil,Moto/Ciclomotor","San Juan Y Suipacha",2,1,0,0,1,0,0,,"Calle",,"ROSARIO","Rosario","S/D","S/D","II","Dentro","Urbana","S/D","S/D","Intersección","S/D","Buena","Nocturna","Buen Tiempo","Lateral","S/D","Colisión","S/D","S/D","S/D","S/D"
2015,8137,05/10/2015,"Lunes",0,22:30:00,,"0.0",3,"Moto/Ciclomotor,Automóvil,Automóvil","San Luis Y Suipacha",3,1,0,0,2,0,0,,"Calle",,"ROSARIO","Rosario","S/D","S/D","II","Dentro","S/D","S/D","S/D","Intersección","S/D","Buena","Nocturna","Buen Tiempo","Múltiple","S/D","Colisión","S/D","S/D","S/D","S/D"
2015,8138,11/10/2015,"Domingo",0,01:30:00,,"0.0",2,"Moto/Ciclomotor,Automóvil","Av. Pellegrini Y San Nicolas",3,1,0,0,2,0,0,,"Avenida",,"ROSARIO","Rosario","S/D","S/D","II","Dentro","Urbana","S/D","S/D","Intersección","S/D","Buena","Nocturna","Buen Tiempo","Lateral","S/D","Colisión","S/D","S/D","S/D","S/D"
2015,8139,12/10/2015,"Lunes",0,07:00:00,,"0.0",3,"Pickup/Utilitario,Automóvil,Automóvil","Cafferata Y 9 De Julio",3,1,0,0,2,0,0,,"Calle",,"ROSARIO","Rosario","S/D","S/D","II","Dentro","Urbana","S/D","S/D","S/D","S/D","S/D","Diurna","S/D","Múltiple","S/D","Colisión","S/D","S/D","S/D","S/D"
2015,8140,06/06/2015,"Sabado",0,,,"0.0",2,"Bicicleta,Moto/Ciclomotor"," ",2,2,0,0,0,0,0,,"S/D",,"LEHMANN","Castellanos","S/D","S/D","V","S/D","Urbana","S/D","S/D","S/D","S/D","S/D","S/D","S/D","S/D","S/D","Atropello","S/D","S/D","S/D","S/D"
2015,8141,21/10/2015,"Miercoles",0,21:20:00,,"0.0",2,"Automóvil,Moto/Ciclomotor","Garibaldi Y Av. Corrientes",3,2,0,0,1,0,0,,"Calle",,"ROSARIO","Rosario","Asfalto","No existe","II","S/D","Urbana","Ninguna","No existe","Intersección","Bueno","Buena","Nocturna,Con luz artificial","Buen Tiempo","S/D","S/D","Colisión","Ninguna","S/D","Ninguna","Sin restricción"
2015,8142,22/10/2015,"Jueves",0,08:20:00,,"0.0",1,"Automóvil","Dean Funes Y Sarmiento",5,2,0,0,3,0,0,,"Calle",,"ROSARIO","Rosario","Asfalto","No existe","II","S/D","Urbana","Ninguna","No existe","Intersección","Bueno","Buena","Diurna","Buen Tiempo","S/D","S/D","Colisión","S/D","S/D","Ninguna","Sin restricción"
2015,8143,27/10/2015,"Martes",0,18:00:00,,"0.0",2,"Automóvil,Automóvil","Ayolas Y Mariano Moreno",4,1,0,0,3,0,0,,"Calle",,"ROSARIO","Rosario","Asfalto","No existe","II","S/D","Urbana","Ninguna","No existe","Intersección","Bueno","Buena","Diurna","Buen Tiempo","S/D","S/D","Colisión","Ninguna","S/D","Ninguna","Sin restricción"
2015,8144,11/06/2015,"Jueves",0,,,"0.0",2,"Moto/Ciclomotor,Automóvil","Av Gral Bartolome Mitre Y Av Italia",3,1,0,0,2,0,0,,"Calle",,"RAFAELA","Castellanos","S/D","S/D","V","Dentro","Urbana","S/D","S/D","S/D","S/D","S/D","S/D","S/D","S/D","S/D","Colisión","S/D","S/D","S/D","S/D"
2015,8145,14/06/2015,"Domingo",0,07:00:00,"Ruta Provincial 13","66.0",1,"Pickup/Utilitario"," ",5,5,0,0,0,0,0,,"Ruta",13,"SAN JORGE","San Martín","Asfalto","Natural","XVIII","S/D","Rural","S/D","S/D","Curva","Bueno","Buena","Diurna","Buen Tiempo","S/D","S/D","Vuelco","S/D","Horizontal","Línea divisoria pintada","S/D"
2015,8146,30/10/2015,"Viernes",0,06:00:00,,"0.0",2,"Moto/Ciclomotor,Automóvil","Av Brasil Y Pueyrredon",3,1,0,0,2,0,0,,"Avenida",,"RAFAELA","Castellanos","Asfalto","No existe","V","Dentro","Urbana","Ninguna","No existe","Intersección","Bueno","Buena","Amanecer","Buen Tiempo","Lateral","S/D","Colisión","Ninguna","Faltante","Ninguna","Sin restricción"
2015,8148,30/10/2015,"Viernes",0,13:30:00,,"0.0",2,"Cuatriciclo,Automóvil","Bv Santa Fe Y Intendente Gimenez",4,0,1,0,3,0,0,,"Avenida",,"RAFAELA","Castellanos","Asfalto","No existe","V","Dentro","Urbana","Ninguna","No existe","Intersección","Con baches","Buena","Diurna","Buen Tiempo","Lateral","S/D","Colisión","Ninguna","Faltante","Ninguna","Sin restricción"