"anio_acci","nro_acci","fecha","desc_dia","fecha_aprox","hora_aprox","desc_ruta","km","cant_participantes","desc_participante","calle_avenida_km","total","heridos_leves","heridos_graves","heridos_gravisimos","ilesos","fallecidos","sin_datos","posicion_XY","desc_tipo_via","desc_ruta_ori","desc_loc","desc_dpto","desc_tipo_calzada","desc_tipo_banquina","desc_unidad_regional","desc_lugar_calzada","desc_zona","desc_prioridad","desc_estado_semaforo","desc_lugar_via","desc_estado_via","desc_estado_visibilidad","desc_luminosidad","desc_estado_clima","desc_tipo_colision","desc_tipo_atropello","desc_tipo_hecho","desc_pres_calzada","desc_senializacion","desc_separacion_via","desc_restriccion"
2015,8149,14/10/2015,"Miercoles",0,16:15:00,,"0.0",2,"Automóvil,Automóvil","Mendoza 2700",2,1,0,0,1,0,0,,"Calle",,"ROSARIO","Rosario","S/D","S/D","II","Dentro","Urbana","S/D","S/D","S/D","S/D","S/D","Diurna","S/D","S/D","S/D","Colisión","S/D","S/D","S/D","S/D"
2015,8150,24/10/2015,"Sabado",0,13:00:00,,"0.0",2,"Automóvil,Pickup/Utilitario","Montevideo Y Alsina",2,1,0,0,1,0,0,,"Calle",,"ROSARIO","Rosario","Asfalto","S/D","II","Dentro","Urbana","S/D","S/D","S/D","S/D","S/D","Diurna","S/D","S/D","S/D","Colisión","S/D","S/D","S/D","S/D"
2015,8151,20/06/2015,"Sabado",0,,"Ruta Provincial 1","2.5",2,"Automóvil,Automóvil"," ",5,0,0,0,0,0,5,,"Ruta",1,"COLASTINE","La Capital","S/D","S/D","I","Dentro","Urbana","S/D","S/D","Recta","S/D","S/D","Diurna","S/D","S/D","S/D","Colisión","S/D","S/D","S/D","S/D"
2015,8152,23/10/2015,"Viernes",0,12:30:00,,"0.0",2,"Pickup/Utilitario,Moto/Ciclomotor","Rioja Y Castellanos",2,1,0,0,1,0,0,,"Calle",,"ROSARIO","Rosario","Asfalto","S/D","II","Dentro","Urbana","S/D","S/D","S/D","S/D","S/D","Diurna","S/D","S/D","S/D","Colisión","S/D","S/D","S/D","S/D"
2015,8153,22/06/2015,"Lunes",0,08:00:00,,"0.0",2,"Moto/Ciclomotor,Automóvil","Reg 12 de Infanteria Y Av Leandro Alem",2,0,0,0,1,0,1,,"Calle",,"SANTA FE","La Capital","S/D","S/D","I","Dentro","Urbana","S/D","S/D","Intersección","S/D","S/D","Diurna","S/D","S/D","S/D","Colisión","S/D","S/D","S/D","S/D"
2015,8154,22/10/2015,"Jueves",0,18:20:00,,"0.0",2,"Automóvil,Automóvil","Lima 1200",2,1,0,0,1,0,0,,"Calle",,"ROSARIO","Rosario","S/D","S/D","II","Dentro","Urbana","S/D","S/D","S/D","S/D","S/D","Atardecer","S/D","S/D","S/D","Colisión","S/D","S/D","S/D","S/D"
2015,8155,21/10/2015,"Miercoles",0,09:00:00,,"0.0",1,"Moto/Ciclomotor","Mendoza Y Servando Bayo",1,1,0,0,0,0,0,,"Calle",,"ROSARIO","Rosario","S/D","S/D","II","Dentro","Urbana","S/D","S/D","S/D","S/D","S/D","Diurna","S/D","Contra objeto fijo","S/D","Colisión","S/D","S/D","S/D","S/D"
2015,8156,20/10/2015,"Martes",0,12:30:00,,"0.0",2,"Moto/Ciclomotor,Automóvil","Av. Pellegrini Y Pascual Rosas",2,1,0,0,1,0,0,,"Calle",,"ROSARIO","Rosario","S/D","S/D","II","Dentro","Urbana","S/D","S/D","S/D","S/D","S/D","Diurna","S/D","S/D","S/D","Colisión","S/D","S/D","S/D","S/D"
2015,8157,13/06/2015,"Sabado",0,06:30:00,"Ruta Nacional 19","40.0",2,"Pickup/Utilitario,Camión"," ",3,0,0,0,2,1,0,"-31.604321, -61.177478","Ruta",19,"SAN JERÓNIMO DEL SAUCE","Las Colonias","Hormigón","Natural","XI","Dentro","Urbana","S/D","S/D","S/D","S/D","S/D","Amanecer","S/D","S/D","S/D","Colisión","S/D","S/D","S/D","S/D"
2015,8158,19/10/2015,"Lunes",0,09:14:00,,"0.0",2,"Transporte Escolar,Moto/Ciclomotor","3 De Febrero Y Castellanos",2,1,0,0,1,0,0,,"Calle",,"ROSARIO","Rosario","S/D","S/D","II","Dentro","Urbana","S/D","S/D","S/D","S/D","S/D","Diurna","S/D","S/D","S/D","Colisión","S/D","S/D","S/D","S/D"
2015,8159,18/10/2015,"Domingo",0,,,"0.0",2,"Pickup/Utilitario,Bicicleta","San Juan Y Cafferata",2,1,0,0,1,0,0,,"Calle",,"ROSARIO","Rosario","S/D","S/D","II","Dentro","Urbana","S/D","S/D","S/D","S/D","S/D","S/D","S/D","S/D","S/D","Atropello","S/D","S/D","S/D","S/D"
2015,8160,21/06/2015,"Domingo",0,18:00:00,,"0.0",2,"Moto/Ciclomotor,Automóvil","Avenida Nuestra Señora del Luj Y Vicente Lopez y Planes",2,1,0,0,1,0,0,,"Avenida",,"SANTO TOMÉ","La Capital","S/D","S/D","I","Dentro","Urbana","S/D","S/D","Intersección","S/D","S/D","Atardecer","S/D","S/D","S/D","Colisión","S/D","S/D","S/D","S/D"
2015,8161,16/10/2015,"Viernes",0,16:00:00,,"0.0",2,"Moto/Ciclomotor,Automóvil","San Juan Y Iriondo",2,1,0,0,1,0,0,,"Calle",,"ROSARIO","Rosario","S/D","S/D","II","Dentro","Urbana","S/D","S/D","S/D","S/D","S/D","Diurna","S/D","S/D","S/D","Colisión","S/D","S/D","S/D","S/D"
2015,8162,20/06/2015,"Sabado",0,06:45:00,,"0.0",2,"Camión,Automóvil","ESTANISLAO ZEBALLOS Y BARANA",2,1,0,0,1,0,0,,"Calle",,"SANTA FE","La Capital","S/D","S/D","I","Dentro","Urbana","S/D","S/D","Intersección","S/D","S/D","Amanecer","S/D","Contra objeto fijo","S/D","Colisión","S/D","S/D","S/D","S/D"
2015,8163,21/06/2015,"Domingo",0,08:45:00,"Autopista Nacional Gral. Juan Jose Valle","0.0",1,"Automóvil"," ",1,1,0,0,0,0,0,,"Autopista","Gral. Juan Jose Valle","THEOBALD","Constitución","Hormigón","Natural","VI","Dentro","Urbana","S/D","S/D","S/D","S/D","S/D","Diurna","S/D","S/D","S/D","Vuelco","S/D","S/D","S/D","S/D"
2015,8164,15/10/2015,"Jueves",0,21:20:00,,"0.0",2,"Bicicleta,Taxi/Remis","Ricchieri Y San Juan",2,1,0,0,1,0,0,,"Calle",,"ROSARIO","Rosario","S/D","S/D","II","Dentro","Urbana","S/D","S/D","S/D","S/D","S/D","Nocturna","S/D","S/D","S/D","Atropello","S/D","S/D","S/D","S/D"
2015,8165,23/06/2015,"Martes",0,,"Ruta Provincial 1","3.5",2,"Automóvil,Tracción animal / Carro"," ",3,2,0,0,1,0,0,,"Ruta",1,"COLASTINE","La Capital","Asfalto","S/D","I","Dentro","Urbana","S/D","S/D","Recta","S/D","Buena","Diurna","S/D","De alcance","S/D","Colisión","S/D","S/D","S/D","S/D"
2015,8166,21/06/2015,"Domingo",0,,"Ruta Provincial 21","0.0",1,"Automóvil","RP 21 FRENTE A PARANA METAL ",1,1,0,0,0,0,0,,"Ruta",21,"VILLA CONSTITUCIÓN","Constitución","S/D","S/D","VI","Fuera","S/D","S/D","S/D","S/D","S/D","S/D","Diurna","S/D","S/D","S/D","Despiste","S/D","S/D","S/D","S/D"
2015,8167,17/06/2015,"Miercoles",0,10:00:00,,"0.0",2,"Moto/Ciclomotor,Bicicleta","Eva Peron Y San Jeronimo",2,2,0,0,0,0,0,"-31.644222222222,-60.707361111111","Calle",,"SANTA FE","La Capital","S/D","S/D","I","Dentro","Urbana","S/D","S/D","Intersección","S/D","S/D","Diurna","S/D","S/D","S/D","Caída ocupante,Colisión,Atropello","S/D","S/D","S/D","S/D"
2015,8168,17/06/2015,"Miercoles",0,07:30:00,,"0.0",2,"Moto/Ciclomotor,Automóvil","Av Urquiza Y Juan de Garay",2,1,0,0,1,0,0,,"Calle",,"SANTA FE","La Capital","S/D","S/D","I","Dentro","Urbana","S/D","S/D","Intersección","S/D","S/D","Diurna","S/D","S/D","S/D","Colisión","S/D","S/D","S/D","S/D"
2015,8169,20/06/2015,"Sabado",0,15:50:00,,"0.0",2,"Moto/Ciclomotor,Moto/Ciclomotor","BARRIO SAN JOSE A 500 MTS RN 11 ",4,3,0,0,1,0,0,,"Calle",,"VILLA OCAMPO","General Obligado","S/D","S/D","IX","Dentro","Urbana","S/D","S/D","S/D","S/D","S/D","S/D","S/D","S/D","S/D","Colisión","S/D","S/D","S/D","S/D"
2015,8170,24/05/2015,"Domingo",0,21:00:00,"Ruta Nacional A007","0.0",2,"Automóvil,Camión","Ruta Nacional A007 Y Casabomba 4",2,2,0,0,0,0,0,,"Ruta","A007","SANTA FE","La Capital","Asfalto","S/D","I","Dentro","Rural","S/D","S/D","Recta","Bueno","S/D","Nocturna","S/D","S/D","S/D","S/D","S/D","S/D","S/D","S/D"
2015,8171,20/06/2015,"Sabado",0,13:30:00,,"0.0",2,"Moto/Ciclomotor,Automóvil","L N Alem Y Moreno",2,1,0,0,1,0,0,,"Calle",,"ROMANG","San Javier","S/D","S/D","XIV","Dentro","Urbana","S/D","S/D","Intersección","S/D","S/D","Diurna","S/D","Lateral","S/D","Colisión","S/D","S/D","S/D","S/D"
2015,8172,20/06/2015,"Sabado",0,10:15:00,,"0.0",2,"Moto/Ciclomotor,Automóvil","Calle 11 Y Calle 4",2,1,0,0,1,0,0,,"Calle",,"AVELLANEDA","General Obligado","S/D","S/D","IX","Dentro","Urbana","S/D","S/D","Intersección","S/D","S/D","Diurna","S/D","Lateral","S/D","Colisión","S/D","S/D","S/D","S/D"
2015,8173,04/08/2015,"Martes",0,10:30:00,"Ruta Nacional 34","273.0",2,"Automóvil,Camión"," ",3,0,0,0,1,2,0,"-30.830336, -61.592382","Ruta",34,"TACURAL","Castellanos","Hormigón","Natural","V","Dentro","Urbana","Ninguna","No existe","Recta","Bueno","Buena","Diurna","Buen Tiempo","Frontal,Lateral","S/D","Colisión,Vuelco","Ninguna","Horizontal","Línea divisoria pintada","Sin restricción"
2015,8174,15/10/2015,"Jueves",0,08:30:00,,"0.0",2,"Automóvil,Moto/Ciclomotor","Lavalle Y Marcos Paz",2,1,0,0,1,0,0,,"Calle",,"ROSARIO","Rosario","S/D","S/D","II","Dentro","Urbana","S/D","S/D","S/D","S/D","S/D","Diurna","S/D","S/D","S/D","Colisión","S/D","S/D","S/D","S/D"
2015,8175,14/10/2015,"Miercoles",0,,,"0.0",2,"Taxi/Remis,Taxi/Remis","Santiago Y Cordoba",3,1,0,0,2,0,0,,"Calle",,"ROSARIO","Rosario","Asfalto","S/D","II","Dentro","Urbana","Semáforo","Funciona","Intersección","Bueno","S/D","S/D","Buen Tiempo","Lateral","S/D","Colisión","S/D","S/D","S/D","S/D"
2015,8176,13/10/2015,"Martes",0,22:40:00,,"0.0",2,"Taxi/Remis,Peatón","Cafferata Y Cordoba",2,1,0,0,1,0,0,,"Calle",,"ROSARIO","Rosario","S/D","S/D","II","S/D","Urbana","S/D","S/D","Intersección","S/D","Buena","Nocturna","Buen Tiempo","S/D","S/D","Atropello","S/D","S/D","S/D","S/D"
2015,8177,01/10/2015,"Jueves",0,,,"0.0",2,"Automóvil,Moto/Ciclomotor","Montevideo Y Gutenberg",2,1,0,0,1,0,0,,"Calle",,"ROSARIO","Rosario","S/D","S/D","II","Dentro","Urbana","S/D","S/D","Intersección","S/D","S/D","S/D","Buen Tiempo","Lateral","S/D","Colisión","S/D","S/D","S/D","S/D"
2015,8178,03/04/2015,"Viernes",0,,,"0.0",2,"Moto/Ciclomotor,Bicicleta"," ",3,1,0,0,2,0,0,,"S/D",,"RECREO","La Capital","S/D","S/D","I","S/D","S/D","S/D","S/D","S/D","S/D","S/D","S/D","S/D","S/D","S/D","Atropello","S/D","S/D","S/D","S/D"
2015,8179,27/10/2015,"Martes",0,15:30:00,,"0.0",2,"Automóvil,Moto/Ciclomotor","Crespo Y Montevideo",2,1,0,0,1,0,0,,"Calle",,"ROSARIO","Rosario","Asfalto","S/D","II","Dentro","Urbana","S/D","No existe","Intersección","Bueno","Buena","Diurna","Buen Tiempo","Lateral","S/D","Colisión","S/D","S/D","S/D","S/D"
2015,8180,01/10/2015,"Jueves",1,11:30:00,,"0.0",2,"Bicicleta,Pickup/Utilitario","Santiago Y Cordoba",2,1,0,0,1,0,0,,"Calle",,"ROSARIO","Rosario","S/D","S/D","II","Dentro","Urbana","S/D","Funciona","Intersección","S/D","Buena","Diurna","Buen Tiempo","S/D","S/D","Atropello","S/D","S/D","S/D","S/D"
2015,8181,28/10/2015,"Miercoles",0,17:55:00,,"0.0",2,"Automóvil,Automóvil","España Y Rioja",2,1,0,0,1,0,0,,"Calle",,"ROSARIO","Rosario","Asfalto","No existe","II","Dentro","Urbana","Semáforo","Funciona","Recta","Bueno","Buena","Diurna","Buen Tiempo","De alcance","S/D","Colisión","S/D","Vertical","Cordón divisorio","Sin restricción"
2015,8182,03/04/2015,"Viernes",0,,,"0.0",1,"Automóvil","Ruta Prov 70 Y Av de Circunvalacion",2,1,0,0,1,0,0,,"S/D",,"RECREO","La Capital","S/D","S/D","I","S/D","S/D","S/D","S/D","S/D","S/D","S/D","S/D","S/D","Atropello animal","S/D","Colisión","S/D","S/D","S/D","S/D"
2015,8183,27/10/2015,"Martes",0,,,"0.0",3,"Moto/Ciclomotor,Automóvil,Automóvil","Av. Pellegrini 4600",4,2,0,0,2,0,0,,"Avenida",,"ROSARIO","Rosario","Asfalto","S/D","II","Dentro","Urbana","S/D","S/D","Recta","S/D","S/D","S/D","Buen Tiempo","Múltiple","S/D","Colisión","S/D","S/D","S/D","S/D"
2015,8184,17/10/2015,"Sabado",0,09:30:00,,"0.0",2,"Bicicleta,Pickup/Utilitario","Pte.Roca 1474",2,1,0,0,1,0,0,,"Calle",,"ROSARIO","Rosario","Asfalto","S/D","II","Dentro","Urbana","Ninguna","S/D","Recta","Bueno","Buena","Diurna","S/D","Lateral","S/D","Atropello","S/D","S/D","Cordón divisorio","Sin restricción"
2015,8185,26/10/2015,"Lunes",0,09:00:00,,"0.0",2,"Automóvil,Automóvil","San Juan Y Vera Mujica",4,2,0,0,2,0,0,,"Calle",,"ROSARIO","Rosario","S/D","S/D","II","Dentro","Urbana","S/D","S/D","Intersección","S/D","Buena","Diurna","Buen Tiempo","Lateral","S/D","Colisión","S/D","S/D","S/D","S/D"
2015,8186,24/10/2015,"Sabado",0,13:45:00,,"0.0",2,"Moto/Ciclomotor,Automóvil","3 De Febrero Y Mariano Moreno",2,1,0,0,1,0,0,,"Calle",,"ROSARIO","Rosario","Asfalto","No existe","II","Dentro","Urbana","Ninguna","S/D","Intersección","Bueno","Buena","Diurna","Buen Tiempo","Lateral","S/D","Colisión","S/D","S/D","Cordón divisorio","Sin restricción"
2015,8187,06/04/2015,"Lunes",0,,,"0.0",2,"Moto/Ciclomotor,Moto/Ciclomotor","Rivarola 8000",3,2,0,0,1,0,0,,"S/D",,"ROSARIO","Rosario","S/D","S/D","II","S/D","S/D","S/D","S/D","S/D","S/D","S/D","S/D","S/D","S/D","S/D","S/D","S/D","S/D","S/D","S/D"
2015,8188,18/10/2015,"Domingo",0,16:05:00,,"0.0",2,"Automóvil,Automóvil","Sarmiento Y Mendoza",3,1,0,0,2,0,0,,"Calle",,"ROSARIO","Rosario","Asfalto","S/D","II","Dentro","Urbana","Ninguna","S/D","Intersección","Bueno","S/D","Diurna","Buen Tiempo","Lateral","S/D","Colisión","S/D","Faltante","Cordón divisorio","Sin restricción"
2015,8189,13/10/2015,"Martes",0,19:45:00,,"0.0",2,"Automóvil,Peatón","Mariano Moreno Y Montevideo",2,1,0,0,1,0,0,,"Calle",,"ROSARIO","Rosario","Asfalto","Pavimento","II","Dentro","Urbana","Ninguna","No existe","Intersección","Bueno","Buena","Atardecer,Con luz artificial","Buen Tiempo","Lateral","S/D","Atropello","S/D","Faltante","Cordón divisorio","Sin restricción"
2015,8190,02/10/2015,"Viernes",0,08:30:00,,"0.0",2,"Taxi/Remis,Bicicleta","Tucuman Y Pte.Roca",2,1,0,0,1,0,0,,"Calle",,"ROSARIO","Rosario","Asfalto","S/D","II","Dentro","Urbana","S/D","No existe","Intersección","Bueno","Buena","Diurna","Buen Tiempo","S/D","S/D","Atropello","S/D","S/D","S/D","S/D"
2015,8191,18/10/2015,"Domingo",0,13:20:00,,"0.0",2,"Automóvil,Moto/Ciclomotor","San Juan Y Balcarce",2,1,0,0,1,0,0,,"Calle",,"ROSARIO","Rosario","Asfalto","No existe","II","Dentro","Urbana","Ninguna","No existe","Intersección","Bueno","Buena","Diurna","Buen Tiempo","Lateral","S/D","Colisión","S/D","S/D","Barrera de hormigón","Sin restricción"
2015,8192,08/10/2015,"Jueves",0,13:10:00,,"0.0",2,"Automóvil,Moto/Ciclomotor","San Juan Y Mariano Moreno",2,1,0,0,1,0,0,,"Calle",,"ROSARIO","Rosario","Asfalto","S/D","II","Dentro","Urbana","Ninguna","No existe","Intersección","Bueno","Buena","Diurna","Buen Tiempo","Lateral","S/D","Colisión","S/D","Faltante","Cordón divisorio","Sin restricción"
2015,8193,09/10/2015,"Viernes",0,19:30:00,,"0.0",3,"Bicicleta,Transporte de Pasajeros Urbano (> 8 asientos),Automóvil","San Luis 1100",3,1,0,0,2,0,0,,"Calle",,"ROSARIO","Rosario","Asfalto","No existe","II","Dentro","Urbana","Ninguna","S/D","Recta","Bueno","Buena","Nocturna,Con luz artificial","Buen Tiempo","Múltiple","S/D","Atropello","S/D","S/D","Cordón divisorio","Sin restricción"
2015,8194,05/10/2015,"Lunes",0,17:50:00,,"0.0",2,"Peatón,Taxi/Remis","España Y Catamarca",2,1,0,0,1,0,0,,"Calle",,"ROSARIO","Rosario","Asfalto","S/D","II","Dentro","Urbana","Semáforo","Funciona","Intersección","Bueno","Buena","Diurna","Buen Tiempo","S/D","S/D","Atropello","S/D","Vertical","S/D","S/D"
2015,8195,10/04/2015,"Viernes",0,,,"0.0",5,"Pickup/Utilitario,Camión,Pickup/Utilitario,Camión,Automóvil"," ",6,2,0,0,4,0,0,,"S/D",,"SAN JORGE","San Martín","S/D","S/D","XVIII","S/D","S/D","S/D","S/D","S/D","S/D","S/D","S/D","S/D","S/D","S/D","S/D","S/D","S/D","S/D","S/D"
2015,8196,01/10/2015,"Jueves",0,23:30:00,,"0.0",2,"Moto/Ciclomotor,Automóvil","3 De Febrero Y Av. Corrientes",2,1,0,0,1,0,0,,"Calle",,"ROSARIO","Rosario","Asfalto","S/D","II","Dentro","Urbana","Ninguna","S/D","Intersección","Bueno","Buena","Nocturna,Con luz artificial","Buen Tiempo","Lateral","S/D","Colisión","S/D","Faltante","Cordón divisorio","Sin restricción"
2015,8197,07/10/2015,"Miercoles",0,16:05:00,,"0.0",2,"Moto/Ciclomotor,Automóvil","Mariano Moreno Y Brown",2,1,0,0,1,0,0,,"Calle",,"ROSARIO","Rosario","Asfalto","Pavimento","II","Dentro","Urbana","S/D","No existe","Intersección","Bueno","Buena","Nocturna","Buen Tiempo","Lateral","S/D","Colisión","S/D","S/D","Ninguna","Sin restricción"
2015,8198,01/10/2015,"Jueves",0,08:30:00,,"0.0",2,"Moto/Ciclomotor,Automóvil","Mariano Moreno Y 3 De Febrero",2,1,0,0,1,0,0,,"Calle",,"ROSARIO","Rosario","Asfalto","S/D","II","Dentro","Urbana","Ninguna","No existe","Intersección","Bueno","Buena","Diurna","Buen Tiempo","Lateral","S/D","Colisión","S/D","Faltante","Cordón divisorio","Sin restricción"
2015,8199,11/10/2015,"Domingo",0,04:30:00,,"0.0",1,"Automóvil","Alvear Y Jujuy",1,1,0,0,0,0,0,,"Calle",,"ROSARIO","Rosario","Asfalto","No existe","II","Dentro","Urbana","S/D","No existe","Intersección","Bueno","Buena","Nocturna","Buen Tiempo","Contra objeto fijo","S/D","Colisión","S/D","S/D","S/D","Sin restricción"
2015,8200,05/10/2015,"Lunes",0,17:00:00,,"0.0",2,"Moto/Ciclomotor,Automóvil","E.Zeballos Y Italia",2,1,0,0,1,0,0,,"Calle",,"ROSARIO","Rosario","Asfalto","Pavimento","II","Dentro","Urbana","Ninguna","No existe","S/D","Bueno","Buena","Diurna","Buen Tiempo","Lateral","S/D","Colisión","S/D","S/D","Cordón divisorio","Sin restricción"
2015,8201,12/10/2015,"Lunes",0,10:00:00,,"0.0",2,"Automóvil,Automóvil","Bv. Oroño Y San Lorenzo",3,1,0,0,2,0,0,,"Calle",,"ROSARIO","Rosario","Asfalto","No existe","II","Dentro","Urbana","Señal Pare","No existe","Intersección","Bueno","Buena","Diurna","Buen Tiempo","Lateral","S/D","Colisión","S/D","S/D","Ninguna","S/D"
2015,8202,05/10/2015,"Lunes",0,22:50:00,,"0.0",1,"Moto/Ciclomotor","San Martin Y Rioja",2,1,0,0,1,0,0,,"Calle",,"ROSARIO","Rosario","Asfalto","No existe","II","Dentro","Urbana","Ninguna","No existe","Intersección","Bueno","Buena","Nocturna,Con luz artificial","Buen Tiempo","S/D","S/D","Colisión","S/D","Faltante","Cordón divisorio","Sin restricción"
2015,8203,08/10/2015,"Jueves",0,10:05:00,,"0.0",2,"Automóvil,Peatón","Mendoza Y Pte.Roca",2,1,0,0,1,0,0,,"Calle",,"ROSARIO","Rosario","Asfalto","S/D","II","Dentro","Urbana","Ninguna","S/D","Intersección","Bueno","Buena","Diurna","S/D","S/D","S/D","Atropello","S/D","Faltante","Cordón divisorio","Sin restricción"
2015,8204,08/10/2015,"Jueves",0,19:30:00,,"0.0",2,"Automóvil,Moto/Ciclomotor","E.Zeballos Y Alvear",3,2,0,0,1,0,0,,"Calle",,"ROSARIO","Rosario","Asfalto","No existe","II","Dentro","Urbana","Ninguna","No existe","Intersección","Bueno","Buena","Atardecer,Con luz artificial","Buen Tiempo","Lateral","S/D","Colisión","S/D","S/D","Cordón divisorio","Sin restricción"
2015,8205,19/04/2015,"Domingo",0,,"Ruta Nacional 19","65.0",1,"Pickup/Utilitario"," ",2,1,0,0,1,0,0,,"Ruta",19,"ANGÉLICA","Castellanos","S/D","S/D","V","S/D","S/D","S/D","S/D","S/D","S/D","S/D","S/D","S/D","S/D","S/D","S/D","S/D","S/D","S/D","S/D"
2015,8206,02/10/2015,"Viernes",0,16:45:00,,"0.0",2,"Moto/Ciclomotor,Automóvil","Alvear 1600",2,1,0,0,1,0,0,,"Calle",,"ROSARIO","Rosario","Asfalto","No existe","II","Dentro","Urbana","Ninguna","No existe","Recta","Bueno","Buena","Diurna","Buen Tiempo","Lateral","S/D","Colisión","S/D","Faltante","Cordón divisorio","Sin restricción"
2015,8207,13/10/2015,"Martes",0,14:25:00,,"0.0",2,"Automóvil,Moto/Ciclomotor","Tucuman Y Paraguay",2,1,0,0,1,0,0,,"Calle",,"ROSARIO","Rosario","Asfalto","Pavimento","II","Dentro","Urbana","S/D","No existe","Intersección","Bueno","Buena","Diurna","Buen Tiempo","Lateral","S/D","Colisión","S/D","S/D","Ninguna","Sin restricción"
2015,8208,24/06/2015,"Miercoles",0,20:00:00,,"0.0",1,"Moto/Ciclomotor","Av Mosconi Y Mendoza",1,0,1,0,0,0,0,"-31.6438919, -60.7280445","Calle",,"SANTA FE","La Capital","Asfalto","S/D","I","Dentro","Urbana","S/D","S/D","Intersección","S/D","S/D","S/D","S/D","S/D","S/D","Caída ocupante","S/D","S/D","S/D","S/D"
2015,8209,20/04/2015,"Lunes",0,,,"0.0",2,"Automóvil,Camión","Ruta Prov 70 Y Av de Circunvalacion",3,1,0,0,2,0,0,,"S/D",,"RECREO","La Capital","S/D","S/D","I","S/D","S/D","S/D","S/D","S/D","S/D","S/D","S/D","S/D","S/D","S/D","S/D","S/D","S/D","S/D","S/D"
2015,8210,24/04/2015,"Viernes",0,,,"0.0",2,"Automóvil,Bicicleta"," ",2,1,0,0,1,0,0,,"S/D",,"RECONQUISTA","General Obligado","S/D","S/D","IX","S/D","S/D","S/D","S/D","S/D","S/D","S/D","S/D","S/D","S/D","S/D","Atropello","S/D","S/D","S/D","S/D"
2015,8211,12/08/2015,"Miercoles",0,00:15:00,"Ruta Nacional A012","36.9",2,"Camión,Camión"," ",2,0,0,0,1,1,0,"-33.060743, -60.851187","Ruta","A012","ZAVALLA","Rosario","Asfalto","Natural","II","Dentro","Urbana","S/D","No existe","Recta","Bueno","Buena","Nocturna","S/D","Frontal","S/D","Colisión","Ninguna","Horizontal","Línea divisoria pintada","Sin restricción"
2015,8212,17/08/2015,"Lunes",0,02:00:00,"Ruta Nacional 33","782.0",2,"Automóvil,Peatón","ALTURA CURVA DE LA MUERTE ",3,0,0,0,2,1,0,"-32.971277, -60.718022","Ruta",33,"PEREZ","Rosario","Asfalto","No existe","II","Dentro","Urbana","Ninguna","No existe","Cruce","Bueno","Buena","Nocturna","Otro","S/D","S/D","Atropello","Otro","Faltante","Línea divisoria pintada","Sin restricción"
2015,8213,04/08/2015,"Martes",0,06:30:00,"Ruta Provincial 18","3.5",3,"Automóvil,Moto/Ciclomotor,Camión"," ",3,0,0,0,2,1,0,"-33.040383, -60.685311","Ruta",18,"PIÑERO","Rosario","Asfalto","Ripio","II","Dentro","Rural","Ninguna","No existe","Recta","Bueno","Buena","Amanecer","Buen Tiempo","Frontal,Múltiple","S/D","Colisión","Ninguna","Horizontal","Línea divisoria pintada","Sin restricción"
2015,8214,31/08/2015,"Lunes",0,21:20:00,"Ruta Nacional 11","0.0",2,"Moto/Ciclomotor,Automóvil","Ruta 11 Avenida Richieri 3550",2,0,0,0,1,1,0,"-31.6852950, -60.7847893","Ruta",11,"SANTO TOMÉ","La Capital","Asfalto","Natural","I","Dentro","Urbana","Ninguna","Funciona","Recta","Bueno","Buena","Nocturna","Buen Tiempo","De alcance","S/D","Colisión","Otro","Faltante","Ninguna","Sin restricción"
2015,8215,27/06/2015,"Sabado",1,18:30:00,"Ruta Provincial 10","183.0",2,"Moto/Ciclomotor,Moto/Ciclomotor"," ",2,1,1,0,0,0,0,,"Ruta",10,"NUEVO TORINO","Las Colonias","Asfalto","S/D","XI","S/D","Rural","S/D","S/D","Recta","S/D","S/D","Diurna","S/D","S/D","S/D","Colisión","S/D","S/D","S/D","S/D"
2015,8216,08/08/2015,"Sabado",0,22:20:00,,"0.0",2,"Moto/Ciclomotor,Moto/Ciclomotor","CALLE 1 2119",2,0,0,1,0,1,0,"-31.436877, -62.068012","Calle",,"FRONTERA","Castellanos","Asfalto","No existe","V","Dentro","Urbana","S/D","S/D","Recta","Bueno","Buena","Nocturna,Con luz artificial","S/D","S/D","S/D","Colisión","S/D","S/D","S/D","S/D"
2015,8217,27/06/2015,"Sabado",0,,"Ruta Secundaria 50-s","58.0",1,"Moto/Ciclomotor"," ",1,0,1,0,0,0,0,,"Ruta","50-s","SAN AGUSTÍN","Las Colonias","S/D","S/D","XI","S/D","Rural","S/D","S/D","S/D","S/D","S/D","Diurna","S/D","S/D","S/D","Caída ocupante","S/D","S/D","S/D","S/D"
2015,8218,15/08/2015,"Sabado",0,00:15:00,"Ruta Provincial 17","0.0",2,"Camión,Camión"," ",2,1,0,0,0,1,0,"-29.833671, -61.878147","Ruta",17,"MONTEFIORE","9 de Julio","Asfalto","Natural","XII","Dentro","Urbana","Ninguna","No existe","Recta","Con baches,Deteriorada,Ahuellamiento","Buena","Nocturna","Buen Tiempo","Frontal","S/D","Colisión","Ninguna","Faltante","Línea divisoria pintada","Sin restricción"
2015,8219,15/08/2015,"Sabado",0,04:55:00,"Ruta Nacional 34","338.5",2,"Automóvil,Camión"," ",4,0,0,0,1,3,0,"-30.262244, -61.717387","Ruta",34,"ARRUFÓ","San Cristóbal","Asfalto","Natural","XIII","Dentro","Urbana","Ninguna","No existe","Recta","Bueno","Buena","Nocturna","Buen Tiempo","De alcance","S/D","Colisión","S/D","Vertical","Ninguna","Sin restricción"
2015,8220,17/08/2015,"Lunes",0,13:00:00,,"0.0",1,"Moto/Ciclomotor","Risso Y Aguado",1,0,0,0,0,1,0,"-31.595614, -60.717790","Calle",,"SANTA FE","La Capital","Asfalto","Natural","I","Dentro","Urbana","Ninguna","No existe","Intersección","Deteriorada","Buena","Diurna","Buen Tiempo","S/D","S/D","Caída ocupante,Despiste","Material Suelto","Faltante","Ninguna","Sin restricción"
2015,8221,31/08/2015,"Lunes",0,08:10:00,,"0.0",2,"Automóvil,Moto/Ciclomotor","Bv R S Pe±a Y 9 de Julio",6,1,0,0,4,1,0,"-30.7876082, -60.5983114","Avenida",,"SAN JUSTO","San Justo","Asfalto","S/D","XVI","Dentro","Urbana","S/D","No existe","Intersección","Bueno","Buena","Diurna","Buen Tiempo","Lateral","S/D","Colisión","Ninguna","Faltante","Cordón divisorio","S/D"