"anio_acci","nro_acci","fecha","desc_dia","fecha_aprox","hora_aprox","desc_ruta","km","cant_participantes","desc_participante","calle_avenida_km","total","heridos_leves","heridos_graves","heridos_gravisimos","ilesos","fallecidos","sin_datos","posicion_XY","desc_tipo_via","desc_ruta_ori","desc_loc","desc_dpto","desc_tipo_calzada","desc_tipo_banquina","desc_unidad_regional","desc_lugar_calzada","desc_zona","desc_prioridad","desc_estado_semaforo","desc_lugar_via","desc_estado_via","desc_estado_visibilidad","desc_luminosidad","desc_estado_clima","desc_tipo_colision","desc_tipo_atropello","desc_tipo_hecho","desc_pres_calzada","desc_senializacion","desc_separacion_via","desc_restriccion"
2015,8222,19/10/2015,"Lunes",0,11:50:00,,"0.0",2,"Automóvil,Moto/Ciclomotor","Bv. Oroño Y Guemes",2,1,0,0,1,0,0,,"Avenida",,"ROSARIO","Rosario","Asfalto","Pavimento","II","Dentro","Urbana","Ninguna","S/D","Intersección","Bueno","Buena","Diurna","Buen Tiempo","Otro","S/D","Colisión","Otro","S/D","Ninguna","Sin restricción"
2015,8223,24/10/2015,"Sabado",0,19:00:00,,"0.0",2,"Automóvil,Moto/Ciclomotor","Tucuman Y Mitre",2,1,0,0,1,0,0,,"Calle",,"ROSARIO","Rosario","Asfalto","No existe","II","Dentro","Urbana","Ninguna","Funciona","Intersección","Bueno","Buena","Diurna","Buen Tiempo","Otro","S/D","Colisión","Otro","S/D","Ninguna","Sin restricción"
2015,8224,24/10/2015,"Sabado",0,14:10:00,,"0.0",1,"Moto/Ciclomotor","San Lorenzo Y Sarmiento",2,1,0,0,1,0,0,,"Calle",,"ROSARIO","Rosario","Asfalto","No existe","II","Dentro","Urbana","Ninguna","S/D","Intersección","Bueno","Buena","Diurna","Buen Tiempo","Otro","S/D","Caída ocupante","Otro","S/D","Ninguna","Sin restricción"
2015,8225,26/10/2015,"Lunes",0,17:30:00,,"0.0",2,"Taxi/Remis,Moto/Ciclomotor","Bv. Oroño Y Tucuman",3,2,0,0,1,0,0,,"Avenida",,"ROSARIO","Rosario","Asfalto","Pavimento","II","Dentro","Urbana","Ninguna","S/D","Intersección","Bueno","Buena","Diurna","Buen Tiempo","Otro","S/D","Colisión","Otro","S/D","Ninguna","Sin restricción"
2015,8226,08/10/2015,"Jueves",0,08:10:00,,"0.0",2,"Moto/Ciclomotor,Bicicleta","Av. Pellegrini Y Bv. Oroño",2,1,0,0,1,0,0,,"Avenida",,"ROSARIO","Rosario","Asfalto","S/D","II","Dentro","Urbana","Ninguna","No existe","Intersección","Bueno","Buena","Diurna","Buen Tiempo","S/D","S/D","Atropello","S/D","Faltante","Cordón divisorio","Sin restricción"
2015,8227,16/10/2015,"Viernes",0,14:55:00,,"0.0",2,"Bicicleta,Automóvil","Mitre Y San Juan",2,1,0,0,1,0,0,,"Calle",,"ROSARIO","Rosario","Asfalto","S/D","II","Dentro","Urbana","Ninguna","S/D","Intersección","Bueno","S/D","Diurna","Buen Tiempo","S/D","S/D","Atropello","S/D","S/D","Cordón divisorio","Sin restricción"
2015,8228,22/10/2015,"Jueves",0,12:00:00,,"0.0",2,"Automóvil,Peatón","Italia 700",2,1,0,0,1,0,0,,"Calle",,"ROSARIO","Rosario","Asfalto","Pavimento","II","Dentro","Urbana","Ninguna","No existe","Recta","Bueno","Buena","Diurna","Buen Tiempo","S/D","S/D","Atropello","S/D","S/D","Cordón divisorio","Sin restricción"
2015,8229,28/08/2015,"Viernes",0,03:00:00,"Autopista Nacional Gral. Juan Jose Valle","282.8",2,"Transporte de Pasajeros (H/ 8 asientos),Peatón"," ",14,0,0,0,13,1,0,"-33.053144, -60.657173","Autopista","Gral. Juan Jose Valle","ALVEAR","Rosario","Asfalto","Natural","II","Dentro","Rural","Ninguna","No existe","Recta","Bueno","Buena","Nocturna","Buen Tiempo","S/D","S/D","Atropello","Ninguna","Horizontal","Vegetación","Sin restricción"
2015,8230,20/10/2015,"Martes",0,17:30:00,,"0.0",2,"Peatón,Automóvil","San Luis 1900",2,1,0,0,1,0,0,,"Calle",,"ROSARIO","Rosario","Asfalto","No existe","II","Dentro","Urbana","Paso Peatonal","Funciona","Recta","Bueno","Buena","Diurna","Buen Tiempo","Otro","S/D","Atropello","S/D","Vertical","Cordón divisorio","Sin restricción"
2015,8231,24/10/2015,"Sabado",0,08:15:00,,"0.0",2,"Automóvil,Moto/Ciclomotor","Cordoba Y Balcarce",3,1,0,0,2,0,0,,"Calle",,"ROSARIO","Rosario","Asfalto","No existe","II","Dentro","Urbana","Ninguna","No existe","Intersección","Bueno","Buena","Diurna","Buen Tiempo","Lateral","S/D","Colisión","S/D","Faltante","Cordón divisorio","Sin restricción"
2015,8232,19/08/2015,"Miercoles",0,19:30:00,"Ruta Provincial 20","0.0",2,"Moto/Ciclomotor,Automóvil"," ",2,0,0,0,1,1,0,"-31.581555, -61.918477","Ruta",20,"ZENÓN PEREYRA","Castellanos","Asfalto","Natural","V","Dentro","Rural","Ninguna","No existe","Recta","Bueno,Con baches","Buena","Nocturna","Buen Tiempo","De alcance","S/D","Colisión","S/D","S/D","Ninguna","Sin restricción"
2015,8233,20/10/2015,"Martes",0,17:30:00,,"0.0",2,"Automóvil,Moto/Ciclomotor","Santa Fe Y Balcarce",2,1,0,0,1,0,0,,"Calle",,"ROSARIO","Rosario","Asfalto","S/D","II","Dentro","Urbana","Ninguna","No existe","Recta","Bueno","Buena","Diurna","Buen Tiempo","Frontal","S/D","Colisión","S/D","Faltante","Cordón divisorio","Sin restricción"
2015,8234,12/08/2015,"Miercoles",0,15:00:00,,"0.0",2,"Moto/Ciclomotor,Automóvil"," ",3,1,0,0,1,1,0,"-32.679507, -61.521358","Avenida",,"LAS PAREJAS","Belgrano","Hormigón","No existe","III","Dentro","Urbana","Ninguna","No existe","Recta","Bueno","Buena","Diurna","Buen Tiempo","De alcance","S/D","Caída ocupante,Colisión","Ninguna","Vertical","Barrera de alto impacto,Cordón divisorio","Sin restricción"
2015,8235,19/10/2015,"Lunes",0,12:30:00,,"0.0",2,"Moto/Ciclomotor,Automóvil","Bv. Rondeau 3354",2,1,0,0,1,0,0,,"Avenida",,"ROSARIO","Rosario","Asfalto","No existe","II","Dentro","Urbana","Ninguna","No existe","Recta","Bueno","Buena","Diurna","Buen Tiempo","Frontal","S/D","Colisión","Ninguna","Faltante","Ninguna","Sin restricción"
2015,8236,26/08/2015,"Miercoles",0,07:40:00,"Ruta Nacional 34","193.0",2,"Camión,Automóvil"," ",2,1,0,0,0,1,0,"-31.4954225,-61.5335426","Ruta",34,"ANGÉLICA","Castellanos","S/D","Natural","V","Fuera","Rural","Ninguna","No existe","Recta","Bueno","Buena","Diurna","Buen Tiempo","Frontal","S/D","Colisión,Vuelco","S/D","Horizontal,Vertical","Línea divisoria pintada","Obra en Construcción"
2015,8237,01/08/2015,"Sabado",0,20:30:00,,"0.0",2,"Automóvil,Moto/Ciclomotor","Av. Arijon Y Bv. Avellaneda",5,4,0,0,0,1,0,"-33.004187, -60.688862","Avenida",,"ROSARIO","Rosario","S/D","S/D","II","Dentro","Urbana","S/D","S/D","S/D","S/D","S/D","Nocturna","S/D","S/D","S/D","Colisión","S/D","S/D","S/D","S/D"
2015,8238,24/06/2015,"Miercoles",0,18:00:00,,"0.0",2,"Peatón,Pickup/Utilitario","25 de Mayo Y Hermana Karina",2,0,0,0,1,1,0,"-30.577406, -59.935198","Calle",,"SAN JAVIER","San Javier","S/D","S/D","XIV","Dentro","Urbana","S/D","S/D","Intersección","S/D","S/D","Atardecer","S/D","S/D","S/D","Atropello","S/D","S/D","S/D","S/D"
2015,8239,01/10/2015,"Jueves",0,16:45:00,,"0.0",2,"Moto/Ciclomotor,Peatón","Bv. Rondeau Y Maciel",2,1,0,0,1,0,0,,"Calle",,"ROSARIO","Rosario","Asfalto","No existe","II","Dentro","Urbana","Ninguna","No existe","Intersección","Bueno","Buena","Diurna","Buen Tiempo","Frontal","S/D","Colisión","Ninguna","Faltante","Ninguna","Sin restricción"
2015,8240,01/10/2015,"Jueves",0,22:05:00,,"0.0",1,"Taxi/Remis","Bv. Rondeau Y Asamblea",2,1,0,0,1,0,0,,"Calle",,"ROSARIO","Rosario","Asfalto","No existe","II","Dentro","Urbana","Ninguna","No existe","Intersección","Bueno","Buena","Nocturna","Buen Tiempo","Contra objeto fijo","S/D","Colisión","Ninguna","Faltante","Ninguna","Sin restricción"
2015,8241,04/10/2015,"Domingo",0,22:20:00,,"0.0",2,"Automóvil,Automóvil","Bv. Rondeau Y Ricardo Gutierrez",2,2,0,0,0,0,0,,"Calle",,"ROSARIO","Rosario","Asfalto","No existe","II","Dentro","Urbana","Ninguna","Funciona","Intersección","Bueno","Buena","Nocturna","Buen Tiempo","Frontal","S/D","Colisión","Ninguna","Vertical","Ninguna","Sin restricción"
2015,8242,02/10/2015,"Viernes",0,08:56:00,,"0.0",2,"Automóvil,Moto/Ciclomotor","Av. Cabassa Y Esquivel",2,1,0,0,1,0,0,,"Calle",,"ROSARIO","Rosario","Asfalto","No existe","II","Dentro","Urbana","Ninguna","No existe","Intersección","Bueno","Buena","Diurna","Buen Tiempo","Frontal","S/D","Colisión","Ninguna","Faltante","Ninguna","Sin restricción"
2015,8243,05/06/2015,"Viernes",0,,,"0.0",2,"Moto/Ciclomotor,Automóvil"," ",2,0,0,0,1,1,0,"-31.493056, -60.734228","Calle",,"RECREO","La Capital","S/D","S/D","I","Dentro","Urbana","S/D","S/D","S/D","S/D","S/D","S/D","S/D","S/D","S/D","Colisión","S/D","S/D","S/D","S/D"
2015,8244,18/10/2015,"Domingo",0,,,"0.0",2,"Moto/Ciclomotor,Taxi/Remis","Av. Genova Y Barra",3,1,0,0,2,0,0,,"Calle",,"ROSARIO","Rosario","S/D","S/D","II","S/D","Urbana","S/D","S/D","S/D","S/D","S/D","S/D","S/D","S/D","S/D","Colisión","S/D","S/D","S/D","S/D"
2015,8245,17/06/2015,"Miercoles",0,,,"0.0",2,"Moto/Ciclomotor,Pickup/Utilitario"," ",2,0,0,0,0,1,1,"-31.616661, -60.697848","S/D",,"SANTA FE","La Capital","S/D","S/D","I","S/D","S/D","S/D","S/D","S/D","S/D","S/D","S/D","S/D","S/D","S/D","Colisión","S/D","S/D","S/D","S/D"
2015,8246,26/10/2015,"Lunes",0,23:45:00,,"0.0",2,"Moto/Ciclomotor,Automóvil","Albert Sabin Y Casilda",3,1,0,0,2,0,0,,"Calle",,"ROSARIO","Rosario","Asfalto","S/D","II","Dentro","Urbana","S/D","S/D","Intersección","S/D","S/D","Nocturna","S/D","S/D","S/D","Colisión","S/D","S/D","S/D","S/D"
2015,8247,26/10/2015,"Lunes",0,17:00:00,,"0.0",2,"Bicicleta,Automóvil","Av. Luis Carballo Y Rawson Bis",2,1,0,0,0,0,1,,"Calle",,"ROSARIO","Rosario","Asfalto","S/D","II","Dentro","Urbana","S/D","S/D","Intersección","S/D","S/D","Diurna","S/D","S/D","S/D","Atropello","S/D","S/D","S/D","S/D"
2015,8248,23/10/2015,"Viernes",0,23:00:00,,"0.0",2,"Automóvil,Automóvil","Av. Alberdi Bis Y Gorriti",2,1,0,0,1,0,0,,"Calle",,"ROSARIO","Rosario","Asfalto","S/D","II","Dentro","Urbana","S/D","S/D","Intersección","S/D","S/D","Nocturna","S/D","S/D","S/D","Colisión","S/D","S/D","S/D","S/D"
2015,8249,26/10/2015,"Lunes",0,08:00:00,,"0.0",2,"Moto/Ciclomotor,Automóvil","Albert Sabin Y Don Bosco",3,1,0,0,2,0,0,,"Calle",,"ROSARIO","Rosario","Asfalto","S/D","II","Dentro","Urbana","S/D","S/D","Intersección","S/D","S/D","Diurna","S/D","S/D","S/D","Colisión","S/D","S/D","S/D","S/D"
2015,8250,23/10/2015,"Viernes",0,23:45:00,,"0.0",2,"Moto/Ciclomotor,Automóvil","Bv. Avellaneda Y Velez Sarsfield",3,2,0,0,1,0,0,,"Calle",,"ROSARIO","Rosario","Asfalto","S/D","II","Dentro","Urbana","S/D","S/D","Intersección","S/D","S/D","Nocturna","S/D","S/D","S/D","Colisión","S/D","S/D","S/D","S/D"
2015,8251,28/08/2015,"Viernes",0,13:00:00,"Ruta Nacional 34","295.0",3,"Pickup/Utilitario,Camión,Camión"," ",3,0,0,0,0,1,2,"-30.639407, -61.624900","Ruta",34,"LAS PALMERAS","San Cristóbal","Asfalto","S/D","XIII","S/D","Rural","S/D","S/D","S/D","S/D","S/D","Diurna","S/D","Múltiple","S/D","Colisión","S/D","S/D","S/D","S/D"
2015,8252,03/10/2015,"Sabado",0,01:00:00,,"0.0",2,"Automóvil,Moto/Ciclomotor","Montes Carballo 200",2,1,0,0,1,0,0,,"Calle",,"ROSARIO","Rosario","Asfalto","S/D","II","Dentro","Urbana","S/D","S/D","Recta","S/D","S/D","Nocturna","S/D","S/D","S/D","Colisión","S/D","S/D","S/D","S/D"
2015,8253,08/10/2015,"Jueves",0,07:35:00,,"0.0",2,"Automóvil,Automóvil","Albert Sabin Y Mar del Plata",2,1,0,0,1,0,0,,"Calle",,"ROSARIO","Rosario","Asfalto","S/D","II","Dentro","Urbana","S/D","S/D","Intersección","S/D","S/D","Diurna","S/D","S/D","S/D","Colisión","S/D","S/D","S/D","S/D"
2015,8254,11/10/2015,"Domingo",0,23:15:00,,"0.0",2,"Automóvil,Moto/Ciclomotor","Av. Luis Carballo Y Echeverria Bis",2,1,0,0,1,0,0,,"Calle",,"ROSARIO","Rosario","Asfalto","S/D","II","Dentro","Urbana","S/D","S/D","Intersección","S/D","S/D","Nocturna","S/D","S/D","S/D","Colisión","S/D","S/D","S/D","S/D"
2015,8255,15/10/2015,"Jueves",0,07:30:00,,"0.0",2,"Automóvil,Pickup/Utilitario","Av. Luis Carballo Y R.de Escalada",2,1,0,0,1,0,0,,"Calle",,"ROSARIO","Rosario","Asfalto","S/D","II","Dentro","Urbana","S/D","S/D","Otro","S/D","S/D","Diurna","S/D","S/D","S/D","Colisión","S/D","S/D","S/D","S/D"
2015,8256,15/10/2015,"Jueves",0,19:40:00,,"0.0",2,"Moto/Ciclomotor,Taxi/Remis","Albert Sabin Y Bv. Avellaneda",2,1,0,0,1,0,0,,"Avenida",,"ROSARIO","Rosario","Asfalto","S/D","II","Dentro","Urbana","S/D","S/D","Intersección","S/D","S/D","Atardecer","S/D","S/D","S/D","Colisión","S/D","S/D","S/D","S/D"
2015,8257,04/08/2015,"Martes",0,14:20:00,,"0.0",2,"Moto/Ciclomotor,Camión","Urquiza Y Mitre",3,1,0,0,1,1,0,"-32.144187, -61.982557","Calle",,"PIAMONTE","San Martín","S/D","S/D","XVIII","Dentro","Urbana","S/D","S/D","Intersección","S/D","S/D","Diurna","S/D","S/D","S/D","Colisión","S/D","S/D","S/D","S/D"
2015,8258,16/10/2015,"Viernes",0,13:00:00,,"0.0",2,"Automóvil,Automóvil","Casilda Y Stephenson",4,2,0,0,2,0,0,,"Calle",,"ROSARIO","Rosario","Asfalto","S/D","II","Dentro","Urbana","S/D","S/D","Intersección","S/D","S/D","Diurna","S/D","S/D","S/D","Colisión","S/D","S/D","S/D","S/D"
2015,8259,29/08/2015,"Sabado",0,13:50:00,,"0.0",2,"Peatón,Transporte de Pasajeros Urbano (> 8 asientos)","Cullen Y Ugarte 3000",2,0,0,0,1,1,0,"-32.877932, -60.728043","Calle",,"ROSARIO","Rosario","Asfalto","S/D","II","S/D","Urbana","S/D","S/D","Intersección","Bueno","Buena","Diurna","S/D","S/D","S/D","Atropello","Ninguna","S/D","S/D","S/D"
2015,8260,18/10/2015,"Domingo",0,13:45:00,,"0.0",2,"Moto/Ciclomotor,Taxi/Remis","Av. Provincias Unidas Y Av. Sorrento",2,1,0,0,1,0,0,,"Avenida",,"ROSARIO","Rosario","S/D","S/D","II","S/D","Urbana","S/D","S/D","S/D","S/D","S/D","Diurna","S/D","S/D","S/D","Colisión","S/D","S/D","S/D","S/D"
2015,8261,05/08/2015,"Miercoles",0,16:30:00,"Autopista Nacional A008","0.0",1,"Automóvil","Av. Circunvalacion Y Ludueña",1,0,0,0,0,1,0,"-32.901808, -60.723301","Autopista","A008","ROSARIO","Rosario","S/D","S/D","II","Dentro","Urbana","S/D","S/D","Intersección","S/D","S/D","Diurna","S/D","Contra objeto fijo","S/D","Colisión,Vuelco","S/D","S/D","S/D","S/D"
2015,8262,30/08/2015,"Domingo",0,16:15:00,"Ruta Nacional 33","709.0",1,"Moto/Ciclomotor"," ",3,0,0,0,2,1,0,"-33.2785684,-61.3873156","Ruta",33,"CHABAS","Caseros","Asfalto","Natural","IV","S/D","Rural","S/D","S/D","S/D","S/D","Buena","Diurna","Buen Tiempo","S/D","S/D","Caída ocupante,Atropello","S/D","S/D","Línea divisoria pintada","S/D"
2015,8263,05/10/2015,"Lunes",0,13:00:00,,"0.0",2,"Automóvil,Automóvil","Jose Ingenieros Y Mariano Cabal Bis",2,1,0,0,1,0,0,,"Calle",,"ROSARIO","Rosario","Asfalto","No existe","II","S/D","Urbana","S/D","No existe","Intersección","S/D","Buena","Diurna","S/D","S/D","S/D","Colisión","S/D","S/D","S/D","S/D"
2015,8264,12/10/2015,"Lunes",0,,,"0.0",2,"Moto/Ciclomotor,Taxi/Remis","J.J.Paso 6500",2,1,0,0,1,0,0,,"Calle",,"ROSARIO","Rosario","S/D","S/D","II","S/D","Urbana","S/D","S/D","S/D","S/D","S/D","S/D","S/D","S/D","S/D","Colisión","S/D","S/D","S/D","S/D"
2015,8265,27/05/2015,"Miercoles",0,,,"0.0",1,"Otros"," ",1,0,0,0,0,1,0,"-33.746411, -61.968034","S/D",,"VENADO TUERTO","General López","S/D","S/D","VIII","S/D","S/D","S/D","S/D","S/D","S/D","S/D","S/D","S/D","S/D","S/D","S/D","S/D","S/D","S/D","S/D"
2015,8266,07/08/2015,"Viernes",0,19:00:00,"Ruta Nacional 11","408.0",1,"Tractor"," ",3,0,1,0,2,0,0,,"Ruta",11,"AROCENA","San Jerónimo","S/D","Natural","XV","Dentro","Rural","S/D","S/D","S/D","S/D","S/D","Atardecer","S/D","S/D","S/D","S/D","S/D","S/D","S/D","S/D"
2015,8267,29/05/2015,"Viernes",0,,,"0.0",1,"Otros"," ",1,0,0,0,0,1,0,"-30.577640, -60.468069","S/D",,"MARCELINO ESCALADA","San Justo","S/D","S/D","XVI","S/D","S/D","S/D","S/D","S/D","S/D","S/D","S/D","S/D","S/D","S/D","S/D","S/D","S/D","S/D","S/D"
2015,8268,03/10/2015,"Sabado",0,17:30:00,,"0.0",2,"Moto/Ciclomotor,Taxi/Remis","Campbell Y J.J.Paso",3,1,0,0,2,0,0,,"Calle",,"ROSARIO","Rosario","Asfalto","No existe","II","S/D","Urbana","S/D","No existe","Intersección","Bueno","S/D","Diurna","S/D","S/D","S/D","Colisión","S/D","S/D","S/D","S/D"
2015,8269,31/10/2015,"Sabado",0,12:30:00,,"0.0",2,"Moto/Ciclomotor,Automóvil","Iguazu ",2,1,0,0,1,0,0,,"Calle",,"ROSARIO","Rosario","Asfalto","S/D","II","Dentro","Urbana","S/D","S/D","Intersección","S/D","S/D","Diurna","S/D","S/D","S/D","Colisión","S/D","S/D","S/D","S/D"
2015,8270,28/10/2015,"Miercoles",0,12:20:00,,"0.0",2,"Moto/Ciclomotor,Automóvil","Vera Mujica Y Pje. Arenales",2,1,0,0,1,0,0,,"Calle",,"ROSARIO","Rosario","Asfalto","S/D","II","Dentro","Urbana","S/D","S/D","Intersección","Bueno","S/D","Diurna","S/D","S/D","S/D","Colisión","S/D","S/D","S/D","S/D"
2015,8271,06/10/2015,"Martes",0,12:50:00,,"0.0",2,"Automóvil,Moto/Ciclomotor","Brown Y Rodriguez",2,1,0,0,1,0,0,,"Calle",,"ROSARIO","Rosario","Asfalto","No existe","II","Dentro","Urbana","Ninguna","No existe","Recta","S/D","Buena","Diurna","Buen Tiempo","S/D","S/D","Colisión","S/D","Faltante","Ninguna","Sin restricción"
2015,8272,10/08/2015,"Lunes",0,,,"0.0",2,"Peatón,Moto/Ciclomotor","Pte.Roca 2400",2,0,0,0,1,1,0,"-32.9640755, -60.6499869","Calle",,"ROSARIO","Rosario","Asfalto","S/D","II","S/D","Urbana","S/D","S/D","Recta","S/D","S/D","Diurna","S/D","S/D","S/D","Atropello","S/D","S/D","S/D","S/D"
2015,8273,07/10/2015,"Miercoles",0,12:30:00,,"0.0",2,"Automóvil,Moto/Ciclomotor","San Lorenzo Y Rodriguez",2,1,0,0,1,0,0,,"Calle",,"ROSARIO","Rosario","S/D","No existe","II","Dentro","Urbana","Ninguna","No existe","Recta","S/D","Buena","Diurna","Buen Tiempo","S/D","S/D","Colisión","S/D","Faltante","Ninguna","Sin restricción"
2015,8274,09/10/2015,"Viernes",0,14:30:00,,"0.0",2,"Automóvil,Moto/Ciclomotor","Urquiza Y San Nicolas",2,1,0,0,1,0,0,,"Calle",,"ROSARIO","Rosario","Asfalto","No existe","II","Dentro","Urbana","Ninguna","No existe","Recta","S/D","Buena","Diurna","Buen Tiempo","S/D","S/D","S/D","S/D","S/D","Ninguna","Sin restricción"
2015,8275,14/10/2015,"Miercoles",0,15:00:00,,"0.0",2,"Moto/Ciclomotor,Automóvil","San Lorenzo Y Cafferata",3,1,0,0,2,0,0,,"Calle",,"ROSARIO","Rosario","Asfalto","No existe","II","Dentro","Urbana","Ninguna","No existe","Recta","Bueno","Buena","Diurna","Buen Tiempo","S/D","S/D","Colisión","S/D","Vertical","S/D","Sin restricción"
2015,8276,18/10/2015,"Domingo",0,10:30:00,,"0.0",2,"Automóvil,Moto/Ciclomotor","Cafferata 600",3,1,0,0,2,0,0,,"Calle",,"ROSARIO","Rosario","Asfalto","No existe","II","Dentro","Urbana","Ninguna","No existe","Recta","Bueno","Buena","Diurna","Buen Tiempo","S/D","S/D","Colisión","S/D","S/D","Ninguna","Sin restricción"
2015,8277,21/10/2015,"Miercoles",0,13:45:00,,"0.0",2,"Vehículo Oficial,Pickup/Utilitario","Tucuman Y San Nicolas",3,2,0,0,1,0,0,,"Calle",,"ROSARIO","Rosario","Asfalto","No existe","II","Dentro","Urbana","Ninguna","No existe","Recta","S/D","Buena","Diurna","Buen Tiempo","S/D","S/D","Colisión","S/D","Faltante","Ninguna","Sin restricción"
2015,8278,26/10/2015,"Lunes",0,18:10:00,,"0.0",2,"Automóvil,Automóvil","Ricchieri Y Av. Del Valle",3,2,0,0,1,0,0,,"Calle",,"ROSARIO","Rosario","Asfalto","No existe","II","Dentro","Urbana","Ninguna","No existe","Recta","Bueno","Buena","Diurna","Buen Tiempo","S/D","S/D","Colisión","S/D","Faltante","Ninguna","Sin restricción"
2015,8279,22/10/2015,"Jueves",0,,,"0.0",2,"Moto/Ciclomotor,Automóvil","Pasco Y P.L.Funes",2,1,0,0,1,0,0,,"Calle",,"ROSARIO","Rosario","Asfalto","No existe","II","Dentro","S/D","Ninguna","No existe","Intersección","Bueno","S/D","S/D","Buen Tiempo","Lateral","S/D","Colisión","Otro","Faltante","S/D","Sin restricción"
2015,8280,08/11/2015,"Domingo",0,21:00:00,"Ruta Provincial 18","6.0",3,"Automóvil,Automóvil,Automóvil"," ",7,3,0,0,4,0,0,,"Ruta",18,"PIÑERO","Rosario","Asfalto","Ripio","II","Dentro","Rural","Ninguna","No existe","Recta","Bueno","Reducida","Nocturna","Buen Tiempo","Múltiple","S/D","Colisión","S/D","Horizontal","Línea divisoria pintada","Sin restricción"
2015,8281,31/10/2015,"Sabado",0,,,"0.0",2,"Moto/Ciclomotor,Moto/Ciclomotor","Guatemala Y Pje. Estudiante Aguilar",2,1,0,0,1,0,0,,"Calle",,"ROSARIO","Rosario","S/D","S/D","II","Dentro","S/D","S/D","S/D","S/D","S/D","S/D","S/D","S/D","S/D","S/D","S/D","S/D","S/D","S/D","S/D"
2015,8282,27/10/2015,"Martes",0,18:30:00,,"0.0",2,"Otros,Moto/Ciclomotor","CAMINO NUEVO A SOLDINI ",2,1,0,0,0,0,1,,"Calle",,"ROSARIO","Rosario","S/D","S/D","II","Dentro","Urbana","S/D","S/D","S/D","S/D","S/D","Diurna","S/D","S/D","S/D","Colisión","S/D","S/D","S/D","S/D"
2015,8283,05/10/2015,"Lunes",0,13:30:00,,"0.0",2,"Pickup/Utilitario,Peatón","P Opicci Y Pje 2",2,1,0,0,1,0,0,,"Calle",,"VILLA GOBERNADOR GÁLVEZ","Rosario","Asfalto","No existe","II","Dentro","Urbana","Ninguna","No existe","Recta","Bueno","Buena","Diurna","Buen Tiempo","S/D","S/D","Atropello","S/D","Faltante","Ninguna","Sin restricción"
2015,8284,17/10/2015,"Sabado",0,17:00:00,,"0.0",2,"Pickup/Utilitario,Moto/Ciclomotor","Bomberos Voluntarios Y Lavalle",2,1,0,0,1,0,0,,"Calle",,"VILLA GOBERNADOR GÁLVEZ","Rosario","Asfalto","No existe","II","Dentro","Urbana","Ninguna","No existe","Intersección","Bueno","Buena","Diurna","Buen Tiempo","Lateral","S/D","Colisión","Ninguna","Faltante","Ninguna","Sin restricción"
2015,8285,20/10/2015,"Martes",0,07:20:00,,"0.0",2,"Bicicleta,Otros","Mitre Y Av Filipini",2,1,0,0,0,0,1,,"Calle",,"VILLA GOBERNADOR GÁLVEZ","Rosario","S/D","S/D","II","Dentro","Urbana","S/D","S/D","Intersección","S/D","S/D","Diurna","S/D","S/D","S/D","Atropello","S/D","S/D","S/D","Sin restricción"
2015,8286,01/10/2015,"Jueves",0,,,"0.0",1,"Moto/Ciclomotor","Av. Provincias Unidas Y Ituzaingo",2,1,0,0,1,0,0,,"Calle",,"ROSARIO","Rosario","Asfalto","No existe","II","Dentro","S/D","Ninguna","No existe","Intersección","Bueno","S/D","S/D","Buen Tiempo","Lateral","S/D","Colisión","Otro","S/D","Ninguna","Sin restricción"
2015,8287,14/10/2015,"Miercoles",0,19:00:00,,"0.0",2,"Automóvil,Moto/Ciclomotor","Pasteur Y Av Juan Domingo Peron",3,1,0,0,2,0,0,,"Calle",,"VILLA GOBERNADOR GÁLVEZ","Rosario","Asfalto","No existe","II","Dentro","Urbana","Ninguna","No funciona","Recta","Con baches","Buena","Diurna","Buen Tiempo","De alcance","S/D","Colisión","S/D","Faltante","Ninguna","Sin restricción"
2015,8288,22/10/2015,"Jueves",0,,,"0.0",2,"Moto/Ciclomotor,Automóvil","Av. Provincias Unidas Y Cerrito",2,1,0,0,1,0,0,,"Calle",,"ROSARIO","Rosario","Asfalto","No existe","II","Dentro","S/D","Ninguna","No existe","Intersección","Bueno","S/D","S/D","Buen Tiempo","Lateral","S/D","Colisión","Otro","Faltante","Ninguna","Sin restricción"
2015,8289,02/10/2015,"Viernes",0,09:20:00,,"0.0",2,"Automóvil,Moto/Ciclomotor","Av. Ntra.Sra.del Rosario Y Av. Corrientes",2,1,0,0,1,0,0,,"Calle",,"ROSARIO","Rosario","Asfalto","No existe","II","Dentro","Urbana","Ninguna","Funciona","Intersección","Bueno","Buena","Diurna","Buen Tiempo","S/D","S/D","Colisión","S/D","S/D","Ninguna","Sin restricción"
2015,8290,07/08/2015,"Viernes",0,20:55:00,"Ruta Nacional 9","385.0",2,"Moto/Ciclomotor,Pickup/Utilitario"," ",2,0,0,0,1,1,0,"-32.796218, -61.476293","Ruta",9,"CAÑADA DE GÓMEZ","Iriondo","S/D","Natural","X","Dentro","Rural","S/D","S/D","S/D","S/D","S/D","Nocturna","S/D","S/D","S/D","Colisión","S/D","S/D","S/D","S/D"
2015,8291,12/10/2015,"Lunes",0,12:30:00,,"0.0",2,"Moto/Ciclomotor,Pickup/Utilitario","Av. Ovidio Lagos 7300",2,1,0,0,1,0,0,,"Calle",,"ROSARIO","Rosario","Asfalto","S/D","II","Dentro","Urbana","Ninguna","S/D","Recta","Bueno","S/D","Diurna","Buen Tiempo","De alcance","S/D","Colisión","S/D","Faltante","Cordón divisorio","Sin restricción"
2015,8292,11/10/2015,"Domingo",0,18:00:00,,"0.0",2,"Moto/Ciclomotor,Moto/Ciclomotor","San Juan Y F.More",2,1,0,0,1,0,0,,"Calle",,"ROSARIO","Rosario","Asfalto","S/D","II","Dentro","Urbana","Ninguna","S/D","Recta","S/D","S/D","S/D","Buen Tiempo","Lateral","S/D","Colisión","S/D","Faltante","Ninguna","Sin restricción"