"anio_acci","nro_acci","fecha","desc_dia","fecha_aprox","hora_aprox","desc_ruta","km","cant_participantes","desc_participante","calle_avenida_km","total","heridos_leves","heridos_graves","heridos_gravisimos","ilesos","fallecidos","sin_datos","posicion_XY","desc_tipo_via","desc_ruta_ori","desc_loc","desc_dpto","desc_tipo_calzada","desc_tipo_banquina","desc_unidad_regional","desc_lugar_calzada","desc_zona","desc_prioridad","desc_estado_semaforo","desc_lugar_via","desc_estado_via","desc_estado_visibilidad","desc_luminosidad","desc_estado_clima","desc_tipo_colision","desc_tipo_atropello","desc_tipo_hecho","desc_pres_calzada","desc_senializacion","desc_separacion_via","desc_restriccion"
2015,8293,01/10/2015,"Jueves",0,11:20:00,,"0.0",2,"Automóvil,Moto/Ciclomotor","Bv San diego ",3,2,0,0,1,0,0,,"Calle",,"VILLA GOBERNADOR GÁLVEZ","Rosario","Asfalto","No existe","II","S/D","Urbana","Ninguna","No existe","Recta","Bueno","Buena","Diurna","Buen Tiempo","Lateral","S/D","Colisión","Ninguna","Faltante","Ninguna","Sin restricción"
2015,8294,17/08/2015,"Lunes",0,08:40:00,"Ruta Provincial 14","0.0",2,"Automóvil,Camión"," ",2,1,0,0,0,1,0,"-34.183183, -62.020446","Ruta",14,"CHRISTOPHERSEN","General López","S/D","S/D","VIII","S/D","S/D","S/D","S/D","Recta","S/D","Reducida","S/D","Niebla","Frontal","S/D","Colisión","S/D","S/D","S/D","S/D"
2015,8295,01/02/2015,"Domingo",0,10:00:00,,"0.0",2,"Automóvil,Automóvil","Pasteur ",3,1,0,0,2,0,0,,"Calle",,"VILLA GOBERNADOR GÁLVEZ","Rosario","Asfalto","No existe","II","S/D","Urbana","Ninguna","No existe","Recta","Bueno","Buena","Diurna","Buen Tiempo","Lateral","S/D","Colisión","Ninguna","Faltante","Ninguna","Sin restricción"
2015,8296,08/10/2015,"Jueves",0,13:00:00,,"0.0",2,"Automóvil,Automóvil","Av. Provincias Unidas Y Riobamba",2,1,0,0,1,0,0,,"Calle",,"ROSARIO","Rosario","Asfalto","No existe","II","Dentro","Urbana","S/D","No existe","Intersección","Bueno","S/D","Diurna","S/D","Lateral","S/D","Colisión","S/D","Faltante","S/D","S/D"
2015,8297,05/10/2015,"Lunes",0,13:20:00,,"0.0",2,"Peatón,Pickup/Utilitario","P Opicci Y Pje 2",2,1,0,0,1,0,0,,"Calle",,"VILLA GOBERNADOR GÁLVEZ","Rosario","Asfalto","S/D","II","S/D","Urbana","Ninguna","S/D","Intersección","Con baches","Buena","Diurna","Buen Tiempo","S/D","S/D","Atropello","Ninguna","Faltante","Ninguna","Sin restricción"
2015,8298,08/10/2015,"Jueves",0,16:00:00,,"0.0",2,"Moto/Ciclomotor,Automóvil","Derqui Y Bolivia",2,1,0,0,1,0,0,,"Calle",,"ROSARIO","Rosario","Asfalto","S/D","II","Dentro","Urbana","S/D","S/D","Intersección","S/D","S/D","Diurna","Buen Tiempo","S/D","S/D","Colisión","S/D","S/D","S/D","S/D"
2015,8299,06/10/2015,"Martes",0,08:00:00,,"0.0",2,"Moto/Ciclomotor,Automóvil","Av. Pellegrini ",2,1,0,0,1,0,0,,"Calle",,"ROSARIO","Rosario","Asfalto","S/D","II","Dentro","Urbana","S/D","S/D","Intersección","Bueno","S/D","Diurna","S/D","S/D","S/D","Colisión","S/D","Faltante","S/D","Sin restricción"
2015,8300,15/10/2015,"Jueves",0,12:50:00,,"0.0",1,"Peatón","Av Juan Domingo Peron Y Maipu",2,1,0,0,1,0,0,,"S/D",,"VILLA GOBERNADOR GÁLVEZ","Rosario","Asfalto","No existe","II","S/D","Urbana","Ninguna","No existe","Recta","Bueno","Buena","Diurna","Buen Tiempo","S/D","S/D","Atropello","Ninguna","Faltante","Ninguna","Sin restricción"
2015,8301,05/10/2015,"Lunes",0,15:30:00,,"0.0",2,"Moto/Ciclomotor,Automóvil","Av. Provincias Unidas Y Zuviria",2,1,0,0,1,0,0,,"Calle",,"ROSARIO","Rosario","Asfalto","No existe","II","Dentro","Urbana","Ninguna","No existe","Intersección","Bueno","Buena","Diurna","Buen Tiempo","Lateral","S/D","Colisión","S/D","Faltante","Ninguna","Sin restricción"
2015,8302,08/08/2015,"Sabado",0,06:25:00,,"0.0",1,"Moto/Ciclomotor","Av. Illia 1600",1,0,0,0,0,1,0,"-32.935267, -60.643349","Avenida",,"ROSARIO","Rosario","S/D","S/D","II","S/D","Urbana","S/D","S/D","S/D","S/D","S/D","Amanecer","S/D","S/D","S/D","S/D","S/D","S/D","S/D","S/D"
2015,8303,23/10/2015,"Viernes",0,,,"0.0",2,"Peatón,Moto/Ciclomotor","P.L.Funes 2200",2,1,0,0,1,0,0,,"Calle",,"ROSARIO","Rosario","Asfalto","No existe","II","Dentro","Urbana","S/D","No existe","Intersección","Bueno","Buena","Diurna","Buen Tiempo","Lateral","S/D","Atropello","S/D","Faltante","S/D","Sin restricción"
2015,8304,25/10/2015,"Domingo",0,,,"0.0",2,"Moto/Ciclomotor,Automóvil","Av. Pellegrini Y Garzon",2,1,0,0,1,0,0,,"Calle",,"ROSARIO","Rosario","Asfalto","S/D","II","Dentro","Urbana","S/D","S/D","Intersección","Bueno","Buena","Diurna","Buen Tiempo","Lateral","S/D","Colisión","S/D","S/D","Ninguna","Sin restricción"
2015,8305,09/08/2015,"Domingo",0,23:15:00,,"0.0",1,"Moto/Ciclomotor","Calle 75-Lisandro de la Torre Y Calle 12 San Martin",2,1,0,0,0,1,0,"-29.172816, -59.646347","Calle",,"RECONQUISTA","General Obligado","S/D","S/D","IX","Dentro","Urbana","S/D","S/D","S/D","S/D","S/D","Nocturna","S/D","S/D","S/D","Caída ocupante","S/D","S/D","S/D","S/D"
2015,8306,24/10/2015,"Sabado",0,14:30:00,,"0.0",2,"Moto/Ciclomotor,Automóvil","Buenos Aires Y Patricias Argentinas",2,1,0,0,1,0,0,,"Calle",,"ROSARIO","Rosario","Asfalto","No existe","II","Dentro","Urbana","Ninguna","No existe","Recta","Deteriorada","Buena","Diurna","S/D","De alcance","S/D","Colisión","Ninguna","Horizontal","S/D","Sin restricción"
2015,8307,22/10/2015,"Jueves",0,,,"0.0",2,"Moto/Ciclomotor,Automóvil","Santa Fe Y Campbell",2,1,0,0,1,0,0,,"Calle",,"ROSARIO","Rosario","Asfalto","No existe","II","Dentro","Urbana","S/D","No existe","Intersección","S/D","Buena","Diurna","Buen Tiempo","Frontal","S/D","Colisión","S/D","Horizontal","S/D","S/D"
2015,8308,27/10/2015,"Martes",0,,,"0.0",2,"Moto/Ciclomotor,Automóvil","Av. Provincias Unidas Y Mendoza",2,1,0,0,1,0,0,,"Calle",,"ROSARIO","Rosario","Asfalto","No existe","II","Dentro","Urbana","Ninguna","S/D","Intersección","Bueno","Buena","Diurna","Buen Tiempo","S/D","S/D","Colisión","S/D","S/D","Ninguna","S/D"
2015,8309,23/10/2015,"Viernes",0,14:20:00,,"0.0",2,"Bicicleta,Automóvil","Av. Arijon Y Entre Rios",2,1,0,0,1,0,0,,"Avenida",,"ROSARIO","Rosario","Asfalto","No existe","II","Dentro","Urbana","Ninguna","Funciona","Recta","Bueno","Buena","Diurna","Otro","S/D","S/D","Atropello","Ninguna","Horizontal","Línea divisoria pintada","Sin restricción"
2015,8310,27/10/2015,"Martes",0,,,"0.0",2,"Moto/Ciclomotor,Automóvil","San Luis Y F.More",2,1,0,0,1,0,0,,"Calle",,"ROSARIO","Rosario","Asfalto","S/D","II","Dentro","Urbana","Ninguna","No existe","Intersección","Bueno","Buena","Diurna","Buen Tiempo","S/D","S/D","Colisión","S/D","Horizontal","Ninguna","Sin restricción"
2015,8311,17/10/2015,"Sabado",0,18:20:00,,"0.0",2,"Moto/Ciclomotor,Automóvil","Av. Arijon Y Mitre",3,1,0,0,2,0,0,,"Avenida",,"ROSARIO","Rosario","Asfalto","No existe","II","Dentro","Urbana","Ninguna","Funciona","Recta","Bueno","Buena","Atardecer","Otro","Otro","S/D","Colisión","Ninguna","Horizontal","Línea divisoria pintada","Sin restricción"
2015,8312,28/10/2015,"Miercoles",0,,,"0.0",2,"Automóvil,Automóvil","Solis Y White",2,1,0,0,1,0,0,,"Calle",,"ROSARIO","Rosario","Asfalto","No existe","II","Dentro","Urbana","Ninguna","No existe","Intersección","S/D","Buena","Diurna","Buen Tiempo","Lateral","S/D","Colisión","S/D","S/D","Ninguna","Sin restricción"
2015,8313,03/04/2015,"Viernes",0,,"Ruta Nacional A007","0.0",1,"Automóvil","CIRCUNVALACION ALTURA HIPODROMO ",3,3,0,0,0,0,0,,"Ruta","A007","SANTA FE","La Capital","S/D","S/D","I","S/D","S/D","S/D","S/D","S/D","S/D","S/D","S/D","S/D","Contra objeto fijo","S/D","Colisión","S/D","S/D","S/D","S/D"
2015,8314,29/07/2015,"Miercoles",0,,,"0.0",1,"Camión"," ",1,1,0,0,0,0,0,,"S/D",,"LAS AVISPAS","San Cristóbal","S/D","S/D","XIII","S/D","S/D","S/D","S/D","S/D","S/D","S/D","S/D","S/D","S/D","S/D","Vuelco","S/D","S/D","S/D","S/D"
2015,8315,11/07/2015,"Sabado",0,,"Ruta Nacional 11","909.0",1,"Automóvil"," ",5,5,0,0,0,0,0,,"Ruta",11,"EL RABÓN","General Obligado","S/D","S/D","IX","S/D","S/D","S/D","S/D","S/D","S/D","S/D","S/D","S/D","S/D","S/D","Despiste","S/D","S/D","S/D","S/D"
2015,8316,11/10/2015,"Domingo",0,17:15:00,,"0.0",2,"Bicicleta,Moto/Ciclomotor","Av. Battle y Ordoñez Y Buenos Aires",2,1,0,0,1,0,0,,"Calle",,"ROSARIO","Rosario","Asfalto","No existe","II","Dentro","Urbana","Ninguna","No existe","Intersección","Bueno","Buena","Atardecer","Otro","Otro","S/D","Atropello","Ninguna","Horizontal","Línea divisoria pintada","Sin restricción"
2015,8317,08/10/2015,"Jueves",0,23:45:00,,"0.0",2,"Automóvil,Automóvil","Av. Circunvalacion Y San Martin",2,1,0,0,1,0,0,,"Avenida",,"ROSARIO","Rosario","Asfalto","Pavimento","II","Dentro","Urbana","Ninguna","No existe","Recta","Bueno","Reducida","Nocturna","Otro","Otro","S/D","Colisión","Ninguna","Faltante","Guardarrail","Sin restricción"
2015,8318,04/10/2015,"Domingo",0,15:30:00,,"0.0",2,"Moto/Ciclomotor,Moto/Ciclomotor","Ceibo Y Pte.Roca",2,0,1,0,1,0,0,,"Calle",,"ROSARIO","Rosario","Asfalto","No existe","II","Dentro","Urbana","Ninguna","No existe","Intersección","Bueno","Buena","Diurna","Otro","Lateral","S/D","Colisión","Ninguna","Horizontal","Ninguna","Sin restricción"
2015,8319,29/10/2015,"Jueves",0,,,"0.0",2,"Peatón,Automóvil","Cordoba Y Guatemala",2,1,0,0,1,0,0,,"Calle",,"ROSARIO","Rosario","Asfalto","No existe","II","Dentro","Urbana","Ninguna","No existe","Intersección","Bueno","S/D","S/D","Buen Tiempo","S/D","S/D","Atropello","Otro","Faltante","Ninguna","Sin restricción"
2015,8320,01/10/2015,"Jueves",0,09:10:00,,"0.0",2,"Bicicleta,Automóvil","Liniers Y Riobamba",2,1,0,0,1,0,0,,"Calle",,"ROSARIO","Rosario","Asfalto","No existe","II","Dentro","Urbana","Ninguna","No existe","Intersección","Bueno","S/D","Diurna","Buen Tiempo","Otro","S/D","Atropello","Otro","Faltante","Ninguna","Sin restricción"
2015,8321,01/10/2015,"Jueves",0,19:40:00,,"0.0",1,"Moto/Ciclomotor","J.J.Paso Y Magallanes",2,2,0,0,0,0,0,,"Calle",,"ROSARIO","Rosario","Asfalto","No existe","II","S/D","Urbana","Otra Señal","No existe","Recta","Bueno","S/D","Atardecer","S/D","Frontal","S/D","Colisión","S/D","S/D","Línea divisoria pintada","Sin restricción"
2015,8322,25/09/2015,"Viernes",0,16:15:00,,"0.0",2,"Moto/Ciclomotor,Automóvil","San Martin Y Cabildo",2,1,0,0,1,0,0,,"Avenida",,"ROSARIO","Rosario","Asfalto","No existe","II","Dentro","Urbana","Ninguna","No existe","Intersección","Bueno","Buena","Diurna","Viento Fuerte","Otro","S/D","Colisión","Ninguna","Horizontal","Cordón divisorio","Sin restricción"
2015,8323,03/08/2015,"Lunes",0,19:15:00,,"0.0",2,"Automóvil,Moto/Ciclomotor","Garay Y Bv. Avellaneda",2,1,0,0,1,0,0,,"Calle",,"ROSARIO","Rosario","S/D","S/D","II","Dentro","Urbana","S/D","S/D","S/D","S/D","S/D","Atardecer","S/D","S/D","S/D","Colisión","S/D","S/D","S/D","S/D"
2015,8324,20/08/2015,"Jueves",0,13:10:00,,"0.0",2,"Moto/Ciclomotor,Pickup/Utilitario","Av 18 de Junio Y Sarmiento",2,0,0,1,1,0,0,,"Avenida",,"MALABRIGO","General Obligado","S/D","S/D","IX","Dentro","Urbana","S/D","S/D","Intersección","S/D","S/D","Diurna","S/D","S/D","S/D","Colisión","S/D","S/D","S/D","S/D"
2015,8325,30/09/2015,"Miercoles",0,07:30:00,,"0.0",2,"Automóvil,Peatón","Av. Battle y Ordoñez Y Arteaga",2,0,1,0,1,0,0,,"Calle",,"ROSARIO","Rosario","Asfalto","No existe","II","Dentro","Urbana","Ninguna","No existe","Recta","Bueno","Buena","Diurna","Otro","Otro","S/D","Atropello","Ninguna","Horizontal","Ninguna","Sin restricción"
2015,8326,07/10/2015,"Miercoles",0,06:55:00,,"0.0",2,"Moto/Ciclomotor,Automóvil","25 de Mayo Y Cordoba",2,1,0,0,1,0,0,,"Calle",,"VILLA GOBERNADOR GÁLVEZ","Rosario","Asfalto","Natural","II","S/D","Urbana","Ninguna","No existe","Recta","Bueno","Buena","Amanecer","Buen Tiempo","De alcance","S/D","Colisión","Ninguna","Faltante","Ninguna","Sin restricción"
2015,8327,24/10/2015,"Sabado",0,19:15:00,,"0.0",2,"Moto/Ciclomotor,Taxi/Remis","Av de Circunvalacion ",2,0,1,0,1,0,0,,"Avenida",,"VILLA GOBERNADOR GÁLVEZ","Rosario","Asfalto","No existe","II","S/D","Urbana","Ninguna","No existe","Recta","Bueno","Reducida","Atardecer","Buen Tiempo","S/D","S/D","Colisión","Ninguna","Faltante","Ninguna","Sin restricción"
2015,8328,23/08/2015,"Domingo",0,02:10:00,"Ruta Provincial 10","0.0",2,"Automóvil,Moto/Ciclomotor"," ",2,0,0,0,1,1,0,"-31.888494, -61.284458","Ruta",10,"LÓPEZ","San Jerónimo","S/D","S/D","XV","Dentro","Urbana","S/D","S/D","Recta","S/D","S/D","Nocturna","S/D","S/D","S/D","Colisión","S/D","S/D","S/D","S/D"
2015,8329,06/08/2015,"Jueves",0,20:00:00,"Autopista Provincial Brigadier E.López","153.0",1,"Automóvil"," ",1,1,0,0,0,0,0,,"Autopista","Brigadier E.López","SANTO TOMÉ","La Capital","Hormigón","Natural","I","Dentro","Urbana","S/D","No existe","S/D","Bueno","S/D","Nocturna","S/D","S/D","S/D","Vuelco","S/D","Horizontal,Vertical","Vegetación","S/D"
2015,8330,13/10/2015,"Martes",0,09:30:00,,"0.0",2,"Peatón,Camión","Av Juan Domingo Peron Y G Lopez",2,1,0,0,1,0,0,,"Calle",,"VILLA GOBERNADOR GÁLVEZ","Rosario","Asfalto","No existe","II","S/D","Urbana","Ninguna","No existe","Recta","Bueno","Buena","Diurna","Buen Tiempo","S/D","S/D","Atropello","Ninguna","Faltante","Ninguna","Sin restricción"
2015,8331,20/10/2015,"Martes",0,21:30:00,,"0.0",2,"Moto/Ciclomotor,Peatón","P Opicci 2300",2,1,0,0,1,0,0,,"Calle",,"VILLA GOBERNADOR GÁLVEZ","Rosario","Asfalto","Pavimento","II","S/D","Urbana","Ninguna","No existe","Recta","S/D","S/D","Nocturna","S/D","S/D","S/D","Atropello","Ninguna","Faltante","Ninguna","Sin restricción"
2015,8332,07/08/2015,"Viernes",0,12:15:00,"Ruta Nacional 8","0.0",2,"Automóvil,Automóvil","Ruta Nac 8 Y Vuelta de Obligado",2,2,0,0,0,0,0,,"Ruta",8,"VENADO TUERTO","General López","Hormigón,Tierra","Natural","VIII","Dentro","Urbana","Marca Vial","No existe","Intersección","S/D","Buena","Diurna","Buen Tiempo","S/D","S/D","Colisión","S/D","Horizontal,Vertical","Línea divisoria pintada","Sin restricción"
2015,8333,23/08/2015,"Domingo",0,20:30:00,,"0.0",2,"Camión,Bicicleta","J.B.Justo Y Barra",2,0,0,0,1,1,0,"-32.914777, -60.708196","Calle",,"ROSARIO","Rosario","S/D","S/D","II","Dentro","Urbana","S/D","S/D","Intersección","S/D","S/D","Nocturna","S/D","S/D","S/D","Atropello","S/D","S/D","S/D","S/D"
2015,8334,06/10/2015,"Martes",0,15:00:00,,"0.0",2,"Moto/Ciclomotor,Automóvil","Bv San diego Y Av Gral San Martin",2,1,0,0,1,0,0,,"Avenida",,"VILLA GOBERNADOR GÁLVEZ","Rosario","Asfalto","Pavimento","II","S/D","Urbana","Ninguna","No existe","Recta","Bueno","Buena","Diurna","Buen Tiempo","S/D","S/D","Colisión","Ninguna","Faltante","Ninguna","Sin restricción"
2015,8335,03/10/2015,"Sabado",0,02:55:00,,"0.0",2,"Automóvil,Automóvil","Av Juan Domingo Peron Y Pasteur",5,3,0,0,1,0,1,,"Calle",,"VILLA GOBERNADOR GÁLVEZ","Rosario","Asfalto","No existe","II","S/D","Urbana","Ninguna","No existe","Intersección","Bueno","S/D","Nocturna","S/D","S/D","S/D","Colisión","Ninguna","Faltante","Cordón divisorio","Sin restricción"
2015,8336,15/08/2015,"Sabado",0,,,"0.0",2,"Peatón,Automóvil","Bv. Rondeau Y Av. Puccio",2,1,0,0,1,0,0,,"Avenida",,"ROSARIO","Rosario","S/D","S/D","II","Dentro","Urbana","Semáforo","Funciona","Intersección","S/D","S/D","Diurna","S/D","S/D","S/D","Atropello","S/D","Horizontal,Vertical","S/D","S/D"
2015,8337,25/10/2015,"Domingo",0,21:10:00,,"0.0",2,"Moto/Ciclomotor,Automóvil","Soldado Aguirre Y Rosario",3,2,0,0,1,0,0,,"Calle",,"VILLA GOBERNADOR GÁLVEZ","Rosario","Asfalto","Pavimento","II","S/D","Urbana","Ninguna","No existe","Intersección","Bueno","S/D","Nocturna","S/D","S/D","S/D","Colisión","Ninguna","Faltante","Cordón divisorio","S/D"
2015,8338,21/10/2015,"Miercoles",0,18:20:00,,"0.0",2,"Peatón,Automóvil","Bv. Avellaneda Y Grondona",2,1,0,0,1,0,0,,"Calle",,"ROSARIO","Rosario","Asfalto","S/D","II","S/D","Urbana","S/D","S/D","Intersección","Bueno","S/D","Atardecer","Buen Tiempo","S/D","S/D","Atropello","S/D","Vertical","Cordón divisorio","S/D"
2015,8339,04/10/2015,"Domingo",0,06:35:00,,"0.0",2,"Moto/Ciclomotor,Moto/Ciclomotor","Bv San diego ",2,2,0,0,0,0,0,,"Calle",,"VILLA GOBERNADOR GÁLVEZ","Rosario","Asfalto","No existe","II","Dentro","Urbana","Semáforo","Funciona","Intersección","Bueno","Buena","Amanecer","Buen Tiempo","Lateral","S/D","Colisión","S/D","Faltante","Ninguna","Sin restricción"
2015,8340,04/10/2015,"Domingo",0,19:55:00,,"0.0",2,"Moto/Ciclomotor,Otros","San Luis Y Espora",2,1,0,0,1,0,0,,"Calle",,"VILLA GOBERNADOR GÁLVEZ","Rosario","Asfalto","No existe","II","Dentro","Urbana","Ninguna","No existe","Intersección","Con baches","Reducida","Atardecer,Con luz artificial","Buen Tiempo","Lateral","S/D","Colisión","S/D","Faltante","Ninguna","Sin restricción"
2015,8341,07/10/2015,"Miercoles",0,,"Ruta Provincial 1","88.0",2,"Automóvil,Moto/Ciclomotor"," ",4,1,1,0,1,0,1,,"Ruta",1,"HELVECIA","Garay","Asfalto","Natural","VII","Dentro","Rural","Ninguna","No existe","Recta","Bueno","S/D","S/D","Buen Tiempo","S/D","S/D","Colisión","Ninguna","Faltante","Ninguna","Sin restricción"
2015,8342,11/10/2015,"Domingo",0,,"Ruta Provincial 1","95.0",2,"Moto/Ciclomotor,Bicicleta"," ",4,4,0,0,0,0,0,,"Ruta",1,"HELVECIA","Garay","Asfalto","Natural","VII","Dentro","Rural","Ninguna","No existe","Curva","Bueno","Reducida","Atardecer","Buen Tiempo","Frontal","S/D","Colisión","S/D","Faltante","Ninguna","Sin restricción"
2015,8343,10/10/2015,"Sabado",0,04:20:00,"Ruta Provincial 1","41.0",2,"Pickup/Utilitario,Automóvil"," ",3,0,3,0,0,0,0,,"Ruta",1,"SANTA ROSA DE CALCHINES","Garay","Asfalto","Natural","VII","Dentro","Rural","Ninguna","No existe","Recta","Bueno","Buena","Nocturna","Buen Tiempo","Frontal","S/D","Colisión","S/D","S/D","Ninguna","Sin restricción"
2015,8344,15/08/2015,"Sabado",0,21:30:00,,"0.0",2,"Moto/Ciclomotor,Automóvil","Salta Y San Jose",2,1,0,0,1,0,0,,"Calle",,"SANTA FE","La Capital","Asfalto","S/D","I","Dentro","Urbana","S/D","S/D","Intersección","S/D","S/D","Nocturna","S/D","S/D","S/D","Colisión","S/D","S/D","S/D","S/D"
2015,8345,23/10/2015,"Viernes",0,16:50:00,,"0.0",2,"Pickup/Utilitario,Moto/Ciclomotor","Las Ranas Y Velez Sarfield",3,1,0,0,2,0,0,,"Calle",,"FUNES","Rosario","Tierra","No existe","II","Dentro","Urbana","Ninguna","No existe","Intersección","Con baches","Buena","Diurna","Buen Tiempo","De alcance","S/D","Colisión","S/D","S/D","Ninguna","Sin restricción"
2015,8346,20/10/2015,"Martes",0,08:15:00,"Ruta Nacional 9","0.0",2,"Automóvil,Moto/Ciclomotor","Dean Funes ",2,1,0,0,1,0,0,,"Ruta",9,"FUNES","Rosario","S/D","Pavimento","II","Dentro","Urbana","Ninguna","S/D","Intersección","Bueno","Buena","Diurna","Buen Tiempo","De alcance","S/D","Colisión","S/D","S/D","Ninguna","Sin restricción"
2015,8347,19/10/2015,"Lunes",0,19:30:00,,"0.0",2,"Automóvil,Bicicleta","Alberdi Y Rodriguez",4,1,0,0,3,0,0,,"Calle",,"FUNES","Rosario","Asfalto","No existe","II","Dentro","Urbana","Ninguna","No existe","Intersección","Bueno","Buena","Atardecer","Buen Tiempo","De alcance","S/D","Atropello","S/D","S/D","Ninguna","Sin restricción"
2015,8348,19/10/2015,"Lunes",0,13:10:00,,"0.0",2,"Automóvil,Automóvil"," ",2,1,0,0,1,0,0,,"Calle",,"FUNES","Rosario","S/D","S/D","II","Dentro","Urbana","S/D","S/D","S/D","S/D","S/D","Diurna","S/D","S/D","S/D","Colisión","S/D","S/D","S/D","S/D"
2015,8349,15/10/2015,"Jueves",0,09:00:00,"Ruta Nacional 9","0.0",2,"Pickup/Utilitario,Moto/Ciclomotor","San Sebastian ",2,1,0,0,1,0,0,,"Ruta",9,"FUNES","Rosario","Asfalto","Natural","II","Dentro","Urbana","Ninguna","No existe","Recta","Bueno","Buena","Diurna","Buen Tiempo","De alcance","S/D","Colisión","S/D","S/D","S/D","Sin restricción"
2015,8350,29/10/2015,"Jueves",0,07:30:00,,"0.0",2,"Pickup/Utilitario,Moto/Ciclomotor","Forest Y Av. Circunvalacion",2,1,0,0,1,0,0,,"Calle",,"ROSARIO","Rosario","S/D","S/D","II","Dentro","Urbana","S/D","S/D","S/D","S/D","S/D","Diurna","Buen Tiempo","Lateral","S/D","Colisión","S/D","S/D","S/D","Sin restricción"
2015,8352,08/10/2015,"Jueves",0,07:30:00,"Ruta Provincial 21","0.0",2,"Automóvil,Pickup/Utilitario","Urquiza ",6,3,0,0,3,0,0,,"Ruta",21,"GENERAL LAGOS","Rosario","Asfalto","Natural","II","Dentro","Urbana","Ninguna","No existe","Recta","Bueno","Buena","Diurna","Buen Tiempo","Lateral","S/D","Colisión","S/D","Faltante","Ninguna","Sin restricción"
2015,8353,09/08/2015,"Domingo",0,22:00:00,,"0.0",1,"Moto/Ciclomotor","CAMINO HEROES DE MALVINAS ",1,1,0,0,0,0,0,,"Calle",,"RECONQUISTA","General Obligado","S/D","S/D","IX","Dentro","Urbana","S/D","S/D","S/D","S/D","S/D","Nocturna","S/D","Contra objeto fijo","S/D","Colisión","S/D","S/D","S/D","S/D"
2015,8354,16/10/2015,"Viernes",0,21:15:00,,"0.0",2,"Moto/Ciclomotor,Automóvil","Iglesias Y Eva Peron",2,1,0,0,1,0,0,,"Calle",,"VILLA GOBERNADOR GÁLVEZ","Rosario","Asfalto","No existe","II","Dentro","Urbana","Semáforo","Funciona","Intersección","Bueno","Buena","Nocturna","Buen Tiempo","Lateral","S/D","Colisión","Ninguna","Faltante","Ninguna","Sin restricción"
2015,8355,14/10/2015,"Miercoles",0,22:50:00,,"0.0",2,"Moto/Ciclomotor,Automóvil","Espora Y Victoria",3,1,0,0,2,0,0,,"Calle",,"VILLA GOBERNADOR GÁLVEZ","Rosario","Asfalto,Tierra","No existe","II","Dentro","Urbana","Ninguna","No existe","Intersección","Deteriorada","Reducida","Nocturna","Buen Tiempo","Lateral","S/D","Colisión","Ninguna","Faltante","Ninguna","Sin restricción"
2015,8356,13/10/2015,"Martes",0,14:25:00,,"0.0",2,"Moto/Ciclomotor,Automóvil","A Thomas Y Bv San diego",2,1,0,0,1,0,0,,"Calle",,"VILLA GOBERNADOR GÁLVEZ","Rosario","Asfalto","No existe","II","Dentro","Urbana","Ninguna","No existe","Intersección","Bueno","Buena","Diurna","Buen Tiempo","Lateral","S/D","Colisión","Ninguna","Faltante","Ninguna","Sin restricción"
2015,8357,13/10/2015,"Martes",0,10:20:00,,"0.0",2,"Moto/Ciclomotor,Automóvil","Av Gral San Martin 1800",2,1,0,0,1,0,0,,"Avenida",,"VILLA GOBERNADOR GÁLVEZ","Rosario","Asfalto","No existe","II","Dentro","Urbana","Ninguna","No existe","Recta","Bueno","Buena","Diurna","Buen Tiempo","Lateral","S/D","Colisión","Ninguna","Faltante","Ninguna","Sin restricción"
2015,8358,10/10/2015,"Sabado",0,18:00:00,,"0.0",1,"Moto/Ciclomotor","Av Juan Domingo Peron 1800",2,2,0,0,0,0,0,,"Avenida",,"VILLA GOBERNADOR GÁLVEZ","Rosario","Asfalto","No existe","II","Dentro","Urbana","Ninguna","No existe","Recta","Bueno","Buena","Atardecer","Buen Tiempo","S/D","S/D","Caída ocupante,Vuelco","Ninguna","Faltante","Ninguna","Sin restricción"
2015,8359,09/10/2015,"Viernes",0,18:10:00,,"0.0",2,"Automóvil,Camión","Av de Circunvalacion Y Av Gral San Martin",2,1,0,0,1,0,0,,"Avenida",,"VILLA GOBERNADOR GÁLVEZ","Rosario","Asfalto","No existe","II","Dentro","Urbana","Semáforo","Funciona","Intersección","Bueno","Buena","Atardecer,Con luz artificial","Buen Tiempo","Frontal","S/D","Colisión","Ninguna","Faltante","Ninguna","Sin restricción"
2015,8360,08/10/2015,"Jueves",0,20:10:00,,"0.0",2,"Moto/Ciclomotor,Automóvil","San Luis Y Piazza",3,2,0,0,1,0,0,,"Calle",,"VILLA GOBERNADOR GÁLVEZ","Rosario","Asfalto","No existe","II","Dentro","Urbana","Ninguna","No existe","Intersección","Bueno","Reducida","Nocturna","Buen Tiempo","Lateral","S/D","Colisión","Ninguna","Faltante","Ninguna","Sin restricción"
2015,8361,18/10/2015,"Domingo",0,22:30:00,,"0.0",2,"Moto/Ciclomotor,Moto/Ciclomotor","Solis Y Navarro",2,2,0,0,0,0,0,,"Calle",,"ROSARIO","Rosario","S/D","No existe","II","Dentro","Urbana","S/D","No existe","Intersección","S/D","Buena","Nocturna","S/D","Lateral","S/D","Colisión","S/D","Faltante","Ninguna","Sin restricción"
2015,8362,14/10/2015,"Miercoles",0,20:05:00,,"0.0",2,"Moto/Ciclomotor,Automóvil","Santa Fe Y Liniers",3,2,0,0,1,0,0,,"Calle",,"ROSARIO","Rosario","S/D","No existe","II","Dentro","Urbana","S/D","No existe","Intersección","S/D","Buena","Nocturna","Buen Tiempo","Lateral","S/D","Colisión","S/D","Faltante","Ninguna","Sin restricción"
2015,8363,12/10/2015,"Lunes",0,08:00:00,,"0.0",2,"Moto/Ciclomotor,Transporte de Pasajeros Urbano (> 8 asientos)","Solis Y Junin",3,2,0,0,1,0,0,,"Calle",,"ROSARIO","Rosario","S/D","No existe","II","Dentro","Urbana","S/D","Funciona","Intersección","S/D","Buena","Diurna","Buen Tiempo","Lateral","S/D","Colisión","S/D","Vertical","Ninguna","Sin restricción"