"anio_acci","nro_acci","fecha","desc_dia","fecha_aprox","hora_aprox","desc_ruta","km","cant_participantes","desc_participante","calle_avenida_km","total","heridos_leves","heridos_graves","heridos_gravisimos","ilesos","fallecidos","sin_datos","posicion_XY","desc_tipo_via","desc_ruta_ori","desc_loc","desc_dpto","desc_tipo_calzada","desc_tipo_banquina","desc_unidad_regional","desc_lugar_calzada","desc_zona","desc_prioridad","desc_estado_semaforo","desc_lugar_via","desc_estado_via","desc_estado_visibilidad","desc_luminosidad","desc_estado_clima","desc_tipo_colision","desc_tipo_atropello","desc_tipo_hecho","desc_pres_calzada","desc_senializacion","desc_separacion_via","desc_restriccion"
2015,8364,08/10/2015,"Jueves",0,20:30:00,,"0.0",2,"Automóvil,Moto/Ciclomotor","Tucuman Y F.More",3,2,0,0,1,0,0,,"Calle",,"ROSARIO","Rosario","S/D","No existe","II","Dentro","Urbana","Ninguna","No existe","Intersección","S/D","Buena","Nocturna","Buen Tiempo","Lateral","S/D","Colisión","S/D","Vertical","Ninguna","Sin restricción"
2015,8365,06/10/2015,"Martes",0,09:30:00,,"0.0",2,"Moto/Ciclomotor,Automóvil","Peru Y Junin",2,1,0,0,1,0,0,,"Calle",,"ROSARIO","Rosario","S/D","No existe","II","Dentro","Urbana","Ninguna","No existe","Intersección","S/D","Buena","Diurna","Buen Tiempo","Lateral","S/D","Colisión","S/D","Faltante","Ninguna","Sin restricción"
2015,8366,21/10/2015,"Miercoles",0,11:00:00,,"0.0",2,"Pickup/Utilitario,Vehículo Oficial","Arevalo Y Barra",3,2,0,0,1,0,0,,"Calle",,"ROSARIO","Rosario","S/D","No existe","II","Dentro","Urbana","Ninguna","No existe","Intersección","S/D","Buena","Diurna","Buen Tiempo","Lateral","S/D","Colisión","S/D","Faltante","Ninguna","Sin restricción"
2015,8367,01/10/2015,"Jueves",1,,,"0.0",2,"Vehículo Oficial,Automóvil","Junin Y Pje. Descartes Bis",2,2,0,0,0,0,0,,"Calle",,"ROSARIO","Rosario","S/D","No existe","II","Dentro","Urbana","Ninguna","No existe","Intersección","S/D","Buena","Diurna","Buen Tiempo","Contra objeto fijo","S/D","Colisión","S/D","Faltante","Ninguna","Sin restricción"
2015,8368,24/10/2015,"Sabado",0,16:30:00,,"0.0",2,"Moto/Ciclomotor,Automóvil","Valparaiso Y San Lorenzo",2,1,0,0,1,0,0,,"Calle",,"ROSARIO","Rosario","S/D","No existe","II","Dentro","Urbana","Ninguna","No existe","Intersección","S/D","Buena","Diurna","S/D","Lateral","S/D","Colisión","S/D","Faltante","Ninguna","Sin restricción"
2015,8369,24/10/2015,"Sabado",0,15:55:00,,"0.0",2,"Automóvil,Automóvil","Valparaiso Y San Lorenzo",3,2,0,0,1,0,0,,"Calle",,"ROSARIO","Rosario","S/D","No existe","II","Dentro","Urbana","Ninguna","No existe","Intersección","S/D","Buena","Diurna","Buen Tiempo","Lateral","S/D","Colisión","S/D","Faltante","Ninguna","Sin restricción"
2015,8370,07/10/2015,"Miercoles",0,13:15:00,,"0.0",2,"Moto/Ciclomotor,Automóvil","Av Gral San Martin Y Libertad",2,1,0,0,1,0,0,,"Calle",,"VILLA GOBERNADOR GÁLVEZ","Rosario","Asfalto","No existe","II","Dentro","Urbana","Ninguna","No existe","Intersección","Bueno","Buena","Diurna","Buen Tiempo","Lateral","S/D","Colisión","S/D","S/D","Ninguna","Sin restricción"
2015,8372,09/10/2015,"Viernes",0,11:30:00,,"0.0",2,"Moto/Ciclomotor,Peatón"," ",2,1,0,0,1,0,0,,"Calle",,"VILLA GOBERNADOR GÁLVEZ","Rosario","Asfalto","Pavimento","IV","S/D","Urbana","Ninguna","No existe","Recta","Bueno","Buena","Diurna","Buen Tiempo","S/D","S/D","Atropello","Ninguna","Faltante","Ninguna","S/D"
2015,8373,05/10/2015,"Lunes",0,16:00:00,,"0.0",1,"Moto/Ciclomotor","Av Juan Domingo Peron Y Garay",1,1,0,0,0,0,0,,"Calle",,"VILLA GOBERNADOR GÁLVEZ","Rosario","Asfalto","No existe","II","Dentro","Urbana","Ninguna","No existe","Intersección","Bueno","Buena","Diurna","Buen Tiempo","Lateral","S/D","Colisión","S/D","Faltante","Ninguna","Sin restricción"
2015,8374,10/10/2015,"Sabado",0,05:20:00,"Ruta Provincial 21","0.0",2,"Automóvil,Automóvil"," ",6,5,0,0,1,0,0,,"Ruta",21,"GENERAL LAGOS","Rosario","Asfalto","Natural","II","Dentro","Rural","Ninguna","No existe","Recta","Bueno","Reducida","Amanecer,Con luz artificial","Buen Tiempo","Lateral","S/D","Colisión","S/D","Vertical","Ninguna","Sin restricción"
2015,8375,12/10/2015,"Lunes",0,18:20:00,"Ruta Provincial 21","274.0",3,"Automóvil,Automóvil,Automóvil"," ",14,3,0,0,11,0,0,,"Ruta",21,"GENERAL LAGOS","Rosario","Asfalto","Natural","II","Dentro","Urbana","Ninguna","No existe","Recta","Bueno","Buena","Atardecer","Buen Tiempo","Múltiple","S/D","Colisión","S/D","Vertical","Vegetación","Sin restricción"
2015,8376,10/10/2015,"Sabado",0,10:30:00,,"0.0",2,"Automóvil,Automóvil"," ",2,0,0,0,0,0,2,,"Calle",,"ROSARIO","Rosario","Asfalto","S/D","II","Dentro","Urbana","S/D","S/D","Intersección","S/D","S/D","S/D","S/D","S/D","S/D","Colisión","S/D","S/D","S/D","S/D"
2015,8377,20/10/2015,"Martes",0,11:30:00,,"0.0",1,"Moto/Ciclomotor","Chubut Y Pasteur",1,1,0,0,0,0,0,,"Calle",,"VILLA GOBERNADOR GÁLVEZ","Rosario","Asfalto","S/D","II","S/D","Urbana","S/D","S/D","Recta","S/D","S/D","Diurna","S/D","S/D","S/D","Colisión","S/D","S/D","S/D","S/D"
2015,8378,14/10/2015,"Miercoles",0,,"Ruta Provincial 21","0.0",2,"Automóvil,Moto/Ciclomotor"," ",3,1,0,0,2,0,0,,"Ruta",21,"ALVEAR","Rosario","Asfalto","No existe","II","Dentro","Rural","Ninguna","No existe","Otro","Bueno","Buena","Diurna","Buen Tiempo","Lateral","S/D","Colisión","Otro","Horizontal","Ninguna","Sin restricción"
2015,8379,02/10/2015,"Viernes",0,19:50:00,,"0.0",2,"Bicicleta,Automóvil","J.J.Paso Y Mejico",2,1,0,0,1,0,0,,"S/D",,"ROSARIO","Rosario","Asfalto","No existe","II","S/D","S/D","S/D","No existe","Intersección","Bueno","S/D","Nocturna","S/D","S/D","S/D","Atropello","S/D","S/D","Barrera de hormigón","Sin restricción"
2015,8380,09/10/2015,"Viernes",0,20:05:00,"Ruta Provincial 1","0.0",2,"Bicicleta,Pickup/Utilitario"," ",2,0,0,0,0,0,2,,"Ruta",1,"CAYASTA","Garay","Asfalto","Natural","VII","Dentro","Urbana","Ninguna","No existe","Recta","Bueno","Reducida","Nocturna,Con luz artificial","Buen Tiempo","De alcance","S/D","Atropello","Otro","Faltante","Ninguna","Sin restricción"
2015,8381,06/10/2015,"Martes",0,16:35:00,,"0.0",1,"Moto/Ciclomotor","Av Filipini Y Jaures",1,1,0,0,0,0,0,,"Calle",,"VILLA GOBERNADOR GÁLVEZ","Rosario","Asfalto","Pavimento","II","S/D","Urbana","Ninguna","No existe","Recta","Bueno","Buena","Diurna","Buen Tiempo","S/D","S/D","Colisión","Ninguna","Faltante","Ninguna","Sin restricción"
2015,8382,12/10/2015,"Lunes",0,14:30:00,"Autopista Nacional Gral. Juan Jose Valle","272.5",3,"Automóvil,Automóvil,Automóvil"," ",6,2,0,0,4,0,0,,"Autopista","Gral. Juan Jose Valle","GENERAL LAGOS","Rosario","Asfalto","Natural","II","S/D","S/D","Ninguna","No existe","Recta","Bueno","Buena","Diurna","Buen Tiempo","De alcance","S/D","Colisión","S/D","Horizontal","Ninguna","Sin restricción"
2015,8383,16/10/2015,"Viernes",0,16:00:00,"Ruta Provincial 1","65.0",2,"Moto/Ciclomotor,Automóvil"," ",3,1,0,0,0,0,2,,"Ruta",1,"CAYASTA","Garay","Asfalto","Natural","VII","Dentro","Rural","Ninguna","No existe","Curva","Ahuellamiento","Buena","Diurna","Otro","De alcance","S/D","Colisión","Otro","Faltante","Ninguna","Sin restricción"
2015,8384,17/10/2015,"Sabado",0,07:25:00,"Ruta Provincial 1","0.0",1,"Moto/Ciclomotor"," ",2,1,1,0,0,0,0,,"Ruta",1,"CAYASTA","Garay","Asfalto","Natural","VII","Dentro","Rural","Ninguna","No existe","Curva","Con baches","Buena","Amanecer","Buen Tiempo","Otro","S/D","Despiste","Otro","Faltante","Ninguna","Sin restricción"
2015,8385,20/10/2015,"Martes",0,13:30:00,"Autovía Nacional A012","0.0",3,"Automóvil,Camión,Camión","RTA.A012  Y AUTOPISTA ROS-BS. AS.",3,1,0,0,2,0,0,,"Autovía","A012","ALVEAR","Rosario","Hormigón","No existe","II","Dentro","Rural","Ninguna","No existe","Puente","Bueno","Buena","Diurna","Buen Tiempo","Múltiple","S/D","Colisión","Otro","Faltante","Línea divisoria pintada","Sin restricción"
2015,8386,06/10/2015,"Martes",0,10:45:00,,"0.0",2,"Automóvil,Peatón","Buenos Aires Y 9 De Julio",2,1,0,0,1,0,0,,"Calle",,"ROSARIO","Rosario","Asfalto","S/D","II","Dentro","Urbana","S/D","S/D","Intersección","Bueno","Buena","Diurna","S/D","S/D","S/D","Atropello","S/D","S/D","Cordón divisorio","S/D"
2015,8387,06/10/2015,"Martes",0,18:00:00,,"0.0",2,"Peatón,Automóvil","San Luis Y 1 de Mayo",2,1,0,0,1,0,0,,"Calle",,"ROSARIO","Rosario","Asfalto","S/D","II","Dentro","Urbana","Paso Peatonal","S/D","Intersección","Bueno","Buena","Diurna","Buen Tiempo","Otro","S/D","Atropello","S/D","S/D","Cordón divisorio","S/D"
2015,8388,29/08/2015,"Sabado",0,00:55:00,"Autopista Provincial Brigadier E.López","3.0",2,"Pickup/Utilitario,Camión"," ",2,2,0,0,0,0,0,,"Autopista","Brigadier E.López","ROSARIO","Rosario","S/D","S/D","II","S/D","S/D","S/D","S/D","Recta","S/D","S/D","S/D","S/D","S/D","S/D","Colisión","S/D","S/D","S/D","S/D"
2015,8389,07/10/2015,"Miercoles",0,16:15:00,,"0.0",2,"Bicicleta,Automóvil","Mendoza Y J.M.de Rosas",2,1,0,0,1,0,0,,"Calle",,"ROSARIO","Rosario","Asfalto","S/D","II","Dentro","Urbana","S/D","S/D","Intersección","Bueno","Buena","Diurna","Buen Tiempo","Lateral","S/D","Colisión","S/D","S/D","Barrera de alto impacto","S/D"
2015,8390,11/10/2015,"Domingo",0,06:10:00,,"0.0",2,"Peatón,Automóvil","Av de los inmigrantes Y Navarro",2,1,0,0,1,0,0,,"Calle",,"ROSARIO","Rosario","Asfalto","S/D","II","Dentro","Urbana","S/D","S/D","Intersección","Bueno","Buena","Diurna","S/D","Otro","S/D","Atropello","S/D","S/D","S/D","S/D"
2015,8391,12/10/2015,"Lunes",0,18:20:00,"Autovía Nacional Gral. Juan Jose Valle","274.0",3,"Automóvil,Automóvil,Automóvil"," ",5,2,0,0,3,0,0,,"Autovía","Gral. Juan Jose Valle","GENERAL LAGOS","Rosario","Asfalto","Natural","II","Dentro","Rural","Ninguna","No existe","Recta","Bueno","Buena","Atardecer","Buen Tiempo","De alcance","S/D","Colisión","S/D","Horizontal,Vertical","Vegetación","Sin restricción"
2015,8392,10/10/2015,"Sabado",0,05:20:00,"Ruta Provincial 21","15.5",2,"Automóvil,Automóvil"," ",6,5,0,0,1,0,0,,"Ruta",21,"GENERAL LAGOS","Rosario","Asfalto","Natural","II","S/D","Rural","Ninguna","No existe","Recta","Bueno","Reducida","Amanecer,Con luz artificial","Buen Tiempo","Lateral","S/D","Colisión","S/D","Vertical","Ninguna","Sin restricción"
2015,8393,29/08/2015,"Sabado",0,19:25:00,"Ruta Provincial 10","0.0",2,"Pickup/Utilitario,Moto/Ciclomotor"," ",2,1,0,0,1,0,0,,"Ruta",10,"PUERTO SAN MARTÍN","San Lorenzo","S/D","S/D","XVII","S/D","Rural","S/D","S/D","Recta","S/D","S/D","Atardecer","S/D","S/D","S/D","Colisión","S/D","S/D","S/D","S/D"
2015,8394,09/08/2015,"Domingo",0,17:45:00,,"0.0",2,"Moto/Ciclomotor,Moto/Ciclomotor","Calle 25 - Pietropaolo Y Calle 44-27 de Abril",4,4,0,0,0,0,0,,"Calle",,"RECONQUISTA","General Obligado","S/D","S/D","IX","Dentro","Urbana","S/D","S/D","Intersección","S/D","S/D","Diurna","S/D","S/D","S/D","Colisión","S/D","S/D","S/D","S/D"
2015,8395,12/11/2015,"Jueves",0,23:25:00,,"3.5",2,"Pickup/Utilitario,Automóvil"," ",2,0,1,0,1,0,0,,"Calle",,"PIÑERO","Rosario","Asfalto","Ripio","II","Dentro","Urbana","Ninguna","No existe","Recta","Bueno","Reducida","Nocturna","Buen Tiempo","S/D","S/D","Colisión","S/D","S/D","Línea divisoria pintada","Sin restricción"
2015,8396,23/11/2015,"Lunes",0,14:40:00,"Ruta Nacional 33","0.0",2,"Automóvil,Bicicleta","Calle publica ",2,1,0,0,1,0,0,,"Ruta",33,"MURPHY","General López","S/D","Natural","VIII","Dentro","Urbana","S/D","S/D","Intersección","S/D","S/D","Diurna","Buen Tiempo","Lateral","S/D","Atropello","S/D","S/D","Ninguna","Sin restricción"
2015,8397,15/11/2015,"Domingo",0,23:40:00,,"0.0",1,"Moto/Ciclomotor","Mitre Y Calle s/n",1,1,0,0,0,0,0,,"Camino Rural",,"CORONDA","San Jerónimo","Tierra","Natural","XV","S/D","Rural","Ninguna","No existe","Recta","Ahuellamiento","Buena","Nocturna","Buen Tiempo","S/D","S/D","Caída ocupante","S/D","Faltante","Ninguna","Sin restricción"
2015,8398,14/11/2015,"Sabado",0,20:15:00,"Ruta Provincial 1","0.0",2,"Moto/Ciclomotor,Automóvil","ESTACION DE SERVICIO YPF ",2,1,0,0,0,0,1,,"Ruta",1,"CAYASTA","Garay","Asfalto","Natural","VII","Dentro","Urbana","Ninguna","No existe","Recta","Bueno","Reducida","Nocturna,Con luz artificial","S/D","Lateral","S/D","Colisión","S/D","Faltante","Ninguna","Sin restricción"
2015,8399,01/11/2015,"Domingo",0,18:00:00,,"0.0",2,"Bicicleta,Moto/Ciclomotor","Lopez y Planes Y Alberdi",2,2,0,0,0,0,0,,"Calle",,"CORONDA","San Jerónimo","Tierra","No existe","XV","Dentro","Urbana","Ninguna","No existe","Intersección","Con baches,Ahuellamiento","Buena","Diurna","Buen Tiempo","S/D","S/D","Atropello","S/D","Faltante","S/D","Sin restricción"
2015,8400,11/11/2015,"Miercoles",0,12:20:00,"Ruta Provincial 1","0.0",1,"Moto/Ciclomotor"," ",1,1,0,0,0,0,0,,"Ruta",1,"HELVECIA","Garay","Arena","No existe","VII","Dentro","Urbana","Ninguna","No existe","Recta","Bueno","Buena","Diurna","Buen Tiempo","Atropello animal","S/D","Colisión","S/D","Faltante","Ninguna","Sin restricción"
2015,8401,01/11/2015,"Domingo",0,09:45:00,,"0.0",2,"Moto/Ciclomotor,Automóvil","Jose de San Martin Y G Brown",2,1,0,0,1,0,0,,"Calle",,"CORONDA","San Jerónimo","Asfalto","No existe","XV","Dentro","Urbana","S/D","No existe","Intersección","Bueno","Buena","Diurna","Buen Tiempo","Lateral","S/D","Colisión","S/D","S/D","S/D","Sin restricción"
2015,8402,01/11/2015,"Domingo",0,04:25:00,"Ruta Provincial 1","76.0",2,"Otros,Moto/Ciclomotor"," ",3,2,0,0,0,0,1,,"Ruta",1,"CAMPO DEL MEDIO","Garay","Asfalto","No existe","VII","Dentro","Urbana","Ninguna","No existe","S/D","Bueno","Buena","Nocturna","Buen Tiempo","S/D","S/D","Colisión","S/D","S/D","Ninguna","Sin restricción"
2015,8403,17/11/2015,"Martes",0,07:15:00,"Ruta Nacional 11","0.0",2,"Automóvil,Moto/Ciclomotor","Av L de la Torre-Ruta Nac 11 Y H Irigoyen",2,1,0,0,1,0,0,,"Ruta",11,"CORONDA","San Jerónimo","Asfalto","Ripio","XV","Dentro","Urbana","Ninguna","No existe","Intersección","Bueno","Buena","Diurna","Buen Tiempo","Lateral","S/D","Colisión","S/D","Faltante","Ninguna","Sin restricción"
2015,8404,22/11/2015,"Domingo",0,21:00:00,"Ruta Provincial 1","0.0",1,"Moto/Ciclomotor"," ",3,3,0,0,0,0,0,,"Ruta",1,"HELVECIA","Garay","Asfalto","Natural","VII","Dentro","Urbana","Ninguna","No existe","Curva","Bueno","Buena","Nocturna","Buen Tiempo","S/D","S/D","Caída ocupante","S/D","Faltante","Ninguna","Sin restricción"
2015,8405,27/11/2015,"Viernes",0,23:10:00,,"0.0",2,"Moto/Ciclomotor,Moto/Ciclomotor","San Martin ",2,1,0,0,0,0,1,,"Calle",,"SANTA ROSA DE CALCHINES","Garay","Asfalto","No existe","VII","Dentro","Urbana","Ninguna","No existe","Recta","Bueno","Buena","Nocturna","Buen Tiempo","Lateral","S/D","Colisión","S/D","Faltante","Ninguna","Sin restricción"
2015,8406,29/11/2015,"Domingo",0,09:00:00,,"0.0",2,"Pickup/Utilitario,Moto/Ciclomotor","A Rossi Y Uruguay",2,1,0,0,1,0,0,,"Calle",,"SANTA ROSA DE CALCHINES","Garay","Asfalto","Pavimento","VII","Dentro","Urbana","Ninguna","No existe","Intersección","Bueno","Buena","Diurna","Buen Tiempo","Frontal","S/D","Colisión","S/D","Faltante","Ninguna","Sin restricción"
2015,8407,28/11/2015,"Sabado",0,15:10:00,,"0.0",2,"Automóvil,Moto/Ciclomotor","San Antonio Y Santa Rosa",2,1,0,0,1,0,0,,"Calle",,"SANTA ROSA DE CALCHINES","Garay","Asfalto","Pavimento","VII","Dentro","Urbana","Ninguna","No existe","Intersección","Bueno","Buena","Diurna","Buen Tiempo","Lateral","S/D","Colisión","S/D","Faltante","Ninguna","Sin restricción"
2015,8408,20/11/2015,"Viernes",0,17:40:00,"Ruta Provincial 1","126.0",1,"Moto/Ciclomotor"," ",2,2,0,0,0,0,0,,"Ruta",1,"COLONIA SAN JOAQUIN","Garay","Asfalto","Natural","VII","Dentro","Urbana","Ninguna","No existe","Recta","Bueno","Buena","Diurna","Buen Tiempo","Atropello animal","S/D","Colisión","S/D","Vertical","Línea divisoria pintada","Sin restricción"
2015,8409,07/11/2015,"Sabado",0,18:50:00,"Ruta Provincial 1","115.0",2,"Moto/Ciclomotor,Automóvil"," ",3,0,0,1,2,0,0,,"Ruta",1,"SALADERO CABAL","Garay","Asfalto","Natural","VII","Dentro","Urbana","Ninguna","No existe","Recta","Bueno","Reducida","Atardecer","Buen Tiempo","S/D","S/D","Colisión","S/D","Faltante","Ninguna","Sin restricción"
2015,8410,11/11/2015,"Miercoles",0,16:00:00,,"0.0",2,"Moto/Ciclomotor,Bicicleta","San Luis Y Pedro P Ceci",2,1,0,0,1,0,0,,"Calle",,"GÁLVEZ","San Jerónimo","Asfalto","No existe","XV","Dentro","Urbana","Ninguna","No existe","Intersección","Bueno","Buena","Diurna","Buen Tiempo","Frontal","S/D","Atropello","S/D","S/D","Ninguna","Sin restricción"
2015,8411,05/11/2015,"Jueves",0,19:15:00,,"0.0",2,"Bicicleta,Pickup/Utilitario","Avda. Jorge Newbery Y 2 de Junio",3,1,0,0,2,0,0,,"Calle",,"GÁLVEZ","San Jerónimo","Asfalto","No existe","XV","Dentro","Urbana","Ninguna","No existe","Intersección","Bueno","Buena","Diurna,Con luz artificial","Buen Tiempo","Lateral","S/D","Atropello","S/D","S/D","Ninguna","Sin restricción"
2015,8412,01/11/2015,"Domingo",0,21:00:00,,"0.0",2,"Automóvil,Moto/Ciclomotor","Av Roque Saenz Peña Y San Martin",2,1,0,0,1,0,0,,"Calle",,"SAN GENARO","San Jerónimo","Hormigón","No existe","XV","Dentro","Urbana","Ninguna","S/D","Intersección","Bueno","Buena","Diurna","Buen Tiempo","Lateral","S/D","Colisión","S/D","S/D","Ninguna","Sin restricción"
2015,8413,23/11/2015,"Lunes",0,13:00:00,,"0.0",2,"Pickup/Utilitario,Moto/Ciclomotor","Bvard Pueyrredon ",2,1,0,0,1,0,0,,"Avenida",,"CERES","San Cristóbal","Asfalto","No existe","XIII","Dentro","Urbana","Ninguna","No existe","Intersección","Bueno","Buena","Diurna","Buen Tiempo","Lateral","S/D","Colisión","S/D","S/D","Cordón divisorio","Sin restricción"
2015,8414,05/11/2015,"Jueves",0,17:30:00,,"0.0",2,"Automóvil,Moto/Ciclomotor","Alem Y Benavidez",2,1,0,0,1,0,0,,"Calle",,"BARRANCAS","San Jerónimo","Asfalto","Pavimento","XV","Dentro","Urbana","Ninguna","No existe","Intersección","Bueno","Buena","Diurna","Buen Tiempo","Lateral","S/D","Colisión","S/D","Faltante","Ninguna","Sin restricción"
2015,8415,07/11/2015,"Sabado",0,03:00:00,,"0.0",2,"Automóvil,Moto/Ciclomotor","25 de Mayo Y Alberdi",2,1,0,0,1,0,0,,"Calle",,"CORONDA","San Jerónimo","Asfalto","No existe","XV","Dentro","Urbana","Ninguna","No existe","Intersección","Bueno","Buena","Nocturna,Con luz artificial","Buen Tiempo","S/D","S/D","Colisión","S/D","Faltante","Ninguna","Sin restricción"
2015,8416,20/11/2015,"Viernes",0,17:10:00,,"0.0",2,"Automóvil,Moto/Ciclomotor","Avenida J D Peron Grl Pres Y Pasaje Mellan",3,1,0,0,2,0,0,,"Avenida",,"CERES","San Cristóbal","Asfalto","No existe","XIII","Dentro","Urbana","Ninguna","No existe","Intersección","Bueno","Buena","Atardecer","Buen Tiempo","Lateral","S/D","Colisión","S/D","S/D","Cordón divisorio","Sin restricción"
2015,8417,29/10/2015,"Jueves",0,13:20:00,"Ruta Nacional 11","832.0",2,"Moto/Ciclomotor,Pickup/Utilitario"," ",2,0,0,0,1,1,0,"-28.807762, -59.480558","Ruta",11,"LAS GARZAS","General Obligado","Asfalto","Natural","IX","Dentro","Rural","Ninguna","No existe","Recta","Bueno","Buena","Diurna","Buen Tiempo","Lateral","S/D","Colisión","Ninguna","Faltante","Línea divisoria pintada","Sin restricción"
2015,8418,30/08/2015,"Domingo",0,20:00:00,"Autovía Nacional Rosario -Cordoba","346.0",2,"Camión,Camión","A 1 KM ACCESO A CORREA ",2,1,0,0,0,0,1,,"Autovía","Rosario -Cordoba","CORREA","Iriondo","S/D","S/D","X","Dentro","Rural","S/D","S/D","Recta","S/D","S/D","Nocturna","S/D","S/D","S/D","Colisión","S/D","S/D","S/D","S/D"
2015,8419,29/10/2015,"Jueves",0,10:50:00,,"0.0",1,"Automóvil","CAMINO RURAL CENTRAL A VILA 2 KM AL OESTE ZONA URB ",3,0,2,0,0,1,0,"-31.213815, -61.729724","Camino Rural",,"PUEBLO SAN ANTONIO","Castellanos","Tierra","Natural","V","S/D","Rural","Ninguna","No existe","Recta","Otro","Reducida","Diurna","Viento Fuerte","Otro","S/D","Vuelco,Despiste","Ninguna","Faltante","Ninguna","Sin restricción"
2015,8420,27/10/2015,"Martes",0,09:15:00,"Ruta Nacional 11","447.0",2,"Camión,Moto/Ciclomotor"," ",3,0,0,0,2,1,0,"-31.659901, -60.795445","Ruta",11,"SAUCE VIEJO","La Capital","Asfalto","Ripio","I","Dentro","Urbana","Ninguna","No existe","Recta","Bueno","Buena","Diurna","Buen Tiempo","Lateral","S/D","Colisión","S/D","Vertical","Línea divisoria pintada","Sin restricción"
2015,8421,22/10/2015,"Jueves",0,22:30:00,"Ruta Provincial 21","279.0",2,"Automóvil,Automóvil"," ",2,1,0,0,0,1,0,"-33.053941, -60.600785","Ruta",21,"ALVEAR","Rosario","Asfalto","Natural","II","Dentro","Rural","Ninguna","No existe","Recta","Bueno","Buena","Nocturna","Buen Tiempo","Frontal","S/D","Colisión","Ninguna","Horizontal","Línea divisoria pintada","Sin restricción"
2015,8422,22/08/2015,"Sabado",0,,,"0.0",1,"Moto/Ciclomotor","Bv Lucio Ledesma Y Santa Virginia",1,1,0,0,0,0,0,,"Calle",,"AROCENA","San Jerónimo","S/D","S/D","XV","Fuera","Urbana","S/D","S/D","Intersección","S/D","S/D","S/D","S/D","S/D","S/D","Caída ocupante","S/D","S/D","S/D","S/D"
2015,8423,24/10/2015,"Sabado",0,05:10:00,"Ruta Nacional 11","481.8",3,"Peatón,Automóvil,Pickup/Utilitario"," ",3,0,0,0,2,1,0,"-31.4877045, -60.7313731","Ruta",11,"RECREO","La Capital","Asfalto","Natural","I","Dentro","Urbana","Ninguna","No existe","Recta","Bueno","Reducida","Nocturna","Buen Tiempo","S/D","S/D","Atropello","Ninguna","Horizontal","Ninguna","Sin restricción"
2015,8424,23/10/2015,"Viernes",0,07:30:00,,"0.0",2,"Bicicleta,Otros","Av. Battle y Ordoñez Y Av. Ovidio Lagos",2,0,0,0,1,1,0,"-33.009671809009,-60.677397069231","Avenida",,"ROSARIO","Rosario","Asfalto","Natural","II","Dentro","Urbana","Ninguna","No existe","Intersección","Bueno","Buena","Diurna","Buen Tiempo","S/D","S/D","Atropello","S/D","S/D","Ninguna","Sin restricción"
2015,8425,21/10/2015,"Miercoles",0,13:00:00,"Ruta Nacional A007","6.5",2,"Automóvil,Vehículo Oficial"," ",2,0,0,0,1,1,0,"-31.611704, -60.725733","Ruta","A007","SANTA FE","La Capital","Hormigón","Natural","I","Dentro","Urbana","Ninguna","No existe","Rotonda","Bueno","Buena","Diurna","Buen Tiempo","Lateral","S/D","Colisión","Ninguna","Vertical","Guardarrail","Sin restricción"
2015,8426,19/10/2015,"Lunes",0,12:40:00,"Ruta Provincial 80","5.7",2,"Pickup/Utilitario,Automóvil"," ",4,0,2,0,0,2,0,"-32.06692, -61.02114","Ruta",80,"AROCENA","San Jerónimo","Asfalto","Natural","XV","Dentro","Rural","Ninguna","No existe","Recta","Bueno","Buena","Diurna","Buen Tiempo","Frontal","S/D","Colisión","Ninguna","Horizontal","Línea divisoria pintada","Sin restricción"
2015,8427,25/11/2015,"Miercoles",0,12:20:00,,"0.0",2,"Transporte de Pasajeros Urbano (> 8 asientos),Pickup/Utilitario","San Lorenzo Y Obispo Gelabert",3,2,0,0,1,0,0,,"Calle",,"SANTA FE","La Capital","S/D","S/D","I","Dentro","Urbana","S/D","S/D","Intersección","S/D","Buena","Diurna","Buen Tiempo","Lateral","S/D","Colisión","S/D","S/D","S/D","S/D"
2015,8428,23/11/2015,"Lunes",0,01:05:00,,"0.0",2,"Moto/Ciclomotor,Automóvil","Bv Pellegrini Y Av Pte Peron",2,1,0,0,1,0,0,,"Avenida",,"SANTA FE","La Capital","S/D","S/D","I","Dentro","Urbana","S/D","S/D","Intersección","S/D","Buena","Nocturna","Buen Tiempo","Lateral","S/D","Colisión","S/D","S/D","S/D","S/D"
2015,8429,13/11/2015,"Viernes",0,18:05:00,,"0.0",2,"Moto/Ciclomotor,Automóvil","Mendoza Y Saavedra",2,1,0,0,1,0,0,,"Calle",,"SANTA FE","La Capital","S/D","S/D","I","Dentro","Urbana","S/D","S/D","Intersección","S/D","Buena","Diurna","S/D","Lateral","S/D","Colisión","S/D","S/D","S/D","S/D"
2015,8430,13/11/2015,"Viernes",0,17:30:00,,"0.0",2,"Moto/Ciclomotor,Automóvil","Av Freyre Y Junin",2,1,0,0,1,0,0,,"Calle",,"SANTA FE","La Capital","S/D","S/D","I","Dentro","Urbana","S/D","S/D","Intersección","S/D","Buena","Diurna","Buen Tiempo","Lateral","S/D","Colisión","S/D","S/D","S/D","S/D"