"anio_acci","nro_acci","fecha","desc_dia","fecha_aprox","hora_aprox","desc_ruta","km","cant_participantes","desc_participante","calle_avenida_km","total","heridos_leves","heridos_graves","heridos_gravisimos","ilesos","fallecidos","sin_datos","posicion_XY","desc_tipo_via","desc_ruta_ori","desc_loc","desc_dpto","desc_tipo_calzada","desc_tipo_banquina","desc_unidad_regional","desc_lugar_calzada","desc_zona","desc_prioridad","desc_estado_semaforo","desc_lugar_via","desc_estado_via","desc_estado_visibilidad","desc_luminosidad","desc_estado_clima","desc_tipo_colision","desc_tipo_atropello","desc_tipo_hecho","desc_pres_calzada","desc_senializacion","desc_separacion_via","desc_restriccion"
2015,8431,14/11/2015,"Sabado",0,15:30:00,,"0.0",1,"Transporte de Pasajeros Urbano (> 8 asientos)","Saavedra Y Salta",2,1,0,0,1,0,0,,"Calle",,"SANTA FE","La Capital","S/D","S/D","I","Dentro","Urbana","S/D","S/D","Intersección","S/D","Buena","Diurna","S/D","S/D","S/D","Caída ocupante","S/D","S/D","S/D","S/D"
2015,8432,13/07/2015,"Lunes",0,,"Autopista Provincial Brigadier E.López","0.0",1,"Moto/Ciclomotor"," ",1,1,0,0,0,0,0,,"Autopista","Brigadier E.López","ROSARIO","Rosario","S/D","S/D","II","S/D","S/D","S/D","S/D","S/D","S/D","S/D","S/D","S/D","S/D","S/D","S/D","S/D","S/D","S/D","S/D"
2015,8433,10/11/2015,"Martes",0,17:25:00,,"0.0",2,"Moto/Ciclomotor,Pickup/Utilitario","Lamadrid 2200",2,1,0,0,1,0,0,,"Calle",,"SANTA FE","La Capital","S/D","S/D","I","Dentro","Urbana","S/D","S/D","Intersección","S/D","Buena","Diurna","S/D","Lateral","S/D","Colisión","S/D","S/D","S/D","S/D"
2015,8434,09/11/2015,"Lunes",0,21:30:00,,"0.0",2,"Moto/Ciclomotor,Moto/Ciclomotor","Junin Y San Lorenzo",3,3,0,0,0,0,0,,"Calle",,"SANTA FE","La Capital","Asfalto","S/D","I","Dentro","Urbana","S/D","S/D","Intersección","S/D","Buena","Nocturna","S/D","Lateral","S/D","Colisión","S/D","S/D","S/D","S/D"
2015,8435,21/11/2015,"Sabado",0,20:25:00,,"0.0",2,"Moto/Ciclomotor,Automóvil"," ",2,1,0,0,1,0,0,,"Calle",,"SANTA FE","La Capital","Asfalto","S/D","I","Dentro","Urbana","S/D","S/D","Intersección","S/D","Buena","Nocturna","S/D","Lateral","S/D","Colisión","S/D","S/D","S/D","S/D"
2015,8436,30/11/2015,"Lunes",0,19:00:00,,"0.0",2,"Moto/Ciclomotor,Automóvil","Francia Y Lisandro de la Torre",2,1,0,0,1,0,0,,"Calle",,"SANTA FE","La Capital","S/D","S/D","I","Dentro","Urbana","S/D","S/D","Intersección","S/D","Buena","Atardecer","S/D","Lateral","S/D","Colisión","S/D","S/D","S/D","S/D"
2015,8437,15/07/2015,"Miercoles",0,,"Ruta Nacional 11","782.0",2,"Automóvil,Camión"," ",3,2,0,0,0,1,0,"-29.1956977,-59.6935611","Ruta",11,"RECONQUISTA","General Obligado","S/D","S/D","IX","S/D","S/D","S/D","S/D","S/D","S/D","S/D","S/D","S/D","S/D","S/D","Colisión","S/D","S/D","S/D","S/D"
2015,8438,16/07/2015,"Jueves",0,,,"0.0",2,"Automóvil,Moto/Ciclomotor","Agrelo Y A.Piaggio",2,1,0,0,1,0,0,,"S/D",,"ROSARIO","Rosario","S/D","S/D","II","S/D","S/D","S/D","S/D","S/D","S/D","S/D","S/D","S/D","S/D","S/D","Colisión","S/D","S/D","S/D","S/D"
2015,8439,18/10/2015,"Domingo",0,06:55:00,"Ruta Provincial 40","54.0",1,"Automóvil"," ",1,0,0,0,0,1,0,"-29.094976, -60.190968","Ruta",40,"FORTÍN OLMOS","Vera","Asfalto","Natural","XIX","Fuera","Rural","Ninguna","No existe","Recta","Bueno","Buena","Amanecer","Buen Tiempo","S/D","S/D","Vuelco","Otro","Vertical","Línea divisoria pintada","Sin restricción"
2015,8440,18/07/2015,"Sabado",0,,,"0.0",1,"Automóvil","Av. Circunvalacion Y Bv. Oroño",1,0,0,0,0,1,0,"-29.1956977,-59.6935611","S/D",,"ROSARIO","Rosario","S/D","S/D","II","S/D","S/D","S/D","S/D","S/D","S/D","S/D","S/D","S/D","S/D","S/D","Vuelco","S/D","S/D","S/D","S/D"
2015,8441,24/07/2015,"Viernes",0,16:30:00,,"0.0",2,"Automóvil,Automóvil","Juan Bautista Sargento Cabral Y Presidente Bernardino Rivadavi",3,3,0,0,0,0,0,,"S/D",,"SANTO TOMÉ","La Capital","S/D","S/D","I","S/D","S/D","S/D","S/D","S/D","S/D","S/D","Diurna","S/D","S/D","S/D","S/D","S/D","S/D","S/D","S/D"
2015,8442,30/11/2015,"Lunes",0,10:50:00,,"0.0",2,"Moto/Ciclomotor,Automóvil","Av Freyre Y La Rioja",2,1,0,0,1,0,0,,"Avenida",,"SANTA FE","La Capital","Asfalto","S/D","I","Dentro","Urbana","S/D","S/D","Intersección","S/D","Buena","Diurna","Buen Tiempo","Lateral","S/D","Colisión","S/D","S/D","S/D","S/D"
2015,8443,04/11/2015,"Miercoles",0,09:50:00,,"0.0",2,"Bicicleta,Pickup/Utilitario","Av Santa Fe Y Av Freyre",2,1,0,0,1,0,0,,"Calle",,"SANTA FE","La Capital","S/D","S/D","I","Dentro","Urbana","S/D","S/D","Intersección","S/D","Buena","Diurna","S/D","S/D","S/D","Atropello","S/D","S/D","S/D","S/D"
2015,8444,10/11/2015,"Martes",0,07:50:00,,"0.0",2,"Automóvil,Pickup/Utilitario","Pje Paraguay Y Hipolito Yrigoyen",2,1,0,0,1,0,0,,"Calle",,"SANTA FE","La Capital","S/D","S/D","I","Dentro","Urbana","S/D","S/D","Intersección","S/D","S/D","Diurna","S/D","S/D","S/D","Colisión","S/D","S/D","S/D","S/D"
2015,8445,10/11/2015,"Martes",0,13:10:00,,"0.0",2,"Peatón,Pickup/Utilitario","Mendoza Y Saavedra",2,1,0,0,1,0,0,"-31.646833333333,-60.716166666667","Calle",,"SANTA FE","La Capital","S/D","S/D","I","Dentro","Urbana","S/D","S/D","Intersección","S/D","S/D","Diurna","S/D","S/D","S/D","Atropello","S/D","S/D","S/D","Sin restricción"
2015,8446,01/11/2015,"Domingo",0,11:55:00,,"0.0",2,"Bicicleta,Automóvil","Gdor Crespo Y Francia",2,1,0,0,1,0,0,"-31.639555555556,-60.712805555556","Calle",,"SANTA FE","La Capital","S/D","S/D","I","Dentro","Urbana","S/D","S/D","Intersección","S/D","Buena","Diurna","Buen Tiempo","S/D","S/D","Atropello","S/D","S/D","S/D","S/D"
2015,8447,28/11/2015,"Sabado",0,11:20:00,,"0.0",2,"Moto/Ciclomotor,Automóvil","Av Lopez y Planes Y Peru",2,0,0,0,0,0,2,,"Calle",,"SANTA FE","La Capital","Asfalto","S/D","I","Dentro","Urbana","S/D","S/D","Intersección","Bueno","S/D","Diurna","Buen Tiempo","S/D","S/D","Colisión","S/D","Horizontal","Cordón divisorio","Sin restricción"
2015,8448,25/11/2015,"Miercoles",0,10:30:00,,"0.0",2,"Moto/Ciclomotor,Automóvil","Av Peñaloza Y Diagonal Abipones",2,1,0,0,0,0,1,,"Calle",,"SANTA FE","La Capital","Asfalto","Pavimento","I","Dentro","Urbana","Semáforo","Funciona","Intersección","Bueno","Buena","Diurna","Buen Tiempo","S/D","S/D","Colisión","S/D","Horizontal","Cordón divisorio","Sin restricción"
2015,8449,26/11/2015,"Jueves",0,19:50:00,,"0.0",2,"Moto/Ciclomotor,Automóvil","Av Lopez y Planes Y Luciano Molinas",2,1,0,0,0,0,1,,"Calle",,"SANTA FE","La Capital","Asfalto","S/D","I","Dentro","Urbana","S/D","S/D","Intersección","Bueno","S/D","Diurna","Buen Tiempo","S/D","S/D","Colisión","S/D","Horizontal","Ninguna","Sin restricción"
2015,8450,23/11/2015,"Lunes",0,20:00:00,,"0.0",2,"Peatón,Automóvil","Fray C Rodriguez Y La Paz",2,1,0,0,0,0,1,"-31.618555555556,-60.714944444444","Calle",,"SANTA FE","La Capital","Asfalto","Pavimento","I","Dentro","Urbana","Ninguna","Funciona","Intersección","Bueno","Buena","Diurna","Buen Tiempo","S/D","S/D","Atropello","S/D","Horizontal","Cordón divisorio","Sin restricción"
2015,8451,31/07/2015,"Viernes",0,12:00:00,"Ruta Provincial 1","10.0",2,"Pickup/Utilitario,Moto/Ciclomotor"," ",4,0,0,0,2,2,0,"-31.586002, -60.558705","Ruta",1,"ROMANG","San Javier","Asfalto","S/D","XIV","S/D","Rural","S/D","S/D","S/D","Bueno","S/D","Diurna","S/D","S/D","S/D","Colisión","S/D","S/D","S/D","S/D"
2015,8452,20/11/2015,"Viernes",0,01:50:00,,"0.0",2,"Automóvil,Pickup/Utilitario","Iturraspe Y Francia",2,0,0,0,0,0,2,,"Calle",,"SANTA FE","La Capital","Asfalto","Pavimento","I","Dentro","Urbana","Semáforo","Funciona","Intersección","Bueno","Buena","Nocturna","Buen Tiempo","S/D","S/D","Colisión","S/D","Horizontal","Cordón divisorio","Sin restricción"
2015,8453,13/11/2015,"Viernes",0,09:30:00,,"0.0",2,"Automóvil,Peatón","Pedro Centeno Y Pje Jorge Raul Rodriguez",2,1,0,0,0,0,1,"-31.626027777778,-60.706777777778","Calle",,"SANTA FE","La Capital","Asfalto","Pavimento","I","Dentro","Urbana","S/D","No existe","Intersección","Bueno","Buena","Diurna","Buen Tiempo","S/D","S/D","Atropello","S/D","Faltante","Cordón divisorio","Sin restricción"
2015,8454,11/11/2015,"Miercoles",0,19:30:00,,"0.0",2,"Moto/Ciclomotor,Automóvil","Iturraspe Y Saavedra",2,1,0,0,1,0,0,,"Calle",,"SANTA FE","La Capital","Hormigón","No existe","I","Dentro","Urbana","Ninguna","No existe","Intersección","Bueno","Reducida","Atardecer","Buen Tiempo","Lateral","S/D","Colisión","S/D","Faltante","Cordón divisorio","Sin restricción"
2015,8455,11/11/2015,"Miercoles",0,15:00:00,,"0.0",2,"Pickup/Utilitario,Moto/Ciclomotor","Juan Del Campillo Y Saavedra",2,1,0,0,1,0,0,,"Calle",,"SANTA FE","La Capital","Hormigón","No existe","I","Dentro","Urbana","Ninguna","No existe","Intersección","Bueno","Buena","Diurna","Buen Tiempo","Lateral","S/D","Colisión","S/D","Faltante","Cordón divisorio","Sin restricción"
2015,8456,07/07/2015,"Martes",0,,,"0.0",2,"Moto/Ciclomotor,Moto/Ciclomotor"," ",2,1,0,0,1,0,0,,"S/D",,"VENADO TUERTO","General López","S/D","S/D","VIII","S/D","S/D","S/D","S/D","S/D","S/D","S/D","S/D","S/D","S/D","S/D","S/D","S/D","S/D","S/D","S/D"
2015,8457,09/11/2015,"Lunes",0,,,"0.0",2,"Automóvil,Transporte de Pasajeros Urbano (> 8 asientos)","Av Pte Peron Y Castellanos",2,1,0,0,1,0,0,,"Calle",,"SANTA FE","La Capital","Asfalto","No existe","I","Dentro","Urbana","Otra Señal","No existe","Intersección","Bueno","S/D","S/D","Buen Tiempo","Lateral","S/D","Colisión","S/D","Faltante","Cordón divisorio","Sin restricción"
2015,8458,04/11/2015,"Miercoles",0,19:00:00,,"0.0",2,"Moto/Ciclomotor,Automóvil","Iturraspe Y Cochabamba",2,1,0,0,1,0,0,,"Calle",,"SANTA FE","La Capital","Asfalto","No existe","I","Dentro","Urbana","Ninguna","No existe","Intersección","Ahuellamiento","Buena","Nocturna,Con luz artificial","Buen Tiempo","Lateral","S/D","Colisión","S/D","Vertical","Cordón divisorio","Sin restricción"
2015,8459,03/11/2015,"Martes",0,13:00:00,,"0.0",2,"Moto/Ciclomotor,Automóvil","Av Pte Peron Y Centenera",2,1,0,0,1,0,0,,"Calle",,"SANTA FE","La Capital","Asfalto","No existe","I","Dentro","Urbana","Otra Señal","No existe","Intersección","Bueno","Buena","Diurna","Buen Tiempo","Lateral","S/D","Colisión","S/D","Faltante","Cordón divisorio","Sin restricción"
2015,8460,25/11/2015,"Miercoles",0,16:00:00,,"0.0",2,"Moto/Ciclomotor,Camión","Intendente Manuel Irigoyen Y Cingolani",2,1,0,0,1,0,0,,"Calle",,"SANTA FE","La Capital","Asfalto","No existe","I","Dentro","Urbana","Ninguna","No existe","Recta","Con baches","Reducida","Diurna","Buen Tiempo","Lateral","S/D","Colisión","Ninguna","Faltante","Ninguna","Sin restricción"
2015,8461,25/11/2015,"Miercoles",0,14:30:00,,"0.0",2,"Moto/Ciclomotor,Automóvil","Av Freyre Y Uruguay",2,1,0,0,1,0,0,,"Avenida",,"SANTA FE","La Capital","Asfalto","No existe","I","Dentro","Urbana","Ninguna","No existe","Intersección","Con baches","Buena","Diurna","Buen Tiempo","Lateral","S/D","Colisión","Ninguna","Faltante","Ninguna","Sin restricción"
2015,8462,22/11/2015,"Domingo",0,13:50:00,,"0.0",2,"Automóvil,Moto/Ciclomotor"," ",3,2,0,0,1,0,0,,"S/D",,"SANTA FE","La Capital","Asfalto","Pavimento","I","Dentro","Urbana","Ninguna","No existe","Puente","Con baches","Buena","Diurna","Buen Tiempo","De alcance","S/D","Colisión","Ninguna","Faltante","Ninguna","Sin restricción"
2015,8463,20/11/2015,"Viernes",0,09:00:00,,"0.0",2,"Moto/Ciclomotor,Automóvil","Av Freyre Y Juan de Garay",2,1,0,0,1,0,0,,"Avenida",,"SANTA FE","La Capital","Asfalto","No existe","I","Dentro","Urbana","Ninguna","No existe","Intersección","Con baches","Buena","Diurna","Buen Tiempo","Lateral","S/D","Colisión","Ninguna","Faltante","Ninguna","Sin restricción"
2015,8464,20/11/2015,"Viernes",0,18:00:00,,"0.0",2,"Moto/Ciclomotor,Automóvil","Av Gral Lopez Y Saavedra",2,1,0,0,1,0,0,,"Avenida",,"SANTA FE","La Capital","Asfalto","No existe","I","Dentro","Urbana","Ninguna","No existe","Intersección","Bueno","Buena","Diurna","Buen Tiempo","Lateral","S/D","Colisión","Ninguna","Faltante","Ninguna","Sin restricción"
2015,8465,19/11/2015,"Jueves",0,20:20:00,,"0.0",2,"Moto/Ciclomotor,Automóvil","Lamadrid 1000",2,1,0,0,1,0,0,,"S/D",,"SANTA FE","La Capital","Asfalto","No existe","I","S/D","S/D","Ninguna","No existe","Recta","Con baches","Buena","Nocturna","Buen Tiempo","De alcance","S/D","Colisión","Ninguna","Faltante","Ninguna","Sin restricción"
2015,8466,08/08/2015,"Sabado",0,19:00:00,,"0.0",2,"Moto/Ciclomotor,Automóvil","San Martin 1600",2,1,0,0,1,0,0,,"Calle",,"ROMANG","San Javier","S/D","S/D","IX","Dentro","Urbana","S/D","S/D","S/D","S/D","S/D","Atardecer","S/D","S/D","S/D","Colisión","S/D","S/D","S/D","S/D"
2015,8467,08/08/2015,"Sabado",0,17:15:00,,"0.0",2,"Automóvil,Automóvil","Moreno Y Lopez y Planes",4,1,0,0,3,0,0,,"Calle",,"VILLA OCAMPO","General Obligado","S/D","S/D","IX","Dentro","Urbana","S/D","S/D","S/D","S/D","S/D","S/D","S/D","Contra objeto fijo,Lateral","S/D","Colisión","S/D","S/D","S/D","S/D"
2015,8468,24/08/2015,"Lunes",0,17:30:00,,"0.0",1,"Automóvil","Republica de Irlanda Y Maipu",1,0,0,0,0,1,0,"-33.755709, -61.982995","Calle",,"VENADO TUERTO","General López","S/D","S/D","VIII","Fuera","Urbana","S/D","S/D","Intersección","S/D","S/D","Diurna","S/D","S/D","S/D","Vuelco","S/D","S/D","S/D","S/D"
2015,8469,24/08/2015,"Lunes",0,17:00:00,,"0.0",2,"Automóvil,Automóvil","Alvear Y Italia",5,2,0,0,3,0,0,,"Calle",,"VENADO TUERTO","General López","S/D","S/D","VIII","Dentro","Urbana","S/D","S/D","Intersección","S/D","S/D","Diurna","S/D","S/D","S/D","Colisión","S/D","S/D","S/D","S/D"
2015,8470,02/11/2015,"Lunes",0,13:40:00,,"0.0",2,"Bicicleta,Pickup/Utilitario","Saavedra 3700",2,1,0,0,1,0,0,"-31.630916666667,-60.711611111111","Calle",,"SANTA FE","La Capital","Asfalto","No existe","I","S/D","Urbana","Ninguna","No existe","Recta","Bueno","Buena","Diurna","Buen Tiempo","Lateral","S/D","Atropello","S/D","Faltante","Cordón divisorio","Sin restricción"
2015,8471,02/11/2015,"Lunes",0,10:30:00,,"0.0",2,"Moto/Ciclomotor,Automóvil","Pedro Diaz Colodrero Y Gdor Freyre",2,1,0,0,1,0,0,,"Calle",,"SANTA FE","La Capital","Asfalto","Pavimento","I","S/D","Urbana","Semáforo","Funciona","Intersección","Bueno","Buena","Diurna","Buen Tiempo","Lateral","S/D","Colisión","S/D","Faltante","Cordón divisorio","Sin restricción"
2015,8472,28/11/2015,"Sabado",0,14:00:00,,"0.0",2,"Moto/Ciclomotor,Transporte de Pasajeros Urbano (> 8 asientos)","J J Paso Y Francia",2,1,0,0,1,0,0,,"Avenida",,"SANTA FE","La Capital","Asfalto","No existe","I","Dentro","Urbana","Ninguna","No existe","Intersección","Con baches","Buena","Diurna","Buen Tiempo","Lateral","S/D","Colisión","Ninguna","Faltante","Ninguna","Sin restricción"
2015,8473,25/11/2015,"Miercoles",0,19:30:00,,"0.0",2,"Automóvil,Moto/Ciclomotor","J J Paso Y Saavedra",2,1,0,0,1,0,0,,"Calle",,"SANTA FE","La Capital","Asfalto","No existe","I","Dentro","Urbana","Ninguna","No existe","Intersección","Con baches","Buena","Atardecer","Buen Tiempo","Lateral","S/D","Colisión","Ninguna","Faltante","Ninguna","Sin restricción"
2015,8474,18/11/2015,"Miercoles",0,11:30:00,,"0.0",2,"Bicicleta,Automóvil","Corrientes 3875",2,1,0,0,1,0,0,"-31.650777777778,-60.725416666667","Calle",,"SANTA FE","La Capital","Asfalto","No existe","I","Dentro","Urbana","Ninguna","No existe","Recta","Con baches","Buena","Diurna","Buen Tiempo","Contra objeto fijo","S/D","Colisión","Ninguna","Faltante","Ninguna","Sin restricción"
2015,8475,13/11/2015,"Viernes",0,13:30:00,,"0.0",2,"Moto/Ciclomotor,Automóvil","Corrientes Y Av Freyre",2,1,0,0,1,0,0,,"Calle",,"SANTA FE","La Capital","Asfalto","No existe","I","Dentro","Urbana","Ninguna","No existe","Intersección","Con baches","Buena","Diurna","Buen Tiempo","Lateral","S/D","Colisión","Ninguna","Faltante","Ninguna","Sin restricción"
2015,8476,12/08/2015,"Miercoles",0,05:10:00,"Ruta Nacional 8","0.0",2,"Camión,Camión","Ruta Nac 8 Y Martin de Pueyrredon",2,1,0,0,1,0,0,,"Ruta",8,"VENADO TUERTO","General López","Hormigón","Natural","VIII","Dentro","Rural","S/D","S/D","S/D","Bueno","S/D","Amanecer","Buen Tiempo","De alcance","S/D","Colisión","Ninguna","Horizontal","Línea divisoria pintada","S/D"
2015,8477,19/08/2015,"Miercoles",0,15:30:00,"Ruta Nacional 11","0.0",2,"Bicicleta,Pickup/Utilitario","Av San Martin Y Viamonte",4,0,0,1,3,0,0,,"Ruta",11,"GRANADERO BAIGORRIA","Rosario","S/D","S/D","II","Dentro","Urbana","S/D","S/D","Intersección","S/D","S/D","Diurna","S/D","S/D","S/D","Atropello","S/D","S/D","S/D","S/D"
2015,8478,12/11/2015,"Jueves",0,15:40:00,,"0.0",2,"Moto/Ciclomotor,Automóvil","Av Gral Lopez Y Saavedra",3,2,0,0,1,0,0,,"Avenida",,"SANTA FE","La Capital","Asfalto","No existe","I","Dentro","Urbana","Ninguna","No existe","Intersección","Bueno","Buena","Diurna","Lluvia","Lateral","S/D","Colisión","Agua","Faltante","Línea divisoria pintada","Sin restricción"
2015,8479,14/08/2015,"Viernes",0,04:10:00,"Autopista Nacional Rosario -Cordoba","349.0",5,"Camión,Camión,Camión,Camión,Camión"," ",5,3,0,0,2,0,0,,"Autopista","Rosario -Cordoba","CARCARAÑÁ","San Lorenzo","Hormigón","Natural","XVII","Dentro","Rural","S/D","S/D","S/D","S/D","S/D","Nocturna","S/D","Múltiple","S/D","Colisión","S/D","S/D","S/D","S/D"
2015,8480,11/11/2015,"Miercoles",0,07:00:00,,"0.0",2,"Moto/Ciclomotor,Automóvil","Av J J Paso 3400",2,1,0,0,1,0,0,,"Avenida",,"SANTA FE","La Capital","Asfalto","No existe","I","Dentro","Urbana","Ninguna","No existe","Recta","Con baches","Buena","Amanecer","Buen Tiempo","De alcance","S/D","Colisión","Ninguna","Faltante","Cordón divisorio","Sin restricción"
2015,8481,20/09/2015,"Domingo",0,20:50:00,"Ruta Secundaria 280-s","15.0",2,"Moto/Ciclomotor,Pickup/Utilitario"," ",3,0,0,0,2,1,0,"-30.982380, -61.704515","Ruta","280-s","SUNCHALES","Castellanos","Asfalto","Natural","V","Dentro","Rural","Ninguna","No existe","Curva","Bueno","Reducida","Nocturna","Lluvia","Frontal","S/D","Colisión","Ninguna","Horizontal","Línea divisoria pintada","Sin restricción"
2015,8482,01/09/2015,"Martes",0,19:10:00,"Ruta Nacional 178","181.0",2,"Automóvil,Automóvil","RN178 UNOS 100 AL NOROESTE DE ROSARIO ",3,0,1,0,0,2,0,"-32.6608401,-61.5316041","Ruta",178,"LAS PAREJAS","Belgrano","Asfalto","Natural","III","Dentro","Urbana","Ninguna","No existe","Recta","Bueno","Buena","Atardecer","Buen Tiempo","Frontal","S/D","Colisión","Ninguna","Vertical","Ninguna","Sin restricción"
2015,8483,09/11/2015,"Lunes",0,11:30:00,,"0.0",2,"Moto/Ciclomotor,Pickup/Utilitario","Entre Rios Y San Jose",2,1,0,0,1,0,0,,"Calle",,"SANTA FE","La Capital","Asfalto","No existe","I","Dentro","Urbana","Ninguna","No existe","Intersección","Con baches","Buena","Diurna","Buen Tiempo","Lateral","S/D","Colisión","Ninguna","Faltante","Ninguna","Sin restricción"
2015,8484,08/11/2015,"Domingo",0,11:30:00,,"0.0",2,"Moto/Ciclomotor,Automóvil"," ",4,3,0,0,1,0,0,,"S/D",,"SANTA FE","La Capital","Asfalto","Pavimento","I","S/D","S/D","Ninguna","No existe","Puente","Con baches","Buena","Diurna","Buen Tiempo","De alcance","S/D","Colisión","Ninguna","Faltante","Línea divisoria pintada","Sin restricción"
2015,8485,19/08/2015,"Miercoles",0,20:40:00,"Ruta Nacional 11","455.0",2,"Automóvil,Automóvil"," ",2,2,0,0,0,0,0,,"Ruta",11,"OLIVEROS","Iriondo","S/D","S/D","X","Dentro","S/D","S/D","S/D","Recta","S/D","S/D","Nocturna","S/D","S/D","S/D","Colisión","S/D","S/D","S/D","S/D"
2015,8486,06/11/2015,"Viernes",0,10:35:00,,"0.0",2,"Automóvil,Automóvil"," ",2,1,0,0,1,0,0,,"S/D",,"SANTA FE","La Capital","Asfalto","Pavimento","I","Dentro","Urbana","Ninguna","No existe","Puente","Con baches","Buena","Diurna","Buen Tiempo","De alcance","S/D","Colisión","Ninguna","Faltante","Ninguna","Sin restricción"
2015,8487,04/09/2015,"Viernes",0,20:20:00,"Ruta Provincial 70","0.0",2,"Moto/Ciclomotor,Automóvil","Guemes Gral ",2,0,0,0,1,1,0,"-31.392177, -61.075923","Ruta",70,"HUMBOLDT","Las Colonias","Asfalto","Natural","XI","Dentro","Urbana","Marca Vial","No existe","Curva","Bueno","Buena","Nocturna","Buen Tiempo","Frontal","S/D","Colisión","Ninguna","S/D","Ninguna","Sin restricción"
2015,8488,08/11/2015,"Domingo",0,10:55:00,,"0.0",2,"Moto/Ciclomotor,Automóvil","J J Paso ",2,1,0,0,1,0,0,,"Calle",,"SANTA FE","La Capital","S/D","S/D","I","Dentro","Urbana","S/D","S/D","S/D","S/D","S/D","Diurna","S/D","S/D","S/D","S/D","S/D","S/D","S/D","S/D"
2015,8489,21/08/2015,"Viernes",0,00:50:00,"Ruta Provincial 2","214.0",2,"Camión,Automóvil"," ",4,2,2,0,0,0,0,,"Ruta",2,"SANTURCE","San Cristóbal","S/D","S/D","XIII","Dentro","Rural","S/D","S/D","Recta","S/D","S/D","Nocturna","S/D","Lateral","S/D","Colisión","S/D","S/D","S/D","S/D"
2015,8490,05/11/2015,"Jueves",0,13:00:00,,"0.0",2,"Automóvil,Automóvil"," ",2,1,0,0,1,0,0,,"Avenida",,"SANTA FE","La Capital","Asfalto","Pavimento","I","Dentro","Urbana","Ninguna","No existe","Recta","Con baches","Buena","Diurna","Buen Tiempo","De alcance","S/D","Colisión","Ninguna","Faltante","Ninguna","Sin restricción"
2015,8491,07/11/2015,"Sabado",0,17:00:00,,"0.0",2,"Moto/Ciclomotor,Automóvil","Santiago de Chile Y Monseñor Zaspe",2,1,0,0,1,0,0,,"Calle",,"SANTA FE","La Capital","S/D","S/D","I","Dentro","Urbana","S/D","S/D","S/D","S/D","S/D","S/D","S/D","S/D","S/D","S/D","S/D","S/D","S/D","S/D"
2015,8492,10/11/2015,"Martes",0,18:30:00,,"0.0",2,"Moto/Ciclomotor,Peatón","Dr Zavalla 1000",2,1,0,0,1,0,0,"-31.661134, -60.724538","Calle",,"SANTA FE","La Capital","S/D","No existe","I","Dentro","Urbana","Ninguna","No existe","Recta","Con baches","Buena","Diurna","Buen Tiempo","S/D","S/D","Atropello","S/D","Faltante","Ninguna","Sin restricción"
2015,8493,30/11/2015,"Lunes",0,11:15:00,,"0.0",3,"Transporte de Pasajeros Urbano (> 8 asientos),Moto/Ciclomotor,Automóvil","Gdor Candioti Y Pedro Francisco A Candioti",3,1,0,0,2,0,0,,"Calle",,"SANTA FE","La Capital","Asfalto","S/D","I","Dentro","Urbana","S/D","S/D","Intersección","Bueno","Buena","Diurna","S/D","Múltiple","S/D","Colisión","S/D","S/D","S/D","S/D"
2015,8494,30/11/2015,"Lunes",0,19:05:00,,"0.0",2,"Moto/Ciclomotor,Pickup/Utilitario","Gdor Candioti Y Pedro Francisco A Candioti",2,1,0,0,1,0,0,,"Calle",,"SANTA FE","La Capital","Asfalto","S/D","I","Dentro","Urbana","S/D","S/D","Intersección","Bueno","Buena","Diurna","S/D","Lateral","S/D","Colisión","S/D","S/D","S/D","S/D"
2015,8495,27/11/2015,"Viernes",0,07:55:00,,"0.0",2,"Automóvil,Automóvil","Nicasio Oroño ",2,1,0,0,1,0,0,,"Calle",,"SANTA FE","La Capital","Asfalto","No existe","I","Dentro","Urbana","S/D","No existe","Intersección","Bueno","Buena","Diurna","S/D","De alcance","S/D","Colisión","S/D","Vertical","S/D","S/D"
2015,8496,25/11/2015,"Miercoles",0,08:30:00,,"0.0",2,"Automóvil,Automóvil","Avellaneda Y Bv Galvez",2,1,0,0,1,0,0,,"Calle",,"SANTA FE","La Capital","Asfalto","S/D","I","Dentro","Urbana","S/D","Funciona","Intersección","Bueno","Buena","Diurna","S/D","Lateral","S/D","Colisión","S/D","Vertical","S/D","S/D"
2015,8497,24/11/2015,"Martes",0,13:35:00,,"0.0",2,"Moto/Ciclomotor,Automóvil","ALTURA PREDIO UNL ",2,1,0,0,1,0,0,,"Calle",,"SANTA FE","La Capital","Asfalto","S/D","I","Dentro","Urbana","S/D","S/D","Recta","Bueno","S/D","S/D","S/D","De alcance","S/D","Colisión","S/D","S/D","S/D","S/D"
2015,8498,22/11/2015,"Domingo",0,04:00:00,,"0.0",2,"Moto/Ciclomotor,Automóvil","Av Almte Brown Y Juan Del Campillo",2,1,0,0,1,0,0,,"Calle",,"SANTA FE","La Capital","Asfalto","S/D","I","Dentro","Urbana","S/D","S/D","Intersección","Bueno","S/D","S/D","S/D","Lateral","S/D","Colisión","S/D","S/D","S/D","S/D"
2015,8499,21/11/2015,"Sabado",0,08:50:00,,"0.0",2,"Automóvil,Automóvil","Belgrano Y Castellanos",3,1,0,0,2,0,0,,"Calle",,"SANTA FE","La Capital","Asfalto","S/D","I","Dentro","Urbana","S/D","S/D","Intersección","Bueno","Buena","Diurna","S/D","Lateral","S/D","Colisión","S/D","S/D","S/D","S/D"
2015,8500,20/11/2015,"Viernes",0,11:15:00,,"0.0",2,"Moto/Ciclomotor,Automóvil","Eva Peron Y Las Heras",2,1,0,0,1,0,0,,"Calle",,"SANTA FE","La Capital","Asfalto","S/D","I","Dentro","Urbana","S/D","S/D","Intersección","Bueno","S/D","Diurna","S/D","Lateral","S/D","Colisión","S/D","S/D","S/D","S/D"