"anio_acci","nro_acci","fecha","desc_dia","fecha_aprox","hora_aprox","desc_ruta","km","cant_participantes","desc_participante","calle_avenida_km","total","heridos_leves","heridos_graves","heridos_gravisimos","ilesos","fallecidos","sin_datos","posicion_XY","desc_tipo_via","desc_ruta_ori","desc_loc","desc_dpto","desc_tipo_calzada","desc_tipo_banquina","desc_unidad_regional","desc_lugar_calzada","desc_zona","desc_prioridad","desc_estado_semaforo","desc_lugar_via","desc_estado_via","desc_estado_visibilidad","desc_luminosidad","desc_estado_clima","desc_tipo_colision","desc_tipo_atropello","desc_tipo_hecho","desc_pres_calzada","desc_senializacion","desc_separacion_via","desc_restriccion"
2015,8501,10/11/2015,"Martes",0,13:05:00,,"0.0",2,"Bicicleta,Automóvil","Balcarce Y Alvear",2,1,0,0,1,0,0,"-31.637972222222,-60.696833333333","Calle",,"SANTA FE","La Capital","Asfalto","S/D","I","Dentro","Urbana","S/D","S/D","Intersección","Bueno","Buena","Diurna","S/D","Lateral","S/D","Atropello","S/D","S/D","S/D","S/D"
2015,8502,08/11/2015,"Domingo",0,17:00:00,,"0.0",2,"Bicicleta,Automóvil","Maipu Y Sarmiento",2,1,0,0,1,0,0,"-31.635777777778,-60.692805555556","Calle",,"SANTA FE","La Capital","Asfalto","S/D","I","Dentro","Urbana","S/D","S/D","Intersección","Bueno","Buena","Diurna","S/D","Lateral","S/D","Atropello","S/D","S/D","S/D","S/D"
2015,8503,06/07/2015,"Lunes",0,,"Ruta Provincial 91","0.0",1,"Camión"," ",1,1,0,0,0,0,0,,"Ruta",91,"TOTORAS","Iriondo","S/D","S/D","X","S/D","S/D","S/D","S/D","S/D","S/D","S/D","Diurna","S/D","S/D","S/D","Vuelco","S/D","S/D","S/D","S/D"
2015,8504,22/09/2015,"Martes",0,16:00:00,"Ruta Provincial 90","15.0",2,"Automóvil,Automóvil"," ",4,1,0,0,0,3,0,"-28.451167, -61.487827","Ruta",90,"GODOY","Constitución","Hormigón","Pavimento","VI","Dentro","Rural","Otra Señal","No existe","Recta","Bueno","Buena","Diurna","Buen Tiempo","Frontal","S/D","Colisión","Ninguna","S/D","Línea divisoria pintada","Sin restricción"
2015,8505,08/11/2015,"Domingo",0,15:40:00,,"0.0",2,"Moto/Ciclomotor,Automóvil","Gdor Candioti Y Juan Del Campillo",2,1,0,0,1,0,0,,"Calle",,"SANTA FE","La Capital","Asfalto","S/D","I","Dentro","Urbana","S/D","No existe","Intersección","Bueno","S/D","Diurna","S/D","Lateral","S/D","Colisión","S/D","S/D","S/D","S/D"
2015,8506,09/09/2015,"Miercoles",0,01:00:00,"Ruta Nacional 95","868.5",2,"Pickup/Utilitario,Moto/Ciclomotor"," ",4,0,0,0,2,2,0,"-28.451167, -61.487827","Ruta",95,"SAN BERNARDO","9 de Julio","Asfalto","Natural","XII","Dentro","Rural","Ninguna","No existe","Recta","Bueno","Buena","Nocturna","Buen Tiempo","De alcance","S/D","Colisión","Ninguna","Faltante","Línea divisoria pintada","Sin restricción"
2015,8507,19/07/2015,"Domingo",0,11:00:00,,"0.0",1,"Automóvil"," ",5,1,0,0,4,0,0,,"Calle",,"SANTA FE","La Capital","S/D","S/D","I","Dentro","Urbana","S/D","S/D","Recta","S/D","S/D","S/D","S/D","Contra objeto fijo","S/D","Colisión","S/D","S/D","S/D","S/D"
2015,8508,19/07/2015,"Domingo",0,22:00:00,,"0.0",2,"Automóvil,Moto/Ciclomotor","San Martin Y Viena",3,2,0,0,1,0,0,,"Calle",,"EL TRÉBOL","San Martín","S/D","S/D","XVIII","Dentro","Urbana","S/D","S/D","Intersección","S/D","S/D","Nocturna","S/D","S/D","S/D","Colisión","S/D","S/D","S/D","S/D"
2015,8509,27/09/2015,"Domingo",0,03:10:00,,"0.0",4,"Automóvil,Peatón,Peatón,Peatón","Av. Ovidio Lagos 6800",4,2,0,0,1,1,0,"-33.0179,-60.6791783","Calle",,"ROSARIO","Rosario","Asfalto","Natural","II","Dentro","Urbana","Ninguna","No existe","Recta","Bueno","Buena","Nocturna","Buen Tiempo","Contra objeto fijo","S/D","Colisión,Atropello","S/D","Faltante","Ninguna","Sin restricción"
2015,8510,25/09/2015,"Viernes",0,13:00:00,"Autopista Provincial Brigadier E.López","3.5",2,"Camión,Moto/Ciclomotor"," ",2,0,0,0,1,1,0,"-32.861271, -60.732204","Autopista","Brigadier E.López","GRANADERO BAIGORRIA","Rosario","Asfalto","Natural","II","Dentro","Rural","Ninguna","No existe","Recta","Bueno","Buena","Diurna","Buen Tiempo","De alcance","S/D","Colisión","Ninguna","Horizontal","Vegetación","Sin restricción"
2015,8511,27/09/2015,"Domingo",0,10:55:00,"Ruta Provincial 2","11.0",2,"Automóvil,Moto/Ciclomotor","100 MTS ANTES DE LLEGAR A LA CURVA MOTEL ATENAS  ",3,0,0,0,2,1,0,"-31.476252, -60.673830","Ruta",2,"ANGEL GALLARDO","La Capital","Hormigón","Natural","I","Dentro","Rural","Ninguna","No existe","Recta","Bueno","Buena","Diurna","Buen Tiempo","Lateral","S/D","Colisión","Ninguna","S/D","Ninguna","Sin restricción"
2015,8512,10/09/2015,"Jueves",0,20:40:00,"Ruta Nacional 95","845.0",2,"Camión,Automóvil"," ",3,0,0,0,1,2,0,"-28.659323, -61.528379","Ruta",95,"SAN BERNARDO","9 de Julio","Asfalto","Natural","XII","Dentro","Rural","Ninguna","No existe","Recta","Deteriorada","Buena","Nocturna","Buen Tiempo","Lateral","S/D","Colisión,Vuelco","Ninguna","Faltante","Ninguna","Sin restricción"
2015,8513,13/09/2015,"Domingo",0,07:00:00,,"0.0",1,"Moto/Ciclomotor","Av Facundo Zuviria Y J P Lopez",3,1,1,0,0,1,0,"-31.606454, -60.703443","Avenida",,"SANTA FE","La Capital","Asfalto","No existe","I","Dentro","Urbana","Ninguna","Funciona","Intersección","Bueno","Buena","Amanecer","Buen Tiempo","S/D","S/D","Caída ocupante","Ninguna","Horizontal","Ninguna","Sin restricción"
2015,8514,25/11/2015,"Miercoles",0,,,"0.0",2,"Moto/Ciclomotor,Automóvil","Av Blas Parera 10200",2,1,0,0,1,0,0,,"Calle",,"SANTA FE","La Capital","Hormigón","Pavimento","I","S/D","Urbana","Semáforo","No funciona","Recta","Bueno","Buena","Diurna","Buen Tiempo","Lateral","S/D","Colisión","Ninguna","Vertical","Ninguna","Sin restricción"
2015,8515,14/09/2015,"Lunes",0,06:30:00,"Ruta Provincial 13","115.0",2,"Peatón,Pickup/Utilitario","Ruta Pcial 13 Y Parana",2,0,0,0,1,1,0,"-31.522401, -61.725462","Ruta",13,"ESTACIÓN CLUCELLAS","Castellanos","Asfalto","Ripio","V","Dentro","Urbana","Ninguna","No existe","Intersección","Bueno","Reducida","Amanecer","Buen Tiempo","S/D","S/D","Atropello","Ninguna","S/D","Línea divisoria pintada","Sin restricción"
2015,8516,14/09/2015,"Lunes",0,21:00:00,"Ruta Nacional 11","678.0",2,"Automóvil,Moto/Ciclomotor"," ",2,0,0,0,1,1,0,"-29.8558276,-60.2819737","Ruta",11,"CALCHAQUÍ","Vera","Asfalto","Ripio","XIX","Dentro","Rural","Ninguna","No existe","Recta","Bueno","Buena","Nocturna","Buen Tiempo","Contra objeto fijo","S/D","Colisión","S/D","Faltante","Línea divisoria pintada","Sin restricción"
2015,8517,21/11/2015,"Sabado",0,,,"0.0",2,"Automóvil,Moto/Ciclomotor","Av. Eva Peron Y Acevedo Bis",2,1,0,0,1,0,0,,"Calle",,"ROSARIO","Rosario","Asfalto","No existe","II","Dentro","Urbana","Ninguna","No existe","Intersección","Bueno","Buena","Diurna","Buen Tiempo","Lateral","S/D","Colisión","Ninguna","S/D","Ninguna","Sin restricción"
2015,8518,10/11/2015,"Martes",0,,,"0.0",2,"Moto/Ciclomotor,Pickup/Utilitario","Av. Eva Peron Y Brasil",3,2,0,0,1,0,0,,"Calle",,"ROSARIO","Rosario","Asfalto","No existe","II","Dentro","Urbana","Ninguna","No existe","Intersección","Bueno","S/D","S/D","S/D","Lateral","S/D","Colisión","Ninguna","Faltante","Cordón divisorio","S/D"
2015,8519,18/09/2015,"Viernes",0,19:30:00,,"0.0",2,"Automóvil,Moto/Ciclomotor","3 de febrero Y 12 de septiembre",2,0,0,0,0,1,1,"-31.678244, -60.783263","Calle",,"SANTO TOMÉ","La Capital","Ripio","No existe","I","Dentro","Urbana","Ninguna","No existe","Intersección","Bueno","Buena","Atardecer","Buen Tiempo","Lateral","S/D","Colisión","Otro","Faltante","Ninguna","Sin restricción"
2015,8520,19/09/2015,"Sabado",0,02:00:00,"Ruta Provincial 70","86.0",2,"Moto/Ciclomotor,Automóvil","Ruta Prov 70 ",5,4,0,0,0,1,0,"-31.252564, -61.547876","Ruta",70,"RAFAELA","Castellanos","Asfalto","Natural","V","Dentro","Urbana","Ninguna","No existe","Recta","Bueno","Reducida","Nocturna","Buen Tiempo","Frontal","S/D","Colisión","Ninguna","Faltante","Línea divisoria pintada","Sin restricción"
2015,8521,02/11/2015,"Lunes",0,20:30:00,,"0.0",2,"Automóvil,Moto/Ciclomotor"," ",2,1,0,0,1,0,0,,"Calle",,"SANTA FE","La Capital","Asfalto","Pavimento","I","Dentro","Urbana","Señal Pare","S/D","Intersección","Bueno","Buena","Nocturna,Con luz artificial","Buen Tiempo","Lateral","S/D","Colisión","S/D","Horizontal","Guardarrail","Sin restricción"
2015,8522,05/11/2015,"Jueves",0,17:30:00,,"0.0",1,,"ACCESO PUENTE CARRETERO ",2,1,0,0,1,0,0,,"Calle",,"SANTA FE","La Capital","Asfalto","Pavimento","I","Dentro","Urbana","Marca Vial","No existe","Rotonda","Bueno","Buena","Diurna","Buen Tiempo","Lateral","S/D","Colisión","S/D","Horizontal","Guardarrail","Sin restricción"
2015,8523,05/11/2015,"Jueves",0,17:30:00,,"0.0",2,"Automóvil,Pickup/Utilitario","ACCESO PUENTE CARRETERO ",2,1,0,0,1,0,0,,"Calle",,"SANTA FE","La Capital","Asfalto","Pavimento","I","Dentro","Urbana","Marca Vial","No existe","Rotonda","Bueno","Buena","Diurna","Buen Tiempo","Lateral","S/D","Colisión","S/D","Horizontal","Guardarrail","Sin restricción"
2015,8524,06/11/2015,"Viernes",0,19:30:00,,"0.0",2,"Moto/Ciclomotor,Automóvil","Av J J Paso Y San Lorenzo",2,1,0,0,1,0,0,,"Calle",,"SANTA FE","La Capital","Asfalto","Pavimento","I","Dentro","Urbana","Semáforo","Intermitente","Recta","Bueno","Buena","Atardecer,Con luz artificial","Buen Tiempo","Lateral","S/D","Colisión","S/D","Horizontal","Cordón divisorio","Sin restricción"
2015,8525,19/11/2015,"Jueves",0,09:00:00,,"0.0",2,"Peatón,Automóvil","Roque Saenz Peña Y Cristobal Colon",2,1,0,0,1,0,0,"-31.667474, -60.728760","Calle",,"SANTA FE","La Capital","Asfalto","Pavimento","I","Dentro","Urbana","Ninguna","No existe","Recta","Bueno","Buena","Diurna","Buen Tiempo","S/D","S/D","Atropello","S/D","Faltante","Ninguna","Sin restricción"
2015,8526,04/11/2015,"Miercoles",0,08:30:00,,"0.0",2,"Moto/Ciclomotor,Automóvil","Alvear Y Pje Santa Maria de Oro",2,1,0,0,1,0,0,,"Calle",,"SANTA FE","La Capital","Asfalto","S/D","I","Dentro","Urbana","S/D","No existe","Intersección","Bueno","Buena","Diurna","Buen Tiempo","Lateral","S/D","Colisión","S/D","S/D","S/D","S/D"
2015,8527,27/11/2015,"Viernes",0,11:20:00,,"0.0",2,"Moto/Ciclomotor,Automóvil","Roque Saenz Peña Y Cristobal Colon",3,2,0,0,1,0,0,,"Calle",,"SANTA FE","La Capital","Asfalto","Pavimento","I","Dentro","Urbana","Ninguna","No existe","Intersección","Bueno","Buena","Diurna","Buen Tiempo","Lateral","S/D","Colisión","S/D","Faltante","Ninguna","Sin restricción"
2015,8528,29/11/2015,"Domingo",0,19:30:00,,"0.0",2,"Moto/Ciclomotor,Automóvil","25 de Mayo Y Cordoba",3,1,0,0,2,0,0,,"Calle",,"NELSON","La Capital","Tierra","Natural","I","Dentro","Urbana","Ninguna","No existe","Intersección","Bueno","Buena","Nocturna,Con luz artificial","Buen Tiempo","Frontal","S/D","Colisión","S/D","Faltante","Ninguna","Sin restricción"
2015,8529,04/11/2015,"Miercoles",0,17:50:00,,"0.0",2,"Automóvil,Camión","Av Leandro Alem Y Velez Sarsfield",2,1,0,0,1,0,0,,"Avenida",,"SANTA FE","La Capital","Asfalto","S/D","I","Dentro","Urbana","S/D","Funciona","Recta","Bueno","Buena","Diurna","Buen Tiempo","De alcance","S/D","Colisión","S/D","Horizontal,Vertical","S/D","S/D"
2015,8530,03/11/2015,"Martes",0,21:00:00,,"0.0",2,"Transporte de Pasajeros Larga Distancia (Piso  y  1/2),Moto/Ciclomotor","J J Paso Y Av Urquiza",4,1,0,0,3,0,0,,"Calle",,"SANTA FE","La Capital","Asfalto","No existe","I","Dentro","Urbana","Ninguna","Funciona","Intersección","Con baches","Buena","Nocturna","Buen Tiempo","Lateral","S/D","Colisión","S/D","Faltante","Ninguna","Sin restricción"
2015,8531,03/11/2015,"Martes",0,12:00:00,,"0.0",2,"Bicicleta,Moto/Ciclomotor","PUENTE CARRETERO ",2,1,0,0,1,0,0,,"Calle",,"SANTA FE","La Capital","Asfalto","Pavimento","I","Dentro","Urbana","Ninguna","No existe","Puente","Con baches","Buena","Diurna","Buen Tiempo","De alcance","S/D","Atropello","S/D","Faltante","Línea divisoria pintada","Sin restricción"
2015,8532,01/11/2015,"Domingo",0,08:30:00,,"0.0",2,"Moto/Ciclomotor,Moto/Ciclomotor","Zavalia Y Amenabar",2,1,0,0,1,0,0,,"Calle",,"SANTA FE","La Capital","Asfalto","No existe","I","Dentro","Urbana","Ninguna","No existe","Intersección","Con baches","Buena","Diurna","Buen Tiempo","Lateral","S/D","Colisión","S/D","Faltante","Ninguna","Sin restricción"
2015,8533,31/10/2015,"Sabado",0,18:40:00,,"0.0",2,"Automóvil,Moto/Ciclomotor","Av Freyre Y Monseñor Zaspe",5,2,0,0,3,0,0,,"Calle",,"SANTA FE","La Capital","Asfalto","No existe","I","Dentro","Urbana","Ninguna","No existe","Intersección","Con baches","Buena","Diurna","Buen Tiempo","Lateral","S/D","Colisión","S/D","Faltante","Ninguna","Sin restricción"
2015,8534,07/11/2015,"Sabado",0,14:30:00,,"0.0",2,"Moto/Ciclomotor,Automóvil","Bv Galvez 1345",3,2,0,0,1,0,0,,"Calle",,"SANTA FE","La Capital","Asfalto","S/D","I","Dentro","Urbana","S/D","Funciona","Recta","Bueno","S/D","Diurna","S/D","De alcance","S/D","Colisión","S/D","S/D","S/D","S/D"
2015,8535,06/11/2015,"Viernes",0,06:30:00,,"0.0",2,"Automóvil,Moto/Ciclomotor","Av Leandro Alem Y Sargento Cabral",2,1,0,0,1,0,0,,"Calle",,"SANTA FE","La Capital","Asfalto","S/D","I","Dentro","Urbana","S/D","S/D","Intersección","Bueno","S/D","S/D","S/D","Lateral","S/D","Colisión","S/D","S/D","S/D","S/D"
2015,8536,14/11/2015,"Sabado",0,20:35:00,,"0.0",2,"Automóvil,Moto/Ciclomotor","Callejón El Sable 5400",2,1,0,0,1,0,0,,"Calle",,"SANTA FE","La Capital","Ripio","No existe","I","Dentro","Urbana","S/D","No existe","Intersección","Con baches","Buena","Nocturna,Con luz artificial","Buen Tiempo","Lateral","S/D","Colisión","Ninguna","Faltante","S/D","Sin restricción"
2015,8537,06/11/2015,"Viernes",0,08:40:00,,"0.0",2,"Moto/Ciclomotor,Pickup/Utilitario","Bv Galvez 1900",2,1,0,0,1,0,0,,"Calle",,"SANTA FE","La Capital","Asfalto","S/D","I","Dentro","Urbana","S/D","Funciona","Recta","Bueno","Buena","Diurna","S/D","De alcance","S/D","Colisión","S/D","S/D","S/D","S/D"
2015,8538,05/11/2015,"Jueves",0,18:00:00,"Ruta Nacional 168","0.0",3,"Automóvil,Automóvil,Taxi/Remis","Nicasio Oroño ",3,1,0,0,2,0,0,,"Ruta",168,"SANTA FE","La Capital","S/D","S/D","I","Dentro","Urbana","S/D","S/D","Puente","S/D","Buena","Diurna","S/D","Múltiple","S/D","Colisión","S/D","Vertical","S/D","S/D"
2015,8539,03/11/2015,"Martes",0,19:05:00,,"0.0",2,"Moto/Ciclomotor,Automóvil","Bv Galvez Y Velez Sarsfield",2,1,0,0,1,0,0,,"Calle",,"SANTA FE","La Capital","Asfalto","S/D","I","Dentro","Urbana","S/D","Funciona","Intersección","Bueno","Buena","Atardecer","S/D","Lateral","S/D","Colisión","S/D","Vertical","S/D","S/D"
2015,8540,29/07/2015,"Miercoles",0,,"Ruta Provincial 4","0.0",2,"Automóvil,Pickup/Utilitario"," ",3,3,0,0,0,0,0,,"Ruta",4,"CULULÚ","Las Colonias","Asfalto","S/D","XI","Dentro","Rural","S/D","S/D","Recta","Bueno","Buena","Diurna","Buen Tiempo","Frontal","S/D","Colisión","S/D","S/D","Línea divisoria pintada","S/D"
2015,8541,27/11/2015,"Viernes",0,19:30:00,,"0.0",2,"Peatón,Pickup/Utilitario","Entre Rios Y Coronel Dominguez",2,0,1,0,1,0,0,,"Calle",,"SANTA CLARA DE BUENA VISTA","Las Colonias","S/D","S/D","XI","Dentro","Urbana","S/D","S/D","Intersección","S/D","Buena","Atardecer","Buen Tiempo","S/D","S/D","Atropello","S/D","S/D","S/D","S/D"
2015,8542,26/07/2015,"Domingo",0,13:00:00,"Ruta Secundaria 60-s","0.0",1,"Pickup/Utilitario"," ",4,1,0,0,3,0,0,,"Ruta","60-s","HUMBOLDT","Las Colonias","S/D","S/D","XI","Dentro","Rural","S/D","S/D","Recta","S/D","Buena","Diurna","Buen Tiempo","S/D","S/D","Vuelco","S/D","S/D","S/D","S/D"
2015,8543,30/07/2015,"Jueves",0,18:00:00,"Ruta Nacional 11","750.0",1,"Camión"," ",3,3,0,0,0,0,0,,"Ruta",11,"MALABRIGO","General Obligado","S/D","S/D","IX","Dentro","Rural","S/D","S/D","Recta","S/D","Buena","Diurna","S/D","S/D","S/D","Vuelco","S/D","S/D","S/D","S/D"
2015,8544,27/07/2015,"Lunes",0,20:00:00,,"0.0",2,"Moto/Ciclomotor,Pickup/Utilitario","Av Los Colonizadores Y Almirante Brown",3,1,0,0,2,0,0,,"Calle",,"ESPERANZA","Las Colonias","S/D","S/D","XI","Dentro","Urbana","S/D","S/D","Intersección","S/D","S/D","Nocturna","S/D","S/D","S/D","Colisión","S/D","S/D","S/D","S/D"
2015,8545,31/07/2015,"Viernes",0,,"Ruta Nacional 11","0.0",1,"Moto/Ciclomotor","Av Blas Parera ",3,2,0,0,0,1,0,"-31.606592, -60.719885","Ruta",11,"SANTA FE","La Capital","Hormigón","S/D","I","Dentro","Urbana","S/D","S/D","Intersección","S/D","S/D","Nocturna","S/D","S/D","S/D","Caída ocupante","S/D","S/D","S/D","Sin restricción"
2015,8546,02/08/2015,"Domingo",0,18:30:00,,"0.0",2,"Automóvil,Moto/Ciclomotor","Gral Urquiza 2115",2,1,0,0,1,0,0,,"Calle",,"MALABRIGO","General Obligado","S/D","S/D","IX","Dentro","Urbana","S/D","S/D","Recta","S/D","S/D","Atardecer","S/D","S/D","S/D","Colisión","S/D","S/D","S/D","S/D"
2015,8547,02/08/2015,"Domingo",0,09:15:00,"Ruta Nacional 11","756.0",1,"Moto/Ciclomotor"," ",2,2,0,0,0,0,0,,"Ruta",11,"MALABRIGO","General Obligado","Hormigón","S/D","IX","Dentro","Urbana","S/D","S/D","S/D","S/D","S/D","Diurna","S/D","S/D","S/D","Caída ocupante","S/D","S/D","S/D","S/D"
2015,8548,18/08/2015,"Martes",0,,"Ruta Nacional 11","718.0",2,"Automóvil,Automóvil"," ",2,1,0,0,1,0,0,,"Ruta",11,"VERA","Vera","S/D","S/D","XIX","Dentro","Rural","S/D","S/D","Recta","Bueno","S/D","Diurna","Buen Tiempo","De alcance","S/D","Colisión,Despiste","S/D","S/D","S/D","S/D"
2015,8549,02/08/2015,"Domingo",0,06:05:00,"Ruta Nacional 11","756.7",1,"Moto/Ciclomotor","RN11 Y RP88S ",2,2,0,0,0,0,0,,"Ruta",11,"MALABRIGO","General Obligado","Hormigón","S/D","IX","Dentro","Urbana","S/D","S/D","Cruce","S/D","S/D","Amanecer","S/D","S/D","S/D","Caída ocupante","S/D","S/D","S/D","S/D"
2015,8550,02/08/2015,"Domingo",0,01:10:00,"Ruta Nacional 11","927.3",2,"Camión,Automóvil"," ",2,0,1,0,1,0,0,,"Ruta",11,"FLORENCIA","General Obligado","Hormigón","Natural","IX","Dentro","Urbana","S/D","S/D","Recta","S/D","S/D","Nocturna","S/D","S/D","S/D","Colisión","S/D","S/D","S/D","S/D"
2015,8551,19/08/2015,"Miercoles",0,19:50:00,,"0.0",2,"Automóvil,Moto/Ciclomotor","BULEVAR PERON  Y CALLE 42",2,1,0,0,1,0,0,,"Calle",,"RECONQUISTA","General Obligado","S/D","S/D","IX","Dentro","Urbana","S/D","S/D","Intersección","S/D","S/D","Nocturna","S/D","Lateral","S/D","Colisión","S/D","S/D","S/D","S/D"
2015,8552,05/07/2015,"Domingo",0,17:20:00,"Ruta Provincial 13","0.0",1,"Automóvil"," ",4,1,0,0,3,0,0,,"Ruta",13,"EL TRÉBOL","San Martín","S/D","S/D","XVIII","S/D","S/D","S/D","S/D","S/D","S/D","S/D","Diurna","S/D","S/D","S/D","Vuelco","S/D","S/D","S/D","S/D"
2015,8553,08/07/2015,"Miercoles",0,,,"0.0",2,"Moto/Ciclomotor,Automóvil","SARGENTO CABRAL ",2,1,0,0,1,0,0,,"S/D",,"CASTELLANOS","Castellanos","S/D","S/D","V","S/D","S/D","S/D","S/D","S/D","S/D","S/D","S/D","S/D","S/D","S/D","Colisión","S/D","S/D","S/D","S/D"
2015,8554,08/07/2015,"Miercoles",0,08:55:00,,"0.0",2,"Automóvil,Moto/Ciclomotor"," ",2,1,0,0,1,0,0,,"S/D",,"VENADO TUERTO","General López","S/D","S/D","VIII","S/D","S/D","S/D","S/D","S/D","S/D","S/D","Diurna","S/D","S/D","S/D","Colisión","S/D","S/D","S/D","S/D"
2015,8555,08/07/2015,"Miercoles",0,,,"0.0",2,"Moto/Ciclomotor,Moto/Ciclomotor","LASSERRE Y AV. BRASIL",3,2,0,0,1,0,0,,"S/D",,"CASTELLANOS","Castellanos","S/D","S/D","V","S/D","S/D","S/D","S/D","S/D","S/D","S/D","S/D","S/D","S/D","S/D","S/D","S/D","S/D","S/D","S/D"
2015,8556,08/07/2015,"Miercoles",0,,,"0.0",2,"Moto/Ciclomotor,Automóvil","F. PERETTI Y VELEZ SARSFIELD",2,1,0,0,1,0,0,,"S/D",,"CASTELLANOS","Castellanos","S/D","S/D","V","S/D","S/D","S/D","S/D","S/D","S/D","S/D","Diurna","S/D","S/D","S/D","S/D","S/D","S/D","S/D","S/D"
2015,8557,06/07/2015,"Lunes",0,,,"0.0",2,"Pickup/Utilitario,Automóvil","OROÑO Y OPERTO",5,2,0,0,3,0,0,,"S/D",,"CASTELLANOS","Castellanos","S/D","S/D","V","S/D","S/D","S/D","S/D","S/D","S/D","S/D","Diurna","S/D","S/D","S/D","Colisión","S/D","S/D","S/D","S/D"
2015,8558,01/07/2015,"Miercoles",1,,,"0.0",2,"Moto/Ciclomotor,Pickup/Utilitario","LUIS MAGGI Y NICANOR ALVAREZ",2,1,0,0,1,0,0,,"S/D",,"CASTELLANOS","Castellanos","S/D","S/D","V","S/D","S/D","S/D","S/D","S/D","S/D","S/D","S/D","S/D","S/D","S/D","S/D","S/D","S/D","S/D","S/D"
2015,8559,01/08/2015,"Sabado",0,,,"0.0",1,"Moto/Ciclomotor","Rosario Y Alvear",1,1,0,0,0,0,0,,"Calle",,"VILLA GUILLERMINA","General Obligado","S/D","S/D","IX","Dentro","Urbana","S/D","S/D","Recta","S/D","S/D","S/D","S/D","S/D","S/D","Caída ocupante","S/D","S/D","S/D","S/D"
2015,8560,01/07/2015,"Miercoles",1,,,"0.0",2,"Moto/Ciclomotor,Automóvil","27 DE SETIEMBRE Y CHIARAVIGLIO",3,1,0,0,2,0,0,,"S/D",,"CASTELLANOS","Castellanos","S/D","S/D","V","S/D","S/D","S/D","S/D","S/D","S/D","S/D","S/D","S/D","S/D","S/D","S/D","S/D","S/D","S/D","S/D"
2015,8561,15/11/2015,"Domingo",0,00:05:00,,"0.0",2,"Automóvil,Moto/Ciclomotor","Av Blas Parera 10200",2,0,0,0,1,1,0,"-31.560701, -60.729027","Avenida",,"SANTA FE","La Capital","Asfalto","Natural","I","Dentro","Urbana","S/D","No existe","Intersección","Bueno","Buena","Nocturna,Con luz artificial","Buen Tiempo","Lateral","S/D","Colisión","Ninguna","S/D","S/D","Sin restricción"
2015,8562,25/11/2015,"Miercoles",0,18:00:00,,"0.0",2,"Moto/Ciclomotor,Automóvil","Pedro Espinosa Y Edmundo Rosas",3,1,0,0,2,0,0,,"Calle",,"SANTA FE","La Capital","Tierra","Natural","I","Dentro","Urbana","Ninguna","No funciona","Intersección","Bueno","Buena","Atardecer","Buen Tiempo","Contra objeto fijo","S/D","Colisión","Ninguna","Faltante","Ninguna","Sin restricción"
2015,8563,23/11/2015,"Lunes",0,07:05:00,,"0.0",2,"Automóvil,Moto/Ciclomotor","Bv Pellegrini Y Av Pte Peron",2,1,0,0,1,0,0,,"Calle",,"SANTA FE","La Capital","Asfalto","No existe","I","Dentro","Urbana","Semáforo","Funciona","Intersección","Bueno","Buena","Amanecer","Buen Tiempo","Lateral","S/D","Colisión","Ninguna","Vertical","Cordón divisorio","Sin restricción"
2015,8564,02/11/2015,"Lunes",0,08:15:00,"Ruta Nacional 11","0.0",2,"Moto/Ciclomotor,Otros"," ",2,1,0,0,1,0,0,,"Ruta",11,"SANTA FE","La Capital","Asfalto","Pavimento","I","S/D","Urbana","S/D","No existe","Curva","Bueno","Buena","Diurna","Buen Tiempo","Frontal","S/D","Colisión","Ninguna","Horizontal","Guardarrail","Sin restricción"
2015,8565,01/11/2015,"Domingo",0,06:30:00,,"0.0",2,"Automóvil,Moto/Ciclomotor","Misiones Y Av Blas Parera",2,1,0,0,1,0,0,,"Calle",,"SANTA FE","La Capital","Asfalto","No existe","I","S/D","Urbana","Ninguna","No existe","Recta","Bueno","Buena","Diurna","Buen Tiempo","De alcance","S/D","Colisión","Ninguna","Faltante","Guardarrail","Sin restricción"
2015,8566,06/11/2015,"Viernes",0,11:55:00,,"0.0",2,"Moto/Ciclomotor,Automóvil","Av Freyre 2900",2,1,0,0,1,0,0,,"Avenida",,"SANTA FE","La Capital","Asfalto","S/D","I","Dentro","Urbana","S/D","S/D","Recta","S/D","S/D","S/D","S/D","S/D","S/D","Colisión","S/D","S/D","S/D","S/D"
2015,8567,09/11/2015,"Lunes",0,10:30:00,,"0.0",2,"Moto/Ciclomotor,Pickup/Utilitario"," ",3,2,0,0,1,0,0,,"Calle",,"SANTA FE","La Capital","Asfalto","S/D","I","S/D","Urbana","S/D","S/D","Intersección","S/D","S/D","S/D","S/D","S/D","S/D","Colisión","S/D","S/D","S/D","S/D"
2015,8568,05/11/2015,"Jueves",0,17:30:00,,"0.0",2,"Automóvil,Moto/Ciclomotor","Cafferata Y Callejon Aguirre",3,2,0,0,1,0,0,,"S/D",,"SANTA FE","La Capital","Asfalto","No existe","I","S/D","Urbana","Ninguna","No existe","Intersección","Bueno","Buena","Diurna","Buen Tiempo","Lateral","S/D","Colisión","Ninguna","Faltante","Ninguna","Sin restricción"
2015,8569,06/11/2015,"Viernes",0,09:30:00,,"0.0",2,"Automóvil,Moto/Ciclomotor","Callejon Aguirre Y Gdor Servando Bayo",2,1,0,0,1,0,0,,"S/D",,"SANTA FE","La Capital","Asfalto","No existe","I","S/D","Urbana","Ninguna","No existe","Recta","Bueno","Buena","Diurna","Buen Tiempo","De alcance","S/D","Colisión","Ninguna","Faltante","Ninguna","Sin restricción"