"anio_acci","nro_acci","fecha","desc_dia","fecha_aprox","hora_aprox","desc_ruta","km","cant_participantes","desc_participante","calle_avenida_km","total","heridos_leves","heridos_graves","heridos_gravisimos","ilesos","fallecidos","sin_datos","posicion_XY","desc_tipo_via","desc_ruta_ori","desc_loc","desc_dpto","desc_tipo_calzada","desc_tipo_banquina","desc_unidad_regional","desc_lugar_calzada","desc_zona","desc_prioridad","desc_estado_semaforo","desc_lugar_via","desc_estado_via","desc_estado_visibilidad","desc_luminosidad","desc_estado_clima","desc_tipo_colision","desc_tipo_atropello","desc_tipo_hecho","desc_pres_calzada","desc_senializacion","desc_separacion_via","desc_restriccion"
2015,8570,09/11/2015,"Lunes",0,17:30:00,,"0.0",2,"Peatón,Moto/Ciclomotor","Candido Pujato Y Francia",2,1,0,0,1,0,0,"-31.632472222222,-60.710888888889","Calle",,"SANTA FE","La Capital","Asfalto","S/D","I","S/D","Urbana","S/D","S/D","Intersección","S/D","S/D","S/D","S/D","S/D","S/D","Atropello","S/D","S/D","S/D","S/D"
2015,8571,18/11/2015,"Miercoles",0,19:10:00,,"0.0",2,"Moto/Ciclomotor,Pickup/Utilitario","Av Blas Parera Y Callejon Aguirre",3,2,0,0,1,0,0,,"Avenida",,"SANTA FE","La Capital","Asfalto","No existe","I","S/D","Urbana","Ninguna","Intermitente","Recta","Bueno","Buena","Atardecer","Buen Tiempo","Lateral","S/D","Colisión","Ninguna","Faltante","Ninguna","Sin restricción"
2015,8572,20/11/2015,"Viernes",0,18:45:00,,"0.0",2,"Automóvil,Moto/Ciclomotor","Callejon Funes Y Larguia",2,1,0,0,1,0,0,,"Calle",,"SANTA FE","La Capital","Tierra","No existe","I","Dentro","Urbana","Ninguna","No existe","Intersección","Bueno","Buena","Diurna","Lluvia","De alcance","S/D","Colisión","Ninguna","Faltante","Ninguna","Sin restricción"
2015,8573,22/11/2015,"Domingo",0,11:30:00,,"0.0",2,"Automóvil,Moto/Ciclomotor","Cafferata 8400",2,1,0,0,1,0,0,,"Calle",,"SANTA FE","La Capital","Asfalto","No existe","I","S/D","Urbana","Ninguna","No existe","Recta","Bueno","Buena","Diurna","Buen Tiempo","Lateral","S/D","Colisión","Ninguna","Faltante","Ninguna","Sin restricción"
2015,8574,25/11/2015,"Miercoles",0,20:55:00,,"0.0",2,"Moto/Ciclomotor,Pickup/Utilitario","Av Freyre 2700",2,1,0,0,1,0,0,,"Calle",,"SANTA FE","La Capital","S/D","S/D","I","S/D","Urbana","S/D","S/D","Intersección","S/D","S/D","S/D","S/D","S/D","S/D","Colisión","S/D","S/D","S/D","S/D"
2015,8575,23/11/2015,"Lunes",0,17:50:00,,"0.0",2,"Moto/Ciclomotor,Camión","Callejon Mendez Y Chiclana",2,1,0,0,1,0,0,,"Calle",,"SANTA FE","La Capital","Asfalto","No existe","I","S/D","Urbana","Ninguna","No existe","Recta","Bueno","Buena","Diurna","Buen Tiempo","De alcance","S/D","Colisión","Ninguna","Faltante","Ninguna","Sin restricción"
2015,8576,15/11/2015,"Domingo",0,06:30:00,,"0.0",1,"Pickup/Utilitario","Av Circunvalación ",2,2,0,0,0,0,0,,"S/D",,"SANTA FE","La Capital","Asfalto","Pavimento","I","S/D","S/D","Ninguna","No existe","Recta","Bueno","Buena","Diurna","Buen Tiempo","De alcance","S/D","Despiste","S/D","S/D","Ninguna","Sin restricción"
2015,8577,30/11/2015,"Lunes",0,03:50:00,,"0.0",2,"Taxi/Remis,Moto/Ciclomotor","Junin Y Av Pte Peron",3,1,0,0,2,0,0,,"Avenida",,"SANTA FE","La Capital","Asfalto","No existe","I","S/D","Urbana","Otra Señal","No existe","Intersección","Bueno","Buena","Nocturna","Buen Tiempo","Lateral","S/D","Colisión","Ninguna","Vertical","Cordón divisorio","Sin restricción"
2015,8578,25/11/2015,"Miercoles",0,15:00:00,,"0.0",2,"Moto/Ciclomotor,Moto/Ciclomotor","Obispo Gelabert Y San Juan",2,1,0,0,1,0,0,,"Calle",,"SANTA FE","La Capital","Asfalto","No existe","I","Dentro","Urbana","Ninguna","No existe","Intersección","Bueno","Buena","Diurna","Buen Tiempo","Lateral","S/D","Colisión","Ninguna","Faltante","Cordón divisorio","Sin restricción"
2015,8579,01/08/2015,"Sabado",0,05:30:00,,"0.0",2,"Moto/Ciclomotor,Automóvil","Cochabamba 1400",3,1,0,0,2,0,0,,"Calle",,"SAN CRISTÓBAL","San Cristóbal","S/D","S/D","XIII","Dentro","Urbana","S/D","S/D","S/D","S/D","S/D","Amanecer","S/D","S/D","S/D","Colisión","S/D","S/D","S/D","S/D"
2015,8580,20/08/2015,"Jueves",0,19:30:00,,"0.0",2,"Peatón,Pickup/Utilitario","Santiago del Estero Y Rivadavia",2,1,0,0,1,0,0,"-31.638305555556,-60.701777777778","Calle",,"SANTA FE","La Capital","S/D","S/D","I","Fuera","Urbana","S/D","S/D","Intersección","S/D","S/D","Atardecer","S/D","S/D","S/D","Atropello","S/D","S/D","S/D","S/D"
2015,8581,17/10/2015,"Sabado",0,12:30:00,"Ruta Provincial 62","0.0",1,"Pickup/Utilitario"," ",2,1,0,0,0,1,0,"-30.784682, -60.631461","Ruta",62,"SAN JUSTO","San Justo","Ripio","No existe","XVI","Dentro","Rural","Ninguna","No existe","Recta","Deteriorada","Buena","Diurna","Buen Tiempo","Otro","S/D","Vuelco","Material Suelto","Faltante","Ninguna","Sin restricción"
2015,8582,05/08/2015,"Miercoles",0,07:50:00,,"0.0",2,"Moto/Ciclomotor,Tractor","Vuelta de Obligado Y Los Andes",4,1,0,0,3,0,0,,"Calle",,"VENADO TUERTO","General López","Tierra","Natural","VIII","Dentro","Rural","Ninguna","No existe","Intersección","S/D","Buena","Diurna","Buen Tiempo","Lateral","S/D","Colisión","S/D","Faltante","Ninguna","Sin restricción"
2015,8583,03/11/2015,"Martes",0,19:15:00,,"0.0",2,"Moto/Ciclomotor,Automóvil","San Lorenzo Y Lavalle",2,1,0,0,1,0,0,,"Calle",,"LAS ROSAS","Belgrano","Asfalto","No existe","III","S/D","Urbana","Ninguna","No existe","Intersección","Bueno","Buena","Diurna","Buen Tiempo","De alcance","S/D","Colisión","Ninguna","Faltante","Ninguna","Sin restricción"
2015,8584,04/08/2015,"Martes",0,13:30:00,,"0.0",2,"Moto/Ciclomotor,Moto/Ciclomotor","Calle 10 Y Calle 19",4,4,0,0,0,0,0,,"Calle",,"LAS TOSCAS","General Obligado","S/D","S/D","IX","Dentro","Urbana","S/D","S/D","Intersección","S/D","S/D","Diurna","S/D","Lateral","S/D","Colisión","S/D","S/D","S/D","S/D"
2015,8585,14/11/2015,"Sabado",0,23:30:00,,"0.0",1,"Moto/Ciclomotor","Guillermo Benitez Y San Lorenzo",2,1,1,0,0,0,0,,"Calle",,"LAS ROSAS","Belgrano","Asfalto","No existe","III","S/D","Urbana","Ninguna","No existe","Recta","Bueno","Buena","Nocturna,Con luz artificial","Buen Tiempo","Contra objeto fijo","S/D","Colisión","Ninguna","Faltante","Ninguna","Sin restricción"
2015,8586,17/11/2015,"Martes",0,21:30:00,,"0.0",1,"Moto/Ciclomotor","Avenida 18 Y Calle 25",2,2,0,0,0,0,0,,"Calle",,"LAS PAREJAS","Belgrano","Hormigón","No existe","III","S/D","Urbana","Ninguna","No existe","Intersección","Resbaladiza","Buena","Nocturna","Lluvia","Otro","S/D","Otro","Agua","Vertical","Ninguna","Sin restricción"
2015,8587,12/10/2015,"Lunes",0,11:55:00,,"0.0",2,"Automóvil,Moto/Ciclomotor","25 de Mayo Y Mariano Moreno",2,0,0,0,1,1,0,"-31.251615, -61.492537","Calle",,"RAFAELA","Castellanos","Hormigón","No existe","V","Dentro","Urbana","Ninguna","No existe","Intersección","Bueno","Buena","Diurna","Buen Tiempo","Lateral","S/D","Colisión,Atropello","S/D","Faltante","Ninguna","Sin restricción"
2015,8588,14/11/2015,"Sabado",0,03:30:00,"Ruta Nacional 178","182.0",1,"Automóvil"," ",1,1,0,0,0,0,0,,"Ruta",178,"LAS PAREJAS","Belgrano","Asfalto","Natural","III","Fuera","Rural","Ninguna","No existe","Recta","Bueno","Buena","Nocturna","Buen Tiempo","Otro","S/D","Despiste","Ninguna","Horizontal","Línea divisoria pintada","Sin restricción"
2015,8589,13/11/2015,"Viernes",0,22:25:00,,"0.0",2,"Peatón,Moto/Ciclomotor","Avenida 21 Y Calle 8",2,2,0,0,0,0,0,,"Avenida",,"LAS PAREJAS","Belgrano","Asfalto","No existe","III","Dentro","Urbana","Ninguna","No existe","Recta","Bueno","Reducida","Nocturna","Buen Tiempo","S/D","S/D","Atropello","Ninguna","Faltante","Ninguna","Sin restricción"
2015,8590,11/10/2015,"Domingo",0,17:20:00,,"0.0",2,"Automóvil,Bicicleta","Pje. Humboldt Y Av. Uriburu",2,0,0,0,1,1,0,"-32.990666666667, -60.647222222222","Avenida",,"ROSARIO","Rosario","Asfalto","No existe","II","Dentro","Urbana","Ninguna","No existe","Recta","Bueno","Buena","Diurna","Buen Tiempo","S/D","S/D","Atropello","Ninguna","S/D","Vegetación","Sin restricción"
2015,8591,05/11/2015,"Jueves",0,,,"0.0",2,"Automóvil,Automóvil","Cordoba Y Juan Jose de Urquiza",2,1,0,0,1,0,0,,"Calle",,"VILLA CONSTITUCIÓN","Constitución","Hormigón","Pavimento","VI","Dentro","Urbana","Ninguna","No existe","Intersección","Bueno","Buena","Diurna","Buen Tiempo","Lateral","S/D","Colisión","Ninguna","Faltante","Ninguna","Sin restricción"
2015,8592,06/11/2015,"Viernes",0,,,"0.0",2,"Moto/Ciclomotor,Automóvil","Lisandro de la Torre Y Belgrano",2,1,0,0,1,0,0,,"Calle",,"VILLA CONSTITUCIÓN","Constitución","Hormigón","Pavimento","VI","Dentro","Urbana","Ninguna","No existe","Intersección","Bueno","Buena","Diurna","Buen Tiempo","Lateral","S/D","Colisión","Ninguna","Faltante","Ninguna","Sin restricción"
2015,8593,06/11/2015,"Viernes",0,14:50:00,,"0.0",2,"Automóvil,Moto/Ciclomotor","Santiago del Estero Y Independencia",2,1,0,0,1,0,0,,"Calle",,"VILLA CONSTITUCIÓN","Constitución","Hormigón","Pavimento","VI","Dentro","Urbana","Ninguna","No existe","Intersección","Bueno","Buena","Diurna","Buen Tiempo","Lateral","S/D","Colisión","Ninguna","S/D","Ninguna","Sin restricción"
2015,8594,06/11/2015,"Viernes",0,,,"0.0",2,"Moto/Ciclomotor,Automóvil","Berutti Y Independencia",2,1,0,0,1,0,0,,"Calle",,"VILLA CONSTITUCIÓN","Constitución","Hormigón","Pavimento","VI","Dentro","Urbana","S/D","No existe","Intersección","Bueno","Buena","Diurna","Buen Tiempo","Lateral","S/D","Colisión","Ninguna","Faltante","Ninguna","Sin restricción"
2015,8595,08/07/2015,"Miercoles",0,,"Ruta Nacional 19","37.0",1,"Pickup/Utilitario"," ",1,0,0,0,0,1,0,"-31.6165205,-61.1495113","Ruta",19,"SAN JERÓNIMO DEL SAUCE","Las Colonias","S/D","S/D","XI","S/D","S/D","S/D","S/D","S/D","S/D","S/D","Diurna","S/D","S/D","S/D","Vuelco","S/D","S/D","S/D","S/D"
2015,8596,16/11/2015,"Lunes",0,,,"0.0",2,"Moto/Ciclomotor,Automóvil","San Martin Y Entre Rios",3,1,0,0,2,0,0,,"Calle",,"VILLA CONSTITUCIÓN","Constitución","Asfalto","Pavimento","VI","Dentro","Urbana","S/D","No existe","Intersección","Bueno","Buena","S/D","Buen Tiempo","Lateral","S/D","Colisión","Ninguna","Faltante","S/D","Sin restricción"
2015,8597,27/11/2015,"Viernes",0,,,"0.0",2,"Moto/Ciclomotor,Automóvil","Presidente Peron Y Belgrano",2,1,0,0,1,0,0,,"Calle",,"VILLA CONSTITUCIÓN","Constitución","Asfalto","Pavimento","VI","Dentro","Urbana","Ninguna","No existe","Intersección","Bueno","Buena","Diurna","Buen Tiempo","Lateral","S/D","Colisión","Ninguna","Faltante","Ninguna","Sin restricción"
2015,8598,09/07/2015,"Jueves",0,07:00:00,,"0.0",1,"Moto/Ciclomotor","Guemes Y Jhon Fitzerald Kennedy",1,0,0,0,0,1,0,"-33.749399, -61.952949","S/D",,"VENADO TUERTO","General López","S/D","S/D","VIII","S/D","S/D","S/D","S/D","S/D","S/D","S/D","Diurna","S/D","Contra objeto fijo","S/D","Colisión","S/D","S/D","S/D","S/D"
2015,8599,26/11/2015,"Jueves",0,19:00:00,"Ruta Provincial 21","0.0",2,"Moto/Ciclomotor,Automóvil","Ruta Prov 21 Y Narciso Laprida",2,1,0,0,1,0,0,,"Ruta",21,"VILLA CONSTITUCIÓN","Constitución","Asfalto","Pavimento","VI","Dentro","Urbana","Ninguna","No existe","Intersección","Bueno","Buena","Diurna","Buen Tiempo","Lateral","S/D","Colisión","Ninguna","Faltante","Ninguna","Sin restricción"
2015,8600,26/11/2015,"Jueves",0,,,"0.0",2,"Peatón,Moto/Ciclomotor","San Martin Y Presidente Peron",2,1,0,0,1,0,0,,"Calle",,"VILLA CONSTITUCIÓN","Constitución","Asfalto","S/D","VI","Dentro","Urbana","Ninguna","No existe","Intersección","Bueno","Buena","Diurna","Buen Tiempo","S/D","S/D","Atropello","Ninguna","Faltante","Ninguna","Sin restricción"
2015,8601,17/07/2015,"Viernes",0,08:15:00,,"0.0",2,"Pickup/Utilitario,Moto/Ciclomotor","Leandro N Alem Y Iturbide",2,1,0,0,1,0,0,,"S/D",,"VENADO TUERTO","General López","S/D","S/D","IX","S/D","S/D","S/D","S/D","S/D","S/D","S/D","S/D","S/D","S/D","S/D","S/D","S/D","S/D","S/D","S/D"
2015,8602,18/11/2015,"Miercoles",0,10:45:00,,"0.0",2,"Bicicleta,Automóvil","Juan Jose de Urquiza Y San Juan",2,1,0,0,1,0,0,,"Calle",,"VILLA CONSTITUCIÓN","Constitución","Asfalto","Pavimento","VI","Dentro","Urbana","Ninguna","No existe","Intersección","Bueno","Buena","Diurna","Buen Tiempo","S/D","S/D","Atropello","Ninguna","Faltante","Ninguna","Sin restricción"
2015,8603,06/10/2015,"Martes",0,10:30:00,"Ruta Nacional 34","102.0",2,"Camión,Camión"," ",2,0,0,0,1,1,0,"-32.255483, -61.447029","Ruta",34,"CENTENO","San Jerónimo","Asfalto","Natural","XV","Dentro","Rural","Ninguna","No existe","Recta","Bueno","Buena","Diurna","Buen Tiempo","De alcance","S/D","Colisión","S/D","Horizontal","Línea divisoria pintada","Sin restricción"
2015,8604,10/07/2015,"Viernes",0,16:00:00,,"0.0",1,"Moto/Ciclomotor","Hugo Wast Y Cafferata",2,0,1,0,0,1,0,"-31.575536, -60.734455","Calle",,"SANTA FE","La Capital","S/D","S/D","I","Dentro","Urbana","S/D","S/D","S/D","S/D","S/D","S/D","S/D","Contra objeto fijo","S/D","Colisión","S/D","S/D","S/D","S/D"
2015,8605,12/07/2015,"Domingo",0,,,"0.0",1,"Pickup/Utilitario"," ",3,3,0,0,0,0,0,,"S/D",,"ESPERANZA","Las Colonias","S/D","S/D","XI","S/D","S/D","S/D","S/D","S/D","S/D","S/D","Diurna","S/D","S/D","S/D","Vuelco","S/D","S/D","S/D","S/D"
2015,8606,15/07/2015,"Miercoles",0,18:10:00,,"0.0",2,"Moto/Ciclomotor,Automóvil","Calle 16 Gral Obligado 400",2,1,0,0,1,0,0,,"S/D",,"RECONQUISTA","General Obligado","S/D","S/D","IX","S/D","S/D","S/D","S/D","S/D","S/D","S/D","S/D","S/D","S/D","S/D","S/D","S/D","S/D","S/D","S/D"
2015,8607,26/11/2015,"Jueves",0,21:00:00,,"0.0",2,"Peatón,Moto/Ciclomotor","Av Peñaloza Y Estanislao Zeballos",2,1,0,0,1,0,0,"-31.6015,-60.712805555556","Avenida",,"SANTA FE","La Capital","Asfalto","No existe","I","Dentro","Urbana","Semáforo","Funciona","Intersección","Bueno","Buena","Nocturna","Buen Tiempo","S/D","S/D","Atropello","Ninguna","Faltante","Cordón divisorio","Sin restricción"
2015,8608,22/08/2015,"Sabado",0,09:00:00,"Ruta Provincial 70","11.0",1,"Automóvil"," ",1,1,0,0,0,0,0,,"Ruta",70,"ESPERANZA","Las Colonias","S/D","S/D","XI","Fuera","Urbana","S/D","S/D","Recta","S/D","S/D","Diurna","S/D","S/D","S/D","Vuelco","S/D","S/D","S/D","S/D"
2015,8609,23/11/2015,"Lunes",0,10:00:00,,"0.0",2,"Automóvil,Moto/Ciclomotor","J Castelli Y Pje Paraguay",2,1,0,0,1,0,0,,"Calle",,"SANTA FE","La Capital","Asfalto","No existe","I","Dentro","Urbana","Ninguna","No existe","Intersección","Bueno","Buena","Diurna","Buen Tiempo","Lateral","S/D","Colisión","Ninguna","Faltante","Ninguna","Sin restricción"
2015,8610,10/10/2015,"Sabado",0,01:30:00,"Ruta Nacional 11","453.0",1,"Automóvil"," ",3,1,1,0,0,1,0,"-31.71937, -60.80955","Ruta",11,"SAUCE VIEJO","La Capital","Asfalto","Ripio","I","Fuera","Urbana","S/D","No existe","Recta","Bueno","S/D","Nocturna","S/D","Contra objeto fijo","S/D","Colisión,Vuelco","S/D","Faltante","S/D","S/D"
2015,8611,29/11/2015,"Domingo",0,02:25:00,,"0.0",1,"Automóvil","Av Peñaloza Y Estanislao Zeballos",3,2,0,0,1,0,0,,"Avenida",,"SANTA FE","La Capital","S/D","Pavimento","I","Dentro","Urbana","Semáforo","Intermitente","Intersección","S/D","S/D","Nocturna","Buen Tiempo","Contra objeto fijo","S/D","Colisión","S/D","S/D","Cordón divisorio","Sin restricción"
2015,8612,09/11/2015,"Lunes",0,16:45:00,,"0.0",2,"Moto/Ciclomotor,Automóvil","Av Peñaloza Y J Castelli",3,2,0,0,1,0,0,,"Avenida",,"SANTA FE","La Capital","Asfalto","Pavimento","I","Dentro","Urbana","Semáforo","Funciona","Intersección","Bueno","Buena","Diurna","Buen Tiempo","Lateral","S/D","Colisión","Ninguna","Horizontal,Vertical","Ninguna","Sin restricción"
2015,8613,07/11/2015,"Sabado",0,18:00:00,,"0.0",2,"Automóvil,Moto/Ciclomotor","J P Lopez Y Saavedra",2,1,0,0,1,0,0,,"Calle",,"SANTA FE","La Capital","Asfalto","No existe","I","Dentro","Urbana","S/D","No existe","Intersección","Bueno","Buena","Diurna","Buen Tiempo","Lateral","S/D","Colisión","Ninguna","Horizontal","S/D","Sin restricción"
2015,8614,15/07/2015,"Miercoles",0,13:10:00,,"0.0",2,"Moto/Ciclomotor,Automóvil","Calle 20 9 de Julio Y Calle 15-Patricio Diez",2,1,0,0,1,0,0,,"S/D",,"RECONQUISTA","General Obligado","S/D","S/D","IX","S/D","S/D","S/D","S/D","S/D","S/D","S/D","Diurna","S/D","S/D","S/D","S/D","S/D","S/D","S/D","S/D"
2015,8615,14/11/2015,"Sabado",0,08:00:00,,"0.0",2,"Moto/Ciclomotor,Automóvil","Av Facundo Zuviria Y Gorostiaga",2,1,0,0,1,0,0,,"Avenida",,"SANTA FE","La Capital","Asfalto","Pavimento","I","Dentro","Urbana","S/D","No existe","Intersección","Bueno","Buena","Diurna","Buen Tiempo","Lateral","S/D","Colisión","Ninguna","Horizontal","Cordón divisorio","Sin restricción"
2015,8616,14/07/2015,"Martes",0,,,"0.0",1,,"PARANA Y PARANA",2,1,0,0,1,0,0,,"S/D",,"CASTELLANOS","Castellanos","S/D","S/D","V","S/D","S/D","S/D","S/D","S/D","S/D","S/D","S/D","S/D","S/D","S/D","S/D","S/D","S/D","S/D","S/D"
2015,8617,03/11/2015,"Martes",0,14:00:00,,"0.0",2,"Moto/Ciclomotor,Automóvil","Saavedra Y M De Polonia",2,1,0,0,1,0,0,,"Calle",,"SANTA FE","La Capital","Asfalto","No existe","I","Dentro","Urbana","S/D","No existe","Intersección","Bueno","Buena","Diurna","Buen Tiempo","Lateral","S/D","Colisión","Ninguna","S/D","S/D","Sin restricción"
2015,8618,08/10/2015,"Jueves",0,00:30:00,"Ruta Nacional 177","0.0",2,"Moto/Ciclomotor,Moto/Ciclomotor","Presidente Peron Y Pbro D Segundo",2,0,0,0,0,2,0,"-33.23759, -60.32975","Ruta",177,"VILLA CONSTITUCIÓN","Constitución","Asfalto","No existe","VI","Dentro","Urbana","Semáforo","Funciona","Intersección","Bueno","Buena","Nocturna","Buen Tiempo","Lateral","S/D","Colisión","Ninguna","Vertical","Ninguna","Sin restricción"
2015,8619,17/07/2015,"Viernes",0,,,"0.0",1,"Automóvil","Av. Illia Y Santiago",2,2,0,0,0,0,0,,"S/D",,"ROSARIO","Rosario","S/D","S/D","II","S/D","S/D","S/D","S/D","S/D","S/D","S/D","Nocturna","S/D","Contra objeto fijo","S/D","Colisión","S/D","S/D","S/D","S/D"
2015,8620,21/07/2015,"Martes",0,08:45:00,,"0.0",1,"Moto/Ciclomotor"," ",1,1,0,0,0,0,0,,"S/D",,"VILLA OCAMPO","General Obligado","S/D","S/D","IX","S/D","S/D","S/D","S/D","S/D","S/D","S/D","Diurna","S/D","S/D","S/D","Caída ocupante","S/D","S/D","S/D","S/D"
2015,8621,17/07/2015,"Viernes",0,21:00:00,,"0.0",2,"Automóvil,Moto/Ciclomotor","Bartolome Mitre Y Guemes",2,0,1,0,1,0,0,,"S/D",,"ESPERANZA","Las Colonias","S/D","S/D","XI","S/D","S/D","S/D","S/D","S/D","S/D","S/D","Nocturna","S/D","S/D","S/D","Colisión","S/D","S/D","S/D","S/D"
2015,8622,17/07/2015,"Viernes",0,,"Ruta Provincial 4","0.0",2,"Camión,Automóvil"," ",2,0,1,0,1,0,0,,"Ruta",4,"ELISA","Las Colonias","S/D","S/D","XI","S/D","S/D","S/D","S/D","S/D","S/D","S/D","Diurna","S/D","S/D","S/D","Colisión","S/D","S/D","S/D","S/D"
2015,8623,14/11/2015,"Sabado",0,05:30:00,,"0.0",2,"Moto/Ciclomotor,Automóvil","14 de Febrero Y Saavedra",2,1,0,0,1,0,0,,"Avenida",,"VILLA CONSTITUCIÓN","Constitución","Hormigón","Pavimento","VI","Dentro","Urbana","Semáforo","Funciona","Intersección","Bueno","Buena","Diurna","Buen Tiempo","Frontal","S/D","Colisión","Ninguna","Vertical","Ninguna","Sin restricción"
2015,8624,11/11/2015,"Miercoles",0,20:00:00,,"0.0",2,"Moto/Ciclomotor,Automóvil","Bolivia Y Catamarca",2,1,0,0,1,0,0,,"Calle",,"VILLA CONSTITUCIÓN","Constitución","Asfalto","Pavimento","VI","Dentro","Urbana","Ninguna","No existe","Intersección","Bueno","Buena","Diurna","Buen Tiempo","Lateral","S/D","Colisión","Ninguna","Faltante","Ninguna","Sin restricción"
2015,8625,01/08/2015,"Sabado",1,20:50:00,"Ruta Nacional 11","0.0",2,"Automóvil,Moto/Ciclomotor"," ",4,2,0,0,2,0,0,,"Ruta",11,"VILLA OCAMPO","General Obligado","S/D","S/D","IX","Dentro","Urbana","S/D","S/D","Intersección","S/D","S/D","Nocturna","S/D","S/D","S/D","Colisión","S/D","S/D","S/D","S/D"
2015,8626,21/11/2015,"Sabado",0,,,"0.0",1,"Bicicleta","Mendoza Y Juan Jose de Urquiza",2,1,0,0,1,0,0,,"Calle",,"VILLA CONSTITUCIÓN","Constitución","Hormigón","S/D","VI","Dentro","Urbana","Ninguna","No existe","Intersección","Bueno","Buena","Diurna","Buen Tiempo","S/D","S/D","Atropello","Ninguna","Faltante","Ninguna","Sin restricción"
2015,8627,19/11/2015,"Jueves",0,10:10:00,,"0.0",2,"Moto/Ciclomotor,Automóvil","14 de Febrero Y Guillermo Brown",2,1,0,0,1,0,0,,"Avenida",,"VILLA CONSTITUCIÓN","Constitución","Hormigón","Pavimento","VI","Dentro","Urbana","Ninguna","No existe","Intersección","Bueno","Buena","Diurna","Buen Tiempo","Lateral","S/D","Colisión","Ninguna","Faltante","Ninguna","Sin restricción"
2015,8628,20/11/2015,"Viernes",0,,,"0.0",2,"Moto/Ciclomotor,Automóvil","San Martin Y Catamarca",2,1,0,0,1,0,0,,"Avenida",,"VILLA CONSTITUCIÓN","Constitución","Hormigón","Pavimento","VI","Dentro","Urbana","Ninguna","No existe","Intersección","Bueno","Buena","Diurna","Buen Tiempo","Lateral","S/D","Colisión","Ninguna","Faltante","Ninguna","Sin restricción"
2015,8629,06/08/2015,"Jueves",0,17:00:00,,"0.0",2,"Automóvil,Automóvil","San Luis Y Balcarce",2,1,0,0,1,0,0,,"Calle",,"ROSARIO","Rosario","Asfalto","No existe","II","Dentro","Urbana","S/D","No existe","Intersección","Bueno","Buena","Diurna","Buen Tiempo","Lateral","S/D","Colisión","Ninguna","Horizontal,Vertical","S/D","Sin restricción"
2015,8630,21/11/2015,"Sabado",0,17:15:00,,"0.0",2,"Moto/Ciclomotor,Automóvil","Juan Jose de Urquiza Y French",2,1,0,0,1,0,0,,"Calle",,"VILLA CONSTITUCIÓN","Constitución","Hormigón","Pavimento","VI","Dentro","Urbana","Ninguna","No existe","Intersección","Bueno","Buena","Diurna","Buen Tiempo","Lateral","S/D","Colisión","Ninguna","Faltante","Ninguna","Sin restricción"
2015,8631,04/11/2015,"Miercoles",0,10:20:00,,"0.0",2,"Moto/Ciclomotor,Automóvil","San Martin Y Chubut",2,1,0,0,1,0,0,,"Calle",,"VILLA CONSTITUCIÓN","Constitución","Asfalto","No existe","VI","Dentro","Urbana","Ninguna","No existe","Intersección","S/D","Buena","Diurna","Buen Tiempo","Frontal","S/D","Colisión","Ninguna","S/D","Ninguna","Sin restricción"
2015,8632,24/11/2015,"Martes",0,,,"0.0",2,"Peatón,Automóvil","Acevedo Y Moreno",2,1,0,0,1,0,0,,"Calle",,"VILLA CONSTITUCIÓN","Constitución","Hormigón","Pavimento","VI","Dentro","Urbana","Ninguna","No existe","Intersección","Bueno","Buena","Diurna","Buen Tiempo","S/D","S/D","Atropello","Ninguna","Faltante","Ninguna","Sin restricción"
2015,8633,24/08/2015,"Lunes",0,12:20:00,,"0.0",2,"Pickup/Utilitario,Bicicleta","Pringles Y Entre Rios",2,1,0,0,1,0,0,,"Calle",,"VENADO TUERTO","General López","S/D","S/D","VIII","Dentro","Urbana","S/D","S/D","Intersección","S/D","S/D","Diurna","S/D","S/D","S/D","Atropello","S/D","S/D","S/D","S/D"
2015,8634,24/08/2015,"Lunes",0,08:00:00,,"0.0",1,,"Simon de Iriondo Y Estanislao Zeballos",2,1,0,0,1,0,0,,"Calle",,"ESPERANZA","Las Colonias","S/D","S/D","XI","Dentro","Urbana","S/D","S/D","Intersección","S/D","S/D","Diurna","S/D","S/D","S/D","Colisión","S/D","S/D","S/D","S/D"
2015,8635,16/10/2015,"Viernes",0,05:10:00,"Autopista Nacional A008","0.0",1,"Automóvil","Av. Circunvalacion Y Lamadrid",1,0,0,0,0,1,0,"-32.99801, -60.69303","Autopista","A008","ROSARIO","Rosario","Asfalto","Pavimento","II","Dentro","Urbana","Marca Vial","No existe","Curva","Bueno","S/D","Nocturna","Buen Tiempo","Contra objeto fijo","S/D","Colisión,Incendio,Despiste","Ninguna","Horizontal","Guardarrail,Barrera de alto impacto","Sin restricción"
2015,8636,06/08/2015,"Jueves",0,01:30:00,"Ruta Nacional 11","354.0",2,"Automóvil,Camión"," ",2,2,0,0,0,0,0,,"Ruta",11,"OLIVEROS","Iriondo","Hormigón","Natural","X","Dentro","Rural","S/D","S/D","S/D","S/D","S/D","Nocturna","S/D","S/D","S/D","Colisión","S/D","S/D","S/D","S/D"
2015,8637,07/08/2015,"Viernes",0,17:30:00,,"0.0",2,"Pickup/Utilitario,Moto/Ciclomotor","Islas Malvinas Y Almafuerte",2,1,0,0,1,0,0,,"Calle",,"SAN CARLOS CENTRO","Las Colonias","S/D","S/D","XI","Dentro","Urbana","S/D","S/D","S/D","S/D","S/D","Atardecer","S/D","S/D","S/D","Colisión","S/D","S/D","S/D","S/D"
2015,8638,17/11/2015,"Martes",0,12:15:00,,"0.0",2,"Automóvil,Moto/Ciclomotor","General Manuel Belgrano 380",2,1,0,0,1,0,0,,"Calle",,"ESPERANZA","Las Colonias","Asfalto","Pavimento","XI","Dentro","Urbana","Ninguna","No existe","Intersección","Bueno","Buena","Diurna","Buen Tiempo","Lateral","S/D","Colisión","S/D","Faltante","Ninguna","S/D"