"anio_acci","nro_acci","fecha","desc_dia","fecha_aprox","hora_aprox","desc_ruta","km","cant_participantes","desc_participante","calle_avenida_km","total","heridos_leves","heridos_graves","heridos_gravisimos","ilesos","fallecidos","sin_datos","posicion_XY","desc_tipo_via","desc_ruta_ori","desc_loc","desc_dpto","desc_tipo_calzada","desc_tipo_banquina","desc_unidad_regional","desc_lugar_calzada","desc_zona","desc_prioridad","desc_estado_semaforo","desc_lugar_via","desc_estado_via","desc_estado_visibilidad","desc_luminosidad","desc_estado_clima","desc_tipo_colision","desc_tipo_atropello","desc_tipo_hecho","desc_pres_calzada","desc_senializacion","desc_separacion_via","desc_restriccion"
2015,8639,10/11/2015,"Martes",0,03:30:00,,"0.0",2,"Automóvil,Otros","Beruti 2060",2,1,0,0,1,0,0,,"Calle",,"ROSARIO","Rosario","Asfalto","No existe","II","Dentro","Urbana","Ninguna","No existe","Recta","Bueno","Buena","Diurna","Buen Tiempo","De alcance","S/D","Colisión","S/D","S/D","Ninguna","Sin restricción"
2015,8640,21/11/2015,"Sabado",0,,,"0.0",2,"Automóvil,Bicicleta","Av. del Trabajo Y Juan Jose de Urquiza",2,1,0,0,1,0,0,,"Calle",,"VILLA CONSTITUCIÓN","Constitución","Hormigón","Pavimento","VI","Dentro","Urbana","Ninguna","No existe","Recta","Bueno","Buena","Diurna","Buen Tiempo","Lateral","S/D","Atropello","S/D","Faltante","Ninguna","Sin restricción"
2015,8641,20/11/2015,"Viernes",0,,,"0.0",2,"Moto/Ciclomotor,Automóvil","Aristobulo del Valle Y General Paz",2,1,0,0,1,0,0,,"Calle",,"ESPERANZA","Las Colonias","Asfalto","No existe","XI","Dentro","Urbana","S/D","No existe","Intersección","Bueno","Buena","Diurna","Buen Tiempo","Lateral","S/D","Colisión","Ninguna","Horizontal,Vertical","S/D","Sin restricción"
2015,8642,05/11/2015,"Jueves",0,17:30:00,,"0.0",2,"Moto/Ciclomotor,Automóvil","14 de Febrero Y Juan Jose de Urquiza",2,1,0,0,1,0,0,,"Calle",,"VILLA CONSTITUCIÓN","Constitución","Hormigón","S/D","VI","Dentro","Urbana","Ninguna","S/D","Intersección","Bueno","Buena","Diurna","Buen Tiempo","Lateral","S/D","Colisión","S/D","Faltante","Ninguna","Sin restricción"
2015,8643,04/11/2015,"Miercoles",0,10:00:00,,"0.0",2,"Pickup/Utilitario,Peatón","San Martin Y Cordoba",2,1,0,0,1,0,0,,"Calle",,"VILLA CONSTITUCIÓN","Constitución","Hormigón","Pavimento","VI","Dentro","Urbana","Ninguna","No existe","Intersección","Bueno","Buena","Diurna","Buen Tiempo","Lateral","S/D","Atropello","S/D","Faltante","Ninguna","Sin restricción"
2015,8644,20/11/2015,"Viernes",0,13:20:00,,"0.0",2,"Automóvil,Moto/Ciclomotor","3 de Febrero Y M M T de Hoenfels",3,1,0,0,2,0,0,,"Calle",,"ESPERANZA","Las Colonias","Asfalto","No existe","XI","Dentro","Urbana","S/D","No existe","Intersección","Bueno","Buena","Diurna","Buen Tiempo","Lateral","S/D","Colisión","Ninguna","Faltante","Ninguna","S/D"
2015,8645,26/11/2015,"Jueves",0,,,"0.0",2,"Moto/Ciclomotor,Automóvil","Acevedo Y Juan Jose de Urquiza",2,1,0,0,1,0,0,,"Calle",,"VILLA CONSTITUCIÓN","Constitución","Hormigón","Pavimento","VI","Dentro","Urbana","Ninguna","No existe","Intersección","Bueno","Buena","Diurna","Buen Tiempo","Lateral","S/D","Colisión","S/D","Faltante","Ninguna","Sin restricción"
2015,8646,02/10/2015,"Viernes",0,15:00:00,,"0.0",2,"Pickup/Utilitario,Moto/Ciclomotor","Calle 110 Y Calle 1",2,0,0,0,1,1,0,"-31.44538, -62.07001","Calle",,"FRONTERA","Castellanos","Asfalto","S/D","V","Dentro","Urbana","S/D","S/D","Intersección","Bueno","Buena","Diurna","Buen Tiempo","Lateral","S/D","Colisión","S/D","S/D","S/D","S/D"
2015,8647,22/11/2015,"Domingo",0,16:15:00,,"0.0",2,"Automóvil,Automóvil","A Aufranc Y 1 de Mayo",2,1,0,0,1,0,0,,"Calle",,"ESPERANZA","Las Colonias","Asfalto","Pavimento","XI","Dentro","Urbana","Semáforo","Funciona","Recta","Bueno","Buena","Diurna","Buen Tiempo","De alcance","S/D","Colisión","Ninguna","Horizontal","Línea divisoria pintada","Sin restricción"
2015,8648,27/11/2015,"Viernes",0,23:30:00,,"0.0",2,"Moto/Ciclomotor,Moto/Ciclomotor","Av. Corrientes Y Riobamba",2,1,0,0,1,0,0,,"Calle",,"ROSARIO","Rosario","Asfalto","S/D","II","Dentro","Urbana","S/D","S/D","Intersección","Bueno","S/D","Nocturna,Con luz artificial","Buen Tiempo","Lateral","S/D","Colisión","S/D","S/D","S/D","S/D"
2015,8649,12/11/2015,"Jueves",0,,,"0.0",2,"Peatón,Automóvil","Av. Avellaneda B Y Reconquista",2,1,0,0,1,0,0,,"Calle",,"ROSARIO","Rosario","Asfalto","S/D","II","Dentro","Urbana","S/D","S/D","Intersección","Bueno","S/D","S/D","Buen Tiempo","S/D","S/D","Atropello","S/D","Vertical","Cordón divisorio","Sin restricción"
2015,8650,10/11/2015,"Martes",0,14:30:00,,"0.0",2,"Moto/Ciclomotor,Automóvil","Bv. 27 De Febrero Y J.M.de Rosas",2,1,0,0,1,0,0,,"Avenida",,"ROSARIO","Rosario","Asfalto","No existe","II","Dentro","Urbana","S/D","No existe","Intersección","Bueno","Buena","Diurna","Buen Tiempo","Lateral","S/D","Colisión","Ninguna","Faltante","Ninguna","Sin restricción"
2015,8651,13/11/2015,"Viernes",0,18:40:00,,"0.0",2,"Moto/Ciclomotor,Automóvil","Av. Alberdi Bis Y Reconquista",2,1,0,0,1,0,0,,"Calle",,"ROSARIO","Rosario","Asfalto","S/D","II","Dentro","Urbana","S/D","S/D","Intersección","Bueno","S/D","Diurna","S/D","Lateral","S/D","Colisión","S/D","Faltante","Cordón divisorio","Sin restricción"
2015,8652,03/11/2015,"Martes",0,,,"0.0",1,"Transporte de Pasajeros Urbano (> 8 asientos)","Mitre Y Gaboto",1,1,0,0,0,0,0,,"Calle",,"ROSARIO","Rosario","Asfalto","No existe","II","Dentro","Urbana","S/D","No existe","Recta","Bueno","Buena","S/D","Buen Tiempo","S/D","S/D","Caída ocupante","S/D","S/D","S/D","S/D"
2015,8653,14/11/2015,"Sabado",0,22:00:00,"Ruta Nacional 178","75.5",2,"Otros,Pickup/Utilitario"," ",3,2,0,0,1,0,0,,"Ruta",178,"ALCORTA","Constitución","Asfalto","Natural","VI","Dentro","Urbana","Ninguna","No existe","Recta","Bueno","Reducida","Nocturna","Buen Tiempo","S/D","S/D","Atropello","S/D","Faltante","Ninguna","Sin restricción"
2015,8654,09/11/2015,"Lunes",0,14:30:00,,"0.0",2,"Automóvil,Moto/Ciclomotor","Laprida Y Cerrito",3,2,0,0,1,0,0,,"Calle",,"ROSARIO","Rosario","Asfalto","No existe","II","Dentro","Urbana","Ninguna","No existe","Intersección","Bueno","Buena","Diurna","Buen Tiempo","Lateral","S/D","Colisión","Ninguna","Vertical","Ninguna","Sin restricción"
2015,8655,19/11/2015,"Jueves",0,03:30:00,,"0.0",2,"Moto/Ciclomotor,Transporte de Pasajeros Larga Distancia (> 8 asientos)","Av. Pellegrini Y L.N.Alem",2,1,0,0,1,0,0,,"Calle",,"ROSARIO","Rosario","Asfalto","No existe","II","Dentro","Urbana","Ninguna","No existe","Intersección","Bueno","Buena","Nocturna","Lluvia","Lateral","S/D","Colisión","Agua","Horizontal","Cordón divisorio","Sin restricción"
2015,8656,16/11/2015,"Lunes",0,16:30:00,,"0.0",2,"Bicicleta,Taxi/Remis","Ocampo Y L.N.Alem",2,1,0,0,1,0,0,,"Calle",,"ROSARIO","Rosario","Asfalto","No existe","II","Dentro","Urbana","Ninguna","No existe","Intersección","Bueno","Buena","Diurna","Buen Tiempo","S/D","S/D","Atropello","S/D","Horizontal","Ninguna","Sin restricción"
2015,8657,09/11/2015,"Lunes",0,09:00:00,,"0.0",2,"Automóvil,Moto/Ciclomotor","Ituzaingo Y L.N.Alem",2,1,0,0,1,0,0,,"Calle",,"ROSARIO","Rosario","Asfalto","No existe","II","Dentro","Urbana","Señal Pare","No existe","Intersección","Bueno","Buena","Diurna","Buen Tiempo","Lateral","S/D","Colisión","Ninguna","Vertical","S/D","Sin restricción"
2015,8658,07/08/2015,"Viernes",0,23:00:00,"Ruta Provincial 10","0.0",2,"Pickup/Utilitario,Automóvil","RP10 A DOS KM DE LA LOCALIDAD ",4,2,0,0,2,0,0,,"Ruta",10,"SANTA CLARA DE BUENA VISTA","Las Colonias","S/D","S/D","XI","Dentro","S/D","S/D","S/D","S/D","S/D","S/D","Nocturna","S/D","S/D","S/D","Colisión","S/D","S/D","S/D","S/D"
2015,8659,08/11/2015,"Domingo",0,01:55:00,,"0.0",2,"Bicicleta,Taxi/Remis","Bv. 27 De Febrero Y Maipu",2,1,0,0,1,0,0,,"Avenida",,"ROSARIO","Rosario","Asfalto","No existe","II","Dentro","Urbana","Semáforo","Funciona","Intersección","Bueno","Buena","Nocturna","Buen Tiempo","S/D","S/D","Atropello","Ninguna","Vertical","Cordón divisorio","Sin restricción"
2015,8660,04/11/2015,"Miercoles",0,,,"0.0",2,"Bicicleta,Automóvil","L.N.Alem Y Ituzaingo",2,1,0,0,1,0,0,,"Calle",,"ROSARIO","Rosario","Asfalto","No existe","II","Dentro","Urbana","S/D","No existe","Intersección","Bueno","Buena","Diurna","Buen Tiempo","S/D","S/D","Atropello","S/D","S/D","Ninguna","Sin restricción"
2015,8661,08/08/2015,"Sabado",0,12:00:00,,"0.0",2,"Automóvil,Bicicleta","Domingo Faustino Sarmiento Y Castelli",3,1,0,0,2,0,0,,"Calle",,"ESPERANZA","Las Colonias","Hormigón","No existe","XI","Dentro","Urbana","S/D","S/D","Intersección","S/D","S/D","Diurna","S/D","S/D","S/D","Atropello","S/D","S/D","S/D","S/D"
2015,8662,03/11/2015,"Martes",0,19:20:00,,"0.0",2,"Automóvil,Automóvil","Cerrito Y Buenos Aires",3,2,0,0,1,0,0,,"Calle",,"ROSARIO","Rosario","Asfalto","No existe","II","Dentro","Urbana","Semáforo","Funciona","Intersección","Bueno","Buena","Diurna","Buen Tiempo","Lateral","S/D","Colisión","Ninguna","S/D","Ninguna","S/D"
2015,8663,01/11/2015,"Domingo",0,23:50:00,,"0.0",2,"Moto/Ciclomotor,Automóvil","Necochea Y Ituzaingo",2,1,0,0,1,0,0,,"Calle",,"ROSARIO","Rosario","Asfalto","No existe","II","Dentro","Urbana","S/D","S/D","Intersección","Bueno","Buena","Nocturna,Con luz artificial","Buen Tiempo","Lateral","S/D","Colisión","S/D","S/D","Ninguna","Sin restricción"
2015,8664,14/11/2015,"Sabado",0,,,"0.0",2,"Bicicleta,Pickup/Utilitario","Av. Belgrano 2400",2,1,0,0,1,0,0,,"Calle",,"ROSARIO","Rosario","Asfalto","No existe","II","Dentro","Urbana","S/D","No existe","Recta","Bueno","Buena","S/D","Buen Tiempo","S/D","S/D","Atropello","S/D","S/D","Ninguna","Sin restricción"
2015,8665,10/11/2015,"Martes",0,21:00:00,,"0.0",2,"Automóvil,Peatón","Ocampo Y Ayacucho",2,1,0,0,1,0,0,,"Calle",,"ROSARIO","Rosario","Asfalto","No existe","II","Dentro","Urbana","Ninguna","No existe","Intersección","Bueno","Buena","Diurna","Buen Tiempo","Frontal","S/D","Atropello","S/D","S/D","Ninguna","Sin restricción"
2015,8666,09/07/2015,"Jueves",0,07:00:00,,"0.0",1,"Automóvil","Bartolome Mitre 2400",1,1,0,0,0,0,0,,"Calle",,"ESPERANZA","Las Colonias","Asfalto","S/D","XI","Dentro","Urbana","S/D","S/D","Recta","Bueno","Buena","Amanecer","S/D","Contra objeto fijo","S/D","Colisión","S/D","S/D","S/D","S/D"
2015,8667,10/07/2015,"Viernes",0,20:40:00,,"0.0",2,"Moto/Ciclomotor,Automóvil","Calle 20 9 de Julio Y Calle 33-Pueyrredon",3,2,0,0,1,0,0,,"Calle",,"RECONQUISTA","General Obligado","S/D","S/D","IX","Dentro","Urbana","S/D","S/D","Intersección","S/D","S/D","Nocturna","Buen Tiempo","Lateral","S/D","Colisión","S/D","S/D","S/D","S/D"
2015,8668,14/07/2015,"Martes",0,08:45:00,,"0.0",2,"Automóvil,Moto/Ciclomotor","España Y Roque Saenz Peña",2,1,0,0,1,0,0,,"Calle",,"VENADO TUERTO","General López","S/D","S/D","VIII","Dentro","Urbana","S/D","S/D","Intersección","S/D","Buena","Diurna","S/D","Lateral","S/D","Colisión","S/D","S/D","S/D","S/D"
2015,8669,18/07/2015,"Sabado",0,08:30:00,,"0.0",1,"Moto/Ciclomotor","Dante Alighieri Y Runciman",1,1,0,0,0,0,0,,"Calle",,"VENADO TUERTO","General López","S/D","S/D","VIII","Fuera","Urbana","S/D","S/D","Intersección","S/D","Buena","Diurna","S/D","S/D","S/D","Caída ocupante","S/D","S/D","S/D","S/D"
2015,8670,18/07/2015,"Sabado",0,13:00:00,,"0.0",2,"Peatón,Automóvil","2 DE ABRIL Y EVA PERON",2,1,0,0,1,0,0,,"Calle",,"VENADO TUERTO","General López","S/D","S/D","VIII","Dentro","Urbana","S/D","S/D","Recta","S/D","Buena","Diurna","Buen Tiempo","S/D","S/D","Atropello","S/D","S/D","S/D","S/D"
2015,8671,18/11/2015,"Miercoles",0,13:20:00,,"0.0",1,"Moto/Ciclomotor","Santiago Derqui Y Antartida Argentina",1,1,0,0,0,0,0,,"Calle",,"VENADO TUERTO","General López","S/D","S/D","VIII","Dentro","Urbana","S/D","S/D","Recta","S/D","Buena","Diurna","Buen Tiempo","S/D","S/D","Caída ocupante","S/D","S/D","S/D","S/D"
2015,8672,21/07/2015,"Martes",0,18:00:00,"Ruta Provincial 2","0.0",1,"Pickup/Utilitario","58 km al noroeste de San Justo ",4,4,0,0,0,0,0,,"Ruta",2,"SAN JUSTO","San Justo","S/D","S/D","XVI","Dentro","Urbana","S/D","S/D","Curva","S/D","Buena","Diurna","S/D","S/D","S/D","Vuelco","S/D","S/D","S/D","S/D"
2015,8673,21/07/2015,"Martes",0,12:30:00,,"0.0",1,"Moto/Ciclomotor","Ferrocarril General M Belgrano 700",1,1,0,0,0,0,0,,"Calle",,"SAN CRISTÓBAL","San Cristóbal","S/D","S/D","XIII","Dentro","Urbana","S/D","S/D","Recta","S/D","S/D","Diurna","S/D","S/D","S/D","Caída ocupante","S/D","S/D","S/D","S/D"
2015,8674,21/07/2015,"Martes",0,09:30:00,,"0.0",2,"Pickup/Utilitario,Transporte de Pasajeros Urbano (> 8 asientos)","San Jeronimo Y La Rioja",3,1,0,0,2,0,0,,"Calle",,"SANTA FE","La Capital","S/D","S/D","I","Dentro","Urbana","S/D","S/D","Intersección","S/D","S/D","Diurna","S/D","S/D","S/D","Colisión","S/D","S/D","S/D","S/D"
2015,8675,01/07/2015,"Miercoles",0,09:00:00,,"0.0",1,"Automóvil","Av Circunvalación ",1,0,0,0,0,0,1,,"Calle",,"SANTA FE","La Capital","S/D","S/D","I","Dentro","Urbana","S/D","S/D","Recta","S/D","S/D","Diurna","S/D","Contra objeto fijo","S/D","Colisión","S/D","S/D","S/D","S/D"
2015,8676,24/07/2015,"Viernes",0,18:30:00,,"0.0",2,"Moto/Ciclomotor,Pickup/Utilitario","Carlos Altamirano Y Rondeau",2,1,0,0,1,0,0,,"Calle",,"CERES","San Cristóbal","S/D","S/D","XIII","Dentro","Urbana","S/D","S/D","Intersección","S/D","S/D","Diurna","S/D","S/D","S/D","Colisión","S/D","S/D","S/D","Sin restricción"
2015,8677,01/07/2015,"Miercoles",1,,"Ruta Provincial 10","137.0",1,"Transporte de Pasajeros Larga Distancia (> 8 asientos)"," ",34,3,0,0,31,0,0,,"Ruta",10,"SANTA CLARA DE BUENA VISTA","Las Colonias","S/D","S/D","XI","Dentro","Urbana","S/D","S/D","Recta","S/D","S/D","S/D","S/D","S/D","S/D","Vuelco","S/D","S/D","S/D","S/D"
2015,8678,08/08/2015,"Sabado",0,18:30:00,,"0.0",2,"Automóvil,Moto/Ciclomotor","R P A Janssen Y Berutti",3,2,0,0,1,0,0,,"Calle",,"ESPERANZA","Las Colonias","Hormigón","No existe","XI","Dentro","Urbana","S/D","S/D","Intersección","S/D","S/D","Atardecer","S/D","S/D","S/D","Colisión","S/D","S/D","S/D","S/D"
2015,8679,08/08/2015,"Sabado",0,19:00:00,,"0.0",2,"Moto/Ciclomotor,Moto/Ciclomotor","Juan Jose Paso Y Dr Galvez",3,2,0,0,1,0,0,,"Calle",,"ESPERANZA","Las Colonias","S/D","S/D","XI","Dentro","Urbana","S/D","S/D","Intersección","S/D","S/D","Atardecer","S/D","S/D","S/D","Colisión","S/D","S/D","S/D","S/D"
2015,8680,08/08/2015,"Sabado",0,,"Ruta Nacional 19","0.0",1,"Moto/Ciclomotor","RP6 ",1,1,0,0,0,0,0,,"Ruta",19,"SAN CARLOS NORTE","Las Colonias","S/D","S/D","XI","Dentro","S/D","S/D","S/D","Cruce","S/D","S/D","Atardecer","S/D","S/D","S/D","Caída ocupante","S/D","S/D","S/D","S/D"
2015,8681,09/08/2015,"Domingo",0,20:00:00,,"0.0",2,"Moto/Ciclomotor,Automóvil","Martin de la Peña 300",2,1,0,0,1,0,0,,"Calle",,"PROGRESO","Las Colonias","S/D","S/D","XI","Dentro","Urbana","S/D","S/D","Recta","S/D","S/D","Nocturna","S/D","Frontal","S/D","Colisión","S/D","S/D","S/D","S/D"
2015,8682,03/10/2015,"Sabado",0,19:10:00,,"0.0",2,"Moto/Ciclomotor,Automóvil","Belgrano Y Brown",2,0,0,0,1,1,0,"-33.030781, -60.625548","Calle",,"VILLA GOBERNADOR GÁLVEZ","Rosario","Asfalto","Pavimento","IV","S/D","Urbana","Ninguna","No existe","Intersección","Bueno","Buena","Nocturna","Buen Tiempo","S/D","S/D","Colisión","Ninguna","Faltante","Ninguna","Sin restricción"
2015,8683,25/11/2015,"Miercoles",0,17:00:00,,"0.0",2,"Moto/Ciclomotor,Automóvil","Ocampo Y Italia",2,1,0,0,1,0,0,,"Calle",,"ROSARIO","Rosario","Asfalto","S/D","II","Dentro","Urbana","S/D","No existe","Intersección","Bueno","Buena","Diurna","Buen Tiempo","Lateral","S/D","Colisión","S/D","Faltante","S/D","S/D"
2015,8684,24/11/2015,"Martes",0,08:30:00,,"0.0",2,"Moto/Ciclomotor,Automóvil","Av. Pellegrini Y Balcarce",2,1,0,0,1,0,0,,"Avenida",,"ROSARIO","Rosario","Asfalto","S/D","II","Dentro","Urbana","Semáforo","Funciona","Intersección","Bueno","Buena","Diurna","Buen Tiempo","Lateral","S/D","Colisión","S/D","Vertical","Cordón divisorio","S/D"
2015,8685,09/08/2015,"Domingo",0,19:00:00,"Ruta Nacional A007","0.0",1,"Pickup/Utilitario","AV. DE LA CONST. NAC. ARG. (AV. CIRCUNVALACION) ",3,0,0,0,0,0,3,,"Ruta","A007","SANTA FE","La Capital","Hormigón","Natural","I","Dentro","Urbana","S/D","S/D","S/D","S/D","S/D","Nocturna","S/D","S/D","S/D","Vuelco","Agua","S/D","Guardarrail","S/D"
2015,8686,01/11/2015,"Domingo",0,05:30:00,,"0.0",2,"Taxi/Remis,Automóvil","Ituzaingo Y J.M.de Rosas",3,1,0,0,2,0,0,,"Calle",,"ROSARIO","Rosario","Asfalto","No existe","II","Dentro","Urbana","Ninguna","No existe","Intersección","Resbaladiza","Buena","Nocturna,Con luz artificial","Lluvia","Contra objeto fijo,Lateral","S/D","Colisión","Agua","Faltante","Ninguna","Sin restricción"
2015,8687,20/11/2015,"Viernes",0,18:00:00,,"0.0",2,"Moto/Ciclomotor,Automóvil","J.M.de Rosas Y Pje. Ivanowsky",3,2,0,0,1,0,0,,"Calle",,"ROSARIO","Rosario","Asfalto","No existe","II","S/D","Urbana","Ninguna","No existe","Intersección","Bueno","Buena","Diurna","Buen Tiempo","Lateral","S/D","Colisión","Ninguna","Faltante","Ninguna","Sin restricción"
2015,8688,21/11/2015,"Sabado",0,13:00:00,,"0.0",2,"Automóvil,Automóvil","Sarmiento Y Galvez",5,3,0,0,2,0,0,,"Calle",,"ROSARIO","Rosario","Asfalto","S/D","II","Dentro","Urbana","S/D","S/D","Intersección","Bueno","Buena","Diurna","Buen Tiempo","Lateral","S/D","Colisión","S/D","S/D","S/D","S/D"
2015,8689,10/08/2015,"Lunes",0,19:25:00,,"0.0",2,"Bicicleta,Bicicleta","25 de Mayo Y Belgrano",2,1,0,0,1,0,0,,"Calle",,"VILLA OCAMPO","General Obligado","S/D","S/D","IX","Dentro","Urbana","S/D","S/D","Recta","S/D","S/D","Atardecer","S/D","S/D","S/D","Atropello","S/D","S/D","S/D","S/D"
2015,8690,20/11/2015,"Viernes",0,09:45:00,,"0.0",2,"Moto/Ciclomotor,Automóvil","Viamonte Y Pte.Roca",2,1,0,0,1,0,0,,"Calle",,"ROSARIO","Rosario","Asfalto","S/D","II","S/D","Urbana","Ninguna","No existe","Intersección","Bueno","Buena","Diurna","Buen Tiempo","Lateral","S/D","Colisión","S/D","Faltante","S/D","S/D"
2015,8691,19/11/2015,"Jueves",0,08:10:00,,"0.0",2,"Bicicleta,Pickup/Utilitario","Pte.Roca Y Rueda",2,1,0,0,1,0,0,,"Calle",,"ROSARIO","Rosario","Asfalto","S/D","II","Dentro","Urbana","Ninguna","No existe","Intersección","Resbaladiza","Buena","Diurna","Lluvia","S/D","S/D","Atropello","Agua","Faltante","S/D","S/D"
2015,8692,17/11/2015,"Martes",0,21:35:00,,"0.0",2,"Taxi/Remis,Automóvil","Italia Y Av. Pellegrini",3,1,0,0,2,0,0,,"Avenida",,"ROSARIO","Rosario","Asfalto","Pavimento","II","Dentro","Urbana","S/D","Funciona","Intersección","Bueno","Buena","Nocturna","Buen Tiempo","Lateral","S/D","Colisión","S/D","Vertical","S/D","S/D"
2015,8693,17/11/2015,"Martes",0,11:00:00,,"0.0",2,"Taxi/Remis,Automóvil","Pte.Roca Y Bv. 27 De Febrero",2,1,0,0,1,0,0,,"Calle",,"ROSARIO","Rosario","Asfalto","S/D","II","Dentro","Urbana","S/D","Funciona","Intersección","Bueno","Buena","Diurna","Buen Tiempo","Lateral","S/D","Colisión","S/D","Vertical","S/D","Sin restricción"
2015,8694,05/10/2015,"Lunes",0,01:00:00,,"0.0",2,"Moto/Ciclomotor,Transporte de Pasajeros Larga Distancia (> 8 asientos)","Av. Ntra.Sra.del Rosario Y Ayacucho",3,1,0,0,1,1,0,"-32.999472222222,-60.636333333333","Avenida",,"ROSARIO","Rosario","Asfalto","No existe","II","Dentro","Urbana","Semáforo","Intermitente","Intersección","Bueno","Buena","Nocturna","S/D","Lateral","S/D","Colisión","Ninguna","Horizontal,Vertical","Línea divisoria pintada","Sin restricción"
2015,8695,14/11/2015,"Sabado",0,05:30:00,,"0.0",2,"Automóvil,Taxi/Remis","Entre Rios Y Virasoro",5,3,0,0,2,0,0,,"Calle",,"ROSARIO","Rosario","Asfalto","S/D","II","Dentro","Urbana","S/D","S/D","Intersección","Bueno","Buena","Amanecer,Con luz artificial","Buen Tiempo","Lateral","S/D","Colisión","S/D","S/D","S/D","S/D"
2015,8696,10/08/2015,"Lunes",0,18:10:00,,"0.0",2,"Moto/Ciclomotor,Pickup/Utilitario","Francisco Conti Y Alberdi",2,1,0,0,1,0,0,,"Calle",,"VILLA OCAMPO","General Obligado","S/D","S/D","IX","Dentro","Urbana","S/D","S/D","S/D","S/D","S/D","Atardecer","S/D","S/D","S/D","Colisión","S/D","S/D","S/D","S/D"
2015,8697,10/08/2015,"Lunes",0,11:00:00,,"0.0",1,"Moto/Ciclomotor","CALLE 2 ENTRE CALLES 5 Y 7 ",1,1,0,0,0,0,0,,"Calle",,"TACUARENDÍ","General Obligado","S/D","S/D","IX","Dentro","Urbana","S/D","S/D","Recta","S/D","S/D","Diurna","S/D","S/D","S/D","Caída ocupante","S/D","S/D","S/D","S/D"
2015,8698,13/11/2015,"Viernes",0,22:10:00,,"0.0",2,"Automóvil,Automóvil","AV GODOY Y AV FRANCIA",4,2,0,0,2,0,0,,"Avenida",,"ROSARIO","Rosario","Asfalto","S/D","II","Dentro","Urbana","Semáforo","Funciona","Intersección","Bueno","Buena","Nocturna","S/D","Lateral","S/D","Colisión","S/D","Vertical","Cordón divisorio","S/D"
2015,8699,12/10/2015,"Lunes",0,00:30:00,,"0.0",1,"Automóvil","Camino Ppal. a la Costa 400 m antes d Pje La Costa ",1,0,0,0,0,1,0,"-31.506800, -60.662294","Camino Rural",,"MONTE VERA","La Capital","Ripio","No existe","I","Fuera","Rural","Ninguna","No existe","Recta","Bueno","Buena","Nocturna","Buen Tiempo","S/D","S/D","Vuelco","Ninguna","S/D","Ninguna","Sin restricción"
2015,8700,18/07/2015,"Sabado",0,01:05:00,,"0.0",2,"Moto/Ciclomotor,Vehículo Oficial","Teniente Loza Y Reuteman",2,1,0,0,1,0,0,,"Calle",,"SANTA FE","La Capital","S/D","S/D","I","Dentro","Urbana","S/D","S/D","Intersección","S/D","Buena","Nocturna","Buen Tiempo","Lateral","S/D","Colisión","S/D","S/D","S/D","S/D"
2015,8701,11/08/2015,"Martes",0,17:30:00,"Ruta Nacional 8","0.0",2,"Pickup/Utilitario,Camión"," ",2,1,0,0,1,0,0,,"Ruta",8,"VENADO TUERTO","General López","Hormigón","Natural","VIII","Dentro","Rural","S/D","No existe","Recta","Bueno","S/D","Diurna","Buen Tiempo","S/D","S/D","Colisión","Ninguna","Horizontal","Línea divisoria pintada","Sin restricción"
2015,8702,03/10/2015,"Sabado",0,06:40:00,,"0.0",2,"Automóvil,Automóvil","3 De Febrero Y L.N.Alem",2,0,0,0,1,1,0,"-32.954444444444,-60.629888888889","Calle",,"ROSARIO","Rosario","Asfalto","S/D","II","Dentro","Urbana","S/D","S/D","Intersección","Bueno","Buena","Diurna","S/D","Lateral","S/D","Colisión","S/D","S/D","Cordón divisorio","S/D"
2015,8703,04/11/2015,"Miercoles",0,19:45:00,,"0.0",2,"Peatón,Automóvil","Saavedra Y J.M.de Rosas",2,1,0,0,1,0,0,,"Calle",,"ROSARIO","Rosario","Asfalto","No existe","II","Dentro","Urbana","S/D","No existe","Intersección","Bueno","Buena","Nocturna,Con luz artificial","Buen Tiempo","S/D","S/D","Atropello","Ninguna","Faltante","Ninguna","S/D"
2015,8704,19/10/2015,"Lunes",0,,"Ruta Nacional 11","448.0",2,"Moto/Ciclomotor,Automóvil"," ",2,0,0,0,1,1,0,"-31.764035, -60.833136","Ruta",11,"SAUCE VIEJO","La Capital","Ripio","Ripio","I","S/D","Urbana","Ninguna","No existe","Recta","Deteriorada","Buena","Con luz artificial","Buen Tiempo","Lateral","S/D","Colisión","S/D","S/D","Ninguna","S/D"
2015,8705,06/11/2015,"Viernes",0,18:25:00,,"0.0",2,"Bicicleta,Automóvil","Ayacucho Y Galvez",2,1,0,0,1,0,0,,"Calle",,"ROSARIO","Rosario","Asfalto","No existe","II","Dentro","Urbana","S/D","No existe","Intersección","Bueno","Buena","Atardecer","Buen Tiempo","S/D","S/D","Atropello","Ninguna","S/D","S/D","Sin restricción"
2015,8706,09/11/2015,"Lunes",0,11:00:00,,"0.0",2,"Moto/Ciclomotor,Automóvil","Colon Y Gaboto",3,2,0,0,1,0,0,,"Calle",,"ROSARIO","Rosario","Asfalto","No existe","II","Dentro","Urbana","Ninguna","No existe","Intersección","Bueno","Buena","Diurna","Buen Tiempo","Lateral","S/D","Colisión","Ninguna","Faltante","Ninguna","Sin restricción"
2015,8707,03/07/2015,"Viernes",0,01:20:00,,"0.0",2,"Vehículo Oficial,Automóvil","Av. Ntra.Sra.del Rosario Y Mariano Moreno",3,2,0,0,1,0,0,,"Calle",,"ROSARIO","Rosario","S/D","S/D","II","Dentro","Urbana","S/D","S/D","Intersección","S/D","Buena","Nocturna,Con luz artificial","S/D","S/D","S/D","Colisión","S/D","S/D","S/D","S/D"