"anio_acci","nro_acci","fecha","desc_dia","fecha_aprox","hora_aprox","desc_ruta","km","cant_participantes","desc_participante","calle_avenida_km","total","heridos_leves","heridos_graves","heridos_gravisimos","ilesos","fallecidos","sin_datos","posicion_XY","desc_tipo_via","desc_ruta_ori","desc_loc","desc_dpto","desc_tipo_calzada","desc_tipo_banquina","desc_unidad_regional","desc_lugar_calzada","desc_zona","desc_prioridad","desc_estado_semaforo","desc_lugar_via","desc_estado_via","desc_estado_visibilidad","desc_luminosidad","desc_estado_clima","desc_tipo_colision","desc_tipo_atropello","desc_tipo_hecho","desc_pres_calzada","desc_senializacion","desc_separacion_via","desc_restriccion"
2015,8708,09/11/2015,"Lunes",0,20:20:00,,"0.0",2,"Moto/Ciclomotor,Automóvil","Bv. Segui Y J.M.de Rosas",2,1,0,0,1,0,0,,"Avenida",,"ROSARIO","Rosario","Asfalto","No existe","II","Dentro","Urbana","S/D","No existe","Intersección","Bueno","Buena","Nocturna,Con luz artificial","Buen Tiempo","Lateral","S/D","Colisión","Ninguna","S/D","Ninguna","S/D"
2015,8709,26/07/2015,"Domingo",0,15:50:00,,"0.0",1,"Automóvil","Bv. Oroño Y Av. Circunvalacion",1,1,0,0,0,0,0,,"S/D",,"ROSARIO","Rosario","S/D","S/D","II","S/D","S/D","S/D","S/D","S/D","S/D","S/D","Diurna","S/D","S/D","S/D","Vuelco","S/D","S/D","S/D","S/D"
2015,8710,26/07/2015,"Domingo",0,19:40:00,"Ruta Nacional 33","612.0",1,"Automóvil"," ",2,0,0,0,0,2,0,"-33.8129503,-62.1691529","Ruta",33,"MAGGIOLO","General López","S/D","S/D","VIII","S/D","S/D","S/D","S/D","S/D","S/D","S/D","Nocturna","S/D","Contra objeto fijo","S/D","Colisión","S/D","S/D","S/D","S/D"
2015,8711,10/11/2015,"Martes",0,09:40:00,,"0.0",2,"Moto/Ciclomotor,Automóvil","Grandoli Y Dr.Rivas",2,1,0,0,1,0,0,,"Calle",,"ROSARIO","Rosario","Asfalto","S/D","II","Dentro","Urbana","S/D","S/D","Intersección","Bueno","Buena","Diurna","Buen Tiempo","Lateral","S/D","Colisión","S/D","S/D","Ninguna","Sin restricción"
2015,8712,09/07/2015,"Jueves",0,10:30:00,,"0.0",2,"Moto/Ciclomotor,Pickup/Utilitario","Biedma Y Larrea",2,0,0,0,1,1,0,"-32.974489, -60.695961","Calle",,"ROSARIO","Rosario","S/D","S/D","II","Dentro","Urbana","S/D","S/D","Intersección","S/D","S/D","Diurna","S/D","S/D","S/D","Colisión","S/D","S/D","S/D","S/D"
2015,8713,15/11/2015,"Domingo",0,11:30:00,,"0.0",2,"Automóvil,Automóvil","Ayolas Y J.M.de Rosas",3,1,0,0,2,0,0,,"Calle",,"ROSARIO","Rosario","Asfalto","No existe","II","Dentro","Urbana","S/D","No existe","Intersección","Bueno","Buena","Diurna","Buen Tiempo","Lateral","S/D","Colisión","Ninguna","Faltante","S/D","S/D"
2015,8714,27/07/2015,"Lunes",0,15:50:00,"Ruta Provincial 10","0.0",2,"Moto/Ciclomotor,Pickup/Utilitario"," ",4,2,0,0,0,0,2,,"Ruta",10,"ANDINO","Iriondo","S/D","S/D","X","S/D","S/D","S/D","S/D","S/D","S/D","S/D","Diurna","S/D","S/D","S/D","S/D","S/D","S/D","S/D","S/D"
2015,8715,09/07/2015,"Jueves",0,22:50:00,,"0.0",2,"Automóvil,Moto/Ciclomotor","Mitre Y Hernandarias",5,3,0,0,2,0,0,,"Calle",,"SANTA FE","La Capital","S/D","S/D","I","Dentro","Urbana","S/D","S/D","Intersección","S/D","S/D","Nocturna","S/D","S/D","S/D","Colisión","S/D","S/D","S/D","S/D"
2015,8716,18/11/2015,"Miercoles",0,17:40:00,,"0.0",2,"Moto/Ciclomotor,Automóvil","Ayolas Y Chacabuco",4,3,0,0,1,0,0,,"Calle",,"ROSARIO","Rosario","Asfalto","No existe","II","Dentro","Urbana","Ninguna","No existe","Intersección","Bueno","Buena","Diurna","Buen Tiempo","Lateral","S/D","Colisión","Ninguna","Faltante","Ninguna","Sin restricción"
2015,8717,11/07/2015,"Sabado",0,,,"0.0",2,"Vehículo Oficial,Moto/Ciclomotor","Nicasio Oroño Y Intendente Nestor Bode",4,1,1,0,2,0,0,,"Calle",,"SAN JAVIER","San Javier","S/D","S/D","XIV","Dentro","Urbana","S/D","S/D","Recta","S/D","S/D","S/D","S/D","S/D","S/D","S/D","S/D","S/D","S/D","S/D"
2015,8718,20/11/2015,"Viernes",0,12:15:00,,"0.0",2,"Bicicleta,Automóvil","Pje. Resistencia Y Grandoli",2,1,0,0,1,0,0,,"Calle",,"ROSARIO","Rosario","Asfalto","No existe","II","Dentro","Urbana","Ninguna","No existe","Intersección","Bueno","Buena","Diurna","Buen Tiempo","S/D","S/D","Atropello","Ninguna","S/D","S/D","Sin restricción"
2015,8719,25/11/2015,"Miercoles",0,16:45:00,,"0.0",2,"Bicicleta,Automóvil","L.N.Alem Y Ayolas",2,1,0,0,1,0,0,,"Calle",,"ROSARIO","Rosario","Asfalto","No existe","II","Dentro","Urbana","Ninguna","No existe","Intersección","Bueno","Buena","Diurna","Buen Tiempo","Lateral","S/D","Colisión","Ninguna","Faltante","Ninguna","Sin restricción"
2015,8720,03/11/2015,"Martes",0,20:05:00,,"0.0",2,"Bicicleta,Moto/Ciclomotor","Mariano Moreno Y Pasco",2,1,0,0,1,0,0,,"Calle",,"ROSARIO","Rosario","Asfalto","S/D","II","Dentro","Urbana","S/D","S/D","Recta","Bueno","Buena","Atardecer","Buen Tiempo","S/D","S/D","Atropello","S/D","Vertical","S/D","S/D"
2015,8721,31/07/2015,"Viernes",0,20:00:00,"Autopista Provincial Brigadier E.López","0.0",1,"Moto/Ciclomotor"," ",2,0,1,0,0,1,0,"-32.878898, -60.713481","Autopista","Brigadier E.López","ROSARIO","Rosario","S/D","S/D","II","S/D","S/D","S/D","S/D","S/D","S/D","S/D","Nocturna","S/D","S/D","S/D","S/D","S/D","S/D","S/D","S/D"
2015,8722,01/11/2015,"Domingo",0,12:30:00,,"0.0",2,"Automóvil,Moto/Ciclomotor","Av. Ovidio Lagos Y Av. Pellegrini",2,1,0,0,1,0,0,,"Avenida",,"ROSARIO","Rosario","Asfalto","S/D","II","Dentro","Urbana","S/D","Funciona","Intersección","Bueno","Buena","Diurna","Buen Tiempo","Lateral","S/D","Colisión","S/D","S/D","S/D","S/D"
2015,8723,31/07/2015,"Viernes",0,22:45:00,,"0.0",1,,"Estrada Y Estanislao Zeballos",5,3,0,0,2,0,0,,"S/D",,"SANTA FE","La Capital","S/D","S/D","I","S/D","S/D","S/D","S/D","S/D","S/D","S/D","Nocturna","S/D","S/D","S/D","S/D","S/D","S/D","S/D","S/D"
2015,8724,31/07/2015,"Viernes",0,22:45:00,,"0.0",2,"Automóvil,Vehículo Oficial","Estrada Y Estanislao Zeballos",5,3,0,0,2,0,0,,"S/D",,"SANTA FE","La Capital","S/D","S/D","I","S/D","S/D","S/D","S/D","S/D","S/D","S/D","Nocturna","S/D","S/D","S/D","S/D","S/D","S/D","S/D","S/D"
2015,8725,13/07/2015,"Lunes",0,,,"0.0",2,"Moto/Ciclomotor,Automóvil","Juan de Garay Y M Moreno",2,0,0,0,1,1,0,"-32.810166, -60.722886","S/D",,"CAPITÁN BERMÚDEZ","San Lorenzo","S/D","S/D","XVII","S/D","S/D","S/D","S/D","S/D","S/D","S/D","S/D","S/D","S/D","S/D","S/D","S/D","S/D","S/D","S/D"
2015,8726,01/11/2015,"Domingo",0,12:00:00,,"0.0",2,"Peatón,Automóvil","San Martin Y La Paz",2,1,0,0,1,0,0,,"Calle",,"ROSARIO","Rosario","Asfalto","S/D","II","Dentro","Urbana","S/D","S/D","Recta","Bueno","Buena","Diurna","Buen Tiempo","S/D","S/D","Atropello","S/D","S/D","S/D","S/D"
2015,8727,22/08/2015,"Sabado",0,,"Ruta Provincial 4","84.0",1,"Automóvil"," ",2,2,0,0,0,0,0,,"Ruta",4,"LA PELADA","Las Colonias","S/D","S/D","XI","Dentro","Urbana","S/D","S/D","Recta","S/D","S/D","Diurna","S/D","S/D","S/D","Vuelco","S/D","S/D","S/D","S/D"
2015,8728,13/11/2015,"Viernes",0,20:40:00,,"0.0",2,"Moto/Ciclomotor,Automóvil","España Y Ituzaingo",2,1,0,0,1,0,0,,"Calle",,"ROSARIO","Rosario","Asfalto","S/D","II","Dentro","Urbana","S/D","S/D","Intersección","Bueno","Buena","Nocturna,Con luz artificial","Buen Tiempo","Lateral","S/D","Colisión","S/D","S/D","S/D","S/D"
2015,8729,13/11/2015,"Viernes",0,15:00:00,,"0.0",2,"Moto/Ciclomotor,Pickup/Utilitario","Pasco Y Pte.Roca",2,1,0,0,1,0,0,,"Calle",,"ROSARIO","Rosario","Asfalto","S/D","II","Dentro","Urbana","Señal Pare","S/D","Intersección","Bueno","Buena","Diurna","Buen Tiempo","Lateral","S/D","Colisión","S/D","Vertical","S/D","S/D"
2015,8730,13/11/2015,"Viernes",0,12:20:00,,"0.0",2,"Automóvil,Moto/Ciclomotor","Pte.Roca Y Pje. Gomensoro",2,1,0,0,1,0,0,,"Calle",,"ROSARIO","Rosario","Asfalto","S/D","II","S/D","Urbana","S/D","S/D","Intersección","Bueno","Buena","Diurna","Buen Tiempo","Lateral","S/D","Colisión","S/D","S/D","S/D","S/D"
2015,8731,12/11/2015,"Jueves",0,17:00:00,,"0.0",2,"Automóvil,Automóvil","Bv. 27 De Febrero Y Bv. Oroño",2,1,0,0,1,0,0,,"Avenida",,"ROSARIO","Rosario","Asfalto","S/D","II","Dentro","Urbana","Semáforo","Funciona","Intersección","Resbaladiza","Buena","Diurna","Lluvia","De alcance","S/D","Colisión","Agua","Vertical","Cordón divisorio","S/D"
2015,8732,11/11/2015,"Miercoles",0,12:50:00,,"0.0",2,"Bicicleta,Automóvil","Entre Rios 2800",2,1,0,0,1,0,0,,"Calle",,"ROSARIO","Rosario","Asfalto","S/D","II","Dentro","Urbana","S/D","S/D","Recta","Bueno","Buena","Diurna","Buen Tiempo","S/D","S/D","Atropello","S/D","Horizontal","Línea divisoria pintada","S/D"
2015,8733,09/11/2015,"Lunes",0,17:10:00,,"0.0",2,"Automóvil,Moto/Ciclomotor","Balcarce 2700",2,1,0,0,1,0,0,,"Calle",,"ROSARIO","Rosario","Asfalto","S/D","II","S/D","Urbana","S/D","S/D","Intersección","Bueno","Buena","Diurna","Buen Tiempo","Lateral","S/D","Colisión","S/D","S/D","Línea divisoria pintada","S/D"
2015,8734,06/11/2015,"Viernes",0,15:55:00,,"0.0",2,"Bicicleta,Taxi/Remis","Sarmiento 2800",2,1,0,0,1,0,0,,"Calle",,"ROSARIO","Rosario","Asfalto","S/D","II","S/D","Urbana","S/D","S/D","Recta","Bueno","Buena","Diurna","Buen Tiempo","Otro","S/D","Colisión","S/D","S/D","S/D","S/D"
2015,8735,04/11/2015,"Miercoles",0,17:40:00,,"0.0",2,"Moto/Ciclomotor,Pickup/Utilitario","Cerrito Y Entre Rios",2,1,0,0,1,0,0,,"Calle",,"ROSARIO","Rosario","Asfalto","S/D","II","S/D","Urbana","S/D","No existe","Intersección","Bueno","Buena","Diurna","Buen Tiempo","Lateral","S/D","Colisión","S/D","Faltante","S/D","S/D"
2015,8736,14/11/2015,"Sabado",0,18:40:00,,"0.0",2,"Moto/Ciclomotor,Automóvil","España Y Gaboto",3,2,0,0,1,0,0,,"Calle",,"ROSARIO","Rosario","Asfalto","S/D","II","S/D","Urbana","S/D","S/D","Intersección","Bueno","Buena","Diurna","Buen Tiempo","Lateral","S/D","Colisión","S/D","S/D","S/D","S/D"
2015,8737,25/08/2015,"Martes",0,13:00:00,,"0.0",2,"Moto/Ciclomotor,Peatón","1ro de Mayo Y Mendoza",2,2,0,0,0,0,0,"-31.648111111111,-60.711111111111","Calle",,"SANTA FE","La Capital","S/D","S/D","I","Dentro","Urbana","Policía de tránsito","S/D","Intersección","S/D","S/D","Diurna","S/D","S/D","S/D","Atropello","S/D","S/D","S/D","Desvío Provisorio"
2015,8738,12/10/2015,"Lunes",0,22:15:00,"Ruta Nacional 34","235.0",3,"Automóvil,Automóvil,Camión"," ",8,1,0,0,4,3,0,"-31.131652, -61.475360","Ruta",34,"LEHMANN","Castellanos","Asfalto","S/D","V","S/D","Rural","S/D","S/D","S/D","S/D","S/D","Nocturna","S/D","Múltiple","S/D","Colisión,Incendio","S/D","S/D","S/D","S/D"
2015,8739,05/11/2015,"Jueves",0,23:30:00,,"0.0",2,"Automóvil,Moto/Ciclomotor","San Carlos Y San Luis",2,1,0,0,1,0,0,,"Calle",,"SANTA CLARA DE BUENA VISTA","Las Colonias","Asfalto","Natural","XI","Dentro","Urbana","Ninguna","No existe","Intersección","Bueno","Buena","Nocturna,Con luz artificial","Buen Tiempo","Lateral","S/D","Colisión","Ninguna","S/D","Ninguna","Sin restricción"
2015,8740,02/11/2015,"Lunes",0,12:05:00,,"0.0",2,"Moto/Ciclomotor,Moto/Ciclomotor","Marcos Avellaneda 1100",2,2,0,0,0,0,0,,"Calle",,"ESPERANZA","Las Colonias","Asfalto","No existe","XI","S/D","Urbana","Ninguna","No existe","Recta","Bueno","Buena","Diurna","Buen Tiempo","De alcance","S/D","Colisión","Ninguna","Horizontal","Cordón divisorio","Sin restricción"
2015,8741,01/11/2015,"Domingo",0,04:40:00,,"0.0",2,"Automóvil,Automóvil","Av Los Colonizadores Y Nicolas Schneider",3,1,0,0,2,0,0,,"Avenida",,"ESPERANZA","Las Colonias","Asfalto","No existe","XI","S/D","Urbana","S/D","S/D","Recta","Bueno","Buena","Nocturna","Buen Tiempo","Lateral","S/D","Colisión","Ninguna","Horizontal,Vertical","Cordón divisorio","S/D"
2015,8742,01/11/2015,"Domingo",0,07:40:00,,"0.0",2,"Automóvil,Moto/Ciclomotor","Guemes 800",2,1,0,0,1,0,0,,"Calle",,"ESPERANZA","Las Colonias","Asfalto","Pavimento","XI","S/D","Urbana","Ninguna","No existe","Intersección","Bueno","Buena","Diurna","Buen Tiempo","Lateral","S/D","Colisión","Ninguna","Horizontal","Ninguna","Sin restricción"
2015,8744,29/11/2015,"Domingo",0,18:00:00,,"0.0",1,"Moto/Ciclomotor","Calle 55 Y Calle 56",1,1,0,0,0,0,0,,"Calle",,"ARROYO LEYES","La Capital","Tierra","Natural","I","S/D","Urbana","Ninguna","No existe","Recta","S/D","Buena","Atardecer","Buen Tiempo","S/D","S/D","S/D","S/D","S/D","Ninguna","Sin restricción"
2015,8745,03/11/2015,"Martes",0,08:15:00,,"0.0",2,"Pickup/Utilitario,Moto/Ciclomotor","R G Videla Y Lopez y Planes",2,1,0,0,1,0,0,,"Calle",,"ESPERANZA","Las Colonias","Ripio","S/D","XI","Dentro","Urbana","S/D","No existe","Intersección","Bueno","Buena","Atardecer","Buen Tiempo","Lateral","S/D","Colisión","S/D","Vertical","S/D","Sin restricción"
2015,8746,10/11/2015,"Martes",0,13:00:00,"Ruta Provincial 1","4.5",2,"Automóvil,Moto/Ciclomotor"," ",2,1,0,0,1,0,0,,"Ruta",1,"RINCÓN POTRERO","La Capital","Asfalto","No existe","I","Dentro","Urbana","Ninguna","No existe","Intersección","Con baches","Buena","Diurna","Buen Tiempo","Lateral","S/D","Colisión","Material Suelto","Faltante","Ninguna","Sin restricción"
2015,8747,04/11/2015,"Miercoles",0,12:30:00,,"0.0",2,"Pickup/Utilitario,Transporte de Pasajeros (H/ 8 asientos)","Mariano Moreno Y Pringles",3,0,1,0,2,0,0,,"Calle",,"ESPERANZA","Las Colonias","Asfalto","No existe","XI","Dentro","Urbana","S/D","No existe","Recta","Bueno","Buena","Diurna","Buen Tiempo","S/D","S/D","Colisión","S/D","Vertical","Ninguna","Sin restricción"
2015,8748,08/11/2015,"Domingo",0,17:55:00,"Ruta Provincial 6","0.0",2,"Automóvil,Automóvil","Soler ",3,1,0,0,2,0,0,,"Ruta",6,"ESPERANZA","Las Colonias","Asfalto","Natural","XI","Dentro","Urbana","Ninguna","S/D","Intersección","Bueno","Buena","Atardecer","Buen Tiempo","S/D","S/D","Colisión","S/D","S/D","Línea divisoria pintada","Sin restricción"
2015,8749,25/08/2015,"Martes",0,19:05:00,,"0.0",2,"Bicicleta,Automóvil","3 de Febrero Y Domingo Faustino Sarmiento",2,1,0,0,1,0,0,,"Calle",,"VENADO TUERTO","General López","S/D","S/D","VIII","Dentro","Urbana","S/D","S/D","Intersección","S/D","S/D","Atardecer","S/D","S/D","S/D","Atropello","S/D","S/D","S/D","S/D"
2015,8750,14/11/2015,"Sabado",0,13:00:00,,"5.0",2,"Moto/Ciclomotor,Peatón"," ",2,1,0,0,1,0,0,,"Calle",,"RINCÓN POTRERO","La Capital","Tierra","No existe","I","Dentro","Urbana","Ninguna","No existe","Intersección","Ahuellamiento","Buena","Diurna","Buen Tiempo","S/D","S/D","Atropello","Material Suelto","Faltante","Ninguna","Sin restricción"
2015,8751,09/11/2015,"Lunes",0,09:51:00,,"0.0",2,"Moto/Ciclomotor,Moto/Ciclomotor","9 de Julio 2500",2,1,0,0,1,0,0,,"Calle",,"ESPERANZA","Las Colonias","Ripio","Ripio","XI","Dentro","Urbana","Ninguna","No existe","Intersección","Bueno","Buena","Diurna","Buen Tiempo","Lateral","S/D","Colisión","S/D","Faltante","Ninguna","Sin restricción"
2015,8752,09/11/2015,"Lunes",0,20:00:00,"Ruta Provincial 1","5.0",2,"Automóvil,Moto/Ciclomotor"," ",2,1,0,0,1,0,0,,"Ruta",1,"RINCÓN POTRERO","La Capital","Asfalto","Natural","I","Dentro","Urbana","Ninguna","No existe","Intersección","Deteriorada","Reducida","Atardecer","Buen Tiempo","Lateral","S/D","Colisión","Material Suelto","Faltante","Ninguna","Sin restricción"
2015,8753,09/11/2015,"Lunes",0,12:50:00,"Ruta Provincial 70","500.0",2,"Automóvil,Moto/Ciclomotor"," ",3,1,0,0,2,0,0,,"Ruta",70,"ESPERANZA","Las Colonias","Asfalto","Pavimento","XI","Dentro","Urbana","Ninguna","Funciona","Cruce","Bueno","Buena","Diurna","Buen Tiempo","Lateral","S/D","Colisión","S/D","Vertical","Línea divisoria pintada","Sin restricción"
2015,8754,10/11/2015,"Martes",0,19:00:00,,"0.0",2,"Automóvil,Pickup/Utilitario","General Paz Y Av Cordoba",3,1,0,0,2,0,0,,"Calle",,"ESPERANZA","Las Colonias","Asfalto","No existe","XI","Dentro","Urbana","Ninguna","No existe","Intersección","Bueno","Buena","Atardecer","Buen Tiempo","De alcance","S/D","Colisión","S/D","Horizontal","Cordón divisorio","Sin restricción"
2015,8755,27/11/2015,"Viernes",0,15:10:00,,"0.0",2,"Pickup/Utilitario,Moto/Ciclomotor","Luis Maggi Y Ayacucho",3,2,0,0,0,0,1,,"Calle",,"RAFAELA","Castellanos","Asfalto","Pavimento","V","S/D","Urbana","Ninguna","No existe","Intersección","Bueno","Buena","Diurna","Buen Tiempo","Lateral","S/D","Colisión","Ninguna","S/D","Cordón divisorio","Sin restricción"
2015,8756,13/11/2015,"Viernes",0,,,"0.0",2,"Pickup/Utilitario,Moto/Ciclomotor","Marcos Avellaneda Y General Manuel Belgrano",2,0,1,0,1,0,0,,"Calle",,"ESPERANZA","Las Colonias","Asfalto","No existe","XI","Dentro","Urbana","S/D","No existe","Intersección","Bueno","Buena","Diurna","Buen Tiempo","Lateral","S/D","Colisión","S/D","Vertical","Ninguna","Sin restricción"
2015,8757,13/11/2015,"Viernes",0,12:30:00,,"0.0",2,"Moto/Ciclomotor,Automóvil","9 de Julio Y Juan Jose Paso",2,1,0,0,1,0,0,,"Calle",,"ESPERANZA","Las Colonias","Ripio","No existe","I","Dentro","Urbana","S/D","S/D","Intersección","Bueno","Buena","Diurna","Buen Tiempo","Lateral","S/D","Colisión","S/D","Vertical","S/D","S/D"
2015,8758,14/11/2015,"Sabado",0,02:50:00,,"0.0",2,"Otros,Moto/Ciclomotor","Berutti 900",2,1,0,0,0,0,1,,"Calle",,"ESPERANZA","Las Colonias","Asfalto","Pavimento","XI","Dentro","Urbana","Ninguna","No existe","Intersección","Bueno","Buena","Nocturna","Buen Tiempo","Lateral","S/D","Colisión","S/D","Faltante","Ninguna","Sin restricción"
2015,8759,23/11/2015,"Lunes",0,20:20:00,"Ruta Provincial 70","0.0",2,"Automóvil,Moto/Ciclomotor","Gregorio Donnet ",5,2,0,0,3,0,0,,"Ruta",70,"ESPERANZA","Las Colonias","Asfalto","Ripio","XI","Dentro","Urbana","Ninguna","No existe","Recta","Bueno","Buena","Nocturna","Buen Tiempo","Lateral","S/D","Colisión","S/D","Faltante","Ninguna","Sin restricción"
2015,8760,24/11/2015,"Martes",0,14:00:00,,"0.0",2,"Automóvil,Moto/Ciclomotor","Bartolome Mitre ",3,1,0,0,2,0,0,,"Calle",,"ESPERANZA","Las Colonias","Asfalto","No existe","XI","Dentro","Urbana","Ninguna","No existe","Intersección","Bueno","Buena","Diurna","Buen Tiempo","S/D","S/D","Colisión","S/D","Horizontal","Ninguna","Sin restricción"
2015,8761,14/11/2015,"Sabado",0,15:25:00,,"0.0",2,"Pickup/Utilitario,Moto/Ciclomotor","Palmira R Arcos 2175",2,1,0,0,1,0,0,,"Calle",,"RAFAELA","Castellanos","Tierra,Ripio","Natural","V","Dentro","Urbana","S/D","No existe","Recta","Bueno","Buena","Diurna","Buen Tiempo","De alcance","S/D","Colisión","Ninguna","Faltante","S/D","Sin restricción"
2015,8762,24/11/2015,"Martes",0,,,"0.0",2,"Moto/Ciclomotor,Automóvil","San Martin Y Berutti",2,0,1,0,1,0,0,,"Calle",,"ESPERANZA","Las Colonias","Asfalto","No existe","XI","Dentro","Urbana","S/D","No existe","Intersección","Bueno","Buena","Diurna","Buen Tiempo","Lateral","S/D","Colisión","S/D","Vertical","Ninguna","Sin restricción"
2015,8763,04/11/2015,"Miercoles",0,11:00:00,"Ruta Nacional 34","182.0",1,"Automóvil"," ",1,1,0,0,0,0,0,,"Ruta",34,"ANGÉLICA","Castellanos","Asfalto","Natural","V","Fuera","Rural","Ninguna","No existe","Recta","Bueno","Buena","Diurna","Buen Tiempo","S/D","S/D","Despiste","S/D","Vertical","Ninguna","Sin restricción"
2015,8764,15/11/2015,"Domingo",0,01:30:00,,"0.0",2,"Moto/Ciclomotor,Automóvil","MORENO Y ITURRASPE",2,0,1,0,1,0,0,,"Calle",,"SAN VICENTE.","Castellanos","Asfalto","No existe","V","Dentro","Urbana","S/D","No existe","Intersección","Bueno","Buena","Nocturna","Buen Tiempo","Lateral","S/D","Colisión","S/D","Faltante","S/D","S/D"
2015,8765,24/11/2015,"Martes",0,00:10:00,,"0.0",2,"Moto/Ciclomotor,Automóvil","General Manuel Belgrano Y Pueyrredon",3,1,0,0,2,0,0,,"Calle",,"ESPERANZA","Las Colonias","Asfalto","No existe","XI","Dentro","Urbana","Ninguna","No existe","Intersección","Bueno","Buena","Nocturna","Buen Tiempo","De alcance","S/D","Colisión","S/D","Horizontal","Ninguna","Sin restricción"
2015,8766,13/11/2015,"Viernes",0,20:40:00,,"0.0",2,"Moto/Ciclomotor,Automóvil","Av Aristobulo del Valle 2160",2,1,0,0,1,0,0,,"Avenida",,"RAFAELA","Castellanos","Asfalto","Pavimento","V","Dentro","Urbana","S/D","No existe","Intersección","Bueno","Buena","Nocturna,Con luz artificial","Buen Tiempo","De alcance","S/D","Colisión","Ninguna","S/D","S/D","Sin restricción"
2015,8767,24/11/2015,"Martes",0,09:00:00,,"0.0",2,"Pickup/Utilitario,Moto/Ciclomotor","Leandro N Alem ",2,0,1,0,1,0,0,,"Calle",,"ESPERANZA","Las Colonias","Tierra","No existe","XI","Dentro","Rural","Ninguna","No existe","Intersección","Bueno","Buena","Diurna","Buen Tiempo","S/D","S/D","Colisión","S/D","Faltante","Ninguna","Sin restricción"
2015,8768,01/10/2015,"Jueves",0,00:30:00,,"0.0",1,"Moto/Ciclomotor","Tucuman 3000",2,0,1,0,0,1,0,"-32.937090, -60.663076","Calle",,"ROSARIO","Rosario","Asfalto","S/D","II","Fuera","Urbana","S/D","S/D","Recta","Bueno","S/D","Nocturna","S/D","Contra objeto fijo","S/D","Colisión","S/D","S/D","S/D","S/D"
2015,8769,05/11/2015,"Jueves",0,,,"0.0",2,"Automóvil,Bicicleta","Ramon y Cajal Y Pueyrredon",2,1,0,0,1,0,0,,"Calle",,"RAFAELA","Castellanos","Hormigón","No existe","V","S/D","Urbana","Ninguna","No existe","Intersección","Bueno","Buena","S/D","Buen Tiempo","Lateral","S/D","Colisión","Ninguna","Faltante","Ninguna","Sin restricción"
2015,8770,11/11/2015,"Miercoles",0,12:00:00,"Ruta Nacional 34","0.0",5,"Automóvil,Camión,Camión,Camión,Automóvil","Ruta Nac 34 Gral Guemes Y Domingo Matheu",5,1,0,0,4,0,0,,"Ruta",34,"RAFAELA","Castellanos","Asfalto","Ripio","V","Dentro","Urbana","Semáforo","Funciona","Intersección","Bueno","Buena","Diurna","Buen Tiempo","De alcance,Múltiple","S/D","Colisión","Ninguna","Horizontal","Cordón divisorio","Sin restricción"
2015,8771,04/10/2015,"Domingo",0,17:15:00,,"0.0",1,"Moto/Ciclomotor","Avenida San Martin 600",1,0,0,0,0,1,0,"-33.1122803, -60.5625308","Avenida",,"GENERAL LAGOS","Rosario","Asfalto","S/D","II","S/D","Urbana","S/D","S/D","S/D","S/D","S/D","Diurna","S/D","Contra objeto fijo","S/D","Caída ocupante,Colisión","S/D","S/D","S/D","S/D"
2015,8772,25/11/2015,"Miercoles",0,09:00:00,,"0.0",2,"Automóvil,Pickup/Utilitario"," ",4,2,0,0,2,0,0,,"Camino Rural",,"RAFAELA","Castellanos","Tierra","Natural","V","S/D","Rural","Ninguna","No existe","Intersección","Ahuellamiento","Buena","Diurna","Buen Tiempo","Lateral","S/D","Colisión","Ninguna","Faltante","Ninguna","Sin restricción"
2015,8773,15/11/2015,"Domingo",0,05:40:00,"Ruta Provincial 13","0.0",1,"Automóvil"," ",4,3,1,0,0,0,0,,"Ruta",13,"HUMBERTO 1°","Castellanos","Tierra","Natural","V","S/D","Rural","Policía de tránsito","No existe","Intersección","S/D","Buena","Amanecer","Buen Tiempo","S/D","S/D","Vuelco","S/D","S/D","S/D","S/D"
2015,8774,05/11/2015,"Jueves",0,20:30:00,,"0.0",2,"Moto/Ciclomotor,Automóvil","Calle 11 Y Calle 60",2,0,1,0,1,0,0,,"Calle",,"FRONTERA","Castellanos","Asfalto","No existe","V","Dentro","Urbana","S/D","No existe","Intersección","Bueno","Buena","Nocturna","Buen Tiempo","Lateral","S/D","Colisión","S/D","Vertical","S/D","S/D"
2015,8775,20/11/2015,"Viernes",0,21:00:00,,"0.0",2,"Automóvil,Moto/Ciclomotor"," ",2,1,0,0,1,0,0,,"Avenida",,"RAFAELA","Castellanos","Asfalto","No existe","V","Dentro","Urbana","Ninguna","No existe","Intersección","Bueno","Buena","Nocturna","Buen Tiempo","Lateral","S/D","Colisión","S/D","S/D","S/D","Desvío Provisorio"
2015,8776,02/11/2015,"Lunes",0,13:40:00,"Ruta Nacional 34","0.0",2,"Moto/Ciclomotor,Automóvil","Ruta Nac 34 Gral Guemes Y A Terragni",2,0,1,0,1,0,0,,"Ruta",34,"RAFAELA","Castellanos","Asfalto","Pavimento","V","Dentro","Urbana","Semáforo","Funciona","Intersección","Bueno","Buena","Diurna","Buen Tiempo","Lateral","S/D","Colisión","S/D","S/D","S/D","Accidente Previo"
2015,8777,07/11/2015,"Sabado",0,10:00:00,,"0.0",2,"Moto/Ciclomotor,Pickup/Utilitario","Calle 94 Y Calle 3",2,0,1,0,1,0,0,,"Calle",,"FRONTERA","Castellanos","Asfalto","S/D","V","S/D","Urbana","S/D","S/D","Intersección","Bueno","Buena","Diurna","Buen Tiempo","Lateral","S/D","Colisión","S/D","S/D","S/D","S/D"
2015,8778,21/11/2015,"Sabado",0,07:30:00,,"0.0",2,"Moto/Ciclomotor,Moto/Ciclomotor","Calle 5 Y Calle 60",4,2,1,0,1,0,0,,"S/D",,"FRONTERA","Castellanos","Asfalto","S/D","V","S/D","Urbana","S/D","S/D","Intersección","Bueno","Buena","Diurna","Buen Tiempo","Lateral","S/D","Colisión","S/D","S/D","S/D","S/D"