"anio_acci","nro_acci","fecha","desc_dia","fecha_aprox","hora_aprox","desc_ruta","km","cant_participantes","desc_participante","calle_avenida_km","total","heridos_leves","heridos_graves","heridos_gravisimos","ilesos","fallecidos","sin_datos","posicion_XY","desc_tipo_via","desc_ruta_ori","desc_loc","desc_dpto","desc_tipo_calzada","desc_tipo_banquina","desc_unidad_regional","desc_lugar_calzada","desc_zona","desc_prioridad","desc_estado_semaforo","desc_lugar_via","desc_estado_via","desc_estado_visibilidad","desc_luminosidad","desc_estado_clima","desc_tipo_colision","desc_tipo_atropello","desc_tipo_hecho","desc_pres_calzada","desc_senializacion","desc_separacion_via","desc_restriccion"
2015,8779,05/11/2015,"Jueves",0,19:30:00,,"0.0",2,"Moto/Ciclomotor,Bicicleta","Entre Rios Y Pellegrini",2,1,0,0,1,0,0,,"Calle",,"LAGUNA PAIVA","La Capital","Asfalto","No existe","I","Dentro","Urbana","S/D","No existe","Recta","Bueno","Buena","Atardecer,Con luz artificial","Buen Tiempo","S/D","S/D","Atropello","Ninguna","Vertical","S/D","S/D"
2015,8780,18/11/2015,"Miercoles",0,22:00:00,,"0.0",4,"Moto/Ciclomotor,Automóvil,Moto/Ciclomotor,Moto/Ciclomotor","Calle 60 Y Calle 9",4,1,1,0,2,0,0,,"S/D",,"FRONTERA","Castellanos","Asfalto","S/D","V","S/D","Urbana","S/D","S/D","Intersección","Bueno","Buena","Nocturna,Con luz artificial","Buen Tiempo","Múltiple","S/D","Colisión","S/D","S/D","S/D","S/D"
2015,8781,12/11/2015,"Jueves",0,20:05:00,,"0.0",2,"Automóvil,Bicicleta","12 DE OCTUBRE 350",2,1,0,0,1,0,0,,"Calle",,"SAN VICENTE.","Castellanos","Asfalto","S/D","V","Dentro","Urbana","Ninguna","No existe","Recta","Bueno","Buena","Nocturna,Con luz artificial","Buen Tiempo","De alcance","S/D","Colisión","Ninguna","S/D","Ninguna","Sin restricción"
2015,8782,26/11/2015,"Jueves",0,20:30:00,,"0.0",2,"Moto/Ciclomotor,Moto/Ciclomotor","ITURRASPE Y SAAVEDRA",2,2,0,0,0,0,0,,"Calle",,"SAN VICENTE.","Castellanos","Asfalto","No existe","V","Dentro","Urbana","Ninguna","No existe","Intersección","Bueno","Buena","Nocturna,Con luz artificial","Buen Tiempo","Lateral","S/D","Colisión","Ninguna","Faltante","Ninguna","Sin restricción"
2015,8783,04/11/2015,"Miercoles",0,18:00:00,,"0.0",2,"Moto/Ciclomotor,Automóvil","BUENOS AIRES Y AVELLANEDA",3,1,0,0,2,0,0,,"Calle",,"SAN VICENTE.","Castellanos","Asfalto","Pavimento","V","Dentro","Urbana","Ninguna","No existe","Intersección","Bueno","Buena","Nocturna,Con luz artificial","Lluvia","Lateral","S/D","Colisión","Ninguna","S/D","Ninguna","Sin restricción"
2015,8784,29/11/2015,"Domingo",0,18:15:00,,"0.0",2,"Moto/Ciclomotor,Moto/Ciclomotor","Moreno Y Av Pte Peron",4,2,0,0,2,0,0,,"Avenida",,"LAGUNA PAIVA","La Capital","Asfalto","No existe","I","Dentro","Urbana","Ninguna","No existe","Intersección","Bueno","Buena","Diurna","Buen Tiempo","Lateral","S/D","Colisión","S/D","Horizontal,Vertical","Ninguna","Sin restricción"
2015,8785,29/11/2015,"Domingo",0,20:15:00,,"17.0",2,"Moto/Ciclomotor,Pickup/Utilitario","San Martin Y Belgrano",3,2,0,0,1,0,0,,"Calle",,"SANTA TERESA","Constitución","Asfalto","No existe","VI","Dentro","Urbana","Ninguna","No existe","Intersección","Bueno","Buena","Atardecer","Buen Tiempo","S/D","S/D","Colisión","Agua","Faltante","Ninguna","Sin restricción"
2015,8786,03/11/2015,"Martes",0,15:50:00,,"0.0",2,"Moto/Ciclomotor,Automóvil","Av San Martin Y 9 de Julio",2,1,0,0,1,0,0,,"Avenida",,"LAGUNA PAIVA","La Capital","Hormigón,Ripio","No existe","I","Dentro","Urbana","Ninguna","No existe","Intersección","Bueno","Buena","Diurna","Buen Tiempo","Lateral","S/D","Colisión","Ninguna","Faltante","Vegetación","Sin restricción"
2015,8787,20/11/2015,"Viernes",0,11:15:00,,"0.0",2,"Moto/Ciclomotor,Automóvil","Av San Martin 2250",2,1,0,0,1,0,0,,"Avenida",,"LAGUNA PAIVA","La Capital","Hormigón","No existe","I","Dentro","Urbana","S/D","No existe","Recta","Bueno","Buena","Diurna","Buen Tiempo","Lateral","S/D","Colisión","Ninguna","Horizontal,Vertical","S/D","S/D"
2015,8788,09/11/2015,"Lunes",0,01:30:00,,"0.0",2,"Moto/Ciclomotor,Moto/Ciclomotor","Entre Rios 800",2,1,0,0,1,0,0,,"Calle",,"LAGUNA PAIVA","La Capital","Hormigón","No existe","I","Dentro","Urbana","Ninguna","No existe","Recta","Bueno","Buena","Nocturna,Con luz artificial","Buen Tiempo","Lateral","S/D","Colisión","Ninguna","Horizontal,Vertical","Ninguna","Sin restricción"
2015,8789,10/11/2015,"Martes",0,17:50:00,,"0.0",2,"Moto/Ciclomotor,Pickup/Utilitario","Boassi Y 1º de Mayo",2,1,0,0,1,0,0,,"Calle",,"LAGUNA PAIVA","La Capital","Hormigón","No existe","I","Dentro","Urbana","Ninguna","No existe","Intersección","Bueno","Buena","Diurna","Buen Tiempo","Lateral","S/D","Colisión","Ninguna","Horizontal,Vertical","Ninguna","Sin restricción"
2015,8790,10/08/2015,"Lunes",0,12:00:00,,"0.0",2,"Bicicleta,Moto/Ciclomotor","Juan Jose Castelli Y Dean Funes",2,1,0,0,1,0,0,,"Calle",,"VENADO TUERTO","General López","S/D","S/D","VIII","Dentro","Urbana","S/D","S/D","S/D","S/D","S/D","Diurna","S/D","S/D","S/D","Atropello","S/D","S/D","S/D","S/D"
2015,8791,10/08/2015,"Lunes",0,11:15:00,,"0.0",2,"Moto/Ciclomotor,Moto/Ciclomotor","Francia Y Roca",2,2,0,0,0,0,0,,"Calle",,"VENADO TUERTO","General López","S/D","S/D","VIII","Dentro","Urbana","S/D","S/D","Intersección","S/D","S/D","Diurna","S/D","S/D","S/D","Colisión","S/D","S/D","S/D","S/D"
2015,8792,14/08/2015,"Viernes",0,11:00:00,"Ruta Provincial 70","0.0",2,"Camión,Camión","RP6 ",2,1,0,0,1,0,0,,"Ruta",70,"ESPERANZA","Las Colonias","Hormigón","Natural","XI","Dentro","Rural","S/D","No existe","Cruce","S/D","S/D","Diurna","S/D","S/D","S/D","Colisión","S/D","S/D","Línea divisoria pintada","S/D"
2015,8793,13/08/2015,"Jueves",0,16:00:00,,"0.0",2,"Moto/Ciclomotor,Moto/Ciclomotor","Calle 68-Armada Argentina 1830",2,2,0,0,0,0,0,,"Calle",,"RECONQUISTA","General Obligado","S/D","S/D","IX","Dentro","Urbana","S/D","S/D","Recta","S/D","S/D","Diurna","S/D","S/D","S/D","Colisión","S/D","S/D","S/D","S/D"
2015,8794,05/10/2015,"Lunes",0,23:20:00,,"0.0",1,"Moto/Ciclomotor","Buenos Aires Y Sebastian Gaboto",1,0,0,0,0,1,0,"-31.668666666667,-60.770055555556","Calle",,"SANTO TOMÉ","La Capital","Asfalto","S/D","I","Dentro","Urbana","S/D","S/D","S/D","S/D","S/D","Nocturna","S/D","Contra objeto fijo","S/D","Colisión","S/D","S/D","S/D","S/D"
2015,8795,17/08/2015,"Lunes",0,15:00:00,"Ruta Provincial 6","60.0",1,"Camión"," ",1,1,0,0,0,0,0,,"Ruta",6,"ESPERANZA","Las Colonias","Hormigón","Natural","XI","Dentro","Rural","Ninguna","No existe","Curva","Bueno","S/D","Diurna","S/D","S/D","S/D","Vuelco","Agua","Vertical","Línea divisoria pintada","Sin restricción"
2015,8796,07/10/2015,"Miercoles",0,23:15:00,,"0.0",2,"Moto/Ciclomotor,Automóvil","España Y Aguero",4,0,0,0,1,3,0,"-33.735944444444,-61.968722222222","Calle",,"VENADO TUERTO","General López","Asfalto","S/D","VIII","Dentro","Urbana","S/D","S/D","Intersección","S/D","S/D","Nocturna","S/D","Lateral","S/D","Colisión","S/D","S/D","S/D","S/D"
2015,8797,10/11/2015,"Martes",0,12:00:00,,"17.0",2,"Moto/Ciclomotor,Automóvil","San Martin Y Hernandarias",2,0,1,0,1,0,0,,"Calle",,"SANTA TERESA","Constitución","Asfalto","No existe","VI","Dentro","Urbana","Ninguna","No existe","Intersección","Bueno","Buena","Diurna","Buen Tiempo","Lateral","S/D","Colisión","Ninguna","Faltante","Ninguna","Sin restricción"
2015,8798,15/11/2015,"Domingo",0,,,"0.0",2,"Automóvil,Moto/Ciclomotor","Tarragona ",2,1,0,0,1,0,0,,"Calle",,"ROSARIO","Rosario","Asfalto","No existe","II","Dentro","Urbana","Ninguna","No existe","Intersección","Bueno","S/D","S/D","S/D","Lateral","S/D","Colisión","S/D","S/D","Ninguna","S/D"
2015,8799,06/11/2015,"Viernes",0,10:20:00,,"0.0",2,"Moto/Ciclomotor,Pickup/Utilitario"," ",2,1,0,0,1,0,0,,"Calle",,"SANTA TERESA","Constitución","Tierra,Ripio","No existe","VI","Dentro","Urbana","Ninguna","No existe","Intersección","Bueno","Buena","Diurna","Buen Tiempo","Lateral","S/D","Colisión","Ninguna","Faltante","Ninguna","Sin restricción"
2015,8800,22/11/2015,"Domingo",0,09:50:00,,"0.0",2,"Bicicleta,Automóvil"," ",2,0,1,0,1,0,0,,"Calle",,"VILLA CONSTITUCIÓN","Constitución","Asfalto","Pavimento","VI","Dentro","Urbana","Ninguna","No existe","Recta","Bueno","Buena","Diurna","Buen Tiempo","S/D","S/D","Atropello","Ninguna","S/D","Ninguna","Sin restricción"
2015,8801,10/11/2015,"Martes",0,19:00:00,,"0.0",2,"Moto/Ciclomotor,Camión","Tabares Y S Rubios",2,1,0,0,1,0,0,,"S/D",,"VILLA CONSTITUCIÓN","Constitución","Asfalto","S/D","VI","S/D","S/D","Ninguna","S/D","Intersección","Bueno","Buena","Diurna","Buen Tiempo","Frontal","S/D","Colisión","Ninguna","S/D","Ninguna","S/D"
2015,8802,05/11/2015,"Jueves",0,20:35:00,"Ruta Nacional 9","0.0",2,"Pickup/Utilitario,Moto/Ciclomotor","Suipacha Y Ruta Nacional 9",2,1,0,0,1,0,0,,"Ruta",9,"FUNES","Rosario","Asfalto","S/D","II","Dentro","Urbana","S/D","S/D","Recta","Bueno","Buena","Atardecer","Buen Tiempo","Lateral","S/D","Colisión","S/D","S/D","S/D","S/D"
2015,8803,07/11/2015,"Sabado",0,13:50:00,,"0.0",1,"Automóvil","Jose Ingenieros Y Juan Jose de Urquiza",4,4,0,0,0,0,0,,"Calle",,"VILLA CONSTITUCIÓN","Constitución","Asfalto","No existe","VI","Dentro","Urbana","Ninguna","No existe","Intersección","Bueno","Buena","Diurna","Buen Tiempo","Frontal","S/D","Colisión","Ninguna","Faltante","Ninguna","Sin restricción"
2015,8804,06/11/2015,"Viernes",0,16:20:00,"Autopista Nacional Rosario -Cordoba","305.0",2,"Automóvil,Camión"," ",3,1,0,0,2,0,0,,"Autopista","Rosario -Cordoba","ROSARIO","Rosario","Asfalto","Natural","II","Dentro","Rural","S/D","No existe","Recta","Bueno","Buena","Diurna","Lluvia","De alcance","S/D","Colisión","S/D","S/D","Vegetación","Sin restricción"
2015,8805,08/11/2015,"Domingo",0,11:00:00,,"0.0",2,"Moto/Ciclomotor,Automóvil","Bolivia Y Comodoro Rivadavia",2,1,0,0,1,0,0,,"S/D",,"VILLA CONSTITUCIÓN","Constitución","Asfalto","Pavimento","VI","S/D","S/D","Ninguna","No existe","Intersección","Bueno","Buena","Diurna","Buen Tiempo","Frontal","S/D","Colisión","Ninguna","Faltante","Ninguna","Sin restricción"
2015,8806,15/11/2015,"Domingo",0,13:30:00,,"0.0",2,"Automóvil,Automóvil","Av Fuerza Aerea Y Las Nueces",6,4,0,0,2,0,0,,"Avenida",,"FUNES","Rosario","Asfalto","Pavimento","II","Dentro","Urbana","S/D","No existe","Intersección","Con baches","Buena","Diurna","Buen Tiempo","Lateral","S/D","Colisión","S/D","S/D","S/D","Sin restricción"
2015,8807,08/11/2015,"Domingo",0,17:40:00,,"0.0",1,"Moto/Ciclomotor"," ",1,1,0,0,0,0,0,,"Camino Rural",,"ANGEL GALLARDO","La Capital","Tierra,Ripio","No existe","I","Dentro","Rural","Ninguna","No existe","Recta","Bueno","Buena","Diurna","Buen Tiempo","Atropello animal","S/D","Caída ocupante","Ninguna","S/D","Ninguna","Sin restricción"
2015,8808,28/11/2015,"Sabado",0,18:00:00,"Ruta Nacional 9","0.0",2,"Automóvil,Moto/Ciclomotor","Hernandez Y Ruta Nacional 9",2,1,0,0,1,0,0,,"Ruta",9,"FUNES","Rosario","Asfalto","S/D","II","Dentro","Urbana","S/D","S/D","Recta","Bueno","S/D","S/D","Buen Tiempo","Lateral","S/D","Colisión","S/D","S/D","S/D","S/D"
2015,8809,30/11/2015,"Lunes",0,,"Ruta Nacional 9","0.0",2,"Bicicleta,Moto/Ciclomotor","Ruta Nacional 9 1100",2,1,0,0,1,0,0,,"Ruta",9,"FUNES","Rosario","Asfalto","Natural","II","Dentro","Urbana","S/D","S/D","Recta","Bueno","Buena","Diurna","Buen Tiempo","S/D","S/D","Atropello","S/D","S/D","S/D","S/D"
2015,8810,25/11/2015,"Miercoles",0,,,"0.0",2,"Automóvil,Moto/Ciclomotor","Morrison Y Tarragona",3,1,1,0,1,0,0,,"Calle",,"ROSARIO","Rosario","Asfalto","No existe","II","Dentro","Urbana","Ninguna","No existe","Intersección","Bueno","Buena","Diurna","Buen Tiempo","Lateral","S/D","Colisión","Ninguna","Faltante","Ninguna","Sin restricción"
2015,8811,22/11/2015,"Domingo",0,,,"0.0",2,"Automóvil,Moto/Ciclomotor","French Y Tarragona",2,1,0,0,1,0,0,,"Calle",,"ROSARIO","Rosario","Asfalto","No existe","II","Dentro","Urbana","Ninguna","No existe","Intersección","Bueno","Buena","Diurna","Buen Tiempo","Lateral","S/D","Colisión","Ninguna","Faltante","Ninguna","Sin restricción"
2015,8812,01/11/2015,"Domingo",0,21:40:00,,"0.0",2,"Moto/Ciclomotor,Pickup/Utilitario","Av San Martin Y Sarmiento",2,1,0,0,1,0,0,,"Avenida",,"SAN LORENZO","San Lorenzo","Asfalto","S/D","XVII","Dentro","Urbana","S/D","S/D","Intersección","S/D","Buena","Nocturna","Buen Tiempo","Lateral","S/D","Colisión","S/D","S/D","S/D","S/D"
2015,8813,21/11/2015,"Sabado",0,22:55:00,,"0.0",2,"Automóvil,Tracción animal / Carro","Bv B Mitre Y Islas Malvinas",2,1,0,0,1,0,0,,"Calle",,"SAN LORENZO","San Lorenzo","S/D","S/D","XVII","Dentro","Urbana","S/D","S/D","Intersección","S/D","Buena","Nocturna","Buen Tiempo","Atropello animal","S/D","Colisión","S/D","S/D","S/D","S/D"
2015,8814,22/11/2015,"Domingo",0,12:55:00,,"0.0",2,"Automóvil,Moto/Ciclomotor","Av San Martin Y Sarmiento",3,2,0,0,1,0,0,,"Avenida",,"SAN LORENZO","San Lorenzo","S/D","S/D","XVII","Dentro","Urbana","S/D","S/D","Intersección","S/D","Buena","Diurna","Buen Tiempo","Lateral","S/D","Colisión","S/D","S/D","S/D","S/D"
2015,8815,23/11/2015,"Lunes",0,17:00:00,,"0.0",2,"Moto/Ciclomotor,Moto/Ciclomotor","Av San Martin Y Genaro Roldan",2,1,0,0,1,0,0,,"Avenida",,"SAN LORENZO","San Lorenzo","S/D","S/D","XVII","Dentro","Urbana","S/D","S/D","Intersección","S/D","Buena","Diurna","Buen Tiempo","Lateral","S/D","Colisión","S/D","S/D","S/D","S/D"
2015,8816,15/11/2015,"Domingo",0,02:30:00,,"0.0",2,"Automóvil,Transporte de Pasajeros Urbano (> 8 asientos)","AV. LOS QUINTEROS 2400",2,1,0,0,1,0,0,,"Avenida",,"ANGEL GALLARDO","La Capital","Hormigón","Natural","I","Fuera","Urbana","Ninguna","No existe","Recta","Bueno","Buena","Nocturna,Con luz artificial","Buen Tiempo","Frontal","S/D","Colisión","Ninguna","Horizontal","Línea divisoria pintada","Sin restricción"
2015,8817,01/11/2015,"Domingo",0,21:00:00,"Ruta Provincial 2","18.0",2,"Pickup/Utilitario,Moto/Ciclomotor"," ",5,1,0,0,4,0,0,,"Ruta",2,"MONTE VERA","La Capital","Hormigón","Ripio","I","Fuera","Rural","Ninguna","No existe","Recta","Bueno","Reducida","Atardecer,Con luz artificial","Lluvia","Lateral","S/D","Colisión","Agua","Faltante","Ninguna","Sin restricción"
2015,8818,20/11/2015,"Viernes",0,17:10:00,"Ruta Provincial 1","20.0",1,"Automóvil"," ",2,1,1,0,0,0,0,,"Ruta",1,"ARROYO LEYES","La Capital","Asfalto","Natural","I","S/D","Rural","Ninguna","No existe","Curva","Bueno","Buena","Atardecer","Buen Tiempo","S/D","S/D","Vuelco","Ninguna","Horizontal,Vertical","Línea divisoria pintada","Sin restricción"
2015,8819,05/11/2015,"Jueves",0,,,"0.0",2,"Automóvil,Moto/Ciclomotor","Rivadavia Y L Madrid",2,0,1,0,1,0,0,,"Calle",,"ATALIVA","Castellanos","Hormigón","No existe","V","Dentro","Urbana","Ninguna","No existe","Cruce","Bueno","S/D","S/D","Buen Tiempo","Lateral","S/D","Colisión","Ninguna","Faltante","Cordón divisorio","Sin restricción"
2015,8820,15/08/2015,"Sabado",0,20:35:00,"Ruta Provincial 32","0.0",3,"Moto/Ciclomotor,Peatón,Peatón"," ",3,3,0,0,0,0,0,,"Ruta",32,"VILLA OCAMPO","General Obligado","S/D","S/D","IX","Dentro","Urbana","S/D","S/D","S/D","S/D","S/D","Nocturna","S/D","S/D","S/D","Atropello","S/D","S/D","S/D","S/D"
2015,8821,12/10/2015,"Lunes",0,00:30:00,"Ruta Nacional A008","0.0",1,"Automóvil","Av. Pte.Peron Y Av. Circunvalacion",2,0,1,0,0,1,0,"-32.97062, -60.71687","Ruta","A008","ROSARIO","Rosario","Asfalto","S/D","II","Dentro","Urbana","S/D","S/D","S/D","S/D","S/D","Nocturna","S/D","Contra objeto fijo","S/D","Colisión,Vuelco","S/D","S/D","Barrera de hormigón","S/D"
2015,8822,12/10/2015,"Lunes",0,07:50:00,"Ruta Nacional 34","46.0",1,"Automóvil"," ",5,2,2,0,0,1,0,"-32.651761, -61.105186","Ruta",34,"SALTO GRANDE","Iriondo","Asfalto","S/D","X","S/D","Urbana","S/D","S/D","S/D","S/D","S/D","Diurna","S/D","S/D","S/D","Vuelco","S/D","S/D","S/D","S/D"
2015,8823,15/08/2015,"Sabado",0,08:05:00,,"0.0",3,"Moto/Ciclomotor,Automóvil,Bicicleta","Rivadavia Y Padre Tibaldo",3,2,0,0,1,0,0,,"Calle",,"VILLA OCAMPO","General Obligado","S/D","S/D","IX","Dentro","Urbana","S/D","S/D","Intersección","S/D","S/D","Diurna","S/D","Múltiple","S/D","Colisión,Atropello","S/D","S/D","S/D","S/D"
2015,8824,14/10/2015,"Miercoles",0,14:00:00,"Ruta Nacional 8","395.0",1,"Pickup/Utilitario"," ",3,2,0,0,0,1,0,"-33.665245, -62.244421","Ruta",8,"MAGGIOLO","General López","S/D","Natural","VIII","Fuera","Rural","S/D","S/D","Recta","S/D","S/D","Diurna","S/D","S/D","S/D","Despiste","S/D","S/D","S/D","S/D"
2015,8825,25/08/2015,"Martes",0,07:55:00,,"0.0",1,"Moto/Ciclomotor","Juan Jose Castelli Y Carlos Pellegrini",1,1,0,0,0,0,0,,"Calle",,"VENADO TUERTO","General López","S/D","S/D","VIII","Dentro","Urbana","S/D","S/D","S/D","S/D","S/D","Diurna","S/D","S/D","S/D","Caída ocupante","S/D","S/D","S/D","S/D"
2015,8826,16/10/2015,"Viernes",0,21:25:00,,"0.0",2,"Moto/Ciclomotor,Moto/Ciclomotor","Bv San Martin Y Pueyrredon",2,1,0,0,0,1,0,"-30.30875,-61.231777777778","Avenida",,"SAN CRISTÓBAL","San Cristóbal","Asfalto","S/D","XIII","Dentro","Urbana","S/D","S/D","Intersección","Deteriorada","S/D","Nocturna","Buen Tiempo","Frontal","S/D","Colisión","S/D","S/D","S/D","S/D"
2015,8827,26/08/2015,"Miercoles",0,23:10:00,,"0.0",2,"Automóvil,Moto/Ciclomotor","AV. SAN MARTIN (FRENTE AL CARRIBAR PITU) Y SANTIAGO ARANDA",2,0,1,0,1,0,0,,"Calle",,"VILLA OCAMPO","General Obligado","S/D","S/D","IX","Dentro","Urbana","S/D","S/D","Intersección","S/D","S/D","Nocturna","S/D","De alcance","S/D","Colisión","S/D","S/D","S/D","S/D"
2015,8828,27/08/2015,"Jueves",0,22:00:00,,"0.0",2,"Bicicleta,Moto/Ciclomotor","EN INMEDIACIONES DEL PARQUE SUR ",2,1,0,0,1,0,0,,"S/D",,"SANTA FE","La Capital","S/D","S/D","I","S/D","Urbana","S/D","S/D","S/D","S/D","S/D","Nocturna","S/D","S/D","S/D","Atropello","S/D","S/D","S/D","S/D"
2015,8829,04/11/2015,"Miercoles",0,09:15:00,,"0.0",2,"Moto/Ciclomotor,Moto/Ciclomotor","Cordoba Y Falucho",3,2,0,0,1,0,0,,"Avenida",,"PUERTO SAN MARTÍN","San Lorenzo","Asfalto","No existe","XVII","Dentro","Urbana","Ninguna","No existe","Intersección","Bueno","Buena","Diurna","Buen Tiempo","Lateral","S/D","Colisión","Ninguna","Horizontal","Ninguna","Sin restricción"
2015,8830,28/08/2015,"Viernes",0,14:20:00,,"0.0",2,"Transporte de Pasajeros Urbano (> 8 asientos),Moto/Ciclomotor","Calle 4-Fray Antonio Rossi Y Calle 45-Islas Georgias del S",2,1,0,0,1,0,0,,"Calle",,"RECONQUISTA","General Obligado","Hormigón","Natural","IX","Dentro","Urbana","S/D","S/D","Recta","S/D","S/D","Diurna","Buen Tiempo","De alcance","S/D","Colisión","Ninguna","S/D","S/D","Obra en Construcción"
2015,8831,09/11/2015,"Lunes",0,12:10:00,"Ruta Nacional 11","335.5",2,"Moto/Ciclomotor,Pickup/Utilitario"," ",2,1,0,0,1,0,0,,"Ruta",11,"PUERTO SAN MARTÍN","San Lorenzo","Asfalto","Natural","XVII","Dentro","Urbana","Ninguna","No existe","Recta","Ahuellamiento","Buena","Diurna","Buen Tiempo","Otro","S/D","Colisión","Ninguna","Horizontal","Ninguna","Sin restricción"
2015,8832,10/11/2015,"Martes",0,11:20:00,,"0.0",2,"Moto/Ciclomotor,Automóvil","Jujuy Y Sgto Cabral",2,1,0,0,1,0,0,,"Calle",,"PUERTO SAN MARTÍN","San Lorenzo","Asfalto","No existe","XVII","Dentro","Urbana","Ninguna","No existe","Intersección","Bueno","Buena","Diurna","Buen Tiempo","Lateral","S/D","Colisión","Ninguna","Horizontal","Ninguna","Sin restricción"
2015,8833,29/08/2015,"Sabado",0,19:45:00,"Ruta Nacional 33","0.0",1,"Automóvil","RN33 EN EL ACCESO AL ORTONDO ",1,1,0,0,0,0,0,,"Ruta",33,"ELORTONDO","General López","Hormigón","S/D","VIII","Dentro","Rural","S/D","S/D","S/D","S/D","S/D","Nocturna","S/D","Contra objeto fijo","S/D","Colisión","S/D","S/D","S/D","S/D"
2015,8834,18/10/2015,"Domingo",0,20:00:00,"Ruta Nacional 11","927.3",2,"Moto/Ciclomotor,Bicicleta"," ",2,0,1,0,0,1,0,"-28.03369, -59.22385","Ruta",11,"FLORENCIA","General Obligado","Asfalto","Pavimento","IX","S/D","Rural","S/D","S/D","Curva","Ahuellamiento","S/D","Nocturna","S/D","S/D","S/D","Atropello","S/D","Horizontal","Línea divisoria pintada","S/D"
2015,8835,10/11/2015,"Martes",0,16:00:00,,"0.0",2,"Automóvil,Camión","Pte Hipolito Irigoyen Y Cordoba",2,1,0,0,1,0,0,,"Calle",,"PUERTO SAN MARTÍN","San Lorenzo","Asfalto","Pavimento","XVII","Dentro","Urbana","Ninguna","No existe","Intersección","Ahuellamiento","Buena","Diurna","Buen Tiempo","Lateral","S/D","Colisión","Otro","Horizontal","Ninguna","Sin restricción"
2015,8836,10/11/2015,"Martes",0,11:20:00,,"0.0",2,"Moto/Ciclomotor,Automóvil","Jujuy Y Sgto Cabral",2,1,0,0,1,0,0,,"Calle",,"PUERTO SAN MARTÍN","San Lorenzo","Asfalto","No existe","XVII","Dentro","Urbana","Ninguna","No existe","Intersección","Bueno","Buena","Diurna","Buen Tiempo","Lateral","S/D","Colisión","Ninguna","Horizontal","Ninguna","Sin restricción"
2015,8838,19/11/2015,"Jueves",0,11:50:00,,"0.0",2,"Moto/Ciclomotor,Automóvil","Lujan Y Schmidlin",2,1,0,0,1,0,0,,"Calle",,"CARCARAÑÁ","San Lorenzo","Asfalto","S/D","XVII","Dentro","Urbana","Ninguna","No existe","Intersección","Bueno","Buena","Diurna","Buen Tiempo","Lateral","S/D","Colisión","Agua","S/D","Ninguna","Sin restricción"
2015,8839,13/11/2015,"Viernes",0,10:00:00,,"0.0",2,"Moto/Ciclomotor,Automóvil","Av San Lorenzo Y San Roque",2,1,0,0,1,0,0,,"Calle",,"CAPITÁN BERMÚDEZ","San Lorenzo","Asfalto","S/D","XVII","Dentro","Urbana","S/D","S/D","Recta","S/D","S/D","Diurna","S/D","Frontal","S/D","Colisión","S/D","S/D","Ninguna","S/D"
2015,8840,23/11/2015,"Lunes",0,18:45:00,"Ruta Secundaria 32-s","0.0",2,"Automóvil,Moto/Ciclomotor"," ",5,3,2,0,0,0,0,,"Ruta","32-s","FRONTERA","Castellanos","Tierra","No existe","V","Dentro","Rural","Ninguna","No existe","Recta","S/D","Buena","Atardecer","Buen Tiempo","De alcance","S/D","Colisión","S/D","S/D","Ninguna","Sin restricción"
2015,8841,09/11/2015,"Lunes",0,17:50:00,,"0.0",2,"Otros,Moto/Ciclomotor"," ",2,1,0,0,0,0,1,,"Calle",,"RAFAELA","Castellanos","Asfalto","Pavimento","V","Dentro","Urbana","Ninguna","No existe","Intersección","S/D","Buena","Diurna","Buen Tiempo","Lateral","S/D","Colisión","S/D","S/D","Ninguna","Sin restricción"
2015,8842,01/11/2015,"Domingo",0,11:50:00,,"0.0",2,"Bicicleta,Automóvil","Irigoyen Y L N Alem",2,1,0,0,1,0,0,,"Calle",,"SAN LORENZO","San Lorenzo","S/D","S/D","XVII","Dentro","Urbana","S/D","S/D","Intersección","S/D","Buena","Diurna","Buen Tiempo","S/D","S/D","Atropello","S/D","S/D","S/D","S/D"
2015,8843,29/11/2015,"Domingo",0,00:00:00,"Ruta Provincial 6","0.0",2,"Automóvil,Moto/Ciclomotor","Leandro N Alem ",2,1,0,0,1,0,0,,"Ruta",6,"ESPERANZA","Las Colonias","Asfalto","Natural","XI","Dentro","Urbana","Ninguna","S/D","Intersección","Bueno","Buena","Nocturna","Buen Tiempo","Lateral","S/D","Colisión","Ninguna","Vertical","S/D","Sin restricción"
2015,8844,04/11/2015,"Miercoles",0,16:45:00,,"0.0",2,"Automóvil,Moto/Ciclomotor","Jujuy Y G Mistral",2,1,0,0,1,0,0,,"Calle",,"SAN LORENZO","San Lorenzo","S/D","S/D","XVII","Dentro","Urbana","S/D","S/D","Intersección","S/D","Buena","Diurna","Buen Tiempo","Lateral","S/D","Colisión","S/D","S/D","S/D","S/D"
2015,8845,29/11/2015,"Domingo",0,07:35:00,,"0.0",2,"Moto/Ciclomotor,Moto/Ciclomotor","Aaron Castellanos 1100",2,2,0,0,0,0,0,,"Calle",,"ESPERANZA","Las Colonias","Asfalto","No existe","XI","Dentro","Urbana","Ninguna","No existe","Recta","Bueno","Buena","Diurna","Buen Tiempo","Frontal","S/D","Colisión","S/D","Faltante","Ninguna","Sin restricción"
2015,8846,23/11/2015,"Lunes",0,23:50:00,,"0.0",2,"Moto/Ciclomotor,Pickup/Utilitario","San Martin Y M Moreno",2,0,1,0,1,0,0,,"Calle",,"MARIA JUANA","Castellanos","Asfalto","S/D","V","Dentro","Urbana","Ninguna","No existe","Intersección","Bueno","Buena","Nocturna","Buen Tiempo","Frontal","S/D","Colisión","Ninguna","Faltante","Ninguna","Sin restricción"