"anio_acci","nro_acci","fecha","desc_dia","fecha_aprox","hora_aprox","desc_ruta","km","cant_participantes","desc_participante","calle_avenida_km","total","heridos_leves","heridos_graves","heridos_gravisimos","ilesos","fallecidos","sin_datos","posicion_XY","desc_tipo_via","desc_ruta_ori","desc_loc","desc_dpto","desc_tipo_calzada","desc_tipo_banquina","desc_unidad_regional","desc_lugar_calzada","desc_zona","desc_prioridad","desc_estado_semaforo","desc_lugar_via","desc_estado_via","desc_estado_visibilidad","desc_luminosidad","desc_estado_clima","desc_tipo_colision","desc_tipo_atropello","desc_tipo_hecho","desc_pres_calzada","desc_senializacion","desc_separacion_via","desc_restriccion"
2015,8847,03/11/2015,"Martes",0,13:45:00,,"0.0",2,"Bicicleta,Automóvil","Dorrego Y 9 de Julio",2,1,0,0,1,0,0,,"Calle",,"SAN LORENZO","San Lorenzo","S/D","S/D","XVII","Dentro","Urbana","S/D","S/D","Intersección","S/D","Buena","Diurna","Buen Tiempo","S/D","S/D","Atropello","S/D","S/D","S/D","S/D"
2015,8848,17/11/2015,"Martes",0,22:00:00,,"0.0",2,"Vehículo Oficial,Otros","Av. Pellegrini Y Av. Ovidio Lagos",2,1,0,0,0,0,1,,"Calle",,"ROSARIO","Rosario","Asfalto","S/D","II","Dentro","Urbana","S/D","Funciona","Intersección","Bueno","Buena","Nocturna","Buen Tiempo","Lateral","S/D","Colisión","S/D","Vertical","S/D","Sin restricción"
2015,8849,12/11/2015,"Jueves",0,16:30:00,,"0.0",2,"Bicicleta,Automóvil","Parana Y Santiago",2,1,0,0,1,0,0,,"Calle",,"CAPITÁN BERMÚDEZ","San Lorenzo","Asfalto","S/D","XVII","Dentro","Urbana","Ninguna","S/D","Recta","S/D","S/D","Diurna","S/D","S/D","S/D","Atropello","S/D","S/D","Ninguna","S/D"
2015,8850,12/11/2015,"Jueves",0,10:00:00,,"0.0",2,"Automóvil,Automóvil","Av San Lorenzo Y San Salvador",2,1,0,0,1,0,0,,"Calle",,"CAPITÁN BERMÚDEZ","San Lorenzo","Asfalto","S/D","XVII","Dentro","Urbana","Ninguna","S/D","Recta","Bueno","Buena","Diurna","Buen Tiempo","Lateral","S/D","Colisión","Ninguna","S/D","Ninguna","Sin restricción"
2015,8851,11/11/2015,"Miercoles",0,12:00:00,,"0.0",2,"Moto/Ciclomotor,Automóvil","Buenos Aires Y Tucuman",2,1,0,0,1,0,0,,"Calle",,"CAPITÁN BERMÚDEZ","San Lorenzo","Asfalto","S/D","XVII","S/D","Urbana","S/D","S/D","Recta","Bueno","Buena","Diurna","Buen Tiempo","Lateral","S/D","Colisión","Ninguna","S/D","Ninguna","S/D"
2015,8852,24/11/2015,"Martes",0,16:10:00,,"0.0",1,"Moto/Ciclomotor","Urquiza 2200",2,1,0,0,1,0,0,,"Calle",,"PIAMONTE","San Martín","Asfalto","Natural","XVIII","Dentro","Urbana","Ninguna","No existe","Curva","Resbaladiza","Buena","Diurna","Buen Tiempo","S/D","S/D","Caída ocupante","Agua","Faltante","Ninguna","Sin restricción"
2015,8853,09/11/2015,"Lunes",0,16:00:00,,"0.0",2,"Moto/Ciclomotor,Automóvil","Salta Y Jujuy",2,1,0,0,1,0,0,,"Calle",,"CAPITÁN BERMÚDEZ","San Lorenzo","Asfalto","S/D","XVII","Dentro","Urbana","Ninguna","No existe","Recta","S/D","Buena","Diurna","Buen Tiempo","Lateral","S/D","Colisión","Ninguna","S/D","Ninguna","S/D"
2015,8854,06/11/2015,"Viernes",0,17:00:00,,"0.0",2,"Moto/Ciclomotor,Automóvil","Chubut Y 2 de Abril",2,1,0,0,1,0,0,,"Calle",,"CAPITÁN BERMÚDEZ","San Lorenzo","Asfalto","S/D","XVII","Dentro","Urbana","Ninguna","No existe","Recta","Bueno","Buena","Diurna","Buen Tiempo","Lateral","S/D","Colisión","Ninguna","S/D","Ninguna","S/D"
2015,8855,16/11/2015,"Lunes",0,00:10:00,"Ruta Provincial 66","91.0",2,"Camión,Pickup/Utilitario"," ",4,2,1,0,1,0,0,,"Ruta",66,"LANDETA","San Martín","Asfalto","Natural","XVIII","Dentro","Urbana","Ninguna","No existe","Recta","Bueno","Buena","Nocturna,Con luz artificial","Buen Tiempo","Frontal","S/D","Colisión","S/D","Horizontal","Línea divisoria pintada","Sin restricción"
2015,8856,18/11/2015,"Miercoles",0,20:00:00,,"0.0",2,"Moto/Ciclomotor,Taxi/Remis","Misiones Y Colon",2,1,0,0,1,0,0,,"Calle",,"CAPITÁN BERMÚDEZ","San Lorenzo","Asfalto","S/D","XVII","Dentro","Urbana","Ninguna","S/D","Recta","Bueno","Buena","Nocturna","Buen Tiempo","Frontal","S/D","Colisión","Ninguna","S/D","Ninguna","S/D"
2015,8857,11/11/2015,"Miercoles",0,12:50:00,"Ruta Nacional 11","0.0",2,"Moto/Ciclomotor,Camión","Ruta Nac 11 Y Corrientes",2,1,0,0,1,0,0,,"Ruta",11,"PUERTO SAN MARTÍN","San Lorenzo","Asfalto","Natural","XVII","S/D","Urbana","Ninguna","No existe","Intersección","Ahuellamiento","Buena","Diurna","Buen Tiempo","De alcance","S/D","Colisión","Ninguna","Horizontal","Ninguna","Sin restricción"
2015,8858,05/11/2015,"Jueves",0,00:20:00,,"0.0",2,"Automóvil,Moto/Ciclomotor","Av San Martin Y Rivadavia",3,1,0,0,2,0,0,,"Avenida",,"SAN LORENZO","San Lorenzo","S/D","S/D","XVII","Dentro","Urbana","S/D","S/D","Intersección","Bueno","Buena","Nocturna","Buen Tiempo","Lateral","S/D","Colisión","S/D","S/D","S/D","S/D"
2015,8859,13/11/2015,"Viernes",0,19:45:00,,"0.0",2,"Moto/Ciclomotor,Automóvil","Cordoba Y 9 de Julio",4,1,0,0,3,0,0,,"Avenida",,"PUERTO SAN MARTÍN","San Lorenzo","Asfalto","No existe","XVII","Dentro","Urbana","Ninguna","No existe","Intersección","Bueno","Buena","Atardecer","Buen Tiempo","Lateral","S/D","Colisión","Ninguna","Horizontal","Ninguna","Sin restricción"
2015,8860,27/11/2015,"Viernes",0,23:50:00,,"0.0",2,"Moto/Ciclomotor,Pickup/Utilitario","Chubut ",2,1,0,0,1,0,0,,"Calle",,"ROSARIO","Rosario","Asfalto","No existe","II","Dentro","Urbana","Ninguna","No existe","S/D","Bueno","Buena","Nocturna","Buen Tiempo","Lateral","S/D","Colisión","S/D","Faltante","S/D","Sin restricción"
2015,8861,06/11/2015,"Viernes",0,15:00:00,,"0.0",2,"Automóvil,Moto/Ciclomotor","French Y Garzon",2,1,0,0,1,0,0,,"Calle",,"ROSARIO","Rosario","S/D","No existe","II","Dentro","Urbana","Ninguna","No existe","Intersección","S/D","Buena","Diurna","Buen Tiempo","Lateral","S/D","Colisión","S/D","Faltante","Ninguna","Sin restricción"
2015,8862,05/11/2015,"Jueves",0,12:20:00,,"0.0",2,"Automóvil,Moto/Ciclomotor","Av San Martin Y Congreso",2,1,0,0,1,0,0,,"Avenida",,"SAN LORENZO","San Lorenzo","S/D","S/D","XVII","Dentro","Urbana","S/D","S/D","Intersección","S/D","Buena","Diurna","Buen Tiempo","Lateral","S/D","Colisión","S/D","S/D","S/D","S/D"
2015,8863,14/11/2015,"Sabado",0,07:45:00,,"0.0",2,"Pickup/Utilitario,Automóvil","Fraga Y F.M.Esquiu",3,1,0,0,2,0,0,,"Calle",,"ROSARIO","Rosario","S/D","No existe","II","Dentro","Urbana","Ninguna","No existe","Intersección","S/D","Buena","Diurna","S/D","Lateral","S/D","Colisión","S/D","Faltante","Ninguna","Sin restricción"
2015,8864,03/11/2015,"Martes",0,18:00:00,,"0.0",2,"Moto/Ciclomotor,Otros","Arevalo Y Garzon",4,1,0,0,3,0,0,,"Calle",,"ROSARIO","Rosario","S/D","No existe","II","Dentro","Urbana","Ninguna","No existe","Intersección","S/D","S/D","Diurna","S/D","Lateral","S/D","Colisión","S/D","Faltante","Ninguna","Sin restricción"
2015,8865,03/11/2015,"Martes",0,18:20:00,,"0.0",2,"Moto/Ciclomotor,Camión","Cnel Bogado Y G Araoz de Lamadrid",2,1,0,0,1,0,0,,"Calle",,"SAN LORENZO","San Lorenzo","S/D","S/D","XVII","Dentro","Urbana","S/D","S/D","Intersección","S/D","Buena","Diurna","Buen Tiempo","Lateral","S/D","Colisión","S/D","S/D","S/D","S/D"
2015,8866,07/11/2015,"Sabado",0,17:30:00,,"0.0",2,"Automóvil,Automóvil","Av. Jorge Newbery Y Donado",2,2,0,0,0,0,0,,"Calle",,"ROSARIO","Rosario","S/D","S/D","II","Dentro","Urbana","S/D","S/D","S/D","S/D","S/D","Diurna","S/D","S/D","S/D","S/D","S/D","S/D","S/D","S/D"
2015,8867,14/11/2015,"Sabado",0,17:50:00,,"0.0",2,"Moto/Ciclomotor,Automóvil","Belgrano Y Eva Peron",2,0,1,0,1,0,0,,"Calle",,"PUERTO SAN MARTÍN","San Lorenzo","Asfalto","No existe","XVII","Dentro","Urbana","Ninguna","No existe","Intersección","Bueno","Buena","Diurna","Buen Tiempo","Lateral","S/D","Colisión","Ninguna","Horizontal","Ninguna","Sin restricción"
2015,8868,24/10/2015,"Sabado",0,14:10:00,,"0.0",2,"Moto/Ciclomotor,Camión","Nicolas Avellaneda Y Azcuenaga",2,0,0,0,1,1,0,"-31.660916666667,-60.772611111111","Calle",,"SANTO TOMÉ","La Capital","Asfalto","S/D","I","Dentro","Urbana","S/D","S/D","Intersección","S/D","S/D","Diurna","S/D","S/D","S/D","Colisión","S/D","S/D","S/D","S/D"
2015,8869,07/11/2015,"Sabado",0,18:20:00,"Autopista Provincial Brigadier E.López","19.0",1,"Pickup/Utilitario"," ",2,1,0,0,1,0,0,,"Autopista","Brigadier E.López","SAN LORENZO","San Lorenzo","S/D","S/D","XVII","Dentro","Urbana","S/D","S/D","Recta","S/D","Buena","Diurna","Buen Tiempo","S/D","S/D","Vuelco","S/D","S/D","S/D","S/D"
2015,8870,17/11/2015,"Martes",0,11:25:00,"Ruta Nacional 11","0.0",2,"Automóvil,Automóvil","Ruta Nac 11 Y America",6,1,0,0,5,0,0,,"Ruta",11,"PUERTO SAN MARTÍN","San Lorenzo","Asfalto","Natural","XVII","Dentro","Urbana","Ninguna","No existe","Intersección","Ahuellamiento","Buena","Diurna","Buen Tiempo","De alcance","S/D","Colisión","Otro","Horizontal","Ninguna","Sin restricción"
2015,8871,08/11/2015,"Domingo",0,,,"0.0",2,"Pickup/Utilitario,Moto/Ciclomotor","Santiago del Estero Y Irigoyen",3,2,0,0,1,0,0,,"Calle",,"SAN LORENZO","San Lorenzo","S/D","S/D","XVII","Dentro","Urbana","S/D","S/D","Intersección","S/D","Buena","S/D","S/D","S/D","S/D","Colisión","S/D","S/D","S/D","S/D"
2015,8872,17/11/2015,"Martes",0,13:40:00,"Ruta Nacional 11","0.0",2,"Automóvil,Moto/Ciclomotor"," ",3,1,1,0,1,0,0,,"Ruta",11,"PUERTO SAN MARTÍN","San Lorenzo","Asfalto","Natural","XVII","S/D","Urbana","S/D","No existe","Intersección","Bueno","Buena","Diurna","Buen Tiempo","Frontal","S/D","Colisión","Ninguna","Horizontal","Ninguna","Sin restricción"
2015,8873,09/11/2015,"Lunes",0,00:00:00,,"0.0",2,"Automóvil,Moto/Ciclomotor","Republica de Chile Y Calle publica A",3,2,0,0,1,0,0,,"Calle",,"SAN LORENZO","San Lorenzo","S/D","S/D","XVII","Dentro","Urbana","S/D","S/D","Intersección","S/D","Buena","Diurna","Buen Tiempo","Lateral","S/D","Colisión","S/D","S/D","S/D","S/D"
2015,8874,29/10/2015,"Jueves",0,03:40:00,,"0.0",2,"Moto/Ciclomotor,Automóvil","San Martin Y Buenos Aires",2,0,0,0,1,1,0,"-29.463555555556,-60.211333333333","Calle",,"VERA","Vera","Asfalto","No existe","XIX","Dentro","Urbana","Ninguna","No existe","Intersección","Bueno","Buena","Nocturna","Buen Tiempo","De alcance","S/D","Colisión","Ninguna","Faltante","Cordón divisorio,S/D","Sin restricción"
2015,8875,31/10/2015,"Sabado",0,01:45:00,"Ruta Nacional 34","279.0",2,"Camión,Camión"," ",2,1,0,0,0,1,0,"-30.780792, -61.615781","Ruta",34,"TACURAL","Castellanos","Asfalto","S/D","V","Dentro","Rural","S/D","S/D","S/D","S/D","S/D","Nocturna","S/D","Frontal","S/D","Colisión","S/D","S/D","S/D","S/D"
2015,8876,16/11/2015,"Lunes",0,,,"0.0",2,"Vehículo Oficial,Moto/Ciclomotor","San Carlos Y Urquiza",2,1,0,0,1,0,0,,"Calle",,"SAN LORENZO","San Lorenzo","S/D","S/D","XVII","Dentro","Urbana","S/D","S/D","Intersección","S/D","S/D","S/D","S/D","Lateral","S/D","Colisión","S/D","S/D","S/D","S/D"
2015,8877,03/11/2015,"Martes",0,07:55:00,,"0.0",2,"Automóvil,Moto/Ciclomotor","Av San Martin 1200",2,1,0,0,1,0,0,,"Avenida",,"FRAY LUIS BELTRÁN","San Lorenzo","Asfalto","Ripio","XVII","S/D","Urbana","Ninguna","No existe","Recta","Bueno","Buena","Diurna","Buen Tiempo","Frontal","S/D","Colisión","S/D","Faltante","Ninguna","Sin restricción"
2015,8878,05/11/2015,"Jueves",0,06:55:00,,"0.0",2,"Moto/Ciclomotor,Moto/Ciclomotor","Estrada Y Arenales",2,1,0,0,1,0,0,,"Calle",,"FRAY LUIS BELTRÁN","San Lorenzo","Asfalto","Natural","XVII","Dentro","Urbana","Ninguna","No existe","Intersección","Bueno","Buena","Diurna","Buen Tiempo","Lateral","S/D","Colisión","S/D","Faltante","Ninguna","Sin restricción"
2015,8879,07/11/2015,"Sabado",0,00:30:00,,"0.0",2,"Automóvil,Moto/Ciclomotor","Av San Martin Y Guido Spano",2,1,0,0,1,0,0,,"Avenida",,"FRAY LUIS BELTRÁN","San Lorenzo","Asfalto","Natural","XVII","Dentro","Urbana","Semáforo","Funciona","Intersección","Bueno","Buena","Nocturna","Buen Tiempo","Lateral","S/D","Colisión","S/D","S/D","Ninguna","Sin restricción"
2015,8880,08/11/2015,"Domingo",0,09:00:00,,"0.0",2,"Automóvil,Automóvil","Av San Martin 1700",2,1,0,0,1,0,0,,"Avenida",,"FRAY LUIS BELTRÁN","San Lorenzo","Asfalto","S/D","XVII","S/D","Urbana","Ninguna","No existe","Recta","Bueno","Buena","Diurna","S/D","Frontal","S/D","Colisión","S/D","Faltante","Ninguna","Sin restricción"
2015,8881,04/10/2015,"Domingo",0,06:40:00,"Ruta Provincial 70","18.0",1,"Automóvil"," ",1,0,0,0,0,1,0,"-31.448230, -60.906304","Ruta",70,"ESPERANZA","Las Colonias","Asfalto","S/D","XI","Dentro","Urbana","S/D","S/D","S/D","S/D","S/D","Diurna","S/D","S/D","S/D","Vuelco","S/D","S/D","S/D","S/D"
2015,8882,16/11/2015,"Lunes",0,16:30:00,,"0.0",2,"Bicicleta,Automóvil","San Luis Y San Carlos",2,1,0,0,1,0,0,,"Calle",,"SAN LORENZO","San Lorenzo","S/D","No existe","XVII","Dentro","Urbana","S/D","No existe","Intersección","S/D","Buena","Diurna","S/D","S/D","S/D","Atropello","S/D","S/D","S/D","S/D"
2015,8883,27/10/2015,"Martes",0,10:30:00,"Ruta Nacional 19","9.0",1,"Pickup/Utilitario"," ",1,0,0,0,0,1,0,"-31.655953, -60.861847","Ruta",19,"SAN AGUSTÍN","Las Colonias","Asfalto","S/D","XI","S/D","Rural","S/D","S/D","S/D","S/D","S/D","Diurna","S/D","Contra objeto fijo","S/D","Colisión,Despiste","S/D","S/D","Vegetación","S/D"
2015,8884,20/11/2015,"Viernes",0,11:45:00,,"0.0",2,"Automóvil,Moto/Ciclomotor","Maestra Barragan - Ex Bs.As. Y Zevallos",2,1,0,0,1,0,0,,"Calle",,"FRAY LUIS BELTRÁN","San Lorenzo","Asfalto","No existe","XVII","Dentro","Urbana","Ninguna","No existe","Intersección","S/D","Buena","Diurna","S/D","Lateral","S/D","Colisión","S/D","Faltante","Ninguna","Sin restricción"
2015,8885,16/11/2015,"Lunes",0,12:05:00,,"0.0",2,"Bicicleta,Taxi/Remis","Av San Martin Y Moreno",2,1,0,0,1,0,0,,"Avenida",,"SAN LORENZO","San Lorenzo","S/D","S/D","XVII","Dentro","Urbana","S/D","S/D","Intersección","S/D","Buena","Diurna","S/D","S/D","S/D","Atropello","S/D","S/D","S/D","S/D"
2015,8886,18/11/2015,"Miercoles",0,00:40:00,,"0.0",2,"Automóvil,Moto/Ciclomotor","Ombu Y Dr Ghio",2,1,0,0,1,0,0,,"Calle",,"SAN LORENZO","San Lorenzo","S/D","S/D","XVII","Dentro","Urbana","S/D","S/D","Intersección","S/D","Buena","Nocturna","S/D","Lateral","S/D","Colisión","S/D","S/D","S/D","S/D"
2015,8887,19/11/2015,"Jueves",0,20:30:00,,"0.0",2,"Moto/Ciclomotor,Automóvil","Dorrego Y Moreno",2,1,0,0,1,0,0,,"Calle",,"SAN LORENZO","San Lorenzo","S/D","S/D","XVII","Dentro","Urbana","S/D","S/D","Intersección","S/D","S/D","S/D","S/D","Lateral","S/D","Colisión","S/D","S/D","S/D","S/D"
2015,8888,02/09/2015,"Miercoles",0,11:05:00,"Ruta Provincial 2","0.0",1,"Automóvil"," ",1,0,0,0,0,1,0,"-31.362603, -60.661761","Ruta",2,"ARROYO AGUIAR","La Capital","Asfalto","S/D","I","Fuera","S/D","S/D","S/D","S/D","S/D","S/D","Diurna","S/D","S/D","S/D","Vuelco","S/D","S/D","S/D","S/D"
2015,8890,30/11/2015,"Lunes",0,00:30:00,"Ruta Nacional Rosario -Cordoba","0.0",2,"Automóvil,Pickup/Utilitario","Derqui 7542",3,1,0,0,0,0,2,,"Ruta","Rosario -Cordoba","ROSARIO","Rosario","S/D","S/D","II","S/D","Urbana","S/D","S/D","S/D","S/D","S/D","Nocturna","S/D","S/D","S/D","Colisión","S/D","S/D","S/D","S/D"
2015,8891,24/11/2015,"Martes",0,18:00:00,,"0.0",2,"Automóvil,Moto/Ciclomotor","Juan B Justo Y Alberdi",3,2,0,0,1,0,0,,"Calle",,"VILLA GOBERNADOR GÁLVEZ","Rosario","Asfalto","No existe","II","Dentro","Urbana","Ninguna","No existe","Recta","Deteriorada","Buena","Diurna","Buen Tiempo","Lateral","S/D","Colisión","Ninguna","Faltante","Ninguna","Sin restricción"
2015,8892,14/11/2015,"Sabado",0,00:10:00,,"0.0",2,"Automóvil,Moto/Ciclomotor","Cafferata Y Pje. Aguirre",2,1,0,0,1,0,0,,"Calle",,"ROSARIO","Rosario","Asfalto","No existe","II","S/D","Urbana","Ninguna","No existe","Intersección","Bueno","Buena","Nocturna","Buen Tiempo","Otro","S/D","Colisión","Ninguna","Faltante","Ninguna","Sin restricción"
2015,8893,05/09/2015,"Sabado",0,19:05:00,"Ruta Provincial 1","0.0",2,"Bicicleta,Pickup/Utilitario"," ",3,0,0,0,0,1,2,"-29.595911, -59.772535","Ruta",1,"ROMANG","San Javier","Asfalto","S/D","XIV","Dentro","S/D","S/D","S/D","S/D","S/D","S/D","Atardecer","S/D","S/D","S/D","Atropello","S/D","S/D","S/D","S/D"
2015,8894,31/08/2015,"Lunes",0,07:00:00,,"0.0",2,"Moto/Ciclomotor,Automóvil","Calle 4-Fray Antonio Rossi ",2,1,0,0,1,0,0,,"Calle",,"RECONQUISTA","General Obligado","S/D","S/D","IX","Dentro","Urbana","S/D","S/D","S/D","S/D","S/D","Diurna","S/D","S/D","S/D","Colisión","S/D","S/D","S/D","S/D"
2015,8895,14/11/2015,"Sabado",0,11:15:00,,"0.0",2,"Automóvil,Moto/Ciclomotor","J.B.Justo Y Brown",3,2,0,0,1,0,0,,"Calle",,"ROSARIO","Rosario","Asfalto","No existe","II","S/D","Urbana","Ninguna","No existe","Intersección","Con baches","Buena","Diurna","Buen Tiempo","Otro","S/D","Colisión","Ninguna","Faltante","Ninguna","Sin restricción"
2015,8896,19/09/2015,"Sabado",0,03:00:00,,"0.0",1,"Moto/Ciclomotor","COLECTORA ESTE  Y PASCO",1,0,0,0,0,1,0,"-32.962952, -60.622514","Calle",,"ROSARIO","Rosario","S/D","S/D","II","Dentro","Urbana","S/D","S/D","Intersección","S/D","S/D","Nocturna","S/D","Contra objeto fijo","S/D","Colisión","S/D","S/D","Guardarrail","S/D"
2015,8897,31/08/2015,"Lunes",0,18:40:00,"Ruta Secundaria 89-s","0.0",1,"Moto/Ciclomotor"," ",2,0,1,0,0,1,0,"-28.035308, -59.252407","Ruta","89-s","FLORENCIA","General Obligado","Ripio","Natural","IX","Dentro","Rural","S/D","S/D","S/D","S/D","S/D","Atardecer","S/D","S/D","S/D","Caída ocupante","S/D","S/D","S/D","S/D"
2015,8898,20/09/2015,"Domingo",0,09:00:00,,"0.0",1,"Moto/Ciclomotor","Estanislao Zeballos Y San Lorenzo",2,0,1,0,0,1,0,"-31.603238, -60.704929","Calle",,"SANTA FE","La Capital","S/D","S/D","I","Dentro","Urbana","S/D","S/D","Intersección","S/D","S/D","Diurna","S/D","Contra objeto fijo","S/D","Colisión","S/D","S/D","S/D","S/D"
2015,8899,20/11/2015,"Viernes",0,19:30:00,,"0.0",2,"Automóvil,Moto/Ciclomotor","Ing Mosconi Y Avellaneda",3,2,0,0,1,0,0,,"Calle",,"VILLA GOBERNADOR GÁLVEZ","Rosario","Asfalto","No existe","II","S/D","Urbana","Ninguna","No existe","Intersección","Bueno","Buena","Atardecer","Buen Tiempo","Otro","S/D","Colisión","Ninguna","Faltante","Ninguna","Sin restricción"
2015,8900,10/11/2015,"Martes",0,16:40:00,,"0.0",2,"Automóvil,Bicicleta","Entre Rios Y Montevideo",2,1,0,0,1,0,0,,"Calle",,"ROSARIO","Rosario","Asfalto","Pavimento","II","Dentro","Urbana","Ninguna","Funciona","Intersección","Bueno","Buena","Diurna","Buen Tiempo","Otro","S/D","Atropello","S/D","S/D","Cordón divisorio","Sin restricción"
2015,8901,10/11/2015,"Martes",0,20:30:00,,"0.0",2,"Bicicleta,Automóvil","Mariano Moreno Y 9 De Julio",2,1,0,0,1,0,0,,"Calle",,"ROSARIO","Rosario","Asfalto","No existe","II","S/D","Urbana","S/D","Funciona","Intersección","Bueno","Buena","Nocturna,Con luz artificial","Buen Tiempo","Otro","S/D","Atropello","S/D","Vertical","Cordón divisorio","Sin restricción"
2015,8902,09/11/2015,"Lunes",0,13:00:00,,"0.0",2,"Peatón,Moto/Ciclomotor","Mariano Moreno Y San Luis",2,1,0,0,1,0,0,,"Calle",,"ROSARIO","Rosario","Asfalto","Pavimento","II","Dentro","Urbana","Ninguna","S/D","Otro","Bueno","Buena","Diurna","Buen Tiempo","Otro","S/D","Atropello","S/D","S/D","Cordón divisorio","Sin restricción"
2015,8903,20/09/2015,"Domingo",0,20:30:00,"S/D Provincial 92","0.0",2,"Moto/Ciclomotor,Automóvil"," ",6,3,1,0,0,2,0,"-33.109242, -61.693430","S/D",92,"SAN JOSÉ DE LA ESQUINA","Caseros","S/D","S/D","IV","Dentro","Urbana","S/D","S/D","S/D","S/D","S/D","Nocturna","S/D","Frontal","S/D","Colisión","S/D","S/D","S/D","S/D"
2015,8904,15/11/2015,"Domingo",0,06:45:00,,"0.0",2,"Automóvil,Moto/Ciclomotor","E.Zeballos 1710",4,2,0,0,2,0,0,,"Calle",,"ROSARIO","Rosario","Asfalto","No existe","II","Dentro","Urbana","S/D","No existe","Intersección","Bueno","Buena","Diurna","Buen Tiempo","Lateral","S/D","Colisión","S/D","S/D","S/D","S/D"
2015,8905,23/11/2015,"Lunes",0,09:15:00,,"0.0",2,"Moto/Ciclomotor,Automóvil","CORDOBA Y HUMAGUARA",3,2,1,0,0,0,0,,"Calle",,"PUEBLO ESTHER","Rosario","Ripio","No existe","II","Dentro","Urbana","Ninguna","No existe","Intersección","Con baches","Buena","Diurna","Buen Tiempo","Lateral","S/D","Colisión","S/D","S/D","Ninguna","Sin restricción"
2015,8906,29/11/2015,"Domingo",0,12:00:00,,"0.0",2,"Moto/Ciclomotor,Automóvil","ALBERDI Y RIOJA",2,1,0,0,1,0,0,,"Calle",,"PUEBLO ESTHER","Rosario","Asfalto","Pavimento","II","Dentro","Urbana","Ninguna","No existe","Recta","Bueno","Buena","Diurna","Buen Tiempo","Lateral","S/D","Colisión","Ninguna","S/D","Línea divisoria pintada","Sin restricción"
2015,8907,22/11/2015,"Domingo",0,05:20:00,"Ruta Provincial 21","0.0",1,"Moto/Ciclomotor","RUTA 21  Y SAN LUIS",1,0,1,0,0,0,0,,"Ruta",21,"PEREZ","Rosario","Ripio","Natural","II","Dentro","Urbana","Ninguna","No existe","Intersección","Bueno","Buena","Amanecer","Buen Tiempo","S/D","S/D","Despiste","S/D","Faltante","Ninguna","Sin restricción"
2015,8908,25/11/2015,"Miercoles",0,21:40:00,"Ruta Provincial 21","0.0",1,"Moto/Ciclomotor","RUTA 21 Y URUGUAY",2,1,0,0,1,0,0,,"Ruta",21,"PUEBLO ESTHER","Rosario","Asfalto","Natural","II","Dentro","Urbana","Marca Vial","No existe","Intersección","Bueno","Buena","Nocturna","Buen Tiempo","Lateral","S/D","Colisión","S/D","Vertical","Línea divisoria pintada","Sin restricción"
2015,8909,10/09/2015,"Jueves",0,04:00:00,"Ruta Nacional 11","0.0",2,"Moto/Ciclomotor,Automóvil","Calle 1 ",2,0,0,0,1,1,0,"-28.323454, -59.264122","Ruta",11,"LAS TOSCAS","General Obligado","Hormigón","Natural","IX","Dentro","Rural","S/D","S/D","Intersección","S/D","S/D","Nocturna","S/D","S/D","S/D","Colisión","S/D","S/D","S/D","S/D"
2015,8910,25/11/2015,"Miercoles",0,13:44:00,,"0.0",2,"Pickup/Utilitario,Transporte de Pasajeros Urbano (> 8 asientos)","3 De Febrero Y Balcarce",8,6,0,0,2,0,0,,"Calle",,"ROSARIO","Rosario","Asfalto","No existe","II","Dentro","Urbana","Ninguna","S/D","Intersección","Bueno","Buena","Diurna","Buen Tiempo","Lateral","S/D","Colisión","S/D","S/D","Cordón divisorio","Sin restricción"
2015,8911,15/11/2015,"Domingo",0,14:00:00,,"0.0",2,"Automóvil,Moto/Ciclomotor","Mariano Moreno Y Rioja",2,1,0,0,1,0,0,,"Calle",,"ROSARIO","Rosario","Asfalto","Pavimento","II","Dentro","Urbana","S/D","No existe","Intersección","Bueno","Buena","Diurna","Buen Tiempo","Lateral","S/D","Colisión","S/D","Vertical","Barrera de hormigón","Sin restricción"
2015,8912,11/11/2015,"Miercoles",0,16:30:00,,"0.0",2,"Moto/Ciclomotor,Pickup/Utilitario","Av Filipini Y Jaures",2,1,0,0,1,0,0,,"Avenida",,"VILLA GOBERNADOR GÁLVEZ","Rosario","Asfalto","No existe","II","Dentro","Urbana","S/D","No existe","Intersección","Bueno","Buena","Diurna","Buen Tiempo","Lateral","S/D","Colisión","Ninguna","Faltante","S/D","S/D"
2015,8913,21/11/2015,"Sabado",0,19:30:00,,"0.0",2,"Automóvil,Moto/Ciclomotor","Libertad Y 9 de Julio",2,1,0,0,1,0,0,,"Calle",,"SAN JAVIER","San Javier","Asfalto","No existe","XIV","Dentro","Urbana","Ninguna","No existe","Intersección","Bueno","Buena","Diurna","Buen Tiempo","Lateral","S/D","Colisión","Material Suelto","S/D","Ninguna","Sin restricción"
2015,8914,13/09/2015,"Domingo",0,06:15:00,"Ruta Provincial 91","28.5",2,"Automóvil,Automóvil"," ",3,1,0,0,0,2,0,"-32.589907, -61.109328","Ruta",91,"TOTORAS","Iriondo","S/D","S/D","X","Dentro","Rural","S/D","S/D","S/D","S/D","S/D","Amanecer","S/D","S/D","S/D","Colisión","S/D","S/D","S/D","S/D"
2015,8915,21/11/2015,"Sabado",0,00:30:00,,"0.0",2,"Automóvil,Moto/Ciclomotor","Larrea Y Avenida Alberdi",5,1,0,0,4,0,0,,"Calle",,"ROLDÁN","San Lorenzo","Hormigón","No existe","XVII","Dentro","Urbana","Ninguna","No existe","Intersección","Bueno","Reducida","Nocturna","Buen Tiempo","Lateral","S/D","Colisión","Ninguna","Faltante","Ninguna","S/D"
2015,8916,16/11/2015,"Lunes",0,11:00:00,"Ruta Nacional A012","0.0",2,"Moto/Ciclomotor,Automóvil","Acceso 012 Y Tilcara",2,1,0,0,1,0,0,,"Ruta","A012","ROLDÁN","San Lorenzo","Asfalto","Natural","XVII","Dentro","Urbana","Ninguna","No existe","Recta","Bueno","Buena","Diurna","Buen Tiempo","De alcance","S/D","Colisión","S/D","Vertical","Ninguna","Sin restricción"