"anio_acci","nro_acci","fecha","desc_dia","fecha_aprox","hora_aprox","desc_ruta","km","cant_participantes","desc_participante","calle_avenida_km","total","heridos_leves","heridos_graves","heridos_gravisimos","ilesos","fallecidos","sin_datos","posicion_XY","desc_tipo_via","desc_ruta_ori","desc_loc","desc_dpto","desc_tipo_calzada","desc_tipo_banquina","desc_unidad_regional","desc_lugar_calzada","desc_zona","desc_prioridad","desc_estado_semaforo","desc_lugar_via","desc_estado_via","desc_estado_visibilidad","desc_luminosidad","desc_estado_clima","desc_tipo_colision","desc_tipo_atropello","desc_tipo_hecho","desc_pres_calzada","desc_senializacion","desc_separacion_via","desc_restriccion"
2015,8917,14/11/2015,"Sabado",0,20:30:00,"Ruta Nacional A012","37.0",2,"Automóvil,Moto/Ciclomotor"," ",3,1,0,0,2,0,0,,"Ruta","A012","ROLDÁN","San Lorenzo","Asfalto","Natural","XVII","Dentro","Rural","Ninguna","No existe","Curva","Bueno","Reducida","Nocturna,Con luz artificial","Buen Tiempo","De alcance","S/D","Colisión","S/D","Vertical","Ninguna","S/D"
2015,8918,12/11/2015,"Jueves",0,18:15:00,"Autopista Nacional Rosario -Cordoba","316.0",1,"Automóvil"," ",1,1,0,0,0,0,0,,"Autopista","Rosario -Cordoba","ROLDÁN","San Lorenzo","Asfalto","Natural","XVII","Fuera","Urbana","S/D","No existe","Recta","Bueno","Buena","Diurna","Lluvia","S/D","S/D","S/D","Agua","Vertical","Vegetación","Sin restricción"
2015,8919,10/11/2015,"Martes",0,11:40:00,"Autopista Nacional A012","37.0",1,"Camión"," ",1,1,0,0,0,0,0,,"Autopista","A012","ROLDÁN","San Lorenzo","Asfalto","Natural","XVII","Fuera","Urbana","Ninguna","No existe","Recta","Bueno","Buena","Diurna","Buen Tiempo","S/D","S/D","Vuelco","S/D","Faltante","Ninguna","Sin restricción"
2015,8920,10/11/2015,"Martes",0,18:30:00,,"0.0",2,"Moto/Ciclomotor,Automóvil","Fray Mamerto Esquiu Y Avenida Alberdi",2,1,0,0,1,0,0,,"Calle",,"ROLDÁN","San Lorenzo","Asfalto","No existe","XVII","Dentro","Urbana","Ninguna","No existe","Intersección","Bueno","Buena","Diurna","Buen Tiempo","Lateral","S/D","Colisión","S/D","Faltante","Ninguna","S/D"
2015,8921,13/09/2015,"Domingo",0,07:30:00,"Ruta Provincial 13","92.3",2,"Automóvil,Automóvil"," ",5,0,2,1,0,2,0,"-31.723925, -61.784447","Ruta",13,"SASTRE","San Martín","S/D","S/D","XVIII","Dentro","S/D","S/D","S/D","S/D","S/D","S/D","Diurna","S/D","S/D","S/D","Colisión","S/D","S/D","S/D","S/D"
2015,8922,28/11/2015,"Sabado",0,12:45:00,,"0.0",2,"Automóvil,Moto/Ciclomotor","San Juan Y Servando Bayo",2,1,0,0,1,0,0,,"Calle",,"ROSARIO","Rosario","Asfalto","S/D","II","Dentro","Urbana","S/D","S/D","S/D","S/D","S/D","Diurna","S/D","S/D","S/D","Colisión","S/D","S/D","S/D","S/D"
2015,8923,18/11/2015,"Miercoles",0,17:50:00,,"0.0",2,"Pickup/Utilitario,Moto/Ciclomotor","Schweitzer Y Mejico",2,1,0,0,1,0,0,,"Calle",,"ROSARIO","Rosario","S/D","S/D","II","S/D","Urbana","S/D","S/D","S/D","S/D","S/D","Diurna","S/D","S/D","S/D","Colisión","S/D","S/D","S/D","S/D"
2015,8924,17/11/2015,"Martes",0,,,"0.0",2,"Moto/Ciclomotor,Transporte de Pasajeros Urbano (> 8 asientos)","Mejico Y J.B.Justo",2,1,0,0,1,0,0,,"Calle",,"ROSARIO","Rosario","S/D","S/D","II","S/D","Urbana","S/D","S/D","S/D","S/D","S/D","S/D","S/D","S/D","S/D","Colisión","S/D","S/D","S/D","S/D"
2015,8925,02/11/2015,"Lunes",0,14:30:00,,"0.0",2,"Automóvil,Moto/Ciclomotor","Necochea Y Pje. Cajaraville",3,1,0,0,2,0,0,,"Calle",,"ROSARIO","Rosario","Asfalto","S/D","II","Dentro","Urbana","S/D","S/D","Intersección","Bueno","Buena","Diurna","S/D","Lateral","S/D","Colisión","S/D","S/D","Barrera de alto impacto","S/D"
2015,8926,15/09/2015,"Martes",0,19:25:00,"Ruta Nacional A009","0.0",2,"Moto/Ciclomotor,Pickup/Utilitario","Calle 119 ",2,0,0,0,1,1,0,"-29.189181, -59.649062","Ruta","A009","RECONQUISTA","General Obligado","S/D","S/D","IX","Dentro","S/D","S/D","S/D","Intersección","S/D","S/D","Atardecer","S/D","S/D","S/D","Colisión","S/D","S/D","S/D","S/D"
2015,8927,09/11/2015,"Lunes",0,09:40:00,,"0.0",2,"Automóvil,Moto/Ciclomotor","Soldado Aguirre Y Sarmiento",2,1,0,0,1,0,0,,"Calle",,"VILLA GOBERNADOR GÁLVEZ","Rosario","Asfalto","No existe","II","Dentro","Urbana","S/D","No existe","Recta","Bueno","Buena","Diurna","Buen Tiempo","Lateral","S/D","Colisión","Ninguna","Faltante","Ninguna","Sin restricción"
2015,8928,11/11/2015,"Miercoles",0,22:10:00,,"0.0",2,"Automóvil,Moto/Ciclomotor","Soldado Aguirre Y San Nicolas",3,2,0,0,1,0,0,,"Calle",,"VILLA GOBERNADOR GÁLVEZ","Rosario","Asfalto","No existe","II","Dentro","Urbana","Ninguna","No existe","Recta","Bueno","Buena","Nocturna,Con luz artificial","Buen Tiempo","Lateral","S/D","Colisión","Ninguna","Faltante","Ninguna","Sin restricción"
2015,8929,06/11/2015,"Viernes",0,15:40:00,,"0.0",2,"Taxi/Remis,Moto/Ciclomotor","Laprida Y Montevideo",2,1,0,0,1,0,0,,"Calle",,"ROSARIO","Rosario","Asfalto","S/D","II","S/D","Urbana","S/D","S/D","Intersección","Bueno","Buena","Diurna","S/D","Lateral","S/D","Colisión","S/D","S/D","Cordón divisorio","S/D"
2015,8930,18/11/2015,"Miercoles",0,07:30:00,,"0.0",2,"Taxi/Remis,Pickup/Utilitario","3 De Febrero Y 1 de Mayo",2,1,0,0,1,0,0,,"Calle",,"ROSARIO","Rosario","Asfalto","S/D","II","Dentro","Urbana","S/D","S/D","Intersección","Bueno","Buena","Diurna","S/D","Lateral","S/D","Colisión","S/D","S/D","Barrera de alto impacto","S/D"
2015,8931,22/11/2015,"Domingo",0,17:15:00,,"0.0",2,"Automóvil,Moto/Ciclomotor","Av. De La Tradicion 1400",3,1,0,0,2,0,0,,"Calle",,"ROSARIO","Rosario","Asfalto","S/D","II","Dentro","Urbana","S/D","S/D","Recta","Bueno","Buena","Diurna","S/D","Otro","S/D","Colisión","S/D","S/D","S/D","S/D"
2015,8932,18/11/2015,"Miercoles",0,,,"0.0",2,"Otros,Otros","Av. Genova Y Barra",3,0,0,0,0,0,3,,"Calle",,"ROSARIO","Rosario","S/D","S/D","II","S/D","Urbana","S/D","S/D","S/D","S/D","S/D","S/D","S/D","S/D","S/D","S/D","S/D","S/D","S/D","S/D"
2015,8933,14/09/2015,"Lunes",0,,"Ruta Secundaria 98-s","0.0",1,"Pickup/Utilitario"," ",3,2,0,0,0,1,0,"-28.971843, -59.846717","Ruta","98-s","LA SARITA","General Obligado","S/D","S/D","IX","S/D","S/D","S/D","S/D","S/D","S/D","S/D","S/D","S/D","S/D","S/D","Vuelco","S/D","S/D","S/D","S/D"
2015,8934,03/11/2015,"Martes",0,,,"0.0",2,"Moto/Ciclomotor,Automóvil","Av. Genova Y Mejico",2,0,0,0,0,0,2,,"Calle",,"ROSARIO","Rosario","S/D","S/D","II","S/D","Urbana","S/D","S/D","S/D","S/D","S/D","S/D","S/D","S/D","S/D","S/D","S/D","S/D","S/D","S/D"
2015,8935,08/11/2015,"Domingo",0,,,"0.0",2,"Automóvil,Moto/Ciclomotor","Magallanes Y Bolivar",4,3,0,0,1,0,0,,"Calle",,"VILLA GOBERNADOR GÁLVEZ","Rosario","Asfalto","No existe","II","Dentro","Urbana","S/D","No existe","Intersección","Deteriorada","Buena","Diurna","Buen Tiempo","Lateral","S/D","Colisión","Ninguna","Faltante","S/D","Sin restricción"
2015,8936,29/11/2015,"Domingo",0,,,"0.0",2,"Moto/Ciclomotor,Automóvil","Ecuador Y La Paz",2,1,0,0,1,0,0,,"Calle",,"ROSARIO","Rosario","Asfalto","S/D","II","Dentro","S/D","S/D","S/D","Recta","S/D","S/D","S/D","Buen Tiempo","Lateral","S/D","Colisión","S/D","S/D","Ninguna","S/D"
2015,8937,03/11/2015,"Martes",0,19:15:00,,"0.0",2,"Moto/Ciclomotor,Taxi/Remis","Reconquista 200",2,1,0,0,1,0,0,,"Calle",,"PUERTO SAN MARTÍN","San Lorenzo","Asfalto","No existe","XVII","Dentro","Urbana","Ninguna","No existe","Recta","Bueno","Buena","Atardecer","Buen Tiempo","Lateral","S/D","Colisión","Ninguna","Horizontal","Ninguna","Sin restricción"
2015,8938,17/11/2015,"Martes",0,22:00:00,,"0.0",1,"Moto/Ciclomotor","H Irigoyen 1300",1,1,0,0,0,0,0,,"Calle",,"SAN JAVIER","San Javier","Tierra","S/D","XIV","Dentro","Urbana","Ninguna","No existe","Intersección","Bueno","Buena","Nocturna,Con luz artificial","Buen Tiempo","S/D","S/D","Caída ocupante","Ninguna","Faltante","Ninguna","Sin restricción"
2015,8939,26/11/2015,"Jueves",0,12:00:00,,"0.0",2,"Moto/Ciclomotor,Moto/Ciclomotor","Eduardo D'Agostino ",2,1,0,0,1,0,0,,"Calle",,"RAFAELA","Castellanos","Asfalto","S/D","V","Dentro","Urbana","S/D","S/D","Recta","Bueno","Buena","Diurna","Buen Tiempo","Lateral","S/D","Colisión","Ninguna","Faltante","S/D","S/D"
2015,8940,21/11/2015,"Sabado",0,,,"0.0",2,"Moto/Ciclomotor,Automóvil","Derqui 7542",2,1,0,0,1,0,0,,"Calle",,"ROSARIO","Rosario","Asfalto","S/D","II","Dentro","Urbana","S/D","No existe","Recta","Bueno","Buena","Atardecer","Buen Tiempo","Lateral","S/D","Colisión","Ninguna","S/D","S/D","S/D"
2015,8941,10/11/2015,"Martes",0,15:50:00,,"0.0",2,"Moto/Ciclomotor,Automóvil","Tarragona Y Schweitzer",2,1,0,0,1,0,0,,"Calle",,"ROSARIO","Rosario","S/D","S/D","II","Dentro","Urbana","S/D","S/D","Intersección","S/D","Buena","Diurna","Buen Tiempo","Lateral","S/D","Colisión","S/D","S/D","S/D","S/D"
2015,8942,09/11/2015,"Lunes",0,19:45:00,,"0.0",2,"Moto/Ciclomotor,Automóvil","San Nicolas Y San Lorenzo",3,2,0,0,1,0,0,,"Avenida",,"ROSARIO","Rosario","Asfalto","No existe","II","Dentro","Urbana","Ninguna","No existe","Intersección","Bueno","Buena","Diurna","Buen Tiempo","Lateral","S/D","Colisión","Ninguna","Horizontal","Ninguna","Sin restricción"
2015,8943,20/11/2015,"Viernes",0,08:00:00,,"0.0",2,"Automóvil,Automóvil","Av. Provincias Unidas Y Zuviria",2,1,0,0,1,0,0,,"Calle",,"ROSARIO","Rosario","Asfalto","S/D","II","Dentro","S/D","S/D","S/D","Recta","Bueno","Buena","Diurna","Buen Tiempo","Lateral","S/D","Colisión","Ninguna","S/D","Ninguna","S/D"
2015,8944,24/11/2015,"Martes",0,14:00:00,,"0.0",2,"Moto/Ciclomotor,Automóvil","Mendoza Y Ecuador",2,1,0,0,1,0,0,,"Calle",,"ROSARIO","Rosario","Asfalto","S/D","II","Dentro","S/D","S/D","S/D","Recta","Bueno","Buena","Diurna","Buen Tiempo","Lateral","S/D","Colisión","S/D","S/D","Ninguna","S/D"
2015,8945,05/11/2015,"Jueves",0,15:00:00,,"0.0",2,"Moto/Ciclomotor,Pickup/Utilitario","San Nicolas Y Tucuman",2,1,0,0,1,0,0,,"Calle",,"ROSARIO","Rosario","Asfalto","No existe","II","Dentro","Urbana","Ninguna","No existe","Intersección","Bueno","Buena","Diurna","Buen Tiempo","Lateral","S/D","Colisión","Ninguna","S/D","S/D","Sin restricción"
2015,8946,25/11/2015,"Miercoles",0,21:00:00,,"0.0",2,"Moto/Ciclomotor,Automóvil"," ",2,1,0,0,1,0,0,,"Calle",,"ROSARIO","Rosario","Asfalto","S/D","II","Dentro","S/D","S/D","S/D","Recta","S/D","Buena","Nocturna","Buen Tiempo","Otro","S/D","Colisión","S/D","S/D","Ninguna","S/D"
2015,8947,05/11/2015,"Jueves",0,21:55:00,,"0.0",2,"Moto/Ciclomotor,Pickup/Utilitario","San Nicolas Y San Lorenzo",2,1,0,0,1,0,0,,"Calle",,"ROSARIO","Rosario","Asfalto","No existe","II","Dentro","Urbana","Ninguna","No existe","Intersección","Bueno","Buena","Nocturna","Buen Tiempo","Lateral","S/D","Colisión","Ninguna","Horizontal","Ninguna","Sin restricción"
2015,8948,11/11/2015,"Miercoles",0,08:00:00,,"0.0",2,"Automóvil,Automóvil","Bv San Martin Y Antartida Argentina",2,1,0,0,1,0,0,,"Calle",,"ROLDÁN","San Lorenzo","Hormigón","No existe","XVII","Dentro","Urbana","Ninguna","No existe","Intersección","Bueno","Buena","Diurna","Buen Tiempo","Lateral","S/D","Colisión","S/D","Faltante","Ninguna","Sin restricción"
2015,8949,07/11/2015,"Sabado",0,11:15:00,,"0.0",2,"Moto/Ciclomotor,Automóvil","San Lorenzo Y Crespo",3,2,0,0,1,0,0,,"Calle",,"ROSARIO","Rosario","S/D","No existe","II","Dentro","Urbana","Ninguna","No existe","Recta","Bueno","Buena","Diurna","Buen Tiempo","Lateral","S/D","Colisión","S/D","Horizontal","Ninguna","Sin restricción"
2015,8950,02/09/2015,"Miercoles",0,21:15:00,,"0.0",2,"Moto/Ciclomotor,Bicicleta","Roca Pte 2500",2,1,1,0,0,0,0,,"Calle",,"RECONQUISTA","General Obligado","S/D","S/D","IX","Dentro","Urbana","S/D","S/D","S/D","S/D","S/D","Nocturna","S/D","S/D","S/D","Atropello","S/D","S/D","S/D","S/D"
2015,8951,01/09/2015,"Martes",0,16:55:00,,"0.0",2,"Moto/Ciclomotor,Camión","Cristobal Colon Y Bernardo de Monteagudo",2,1,0,0,1,0,0,,"Calle",,"VENADO TUERTO","General López","S/D","S/D","VIII","Dentro","Urbana","S/D","S/D","Intersección","S/D","S/D","Diurna","S/D","S/D","S/D","Colisión","S/D","S/D","S/D","S/D"
2015,8952,19/11/2015,"Jueves",0,01:30:00,,"0.0",2,"Peatón,Pickup/Utilitario","Av Facundo Zuviria Y Padilla",2,1,0,0,1,0,0,"-31.620583333333,-60.70525","Avenida",,"SANTA FE","La Capital","Hormigón","No existe","I","Dentro","Urbana","Semáforo","Intermitente","Recta","Bueno","Buena","Nocturna,Con luz artificial","Otro","Otro","S/D","Atropello","Ninguna","Vertical","Línea divisoria pintada","Sin restricción"
2015,8953,02/09/2015,"Miercoles",0,19:10:00,,"0.0",2,"Automóvil,Bicicleta","Dean Funes Y Juan Jose Castelli",2,1,0,0,1,0,0,,"Calle",,"VENADO TUERTO","General López","Hormigón","S/D","VIII","Dentro","Urbana","S/D","S/D","Intersección","S/D","S/D","Atardecer","S/D","S/D","S/D","Atropello","S/D","S/D","S/D","S/D"
2015,8954,26/11/2015,"Jueves",0,22:00:00,"Ruta Nacional 11","0.0",2,"Moto/Ciclomotor,Automóvil","RTA.N&#186;11 Y LOS PARAISOS",2,1,0,0,1,0,0,,"Ruta",11,"RECREO","La Capital","Asfalto","Natural","I","S/D","Urbana","Ninguna","No existe","Intersección","Bueno","Reducida","Diurna,Con luz artificial","Buen Tiempo","Lateral","S/D","Colisión","Ninguna","Vertical","Ninguna","Sin restricción"
2015,8955,25/11/2015,"Miercoles",0,16:00:00,,"0.0",2,"Moto/Ciclomotor,Automóvil","Aldao Y Tomas Furno",2,1,0,0,1,0,0,,"Calle",,"RECREO","La Capital","Asfalto","S/D","I","Dentro","Urbana","Ninguna","S/D","Intersección","Bueno","Buena","Atardecer","Buen Tiempo","De alcance","S/D","Colisión","Ninguna","S/D","S/D","Sin restricción"
2015,8956,05/12/2015,"Sabado",0,05:30:00,"Ruta Provincial 93","0.0",2,"Otros,Otros"," ",2,0,0,0,0,1,1,"-33.643535, -61.440235","Ruta",93,"MELINCUÉ","General López","Asfalto","Natural","VIII","Dentro","Urbana","Ninguna","No existe","Recta","Ahuellamiento","Buena","Diurna","Buen Tiempo","Frontal","S/D","Colisión","S/D","Faltante","Ninguna","Sin restricción"
2015,8957,22/11/2015,"Domingo",0,,,"0.0",2,"Moto/Ciclomotor,Pickup/Utilitario","Av Mitre 1100",2,1,0,0,1,0,0,,"Avenida",,"RECREO","La Capital","Asfalto","Natural","I","S/D","Urbana","Ninguna","No existe","Recta","Bueno","Buena","S/D","Buen Tiempo","Lateral","S/D","Colisión","Ninguna","Faltante","Línea divisoria pintada","Sin restricción"
2015,8958,22/11/2015,"Domingo",0,10:00:00,"Ruta Nacional 11","484.0",2,"Automóvil,Automóvil"," ",4,4,0,0,0,0,0,,"Ruta",11,"RECREO","La Capital","S/D","S/D","I","S/D","Urbana","S/D","S/D","S/D","S/D","S/D","Diurna","S/D","S/D","S/D","Colisión","S/D","S/D","S/D","S/D"
2015,8959,21/11/2015,"Sabado",0,14:00:00,"Ruta Nacional 11","0.0",2,"Moto/Ciclomotor,Automóvil","RTA.N.N&#186;11 Y RTA PROV. 70",3,2,0,0,1,0,0,,"Ruta",11,"RECREO","La Capital","Asfalto","Natural","I","S/D","Urbana","S/D","No existe","Intersección","Bueno","Buena","Diurna","S/D","S/D","S/D","Colisión","Ninguna","Vertical","S/D","S/D"
2015,8960,20/11/2015,"Viernes",0,13:30:00,,"0.0",2,"Moto/Ciclomotor,Automóvil","Santa Fe Y Av. Ovidio Lagos",2,1,0,0,1,0,0,,"Calle",,"ROSARIO","Rosario","Asfalto","No existe","II","S/D","Urbana","Semáforo","Funciona","Recta","Otro","Buena","Diurna","Buen Tiempo","Otro","S/D","Colisión","Ninguna","Vertical","Ninguna","Sin restricción"
2015,8961,06/07/2015,"Lunes",0,23:30:00,,"0.0",2,"Moto/Ciclomotor,Automóvil","Callao Y Olegario V.Andrade",2,0,0,0,1,1,0,"-32.996600, -60.671872","Calle",,"ROSARIO","Rosario","Asfalto","No existe","II","Dentro","Urbana","Ninguna","No existe","Intersección","Bueno","Buena","Nocturna,Con luz artificial","Buen Tiempo","Lateral","S/D","Colisión","S/D","Faltante","Ninguna,S/D","Sin restricción"
2015,8962,03/09/2015,"Jueves",0,01:30:00,"Ruta Nacional 33","681.0",2,"Camión,Camión","RN33 EN INMEDIACIONES DE LA CURVA LA BLANQUEADA  ",2,0,0,0,1,1,0,"-33.479264, -61.545599","Ruta",33,"FIRMAT","General López","Hormigón","Natural","VIII","Dentro","Urbana","S/D","No existe","Recta","S/D","S/D","Nocturna","S/D","De alcance","S/D","Colisión","S/D","Horizontal","S/D","Sin restricción"
2015,8963,16/07/2015,"Jueves",0,17:00:00,"Ruta Nacional 33","0.0",2,"Moto/Ciclomotor,Camión","Boulevard del Angel - Ruta Nac ",3,0,0,0,0,2,1,"-33.349382, -61.444802","Ruta",33,"VILLADA","Caseros","Asfalto,Tierra","S/D","IV","Dentro","Urbana","S/D","S/D","Intersección","S/D","S/D","Diurna","S/D","De alcance","S/D","Colisión","S/D","S/D","S/D","S/D"
2015,8964,17/11/2015,"Martes",0,18:30:00,,"0.0",2,"Moto/Ciclomotor,Automóvil","Pje Martinez Y Guemes",2,1,0,0,1,0,0,,"Calle",,"SANTA FE","La Capital","Ripio","Natural","I","Dentro","Urbana","Ninguna","No existe","Intersección","S/D","Buena","Atardecer","Buen Tiempo","Lateral","S/D","Colisión","S/D","Faltante","Ninguna","Sin restricción"
2015,8965,13/11/2015,"Viernes",0,22:30:00,"Ruta Nacional 11","0.0",2,"Moto/Ciclomotor,Automóvil","Ruta Nacional 11 Y Tierra del Fuego",4,3,0,0,1,0,0,,"Ruta",11,"RECREO","La Capital","Asfalto","Natural","I","Dentro","Urbana","Ninguna","No existe","Intersección","Bueno","Reducida","Nocturna,Con luz artificial","Buen Tiempo","Lateral","S/D","Colisión","Ninguna","Vertical","Línea divisoria pintada","Sin restricción"
2015,8966,09/11/2015,"Lunes",0,20:30:00,"Ruta Nacional 11","0.0",2,"Moto/Ciclomotor,Automóvil","Ruta Nacional 11 Y Saavedra Lamas",3,2,0,0,1,0,0,,"Ruta",11,"RECREO","La Capital","Asfalto","Natural","I","Dentro","Urbana","Ninguna","No existe","Intersección","Bueno","S/D","Nocturna,Con luz artificial","Buen Tiempo","Lateral","S/D","Colisión","Ninguna","Vertical","Línea divisoria pintada","Sin restricción"
2015,8967,03/09/2015,"Jueves",0,12:00:00,,"0.0",2,"Moto/Ciclomotor,Automóvil","Estanislao Zeballos ",2,1,0,0,1,0,0,,"Calle",,"RAFAELA","Castellanos","S/D","S/D","V","Dentro","Urbana","S/D","S/D","S/D","S/D","S/D","Diurna","S/D","S/D","S/D","Colisión","S/D","S/D","S/D","S/D"
2015,8968,11/11/2015,"Miercoles",0,21:00:00,,"0.0",2,"Automóvil,Bicicleta","Simon de Iriondo Y Sebastian Gaboto",2,1,0,0,1,0,0,"-31.670416666667,-60.75925","Calle",,"SANTO TOMÉ","La Capital","Asfalto","No existe","I","Dentro","Urbana","Ninguna","No existe","Intersección","Bueno","Buena","Nocturna,Con luz artificial","Buen Tiempo","S/D","S/D","Atropello","Ninguna","Faltante","Ninguna","Sin restricción"
2015,8969,05/11/2015,"Jueves",0,08:00:00,,"0.0",2,"Automóvil,Pickup/Utilitario","Avenida Ejercito Argentino Y Avenida Nuestra Señora del Luj",3,2,0,0,1,0,0,,"Avenida",,"SANTO TOMÉ","La Capital","Asfalto","No existe","I","Dentro","Urbana","Semáforo","Funciona","Intersección","Bueno","Buena","Diurna","Buen Tiempo","Lateral","S/D","Colisión","Ninguna","Faltante","Ninguna","Sin restricción"
2015,8970,26/07/2015,"Domingo",0,,"Ruta Nacional 34","78.0",1,"Moto/Ciclomotor","Ruta Nacional 34 ",1,0,0,0,0,1,0,"-32.4312855,-61.3122335","Ruta",34,"CLASON","Iriondo","S/D","S/D","X","S/D","Rural","S/D","S/D","Recta","S/D","S/D","S/D","S/D","S/D","S/D","S/D","S/D","S/D","S/D","S/D"
2015,8971,04/11/2015,"Miercoles",0,11:00:00,,"0.0",2,"Automóvil,Bicicleta","Alvear 2500",3,2,0,0,1,0,0,"-31.667638888889,-60.767305555556","Calle",,"SANTO TOMÉ","La Capital","Asfalto","No existe","I","Dentro","Urbana","Ninguna","No existe","Recta","Bueno","Buena","Diurna","Buen Tiempo","S/D","S/D","Atropello","Ninguna","Faltante","Ninguna","Sin restricción"
2015,8972,30/11/2015,"Lunes",0,16:00:00,,"0.0",2,"Pickup/Utilitario,Moto/Ciclomotor","Calle 27 Y Calle 14",2,1,0,0,1,0,0,,"Calle",,"SAUCE VIEJO","La Capital","Ripio","No existe","I","Dentro","Urbana","Ninguna","No existe","Intersección","Resbaladiza","Buena","Diurna","Buen Tiempo","Lateral","S/D","Colisión","Material Suelto","Faltante","Ninguna","Sin restricción"
2015,8973,07/11/2015,"Sabado",0,18:45:00,,"0.0",2,"Bicicleta,Automóvil","Juan de Garay Y Chubut",2,1,0,0,0,0,1,"-31.554427, -60.727697","Calle",,"RECREO","La Capital","Asfalto","Natural","I","Dentro","Urbana","Ninguna","No existe","Recta","Bueno","Buena","Atardecer","Buen Tiempo","S/D","S/D","Atropello","Ninguna","Horizontal","S/D","Sin restricción"
2015,8974,26/11/2015,"Jueves",0,09:30:00,"Ruta Nacional 11","536.0",2,"Camión,Automóvil"," ",2,1,0,0,1,0,0,,"Ruta",11,"EMILIA","La Capital","Asfalto","Natural","I","Dentro","Rural","Marca Vial","No existe","Recta","Ahuellamiento","Reducida","Diurna","Lluvia","De alcance","S/D","Colisión","Agua","Horizontal","Línea divisoria pintada","Sin restricción"
2015,8975,29/11/2015,"Domingo",0,21:30:00,,"0.0",2,"Automóvil,Moto/Ciclomotor","Reg 12 de Infanteria Y Piedras",4,3,0,0,1,0,0,,"Calle",,"SANTA FE","La Capital","Asfalto","S/D","I","Dentro","Urbana","S/D","S/D","Intersección","Bueno","Buena","Nocturna,Con luz artificial","Buen Tiempo","Lateral","S/D","Colisión","S/D","S/D","S/D","Sin restricción"
2015,8976,29/11/2015,"Domingo",0,20:20:00,,"0.0",2,"Automóvil,Moto/Ciclomotor","Belgrano Y Risso",3,2,0,0,1,0,0,,"Calle",,"SANTA FE","La Capital","Asfalto","S/D","I","Dentro","Urbana","S/D","S/D","Intersección","Bueno","Buena","Atardecer","S/D","Lateral","S/D","Colisión","S/D","S/D","S/D","S/D"
2015,8977,04/09/2015,"Viernes",0,,"Ruta Provincial 70","0.0",2,"Moto/Ciclomotor,Automóvil","Guemes ",2,0,0,0,1,1,0,"-31.392195, -61.075907","Ruta",70,"HUMBOLDT","Las Colonias","S/D","Natural","XI","Dentro","S/D","S/D","S/D","Intersección","S/D","S/D","Nocturna","S/D","S/D","S/D","Colisión","S/D","S/D","S/D","S/D"
2015,8978,23/11/2015,"Lunes",0,19:50:00,,"0.0",2,"Moto/Ciclomotor,Automóvil","Dorrego Y Risso",3,2,0,0,1,0,0,,"Calle",,"SANTA FE","La Capital","Asfalto","S/D","I","Dentro","Urbana","S/D","S/D","Intersección","Bueno","Buena","Diurna","Buen Tiempo","Lateral","S/D","Colisión","S/D","S/D","S/D","S/D"
2015,8979,30/11/2015,"Lunes",0,12:45:00,,"0.0",2,"Moto/Ciclomotor,Pickup/Utilitario","Av Galicia Y Alberdi",2,1,0,0,1,0,0,,"Avenida",,"SANTA FE","La Capital","Asfalto","S/D","I","Dentro","Urbana","S/D","S/D","Intersección","Bueno","Buena","Diurna","Buen Tiempo","Lateral","S/D","Colisión","S/D","S/D","S/D","S/D"
2015,8980,24/11/2015,"Martes",0,08:00:00,,"0.0",2,"Automóvil,Moto/Ciclomotor","French Y Republica de Siria",2,1,0,0,1,0,0,,"Calle",,"SANTA FE","La Capital","Asfalto","S/D","I","Dentro","Urbana","S/D","S/D","Intersección","Bueno","Buena","Diurna","Buen Tiempo","Lateral","S/D","Colisión","S/D","S/D","S/D","S/D"
2015,8981,02/07/2015,"Jueves",0,05:30:00,"Ruta Secundaria 4-s","0.0",1,"Automóvil","A 1500 METROS DEL INGRESO A SAN EDUARDO ",2,0,1,0,0,1,0,"-33.876578, -62.100642","Ruta","4-s","SAN EDUARDO","General López","S/D","S/D","VIII","Fuera","Rural","S/D","S/D","Recta","S/D","S/D","Nocturna","S/D","S/D","S/D","Vuelco","S/D","S/D","S/D","S/D"
2015,8982,26/07/2015,"Domingo",0,,"Autopista Provincial Brigadier E.López","46.0",1,"Moto/Ciclomotor"," ",1,0,0,0,0,1,0,"-32.510479, -60.893391","Autopista","Brigadier E.López","OLIVEROS","Iriondo","S/D","Pavimento","X","Dentro","Rural","S/D","S/D","Recta","S/D","S/D","S/D","S/D","S/D","S/D","S/D","S/D","S/D","S/D","S/D"
2015,8983,21/11/2015,"Sabado",0,22:30:00,,"0.0",2,"Moto/Ciclomotor,Moto/Ciclomotor","Mitre Y Risso",3,2,0,0,1,0,0,,"Calle",,"SANTA FE","La Capital","Asfalto","S/D","I","S/D","Urbana","S/D","S/D","Intersección","Bueno","Buena","Nocturna,Con luz artificial","S/D","Lateral","S/D","Colisión","S/D","S/D","S/D","S/D"
2015,8984,21/11/2015,"Sabado",0,22:40:00,,"0.0",2,"Automóvil,Moto/Ciclomotor","Suipacha Y Urquiza",2,1,0,0,1,0,0,,"Calle",,"ROSARIO","Rosario","Asfalto","No existe","II","S/D","Urbana","Ninguna","No existe","Recta","Otro","Buena","Nocturna,Con luz artificial","Buen Tiempo","Otro","S/D","Colisión","S/D","Faltante","Ninguna","Sin restricción"
2015,8985,09/11/2015,"Lunes",0,19:45:00,,"0.0",2,"Automóvil,Automóvil","Rivadavia 2800",2,1,0,0,1,0,0,,"Avenida",,"ROSARIO","Rosario","S/D","Pavimento","II","Dentro","Urbana","Semáforo","Funciona","Recta","Bueno","Buena","Diurna","Buen Tiempo","Otro","S/D","Colisión","Ninguna","Vertical","Ninguna","Sin restricción"