"anio_acci","nro_acci","fecha","desc_dia","fecha_aprox","hora_aprox","desc_ruta","km","cant_participantes","desc_participante","calle_avenida_km","total","heridos_leves","heridos_graves","heridos_gravisimos","ilesos","fallecidos","sin_datos","posicion_XY","desc_tipo_via","desc_ruta_ori","desc_loc","desc_dpto","desc_tipo_calzada","desc_tipo_banquina","desc_unidad_regional","desc_lugar_calzada","desc_zona","desc_prioridad","desc_estado_semaforo","desc_lugar_via","desc_estado_via","desc_estado_visibilidad","desc_luminosidad","desc_estado_clima","desc_tipo_colision","desc_tipo_atropello","desc_tipo_hecho","desc_pres_calzada","desc_senializacion","desc_separacion_via","desc_restriccion"
2015,8986,14/11/2015,"Sabado",0,01:00:00,,"0.0",2,"Taxi/Remis,Automóvil","Callao 500",2,1,0,0,1,0,0,,"Calle",,"ROSARIO","Rosario","Asfalto","No existe","II","S/D","Urbana","Ninguna","Funciona","Recta","Bueno","Buena","Nocturna","Buen Tiempo","Otro","S/D","Colisión","Ninguna","Horizontal","Ninguna","Sin restricción"
2015,8987,17/11/2015,"Martes",0,11:15:00,,"0.0",2,"Moto/Ciclomotor,Automóvil","Salta Y Rodriguez",2,1,0,0,1,0,0,,"Calle",,"ROSARIO","Rosario","Asfalto","No existe","II","S/D","Urbana","Semáforo","Funciona","Recta","Bueno","Buena","Diurna","Buen Tiempo","Otro","S/D","Colisión","Ninguna","Vertical","Ninguna","Sin restricción"
2015,8988,17/11/2015,"Martes",0,13:20:00,,"0.0",2,"Moto/Ciclomotor,Camión","Crespo Y Urquiza",2,1,0,0,1,0,0,,"Calle",,"ROSARIO","Rosario","Asfalto","No existe","II","S/D","Urbana","Ninguna","No existe","Recta","Bueno","Buena","Diurna","Buen Tiempo","Otro","S/D","Colisión","S/D","Vertical","Ninguna","Sin restricción"
2015,8989,24/11/2015,"Martes",0,14:40:00,,"0.0",2,"Automóvil,Automóvil","Crespo 500",2,1,0,0,1,0,0,,"Calle",,"ROSARIO","Rosario","S/D","No existe","II","S/D","Urbana","Ninguna","No existe","Recta","Bueno","Buena","Diurna","Buen Tiempo","Otro","S/D","Colisión","Ninguna","Faltante","Ninguna","Sin restricción"
2015,8990,15/11/2015,"Domingo",0,06:30:00,,"0.0",2,"Automóvil,Moto/Ciclomotor","Mariano Moreno Y Jose De San Martin",2,1,0,0,1,0,0,,"Calle",,"SANTO TOMÉ","La Capital","Asfalto","No existe","I","Dentro","Urbana","Ninguna","No existe","Intersección","Bueno","Buena","Amanecer","Buen Tiempo","Frontal","S/D","Colisión","Ninguna","Faltante","Ninguna","Sin restricción"
2015,8991,24/11/2015,"Martes",0,09:00:00,,"0.0",2,"Automóvil,Moto/Ciclomotor","Azcuenaga Y Aritobulo del Valle",2,1,0,0,1,0,0,,"Calle",,"SANTO TOMÉ","La Capital","Asfalto","No existe","I","Dentro","Urbana","Ninguna","No existe","Intersección","Deteriorada","Buena","Diurna","Buen Tiempo","Lateral","S/D","Colisión","Material Suelto","Faltante","Ninguna","Sin restricción"
2015,8992,14/11/2015,"Sabado",0,10:00:00,,"0.0",2,"Pickup/Utilitario,Bicicleta","Mariano Candioti 2700",2,1,0,0,1,0,0,"-31.673861111111,-60.75575","Calle",,"SANTO TOMÉ","La Capital","Asfalto","No existe","I","Dentro","Urbana","Semáforo","Funciona","Recta","Con baches","Buena","Diurna","Buen Tiempo","Otro","S/D","Atropello","Ninguna","Faltante","Ninguna","Sin restricción"
2015,8993,13/11/2015,"Viernes",0,21:15:00,,"0.0",2,"Moto/Ciclomotor,Automóvil","Centenario Y Grl Brig Estanislao Lopez",3,1,0,0,2,0,0,,"Calle",,"SANTO TOMÉ","La Capital","Asfalto","No existe","I","Dentro","Urbana","Ninguna","No existe","Intersección","Deteriorada","Reducida","Diurna","Viento Fuerte","Lateral","S/D","Colisión","Material Suelto","Faltante","Ninguna","Sin restricción"
2015,8994,11/11/2015,"Miercoles",0,18:30:00,,"0.0",2,"Moto/Ciclomotor,Tracción animal / Carro","12 de Octubre Y La Pampa",3,1,0,0,2,0,0,,"Calle",,"SANTA FE","La Capital","Asfalto","No existe","I","Dentro","Urbana","Ninguna","No existe","Intersección","Bueno","Buena","Diurna","Buen Tiempo","Lateral","S/D","Colisión","S/D","S/D","Ninguna","Sin restricción"
2015,8995,06/11/2015,"Viernes",0,20:40:00,,"0.0",2,"Transporte de Pasajeros Urbano (> 8 asientos),Moto/Ciclomotor","Misiones 6545",3,2,0,0,1,0,0,,"Calle",,"SANTA FE","La Capital","Asfalto","Pavimento","I","Dentro","Urbana","Semáforo","Funciona","Recta","Bueno","Buena","Nocturna","Buen Tiempo","De alcance","S/D","Colisión","S/D","Vertical","Ninguna","Sin restricción"
2015,8996,22/11/2015,"Domingo",0,17:00:00,"Ruta Provincial 70","2.0",2,"Automóvil,Pickup/Utilitario","1 de Mayo ",9,9,0,0,0,0,0,,"Ruta",70,"RECREO","La Capital","Asfalto","Natural","I","Dentro","Urbana","Ninguna","No existe","Recta","Bueno","Buena","Diurna","Buen Tiempo","Frontal","S/D","Colisión","Ninguna","Vertical","Ninguna","Sin restricción"
2015,8997,27/11/2015,"Viernes",0,17:00:00,,"0.0",1,"Automóvil","Misiones Y Reinares",1,0,1,0,0,0,0,,"Calle",,"SANTA FE","La Capital","Asfalto","Pavimento","I","Dentro","Urbana","Ninguna","No existe","Intersección","Bueno","Buena","Diurna","Buen Tiempo","Contra objeto fijo","S/D","Colisión","S/D","S/D","Ninguna","Sin restricción"
2015,8998,06/09/2015,"Domingo",0,21:50:00,,"0.0",2,"Moto/Ciclomotor,Pickup/Utilitario","SAN MARTIN FRENTE AL LOCAL DE COMIDAS ""LO DEL CHEF ",2,1,0,0,1,0,0,,"Calle",,"FLORENCIA","General Obligado","S/D","S/D","IX","Dentro","Urbana","S/D","S/D","Recta","S/D","S/D","Nocturna","S/D","S/D","S/D","Colisión","S/D","S/D","S/D","S/D"
2015,8999,09/09/2015,"Miercoles",0,03:30:00,"Autopista Provincial Brigadier E.López","0.0",2,"Automóvil,Camión"," ",2,1,0,0,1,0,0,,"Autopista","Brigadier E.López","OLIVEROS","Iriondo","S/D","Natural","X","Dentro","Rural","S/D","S/D","S/D","S/D","S/D","Nocturna","S/D","De alcance","S/D","Colisión","S/D","Horizontal","S/D","S/D"
2015,9000,13/11/2015,"Viernes",0,10:20:00,,"0.0",2,"Peatón,Automóvil","Avenida Nuestra Señora del Luj Y Frutos",2,1,0,0,1,0,0,"-31.682194444444,-60.776361111111","Avenida",,"SANTO TOMÉ","La Capital","Asfalto,Tierra","No existe","I","Dentro","Urbana","S/D","No existe","Intersección","Bueno","Buena","Diurna","Buen Tiempo","S/D","S/D","Atropello","S/D","S/D","S/D","Sin restricción"
2015,9001,20/11/2015,"Viernes",0,19:00:00,,"101.0",1,"Moto/Ciclomotor","Avenida Nuestra Señora del Luj Y Maletti",2,2,0,0,0,0,0,,"Avenida",,"SANTO TOMÉ","La Capital","Asfalto","No existe","I","Dentro","Urbana","S/D","No existe","Intersección","Bueno","Buena","Atardecer","Buen Tiempo","Atropello animal,Lateral","S/D","Colisión","S/D","S/D","S/D","S/D"
2015,9002,06/11/2015,"Viernes",0,23:15:00,"Ruta Nacional 11","0.0",1,"Moto/Ciclomotor","Ruta 11 Avenida Richieri Y 13 de diciembre",1,1,0,0,0,0,0,,"Ruta",11,"SANTO TOMÉ","La Capital","Asfalto","Natural","I","Dentro","Urbana","Semáforo","Funciona","Intersección","Bueno","Buena","Nocturna","Buen Tiempo","S/D","S/D","Caída ocupante","S/D","S/D","S/D","S/D"
2015,9003,07/11/2015,"Sabado",0,09:00:00,"Ruta Nacional 11","0.0",2,"Moto/Ciclomotor,Automóvil"," ",2,1,0,0,1,0,0,,"Ruta",11,"ROSARIO","Rosario","Asfalto","Natural","I","Dentro","Urbana","S/D","No existe","Recta","Bueno","Buena","Diurna","Buen Tiempo","De alcance","S/D","Colisión","S/D","S/D","S/D","S/D"
2015,9004,05/11/2015,"Jueves",0,19:30:00,,"0.0",2,"Automóvil,Automóvil","Av A del Valle 4800",3,1,0,0,2,0,0,,"Avenida",,"SANTA FE","La Capital","Hormigón","No existe","I","Dentro","Urbana","Ninguna","No existe","Recta","Bueno","Buena","Diurna","Buen Tiempo","De alcance","S/D","Colisión","Ninguna","Faltante","Ninguna","Sin restricción"
2015,9005,14/11/2015,"Sabado",0,18:00:00,,"0.0",1,"Moto/Ciclomotor","Av Paganini ",2,2,0,0,0,0,0,,"Calle",,"BARRANCAS","San Jerónimo","Tierra","Natural","XV","Dentro","Urbana","Ninguna","S/D","Recta","Deteriorada","Buena","Diurna","Buen Tiempo","S/D","S/D","Caída ocupante","Ninguna","Faltante","Ninguna","S/D"
2015,9006,05/11/2015,"Jueves",0,11:45:00,,"0.0",2,"Peatón,Moto/Ciclomotor","Av A del Valle 5600",2,1,0,0,1,0,0,"-31.616305555556,-60.697555555556","Avenida",,"SANTA FE","La Capital","Hormigón","No existe","I","Dentro","Urbana","Otra Señal","No existe","Recta","Bueno","Buena","Diurna","Buen Tiempo","S/D","S/D","Atropello","Ninguna","Faltante","Ninguna","Sin restricción"
2015,9007,05/11/2015,"Jueves",0,11:45:00,,"0.0",2,"Moto/Ciclomotor,Automóvil","Av A del Valle Y Cordoba",3,2,0,0,1,0,0,,"Avenida",,"SANTA FE","La Capital","Hormigón","No existe","I","Dentro","Urbana","Ninguna","No existe","Intersección","Bueno","Buena","Diurna","Buen Tiempo","Lateral","S/D","Colisión","Ninguna","Faltante","Línea divisoria pintada","Sin restricción"
2015,9008,03/11/2015,"Martes",0,08:30:00,,"0.0",2,"Automóvil,Automóvil","Av A del Valle Y Espora",3,1,0,0,2,0,0,,"Avenida",,"SANTA FE","La Capital","Hormigón","No existe","I","Dentro","Urbana","Ninguna","No existe","Intersección","Bueno","Buena","Diurna","Buen Tiempo","Lateral","S/D","Colisión","Ninguna","Faltante","Ninguna","Sin restricción"
2015,9009,01/11/2015,"Domingo",0,08:00:00,,"0.0",2,"Moto/Ciclomotor,Automóvil","Av A del Valle Y Juan Del Campillo",2,1,0,0,1,0,0,,"Avenida",,"SANTA FE","La Capital","Asfalto","No existe","I","Dentro","Urbana","Semáforo","Funciona","Intersección","Bueno","Buena","Diurna","Buen Tiempo","Lateral","S/D","Colisión","S/D","Vertical","Ninguna","S/D"
2015,9010,12/11/2015,"Jueves",0,11:30:00,,"0.0",2,"Moto/Ciclomotor,Automóvil","Av A del Valle Y Boneo",3,1,0,0,2,0,0,,"Avenida",,"SANTA FE","La Capital","Asfalto,Hormigón","No existe","I","Dentro","Urbana","Ninguna","No existe","Intersección","Bueno,Con baches","Buena","Diurna","Buen Tiempo","Lateral","S/D","Colisión","Ninguna","Faltante","Ninguna","Sin restricción"
2015,9011,10/11/2015,"Martes",0,22:00:00,,"0.0",2,"Moto/Ciclomotor,Automóvil","Domingo Silva Y San Martin",2,1,0,0,1,0,0,,"Calle",,"SANTA FE","La Capital","Hormigón","No existe","I","Dentro","Urbana","Ninguna","No existe","Intersección","Bueno","Buena","Nocturna,Con luz artificial","Buen Tiempo","Lateral","S/D","Colisión","Ninguna","Faltante","S/D","Sin restricción"
2015,9012,08/11/2015,"Domingo",0,12:00:00,,"0.0",2,"Moto/Ciclomotor,Automóvil","Pedro Ferre Y Av Facundo Zuviria",2,1,0,0,1,0,0,,"Avenida",,"SANTA FE","La Capital","Hormigón","No existe","I","Dentro","Urbana","Semáforo","Funciona","Intersección","Bueno","Buena","Diurna","Buen Tiempo","Lateral","S/D","Colisión","Ninguna","Vertical","Línea divisoria pintada","Sin restricción"
2015,9013,07/11/2015,"Sabado",0,22:30:00,,"0.0",1,"Moto/Ciclomotor","Clemente Zavaleta ",1,0,1,0,0,0,0,,"Calle",,"SUARDI","San Cristóbal","Tierra","No existe","XII","Dentro","Urbana","Ninguna","No existe","Recta","Con baches","Reducida","Nocturna,Con luz artificial","Buen Tiempo","Frontal","S/D","Colisión","S/D","Faltante","Ninguna","Sin restricción"
2015,9014,07/11/2015,"Sabado",0,15:20:00,,"0.0",2,"Automóvil,Moto/Ciclomotor","Pje Ingenieros Y J Castelli",2,1,0,0,1,0,0,,"Calle",,"SANTA FE","La Capital","Hormigón","No existe","I","Dentro","Urbana","Ninguna","No existe","Intersección","Bueno","Buena","Diurna","Buen Tiempo","Lateral","S/D","Colisión","Ninguna","Faltante","Ninguna","Sin restricción"
2015,9015,26/11/2015,"Jueves",0,22:30:00,,"0.0",1,"Moto/Ciclomotor","Bv Oro±o ",1,0,0,0,0,0,1,,"S/D",,"CORONDA","San Jerónimo","Arena","No existe","XV","S/D","Urbana","Ninguna","No existe","Recta","Bueno","Buena","Nocturna","Buen Tiempo","Atropello animal","S/D","Otro","Otro","Faltante","Ninguna","S/D"
2015,9016,20/11/2015,"Viernes",0,16:55:00,,"0.0",2,"Moto/Ciclomotor,Moto/Ciclomotor","Proto Y Alberdi",2,2,0,0,0,0,0,,"Calle",,"BARRANCAS","San Jerónimo","Asfalto","Pavimento","XV","S/D","Urbana","Ninguna","No existe","Intersección","Bueno","Buena","Diurna","Buen Tiempo","Lateral","S/D","Colisión","Ninguna","S/D","Ninguna","S/D"
2015,9017,29/11/2015,"Domingo",0,14:30:00,,"0.0",2,"Automóvil,Moto/Ciclomotor","DR GUENA Y PUBLICA",3,2,0,0,1,0,0,,"Calle",,"PUERTO ARAGÓN","San Jerónimo","Tierra","Natural","XV","S/D","Rural","Ninguna","No existe","Intersección","Otro","Buena","Diurna","Buen Tiempo","Lateral","S/D","Colisión","Ninguna","Faltante","Ninguna","Sin restricción"
2015,9018,05/11/2015,"Jueves",0,21:30:00,,"0.0",2,"Moto/Ciclomotor,Camión","Los Ceibos ",3,1,0,0,2,0,0,,"Calle",,"SAN CRISTÓBAL","San Cristóbal","Ripio","S/D","XIII","S/D","Urbana","Ninguna","No existe","Intersección","Bueno","Reducida","Nocturna","Buen Tiempo","Lateral","S/D","Colisión","S/D","S/D","S/D","Sin restricción"
2015,9019,07/11/2015,"Sabado",0,01:30:00,,"0.0",2,"Bicicleta,Moto/Ciclomotor","Av Facundo Zuviria Y Iturraspe",3,2,0,0,1,0,0,"-31.628333333333,-60.704972222222","Avenida",,"SANTA FE","La Capital","Hormigón","No existe","I","Dentro","Urbana","Semáforo","Intermitente","Intersección","Bueno","Buena","Nocturna,Con luz artificial","Buen Tiempo","S/D","S/D","Atropello","Ninguna","Vertical","Línea divisoria pintada","Sin restricción"
2015,9020,28/11/2015,"Sabado",0,05:45:00,,"0.0",2,"Moto/Ciclomotor,Vehículo Oficial","Avenida Mitre Y Pje f Perletti",3,1,0,0,2,0,0,,"S/D",,"CERES","San Cristóbal","Asfalto","No existe","XIII","S/D","Urbana","Ninguna","No existe","Rotonda","Otro","Buena","Amanecer","Buen Tiempo","De alcance","S/D","Colisión","S/D","Horizontal","Cordón divisorio","Sin restricción"
2015,9021,29/11/2015,"Domingo",0,12:30:00,,"0.0",2,"Automóvil,Moto/Ciclomotor","Combate de San Lorenzo Y Rivadavia",4,2,0,0,2,0,0,,"S/D",,"CERES","San Cristóbal","Asfalto","No existe","XIII","S/D","Urbana","Ninguna","No existe","Intersección","Bueno","Buena","Diurna","Buen Tiempo","De alcance","S/D","Colisión","S/D","S/D","Ninguna","Sin restricción"
2015,9022,04/11/2015,"Miercoles",0,,,"0.0",2,"Moto/Ciclomotor,Moto/Ciclomotor","Obispo Gelabert Y Pje 13 de Diciembre",2,1,0,0,1,0,0,,"Calle",,"SANTA FE","La Capital","Ripio","No existe","I","Dentro","Urbana","Ninguna","No existe","Intersección","Bueno","Reducida","Nocturna","Buen Tiempo","Lateral","S/D","Colisión","Ninguna","Faltante","Ninguna","S/D"
2015,9023,21/11/2015,"Sabado",0,05:30:00,,"0.0",2,"Pickup/Utilitario,Moto/Ciclomotor"," ",2,1,0,0,1,0,0,,"Calle",,"CERES","San Cristóbal","Hormigón","No existe","XIII","Dentro","Urbana","Ninguna","No existe","Intersección","Bueno","S/D","Amanecer","Buen Tiempo","De alcance","S/D","Colisión","Otro","Faltante","Ninguna","Sin restricción"
2015,9024,01/11/2015,"Domingo",0,00:00:00,,"0.0",1,"Moto/Ciclomotor","Jose De San Martin ",1,1,0,0,0,0,0,,"Calle",,"SANTO TOMÉ","La Capital","Ripio","No existe","I","Dentro","Urbana","Ninguna","No existe","Recta","Bueno","Buena","Nocturna","Buen Tiempo","S/D","S/D","Caída ocupante","Ninguna","Faltante","Ninguna","Sin restricción"
2015,9025,02/11/2015,"Lunes",0,11:35:00,,"0.0",2,"Automóvil,Moto/Ciclomotor"," ",3,0,1,0,2,0,0,,"Calle",,"SUARDI","San Cristóbal","Hormigón","No existe","XIII","Dentro","Urbana","Ninguna","No existe","Intersección","Bueno","Buena","Diurna","Buen Tiempo","Frontal","S/D","Colisión","S/D","Vertical","Ninguna","Sin restricción"
2015,9026,09/09/2015,"Miercoles",0,11:27:00,,"0.0",2,"Bicicleta,Automóvil","Salvador Caputo Y Roque Saenz Peña",2,1,0,0,1,0,0,"-31.636194444444,-60.722972222222","Calle",,"SANTA FE","La Capital","Asfalto","S/D","I","Dentro","Urbana","S/D","S/D","Intersección","S/D","S/D","Diurna","S/D","S/D","S/D","Atropello","S/D","S/D","S/D","S/D"
2015,9027,08/09/2015,"Martes",0,,,"0.0",2,"Bicicleta,Moto/Ciclomotor","Avenida San Martin Y Padre Tibaldo",3,3,0,0,0,0,0,,"Avenida",,"VILLA OCAMPO","General Obligado","S/D","S/D","IX","Dentro","Urbana","S/D","Funciona","Intersección","S/D","S/D","S/D","S/D","S/D","S/D","Atropello","S/D","S/D","S/D","S/D"
2015,9028,10/09/2015,"Jueves",0,13:10:00,,"0.0",2,"Moto/Ciclomotor,Moto/Ciclomotor","Iturbide Y Leandro N Alem",2,0,0,0,0,1,1,"-33.760251, -61.957185","Calle",,"VENADO TUERTO","General López","Hormigón","Natural","VIII","Dentro","Urbana","S/D","S/D","Intersección","S/D","S/D","Diurna","Buen Tiempo","S/D","S/D","Colisión","S/D","S/D","S/D","S/D"
2015,9029,07/11/2015,"Sabado",0,18:30:00,,"0.0",2,"Moto/Ciclomotor,Automóvil","J P Lopez Y Las Heras",2,1,0,0,1,0,0,,"Calle",,"SANTA FE","La Capital","Asfalto","No existe","I","Dentro","Urbana","Ninguna","No existe","Intersección","Bueno","Buena","Atardecer","Buen Tiempo","Lateral","S/D","Colisión","Ninguna","S/D","Ninguna","Sin restricción"
2015,9030,07/11/2015,"Sabado",0,20:50:00,,"0.0",2,"Peatón,Pickup/Utilitario","Av Almte Brown Y Regis Martinez",2,1,0,0,1,0,0,"-31.623305555556,-60.678777777778","Avenida",,"SANTA FE","La Capital","Asfalto","No existe","I","Dentro","Urbana","Ninguna","No existe","Intersección","Bueno","S/D","Nocturna","Buen Tiempo","S/D","S/D","Atropello","S/D","S/D","Ninguna","Sin restricción"
2015,9031,18/11/2015,"Miercoles",0,17:45:00,,"0.0",2,"Moto/Ciclomotor,Pickup/Utilitario","Av. Ntra.Sra.del Rosario Y Santiago",4,3,0,0,1,0,0,,"Avenida",,"ROSARIO","Rosario","Asfalto","Pavimento","II","Dentro","Urbana","Ninguna","S/D","Intersección","Bueno","S/D","Diurna","Buen Tiempo","Lateral","S/D","Colisión","S/D","S/D","Ninguna","Sin restricción"
2015,9032,08/11/2015,"Domingo",0,12:50:00,,"0.0",2,"Peatón,Automóvil","Av Gral Paz 5000",2,1,0,0,1,0,0,"-31.624055555556,-60.688583333333","Avenida",,"SANTA FE","La Capital","Asfalto","No existe","I","Dentro","Urbana","Ninguna","Funciona","Recta","Bueno","Buena","Diurna","Buen Tiempo","S/D","S/D","Atropello","Ninguna","S/D","Ninguna","Sin restricción"
2015,9033,28/11/2015,"Sabado",0,02:10:00,,"0.0",2,"Moto/Ciclomotor,Automóvil","Pje. Gral.Savio Y Santiago",2,1,0,0,1,0,0,,"Calle",,"ROSARIO","Rosario","Asfalto","Pavimento","II","Dentro","Urbana","Ninguna","No existe","Intersección","Bueno","Buena","Nocturna","Buen Tiempo","Lateral","S/D","Colisión","S/D","S/D","Ninguna","Sin restricción"
2015,9034,03/11/2015,"Martes",0,21:55:00,,"0.0",2,"Moto/Ciclomotor,Automóvil","Bv. Oroño Y Av. Battle y Ordoñez",3,1,0,0,2,0,0,,"Avenida",,"ROSARIO","Rosario","Asfalto","Pavimento","II","Dentro","Urbana","Ninguna","Funciona","Intersección","Bueno","Buena","Nocturna","Buen Tiempo","Contra objeto fijo","S/D","Colisión","S/D","S/D","Ninguna","Sin restricción"
2015,9035,03/11/2015,"Martes",0,09:40:00,,"0.0",2,"Moto/Ciclomotor,Automóvil","Bv. Oroño Y Pje. Patria",2,1,0,0,1,0,0,,"Avenida",,"ROSARIO","Rosario","Asfalto","Pavimento","II","Dentro","Urbana","Ninguna","No existe","Intersección","Bueno","Buena","Diurna","Buen Tiempo","Lateral","S/D","Colisión","S/D","S/D","Ninguna","Sin restricción"
2015,9036,08/11/2015,"Domingo",0,18:30:00,,"0.0",2,"Automóvil,Moto/Ciclomotor","Av Almte Brown Y Pje Calcena",2,1,0,0,1,0,0,,"Avenida",,"SANTA FE","La Capital","Asfalto","No existe","I","Dentro","Urbana","S/D","No existe","Intersección","Bueno","Buena","Atardecer","Buen Tiempo","Lateral","S/D","Colisión","Ninguna","S/D","S/D","Sin restricción"
2015,9037,12/11/2015,"Jueves",0,13:20:00,,"0.0",2,"Moto/Ciclomotor,Automóvil","Madre Cabrini Y Cereseto",2,1,0,0,1,0,0,,"Calle",,"ROSARIO","Rosario","Asfalto","Pavimento","II","Dentro","Urbana","Ninguna","No existe","Intersección","Bueno","Reducida","Diurna","Lluvia","Lateral","S/D","Colisión","Agua","S/D","Ninguna","Sin restricción"
2015,9038,19/11/2015,"Jueves",0,14:10:00,,"0.0",2,"Camión,Moto/Ciclomotor","Av. Circunvalacion ",2,1,0,0,1,0,0,,"Avenida",,"ROSARIO","Rosario","Asfalto","S/D","II","Dentro","Urbana","Semáforo","Funciona","Intersección","Bueno","Buena","Diurna","Buen Tiempo","Lateral","S/D","Colisión","S/D","Vertical","Ninguna","Sin restricción"
2015,9039,19/11/2015,"Jueves",0,07:45:00,,"0.0",2,"Moto/Ciclomotor,Peatón","Av. Arijon Y Bv. Oroño",2,2,0,0,0,0,0,,"Avenida",,"ROSARIO","Rosario","Asfalto","Pavimento","II","Dentro","Urbana","Ninguna","Funciona","Intersección","Bueno","Buena","Diurna","Buen Tiempo","S/D","S/D","Atropello","S/D","S/D","Ninguna","Sin restricción"
2015,9040,19/11/2015,"Jueves",0,08:00:00,,"0.0",2,"Moto/Ciclomotor,Automóvil","Av. Arijon Y Bv. Oroño",2,1,0,0,1,0,0,,"Avenida",,"ROSARIO","Rosario","Asfalto","Pavimento","II","Dentro","Urbana","Ninguna","Funciona","Intersección","Bueno","S/D","Diurna","Buen Tiempo","Lateral","S/D","Colisión","S/D","S/D","Ninguna","Sin restricción"
2015,9041,21/11/2015,"Sabado",0,00:40:00,,"0.0",1,"Moto/Ciclomotor","Av. Circunvalacion Y Bv. Avellaneda",1,1,0,0,0,0,0,,"Avenida",,"ROSARIO","Rosario","Asfalto","Pavimento","II","Dentro","Urbana","Ninguna","No existe","Intersección","Bueno","Buena","Nocturna","Buen Tiempo","S/D","S/D","Caída ocupante","S/D","Faltante","Ninguna","S/D"
2015,9042,06/11/2015,"Viernes",0,19:30:00,,"0.0",2,"Bicicleta,Automóvil","Bvard Pueyrredon Y Av Falucho",3,1,0,0,2,0,0,,"S/D",,"CERES","San Cristóbal","Arena","No existe","XIII","S/D","Urbana","Ninguna","No existe","Intersección","Con baches","Buena","Diurna","Buen Tiempo","De alcance","S/D","Colisión","Otro","Faltante","Ninguna","Sin restricción"
2015,9043,14/11/2015,"Sabado",0,18:45:00,,"0.0",2,"Moto/Ciclomotor,Taxi/Remis","Balcarce Y Av. Arijon",2,1,0,0,1,0,0,,"Avenida",,"ROSARIO","Rosario","Asfalto","Pavimento","II","Dentro","Urbana","Ninguna","Funciona","Intersección","Bueno","Buena","Diurna","Buen Tiempo","Lateral","S/D","Colisión","S/D","S/D","Ninguna","Sin restricción"
2015,9044,23/11/2015,"Lunes",0,18:15:00,,"0.0",2,"Automóvil,Moto/Ciclomotor","Av. Ovidio Lagos Y Av. Circunvalacion",3,2,0,0,1,0,0,,"Avenida",,"ROSARIO","Rosario","Asfalto","Pavimento","II","Dentro","Urbana","Semáforo","Funciona","Intersección","Bueno","Buena","Diurna","Buen Tiempo","Frontal","S/D","Colisión","S/D","Vertical","Barrera de hormigón","Sin restricción"
2015,9045,17/11/2015,"Martes",0,23:10:00,,"0.0",2,"Moto/Ciclomotor,Automóvil"," ",2,1,0,0,1,0,0,,"Calle",,"ROSARIO","Rosario","Asfalto","Pavimento","II","Dentro","Urbana","Ninguna","No existe","Recta","Bueno","Buena","Nocturna","Buen Tiempo","De alcance","S/D","Colisión","S/D","S/D","Ninguna","Sin restricción"
2015,9046,26/11/2015,"Jueves",0,11:30:00,,"0.0",2,"Pickup/Utilitario,Moto/Ciclomotor","Montecarlo Y Punta Del Indio",2,1,0,0,1,0,0,,"Calle",,"ROSARIO","Rosario","Asfalto","Natural","II","Dentro","Urbana","S/D","No existe","Intersección","Bueno","Buena","Diurna","Buen Tiempo","Lateral","S/D","Colisión","S/D","Faltante","Ninguna","Sin restricción"
2015,9047,04/11/2015,"Miercoles",0,21:30:00,,"0.0",2,"Moto/Ciclomotor,Automóvil","Av. Arijon Y Pueyrredon",2,1,0,0,1,0,0,,"Avenida",,"ROSARIO","Rosario","Asfalto","Pavimento","II","Dentro","Urbana","Ninguna","Funciona","Intersección","Bueno","Buena","Nocturna","Buen Tiempo","Lateral","S/D","Colisión","S/D","S/D","Ninguna","Sin restricción"
2015,9048,09/11/2015,"Lunes",0,22:20:00,,"0.0",2,"Automóvil,Automóvil","Av. Circunvalacion Y Bv. Avellaneda",2,1,0,0,1,0,0,,"Avenida",,"ROSARIO","Rosario","Asfalto","Pavimento","II","Dentro","Urbana","S/D","No existe","Intersección","Bueno","Buena","Nocturna","Buen Tiempo","Lateral","S/D","Colisión","S/D","Faltante","S/D","Sin restricción"
2015,9049,03/11/2015,"Martes",0,15:00:00,,"0.0",2,"Automóvil,Moto/Ciclomotor","Prevision y Hogar Y Av. Ovidio Lagos",3,2,0,0,1,0,0,,"Avenida",,"ROSARIO","Rosario","Asfalto","Pavimento","II","Dentro","Urbana","Semáforo","Funciona","Intersección","Bueno","Buena","Diurna","Buen Tiempo","Lateral","S/D","Colisión","S/D","Vertical","Ninguna","Sin restricción"
2015,9050,12/11/2015,"Jueves",0,23:50:00,,"0.0",2,"Moto/Ciclomotor,Automóvil","Madre Cabrini Y Santiago",2,1,0,0,1,0,0,,"Calle",,"ROSARIO","Rosario","Asfalto","Pavimento","II","Dentro","Urbana","Ninguna","No existe","Intersección","Bueno","Buena","Nocturna","Buen Tiempo","Lateral","S/D","Colisión","S/D","S/D","Ninguna","Sin restricción"
2015,9051,19/11/2015,"Jueves",0,17:00:00,,"0.0",2,"Peatón,Pickup/Utilitario","Bv. Segui Y Iriondo",2,0,1,0,1,0,0,,"Avenida",,"ROSARIO","Rosario","Hormigón","No existe","II","Dentro","Urbana","Ninguna","No existe","Intersección","Bueno","Buena","Atardecer","Buen Tiempo","S/D","S/D","Atropello","Ninguna","Faltante","Cordón divisorio","S/D"