"anio_acci","nro_acci","fecha","desc_dia","fecha_aprox","hora_aprox","desc_ruta","km","cant_participantes","desc_participante","calle_avenida_km","total","heridos_leves","heridos_graves","heridos_gravisimos","ilesos","fallecidos","sin_datos","posicion_XY","desc_tipo_via","desc_ruta_ori","desc_loc","desc_dpto","desc_tipo_calzada","desc_tipo_banquina","desc_unidad_regional","desc_lugar_calzada","desc_zona","desc_prioridad","desc_estado_semaforo","desc_lugar_via","desc_estado_via","desc_estado_visibilidad","desc_luminosidad","desc_estado_clima","desc_tipo_colision","desc_tipo_atropello","desc_tipo_hecho","desc_pres_calzada","desc_senializacion","desc_separacion_via","desc_restriccion"
2015,9052,30/11/2015,"Lunes",0,13:20:00,,"0.0",2,"Moto/Ciclomotor,Automóvil","Anchorena Y Dorrego",2,1,0,0,1,0,0,,"Calle",,"ROSARIO","Rosario","Asfalto","Pavimento","II","Dentro","Urbana","Ninguna","No existe","Intersección","Bueno","Buena","Diurna","Buen Tiempo","Lateral","S/D","Colisión","S/D","S/D","Ninguna","Sin restricción"
2015,9053,22/11/2015,"Domingo",0,23:30:00,,"0.0",2,"Moto/Ciclomotor,Automóvil","Av. Arijon Y Pueyrredon",2,0,1,0,1,0,0,,"Avenida",,"ROSARIO","Rosario","Asfalto","Pavimento","II","Dentro","Urbana","Ninguna","S/D","Intersección","Bueno","Buena","Nocturna","Buen Tiempo","Lateral","S/D","Colisión","S/D","S/D","Ninguna","Sin restricción"
2015,9054,08/11/2015,"Domingo",0,10:15:00,,"0.0",2,"Moto/Ciclomotor,Automóvil","Centeno Y Bv. Avellaneda",3,2,0,0,1,0,0,,"Avenida",,"ROSARIO","Rosario","Asfalto","No existe","II","Dentro","Urbana","Ninguna","No existe","Intersección","Bueno","Buena","Diurna","Buen Tiempo","Lateral","S/D","Colisión","Ninguna","Faltante","S/D","Sin restricción"
2015,9055,01/11/2015,"Domingo",1,21:35:00,,"0.0",1,"Automóvil","Teniente Loza Y Fray de las Casas",3,2,0,0,1,0,0,,"Avenida",,"SANTA FE","La Capital","Hormigón","No existe","I","S/D","Urbana","Ninguna","No existe","Recta","Bueno","Buena","Nocturna","Buen Tiempo","S/D","S/D","Otro","Otro","S/D","Ninguna","Sin restricción"
2015,9056,01/11/2015,"Domingo",0,12:25:00,,"0.0",2,"Moto/Ciclomotor,Automóvil","Crespo Y Gaboto",3,1,0,0,2,0,0,,"Calle",,"ROSARIO","Rosario","Asfalto","No existe","II","Dentro","Urbana","Ninguna","No existe","Intersección","Bueno","Buena","Diurna","Buen Tiempo","Lateral","S/D","Colisión","Ninguna","Faltante","Vegetación","Sin restricción"
2015,9057,15/11/2015,"Domingo",0,11:45:00,,"0.0",2,"Automóvil,Pickup/Utilitario","Ruta provincial 38 Y Ruta provincial 77  s",4,1,0,0,3,0,0,,"S/D",,"AMBROSETTI","San Cristóbal","Ripio","Ripio","XIII","Dentro","Rural","Ninguna","No existe","Intersección","Bueno","Buena","Diurna","Buen Tiempo","Lateral","S/D","Colisión","Otro","Vertical","Ninguna","Sin restricción"
2015,9058,24/11/2015,"Martes",0,16:30:00,,"0.0",2,"Moto/Ciclomotor,Moto/Ciclomotor","12 de Octubre Y Misiones",2,1,1,0,0,0,0,,"Calle",,"SANTA FE","La Capital","Asfalto","No existe","I","S/D","Urbana","Semáforo","Funciona","Intersección","Bueno","Buena","Diurna","Buen Tiempo","De alcance","S/D","Colisión","Otro","S/D","Ninguna","Sin restricción"
2015,9059,08/11/2015,"Domingo",0,01:55:00,,"0.0",2,"Moto/Ciclomotor,Automóvil","San Martin Y Pje. R.Platini",2,1,0,0,1,0,0,,"Calle",,"ROSARIO","Rosario","Asfalto","Pavimento","II","Dentro","Urbana","Ninguna","No existe","Intersección","Bueno","Buena","Nocturna","Buen Tiempo","Lateral","S/D","Colisión","Ninguna","Faltante","Ninguna","Sin restricción"
2015,9060,23/01/2015,"Viernes",0,19:00:00,,"0.0",2,"Automóvil,Automóvil"," ",3,2,0,0,1,0,0,,"Calle",,"SANTA FE","La Capital","Asfalto","No existe","I","S/D","Urbana","Ninguna","No existe","Intersección","Bueno","Buena","Diurna","Buen Tiempo","De alcance","S/D","Colisión","Otro","S/D","Ninguna","Sin restricción"
2015,9061,17/11/2015,"Martes",0,09:00:00,,"0.0",2,"Moto/Ciclomotor,Camión","España Y Caña De Ambar",4,2,0,0,2,0,0,,"Calle",,"ROSARIO","Rosario","Asfalto","No existe","II","Dentro","Urbana","Ninguna","No existe","Intersección","Bueno","Buena","Diurna","Buen Tiempo","Lateral","S/D","Colisión","S/D","S/D","Ninguna","Sin restricción"
2015,9062,23/11/2015,"Lunes",0,18:50:00,,"0.0",2,"Moto/Ciclomotor,Automóvil","12 de Octubre Y Misiones",3,2,0,0,1,0,0,,"Avenida",,"SANTA FE","La Capital","Asfalto","S/D","I","Dentro","Urbana","Ninguna","S/D","Intersección","Bueno","S/D","Diurna","Buen Tiempo","De alcance","S/D","Colisión","Otro","Faltante","Ninguna","Sin restricción"
2015,9063,21/11/2015,"Sabado",0,17:40:00,,"0.0",2,"Moto/Ciclomotor,Automóvil","Vieytes Y Pje Santa Fe",2,1,0,0,1,0,0,,"Calle",,"SANTA FE","La Capital","Asfalto,Tierra","Natural","I","Dentro","Urbana","Ninguna","No existe","Intersección","Deteriorada","Buena","Diurna","Buen Tiempo","Lateral","S/D","Colisión","Material Suelto","Faltante","Ninguna","Sin restricción"
2015,9064,21/11/2015,"Sabado",0,12:00:00,,"0.0",2,"Automóvil,Moto/Ciclomotor","Av. Bermudez 6500",2,1,0,0,1,0,0,,"Avenida",,"ROSARIO","Rosario","Asfalto","No existe","II","Dentro","Urbana","Ninguna","No existe","Recta","Bueno","Buena","Diurna","Buen Tiempo","Lateral","S/D","Colisión","Ninguna","Horizontal","Ninguna","Sin restricción"
2015,9065,21/11/2015,"Sabado",0,21:20:00,,"0.0",2,"Moto/Ciclomotor,Moto/Ciclomotor","Av Peñaloza Y Risso",2,2,0,0,0,0,0,,"Avenida",,"SANTA FE","La Capital","Hormigón","Pavimento","I","Dentro","Urbana","Ninguna","No existe","Intersección","Bueno","Buena","Nocturna","Buen Tiempo","Lateral","S/D","Colisión","Agua","Faltante","Cordón divisorio","Sin restricción"
2015,9066,22/11/2015,"Domingo",0,14:30:00,,"0.0",2,"Moto/Ciclomotor,Automóvil","Av Blas Parera Y Estado de Israel",2,1,0,0,1,0,0,,"Avenida",,"SANTA FE","La Capital","Hormigón","Pavimento","I","Dentro","Urbana","Semáforo","Funciona","Intersección","Bueno","Buena","Diurna","Buen Tiempo","Lateral","S/D","Colisión","Material Suelto","Horizontal,Vertical","Cordón divisorio","Sin restricción"
2015,9067,20/11/2015,"Viernes",0,12:15:00,,"0.0",2,"Automóvil,Automóvil","Av. Battle y Ordoñez Y Av. Corrientes",2,1,0,0,1,0,0,,"Avenida",,"ROSARIO","Rosario","Asfalto","No existe","II","Dentro","Urbana","Ninguna","No existe","Intersección","Bueno","Buena","Diurna","Buen Tiempo","Lateral","S/D","Colisión","Ninguna","Horizontal","Cordón divisorio","Sin restricción"
2015,9068,09/11/2015,"Lunes",0,18:00:00,,"0.0",2,"Automóvil,Bicicleta","Juan Jose Michlig Y 9 de agosto",2,0,1,0,1,0,0,,"Calle",,"AMBROSETTI","San Cristóbal","Ripio","No existe","XIII","Dentro","Urbana","Ninguna","No existe","Recta","Bueno","Buena","Diurna","Buen Tiempo","S/D","S/D","Atropello","Otro","Vertical","Ninguna","Sin restricción"
2015,9069,24/11/2015,"Martes",0,11:00:00,,"0.0",2,"Moto/Ciclomotor,Moto/Ciclomotor","Av. Arijon Y Entre Rios",3,1,0,0,2,0,0,,"Avenida",,"ROSARIO","Rosario","Asfalto","No existe","II","Dentro","Urbana","Ninguna","Funciona","Recta","Bueno","Buena","Diurna","Buen Tiempo","Lateral","S/D","Colisión","S/D","Vertical","Línea divisoria pintada","Sin restricción"
2015,9070,06/11/2015,"Viernes",0,20:00:00,,"0.0",3,"Automóvil,Automóvil,Moto/Ciclomotor","Av. Battle y Ordoñez Y Paraguay",6,6,0,0,0,0,0,,"Avenida",,"ROSARIO","Rosario","Asfalto","No existe","II","Dentro","Urbana","Ninguna","No existe","Recta","Bueno","Buena","Nocturna","Buen Tiempo","Múltiple","S/D","Colisión","Ninguna","Horizontal","Cordón divisorio","Sin restricción"
2015,9071,12/11/2015,"Jueves",0,13:00:00,,"0.0",2,"Moto/Ciclomotor,Automóvil","Saavedra Y Cafferata",2,1,0,0,1,0,0,,"Calle",,"ROSARIO","Rosario","Asfalto","No existe","II","Dentro","Urbana","S/D","No existe","Intersección","Bueno","Buena","Diurna","Buen Tiempo","Lateral","S/D","Colisión","Ninguna","Faltante","Vegetación","Sin restricción"
2015,9072,13/11/2015,"Viernes",0,01:30:00,,"0.0",2,"Moto/Ciclomotor,Pickup/Utilitario","Dr.Rivas Y Av. Ovidio Lagos",2,1,0,0,1,0,0,,"Avenida",,"ROSARIO","Rosario","Asfalto","No existe","II","Dentro","Urbana","Ninguna","No existe","Intersección","Bueno","Buena","Nocturna","Buen Tiempo","Lateral","S/D","Colisión","Ninguna","Faltante","Cordón divisorio","Sin restricción"
2015,9073,23/11/2015,"Lunes",0,08:00:00,,"0.0",2,"Moto/Ciclomotor,Automóvil","Azcuenaga 5050",2,1,0,0,1,0,0,,"Calle",,"SANTA FE","La Capital","Hormigón","Pavimento","I","Dentro","Urbana","Ninguna","No existe","Otro","Deteriorada","Buena","Diurna","Buen Tiempo","Lateral","S/D","Colisión","Agua","Faltante","Ninguna","Sin restricción"
2015,9074,23/11/2015,"Lunes",0,20:00:00,,"0.0",2,"Moto/Ciclomotor,Automóvil","Av Blas Parera Y Vieytes",3,2,0,0,1,0,0,,"Avenida",,"SANTA FE","La Capital","Hormigón","Pavimento","I","Dentro","Urbana","Semáforo","Funciona","Intersección","Bueno","Buena","Nocturna,Con luz artificial","Buen Tiempo","Lateral","S/D","Colisión","Material Suelto","Horizontal,Vertical","Cordón divisorio","Sin restricción"
2015,9075,02/11/2015,"Lunes",0,17:35:00,,"0.0",2,"Moto/Ciclomotor,Camión","Dr.Rivas Y Constitucion",2,1,0,0,1,0,0,,"Calle",,"ROSARIO","Rosario","Asfalto","No existe","II","Dentro","Urbana","Policía de tránsito","No existe","Intersección","Deteriorada","Buena","Atardecer","Buen Tiempo","Lateral","S/D","Colisión","Ninguna","Faltante","Vegetación","Sin restricción"
2015,9076,02/11/2015,"Lunes",0,19:30:00,,"0.0",2,"Moto/Ciclomotor,Automóvil","Vera Mujica Y Centeno",2,1,0,0,1,0,0,,"Calle",,"ROSARIO","Rosario","Asfalto","No existe","II","Dentro","Urbana","Policía de tránsito","No existe","Intersección","Deteriorada","Buena","Atardecer","Buen Tiempo","Lateral","S/D","Colisión","Ninguna","Faltante","Cordón divisorio","Sin restricción"
2015,9077,22/11/2015,"Domingo",0,05:15:00,,"0.0",2,"Moto/Ciclomotor,Automóvil","Lavalle Y Bv. Segui",2,0,1,0,1,0,0,,"Avenida",,"ROSARIO","Rosario","Asfalto","No existe","II","Dentro","Urbana","Ninguna","No existe","Intersección","Bueno","Buena","Amanecer","Buen Tiempo","Lateral","S/D","Colisión","Ninguna","Faltante","Cordón divisorio","Sin restricción"
2015,9078,02/11/2015,"Lunes",0,23:15:00,,"0.0",2,"Moto/Ciclomotor,Automóvil","Bv. Oroño Y Av. Arijon",2,1,0,0,1,0,0,,"Avenida",,"ROSARIO","Rosario","Asfalto","Pavimento","II","Dentro","Urbana","S/D","Funciona","Intersección","Bueno","Buena","Nocturna","Buen Tiempo","Lateral","S/D","Colisión","S/D","S/D","Ninguna","Sin restricción"
2015,9079,06/11/2015,"Viernes",0,21:35:00,,"0.0",2,"Automóvil,Moto/Ciclomotor","Dorrego Y Av. Pellegrini",2,1,0,0,1,0,0,,"Avenida",,"ROSARIO","Rosario","Asfalto","No existe","II","Dentro","Urbana","Semáforo","Funciona","Recta","Bueno","Buena","Nocturna,Con luz artificial","Buen Tiempo","Lateral","S/D","Colisión","S/D","S/D","Cordón divisorio","Sin restricción"
2015,9080,11/11/2015,"Miercoles",0,10:10:00,,"0.0",2,"Automóvil,Peatón","Mendoza Y Av. Corrientes",2,1,0,0,1,0,0,,"Calle",,"ROSARIO","Rosario","Asfalto","Pavimento","II","Dentro","Urbana","S/D","Funciona","Intersección","Bueno","Buena","Diurna","Buen Tiempo","S/D","S/D","Atropello","S/D","S/D","Guardarrail","Sin restricción"
2015,9081,07/11/2015,"Sabado",0,02:40:00,,"0.0",2,"Taxi/Remis,Bicicleta","San Luis Y Dorrego",2,1,0,0,1,0,0,,"Calle",,"ROSARIO","Rosario","Asfalto","Pavimento","II","Dentro","Urbana","S/D","No existe","Intersección","Bueno","Buena","Nocturna,Con luz artificial","Buen Tiempo","S/D","S/D","Atropello","S/D","S/D","Cordón divisorio","Sin restricción"
2015,9082,02/11/2015,"Lunes",0,22:20:00,,"0.0",2,"Taxi/Remis,Moto/Ciclomotor","Sarmiento Y 9 De Julio",3,2,0,0,1,0,0,,"Calle",,"ROSARIO","Rosario","Asfalto","Pavimento","II","Dentro","Urbana","Ninguna","No existe","Intersección","Bueno","Buena","Nocturna","Buen Tiempo","Lateral","S/D","Colisión","S/D","S/D","S/D","Sin restricción"
2015,9083,20/11/2015,"Viernes",0,14:25:00,,"0.0",2,"Moto/Ciclomotor,Automóvil","Roque Saenz Peña Y 4 de enero",6,3,0,0,3,0,0,,"S/D",,"SANTO TOMÉ","La Capital","Ripio","No existe","I","S/D","Urbana","Ninguna","No existe","Intersección","Bueno","Buena","Diurna","Buen Tiempo","Lateral","S/D","Colisión","Ninguna","Faltante","Ninguna","Sin restricción"
2015,9084,24/11/2015,"Martes",0,20:00:00,,"0.0",2,"Moto/Ciclomotor,Moto/Ciclomotor","Av Blas Parera Y French",3,3,0,0,0,0,0,,"S/D",,"SANTA FE","La Capital","Hormigón","Pavimento","I","S/D","S/D","Ninguna","Funciona","Intersección","Bueno","Buena","Nocturna","Buen Tiempo","Lateral","S/D","Colisión","S/D","Horizontal,Vertical","Cordón divisorio","Sin restricción"
2015,9085,25/11/2015,"Miercoles",0,10:40:00,,"0.0",2,"Moto/Ciclomotor,Automóvil","Av Blas Parera Y Beruti",2,1,0,0,1,0,0,,"Avenida",,"SANTA FE","La Capital","Hormigón","Pavimento","I","Dentro","Urbana","Ninguna","No existe","Intersección","Bueno","Buena","Diurna","Buen Tiempo","Lateral","S/D","Colisión","S/D","Horizontal,Vertical","Cordón divisorio","Sin restricción"
2015,9086,29/11/2015,"Domingo",0,19:00:00,,"0.0",2,"Moto/Ciclomotor,Automóvil","Gorostiaga Y Lamadrid",2,1,0,0,1,0,0,,"Calle",,"SANTA FE","La Capital","Hormigón","Pavimento","I","Dentro","Urbana","Ninguna","No existe","Intersección","Con baches,Deteriorada","Buena","Diurna","Buen Tiempo","Lateral","S/D","Colisión","Material Suelto","Faltante","Ninguna","Sin restricción"
2015,9087,02/11/2015,"Lunes",0,14:00:00,,"0.0",2,"Automóvil,Automóvil","Rodriguez Y Montevideo",2,1,0,0,1,0,0,,"Calle",,"ROSARIO","Rosario","Asfalto","S/D","II","Dentro","Urbana","S/D","S/D","S/D","S/D","S/D","S/D","S/D","S/D","S/D","Colisión","S/D","S/D","S/D","S/D"
2015,9088,03/11/2015,"Martes",0,06:50:00,,"0.0",2,"Taxi/Remis,Automóvil","Crespo Y 9 De Julio",3,1,0,0,2,0,0,,"Calle",,"ROSARIO","Rosario","Asfalto","S/D","II","Dentro","Urbana","S/D","S/D","S/D","S/D","S/D","Diurna","S/D","S/D","S/D","Colisión","S/D","S/D","S/D","S/D"
2015,9089,08/09/2015,"Martes",0,16:30:00,,"0.0",2,"Automóvil,Moto/Ciclomotor","3 de Febrero Y 2 de Abril",2,1,0,0,1,0,0,,"Calle",,"VENADO TUERTO","General López","S/D","S/D","VIII","Dentro","Urbana","S/D","S/D","Intersección","S/D","S/D","Diurna","S/D","S/D","S/D","Colisión","S/D","S/D","S/D","S/D"
2015,9090,01/11/2015,"Domingo",0,20:30:00,,"0.0",2,"Automóvil,Automóvil","Constitucion Y 9 De Julio",4,1,0,0,3,0,0,,"Calle",,"ROSARIO","Rosario","Asfalto","S/D","II","Dentro","Urbana","S/D","S/D","S/D","S/D","S/D","Nocturna","S/D","S/D","S/D","Colisión","S/D","S/D","S/D","S/D"
2015,9091,09/09/2015,"Miercoles",0,06:10:00,"Ruta Nacional 11","517.0",2,"Camión,Camión"," ",2,1,0,0,1,0,0,,"Ruta",11,"LLAMBI CAMPBELL","La Capital","Hormigón","Natural","I","Dentro","S/D","S/D","S/D","S/D","S/D","S/D","Amanecer","S/D","De alcance","S/D","Colisión","S/D","S/D","S/D","S/D"
2015,9092,02/11/2015,"Lunes",0,05:50:00,,"0.0",2,"Bicicleta,Automóvil","San Juan Y Gutenberg",2,1,0,0,1,0,0,,"Calle",,"ROSARIO","Rosario","Asfalto","S/D","II","Dentro","Urbana","S/D","S/D","S/D","S/D","S/D","Amanecer","S/D","S/D","S/D","Atropello","S/D","S/D","S/D","S/D"
2015,9093,28/11/2015,"Sabado",0,04:50:00,,"0.0",2,"Transporte de Pasajeros Urbano (> 8 asientos),Moto/Ciclomotor","Genaro Almaraz Y Santa Fe",2,1,0,0,1,0,0,,"Calle",,"SANTO TOMÉ","La Capital","Asfalto","No existe","I","S/D","Urbana","Ninguna","No existe","Intersección","Ahuellamiento","Reducida","Nocturna","Buen Tiempo","Frontal","S/D","Colisión","Ninguna","Faltante","Ninguna","Sin restricción"
2015,9094,10/09/2015,"Jueves",0,15:15:00,,"0.0",2,"Moto/Ciclomotor,Automóvil","España Y Dean Funes",3,1,0,0,2,0,0,,"Calle",,"VENADO TUERTO","General López","Hormigón","S/D","VIII","Dentro","Urbana","S/D","S/D","Intersección","S/D","S/D","Diurna","S/D","S/D","S/D","Colisión","S/D","S/D","S/D","S/D"
2015,9095,29/11/2015,"Domingo",0,16:40:00,,"0.0",2,"Moto/Ciclomotor,Automóvil","Sarmiento Y Corrientes",2,1,0,0,1,0,0,,"Calle",,"SANTA FE","La Capital","Asfalto","No existe","I","S/D","Urbana","Ninguna","No funciona","Intersección","Bueno","Buena","Diurna","Buen Tiempo","Lateral","S/D","Colisión","Ninguna","Faltante","Ninguna","Sin restricción"
2015,9096,24/11/2015,"Martes",0,17:30:00,,"0.0",2,"Moto/Ciclomotor,Automóvil","Necochea Y Gaboto",3,2,0,0,1,0,0,,"Calle",,"ROSARIO","Rosario","Asfalto","No existe","II","Dentro","Urbana","Ninguna","No existe","Intersección","Bueno","Buena","Diurna","Buen Tiempo","De alcance","S/D","Colisión","Ninguna","Faltante","Ninguna","Sin restricción"
2015,9097,10/11/2015,"Martes",0,07:00:00,"Autopista Provincial Brigadier E.López","150.0",2,"Camión,Camión"," ",2,1,0,0,1,0,0,,"Autopista","Brigadier E.López","SANTO TOMÉ","La Capital","Asfalto","Natural","I","S/D","Rural","Ninguna","No existe","Recta","Bueno","Buena","Diurna","Buen Tiempo","Frontal","S/D","Colisión","Ninguna","Faltante","Vegetación","Sin restricción"
2015,9098,09/11/2015,"Lunes",0,14:30:00,,"0.0",2,"Moto/Ciclomotor,Moto/Ciclomotor","4 de enero Y Republica de Chile",2,1,0,0,1,0,0,,"Calle",,"SANTO TOMÉ","La Capital","Asfalto","No existe","I","S/D","Urbana","Ninguna","No existe","Intersección","Bueno","Buena","Diurna","Buen Tiempo","Lateral","S/D","Colisión","Ninguna","Faltante","Ninguna","Sin restricción"
2015,9099,21/11/2015,"Sabado",0,22:00:00,"Ruta Nacional 11","455.0",2,"Moto/Ciclomotor,Automóvil"," ",2,1,0,0,1,0,0,,"Ruta",11,"SAUCE VIEJO","La Capital","Asfalto","Ripio","I","Dentro","Urbana","Ninguna","No existe","Recta","Bueno","Buena","Nocturna","Buen Tiempo","Lateral","S/D","Colisión","Otro","Vertical","Línea divisoria pintada","Sin restricción"
2015,9100,23/11/2015,"Lunes",0,17:00:00,"Autopista Provincial Brigadier E.López","136.0",2,"Automóvil,Camión"," ",2,1,0,0,1,0,0,,"Autopista","Brigadier E.López","SAUCE VIEJO","La Capital","Asfalto","Natural","I","Dentro","Urbana","Ninguna","No existe","Recta","Con baches","Buena","Diurna","Buen Tiempo","De alcance","S/D","Colisión","S/D","Horizontal","Ninguna","Sin restricción"
2015,9101,25/11/2015,"Miercoles",0,12:30:00,,"0.0",1,"Moto/Ciclomotor","Juan Bautista Alberdi Y Avenida Nuestra Señora del Luj",2,1,0,0,1,0,0,,"Calle",,"SANTO TOMÉ","La Capital","Asfalto","No existe","I","S/D","Urbana","Ninguna","Funciona","Intersección","Bueno","Buena","Diurna","Buen Tiempo","Lateral","S/D","Colisión","Ninguna","Horizontal","Ninguna","Sin restricción"
2015,9102,24/11/2015,"Martes",0,18:20:00,,"0.0",2,"Moto/Ciclomotor,Taxi/Remis","12 de septiembre Y Avenida Nuestra Señora del Luj",2,1,0,0,1,0,0,,"Avenida",,"SANTO TOMÉ","La Capital","Asfalto","No existe","I","S/D","Urbana","Semáforo","Funciona","Intersección","Bueno","Buena","Diurna","Buen Tiempo","Lateral","S/D","Colisión","S/D","Vertical","Ninguna","Sin restricción"
2015,9103,21/11/2015,"Sabado",0,12:30:00,,"0.0",2,"Moto/Ciclomotor,Moto/Ciclomotor","Rca Oriental del Uruguay Y Avenida Nuestra Señora del Luj",2,1,0,0,1,0,0,,"Avenida",,"SANTO TOMÉ","La Capital","Asfalto","No existe","I","S/D","Urbana","Semáforo","Funciona","Intersección","Bueno","Buena","Diurna","Buen Tiempo","Lateral","S/D","Colisión","S/D","Vertical","S/D","S/D"
2015,9104,02/11/2015,"Lunes",0,19:10:00,,"0.0",2,"Automóvil,Taxi/Remis","Entre Rios Y Gaboto",2,2,0,0,0,0,0,,"Calle",,"ROSARIO","Rosario","Asfalto","No existe","II","S/D","Urbana","Ninguna","No existe","Intersección","Bueno","Buena","Diurna","Buen Tiempo","Frontal","S/D","Colisión","Ninguna","S/D","Ninguna","Sin restricción"
2015,9105,24/11/2015,"Martes",0,19:30:00,,"0.0",2,"Moto/Ciclomotor,Automóvil","Av Aristobulo del Valle Y Aaron Castellanos",2,0,1,0,1,0,0,,"Avenida",,"RAFAELA","Castellanos","Asfalto","No existe","V","Dentro","Urbana","Ninguna","No existe","Intersección","Bueno","Buena","Atardecer","Buen Tiempo","Lateral","S/D","Colisión","Ninguna","Faltante","Ninguna","Sin restricción"
2015,9106,23/11/2015,"Lunes",0,19:00:00,,"0.0",2,"Bicicleta,Automóvil","1ro de Mayo Y Victor Manuel",2,1,0,0,1,0,0,,"Calle",,"RAFAELA","Castellanos","Asfalto","No existe","V","Dentro","Urbana","Ninguna","No existe","Intersección","Bueno","Buena","Diurna","Buen Tiempo","S/D","S/D","Atropello","Ninguna","Faltante","Ninguna","Sin restricción"
2015,9107,23/11/2015,"Lunes",0,18:30:00,,"0.0",2,"Moto/Ciclomotor,Automóvil","Risso Y San Lorenzo",2,1,0,0,1,0,0,,"Calle",,"SANTA FE","La Capital","Asfalto","No existe","I","Dentro","Urbana","Ninguna","No existe","Intersección","Deteriorada","Buena","Diurna","Otro","Lateral","S/D","Colisión","Ninguna","Faltante","Ninguna","Sin restricción"
2015,9108,21/11/2015,"Sabado",0,08:00:00,,"0.0",2,"Automóvil,Automóvil","San Jeronimo Y Juan Del Campillo",3,1,0,0,2,0,0,,"Calle",,"SANTA FE","La Capital","Hormigón","No existe","I","Dentro","Urbana","Ninguna","No existe","Intersección","Bueno","Buena","Diurna","Otro","Lateral","S/D","Colisión","Ninguna","Faltante","Ninguna","Sin restricción"
2015,9109,21/11/2015,"Sabado",0,22:35:00,,"0.0",1,"Moto/Ciclomotor","Quintana 2900",2,2,0,0,0,0,0,,"Calle",,"SANTA FE","La Capital","Hormigón","No existe","I","Dentro","Urbana","Ninguna","No existe","Recta","Con baches","Buena","Nocturna,Con luz artificial","Otro","Contra objeto fijo","S/D","Caída ocupante,Colisión","Ninguna","Faltante","Ninguna","Sin restricción"
2015,9110,19/11/2015,"Jueves",0,16:30:00,,"0.0",2,"Bicicleta,Automóvil","Estanislao Zeballos 2600",3,2,0,0,1,0,0,"-31.6055,-60.694416666667","Calle",,"SANTA FE","La Capital","Hormigón","No existe","I","Dentro","Urbana","Ninguna","No existe","Otro","Bueno","Buena","Diurna","Buen Tiempo","Otro","S/D","Atropello","Ninguna","Faltante","Ninguna","Sin restricción"
2015,9111,09/11/2015,"Lunes",0,07:00:00,,"0.0",2,"Moto/Ciclomotor,Automóvil","Larguia Y Ayacucho",2,1,0,0,1,0,0,,"Calle",,"SANTA FE","La Capital","Asfalto,Tierra","S/D","I","Dentro","Urbana","Ninguna","No existe","Intersección","Deteriorada","Buena","Diurna","Buen Tiempo","Lateral","S/D","Colisión","Material Suelto","Faltante","Ninguna","Sin restricción"
2015,9112,27/11/2015,"Viernes",0,,,"0.0",2,"Moto/Ciclomotor,Automóvil","Av. Illia Y Pte.Roca",2,1,0,0,1,0,0,,"Avenida",,"ROSARIO","Rosario","Asfalto","Pavimento","II","Dentro","Urbana","Ninguna","No existe","Intersección","Bueno","Buena","Diurna","Buen Tiempo","Lateral","S/D","Colisión","S/D","S/D","Ninguna","S/D"
2015,9113,19/11/2015,"Jueves",0,13:30:00,,"0.0",2,"Automóvil,Moto/Ciclomotor","Pedro Alejandro Vittori Y Cordoba",2,1,0,0,1,0,0,,"Calle",,"SANTA FE","La Capital","Asfalto,Hormigón","No existe","I","Dentro","Urbana","Ninguna","No existe","Intersección","Con baches","Buena","Diurna","Otro","Lateral","S/D","Caída ocupante,Colisión","Ninguna","Faltante","Línea divisoria pintada","Sin restricción"
2015,9114,28/11/2015,"Sabado",0,11:00:00,,"0.0",2,"Taxi/Remis,Moto/Ciclomotor","Bv. Oroño Y Tucuman",2,1,0,0,1,0,0,,"Avenida",,"ROSARIO","Rosario","Asfalto","Pavimento","II","Dentro","Urbana","S/D","No existe","Intersección","Bueno","Buena","Diurna","Buen Tiempo","Lateral","S/D","Colisión","S/D","Faltante","Ninguna","S/D"
2015,9115,04/11/2015,"Miercoles",0,02:45:00,,"0.0",2,"Automóvil,Moto/Ciclomotor","Urquiza Y Italia",2,1,0,0,1,0,0,,"Calle",,"ROSARIO","Rosario","Asfalto","S/D","II","Dentro","Urbana","S/D","No existe","Intersección","Bueno","Buena","Nocturna","Buen Tiempo","Lateral","S/D","Colisión","S/D","Faltante","S/D","S/D"
2015,9116,19/11/2015,"Jueves",0,11:00:00,,"0.0",2,"Moto/Ciclomotor,Automóvil","San Jeronimo Y Iturraspe",2,1,0,0,1,0,0,,"Calle",,"SANTA FE","La Capital","Hormigón","No existe","I","Dentro","Urbana","Ninguna","No existe","Intersección","Bueno","Buena","Diurna","Buen Tiempo","Lateral","S/D","Caída ocupante,Colisión","Ninguna","Faltante","Ninguna","Sin restricción"
2015,9117,08/11/2015,"Domingo",0,17:20:00,,"0.0",2,"Moto/Ciclomotor,Automóvil","Estanislao Zeballos Y Aguado",2,1,0,0,1,0,0,,"Calle",,"SANTA FE","La Capital","Asfalto,Hormigón","Pavimento","I","Dentro","Urbana","Ninguna","No existe","Intersección","Bueno","Buena","Diurna","Buen Tiempo","Lateral","S/D","Colisión","Material Suelto","Faltante","Ninguna","Sin restricción"