"anio_acci","nro_acci","fecha","desc_dia","fecha_aprox","hora_aprox","desc_ruta","km","cant_participantes","desc_participante","calle_avenida_km","total","heridos_leves","heridos_graves","heridos_gravisimos","ilesos","fallecidos","sin_datos","posicion_XY","desc_tipo_via","desc_ruta_ori","desc_loc","desc_dpto","desc_tipo_calzada","desc_tipo_banquina","desc_unidad_regional","desc_lugar_calzada","desc_zona","desc_prioridad","desc_estado_semaforo","desc_lugar_via","desc_estado_via","desc_estado_visibilidad","desc_luminosidad","desc_estado_clima","desc_tipo_colision","desc_tipo_atropello","desc_tipo_hecho","desc_pres_calzada","desc_senializacion","desc_separacion_via","desc_restriccion"
2015,9184,16/11/2015,"Lunes",0,03:50:00,,"0.0",2,"Taxi/Remis,Automóvil","Santa Fe Y Pte.Roca",2,1,0,0,1,0,0,,"Calle",,"ROSARIO","Rosario","Asfalto","Pavimento","II","Dentro","Urbana","Semáforo","Funciona","Intersección","Bueno","Buena","Nocturna,Con luz artificial","Buen Tiempo","Frontal","S/D","Colisión","S/D","Vertical","Cordón divisorio","Sin restricción"
2015,9185,08/11/2015,"Domingo",0,17:00:00,,"0.0",2,"Automóvil,Moto/Ciclomotor","España Y Mendoza",2,1,0,0,1,0,0,,"Calle",,"ROSARIO","Rosario","Asfalto","No existe","II","Dentro","Urbana","Semáforo","S/D","Intersección","Bueno","Buena","Diurna","Buen Tiempo","Lateral","S/D","Colisión","S/D","S/D","Cordón divisorio","Sin restricción"
2015,9186,12/11/2015,"Jueves",0,13:00:00,,"0.0",2,"Pickup/Utilitario,Automóvil","9 De Julio Y Bv. Oroño",3,1,0,0,2,0,0,,"Calle",,"ROSARIO","Rosario","Asfalto","S/D","II","Dentro","Urbana","Semáforo","S/D","Intersección","Bueno","S/D","Diurna","Buen Tiempo","Frontal","S/D","Colisión","S/D","S/D","Cordón divisorio","Sin restricción"
2015,9187,17/11/2015,"Martes",0,12:40:00,,"0.0",2,"Automóvil,Bicicleta","San Luis Y Mariano Moreno",2,1,0,0,1,0,0,,"Avenida",,"ROSARIO","Rosario","Asfalto","No existe","II","Dentro","Urbana","Semáforo","S/D","Intersección","Bueno","S/D","Diurna","Buen Tiempo","S/D","S/D","Atropello","S/D","S/D","Cordón divisorio","S/D"
2015,9188,17/11/2015,"Martes",0,,,"0.0",2,"Moto/Ciclomotor,Automóvil","J.J.Paso Y Cullen",2,1,0,0,1,0,0,,"Calle",,"ROSARIO","Rosario","S/D","S/D","II","S/D","Urbana","S/D","S/D","S/D","S/D","S/D","S/D","S/D","S/D","S/D","Colisión","S/D","S/D","S/D","S/D"
2015,9189,26/11/2015,"Jueves",0,23:45:00,,"0.0",2,"Taxi/Remis,Moto/Ciclomotor","Bv. Avellaneda Y Cordoba",3,1,0,0,2,0,0,,"Calle",,"ROSARIO","Rosario","Asfalto","S/D","II","Dentro","Urbana","S/D","S/D","S/D","S/D","S/D","Nocturna","S/D","S/D","S/D","Colisión","S/D","S/D","S/D","S/D"
2015,9190,20/11/2015,"Viernes",0,17:40:00,,"0.0",2,"Moto/Ciclomotor,Pickup/Utilitario","Cordoba Y Av. Francia",2,1,0,0,1,0,0,,"Avenida",,"ROSARIO","Rosario","Asfalto","S/D","II","Dentro","Urbana","S/D","S/D","S/D","S/D","S/D","S/D","S/D","S/D","S/D","Colisión","S/D","S/D","S/D","S/D"
2015,9191,28/11/2015,"Sabado",0,11:10:00,,"0.0",2,"Camión,Moto/Ciclomotor","3 De Febrero Y Bv. Avellaneda",2,1,0,0,1,0,0,,"Avenida",,"ROSARIO","Rosario","Asfalto","S/D","II","Dentro","Urbana","S/D","S/D","S/D","S/D","S/D","Diurna","S/D","S/D","S/D","Colisión","S/D","S/D","S/D","S/D"
2015,9192,17/11/2015,"Martes",0,18:30:00,,"0.0",2,"Automóvil,Bicicleta","9 De Julio Y Santiago",2,1,0,0,1,0,0,,"Calle",,"ROSARIO","Rosario","Asfalto","S/D","II","Dentro","Urbana","S/D","S/D","S/D","S/D","S/D","Atardecer","S/D","S/D","S/D","Atropello","S/D","S/D","S/D","S/D"
2015,9193,18/11/2015,"Miercoles",0,16:00:00,,"0.0",2,"Moto/Ciclomotor,Automóvil","E.Zeballos Y Castellanos",3,1,0,0,2,0,0,,"Calle",,"ROSARIO","Rosario","Asfalto","S/D","II","Dentro","Urbana","S/D","S/D","S/D","S/D","S/D","Diurna","S/D","S/D","S/D","Colisión","S/D","S/D","S/D","S/D"
2015,9194,19/11/2015,"Jueves",0,,,"0.0",2,"Taxi/Remis,Automóvil","Cordoba Y Rioja",2,1,0,0,1,0,0,,"Calle",,"ROSARIO","Rosario","S/D","S/D","II","Dentro","Urbana","S/D","S/D","S/D","S/D","S/D","S/D","S/D","S/D","S/D","Colisión","S/D","S/D","S/D","S/D"
2015,9195,24/11/2015,"Martes",0,06:20:00,,"0.0",2,"Automóvil,Automóvil","San Nicolas Y Av. Pellegrini",2,1,0,0,1,0,0,,"Avenida",,"ROSARIO","Rosario","Asfalto","S/D","II","Dentro","Urbana","S/D","S/D","S/D","S/D","S/D","Amanecer","S/D","S/D","S/D","Colisión","S/D","S/D","S/D","S/D"
2015,9196,11/09/2015,"Viernes",0,21:00:00,,"0.0",2,"Bicicleta,Pickup/Utilitario","Belgrano Manuel Y Cordoba",2,1,0,0,1,0,0,,"Calle",,"SAN CARLOS CENTRO","Las Colonias","S/D","S/D","XI","Dentro","Urbana","S/D","S/D","Recta","S/D","S/D","Nocturna","S/D","S/D","S/D","Atropello","S/D","S/D","S/D","S/D"
2015,9197,07/11/2015,"Sabado",0,20:13:00,,"0.0",2,"Moto/Ciclomotor,Automóvil","Pueyrredon Y San Luis",2,1,0,0,1,0,0,,"Calle",,"ROSARIO","Rosario","Asfalto","S/D","II","Dentro","Urbana","S/D","S/D","S/D","S/D","S/D","Nocturna","S/D","S/D","S/D","Colisión","S/D","S/D","S/D","S/D"
2015,9198,12/09/2015,"Sabado",0,12:00:00,,"0.0",2,"Moto/Ciclomotor,Automóvil","A Reant Y San Martin",3,2,0,0,1,0,0,,"Calle",,"ESPERANZA","Las Colonias","S/D","S/D","XI","Dentro","Urbana","S/D","S/D","Recta","S/D","S/D","Diurna","S/D","S/D","S/D","Colisión","S/D","S/D","S/D","S/D"
2015,9199,19/11/2015,"Jueves",0,19:40:00,,"0.0",2,"Automóvil,Automóvil","Darragueira Y Baigorria",3,2,0,0,1,0,0,,"Calle",,"ROSARIO","Rosario","Asfalto","No existe","II","Dentro","Urbana","Señal Pare","No existe","Intersección","Bueno","Buena","Diurna","Buen Tiempo","Frontal","S/D","Colisión","Ninguna","Vertical","Ninguna","Sin restricción"
2015,9200,22/11/2015,"Domingo",0,05:00:00,,"0.0",2,"Peatón,Moto/Ciclomotor","G.Carrasco Y Av. Puccio",4,1,0,0,3,0,0,,"Calle",,"ROSARIO","Rosario","Asfalto","No existe","II","Dentro","Urbana","Semáforo","Funciona","Rotonda","Bueno","Buena","Amanecer","Buen Tiempo","S/D","S/D","Atropello","Ninguna","Faltante","Ninguna","Sin restricción"
2015,9201,30/06/2015,"Martes",0,,"Ruta Nacional 11","0.0",1,"Otros","Ruta Nacional 11 ",1,0,0,0,0,1,0,"-29.169350, -59.665741","Ruta",11,"RECONQUISTA","General Obligado","S/D","S/D","IX","S/D","S/D","S/D","S/D","S/D","S/D","S/D","S/D","S/D","S/D","S/D","S/D","S/D","S/D","S/D","S/D"
2015,9202,13/11/2015,"Viernes",0,21:00:00,,"0.0",2,"Moto/Ciclomotor,Otros","Bv. Rondeau Y Maciel",2,1,0,0,1,0,0,,"Calle",,"ROSARIO","Rosario","Asfalto","No existe","II","Dentro","Urbana","Ninguna","No existe","Recta","Bueno","Buena","Nocturna,Con luz artificial","Buen Tiempo","Frontal","S/D","Colisión","Ninguna","Faltante","Ninguna","Sin restricción"
2015,9203,14/11/2015,"Sabado",0,00:15:00,,"0.0",2,"Moto/Ciclomotor,Peatón","Costanera 1600",2,1,0,0,0,1,0,"-32.997039, -60.615683","Calle",,"ROSARIO","Rosario","Asfalto","No existe","II","Dentro","Urbana","Semáforo","Funciona","Recta","Bueno","Buena","Nocturna,Con luz artificial","Buen Tiempo","S/D","S/D","Atropello","Ninguna","Vertical","Ninguna","Sin restricción"
2015,9204,15/09/2015,"Martes",0,11:20:00,,"0.0",2,"Peatón,Automóvil","25 de Mayo Y Juan Jose Castelli",2,1,0,0,1,0,0,,"Calle",,"VENADO TUERTO","General López","Hormigón","No existe","VIII","Dentro","Urbana","S/D","S/D","Intersección","S/D","S/D","Diurna","Buen Tiempo","S/D","S/D","Atropello","S/D","S/D","S/D","S/D"
2015,9205,17/11/2015,"Martes",0,16:15:00,,"0.0",2,"Automóvil,Automóvil","Gurruchaga Y J.Colombres",3,1,0,0,2,0,0,,"Calle",,"ROSARIO","Rosario","Asfalto","No existe","II","Dentro","Urbana","Semáforo","Funciona","Intersección","Bueno","Buena","Diurna","Buen Tiempo","Frontal","S/D","Colisión","Ninguna","Vertical","Ninguna","Sin restricción"
2015,9206,24/11/2015,"Martes",0,07:10:00,,"0.0",2,"Automóvil,Moto/Ciclomotor","J.J.Paso Y Barra",2,1,0,0,1,0,0,,"Calle",,"ROSARIO","Rosario","S/D","S/D","II","S/D","Urbana","S/D","S/D","S/D","S/D","S/D","Diurna","S/D","S/D","S/D","S/D","S/D","S/D","S/D","S/D"
2015,9207,03/11/2015,"Martes",0,,,"0.0",2,"Automóvil,Pickup/Utilitario","Av. Sorrento Y Av. Circunvalacion",3,1,0,0,1,0,1,,"Avenida",,"ROSARIO","Rosario","S/D","S/D","II","S/D","Urbana","S/D","S/D","S/D","S/D","S/D","S/D","S/D","S/D","S/D","S/D","S/D","S/D","S/D","S/D"
2015,9208,27/11/2015,"Viernes",0,07:00:00,,"0.0",2,"Automóvil,Taxi/Remis","Av. Francia Y Av. Caseros Bis",2,1,0,0,0,0,1,,"Calle",,"ROSARIO","Rosario","Asfalto","S/D","II","Dentro","Urbana","S/D","S/D","S/D","S/D","S/D","Diurna","S/D","S/D","S/D","S/D","S/D","S/D","S/D","S/D"
2015,9209,02/11/2015,"Lunes",0,16:30:00,,"0.0",2,"Automóvil,Automóvil","Av. Luis Carballo Y Rawson Bis",2,1,0,0,0,0,1,,"Calle",,"ROSARIO","Rosario","Asfalto","S/D","II","Dentro","Urbana","S/D","S/D","Intersección","S/D","S/D","Diurna","S/D","S/D","S/D","Colisión","S/D","S/D","S/D","S/D"
2015,9210,13/11/2015,"Viernes",0,,,"0.0",2,"Moto/Ciclomotor,Automóvil","Pje. Rossini ",3,1,0,0,0,0,2,,"Calle",,"ROSARIO","Rosario","Asfalto","S/D","II","Dentro","Urbana","S/D","S/D","Intersección","S/D","S/D","S/D","S/D","S/D","S/D","Colisión","S/D","S/D","S/D","S/D"
2015,9211,12/11/2015,"Jueves",0,07:40:00,,"0.0",2,"Moto/Ciclomotor,Moto/Ciclomotor","Av. Caseros Bis Y Av. Francia",2,1,0,0,1,0,0,,"Calle",,"ROSARIO","Rosario","Asfalto","S/D","II","Dentro","Urbana","S/D","S/D","Intersección","S/D","S/D","Diurna","S/D","S/D","S/D","Colisión","S/D","S/D","S/D","S/D"
2015,9212,10/11/2015,"Martes",0,13:00:00,,"0.0",2,"Automóvil,Automóvil","Velez Sarsfield Y Echeverria Bis",2,1,0,0,0,0,1,,"Calle",,"ROSARIO","Rosario","Asfalto","S/D","II","Dentro","Urbana","S/D","S/D","Intersección","S/D","S/D","Diurna","S/D","S/D","S/D","Colisión","S/D","S/D","S/D","S/D"
2015,9213,06/11/2015,"Viernes",0,13:20:00,,"0.0",2,"Moto/Ciclomotor,Automóvil","Pje. Rossini Y Iguazu",2,1,0,0,1,0,0,,"Calle",,"ROSARIO","Rosario","Asfalto","S/D","II","Dentro","Urbana","S/D","S/D","Intersección","S/D","S/D","Diurna","S/D","S/D","S/D","Colisión","S/D","S/D","S/D","S/D"
2015,9214,26/11/2015,"Jueves",0,20:40:00,,"0.0",2,"Moto/Ciclomotor,Automóvil","Pje. Franchini Bis Y Gorriti",2,1,0,0,1,0,0,,"Calle",,"ROSARIO","Rosario","Asfalto","S/D","II","Dentro","Urbana","S/D","S/D","Rotonda","S/D","S/D","Nocturna","S/D","S/D","S/D","Colisión","S/D","S/D","S/D","S/D"
2015,9215,23/11/2015,"Lunes",0,22:40:00,,"0.0",2,"Automóvil,Automóvil","Ing.Thedy Bis Y Bv. Argentino",3,2,0,0,0,0,1,,"Calle",,"ROSARIO","Rosario","Asfalto","S/D","II","S/D","Urbana","S/D","S/D","Intersección","S/D","S/D","Nocturna","S/D","S/D","S/D","Colisión","S/D","S/D","S/D","S/D"
2015,9216,12/09/2015,"Sabado",0,19:00:00,,"0.0",2,"Peatón,Moto/Ciclomotor","Bv. Colon Y Juan B. Alberdi",2,0,0,0,0,1,1,"-33.455560, -61.485433","Calle",,"FIRMAT","General López","S/D","S/D","VIII","Dentro","Urbana","S/D","S/D","Recta","S/D","S/D","Atardecer","S/D","S/D","S/D","Atropello","S/D","S/D","S/D","S/D"
2015,9217,14/11/2015,"Sabado",0,00:10:00,,"0.0",2,"Moto/Ciclomotor,Automóvil","J.J.Paso Y Larrea",2,1,0,0,1,0,0,,"Calle",,"ROSARIO","Rosario","S/D","S/D","II","S/D","Urbana","S/D","S/D","S/D","S/D","S/D","Nocturna","S/D","S/D","S/D","S/D","S/D","S/D","S/D","S/D"
2015,9218,04/11/2015,"Miercoles",0,,,"0.0",2,"Bicicleta,Automóvil","Av. Provincias Unidas Y Av. Sorrento",2,0,0,0,0,0,2,,"Avenida",,"ROSARIO","Rosario","S/D","S/D","II","S/D","Urbana","S/D","S/D","S/D","S/D","S/D","S/D","S/D","S/D","S/D","Atropello","S/D","S/D","S/D","S/D"
2015,9219,09/11/2015,"Lunes",0,19:30:00,,"0.0",1,"Automóvil","Trento Y America",2,0,1,0,0,0,1,,"Calle",,"RAFAELA","Castellanos","Asfalto","No existe","V","Dentro","Urbana","Ninguna","No existe","Intersección","Bueno","Buena","Atardecer","Buen Tiempo","Lateral","S/D","Colisión","Ninguna","Faltante","Ninguna","Sin restricción"
2015,9220,07/11/2015,"Sabado",0,10:15:00,,"0.0",2,"Automóvil,Automóvil","Bv. Segui 5000",2,1,0,0,1,0,0,,"S/D",,"ROSARIO","Rosario","Asfalto","No existe","II","Dentro","Urbana","Semáforo","Funciona","Intersección","Bueno","Buena","Diurna","Buen Tiempo","Lateral","S/D","Colisión","Otro","Vertical","Ninguna","Sin restricción"
2015,9221,18/11/2015,"Miercoles",0,12:00:00,,"0.0",2,"Moto/Ciclomotor,Automóvil","M Oliber Y Miguel de Azcuenaga",2,0,1,0,1,0,0,,"Calle",,"RAFAELA","Castellanos","Asfalto","No existe","V","Dentro","Urbana","Ninguna","No existe","Intersección","Bueno","Buena","Diurna","Buen Tiempo","Lateral","S/D","Colisión","Agua","Faltante","Ninguna","Sin restricción"
2015,9222,01/11/2015,"Domingo",0,10:30:00,,"0.0",2,"Moto/Ciclomotor,Moto/Ciclomotor","Guatemala Y Pje. Estudiante Aguilar",2,1,0,0,1,0,0,,"Calle",,"ROSARIO","Rosario","Asfalto","S/D","II","Dentro","S/D","Ninguna","No existe","Recta","Bueno","Buena","Diurna","Buen Tiempo","Lateral","S/D","Colisión","S/D","Faltante","Ninguna","S/D"
2015,9223,10/11/2015,"Martes",0,04:00:00,,"0.0",1,"Moto/Ciclomotor","A Lincoln 100",1,1,0,0,0,0,0,,"Calle",,"RAFAELA","Castellanos","Asfalto","S/D","V","Dentro","Urbana","S/D","S/D","Recta","Bueno","Buena","Nocturna","Buen Tiempo","Contra objeto fijo","S/D","Colisión","S/D","Faltante","Cordón divisorio","Sin restricción"
2015,9224,26/11/2015,"Jueves",0,23:00:00,,"0.0",1,"Moto/Ciclomotor","Bv. Rondeau Y Ricardo Gutierrez",1,1,0,0,0,0,0,,"Avenida",,"ROSARIO","Rosario","Asfalto","S/D","II","Dentro","Urbana","Señal Pare","S/D","Recta","Bueno","Buena","Diurna","Buen Tiempo","Contra objeto fijo","S/D","Colisión","Ninguna","Faltante","S/D","Sin restricción"
2015,9225,03/11/2015,"Martes",0,08:00:00,,"0.0",2,"Moto/Ciclomotor,Automóvil","Rio Negro Y Peru",2,1,0,0,1,0,0,,"Calle",,"ROSARIO","Rosario","Asfalto","S/D","II","Dentro","S/D","S/D","S/D","Recta","S/D","S/D","Diurna","Buen Tiempo","S/D","S/D","Colisión","S/D","Faltante","Ninguna","S/D"
2015,9226,13/11/2015,"Viernes",0,06:30:00,,"0.0",2,"Automóvil,Automóvil","Av. Luis Carballo Y Martinez Estrada",2,1,0,0,1,0,0,,"Avenida",,"ROSARIO","Rosario","Asfalto","S/D","II","Dentro","Urbana","S/D","S/D","Intersección","S/D","Buena","Amanecer","Buen Tiempo","Lateral","S/D","Colisión","S/D","S/D","S/D","S/D"
2015,9227,29/11/2015,"Domingo",0,16:00:00,,"0.0",2,"Moto/Ciclomotor,Automóvil","Derqui Y Campbell",2,1,0,0,1,0,0,,"Calle",,"ROSARIO","Rosario","S/D","S/D","II","Dentro","S/D","S/D","S/D","S/D","S/D","S/D","Diurna","Buen Tiempo","Frontal","S/D","Colisión","S/D","S/D","S/D","S/D"
2015,9228,17/11/2015,"Martes",0,12:30:00,,"0.0",2,"Moto/Ciclomotor,Automóvil","Av. Luis Carballo 300",2,1,0,0,1,0,0,,"Avenida",,"ROSARIO","Rosario","Asfalto","S/D","II","Dentro","Urbana","S/D","S/D","Recta","S/D","Buena","Diurna","Buen Tiempo","De alcance","S/D","Colisión","S/D","S/D","S/D","S/D"
2015,9229,12/11/2015,"Jueves",0,17:00:00,,"0.0",2,"Bicicleta,Automóvil","Av. Provincias Unidas Y Zuviria",2,1,0,0,1,0,0,,"Calle",,"ROSARIO","Rosario","Asfalto","No existe","II","Dentro","Urbana","Ninguna","No existe","Recta","S/D","Buena","Diurna","Buen Tiempo","S/D","S/D","Atropello","S/D","S/D","Ninguna","S/D"
2015,9230,19/11/2015,"Jueves",0,13:50:00,,"0.0",2,"Moto/Ciclomotor,Automóvil","Sarmiento Y Pueyrredon",2,1,0,0,1,0,0,,"Calle",,"RAFAELA","Castellanos","Asfalto","No existe","V","Dentro","Urbana","Ninguna","No existe","Intersección","Bueno","Buena","Diurna","Buen Tiempo","Lateral","S/D","Colisión","Ninguna","S/D","Ninguna","Sin restricción"
2015,9231,11/11/2015,"Miercoles",0,20:00:00,,"0.0",2,"Moto/Ciclomotor,Taxi/Remis","Av. Pellegrini Y Cullen",2,1,0,0,1,0,0,,"Calle",,"ROSARIO","Rosario","Asfalto","S/D","II","Dentro","S/D","S/D","No existe","Recta","S/D","Buena","Nocturna","Buen Tiempo","S/D","S/D","S/D","S/D","S/D","Ninguna","S/D"
2015,9232,11/11/2015,"Miercoles",0,10:55:00,,"0.0",2,"Moto/Ciclomotor,Automóvil","Independencia Y Moreno",2,1,0,0,1,0,0,,"Calle",,"SAN JAVIER","San Javier","Asfalto","No existe","XIV","Dentro","Urbana","Ninguna","No existe","Intersección","Bueno","Buena","Diurna","Buen Tiempo","Lateral","S/D","Colisión","Ninguna","Vertical","Ninguna","Sin restricción"
2015,9233,11/11/2015,"Miercoles",0,12:20:00,,"0.0",2,"Pickup/Utilitario,Moto/Ciclomotor","25 de Mayo Y Nicasio Oroño",2,1,0,0,1,0,0,,"Calle",,"SAN JAVIER","San Javier","Asfalto","No existe","XIV","Dentro","Urbana","Ninguna","No existe","Intersección","Bueno","Buena","Diurna","Buen Tiempo","Lateral","S/D","Colisión","Ninguna","Faltante","Ninguna","Sin restricción"
2015,9234,25/09/2015,"Viernes",0,07:00:00,"Ruta Nacional 9","0.0",2,"Peatón,Camión"," ",2,0,0,0,1,1,0,"-32.857871, -61.178258","Ruta",9,"CORREA","Iriondo","Asfalto","S/D","X","S/D","S/D","S/D","S/D","Puente","S/D","S/D","Diurna","S/D","S/D","S/D","Atropello","S/D","S/D","S/D","S/D"
2015,9235,08/11/2015,"Domingo",0,20:20:00,,"0.0",2,"Automóvil,Moto/Ciclomotor","Av Gral Lopez Y Independencia",2,0,1,0,1,0,0,,"Avenida",,"SAN JAVIER","San Javier","Asfalto","No existe","XIV","Dentro","Urbana","S/D","No existe","Intersección","Bueno","Buena","Nocturna,Con luz artificial","Buen Tiempo","Lateral","S/D","Colisión","Ninguna","Vertical","Ninguna","Sin restricción"
2015,9236,09/11/2015,"Lunes",0,20:00:00,,"0.0",2,"Moto/Ciclomotor,Pickup/Utilitario","A Alvarez Y Guemes",2,1,0,0,1,0,0,,"Calle",,"RAFAELA","Castellanos","Asfalto","No existe","V","Dentro","Urbana","S/D","No existe","Intersección","Con baches","Buena","Atardecer","Buen Tiempo","Lateral","S/D","Colisión","Ninguna","Faltante","S/D","Sin restricción"
2015,9237,11/11/2015,"Miercoles",0,18:00:00,,"0.0",2,"Moto/Ciclomotor,Automóvil","Marcos Paz Y Av. Provincias Unidas",2,1,0,0,1,0,0,,"Calle",,"ROSARIO","Rosario","Asfalto","S/D","II","Dentro","S/D","S/D","No existe","Recta","S/D","Buena","Diurna","Buen Tiempo","S/D","S/D","S/D","S/D","S/D","Ninguna","S/D"
2015,9238,08/11/2015,"Domingo",0,07:00:00,,"0.0",1,"Moto/Ciclomotor","Bv Santa Fe Y Liniers",1,1,0,0,0,0,0,,"Avenida",,"RAFAELA","Castellanos","Asfalto","No existe","V","Dentro","Urbana","Semáforo","Funciona","Intersección","Bueno","Buena","Diurna","Buen Tiempo","Contra objeto fijo","S/D","Colisión","Ninguna","Vertical","Ninguna","Sin restricción"
2015,9239,12/11/2015,"Jueves",0,17:30:00,,"0.0",2,"Moto/Ciclomotor,Moto/Ciclomotor","Bv Santa Fe Y General Paz",2,1,0,0,1,0,0,,"Avenida",,"RAFAELA","Castellanos","Asfalto","No existe","V","Dentro","Urbana","Ninguna","No existe","Intersección","Bueno","Buena","Diurna","Buen Tiempo","Lateral","S/D","Colisión","Ninguna","Faltante","S/D","Sin restricción"
2015,9240,11/11/2015,"Miercoles",0,16:00:00,,"0.0",2,"Automóvil,Moto/Ciclomotor","Bolivia 2450",2,1,0,0,1,0,0,,"Calle",,"ROSARIO","Rosario","Asfalto","S/D","II","Dentro","S/D","S/D","No existe","Recta","S/D","Buena","Diurna","Buen Tiempo","S/D","S/D","S/D","S/D","S/D","Ninguna","S/D"
2015,9241,13/11/2015,"Viernes",0,22:20:00,,"0.0",2,"Moto/Ciclomotor,Moto/Ciclomotor","26 de Enero Y 9 de Julio",2,1,0,0,1,0,0,,"Calle",,"RAFAELA","Castellanos","Asfalto","No existe","V","Dentro","Urbana","Ninguna","No existe","Intersección","Bueno","Buena","Nocturna,Con luz artificial","Buen Tiempo","Lateral","S/D","Colisión","Ninguna","Faltante","Ninguna","Sin restricción"
2015,9242,06/11/2015,"Viernes",0,17:00:00,,"0.0",2,"Moto/Ciclomotor,Automóvil","Cullen Y Cochabamba",2,1,0,0,1,0,0,,"Calle",,"ROSARIO","Rosario","Asfalto","S/D","II","Dentro","S/D","S/D","S/D","Recta","S/D","Buena","Diurna","Buen Tiempo","S/D","S/D","S/D","S/D","S/D","S/D","S/D"
2015,9243,06/11/2015,"Viernes",0,13:00:00,,"0.0",2,"Moto/Ciclomotor,Automóvil","Ituzaingo Y Bolivia",2,1,0,0,1,0,0,,"Calle",,"ROSARIO","Rosario","Asfalto","S/D","II","Dentro","S/D","S/D","No existe","Recta","S/D","Buena","Diurna","Buen Tiempo","Lateral","S/D","Colisión","S/D","S/D","S/D","S/D"
2015,9244,08/11/2015,"Domingo",0,21:00:00,,"0.0",2,"Peatón,Automóvil","Barra Y Viamonte",2,1,0,0,0,0,1,,"S/D",,"ROSARIO","Rosario","Asfalto","No existe","II","Dentro","Urbana","Ninguna","No existe","Intersección","Bueno","Buena","Nocturna","Otro","S/D","S/D","Atropello","Otro","Faltante","Ninguna","Sin restricción"
2015,9245,28/11/2015,"Sabado",0,11:45:00,,"0.0",2,"Automóvil,Moto/Ciclomotor","Carlos Pellegrini Y Lisandro de la Torre",2,1,0,0,1,0,0,,"Calle",,"RAFAELA","Castellanos","Asfalto","No existe","V","Dentro","Urbana","Marca Vial","No existe","Intersección","Bueno","Buena","Diurna","Buen Tiempo","Lateral","S/D","Colisión","Ninguna","Horizontal","S/D","Sin restricción"
2015,9246,12/11/2015,"Jueves",0,19:00:00,,"0.0",2,"Peatón,Automóvil","Larrea Y Garay",2,1,0,0,0,0,1,,"S/D",,"ROSARIO","Rosario","Asfalto","No existe","II","Dentro","Urbana","Ninguna","No existe","Intersección","Otro","Buena","Atardecer","Otro","S/D","S/D","Atropello","Otro","Faltante","Ninguna","Sin restricción"
2015,9247,14/11/2015,"Sabado",0,12:00:00,,"0.0",1,"Moto/Ciclomotor","Bv. Segui Y Barra",1,1,0,0,0,0,0,,"S/D",,"ROSARIO","Rosario","Asfalto","No existe","II","Dentro","Urbana","Ninguna","No existe","Intersección","Bueno","Buena","Diurna","Buen Tiempo","Lateral","S/D","Colisión","Otro","Faltante","Barrera de hormigón","Sin restricción"
2015,9248,29/11/2015,"Domingo",0,22:00:00,,"0.0",2,"Moto/Ciclomotor,Vehículo Oficial","Pje. 1844 Y Pje. 1845",5,0,2,0,1,0,2,,"S/D",,"ROSARIO","Rosario","Asfalto","No existe","II","Dentro","Urbana","Ninguna","No existe","Intersección","Otro","Buena","Nocturna","Otro","Otro","S/D","Colisión","Otro","Faltante","Barrera de hormigón","Sin restricción"
2015,9249,20/11/2015,"Viernes",0,16:00:00,,"0.0",2,"Moto/Ciclomotor,Automóvil","Av San Martin Y Leandro Alem",2,1,0,0,1,0,0,,"S/D",,"PEREZ","Rosario","S/D","S/D","II","Dentro","Urbana","S/D","S/D","S/D","S/D","S/D","Diurna","S/D","S/D","S/D","S/D","S/D","S/D","S/D","S/D"
2015,9250,01/11/2015,"Domingo",1,13:30:00,,"0.0",2,"Moto/Ciclomotor,Automóvil","Virasoro Y Colon",2,1,0,0,1,0,0,,"Calle",,"ROSARIO","Rosario","Asfalto","No existe","II","Dentro","Urbana","Ninguna","No existe","Intersección","Bueno","Buena","Diurna","Buen Tiempo","Lateral","S/D","Colisión","Ninguna","Faltante","Ninguna","Sin restricción"
2015,9251,23/11/2015,"Lunes",0,10:30:00,,"0.0",2,"Pickup/Utilitario,Peatón","Av Int Octavio Zabboli ",2,1,0,0,1,0,0,,"Avenida",,"RAFAELA","Castellanos","Asfalto","Pavimento","V","Dentro","Urbana","Ninguna","Funciona","Intersección","Bueno","Buena","Diurna","Buen Tiempo","S/D","S/D","Atropello","Ninguna","Horizontal","Cordón divisorio","Sin restricción"
2015,9252,20/11/2015,"Viernes",0,15:30:00,,"0.0",2,"Automóvil,Automóvil","Av Belgrano Y Lisandro de la Torre",2,1,0,0,1,0,0,,"S/D",,"PEREZ","Rosario","S/D","No existe","II","Dentro","Urbana","Ninguna","No existe","Intersección","S/D","Buena","Diurna","Otro","Lateral","S/D","Colisión","Otro","Faltante","Línea divisoria pintada","Sin restricción"
2015,9253,14/11/2015,"Sabado",0,10:45:00,,"0.0",2,"Moto/Ciclomotor,Automóvil","Av Belgrano Y Espa±a",2,1,0,0,1,0,0,,"S/D",,"PEREZ","Rosario","S/D","No existe","II","Dentro","Urbana","Ninguna","No existe","Intersección","Otro","Buena","Diurna","Otro","Lateral","S/D","Colisión","Otro","Faltante","Línea divisoria pintada","Sin restricción"
2015,9254,05/11/2015,"Jueves",0,04:15:00,,"0.0",2,"Moto/Ciclomotor,Automóvil","Mariano Moreno Y 25 de Mayo",2,1,0,0,1,0,0,,"Calle",,"RAFAELA","Castellanos","Asfalto","S/D","V","Dentro","Urbana","Ninguna","No existe","Intersección","Resbaladiza","Reducida","Nocturna","Lluvia","Lateral","S/D","Colisión","Agua","Horizontal","Ninguna","Sin restricción"
2015,9255,12/11/2015,"Jueves",0,11:00:00,"Ruta Nacional 33","848.0",2,"Automóvil,Automóvil"," ",3,2,0,0,1,0,0,,"Ruta",33,"PEREZ","Rosario","S/D","No existe","II","S/D","Urbana","Ninguna","No existe","Recta","Otro","Buena","Diurna","Otro","De alcance","S/D","Colisión","Otro","Faltante","Ninguna","Sin restricción"
2015,9256,04/11/2015,"Miercoles",0,13:45:00,,"0.0",2,"Automóvil,Automóvil","Mariano Moreno Y Arenales",2,1,0,0,1,0,0,,"Calle",,"RAFAELA","Castellanos","Asfalto","S/D","V","Dentro","Urbana","Ninguna","No existe","Intersección","Bueno","Buena","Diurna","Lluvia","Lateral","S/D","Colisión","Agua","Horizontal","S/D","Sin restricción"