"anio_acci","nro_acci","fecha","desc_dia","fecha_aprox","hora_aprox","desc_ruta","km","cant_participantes","desc_participante","calle_avenida_km","total","heridos_leves","heridos_graves","heridos_gravisimos","ilesos","fallecidos","sin_datos","posicion_XY","desc_tipo_via","desc_ruta_ori","desc_loc","desc_dpto","desc_tipo_calzada","desc_tipo_banquina","desc_unidad_regional","desc_lugar_calzada","desc_zona","desc_prioridad","desc_estado_semaforo","desc_lugar_via","desc_estado_via","desc_estado_visibilidad","desc_luminosidad","desc_estado_clima","desc_tipo_colision","desc_tipo_atropello","desc_tipo_hecho","desc_pres_calzada","desc_senializacion","desc_separacion_via","desc_restriccion"
2015,9257,11/11/2015,"Miercoles",0,11:30:00,,"0.0",2,"Automóvil,Camión","Italia Y Mendoza",3,1,0,0,2,0,0,,"Calle",,"GENERAL LAGOS","Rosario","Asfalto","No existe","II","Dentro","Urbana","Ninguna","No existe","Intersección","Bueno","Buena","Diurna","Buen Tiempo","Lateral","S/D","Colisión","S/D","Faltante","Ninguna","Sin restricción"
2015,9258,12/11/2015,"Jueves",0,21:20:00,"Ruta Nacional 33","0.0",2,"Moto/Ciclomotor,Automóvil","Ruta Nac 33 Y Laprida",2,1,0,0,1,0,0,,"Ruta",33,"ZAVALLA","Rosario","Asfalto","Pavimento","II","S/D","Urbana","Ninguna","No existe","Intersección","Bueno","Buena","Nocturna","Buen Tiempo","S/D","S/D","Colisión","Ninguna","Faltante","Ninguna","Sin restricción"
2015,9259,29/11/2015,"Domingo",0,21:20:00,,"0.0",2,"Moto/Ciclomotor,Pickup/Utilitario","San Martin Y 17 Bolivia",3,2,0,0,1,0,0,,"Calle",,"SOLDINI","Rosario","Asfalto","Natural","II","S/D","Urbana","Ninguna","No existe","Intersección","Bueno","Buena","Nocturna","Buen Tiempo","Frontal","S/D","Colisión","S/D","Faltante","Ninguna","Sin restricción"
2015,9260,06/11/2015,"Viernes",0,00:40:00,"Ruta Provincial 18","0.0",2,"Automóvil,Camión","Rivadavia ",2,1,0,0,1,0,0,,"Ruta",18,"ALVEAR","Rosario","Asfalto","Natural","II","Dentro","Rural","Señal Pare","Intermitente","Intersección","Bueno","Buena","Nocturna,Con luz artificial","Buen Tiempo","Lateral","S/D","Colisión","Ninguna","Horizontal,Vertical","Línea divisoria pintada","Sin restricción"
2015,9261,11/11/2015,"Miercoles",0,11:30:00,,"0.0",2,"Automóvil,Camión","Italia Y Mendoza",3,1,0,0,2,0,0,,"Calle",,"GENERAL LAGOS","Rosario","Asfalto","No existe","II","Dentro","Urbana","Ninguna","No existe","Intersección","Bueno","Buena","Diurna","Buen Tiempo","De alcance","S/D","Colisión","S/D","Faltante","Ninguna","Sin restricción"
2015,9262,08/11/2015,"Domingo",0,21:30:00,"Ruta Provincial 21","0.0",2,"Automóvil,Pickup/Utilitario"," ",4,4,0,0,0,0,0,,"Ruta",21,"ROSARIO","Rosario","Asfalto","Natural","II","Dentro","Urbana","Ninguna","No existe","Recta","Bueno","Buena","Nocturna","Buen Tiempo","Lateral","S/D","Colisión","Otro","Horizontal","Línea divisoria pintada","Sin restricción"
2015,9263,15/11/2015,"Domingo",0,02:40:00,"Ruta Nacional 9","280.0",2,"Automóvil,Pickup/Utilitario"," ",5,5,0,0,0,0,0,,"Ruta",9,"ROSARIO","Rosario","Asfalto","No existe","II","S/D","Rural","Ninguna","No existe","Puente","Bueno","Buena","Nocturna","Buen Tiempo","Frontal","S/D","Colisión","Otro","Horizontal","Línea divisoria pintada","Sin restricción"
2015,9264,29/09/2015,"Martes",0,15:40:00,"Ruta Nacional 11","887.0",2,"Moto/Ciclomotor,Camión"," ",2,0,0,0,1,1,0,"-28.391315, -59.268479","Ruta",11,"SAN ANTONIO DE OBLIGADO","General Obligado","Hormigón","S/D","IX","Dentro","S/D","S/D","S/D","Cruce","S/D","S/D","Diurna","S/D","Lateral","S/D","Colisión","S/D","S/D","S/D","S/D"
2015,9265,16/11/2015,"Lunes",0,11:00:00,,"0.0",2,"Automóvil,Automóvil","Montevideo Y Pje. Quito",2,1,0,0,1,0,0,,"Calle",,"ROSARIO","Rosario","Asfalto","S/D","II","Dentro","Urbana","Ninguna","S/D","Recta","S/D","S/D","Diurna","S/D","S/D","S/D","Colisión","S/D","S/D","S/D","S/D"
2015,9266,26/09/2015,"Sabado",0,13:30:00,,"0.0",2,"Automóvil,Moto/Ciclomotor","Matheu Y A.Maza",3,1,0,0,1,0,1,,"Calle",,"ROSARIO","Rosario","S/D","S/D","II","Dentro","Urbana","S/D","S/D","Recta","S/D","S/D","Diurna","S/D","De alcance","S/D","Colisión","S/D","S/D","S/D","S/D"
2015,9267,07/11/2015,"Sabado",0,22:00:00,,"0.0",2,"Bicicleta,Moto/Ciclomotor","Laprida Y Urquiza",2,1,0,0,1,0,0,,"Calle",,"CAÑADA ROSQUÍN","San Martín","Asfalto","Natural","XVIII","Dentro","Urbana","Otra Señal","No existe","Intersección","Bueno","Buena","Nocturna,Con luz artificial","Buen Tiempo","S/D","S/D","Atropello","Ninguna","Horizontal","Ninguna","Sin restricción"
2015,9268,17/11/2015,"Martes",0,18:00:00,,"0.0",2,"Pickup/Utilitario,Moto/Ciclomotor"," ",2,1,0,0,1,0,0,,"Camino Rural",,"CAÑADA ROSQUÍN","San Martín","Tierra","Natural","XVIII","S/D","Rural","Ninguna","No existe","Cruce","Bueno","Reducida","Atardecer","Otro","Lateral","S/D","Colisión","Ninguna","Faltante","Ninguna","Sin restricción"
2015,9269,30/09/2015,"Miercoles",0,19:55:00,,"0.0",2,"Peatón,Moto/Ciclomotor","Av. Pte.Peron Y J.M.de Rosas",2,1,0,0,0,0,1,,"Calle",,"ROSARIO","Rosario","S/D","S/D","II","Dentro","Urbana","S/D","S/D","S/D","S/D","S/D","Nocturna","S/D","S/D","S/D","Atropello","S/D","S/D","S/D","S/D"
2015,9270,18/11/2015,"Miercoles",0,19:30:00,,"0.0",2,"Moto/Ciclomotor,Automóvil","Montevideo Y Peru",2,1,0,0,1,0,0,,"Calle",,"ROSARIO","Rosario","Asfalto","S/D","II","Dentro","Urbana","S/D","S/D","Recta","Bueno","Buena","Atardecer","Buen Tiempo","S/D","S/D","Colisión","S/D","S/D","S/D","S/D"
2015,9271,31/07/2015,"Viernes",0,,"Ruta Nacional 11","357.0",2,"Moto/Ciclomotor,Automóvil"," ",2,0,0,0,1,1,0,"-32.5295435,-60.8737129","Ruta",11,"OLIVEROS","Iriondo","S/D","S/D","X","S/D","S/D","S/D","S/D","Recta","S/D","S/D","S/D","S/D","S/D","S/D","Colisión","S/D","S/D","S/D","S/D"
2015,9272,28/11/2015,"Sabado",0,14:30:00,,"0.0",2,"Moto/Ciclomotor,Automóvil","Cerro Catedral 6000",2,1,0,0,1,0,0,,"Calle",,"ROSARIO","Rosario","Asfalto","S/D","II","S/D","Urbana","S/D","S/D","Recta","Bueno","Buena","Diurna","Buen Tiempo","Lateral","S/D","Colisión","S/D","S/D","Ninguna","S/D"
2015,9273,25/09/2015,"Viernes",0,14:00:00,"Ruta Provincial 70","14.0",2,"Bicicleta,Pickup/Utilitario"," ",2,0,0,0,1,1,0,"-31.460765, -60.866880","Ruta",70,"ESPERANZA","Las Colonias","Hormigón","Natural","XI","Dentro","Rural","Ninguna","No existe","Recta","Bueno","Buena","Diurna","Buen Tiempo","S/D","S/D","Atropello","Ninguna","Horizontal","Línea divisoria pintada","Sin restricción"
2015,9274,14/11/2015,"Sabado",0,10:00:00,,"0.0",2,"Moto/Ciclomotor,Automóvil","Peru A Y Av. Eva Peron",2,1,0,0,1,0,0,,"Calle",,"ROSARIO","Rosario","Asfalto","S/D","II","Dentro","Urbana","S/D","S/D","Recta","Bueno","Buena","Diurna","Buen Tiempo","S/D","S/D","Colisión","S/D","S/D","Ninguna","S/D"
2015,9275,14/11/2015,"Sabado",0,22:00:00,,"0.0",2,"Moto/Ciclomotor,Automóvil","Guatemala Y Ituzaingo",2,1,0,0,1,0,0,,"Calle",,"ROSARIO","Rosario","Asfalto","No existe","II","Dentro","Urbana","S/D","S/D","Recta","Bueno","Buena","Nocturna,Con luz artificial","Buen Tiempo","Lateral","S/D","Colisión","S/D","S/D","Ninguna","S/D"
2015,9276,15/11/2015,"Domingo",0,15:00:00,,"0.0",2,"Moto/Ciclomotor,Automóvil","Urquiza Y Av. Provincias Unidas",2,1,0,0,1,0,0,,"Calle",,"ROSARIO","Rosario","Asfalto","S/D","II","Dentro","Urbana","S/D","S/D","Recta","Bueno","Buena","Diurna","Buen Tiempo","S/D","S/D","Colisión","S/D","S/D","Ninguna","Sin restricción"
2015,9277,15/11/2015,"Domingo",0,13:00:00,,"0.0",2,"Peatón,Automóvil","Av. Pellegrini Y Garzon",2,1,0,0,1,0,0,,"Calle",,"ROSARIO","Rosario","Asfalto","S/D","II","Dentro","Urbana","S/D","S/D","Recta","Bueno","Buena","Diurna","Buen Tiempo","S/D","S/D","Atropello","S/D","S/D","Ninguna","S/D"
2015,9278,15/11/2015,"Domingo",0,,,"0.0",2,"Moto/Ciclomotor,Automóvil","Riobamba Y Matienzo",2,1,0,0,1,0,0,,"Calle",,"ROSARIO","Rosario","Asfalto","S/D","II","Dentro","Urbana","S/D","S/D","Recta","Bueno","S/D","S/D","Buen Tiempo","Lateral","S/D","Colisión","S/D","S/D","Ninguna","S/D"
2015,9279,18/11/2015,"Miercoles",0,17:45:00,,"0.0",2,"Bicicleta,Automóvil","Ing Mosconi Y Bomberos Voluntarios",2,1,0,0,1,0,0,,"Calle",,"VILLA GOBERNADOR GÁLVEZ","Rosario","Asfalto","No existe","II","Dentro","Urbana","Ninguna","No existe","Recta","Bueno","Reducida","Diurna","Lluvia","S/D","S/D","Atropello","Agua","Faltante","Ninguna","Sin restricción"
2015,9280,05/07/2015,"Domingo",0,,,"0.0",1,"Otros"," ",1,0,0,0,0,1,0,"-33.792328, -61.211652","S/D",,"WHEELWRIGHT","General López","S/D","S/D","VIII","S/D","S/D","S/D","S/D","S/D","S/D","S/D","S/D","S/D","S/D","S/D","S/D","S/D","S/D","S/D","S/D"
2015,9281,09/09/2015,"Miercoles",0,13:15:00,"Autopista Nacional Gral. Juan Jose Valle","0.0",1,"Camión","CERCA DELA ESTACION DE SERVICIO LAS GEMELAS ",2,1,0,0,1,0,0,,"Autopista","Gral. Juan Jose Valle","FIGHIERA","Rosario","Hormigón","Natural","II","Fuera","Rural","S/D","S/D","S/D","S/D","S/D","Diurna","S/D","S/D","S/D","Vuelco","S/D","S/D","S/D","S/D"
2015,9282,30/07/2015,"Jueves",0,,,"0.0",1,"Otros"," ",1,0,0,0,0,1,0,"-33.746326, -61.970330","S/D",,"VENADO TUERTO","General López","S/D","S/D","VIII","S/D","S/D","S/D","S/D","S/D","S/D","S/D","S/D","S/D","S/D","S/D","S/D","S/D","S/D","S/D","S/D"
2015,9283,16/09/2015,"Miercoles",0,,"Autopista Nacional Gral. Juan Jose Valle","258.0",2,"Camión,Camión"," ",2,1,0,0,1,0,0,,"Autopista","Gral. Juan Jose Valle","FIGHIERA","Rosario","Hormigón","Natural","II","Dentro","Rural","S/D","S/D","Recta","S/D","S/D","Nocturna","S/D","De alcance","S/D","Colisión","S/D","S/D","S/D","S/D"
2015,9284,17/11/2015,"Martes",0,17:30:00,,"0.0",2,"Moto/Ciclomotor,Automóvil","Av. Corrientes Y Ameghino",3,2,0,0,1,0,0,,"Calle",,"ROSARIO","Rosario","S/D","S/D","II","S/D","Urbana","S/D","S/D","S/D","S/D","S/D","Diurna","S/D","S/D","S/D","Colisión","S/D","S/D","S/D","S/D"
2015,9285,31/07/2015,"Viernes",0,,,"0.0",1,"Otros"," ",1,0,0,0,0,1,0,"-32.861838, -60.704079","S/D",,"GRANADERO BAIGORRIA","Rosario","S/D","S/D","II","S/D","S/D","S/D","S/D","S/D","S/D","S/D","S/D","S/D","S/D","S/D","S/D","S/D","S/D","S/D","S/D"
2015,9286,22/11/2015,"Domingo",0,17:00:00,,"0.0",2,"Automóvil,Moto/Ciclomotor","Bv. Segui Y Sarmiento",4,3,0,0,1,0,0,,"Calle",,"ROSARIO","Rosario","S/D","No existe","II","Dentro","Urbana","Ninguna","No existe","Intersección","Bueno","Buena","Diurna","Buen Tiempo","Otro","S/D","Colisión","Ninguna","S/D","Ninguna","Sin restricción"
2015,9287,05/09/2015,"Sabado",0,12:40:00,"Ruta Nacional A007","0.0",1,"Automóvil","ALTURA BOMBA 1 ",1,1,0,0,0,0,0,,"Ruta","A007","SANTA FE","La Capital","Hormigón","Natural","I","Dentro","Rural","S/D","S/D","S/D","S/D","S/D","Diurna","S/D","S/D","S/D","Vuelco","S/D","S/D","S/D","S/D"
2015,9288,17/11/2015,"Martes",0,,,"0.0",2,"Pickup/Utilitario,Moto/Ciclomotor","Bv. Oroño 3300",2,1,0,0,1,0,0,,"Avenida",,"ROSARIO","Rosario","Asfalto","No existe","II","S/D","Urbana","Ninguna","S/D","Recta","Bueno","Buena","Nocturna,Con luz artificial","Buen Tiempo","Otro","S/D","Colisión","Ninguna","S/D","Ninguna","Sin restricción"
2015,9289,21/11/2015,"Sabado",0,21:00:00,,"0.0",2,"Moto/Ciclomotor,Automóvil","Mitre Y Uruguay",2,1,0,0,1,0,0,,"Calle",,"ROSARIO","Rosario","Asfalto","No existe","II","S/D","Urbana","Ninguna","No existe","Intersección","Bueno","Buena","Diurna","Buen Tiempo","Otro","S/D","Colisión","Ninguna","S/D","Ninguna","Sin restricción"
2015,9290,25/11/2015,"Miercoles",0,18:45:00,,"0.0",2,"Automóvil,Moto/Ciclomotor","Ameghino Y Mitre",2,1,0,0,1,0,0,,"Calle",,"ROSARIO","Rosario","Asfalto","No existe","II","Dentro","Urbana","Ninguna","S/D","Recta","Bueno","Buena","Diurna","Otro","S/D","S/D","Colisión","Ninguna","S/D","Ninguna","Sin restricción"
2015,9291,25/11/2015,"Miercoles",0,10:20:00,,"0.0",2,"Moto/Ciclomotor,Automóvil","Uruguay Y Italia",2,1,0,0,1,0,0,,"Calle",,"ROSARIO","Rosario","Asfalto","No existe","II","S/D","Urbana","Ninguna","S/D","Intersección","Bueno","Buena","Nocturna,Con luz artificial","Buen Tiempo","Otro","S/D","Colisión","Ninguna","S/D","Ninguna","Sin restricción"
2015,9292,13/07/2015,"Lunes",0,,,"0.0",1,"Otros"," ",1,0,0,0,0,1,0,"-32.943713, -60.653431","S/D",,"ROSARIO","Rosario","S/D","S/D","II","S/D","S/D","S/D","S/D","S/D","S/D","S/D","S/D","S/D","S/D","S/D","S/D","S/D","S/D","S/D","S/D"
2015,9293,20/11/2015,"Viernes",0,08:30:00,,"0.0",2,"Peatón,Moto/Ciclomotor","San Martin 4800",2,1,0,0,1,0,0,,"Avenida",,"ROSARIO","Rosario","S/D","S/D","II","S/D","Urbana","S/D","S/D","S/D","S/D","S/D","Diurna","S/D","S/D","S/D","Atropello","S/D","S/D","S/D","S/D"
2015,9294,28/11/2015,"Sabado",0,18:00:00,,"0.0",2,"Automóvil,Moto/Ciclomotor","Belgrano Y Guillermo Ricci",5,2,0,0,3,0,0,,"Calle",,"GENERAL LAGOS","Rosario","Asfalto","No existe","II","Dentro","Urbana","Ninguna","No existe","Intersección","Bueno","Buena","Atardecer","Buen Tiempo","De alcance","S/D","Colisión","S/D","Faltante","Ninguna","Sin restricción"
2015,9295,18/11/2015,"Miercoles",0,19:30:00,,"0.0",2,"Moto/Ciclomotor,Automóvil","Sarmiento Y Gaboto",2,1,0,0,1,0,0,,"Calle",,"ROSARIO","Rosario","Asfalto","No existe","II","S/D","Urbana","Ninguna","S/D","Intersección","Bueno","Buena","Diurna","Buen Tiempo","S/D","S/D","Colisión","Ninguna","S/D","Ninguna","Sin restricción"
2015,9296,14/11/2015,"Sabado",0,17:30:00,,"0.0",2,"Automóvil,Moto/Ciclomotor","Av. Corrientes Y Pje. Mozart",2,1,0,0,1,0,0,,"Calle",,"ROSARIO","Rosario","Asfalto","No existe","II","Dentro","Urbana","Ninguna","S/D","Intersección","Bueno","Buena","Diurna","Buen Tiempo","S/D","S/D","Colisión","Ninguna","S/D","Ninguna","Sin restricción"
2015,9297,25/11/2015,"Miercoles",0,11:20:00,,"0.0",2,"Automóvil,Moto/Ciclomotor","Av. Corrientes Y 24 De Setiembre",2,1,0,0,1,0,0,,"Avenida",,"ROSARIO","Rosario","Asfalto","No existe","II","S/D","Urbana","Ninguna","S/D","Intersección","Bueno","Buena","Diurna","Buen Tiempo","S/D","S/D","Colisión","Ninguna","S/D","Ninguna","Sin restricción"
2015,9298,24/11/2015,"Martes",0,14:30:00,,"0.0",2,"Camión,Moto/Ciclomotor","Bv. Segui Y Rodriguez",2,1,0,0,1,0,0,,"Calle",,"ROSARIO","Rosario","Asfalto","No existe","II","Dentro","Urbana","Ninguna","S/D","Intersección","S/D","Buena","Diurna","Buen Tiempo","S/D","S/D","Colisión","S/D","S/D","Ninguna","Sin restricción"
2015,9299,07/11/2015,"Sabado",0,05:55:00,,"0.0",2,"Moto/Ciclomotor,Moto/Ciclomotor","Garay Y San Martin",2,2,0,0,0,0,0,,"Calle",,"ROSARIO","Rosario","Asfalto","No existe","II","Dentro","Urbana","Ninguna","No existe","Intersección","Bueno","Buena","Nocturna","Buen Tiempo","Otro","S/D","Colisión","Ninguna","S/D","Ninguna","Sin restricción"
2015,9300,16/11/2015,"Lunes",0,06:55:00,"Ruta Nacional 168","473.0",1,"Moto/Ciclomotor"," ",1,1,0,0,0,0,0,,"Ruta",168,"SANTA FE","La Capital","Asfalto","Natural","I","Dentro","Urbana","S/D","No existe","Intersección","Bueno","Buena","Amanecer","Buen Tiempo","S/D","S/D","Caída ocupante","Material Suelto","Faltante","S/D","Sin restricción"
2015,9301,10/11/2015,"Martes",0,20:10:00,,"0.0",2,"Automóvil,Moto/Ciclomotor","Av. Uriburu Y Av. Corrientes",3,2,0,0,1,0,0,,"Avenida",,"ROSARIO","Rosario","Asfalto","No existe","II","Dentro","Urbana","Ninguna","Funciona","Intersección","Bueno","Buena","Nocturna","Buen Tiempo","Otro","S/D","Colisión","Ninguna","S/D","Cordón divisorio","Sin restricción"
2015,9302,22/11/2015,"Domingo",0,23:50:00,,"0.0",2,"Peatón,Moto/Ciclomotor","Lamadrid Y Paraguay",2,1,0,0,1,0,0,,"Calle",,"ROSARIO","Rosario","Hormigón","No existe","II","Dentro","Urbana","Ninguna","No existe","Recta","Bueno","Buena","Diurna","Buen Tiempo","S/D","S/D","Atropello","Ninguna","S/D","Ninguna","Sin restricción"
2015,9303,26/09/2015,"Sabado",0,02:00:00,,"0.0",3,"Automóvil,Peatón,Tren","Av Gral Paz Y Hernandarias",3,1,0,0,2,0,0,"-31.61075,-60.678666666667","Avenida",,"SANTA FE","La Capital","Asfalto","No existe","I","Dentro","Urbana","Policía de tránsito","No existe","Paso a Nivel FFCC","S/D","S/D","Nocturna","S/D","Lateral","S/D","Colisión,Atropello","S/D","S/D","S/D","S/D"
2015,9304,02/11/2015,"Lunes",0,16:30:00,,"0.0",2,"Moto/Ciclomotor,Taxi/Remis","Bv. Oroño Y Saavedra",3,2,0,0,1,0,0,,"Avenida",,"ROSARIO","Rosario","Asfalto","No existe","II","Dentro","Urbana","Ninguna","S/D","Intersección","Bueno","Buena","Diurna","Buen Tiempo","Lateral","S/D","Colisión,Atropello","Ninguna","S/D","Ninguna","Sin restricción"
2015,9305,17/11/2015,"Martes",0,,,"0.0",2,"Automóvil,Moto/Ciclomotor"," ",2,1,0,0,1,0,0,,"Calle",,"ROSARIO","Rosario","S/D","S/D","II","Dentro","Urbana","S/D","S/D","S/D","S/D","S/D","S/D","S/D","S/D","S/D","S/D","S/D","S/D","S/D","S/D"
2015,9306,17/11/2015,"Martes",0,08:30:00,,"0.0",2,"Moto/Ciclomotor,Automóvil","Bv. Oroño 3300",2,1,0,0,1,0,0,,"Avenida",,"ROSARIO","Rosario","Asfalto","No existe","II","Dentro","Urbana","Semáforo","Funciona","Recta","Bueno","Buena","Diurna","Buen Tiempo","De alcance","S/D","Colisión","Ninguna","S/D","S/D","S/D"
2015,9307,11/11/2015,"Miercoles",0,,,"0.0",2,"Peatón,Moto/Ciclomotor","Dr.Rivas Y San Martin",2,1,0,0,1,0,0,,"Calle",,"ROSARIO","Rosario","Asfalto","No existe","II","Dentro","Urbana","Ninguna","S/D","Recta","Bueno","Buena","Atardecer","Buen Tiempo","S/D","S/D","Atropello","Ninguna","S/D","Ninguna","Sin restricción"
2015,9308,24/11/2015,"Martes",0,08:50:00,,"0.0",3,"Peatón,Automóvil,Automóvil","Dr.Rivas Y Rodriguez",3,3,0,0,0,0,0,,"Calle",,"ROSARIO","Rosario","S/D","No existe","II","Dentro","Urbana","S/D","No existe","Intersección","S/D","Buena","Diurna","Buen Tiempo","Lateral","S/D","Colisión,Atropello","S/D","S/D","S/D","S/D"
2015,9309,08/11/2015,"Domingo",0,21:30:00,,"0.0",1,"Moto/Ciclomotor","Paraguay Y Reg.11 de Infanteria",1,1,0,0,0,0,0,,"Calle",,"ROSARIO","Rosario","Asfalto","No existe","II","S/D","Urbana","Semáforo","No existe","Intersección","Bueno","S/D","Nocturna","Buen Tiempo","Frontal","S/D","Colisión","Ninguna","S/D","Ninguna","Sin restricción"
2015,9310,26/09/2015,"Sabado",0,23:35:00,"Ruta Nacional 11","343.4",2,"Automóvil,Automóvil"," ",2,1,0,0,1,0,0,,"Ruta",11,"ANDINO","Iriondo","Hormigón","Natural","XI","Dentro","Rural","S/D","S/D","S/D","S/D","S/D","Nocturna","S/D","S/D","S/D","Colisión","S/D","S/D","S/D","S/D"
2015,9311,01/11/2015,"Domingo",1,17:30:00,,"0.0",2,"Automóvil,Taxi/Remis","Gaboto Y Dorrego",2,1,0,0,1,0,0,,"Calle",,"ROSARIO","Rosario","Asfalto","No existe","II","Dentro","Urbana","Ninguna","S/D","Intersección","Bueno","Buena","Diurna","Buen Tiempo","Lateral","S/D","Colisión","Ninguna","S/D","Ninguna","Sin restricción"
2015,9312,04/11/2015,"Miercoles",0,,,"0.0",2,"Camión,Moto/Ciclomotor","Pje. Colegiales Y Pueyrredon",2,1,0,0,1,0,0,,"Calle",,"ROSARIO","Rosario","Asfalto","No existe","II","S/D","Urbana","Ninguna","No existe","Intersección","Bueno","Buena","Diurna","Buen Tiempo","De alcance","S/D","Colisión","Ninguna","S/D","Ninguna","Sin restricción"
2015,9313,20/11/2015,"Viernes",0,10:20:00,,"0.0",2,"Moto/Ciclomotor,Camión","Rodriguez Y Saavedra",2,1,0,0,1,0,0,,"Calle",,"ROSARIO","Rosario","Asfalto","S/D","II","Dentro","Urbana","Ninguna","S/D","Intersección","Bueno","Buena","Diurna","Buen Tiempo","Lateral","S/D","Colisión","Ninguna","S/D","Ninguna","Sin restricción"
2015,9314,02/11/2015,"Lunes",0,17:20:00,,"0.0",2,"Automóvil,Moto/Ciclomotor","Bv. Oroño Y Av. Jorge Cura",2,1,0,0,1,0,0,,"Avenida",,"ROSARIO","Rosario","Asfalto","No existe","II","S/D","S/D","Semáforo","Funciona","Intersección","Bueno","Buena","Diurna","Buen Tiempo","Frontal","S/D","Colisión","Ninguna","S/D","Ninguna","Sin restricción"
2015,9315,23/11/2015,"Lunes",0,21:40:00,,"0.0",2,"Automóvil,Automóvil","Bv. Segui Y Italia",2,1,0,0,1,0,0,,"Avenida",,"ROSARIO","Rosario","Asfalto","No existe","II","Dentro","Urbana","Ninguna","No existe","Intersección","Bueno","Buena","Diurna","Buen Tiempo","Lateral","S/D","Colisión","Ninguna","S/D","Ninguna","Sin restricción"
2015,9316,27/09/2015,"Domingo",0,03:20:00,"Ruta Secundaria 40-s","59.0",2,"Moto/Ciclomotor,Pickup/Utilitario"," ",2,0,1,0,1,0,0,,"Ruta","40-s","CASAS","San Martín","S/D","S/D","XVIII","Dentro","S/D","S/D","S/D","S/D","S/D","S/D","Nocturna","S/D","S/D","S/D","Colisión","S/D","S/D","S/D","S/D"
2015,9317,22/11/2015,"Domingo",0,23:00:00,,"0.0",2,"Moto/Ciclomotor,Automóvil","San Martin Y Centeno",3,2,0,0,1,0,0,,"Avenida",,"ROSARIO","Rosario","Asfalto","No existe","II","Dentro","Urbana","Ninguna","No existe","Intersección","Bueno","Buena","Diurna","Otro","Lateral","S/D","Colisión","Ninguna","S/D","Ninguna","Sin restricción"
2015,9318,04/11/2015,"Miercoles",0,12:50:00,,"0.0",2,"Moto/Ciclomotor,Pickup/Utilitario","Maipu Y Gaboto",2,1,0,0,1,0,0,,"Calle",,"ROSARIO","Rosario","Asfalto","No existe","II","Dentro","Urbana","Ninguna","No existe","Intersección","Bueno","Buena","Diurna","Buen Tiempo","Lateral","S/D","Colisión","Ninguna","Faltante","Ninguna","Sin restricción"
2015,9319,28/11/2015,"Sabado",0,18:00:00,,"0.0",2,"Automóvil,Moto/Ciclomotor","Belgrano Y Guillermo Ricci",5,2,0,0,3,0,0,,"Calle",,"GENERAL LAGOS","Rosario","Asfalto","No existe","II","Dentro","Urbana","Ninguna","No existe","Intersección","Bueno","Buena","Atardecer","Buen Tiempo","Lateral","S/D","Colisión","S/D","Faltante","Ninguna","Sin restricción"
2015,9320,22/11/2015,"Domingo",0,21:20:00,,"0.0",2,"Taxi/Remis,Moto/Ciclomotor","Sarmiento Y Uruguay",3,0,2,0,1,0,0,,"Calle",,"ROSARIO","Rosario","Asfalto","No existe","II","Dentro","Urbana","Ninguna","No existe","Intersección","Bueno","Buena","Diurna","Buen Tiempo","Lateral","S/D","Colisión","Ninguna","S/D","Ninguna","Sin restricción"
2015,9321,06/11/2015,"Viernes",0,12:00:00,,"0.0",2,"Peatón,Automóvil","Grandoli Y Pte.Quintana",2,1,0,0,1,0,0,,"Calle",,"ROSARIO","Rosario","Asfalto","No existe","II","Dentro","Urbana","Ninguna","No existe","Intersección","Bueno","Buena","Diurna","Buen Tiempo","Lateral","S/D","Colisión","Ninguna","Faltante","Ninguna","Sin restricción"
2015,9322,16/11/2015,"Lunes",0,01:30:00,,"0.0",1,"Bicicleta","Garay Y San Martin",1,1,0,0,0,0,0,,"Avenida",,"ROSARIO","Rosario","Asfalto","S/D","II","Dentro","Urbana","S/D","Funciona","Intersección","Bueno","Buena","Nocturna","Buen Tiempo","Contra objeto fijo","S/D","Colisión","S/D","Vertical","S/D","S/D"
2015,9323,08/11/2015,"Domingo",0,12:25:00,,"0.0",2,"Moto/Ciclomotor,Automóvil","Av Juan Domingo Peron Y Bv San diego",2,1,0,0,1,0,0,,"Calle",,"VILLA GOBERNADOR GÁLVEZ","Rosario","Asfalto","No existe","II","Dentro","Urbana","Semáforo","Funciona","Recta","Bueno","Buena","Diurna","Buen Tiempo","Lateral","S/D","Colisión","Ninguna","Faltante","Ninguna","Sin restricción"
2015,9324,03/11/2015,"Martes",0,14:15:00,,"0.0",2,"Automóvil,Peatón","Richieri Y Pje 5",2,1,0,0,1,0,0,,"Calle",,"VILLA GOBERNADOR GÁLVEZ","Rosario","Asfalto","No existe","II","S/D","Urbana","Ninguna","No existe","Intersección","Deteriorada","Buena","Diurna","Buen Tiempo","Lateral","S/D","Atropello","Material Suelto","Faltante","Ninguna","Sin restricción"
2015,9325,10/11/2015,"Martes",0,12:00:00,,"0.0",2,"Automóvil,Peatón","España Y Bv. Segui",2,1,0,0,1,0,0,,"Avenida",,"ROSARIO","Rosario","Asfalto","No existe","II","Dentro","Urbana","Ninguna","No existe","Intersección","Bueno","Buena","Diurna","Buen Tiempo","S/D","S/D","Atropello","Ninguna","S/D","Ninguna","Sin restricción"
2015,9326,16/11/2015,"Lunes",0,17:30:00,,"0.0",2,"Automóvil,Bicicleta","Bv. Segui Y Mariano Moreno",2,1,0,0,1,0,0,,"Avenida",,"ROSARIO","Rosario","Asfalto","S/D","II","Dentro","Urbana","Ninguna","No existe","Intersección","Bueno","Buena","Diurna","Buen Tiempo","S/D","S/D","Atropello","Ninguna","Faltante","Ninguna","Sin restricción"
2015,9327,03/11/2015,"Martes",0,08:30:00,,"0.0",2,"Moto/Ciclomotor,Automóvil","Pueyrredon Y Pje. 1822",2,1,0,0,1,0,0,,"Calle",,"ROSARIO","Rosario","Asfalto","No existe","II","Dentro","Urbana","Ninguna","No existe","Intersección","Bueno","Buena","Diurna","Buen Tiempo","Lateral","S/D","Colisión","Ninguna","S/D","Ninguna","Sin restricción"