"anio_acci","nro_acci","fecha","desc_dia","fecha_aprox","hora_aprox","desc_ruta","km","cant_participantes","desc_participante","calle_avenida_km","total","heridos_leves","heridos_graves","heridos_gravisimos","ilesos","fallecidos","sin_datos","posicion_XY","desc_tipo_via","desc_ruta_ori","desc_loc","desc_dpto","desc_tipo_calzada","desc_tipo_banquina","desc_unidad_regional","desc_lugar_calzada","desc_zona","desc_prioridad","desc_estado_semaforo","desc_lugar_via","desc_estado_via","desc_estado_visibilidad","desc_luminosidad","desc_estado_clima","desc_tipo_colision","desc_tipo_atropello","desc_tipo_hecho","desc_pres_calzada","desc_senializacion","desc_separacion_via","desc_restriccion"
2015,9328,01/11/2015,"Domingo",1,11:40:00,,"0.0",2,"Automóvil,Automóvil","Garay Y San Martin",2,1,0,0,1,0,0,,"Avenida",,"ROSARIO","Rosario","Asfalto","No existe","II","Dentro","Urbana","Ninguna","Funciona","Intersección","Bueno","Buena","Diurna","Buen Tiempo","De alcance","S/D","Colisión","Ninguna","Vertical","Ninguna","S/D"
2015,9329,13/11/2015,"Viernes",0,19:30:00,,"0.0",2,"Automóvil,Moto/Ciclomotor","Soldado Aguirre Y Liniers",2,1,0,0,1,0,0,,"S/D",,"VILLA GOBERNADOR GÁLVEZ","Rosario","Asfalto,Tierra","S/D","II","S/D","Urbana","Ninguna","S/D","Intersección","Con baches","S/D","Atardecer","Buen Tiempo","Lateral","S/D","Colisión","Material Suelto","Faltante","Ninguna","Sin restricción"
2015,9330,10/11/2015,"Martes",0,21:40:00,,"0.0",2,"Moto/Ciclomotor,Automóvil","Dr.Rivas Y Entre Rios",2,1,0,0,1,0,0,,"Calle",,"ROSARIO","Rosario","Asfalto","No existe","II","Dentro","Urbana","Ninguna","S/D","Intersección","Bueno","Buena","Diurna","Buen Tiempo","Lateral","S/D","Colisión","Ninguna","S/D","Ninguna","S/D"
2015,9331,03/11/2015,"Martes",0,03:00:00,,"0.0",2,"Automóvil,Peatón","Av la Plata Y Liniers",2,1,0,0,1,0,0,,"Calle",,"VILLA GOBERNADOR GÁLVEZ","Rosario","S/D","No existe","II","Fuera","Urbana","Ninguna","Intermitente","Otro","Con baches","Buena","Nocturna","Buen Tiempo","S/D","S/D","Atropello","Otro","Faltante","Ninguna","Sin restricción"
2015,9332,08/11/2015,"Domingo",0,15:30:00,,"0.0",2,"Automóvil,Moto/Ciclomotor","Sarmiento Y Uruguay",2,1,0,0,1,0,0,,"Calle",,"ROSARIO","Rosario","Asfalto","No existe","II","Dentro","Urbana","Ninguna","No existe","Intersección","Bueno","Buena","Diurna","Buen Tiempo","Lateral","S/D","Colisión","Ninguna","Faltante","Ninguna","S/D"
2015,9333,01/11/2015,"Domingo",0,22:30:00,,"0.0",2,"Moto/Ciclomotor,Automóvil","L.N.Alem Y Garibaldi",3,2,0,0,1,0,0,,"S/D",,"ROSARIO","Rosario","Asfalto","No existe","II","Dentro","Urbana","Ninguna","S/D","Intersección","Bueno","S/D","Nocturna","S/D","Lateral","S/D","Colisión","S/D","S/D","Ninguna","Sin restricción"
2015,9334,05/11/2015,"Jueves",0,18:10:00,,"0.0",2,"Moto/Ciclomotor,Automóvil"," ",3,1,0,0,2,0,0,,"Calle",,"ROSARIO","Rosario","Asfalto","No existe","II","S/D","Urbana","S/D","No existe","Intersección","S/D","Buena","Atardecer","S/D","S/D","S/D","S/D","S/D","S/D","Ninguna","S/D"
2015,9335,06/11/2015,"Viernes",0,01:15:00,,"0.0",2,"Moto/Ciclomotor,Automóvil","Laprida Y Av. Uriburu",2,0,1,0,1,0,0,,"Calle",,"ROSARIO","Rosario","Asfalto","No existe","II","S/D","Urbana","Señal Pare","No existe","Intersección","Bueno","Buena","Nocturna","S/D","Lateral","S/D","Colisión","S/D","S/D","Cordón divisorio","Sin restricción"
2015,9336,13/11/2015,"Viernes",0,09:55:00,,"0.0",2,"Moto/Ciclomotor,Automóvil","Av. Uriburu Y Laprida",2,1,0,0,1,0,0,,"Calle",,"ROSARIO","Rosario","Asfalto","No existe","II","S/D","Urbana","Señal Pare","No existe","Intersección","S/D","Buena","Diurna","S/D","Lateral","S/D","Colisión","S/D","S/D","Cordón divisorio","Sin restricción"
2015,9337,06/11/2015,"Viernes",0,09:20:00,,"0.0",2,"Moto/Ciclomotor,Moto/Ciclomotor","ADOLFO MEDINA Y SIN OGDI",3,3,0,0,0,0,0,,"Calle",,"GATO COLORADO","9 de Julio","Ripio","No existe","XII","Dentro","Urbana","S/D","No existe","Intersección","Bueno","Buena","Diurna","Buen Tiempo","Lateral","S/D","Colisión","Ninguna","Faltante","S/D","Sin restricción"
2015,9338,15/11/2015,"Domingo",0,16:10:00,,"0.0",2,"Moto/Ciclomotor,Moto/Ciclomotor","La Ceramica Y Salva",3,0,1,0,2,0,0,,"Calle",,"ROSARIO","Rosario","Asfalto","No existe","II","S/D","Urbana","Ninguna","No existe","Intersección","S/D","S/D","Diurna","Otro","Lateral","S/D","Colisión","S/D","S/D","S/D","Sin restricción"
2015,9339,28/11/2015,"Sabado",0,22:45:00,,"0.0",2,"Moto/Ciclomotor,Automóvil"," ",5,1,0,0,4,0,0,,"Calle",,"SANTO TOMÉ","La Capital","Asfalto","No existe","I","Dentro","Urbana","Ninguna","No existe","Intersección","Con baches","Buena","Nocturna,Con luz artificial","Buen Tiempo","Otro","S/D","Colisión","Ninguna","Faltante","Ninguna","Sin restricción"
2015,9340,06/11/2015,"Viernes",0,10:00:00,,"0.0",2,"Moto/Ciclomotor,Moto/Ciclomotor","Avenida Rivadavia Y Avenida San Martin",2,1,0,0,1,0,0,,"Avenida",,"TOSTADO","9 de Julio","Asfalto","S/D","XII","Dentro","Urbana","S/D","Funciona","Intersección","Con baches","Buena","Diurna","Buen Tiempo","Lateral","S/D","Colisión","Agua","S/D","S/D","S/D"
2015,9341,25/11/2015,"Miercoles",0,10:30:00,,"0.0",2,"Moto/Ciclomotor,Automóvil","Juan Bautista Alberdi Y Simon de Iriondo",3,2,0,0,1,0,0,,"Calle",,"SANTO TOMÉ","La Capital","Asfalto","Pavimento","I","S/D","Urbana","S/D","No existe","Recta","Bueno","Buena","Diurna","S/D","S/D","S/D","S/D","S/D","S/D","S/D","S/D"
2015,9342,18/11/2015,"Miercoles",0,20:10:00,,"0.0",2,"Moto/Ciclomotor,Automóvil","Pres Domingo Faustino Sarmient Y General Manuel Belgrano",3,2,0,0,1,0,0,,"Calle",,"SANTO TOMÉ","La Capital","Asfalto","No existe","I","Dentro","Urbana","S/D","No existe","Intersección","Bueno","Buena","Nocturna,Con luz artificial","Buen Tiempo","Lateral","S/D","Colisión","Ninguna","S/D","S/D","S/D"
2015,9343,28/11/2015,"Sabado",0,09:55:00,,"0.0",2,"Moto/Ciclomotor,Pickup/Utilitario","Sebastian Gaboto Y Hipolito Irigoyen",2,0,1,0,1,0,0,,"Calle",,"SANTO TOMÉ","La Capital","Asfalto","No existe","I","Dentro","Urbana","S/D","No existe","Intersección","Bueno","Buena","Diurna","Buen Tiempo","Lateral","S/D","Colisión","Ninguna","S/D","S/D","S/D"
2015,9344,16/11/2015,"Lunes",0,21:10:00,,"0.0",2,"Automóvil,Moto/Ciclomotor"," ",3,1,0,0,2,0,0,,"Avenida",,"SANTO TOMÉ","La Capital","Asfalto","Pavimento","I","S/D","Urbana","S/D","Funciona","Intersección","Bueno","Buena","Nocturna","S/D","S/D","S/D","S/D","S/D","S/D","S/D","S/D"
2015,9345,26/11/2015,"Jueves",0,09:40:00,,"0.0",2,"Automóvil,Moto/Ciclomotor","Av 7 de marzo Y Libertad",2,1,0,0,1,0,0,,"Avenida",,"SANTO TOMÉ","La Capital","Asfalto","No existe","I","Dentro","Urbana","Semáforo","Funciona","Intersección","Bueno","Buena","Diurna","Buen Tiempo","Lateral","S/D","Colisión","Ninguna","Faltante","Ninguna","Sin restricción"
2015,9346,25/11/2015,"Miercoles",0,19:20:00,,"0.0",1,"Taxi/Remis","25 de mayo 2100",2,1,0,0,1,0,0,,"Calle",,"SANTO TOMÉ","La Capital","Asfalto","No existe","I","Dentro","Urbana","S/D","Funciona","Recta","Bueno","Buena","Atardecer","Buen Tiempo","S/D","S/D","Caída ocupante","Ninguna","Faltante","Ninguna","Sin restricción"
2015,9347,10/11/2015,"Martes",0,,,"0.0",2,"Moto/Ciclomotor,Automóvil","Mariano Candioti Y La Rioja",2,1,0,0,1,0,0,,"Avenida",,"SANTO TOMÉ","La Capital","Asfalto","S/D","I","S/D","Urbana","S/D","No existe","Intersección","Bueno","Buena","Diurna","Buen Tiempo","S/D","S/D","Colisión","S/D","Horizontal","S/D","S/D"
2015,9348,22/11/2015,"Domingo",0,00:30:00,,"0.0",2,"Moto/Ciclomotor,Moto/Ciclomotor","Mariano Moreno Y Pres Domingo Faustino Sarmient",2,2,0,0,0,0,0,,"Calle",,"SANTO TOMÉ","La Capital","Asfalto","S/D","I","Dentro","Urbana","S/D","S/D","Intersección","Deteriorada","Buena","Nocturna","Buen Tiempo","Lateral","S/D","Colisión","S/D","S/D","S/D","S/D"
2015,9349,20/11/2015,"Viernes",0,19:20:00,,"0.0",2,"Moto/Ciclomotor,Pickup/Utilitario","9 de julio Y J Macia",2,1,0,0,1,0,0,,"Calle",,"SANTO TOMÉ","La Capital","Asfalto","No existe","I","Dentro","Urbana","Ninguna","No existe","Intersección","Bueno","Buena","Atardecer","Buen Tiempo","Lateral","S/D","Colisión","Ninguna","Faltante","S/D","S/D"
2015,9350,15/11/2015,"Domingo",0,12:00:00,,"0.0",2,"Automóvil,Moto/Ciclomotor","Misiones ",2,1,0,0,1,0,0,,"Calle",,"SANTO TOMÉ","La Capital","Asfalto","S/D","I","Dentro","Urbana","Ninguna","S/D","Intersección","S/D","S/D","Diurna","Buen Tiempo","Otro","S/D","Colisión","S/D","S/D","Ninguna","Sin restricción"
2015,9351,19/11/2015,"Jueves",0,11:50:00,,"0.0",2,"Bicicleta,Automóvil","Obispo Gelabert Y Libertad",2,1,0,0,1,0,0,"-31.663805555556,-60.75925","Calle",,"SANTO TOMÉ","La Capital","Asfalto","No existe","I","Dentro","Urbana","Ninguna","No existe","Intersección","Con baches","Buena","Diurna","Buen Tiempo","S/D","S/D","Atropello","Agua","Faltante","Ninguna","Sin restricción"
2015,9352,09/11/2015,"Lunes",0,09:30:00,,"0.0",2,"Automóvil,Moto/Ciclomotor","Juan Bautista Alberdi Y Hipolito Irigoyen",2,0,1,0,1,0,0,,"Calle",,"SANTO TOMÉ","La Capital","Asfalto","Pavimento","I","Dentro","Urbana","Semáforo","Funciona","Intersección","Bueno","Buena","Diurna","Buen Tiempo","Otro","S/D","Colisión","S/D","Horizontal,Vertical","S/D","Sin restricción"
2015,9353,06/11/2015,"Viernes",0,21:10:00,,"0.0",2,"Automóvil,Moto/Ciclomotor","Mariano Candioti 3700",2,1,0,0,1,0,0,,"Calle",,"SANTO TOMÉ","La Capital","Asfalto","S/D","I","Dentro","Urbana","Ninguna","No existe","Recta","Bueno","Reducida","Nocturna","Buen Tiempo","Otro","S/D","Colisión","S/D","Faltante","Ninguna","Sin restricción"
2015,9354,01/11/2015,"Domingo",0,22:00:00,,"0.0",2,"Taxi/Remis,Automóvil","Av San Lorenzo Y Tucuman",2,1,0,0,1,0,0,,"Calle",,"CAPITÁN BERMÚDEZ","San Lorenzo","Asfalto","S/D","XVII","Dentro","Urbana","Ninguna","No existe","Recta","Bueno","S/D","Nocturna","Buen Tiempo","Lateral","S/D","Colisión","Ninguna","S/D","Barrera de hormigón","S/D"
2015,9355,21/11/2015,"Sabado",0,06:30:00,,"0.0",2,"Moto/Ciclomotor,Camión"," ",2,1,0,0,1,0,0,,"S/D",,"SAN LORENZO","San Lorenzo","S/D","S/D","XVI","S/D","S/D","S/D","S/D","S/D","S/D","S/D","Diurna","S/D","S/D","S/D","S/D","S/D","S/D","S/D","S/D"
2015,9356,23/11/2015,"Lunes",0,00:15:00,"Ruta Nacional 11","0.0",2,"Moto/Ciclomotor,Moto/Ciclomotor","Ruta Nac 11 ",2,1,0,0,0,0,1,,"Ruta",11,"SAN LORENZO","San Lorenzo","S/D","S/D","XVII","S/D","S/D","S/D","S/D","S/D","S/D","S/D","Diurna","S/D","S/D","S/D","S/D","S/D","S/D","S/D","S/D"
2015,9357,06/11/2015,"Viernes",0,14:00:00,,"0.0",2,"Bicicleta,Moto/Ciclomotor","Av Juan Domingo Peron Y G Lopez",2,1,0,0,1,0,0,,"Calle",,"VILLA GOBERNADOR GÁLVEZ","Rosario","Asfalto","No existe","II","S/D","Urbana","Ninguna","No existe","Recta","Con baches","Buena","Diurna","Buen Tiempo","De alcance","S/D","Colisión","Ninguna","Faltante","Ninguna","Sin restricción"
2015,9358,07/11/2015,"Sabado",0,22:00:00,,"0.0",2,"Moto/Ciclomotor,Automóvil","Av Juan Domingo Peron Y 3 de Febrero",2,1,0,0,1,0,0,,"Calle",,"VILLA GOBERNADOR GÁLVEZ","Rosario","Asfalto","S/D","II","S/D","Urbana","Ninguna","S/D","Recta","Con baches","Buena","Nocturna,Con luz artificial","Buen Tiempo","De alcance","S/D","Colisión","S/D","Faltante","Ninguna","Sin restricción"
2015,9359,09/11/2015,"Lunes",0,21:50:00,,"0.0",2,"Automóvil,Automóvil","Av Juan Domingo Peron Y Santiago del Estero",2,1,0,0,1,0,0,,"Calle",,"VILLA GOBERNADOR GÁLVEZ","Rosario","Asfalto","No existe","II","S/D","Urbana","Ninguna","No existe","Recta","Con baches","Buena","Nocturna,Con luz artificial","Buen Tiempo","De alcance","S/D","Colisión","Ninguna","Faltante","Ninguna","Sin restricción"
2015,9360,09/11/2015,"Lunes",0,,,"0.0",2,"Moto/Ciclomotor,Moto/Ciclomotor","G Lopez Y Alvear",2,1,0,0,1,0,0,,"Calle",,"VILLA GOBERNADOR GÁLVEZ","Rosario","Asfalto","No existe","II","S/D","Urbana","Ninguna","No existe","Recta","Bueno","S/D","S/D","Buen Tiempo","Frontal","S/D","Colisión","Ninguna","Faltante","Ninguna","Sin restricción"
2015,9361,25/11/2015,"Miercoles",0,,,"0.0",2,"Moto/Ciclomotor,Pickup/Utilitario","Av Juan Domingo Peron Y Cordoba",2,1,0,0,1,0,0,,"Calle",,"VILLA GOBERNADOR GÁLVEZ","Rosario","Asfalto","No existe","II","S/D","Urbana","Ninguna","No existe","Curva","Con baches","Buena","S/D","Buen Tiempo","De alcance","S/D","Colisión","Ninguna","Faltante","Ninguna","Sin restricción"
2015,9362,29/08/2015,"Sabado",0,08:30:00,"Autopista Provincial Brigadier E.López","102.0",1,"Camión"," ",1,1,0,0,0,0,0,,"Autopista","Brigadier E.López","CORONDA","San Jerónimo","Hormigón","S/D","XV","Dentro","Rural","S/D","S/D","Recta","S/D","S/D","Diurna","S/D","S/D","S/D","Vuelco","S/D","S/D","S/D","S/D"
2015,9363,29/09/2015,"Martes",0,12:15:00,,"0.0",1,"Moto/Ciclomotor","JUJUY  Y ALFONSINA STORNI",1,1,0,0,0,0,0,,"Calle",,"VENADO TUERTO","General López","S/D","S/D","VIII","Dentro","Urbana","S/D","S/D","Intersección","S/D","S/D","Diurna","S/D","Atropello animal","S/D","Colisión","S/D","S/D","S/D","S/D"
2015,9364,30/09/2015,"Miercoles",0,,"Ruta Provincial 70","0.0",2,"Automóvil,Pickup/Utilitario","RP 70 Y LOS ROBLES ",2,1,0,0,1,0,0,,"Ruta",70,"BELLA ITALIA","Castellanos","Hormigón","S/D","V","Dentro","Urbana","S/D","S/D","Intersección","S/D","S/D","Diurna","Buen Tiempo","De alcance","S/D","Colisión","S/D","S/D","S/D","S/D"
2015,9365,03/12/2015,"Jueves",0,14:30:00,,"0.0",2,"Moto/Ciclomotor,Automóvil","Anibal Maffei ",2,1,0,0,1,0,0,,"Calle",,"ARROYO SECO","Rosario","Tierra","No existe","II","S/D","Rural","Ninguna","No existe","Intersección","Bueno","Buena","Diurna","Buen Tiempo","Otro","S/D","Colisión","Ninguna","Faltante","Ninguna","Sin restricción"
2015,9366,03/12/2015,"Jueves",0,13:00:00,,"0.0",2,"Automóvil,Automóvil","Humberto Primo Y Juarez Celman",5,4,0,0,1,0,0,,"Calle",,"ARROYO SECO","Rosario","Asfalto","No existe","II","S/D","Urbana","Semáforo","Funciona","Recta","S/D","Buena","Diurna","Buen Tiempo","De alcance","S/D","Colisión","Ninguna","S/D","Ninguna","Sin restricción"
2015,9367,07/11/2015,"Sabado",0,08:30:00,,"0.0",2,"Moto/Ciclomotor,Automóvil","Velez Sarfield 800",2,1,0,0,1,0,0,,"Calle",,"VILLA GOBERNADOR GÁLVEZ","Rosario","Asfalto","No existe","II","Dentro","Urbana","Ninguna","No existe","Recta","Bueno","Buena","Diurna","Buen Tiempo","Lateral","S/D","Colisión","Ninguna","Faltante","Ninguna","Sin restricción"
2015,9368,14/11/2015,"Sabado",0,17:25:00,,"0.0",2,"Moto/Ciclomotor,Automóvil","Av Gral San Martin Y Camino Guereño",2,1,0,0,1,0,0,,"Calle",,"VILLA GOBERNADOR GÁLVEZ","Rosario","Asfalto","No existe","II","Dentro","Urbana","Ninguna","No existe","Intersección","Bueno","Buena","Diurna","Buen Tiempo","Lateral","S/D","Colisión","Ninguna","Faltante","Ninguna","Sin restricción"
2015,9369,14/11/2015,"Sabado",0,20:50:00,,"0.0",2,"Cuatriciclo,Camión","Bv San diego 600",1,0,1,0,0,0,0,,"Avenida",,"VILLA GOBERNADOR GÁLVEZ","Rosario","Asfalto","No existe","II","Dentro","Urbana","Ninguna","No existe","Recta","Bueno","Buena","Nocturna","Buen Tiempo","Contra objeto fijo","S/D","Colisión","Ninguna","Faltante","Ninguna","Sin restricción"
2015,9370,14/11/2015,"Sabado",0,15:00:00,,"0.0",2,"Bicicleta,Automóvil","Bv San diego Y Av Gral San Martin",2,1,0,0,1,0,0,,"Avenida",,"VILLA GOBERNADOR GÁLVEZ","Rosario","Asfalto","No existe","II","Dentro","Urbana","Ninguna","Funciona","Intersección","Bueno","Buena","Diurna","Buen Tiempo","S/D","S/D","Atropello","Ninguna","Faltante","Ninguna","Sin restricción"
2015,9371,12/11/2015,"Jueves",0,14:10:00,,"0.0",2,"Moto/Ciclomotor,Automóvil","20 de Junio Y Jujuy",2,1,0,0,1,0,0,,"Calle",,"VILLA GOBERNADOR GÁLVEZ","Rosario","Asfalto","No existe","II","Dentro","Urbana","Ninguna","No existe","Intersección","Bueno","Buena","Diurna","Buen Tiempo","Lateral","S/D","Colisión","Ninguna","Faltante","Ninguna","Sin restricción"
2015,9372,17/11/2015,"Martes",0,18:00:00,,"0.0",2,"Moto/Ciclomotor,Automóvil","Av Gral San Martin Y Libertad",2,1,0,0,1,0,0,,"Calle",,"VILLA GOBERNADOR GÁLVEZ","Rosario","Asfalto","No existe","II","Dentro","Urbana","Ninguna","No existe","Intersección","Bueno","Buena","Atardecer","Buen Tiempo","Lateral","S/D","Colisión","Ninguna","Faltante","Ninguna","Sin restricción"
2015,9373,18/11/2015,"Miercoles",0,09:50:00,,"0.0",2,"Cuatriciclo,Automóvil","Av Juan Domingo Peron ",2,1,0,0,1,0,0,,"Calle",,"VILLA GOBERNADOR GÁLVEZ","Rosario","Asfalto","No existe","II","Dentro","Urbana","Semáforo","Funciona","Intersección","Bueno","Buena","Diurna","Buen Tiempo","Lateral","S/D","Colisión","Ninguna","Faltante","Ninguna","Sin restricción"
2015,9374,26/11/2015,"Jueves",0,12:05:00,,"0.0",2,"Moto/Ciclomotor,Pickup/Utilitario","Colon 2800",2,1,0,0,1,0,0,,"Calle",,"ROSARIO","Rosario","S/D","No existe","II","Dentro","Urbana","Ninguna","No existe","Intersección","Bueno","Buena","Diurna","Buen Tiempo","Lateral","S/D","Colisión","Ninguna","Vertical","Ninguna","Sin restricción"
2015,9375,18/12/2015,"Viernes",0,17:00:00,,"0.0",2,"Automóvil,Moto/Ciclomotor","Paso de los Andes 700",2,0,1,0,1,0,0,,"Calle",,"LAS ROSAS","Belgrano","Hormigón","No existe","III","Dentro","Urbana","Ninguna","No existe","Recta","Bueno","Buena","Diurna","Buen Tiempo","Lateral","S/D","Colisión","Ninguna","Faltante","Ninguna","S/D"
2015,9376,17/12/2015,"Jueves",0,06:00:00,,"0.0",2,"Moto/Ciclomotor,Automóvil","Av. Corrientes Y Mr.Ross",2,1,0,0,1,0,0,,"Calle",,"ROSARIO","Rosario","Asfalto","No existe","II","Dentro","Urbana","Ninguna","No existe","Intersección","Bueno","Buena","Diurna","Buen Tiempo","De alcance","S/D","Colisión","Ninguna","Faltante","Ninguna","Sin restricción"
2015,9377,26/11/2015,"Jueves",0,11:40:00,,"0.0",2,"Pickup/Utilitario,Bicicleta","Amenabar Y L.N.Alem",2,1,0,0,1,0,0,,"S/D",,"ROSARIO","Rosario","Asfalto","No existe","II","Dentro","Urbana","Ninguna","No existe","Intersección","Bueno","Buena","Diurna","Buen Tiempo","S/D","S/D","Atropello","Ninguna","Faltante","Ninguna","Sin restricción"
2015,9378,17/12/2015,"Jueves",0,23:15:00,,"0.0",2,"Pickup/Utilitario,Moto/Ciclomotor","Cordoba Y Buenos Aires",2,1,0,0,1,0,0,,"Calle",,"MONTES DE OCA","Belgrano","Hormigón","Pavimento","III","Dentro","Urbana","S/D","No existe","Intersección","Bueno","Buena","Nocturna,Con luz artificial","Buen Tiempo","Lateral","S/D","Colisión","Ninguna","Vertical","S/D","Sin restricción"
2015,9379,28/11/2015,"Sabado",0,22:10:00,,"0.0",2,"Moto/Ciclomotor,Vehículo Oficial","Bv. Segui Y San Martin",3,1,0,0,2,0,0,,"Avenida",,"ROSARIO","Rosario","Asfalto","No existe","II","Dentro","Urbana","Ninguna","Funciona","Intersección","Bueno","Buena","Nocturna,Con luz artificial","Buen Tiempo","De alcance","S/D","Colisión","Ninguna","Horizontal","Ninguna","Sin restricción"
2015,9380,18/12/2015,"Viernes",0,19:00:00,"Ruta Nacional 178","0.0",1,"Moto/Ciclomotor","Ruta 178 Y Calle 7",2,2,0,0,0,0,0,,"Ruta",178,"LAS PAREJAS","Belgrano","Asfalto","Pavimento","III","Dentro","Urbana","Marca Vial","No existe","Intersección","Bueno","Buena","Atardecer","Buen Tiempo","S/D","S/D","Caída ocupante","Ninguna","Vertical","S/D","S/D"
2015,9381,15/12/2015,"Martes",0,19:40:00,,"0.0",2,"Taxi/Remis,Bicicleta","Mitre Y Ameghino",2,1,0,0,1,0,0,,"Calle",,"ROSARIO","Rosario","Asfalto","No existe","II","Dentro","Urbana","Ninguna","No existe","Intersección","Bueno","Buena","Atardecer","Buen Tiempo","S/D","S/D","Atropello","Ninguna","Faltante","Ninguna","Sin restricción"
2015,9382,19/12/2015,"Sabado",0,19:35:00,,"0.0",2,"Moto/Ciclomotor,Pickup/Utilitario","Salta Y Italia",3,2,0,0,1,0,0,,"Calle",,"LAS ROSAS","Belgrano","Asfalto","S/D","III","Dentro","Urbana","S/D","No existe","Intersección","Bueno","Buena","Atardecer","Buen Tiempo","Lateral","S/D","Colisión","S/D","Faltante","Ninguna","S/D"
2015,9383,21/11/2015,"Sabado",0,07:00:00,,"0.0",1,"Moto/Ciclomotor","Av Gral San Martin Y Bv San diego",2,1,0,0,1,0,0,,"Calle",,"VILLA GOBERNADOR GÁLVEZ","Rosario","Asfalto","No existe","II","Dentro","Urbana","Ninguna","Funciona","Intersección","Bueno","Buena","Amanecer","Buen Tiempo","Lateral","S/D","Colisión","Ninguna","S/D","Ninguna","Sin restricción"
2015,9384,12/12/2015,"Sabado",0,08:45:00,"Ruta Nacional 178","0.0",2,"Pickup/Utilitario,Automóvil"," ",3,1,0,0,2,0,0,,"Ruta",178,"ARMSTRONG","Belgrano","Asfalto","No existe","III","Dentro","Urbana","Ninguna","No existe","Intersección","Bueno","Buena","Diurna","Buen Tiempo","Lateral","S/D","Colisión","Ninguna","Horizontal","S/D","S/D"
2015,9385,14/12/2015,"Lunes",0,16:20:00,,"0.0",2,"Automóvil,Automóvil","Garay Y Balcarce",2,1,0,0,1,0,0,,"Calle",,"ROSARIO","Rosario","Asfalto","No existe","II","Dentro","Urbana","Ninguna","No existe","Intersección","Bueno","Buena","Diurna","Buen Tiempo","De alcance","S/D","Colisión","Ninguna","Faltante","Ninguna","Sin restricción"
2015,9386,22/11/2015,"Domingo",0,14:00:00,,"0.0",2,"Moto/Ciclomotor,Automóvil","20 de Junio ",3,2,0,0,1,0,0,,"Calle",,"VILLA GOBERNADOR GÁLVEZ","Rosario","Asfalto","No existe","II","Dentro","Urbana","Ninguna","No existe","Intersección","Bueno","Buena","Diurna","Buen Tiempo","Lateral","S/D","Colisión","Ninguna","Faltante","Ninguna","Sin restricción"
2015,9387,12/12/2015,"Sabado",0,20:30:00,,"0.0",2,"Automóvil,Automóvil","Uruguay Y Sarmiento",4,1,0,0,3,0,0,,"Calle",,"ROSARIO","Rosario","Asfalto","No existe","II","Dentro","Urbana","Ninguna","No existe","Intersección","Bueno","Buena","Atardecer","Buen Tiempo","De alcance","S/D","Colisión","Ninguna","Faltante","Ninguna","Sin restricción"
2015,9388,28/12/2015,"Lunes",0,14:30:00,"Ruta Nacional 9","416.0",1,"Pickup/Utilitario","Ruta Nacional 19 ",1,1,0,0,0,0,0,,"Ruta",9,"TORTUGAS","Belgrano","Asfalto","Pavimento","III","Dentro","Rural","Ninguna","No existe","Recta","Bueno","Buena","Diurna","Buen Tiempo","S/D","S/D","Despiste","Ninguna","Vertical","Línea divisoria pintada","S/D"
2015,9389,20/11/2015,"Viernes",0,18:45:00,,"0.0",2,"Moto/Ciclomotor,Pickup/Utilitario","Av Gral San Martin Y G Lopez",2,1,0,0,1,0,0,,"Calle",,"VILLA GOBERNADOR GÁLVEZ","Rosario","Asfalto","No existe","II","Dentro","Urbana","Ninguna","No existe","Recta","Bueno","Buena","Atardecer","Buen Tiempo","Lateral","S/D","Colisión","Ninguna","Faltante","Ninguna","Sin restricción"
2015,9390,25/11/2015,"Miercoles",0,19:00:00,,"0.0",2,"Peatón,Automóvil","Dean Funes Bis Y Chacabuco",2,1,0,0,1,0,0,,"Calle",,"ROSARIO","Rosario","Asfalto","No existe","II","Dentro","Urbana","Ninguna","No existe","Intersección","Bueno","Buena","Diurna","Buen Tiempo","S/D","S/D","Atropello","Otro","Faltante","Ninguna","Sin restricción"
2015,9391,05/12/2015,"Sabado",0,10:30:00,,"0.0",2,"Moto/Ciclomotor,Automóvil","Mitre Y Cochabamba",2,1,0,0,1,0,0,,"Calle",,"ROSARIO","Rosario","Asfalto","S/D","II","Dentro","Urbana","S/D","No existe","Intersección","Bueno","Buena","Diurna","Buen Tiempo","Lateral","S/D","Colisión","S/D","S/D","S/D","S/D"
2015,9392,20/12/2015,"Domingo",0,02:00:00,"Autopista Nacional Rosario -Cordoba","394.0",2,"Camión,Camión"," ",2,1,0,0,1,0,0,,"Autopista","Rosario -Cordoba","TORTUGAS","Belgrano","Hormigón","Pavimento","III","Dentro","Rural","Marca Vial","No existe","Recta","Bueno","Buena","Nocturna","Buen Tiempo","De alcance","S/D","Colisión,Incendio","Ninguna","Horizontal,Vertical","Guardarrail,Vegetación","Sin restricción"
2015,9393,16/11/2015,"Lunes",0,13:30:00,,"0.0",2,"Moto/Ciclomotor,Moto/Ciclomotor","Entre Rios Y Rio Negro",2,1,1,0,0,0,0,,"Calle",,"TOSTADO","9 de Julio","Ripio","No existe","XII","Dentro","Urbana","Ninguna","No existe","Intersección","Bueno","Buena","Diurna","Buen Tiempo","Frontal","S/D","Colisión","Ninguna","Faltante","Ninguna","Sin restricción"