"anio_acci","nro_acci","fecha","desc_dia","fecha_aprox","hora_aprox","desc_ruta","km","cant_participantes","desc_participante","calle_avenida_km","total","heridos_leves","heridos_graves","heridos_gravisimos","ilesos","fallecidos","sin_datos","posicion_XY","desc_tipo_via","desc_ruta_ori","desc_loc","desc_dpto","desc_tipo_calzada","desc_tipo_banquina","desc_unidad_regional","desc_lugar_calzada","desc_zona","desc_prioridad","desc_estado_semaforo","desc_lugar_via","desc_estado_via","desc_estado_visibilidad","desc_luminosidad","desc_estado_clima","desc_tipo_colision","desc_tipo_atropello","desc_tipo_hecho","desc_pres_calzada","desc_senializacion","desc_separacion_via","desc_restriccion"
2015,9394,19/11/2015,"Jueves",0,20:45:00,,"0.0",2,"Automóvil,Moto/Ciclomotor"," ",3,1,0,0,0,0,2,,"Calle",,"TOSTADO","9 de Julio","Asfalto","No existe","XII","Dentro","Urbana","Ninguna","No funciona","Recta","Bueno","Buena","Nocturna,Con luz artificial","Buen Tiempo","Lateral","S/D","Colisión","Ninguna","Faltante","Cordón divisorio","Sin restricción"
2015,9395,01/12/2015,"Martes",0,08:30:00,,"0.0",2,"Bicicleta,Camión","La Paz Y Entre Rios",2,1,0,0,1,0,0,,"Calle",,"ROSARIO","Rosario","Asfalto","S/D","II","Dentro","Urbana","S/D","S/D","Intersección","Bueno","S/D","S/D","Buen Tiempo","S/D","S/D","Atropello","S/D","Vertical","S/D","S/D"
2015,9396,03/11/2015,"Martes",0,11:35:00,,"0.0",2,"Automóvil,Pickup/Utilitario"," ",2,1,0,0,0,0,1,,"Avenida",,"TOSTADO","9 de Julio","Ripio","S/D","XII","S/D","Urbana","Ninguna","No existe","Intersección","Bueno","Buena","Diurna","Buen Tiempo","Lateral","S/D","Colisión","S/D","S/D","Ninguna","S/D"
2015,9397,21/12/2015,"Lunes",0,,,"0.0",2,"Pickup/Utilitario,Automóvil"," ",3,1,0,0,2,0,0,,"Calle",,"ROSARIO","Rosario","Asfalto","S/D","II","S/D","Urbana","S/D","No existe","Intersección","Bueno","Buena","Diurna","Buen Tiempo","Lateral","S/D","Colisión","S/D","S/D","S/D","S/D"
2015,9398,11/12/2015,"Viernes",0,01:30:00,"Autopista Nacional Rosario -Cordoba","393.0",2,"Camión,Camión"," ",2,1,0,0,1,0,0,,"Autopista","Rosario -Cordoba","TORTUGAS","Belgrano","Hormigón","Pavimento","III","Dentro","Rural","S/D","No existe","Recta","Bueno","Buena","Nocturna","Buen Tiempo","De alcance","S/D","Colisión","Ninguna","Horizontal","Guardarrail","Sin restricción"
2015,9399,05/12/2015,"Sabado",0,03:00:00,,"0.0",2,"Automóvil,Moto/Ciclomotor","Calle 20 Y Calle 25",2,1,0,0,1,0,0,,"Calle",,"LAS PAREJAS","Belgrano","Asfalto","No existe","III","Dentro","Urbana","Ninguna","No existe","Intersección","Bueno","Buena","Nocturna,Con luz artificial","Buen Tiempo","Lateral","S/D","Colisión","Ninguna","Vertical","Ninguna","S/D"
2015,9400,14/12/2015,"Lunes",0,17:40:00,,"0.0",2,"Automóvil,Automóvil","Virasoro Y Esmeralda",3,1,0,0,2,0,0,,"Calle",,"ROSARIO","Rosario","Asfalto","No existe","II","Dentro","Urbana","Ninguna","No existe","Intersección","Bueno","Buena","Diurna","Buen Tiempo","Lateral","S/D","Colisión","Ninguna","Faltante","Ninguna","Sin restricción"
2015,9401,13/12/2015,"Domingo",0,17:55:00,,"0.0",2,"Automóvil,Moto/Ciclomotor","Calle 25 Y Avenida 21",3,2,0,0,1,0,0,,"Avenida",,"LAS PAREJAS","Belgrano","Asfalto","No existe","III","Dentro","Urbana","Ninguna","No existe","Intersección","Deteriorada","Buena","Diurna","Buen Tiempo","Lateral","S/D","Colisión","Ninguna","Vertical","Ninguna","Sin restricción"
2015,9402,16/12/2015,"Miercoles",0,20:55:00,,"0.0",2,"Moto/Ciclomotor,Automóvil","L.N.Alem Y Bv. Segui",2,1,0,0,1,0,0,,"Calle",,"ROSARIO","Rosario","Asfalto","No existe","II","Dentro","Urbana","Ninguna","No existe","Intersección","Bueno","Buena","Nocturna","Buen Tiempo","Lateral","S/D","Colisión","Ninguna","Faltante","Ninguna","Sin restricción"
2015,9403,16/12/2015,"Miercoles",0,19:45:00,,"0.0",2,"Pickup/Utilitario,Pickup/Utilitario","Dean Funes Y Maipu",2,1,0,0,1,0,0,,"S/D",,"ROSARIO","Rosario","Asfalto","No existe","II","Dentro","Urbana","Ninguna","No existe","Recta","Bueno","Buena","Nocturna","Buen Tiempo","S/D","S/D","Atropello","Ninguna","Faltante","Ninguna","Sin restricción"
2015,9404,15/12/2015,"Martes",0,09:40:00,,"0.0",2,"Automóvil,Automóvil","Bv. Segui Y J.M.de Rosas",2,1,0,0,1,0,0,,"Avenida",,"ROSARIO","Rosario","Hormigón","No existe","II","Dentro","Urbana","Señal Pare","No existe","Intersección","Bueno","Buena","Diurna","Buen Tiempo","Lateral","S/D","Colisión","Ninguna","Vertical","Ninguna","Sin restricción"
2015,9405,12/12/2015,"Sabado",0,13:20:00,,"0.0",2,"Moto/Ciclomotor,Automóvil","L.N.Alem Y Virasoro",2,1,0,0,1,0,0,,"Calle",,"ROSARIO","Rosario","Asfalto","No existe","II","Dentro","Urbana","Ninguna","No existe","Intersección","Bueno","Buena","Diurna","Buen Tiempo","Lateral","S/D","Colisión","Ninguna","Faltante","Ninguna","Sin restricción"
2015,9406,04/12/2015,"Viernes",0,17:30:00,,"0.0",2,"Automóvil,Moto/Ciclomotor","Avenida 13 Y Calle 22",2,0,0,1,1,0,0,,"Avenida",,"LAS PAREJAS","Belgrano","Asfalto","No existe","III","Dentro","Urbana","Ninguna","No existe","Intersección","Bueno","Buena","Diurna","Buen Tiempo","Lateral","S/D","Colisión","Ninguna","Vertical","Ninguna","Sin restricción"
2015,9407,09/12/2015,"Miercoles",0,21:45:00,,"0.0",2,"Automóvil,Automóvil","Pte.Roca Y Galvez",3,1,0,0,2,0,0,,"Calle",,"ROSARIO","Rosario","Asfalto","S/D","II","Dentro","Urbana","S/D","No existe","Intersección","Bueno","Buena","Diurna","Buen Tiempo","Lateral","S/D","Colisión","S/D","S/D","S/D","S/D"
2015,9408,09/12/2015,"Miercoles",0,21:00:00,,"0.0",2,"Moto/Ciclomotor,Automóvil","Ayacucho Y Garay",2,1,0,0,1,0,0,,"Calle",,"ROSARIO","Rosario","Asfalto","No existe","II","Dentro","Urbana","Ninguna","No existe","Intersección","Bueno","Buena","Nocturna,Con luz artificial","Buen Tiempo","Lateral","S/D","Colisión","Ninguna","Faltante","Ninguna","Sin restricción"
2015,9409,18/12/2015,"Viernes",0,16:00:00,,"0.0",2,"Moto/Ciclomotor,Pickup/Utilitario","Calle 28 Y Calle 19",3,2,0,0,1,0,0,,"Calle",,"LAS PAREJAS","Belgrano","Asfalto","No existe","III","Dentro","Urbana","Ninguna","No existe","Recta","Bueno","Buena","Diurna","Buen Tiempo","Lateral","S/D","Colisión","Ninguna","Vertical","Ninguna","Sin restricción"
2015,9410,13/12/2015,"Domingo",0,21:00:00,,"0.0",2,"Automóvil,Pickup/Utilitario","Av. Pellegrini Y Italia",2,1,0,0,1,0,0,,"Calle",,"ROSARIO","Rosario","Asfalto","S/D","II","Dentro","Urbana","S/D","Funciona","Intersección","Bueno","S/D","S/D","Buen Tiempo","De alcance","S/D","Colisión","S/D","Vertical","Cordón divisorio","S/D"
2015,9411,05/12/2015,"Sabado",0,01:00:00,"Ruta Nacional 178","177.0",1,"Moto/Ciclomotor"," ",1,1,0,0,0,0,0,,"Ruta",178,"LAS PAREJAS","Belgrano","Asfalto,Hormigón","Natural","III","Fuera","Rural","Ninguna","Funciona","Recta","Bueno","Buena","Nocturna","Buen Tiempo","S/D","S/D","Caída ocupante","Ninguna","Vertical","Ninguna","S/D"
2015,9412,02/12/2015,"Miercoles",0,16:20:00,,"0.0",1,"Bicicleta","Paraguay 2000",1,1,0,0,0,0,0,,"Calle",,"ROSARIO","Rosario","Asfalto","S/D","II","Dentro","Urbana","Semáforo","Funciona","Intersección","Bueno","Buena","Diurna","Buen Tiempo","De alcance","S/D","Colisión","S/D","Vertical","S/D","S/D"
2015,9413,02/12/2015,"Miercoles",0,16:00:00,,"0.0",2,"Moto/Ciclomotor,Transporte de Pasajeros Urbano (> 8 asientos)","Entre Rios Y Ocampo",2,1,0,0,1,0,0,,"Calle",,"ROSARIO","Rosario","Asfalto","S/D","II","Dentro","Urbana","Semáforo","Funciona","Intersección","Bueno","Buena","Diurna","Buen Tiempo","Lateral","S/D","Colisión","S/D","Vertical","Ninguna","S/D"
2015,9414,08/12/2015,"Martes",0,21:00:00,,"0.0",2,"Bicicleta,Automóvil","Bv. Segui Y L.N.Alem",3,2,0,0,1,0,0,,"Avenida",,"ROSARIO","Rosario","Asfalto","No existe","II","Dentro","Urbana","Ninguna","No existe","Intersección","Bueno","Buena","Nocturna,Con luz artificial","Buen Tiempo","Lateral","S/D","Atropello","Ninguna","Faltante","Cordón divisorio","Sin restricción"
2015,9415,30/12/2015,"Miercoles",0,14:10:00,,"0.0",2,"Moto/Ciclomotor,Camión","Las Heras 1000",2,1,0,0,1,0,0,,"Calle",,"LAS ROSAS","Belgrano","Ripio","No existe","III","Dentro","Urbana","Ninguna","No existe","Recta","Bueno","Buena","Diurna","Buen Tiempo","De alcance","S/D","Colisión","Ninguna","Faltante","Cordón divisorio","Sin restricción"
2015,9416,08/12/2015,"Martes",0,12:30:00,,"0.0",2,"Automóvil,Moto/Ciclomotor","San Martin Y Buenos Aires",2,1,0,0,1,0,0,,"Calle",,"LAS ROSAS","Belgrano","Hormigón","No existe","III","Dentro","Urbana","Ninguna","No existe","Intersección","Bueno","Buena","Diurna","Buen Tiempo","Lateral","S/D","Colisión","Ninguna","Faltante","Ninguna","Sin restricción"
2015,9417,05/12/2015,"Sabado",0,02:00:00,,"0.0",2,"Moto/Ciclomotor,Otros","Colon Y Pje. Villar",2,1,0,0,1,0,0,,"Calle",,"ROSARIO","Rosario","Asfalto","No existe","II","S/D","Urbana","Ninguna","No existe","Intersección","Bueno","Buena","Nocturna,Con luz artificial","Buen Tiempo","Lateral","S/D","Colisión","Ninguna","Faltante","Ninguna","Sin restricción"
2015,9418,01/12/2015,"Martes",0,10:15:00,,"0.0",2,"Automóvil,Automóvil","Entre Rios Y Bv. 27 De Febrero",2,1,0,0,1,0,0,,"Calle",,"ROSARIO","Rosario","Asfalto","S/D","II","Dentro","Urbana","S/D","Funciona","Intersección","Bueno","Buena","Diurna","Buen Tiempo","De alcance","S/D","Colisión","S/D","Vertical","S/D","S/D"
2015,9419,25/12/2015,"Viernes",0,02:15:00,,"0.0",2,"Moto/Ciclomotor,Automóvil"," ",4,0,2,0,2,0,0,,"Avenida",,"ESTACIÓN DÍAZ","San Jerónimo","Hormigón","Natural","XV","Dentro","Urbana","Ninguna","No existe","Intersección","Bueno","Reducida","Con luz artificial","Buen Tiempo","Frontal","S/D","Colisión","Material Suelto","Faltante","Ninguna","Sin restricción"
2015,9420,10/12/2015,"Jueves",0,23:30:00,,"0.0",2,"Automóvil,Automóvil","Mitre Y Pte.Quintana",3,2,0,0,1,0,0,,"Calle",,"ROSARIO","Rosario","Asfalto","No existe","III","Dentro","Urbana","S/D","No existe","Intersección","Bueno","Buena","Nocturna","Buen Tiempo","Lateral","S/D","Colisión","Ninguna","Faltante","S/D","Sin restricción"
2015,9421,07/12/2015,"Lunes",0,23:50:00,,"0.0",1,"Automóvil","Entre Rios Y Dean Funes",2,1,0,0,1,0,0,,"Calle",,"ROSARIO","Rosario","Asfalto","No existe","II","Dentro","Urbana","Ninguna","No existe","Recta","Bueno","Buena","Diurna","Buen Tiempo","De alcance","S/D","Colisión","Ninguna","S/D","Ninguna","S/D"
2015,9422,14/12/2015,"Lunes",0,13:00:00,"Autopista Provincial Brigadier E.López","67.0",1,"Automóvil"," ",3,3,0,0,0,0,0,,"Autopista","Brigadier E.López","MONJE","San Jerónimo","Asfalto","Natural","XV","Fuera","Rural","Ninguna","No existe","Recta","Ahuellamiento","Buena","Diurna","Buen Tiempo","Otro","S/D","Vuelco","Ninguna","Horizontal,Vertical","Vegetación","Sin restricción"
2015,9423,04/12/2015,"Viernes",0,21:45:00,,"0.0",2,"Moto/Ciclomotor,Automóvil","Av. Uriburu Y Sarmiento",2,1,0,0,1,0,0,,"Avenida",,"ROSARIO","Rosario","Asfalto","No existe","II","Dentro","Urbana","Ninguna","No existe","Intersección","Bueno","Buena","Nocturna","Buen Tiempo","Lateral","S/D","Colisión","Ninguna","Faltante","Ninguna","Sin restricción"
2015,9424,23/12/2015,"Miercoles",0,11:45:00,,"0.0",2,"Automóvil,Camión"," ",6,4,1,0,1,0,0,,"S/D",,"LÓPEZ","San Jerónimo","Asfalto","Natural","XV","Dentro","Urbana","Ninguna","No existe","Recta","Deteriorada","Reducida","Diurna","Lluvia","Lateral","S/D","Colisión","Agua","Vertical","Línea divisoria pintada","Sin restricción"
2015,9425,04/12/2015,"Viernes",0,19:40:00,,"0.0",2,"Moto/Ciclomotor,Automóvil","Saavedra Y Dorrego",2,1,0,0,1,0,0,,"Calle",,"ROSARIO","Rosario","Asfalto","No existe","II","Dentro","Urbana","Ninguna","No existe","Intersección","Bueno","Buena","Diurna","Buen Tiempo","Lateral","S/D","Colisión","Ninguna","Faltante","Ninguna","Sin restricción"
2015,9426,13/12/2015,"Domingo",0,05:00:00,,"0.0",2,"Automóvil,Moto/Ciclomotor","Jose de San Martin Y Av L de la Torre-Ruta Nac 11",2,0,1,0,1,0,0,,"Avenida",,"CORONDA","San Jerónimo","Asfalto","Pavimento","XV","Dentro","Urbana","Ninguna","No existe","Intersección","Bueno","Buena","Con luz artificial","Buen Tiempo","Lateral","S/D","Colisión","Otro","Faltante","Barrera de hormigón","Sin restricción"
2015,9427,19/12/2015,"Sabado",0,04:40:00,,"0.0",2,"Moto/Ciclomotor,Moto/Ciclomotor","Alberdi Y Mariano Moreno",3,3,0,0,0,0,0,,"Calle",,"CORONDA","San Jerónimo","Asfalto","No existe","XV","Dentro","Urbana","Ninguna","No existe","Intersección","Bueno","Buena","Con luz artificial","Buen Tiempo","Lateral","S/D","Colisión","Otro","Faltante","Ninguna","Sin restricción"
2015,9428,27/12/2015,"Domingo",0,18:30:00,,"0.0",2,"Moto/Ciclomotor,Automóvil","Rivadavia Y Lopez y Planes",3,2,0,0,1,0,0,,"Calle",,"CORONDA","San Jerónimo","Asfalto","No existe","XV","Dentro","Urbana","Ninguna","No existe","Intersección","Bueno","Buena","Atardecer","Buen Tiempo","Lateral","S/D","Colisión","Otro","Faltante","Ninguna","Sin restricción"
2015,9429,28/12/2015,"Lunes",0,22:20:00,"Ruta Nacional 11","425.0",3,"Bicicleta,Bicicleta,Pickup/Utilitario"," ",3,2,0,0,1,0,0,,"Ruta",11,"CORONDA","San Jerónimo","Asfalto","Natural","XV","S/D","Rural","Ninguna","No existe","Recta","Bueno","Reducida","Nocturna","Buen Tiempo","Lateral","S/D","Atropello","S/D","Faltante","Ninguna","Sin restricción"
2015,9430,04/12/2015,"Viernes",0,11:00:00,,"0.0",2,"Automóvil,Automóvil","Dean Funes Y Entre Rios",2,1,0,0,1,0,0,,"Calle",,"ROSARIO","Rosario","Asfalto","No existe","II","Dentro","Urbana","Ninguna","No existe","Intersección","Bueno","Buena","Diurna","Buen Tiempo","Lateral","S/D","Colisión","Ninguna","Faltante","Ninguna","Sin restricción"
2015,9431,04/12/2015,"Viernes",0,12:15:00,,"0.0",2,"Moto/Ciclomotor,Automóvil","Lopez y Planes Y Garay",3,1,0,0,2,0,0,,"Calle",,"CORONDA","San Jerónimo","Tierra","S/D","XV","Dentro","Urbana","Ninguna","No existe","Intersección","Ahuellamiento","Buena","Diurna","Buen Tiempo","Lateral","S/D","Colisión","S/D","Faltante","Ninguna","Sin restricción"
2015,9432,31/12/2015,"Jueves",0,19:00:00,,"0.0",2,"Moto/Ciclomotor,Pickup/Utilitario","Bernardino Rivadavia Y Guillermo Marconi",4,1,0,0,3,0,0,,"Calle",,"TORTUGAS","Belgrano","Asfalto","S/D","III","S/D","Urbana","Ninguna","No existe","Intersección","Con baches,Deteriorada","Buena","Atardecer","Buen Tiempo","Lateral","S/D","Colisión","Agua","Vertical","Ninguna","Sin restricción"
2015,9433,05/12/2015,"Sabado",0,19:15:00,,"0.0",2,"Automóvil,Moto/Ciclomotor"," ",2,1,0,0,1,0,0,,"Calle",,"LANDETA","San Martín","Asfalto","No existe","XVIII","Dentro","Urbana","Ninguna","No existe","Intersección","Bueno","Buena","Atardecer","Buen Tiempo","Frontal","S/D","Colisión","Ninguna","Horizontal","Ninguna","Sin restricción"
2015,9434,11/12/2015,"Viernes",0,07:00:00,,"0.0",2,"Moto/Ciclomotor,Automóvil","Mitre Y Galvez",2,1,0,0,1,0,0,,"Calle",,"ROSARIO","Rosario","Asfalto","S/D","II","Dentro","Urbana","S/D","S/D","Intersección","Bueno","S/D","S/D","Buen Tiempo","Lateral","S/D","Colisión","S/D","Vertical","S/D","S/D"
2015,9435,02/12/2015,"Miercoles",0,07:50:00,,"0.0",2,"Moto/Ciclomotor,Automóvil","24 De Setiembre Y Pte.Roca",2,1,0,0,1,0,0,,"Calle",,"ROSARIO","Rosario","Asfalto","No existe","II","Dentro","Urbana","Ninguna","No existe","Intersección","Bueno","Buena","Diurna","Buen Tiempo","Lateral","S/D","Colisión","Ninguna","Faltante","Ninguna","Sin restricción"
2015,9436,02/12/2015,"Miercoles",0,18:40:00,,"0.0",2,"Automóvil,Moto/Ciclomotor","Bv. Segui 1700",2,1,0,0,1,0,0,,"Avenida",,"ROSARIO","Rosario","Asfalto","No existe","II","Dentro","Urbana","Ninguna","No existe","Intersección","Bueno","Buena","Diurna","Buen Tiempo","Lateral","S/D","Colisión","Ninguna","Faltante","Ninguna","Sin restricción"
2015,9437,14/12/2015,"Lunes",0,07:45:00,,"0.0",2,"Bicicleta,Camión","Av. Pellegrini 1700",2,1,0,0,1,0,0,,"Avenida",,"ROSARIO","Rosario","Asfalto","S/D","II","S/D","Urbana","S/D","S/D","Intersección","Bueno","S/D","S/D","Buen Tiempo","S/D","S/D","Atropello","S/D","Vertical","S/D","S/D"
2015,9438,02/12/2015,"Miercoles",0,12:30:00,,"0.0",2,"Peatón,Moto/Ciclomotor","Chacabuco 3700",2,1,0,0,1,0,0,,"Calle",,"ROSARIO","Rosario","Asfalto","No existe","II","Dentro","Urbana","Ninguna","No existe","Intersección","Bueno","Buena","Diurna","Buen Tiempo","S/D","S/D","Atropello","Ninguna","Faltante","S/D","Sin restricción"
2015,9439,02/12/2015,"Miercoles",0,18:35:00,,"0.0",2,"Moto/Ciclomotor,Moto/Ciclomotor","Av. Battle y Ordoñez Y Paraguay",2,2,0,0,0,0,0,,"Avenida",,"ROSARIO","Rosario","Asfalto","No existe","II","Dentro","Urbana","Ninguna","No existe","Recta","Bueno","Buena","Diurna","Buen Tiempo","Lateral","S/D","Colisión","Ninguna","Horizontal","Cordón divisorio","Sin restricción"
2015,9440,03/12/2015,"Jueves",0,17:15:00,,"0.0",2,"Bicicleta,Automóvil","Av. Battle y Ordoñez Y San Martin",2,1,0,0,1,0,0,,"Avenida",,"ROSARIO","Rosario","Asfalto","No existe","II","Dentro","Urbana","Semáforo","Funciona","Intersección","Bueno","Buena","Diurna","Buen Tiempo","S/D","S/D","Atropello","S/D","Vertical","Cordón divisorio","Sin restricción"
2015,9441,04/12/2015,"Viernes",0,21:10:00,,"0.0",1,"Moto/Ciclomotor","Av. Battle y Ordoñez Y Laprida",4,3,0,0,1,0,0,,"Avenida",,"ROSARIO","Rosario","Asfalto","No existe","II","Dentro","Urbana","Ninguna","No existe","Intersección","Bueno","Reducida","Nocturna","S/D","Lateral","S/D","Colisión","S/D","Horizontal","Línea divisoria pintada","Sin restricción"
2015,9442,06/12/2015,"Domingo",0,17:15:00,,"0.0",2,"Moto/Ciclomotor,Moto/Ciclomotor","Buenos Aires Y Cabildo",2,1,0,0,1,0,0,,"Calle",,"ROSARIO","Rosario","Asfalto","No existe","II","Dentro","Urbana","Ninguna","No existe","Intersección","Deteriorada","Buena","Atardecer","Buen Tiempo","Lateral","S/D","Colisión","Ninguna","Faltante","Ninguna","Sin restricción"
2015,9443,15/09/2015,"Martes",0,18:15:00,,"0.0",2,"Moto/Ciclomotor,Pickup/Utilitario","25 de Mayo Y Lisandro de la Torre",3,2,0,0,1,0,0,,"Calle",,"VENADO TUERTO","General López","Hormigón","S/D","VIII","Dentro","Urbana","S/D","S/D","Intersección","S/D","S/D","Diurna","Buen Tiempo","S/D","S/D","Colisión","S/D","S/D","S/D","S/D"
2015,9444,03/08/2015,"Lunes",0,,,"0.0",1,"Otros"," ",1,0,0,0,0,1,0,"-32.944820, -60.653667","S/D",,"ROSARIO","Rosario","S/D","S/D","II","S/D","S/D","S/D","S/D","S/D","S/D","S/D","S/D","S/D","S/D","S/D","S/D","S/D","S/D","S/D","S/D"
2015,9445,15/09/2015,"Martes",0,05:00:00,"Autopista Provincial Brigadier E.López","40.0",1,"Pickup/Utilitario"," ",1,1,0,0,0,0,0,,"Autopista","Brigadier E.López","OLIVEROS","Iriondo","Hormigón","Natural","X","Dentro","Rural","S/D","S/D","S/D","S/D","S/D","Nocturna","S/D","S/D","S/D","Incendio,Vuelco,Despiste","Otro","S/D","S/D","S/D"
2015,9446,03/12/2015,"Jueves",0,16:45:00,,"0.0",2,"Automóvil,Bicicleta","Mitre Y Garibaldi",2,1,0,0,1,0,0,,"Calle",,"VILLA GOBERNADOR GÁLVEZ","Rosario","Asfalto","No existe","II","Dentro","Urbana","Ninguna","No existe","Recta","Bueno","Buena","Diurna","Buen Tiempo","S/D","S/D","Atropello","Ninguna","Faltante","Ninguna","Sin restricción"
2015,9447,01/11/2015,"Domingo",0,06:45:00,"Ruta Nacional 11","0.0",1,"Moto/Ciclomotor","Av Silvestre Begnis ",1,0,0,0,0,1,0,"-29.359529, -59.970259","Ruta",11,"MALABRIGO","General Obligado","Asfalto","Pavimento","IX","Dentro","Urbana","Ninguna","No existe","Intersección","Bueno","Buena","Amanecer","Buen Tiempo","Contra objeto fijo","S/D","Caída ocupante,Colisión","Otro","Horizontal","Ninguna,S/D","S/D"
2015,9448,05/12/2015,"Sabado",0,07:30:00,,"0.0",2,"Moto/Ciclomotor,Automóvil","Pasteur ",2,1,0,0,1,0,0,,"Calle",,"VILLA GOBERNADOR GÁLVEZ","Rosario","Asfalto","S/D","VI","S/D","Urbana","S/D","S/D","Intersección","Bueno","S/D","Diurna","S/D","S/D","S/D","Colisión","S/D","S/D","S/D","S/D"
2015,9449,28/12/2015,"Lunes",0,18:00:00,,"0.0",2,"Automóvil,Moto/Ciclomotor","Soldado Aguirre Y San Nicolas",2,1,0,0,1,0,0,,"Calle",,"VILLA GOBERNADOR GÁLVEZ","Rosario","Asfalto","No existe","II","Dentro","Urbana","Ninguna","No existe","Intersección","Bueno","Buena","Diurna","Buen Tiempo","Lateral","S/D","Colisión","Ninguna","Faltante","Ninguna","Sin restricción"
2015,9450,18/12/2015,"Viernes",0,11:30:00,,"0.0",2,"Pickup/Utilitario,Automóvil","Brown Y Buenameson",3,2,0,0,1,0,0,,"Calle",,"VILLA GOBERNADOR GÁLVEZ","Rosario","Asfalto","No existe","II","Dentro","Urbana","Ninguna","No existe","Recta","Bueno","Buena","Diurna","Buen Tiempo","Lateral","S/D","Colisión","Agua","Faltante","Ninguna","Sin restricción"
2015,9451,03/11/2015,"Martes",0,11:30:00,,"0.0",2,"Automóvil,Moto/Ciclomotor","Buenos Aires Y Ing Mosconi",2,1,0,0,1,0,0,,"Calle",,"VILLA GOBERNADOR GÁLVEZ","Rosario","Asfalto","No existe","II","S/D","Urbana","Ninguna","No existe","Recta","Bueno","Buena","Diurna","Buen Tiempo","Lateral","S/D","Colisión","Ninguna","Faltante","Ninguna","Sin restricción"
2015,9452,27/12/2015,"Domingo",0,20:00:00,"Ruta Provincial 16","0.0",2,"Automóvil,Pickup/Utilitario","RTA. PROV. 16 Y CALLE 11",3,1,0,0,2,0,0,,"Ruta",16,"PUEBLO ESTHER","Rosario","Asfalto","Ripio","II","S/D","Urbana","Ninguna","No existe","Recta","Bueno","Buena","Atardecer","Buen Tiempo","Otro","S/D","Colisión","S/D","Faltante","Ninguna","Sin restricción"
2015,9453,06/12/2015,"Domingo",0,07:30:00,,"0.0",1,"Moto/Ciclomotor","SIMON BOLIVAR 980",2,2,0,0,0,0,0,,"Calle",,"PUEBLO ESTHER","Rosario","Asfalto","S/D","II","S/D","Urbana","Ninguna","S/D","Recta","Bueno","S/D","Diurna","Buen Tiempo","S/D","S/D","Vuelco","Ninguna","Faltante","Ninguna","Sin restricción"
2015,9454,05/11/2015,"Jueves",0,13:30:00,,"0.0",2,"Bicicleta,Camión","Buenos Aires Y Biedma",2,0,0,0,1,1,0,"-32.982337, -60.641578","Calle",,"ROSARIO","Rosario","Asfalto","No existe","II","Dentro","Urbana","Ninguna","No existe","Recta","Bueno","Buena","Diurna","Buen Tiempo","S/D","S/D","Atropello","Ninguna","S/D","Ninguna","Sin restricción"
2015,9455,24/12/2015,"Jueves",0,01:11:00,,"0.0",2,"Automóvil,Automóvil","ESPAÑA  Y OROÑO",3,1,0,0,2,0,0,,"Calle",,"PUEBLO ESTHER","Rosario","Asfalto","Pavimento","II","S/D","Urbana","Ninguna","Funciona","Intersección","Bueno","Buena","Nocturna","Buen Tiempo","Otro","S/D","Otro","Ninguna","Faltante","Ninguna","Sin restricción"
2015,9456,30/09/2015,"Miercoles",0,18:00:00,"Ruta Nacional 11","569.0",3,"Automóvil,Automóvil,Camión"," ",4,1,0,0,3,0,0,,"Ruta",11,"SAN JUSTO","San Justo","S/D","S/D","XVI","Dentro","Urbana","S/D","S/D","Recta","S/D","S/D","Diurna","S/D","De alcance,Múltiple","S/D","Colisión","S/D","S/D","S/D","S/D"
2015,9457,06/11/2015,"Viernes",0,02:30:00,"Ruta Provincial 14","0.0",1,"Automóvil","CURVA VIALIDAD ",2,0,0,0,0,2,0,"-34.011434, -61.926222","Ruta",14,"MARÍA TERESA","General López","Hormigón","Natural","VIII","Dentro","Urbana","S/D","S/D","S/D","S/D","S/D","Nocturna","S/D","S/D","S/D","Vuelco,Despiste","S/D","S/D","S/D","S/D"
2015,9458,20/12/2015,"Domingo",0,08:55:00,"Ruta Secundaria 20-s","0.0",1,"Pickup/Utilitario"," ",6,6,0,0,0,0,0,,"Ruta","20-s","LANDETA","San Martín","Asfalto","Natural","XVIII","Dentro","Urbana","Ninguna","No existe","Recta","Deteriorada","Buena","Diurna","Buen Tiempo","S/D","S/D","Vuelco","Ninguna","Vertical","Línea divisoria pintada","Sin restricción"
2015,9459,24/12/2015,"Jueves",0,13:10:00,,"0.0",2,"Automóvil,Moto/Ciclomotor","Pueyrredon Y Carlos Doce",3,2,0,0,1,0,0,,"Calle",,"CAÑADA ROSQUÍN","San Martín","Asfalto","Natural","XVIII","Dentro","Urbana","Otra Señal","No existe","Intersección","Bueno","Buena","Diurna","Buen Tiempo","Lateral","S/D","Colisión","Ninguna","Vertical","Ninguna","Sin restricción"
2015,9460,19/12/2015,"Sabado",0,22:15:00,"Ruta Nacional 34","128.0",2,"Pickup/Utilitario,Moto/Ciclomotor"," ",2,1,1,0,0,0,0,,"Ruta",34,"CAÑADA ROSQUÍN","San Martín","Asfalto","Natural","XVIII","Dentro","Rural","Ninguna","No existe","Recta","Bueno","Reducida","Nocturna","Buen Tiempo","De alcance","S/D","Colisión","Ninguna","Horizontal","Ninguna","Sin restricción"