"anio_acci","nro_acci","fecha","desc_dia","fecha_aprox","hora_aprox","desc_ruta","km","cant_participantes","desc_participante","calle_avenida_km","total","heridos_leves","heridos_graves","heridos_gravisimos","ilesos","fallecidos","sin_datos","posicion_XY","desc_tipo_via","desc_ruta_ori","desc_loc","desc_dpto","desc_tipo_calzada","desc_tipo_banquina","desc_unidad_regional","desc_lugar_calzada","desc_zona","desc_prioridad","desc_estado_semaforo","desc_lugar_via","desc_estado_via","desc_estado_visibilidad","desc_luminosidad","desc_estado_clima","desc_tipo_colision","desc_tipo_atropello","desc_tipo_hecho","desc_pres_calzada","desc_senializacion","desc_separacion_via","desc_restriccion"
2015,9461,06/12/2015,"Domingo",0,22:30:00,,"0.0",2,"Automóvil,Moto/Ciclomotor","San Martin Y Caseros",2,0,1,0,1,0,0,,"Calle",,"MURPHY","General López","Asfalto","Pavimento","VIII","Dentro","Urbana","Ninguna","No existe","Intersección","Bueno","Buena","Nocturna","Buen Tiempo","S/D","S/D","Colisión","S/D","S/D","Ninguna","S/D"
2015,9462,12/11/2015,"Jueves",0,23:20:00,"Ruta Nacional 33","532.5",2,"Pickup/Utilitario,Camión"," ",6,3,0,0,1,2,0,"-34.302877, -62.726575","Ruta",33,"RUFINO","General López","Hormigón","Natural","VIII","Dentro","Urbana","Ninguna","No existe","Recta","S/D","S/D","Nocturna","Buen Tiempo","Contra objeto fijo","S/D","Colisión","S/D","Horizontal","S/D","Sin restricción"
2015,9463,05/12/2015,"Sabado",0,13:30:00,,"0.0",2,"Moto/Ciclomotor,Automóvil","Alberdi Y Belgrano",2,1,0,0,1,0,0,,"Calle",,"MURPHY","General López","Hormigón","Natural","VIII","Dentro","Urbana","Ninguna","No existe","Intersección","Bueno","Buena","Diurna","Buen Tiempo","Lateral","S/D","Colisión","S/D","Faltante","Ninguna","Sin restricción"
2015,9464,07/12/2015,"Lunes",0,02:00:00,,"0.0",2,"Moto/Ciclomotor,Automóvil","Hipolito Yrigoyen Y Av Freyre",2,1,0,0,1,0,0,,"Calle",,"SANTA FE","La Capital","S/D","S/D","I","S/D","Urbana","S/D","S/D","Intersección","S/D","S/D","Nocturna","S/D","S/D","S/D","Colisión","S/D","S/D","S/D","S/D"
2015,9465,01/12/2015,"Martes",0,10:15:00,,"0.0",2,"Moto/Ciclomotor,Automóvil","Av Lopez y Planes Y Candido Pujato",2,1,0,0,1,0,0,,"Calle",,"SANTA FE","La Capital","S/D","S/D","I","S/D","Urbana","S/D","S/D","Intersección","S/D","S/D","Diurna","S/D","S/D","S/D","Colisión","S/D","S/D","S/D","S/D"
2015,9466,14/11/2015,"Sabado",0,17:00:00,"Ruta Secundaria 98-s","0.0",2,"Moto/Ciclomotor,Moto/Ciclomotor","Calle 75-Lisandro de la Torre ",3,2,0,0,0,1,0,"-29.012430, -59.651300","Ruta","98-s","RECONQUISTA","General Obligado","S/D","S/D","IX","Dentro","Urbana","S/D","S/D","S/D","S/D","S/D","Diurna","S/D","S/D","S/D","Colisión","S/D","S/D","S/D","S/D"
2015,9467,28/12/2015,"Lunes",0,08:10:00,,"0.0",2,"Automóvil,Moto/Ciclomotor","Belgrano Y Hernandarias",2,1,0,0,1,0,0,,"Avenida",,"CERES","San Cristóbal","Hormigón","No existe","XIII","Dentro","Urbana","Ninguna","No existe","Intersección","Bueno","Buena","Diurna","Buen Tiempo","Lateral","S/D","Colisión","Otro","Faltante","Cordón divisorio","Sin restricción"
2015,9468,10/12/2015,"Jueves",0,,,"0.0",1,"Moto/Ciclomotor","Av Vicente Lopez y Planes Y Belgrano",1,1,0,0,0,0,0,,"Avenida",,"CERES","San Cristóbal","Asfalto","No existe","XIII","S/D","S/D","Ninguna","No existe","Intersección","Bueno","Reducida","Nocturna","Buen Tiempo","S/D","S/D","Caída ocupante","S/D","Faltante","Vegetación","Sin restricción"
2015,9469,10/12/2015,"Jueves",0,18:55:00,,"0.0",2,"Bicicleta,Automóvil","Av. Corrientes Y H. Brandoni",2,1,0,0,1,0,0,,"Calle",,"ROSARIO","Rosario","Asfalto","No existe","II","Dentro","Urbana","Ninguna","No existe","Intersección","Bueno","Buena","Diurna","Otro","S/D","S/D","Atropello","Ninguna","Faltante","Ninguna","Sin restricción"
2015,9470,16/12/2015,"Miercoles",0,13:20:00,,"0.0",2,"Peatón,Automóvil","San Martin Y Patricios",2,1,0,0,0,0,1,,"Avenida",,"ROSARIO","Rosario","Asfalto","No existe","II","Dentro","Urbana","Ninguna","Funciona","Intersección","Bueno","S/D","Diurna","Otro","S/D","S/D","Atropello","Ninguna","Vertical","Línea divisoria pintada","Sin restricción"
2015,9471,20/12/2015,"Domingo",0,18:50:00,,"0.0",2,"Moto/Ciclomotor,Moto/Ciclomotor","Av. Battle y Ordoñez Y San Martin",2,1,0,0,1,0,0,,"Avenida",,"ROSARIO","Rosario","Asfalto","No existe","II","Dentro","Urbana","Ninguna","Funciona","Intersección","Bueno","Buena","Diurna","Otro","Otro","S/D","Colisión","Ninguna","Vertical","Línea divisoria pintada","Sin restricción"
2015,9472,17/09/2015,"Jueves",0,16:00:00,,"0.0",1,"Moto/Ciclomotor","Calle 68-Armada Argentina 1860",3,0,3,0,0,0,0,,"Calle",,"RECONQUISTA","General Obligado","S/D","S/D","IX","Dentro","Urbana","S/D","S/D","Recta","S/D","S/D","Diurna","S/D","Contra objeto fijo","S/D","Colisión","S/D","S/D","S/D","S/D"
2015,9473,22/12/2015,"Martes",0,16:10:00,,"0.0",2,"Moto/Ciclomotor,Moto/Ciclomotor","Av. Bermudez Y Alzugaray",3,1,0,0,2,0,0,,"Avenida",,"ROSARIO","Rosario","Asfalto","No existe","II","Dentro","Urbana","Ninguna","No existe","Intersección","Bueno","Buena","Diurna","Otro","Otro","S/D","Colisión","Ninguna","Horizontal","Ninguna","Sin restricción"
2015,9474,14/11/2015,"Sabado",0,19:30:00,"Ruta Provincial 93","0.0",1,"Moto/Ciclomotor","FRENTE PLANTA AFA ",1,0,0,0,0,1,0,"-33.486303, -61.486577","Ruta",93,"PUEBLO MIGUEL TORRES","General López","S/D","S/D","VIII","Fuera","Rural","S/D","S/D","S/D","S/D","S/D","Atardecer","S/D","Contra objeto fijo","S/D","Colisión","S/D","S/D","S/D","S/D"
2015,9475,28/12/2015,"Lunes",0,09:00:00,,"0.0",3,"Camión,Camión,Camión","Av. Circunvalacion Y Av. Bermudez",3,2,0,0,1,0,0,,"Avenida",,"ROSARIO","Rosario","Asfalto","Pavimento","II","S/D","Urbana","Ninguna","No funciona","Recta","Bueno","Buena","Diurna","Otro","Múltiple,Otro","S/D","Colisión","Ninguna","Faltante","Guardarrail","Sin restricción"
2015,9476,15/12/2015,"Martes",0,20:45:00,,"0.0",2,"Moto/Ciclomotor,Automóvil","Cervantes Y Corrientes",2,1,0,0,1,0,0,,"Calle",,"VILLA GOBERNADOR GÁLVEZ","Rosario","Asfalto","No existe","II","S/D","Urbana","Ninguna","No existe","Recta","Deteriorada","Buena","Nocturna,Con luz artificial","Buen Tiempo","De alcance","S/D","Colisión","Ninguna","Faltante","Ninguna","Sin restricción"
2015,9477,15/12/2015,"Martes",0,11:30:00,,"0.0",2,"Moto/Ciclomotor,Automóvil","Alvear Y Maipu",3,1,0,0,1,0,1,,"Calle",,"VILLA GOBERNADOR GÁLVEZ","Rosario","Asfalto","No existe","II","S/D","Urbana","Ninguna","No existe","Recta","Bueno","Buena","Diurna","Buen Tiempo","Frontal","S/D","Colisión","Ninguna","Faltante","Ninguna","Sin restricción"
2015,9478,11/12/2015,"Viernes",0,18:30:00,,"0.0",2,"Automóvil,Automóvil","Av Argentina Y Remedios de San Martin",3,2,0,0,1,0,0,,"S/D",,"VILLA GOBERNADOR GÁLVEZ","Rosario","Asfalto","S/D","II","S/D","S/D","S/D","S/D","Recta","Bueno","Buena","Diurna","S/D","S/D","S/D","S/D","Ninguna","Horizontal","S/D","S/D"
2015,9479,11/12/2015,"Viernes",0,21:55:00,,"0.0",2,"Automóvil,Automóvil","Cervantes Y M Cambeira",4,2,0,0,2,0,0,,"Calle",,"VILLA GOBERNADOR GÁLVEZ","Rosario","Asfalto","No existe","II","S/D","Urbana","S/D","No existe","Recta","Deteriorada","Buena","Nocturna,Con luz artificial","Buen Tiempo","S/D","S/D","S/D","Ninguna","Faltante","Ninguna","S/D"
2015,9480,10/12/2015,"Jueves",0,07:20:00,,"0.0",2,"Moto/Ciclomotor,Moto/Ciclomotor","Cervantes bis 37",3,1,0,0,1,0,1,,"S/D",,"VILLA GOBERNADOR GÁLVEZ","Rosario","Asfalto","No existe","II","S/D","Urbana","Ninguna","No existe","Recta","Bueno","Buena","Diurna","Buen Tiempo","De alcance","S/D","Colisión","Ninguna","Faltante","Ninguna","Sin restricción"
2015,9481,11/12/2015,"Viernes",0,22:40:00,,"0.0",2,"Moto/Ciclomotor,Moto/Ciclomotor"," ",2,1,0,0,1,0,0,,"Calle",,"VILLA GOBERNADOR GÁLVEZ","Rosario","Asfalto","Pavimento","II","Dentro","Urbana","Ninguna","No existe","Recta","Bueno","Buena","Nocturna","Buen Tiempo","Lateral","S/D","Colisión","Ninguna","Faltante","Ninguna","Sin restricción"
2015,9482,05/12/2015,"Sabado",0,10:30:00,,"0.0",2,"Peatón,Pickup/Utilitario","Av Gral San Martin Y Av Juan Domingo Peron",2,1,0,0,1,0,0,,"Calle",,"VILLA GOBERNADOR GÁLVEZ","Rosario","Asfalto","No existe","II","Dentro","Urbana","Semáforo","Funciona","Intersección","Bueno","Buena","Diurna","Buen Tiempo","S/D","S/D","Atropello","Ninguna","Faltante","Ninguna","Sin restricción"
2015,9483,18/12/2015,"Viernes",0,23:15:00,,"0.0",2,"Moto/Ciclomotor,Automóvil","Av Gral San Martin Y I A Edison",2,1,0,0,1,0,0,,"Calle",,"VILLA GOBERNADOR GÁLVEZ","Rosario","Asfalto","No existe","II","Dentro","Urbana","Ninguna","No existe","Intersección","Bueno","Buena","Nocturna","Buen Tiempo","Lateral","S/D","Colisión","Ninguna","Faltante","Ninguna","Sin restricción"
2015,9484,25/12/2015,"Viernes",0,03:30:00,,"0.0",1,"Moto/Ciclomotor","Av Gral San Martin 1500",3,2,1,0,0,0,0,,"Calle",,"VILLA GOBERNADOR GÁLVEZ","Rosario","Asfalto","No existe","II","Dentro","Urbana","Ninguna","No existe","Recta","Bueno","Buena","Nocturna","Buen Tiempo","S/D","S/D","Vuelco","Ninguna","Faltante","Ninguna","S/D"
2015,9485,27/12/2015,"Domingo",0,10:00:00,,"0.0",2,"Moto/Ciclomotor,Automóvil","Andreu Y Pje 4",2,0,1,0,1,0,0,,"S/D",,"VILLA GOBERNADOR GÁLVEZ","Rosario","Tierra","No existe","II","Dentro","Urbana","Ninguna","No existe","Intersección","Con baches","Buena","Diurna","Buen Tiempo","Lateral","S/D","Colisión","Ninguna","Faltante","Ninguna","Sin restricción"
2015,9486,15/12/2015,"Martes",0,10:50:00,,"0.0",2,"Moto/Ciclomotor,Automóvil","Av Juan Domingo Peron Y Fornieles",2,1,0,0,1,0,0,,"Calle",,"VILLA GOBERNADOR GÁLVEZ","Rosario","Asfalto","No existe","II","Dentro","Urbana","Ninguna","No existe","Intersección","Bueno","Buena","Diurna","Buen Tiempo","Lateral","S/D","Colisión","Ninguna","Faltante","Ninguna","Sin restricción"
2015,9487,26/12/2015,"Sabado",0,01:50:00,,"0.0",1,"Moto/Ciclomotor","Av Gral San Martin Y Belgrano",1,1,0,0,0,0,0,,"Calle",,"VILLA GOBERNADOR GÁLVEZ","Rosario","Asfalto","No existe","II","Dentro","Urbana","Semáforo","Funciona","Intersección","Bueno","Buena","Nocturna","Buen Tiempo","Lateral","S/D","Vuelco","Ninguna","Faltante","Ninguna","Sin restricción"
2015,9488,04/12/2015,"Viernes",0,12:40:00,,"0.0",2,"Moto/Ciclomotor,Automóvil","Av Gral San Martin Y Av de Circunvalacion",2,1,0,0,1,0,0,,"Calle",,"VILLA GOBERNADOR GÁLVEZ","Rosario","Asfalto","No existe","II","Dentro","Urbana","Ninguna","No existe","Intersección","Bueno","Buena","Diurna","Buen Tiempo","Lateral","S/D","Colisión","Ninguna","Faltante","Ninguna","Sin restricción"
2015,9489,01/12/2015,"Martes",0,18:30:00,,"0.0",2,"Automóvil,Moto/Ciclomotor","Avellaneda Y Ing Mosconi",2,1,0,0,1,0,0,,"Calle",,"VILLA GOBERNADOR GÁLVEZ","Rosario","Asfalto","No existe","II","Dentro","Urbana","Señal Pare","No existe","Recta","Bueno","Buena","Diurna","Buen Tiempo","Lateral","S/D","Colisión","Ninguna","Faltante","Ninguna","Sin restricción"
2015,9490,10/12/2015,"Jueves",0,12:50:00,,"0.0",2,"Automóvil,Moto/Ciclomotor","Ing Mosconi Y Falucho",3,2,0,0,1,0,0,,"Calle",,"VILLA GOBERNADOR GÁLVEZ","Rosario","Asfalto","No existe","II","Dentro","Urbana","Ninguna","No existe","Intersección","Bueno","Buena","Diurna","Buen Tiempo","Lateral","S/D","Colisión","Ninguna","Faltante","Ninguna","Sin restricción"
2015,9491,12/12/2015,"Sabado",0,22:55:00,,"0.0",2,"Automóvil,Moto/Ciclomotor","Iriondo Y Ing Mosconi",2,1,0,0,1,0,0,,"Calle",,"VILLA GOBERNADOR GÁLVEZ","Rosario","Asfalto","No existe","II","Dentro","Urbana","Ninguna","No existe","Intersección","Bueno","Reducida","Nocturna","Buen Tiempo","Lateral","S/D","Colisión","Ninguna","Faltante","Ninguna","Sin restricción"
2015,9492,19/12/2015,"Sabado",0,16:20:00,,"0.0",2,"Automóvil,Moto/Ciclomotor","Las heras Y Juan B Justo",2,1,0,0,1,0,0,,"Calle",,"VILLA GOBERNADOR GÁLVEZ","Rosario","Asfalto","No existe","II","Dentro","Urbana","Ninguna","No existe","Intersección","Bueno","Buena","Diurna","Buen Tiempo","Lateral","S/D","Colisión","Ninguna","Faltante","Ninguna","Sin restricción"
2015,9493,28/12/2015,"Lunes",0,17:30:00,,"0.0",2,"Automóvil,Moto/Ciclomotor","Ing Mosconi Y Urquiza",2,1,0,0,1,0,0,,"Calle",,"VILLA GOBERNADOR GÁLVEZ","Rosario","Asfalto","No existe","II","Dentro","Urbana","Ninguna","No existe","Intersección","Bueno","Buena","Diurna","Buen Tiempo","Lateral","S/D","Colisión","Ninguna","Faltante","Ninguna","Sin restricción"
2015,9494,10/12/2015,"Jueves",0,19:50:00,,"0.0",2,"Bicicleta,Vehículo Oficial","Bv. Oroño Y Av. Dante Alighieri",3,1,0,0,2,0,0,,"Avenida",,"ROSARIO","Rosario","Asfalto","S/D","II","Dentro","Urbana","S/D","S/D","Intersección","Bueno","S/D","Atardecer","Buen Tiempo","S/D","S/D","Atropello","S/D","Vertical","S/D","S/D"
2015,9495,01/12/2015,"Martes",0,09:10:00,,"0.0",2,"Automóvil,Moto/Ciclomotor","Av. Pellegrini Y Pte.Roca",2,1,0,0,1,0,0,,"Calle",,"ROSARIO","Rosario","Asfalto","S/D","II","Dentro","Urbana","Semáforo","Funciona","Intersección","Bueno","Buena","Diurna","Buen Tiempo","Lateral","S/D","Colisión","S/D","Vertical","Cordón divisorio","S/D"
2015,9496,15/11/2015,"Domingo",0,12:25:00,,"0.0",3,"Moto/Ciclomotor,Moto/Ciclomotor,Automóvil","Bv Sarmiento 1900",3,1,0,0,1,1,0,"-28.482373, -59.357975","Calle",,"VILLA OCAMPO","General Obligado","Asfalto","No existe","IX","Dentro","Urbana","S/D","S/D","Recta","Bueno","Buena","Diurna","Buen Tiempo","Múltiple","S/D","Colisión","Otro","S/D","Ninguna","Sin restricción"
2015,9497,04/12/2015,"Viernes",0,18:15:00,,"0.0",2,"Moto/Ciclomotor,Automóvil","Bv. 27 De Febrero Y Sarmiento",2,1,0,0,1,0,0,,"Avenida",,"ROSARIO","Rosario","Asfalto","S/D","II","Dentro","Urbana","S/D","Funciona","Intersección","Bueno","Buena","Diurna","Buen Tiempo","Lateral","S/D","Colisión","S/D","Vertical","S/D","S/D"
2015,9498,19/11/2015,"Jueves",0,03:30:00,"Ruta Nacional 11","799.5",2,"Peatón,Camión"," ",2,0,0,0,1,1,0,"-29.061358, -59.618563","Ruta",11,"AVELLANEDA","General Obligado","Hormigón","Natural","IX","Dentro","S/D","S/D","S/D","S/D","S/D","S/D","Nocturna","S/D","S/D","S/D","Atropello","S/D","S/D","S/D","S/D"
2015,9499,25/12/2015,"Viernes",0,16:30:00,,"0.0",2,"Moto/Ciclomotor,Moto/Ciclomotor","Necochea Y Pje. Ivanowsky",2,1,0,0,1,0,0,,"Calle",,"ROSARIO","Rosario","Asfalto","No existe","II","Dentro","Urbana","Ninguna","No existe","Intersección","Bueno","Buena","Diurna","Buen Tiempo","Lateral","S/D","Colisión","Ninguna","Faltante","S/D","Sin restricción"
2015,9500,20/11/2015,"Viernes",0,,"Ruta Secundaria 93-s","0.0",2,"Peatón,Automóvil","RP93S ALTURA COLONIA LA BLANCA ",2,0,0,0,1,1,0,"-30.196357, -60.474858","Ruta","93-s","SAN JUSTO","San Justo","S/D","S/D","XVI","Dentro","S/D","S/D","S/D","S/D","S/D","S/D","S/D","S/D","S/D","S/D","Atropello","S/D","S/D","S/D","S/D"
2015,9501,20/11/2015,"Viernes",0,,,"0.0",1,"Moto/Ciclomotor","MATHEU Y BELGRANO",1,0,0,0,0,1,0,"-33.793589, -61.207842","Calle",,"WHEELWRIGHT","General López","S/D","S/D","VIII","Dentro","Urbana","S/D","S/D","Recta","S/D","S/D","S/D","S/D","Contra objeto fijo","S/D","Colisión","S/D","S/D","S/D","S/D"
2015,9502,17/09/2015,"Jueves",0,20:00:00,,"0.0",2,"Moto/Ciclomotor,Bicicleta","Brigadier Estanialao Lopez ",2,2,0,0,0,0,0,,"Calle",,"VILLA OCAMPO","General Obligado","S/D","S/D","IX","Dentro","Urbana","S/D","S/D","Recta","S/D","S/D","Nocturna","S/D","S/D","S/D","Atropello","S/D","S/D","S/D","S/D"
2015,9503,29/12/2015,"Martes",0,13:00:00,,"0.0",2,"Moto/Ciclomotor,Automóvil","Ayolas Y Buenos Aires",2,1,0,0,1,0,0,,"Calle",,"ROSARIO","Rosario","Asfalto","No existe","II","Dentro","Urbana","Ninguna","No existe","Intersección","Bueno","Buena","Diurna","Buen Tiempo","Lateral","S/D","Colisión","Ninguna","Faltante","Ninguna","Sin restricción"
2015,9504,21/09/2015,"Lunes",0,07:15:00,,"0.0",2,"Automóvil,Moto/Ciclomotor","2 de Abril Y Juan B Justo",3,1,0,0,2,0,0,,"Calle",,"VENADO TUERTO","General López","S/D","S/D","VIII","Dentro","Urbana","S/D","S/D","Intersección","S/D","S/D","Diurna","S/D","S/D","S/D","Colisión","S/D","S/D","S/D","S/D"
2015,9505,20/09/2015,"Domingo",0,,,"0.0",2,"Moto/Ciclomotor,Automóvil"," ",4,1,0,0,3,0,0,,"S/D",,"VENADO TUERTO","General López","S/D","S/D","VIII","Dentro","Urbana","S/D","S/D","S/D","S/D","S/D","S/D","S/D","S/D","S/D","Colisión","S/D","S/D","S/D","S/D"
2015,9506,23/12/2015,"Miercoles",0,08:30:00,,"0.0",2,"Moto/Ciclomotor,Automóvil","Bv. Segui Y L.N.Alem",3,2,0,0,1,0,0,,"Calle",,"ROSARIO","Rosario","Asfalto","No existe","II","Dentro","Urbana","Ninguna","No existe","Intersección","Bueno","Buena","Diurna","Buen Tiempo","Lateral","S/D","Colisión","Ninguna","Faltante","Ninguna","Sin restricción"
2015,9507,20/09/2015,"Domingo",0,,,"0.0",2,"Automóvil,Moto/Ciclomotor","Mendoza Y Las Heras",2,0,1,0,1,0,0,,"Calle",,"VENADO TUERTO","General López","S/D","S/D","VIII","Dentro","Urbana","S/D","S/D","Intersección","S/D","S/D","Diurna","S/D","S/D","S/D","Colisión","S/D","S/D","S/D","S/D"
2015,9509,21/11/2015,"Sabado",0,03:30:00,,"0.0",1,"Moto/Ciclomotor","Av. Sorrento Y Av. Provincias Unidas",1,0,0,0,0,1,0,"-32.908022, -60.713989","Avenida",,"ROSARIO","Rosario","Asfalto","No existe","II","Dentro","Urbana","S/D","S/D","S/D","S/D","S/D","Nocturna","S/D","Contra objeto fijo","S/D","Colisión","S/D","S/D","S/D","S/D"
2015,9510,21/12/2015,"Lunes",0,21:30:00,,"0.0",2,"Moto/Ciclomotor,Moto/Ciclomotor","Grandoli Y Dr.Rivas",3,2,0,0,1,0,0,,"Calle",,"ROSARIO","Rosario","Asfalto","No existe","II","S/D","Urbana","Ninguna","No existe","Intersección","Bueno","Buena","Nocturna,Con luz artificial","Buen Tiempo","Lateral","S/D","Colisión","Ninguna","Faltante","Ninguna","Sin restricción"
2015,9511,18/12/2015,"Viernes",0,17:18:00,,"0.0",2,"Automóvil,Moto/Ciclomotor","Centeno 600",2,1,0,0,1,0,0,,"Calle",,"ROSARIO","Rosario","Hormigón","No existe","II","S/D","Urbana","Ninguna","No existe","Otro","Bueno","Buena","Diurna","Buen Tiempo","Lateral","S/D","Colisión","Ninguna","Faltante","Ninguna","Sin restricción"
2015,9512,21/11/2015,"Sabado",0,10:30:00,,"0.0",2,"Moto/Ciclomotor,Otros","Pje. Chizzini Bis Y Av. Brassey",2,0,0,0,0,1,1,"-32.923211, -60.745751","Calle",,"ROSARIO","Rosario","S/D","S/D","II","Dentro","Urbana","S/D","S/D","S/D","S/D","S/D","Diurna","S/D","S/D","S/D","Colisión","S/D","S/D","S/D","S/D"
2015,9513,09/12/2015,"Miercoles",0,18:05:00,,"0.0",2,"Transporte de Pasajeros Urbano (> 8 asientos),Peatón","Av Filipini Y Lavalle",2,1,0,0,1,0,0,,"Calle",,"VILLA GOBERNADOR GÁLVEZ","Rosario","Asfalto","No existe","II","Dentro","Urbana","Ninguna","No existe","Recta","Bueno","Buena","Diurna","Buen Tiempo","Otro","S/D","Atropello","Ninguna","Horizontal","Ninguna","Sin restricción"
2015,9514,24/12/2015,"Jueves",0,11:00:00,,"0.0",1,"Moto/Ciclomotor","Magallanes Y Pje Capuchinos",2,0,0,1,1,0,0,,"Calle",,"VILLA GOBERNADOR GÁLVEZ","Rosario","Asfalto","No existe","II","Dentro","Urbana","Ninguna","No existe","Recta","Deteriorada","Buena","Diurna","Buen Tiempo","Otro","S/D","Atropello","Material Suelto","Faltante","Ninguna","Sin restricción"
2015,9515,24/12/2015,"Jueves",0,11:30:00,,"0.0",2,"Moto/Ciclomotor,Moto/Ciclomotor","Av Filipini Y Balcarce",2,1,0,0,1,0,0,,"Calle",,"VILLA GOBERNADOR GÁLVEZ","Rosario","Asfalto","No existe","II","Dentro","Urbana","Ninguna","No existe","Recta","Bueno","Buena","Diurna","Buen Tiempo","Lateral","S/D","Colisión","Ninguna","Faltante","Ninguna","Sin restricción"
2015,9516,13/12/2015,"Domingo",0,11:10:00,,"0.0",2,"Peatón,Pickup/Utilitario","Creonte Pineschi Y Urquiza",2,1,0,0,1,0,0,,"Calle",,"GENERAL LAGOS","Rosario","Asfalto,Ripio","No existe","II","S/D","Urbana","Ninguna","No existe","Intersección","Bueno","Buena","Diurna","Buen Tiempo","Otro","S/D","Atropello","S/D","Faltante","Ninguna","Sin restricción"
2015,9517,23/11/2015,"Lunes",0,05:30:00,"Ruta Nacional 34","231.0",2,"Bicicleta,Camión"," ",2,0,0,0,1,1,0,"-30.324849, -61.687475","Ruta",34,"LEHMANN","Castellanos","S/D","Natural","V","Dentro","Urbana","S/D","S/D","S/D","S/D","S/D","Amanecer","S/D","S/D","S/D","Atropello","S/D","S/D","S/D","S/D"
2015,9518,17/12/2015,"Jueves",0,07:15:00,"Autopista Nacional Gral. Juan Jose Valle","273.5",1,"Automóvil"," ",2,1,0,0,1,0,0,,"Autopista","Gral. Juan Jose Valle","GENERAL LAGOS","Rosario","Asfalto","Natural","II","Fuera","Rural","Ninguna","No existe","Recta","Bueno","Buena","Diurna","Buen Tiempo","Otro","S/D","Vuelco,Despiste","S/D","Horizontal,Vertical","Vegetación","Sin restricción"
2015,9519,25/11/2015,"Miercoles",0,18:50:00,"Ruta Nacional 34","232.0",2,"Moto/Ciclomotor,Camión","RN 34 FRENTE AL COMEDOR PARRILLADA TRUCCO ",2,0,0,0,1,1,0,"-30.316347, -61.691544","Ruta",34,"LEHMANN","Castellanos","S/D","Natural","V","Dentro","S/D","S/D","S/D","Recta","S/D","S/D","Atardecer","S/D","S/D","S/D","Colisión","S/D","S/D","S/D","S/D"
2015,9520,20/12/2015,"Domingo",0,22:30:00,"Autopista Nacional Gral. Juan Jose Valle","272.0",2,"Camión,Automóvil"," ",5,3,0,0,2,0,0,,"Autopista","Gral. Juan Jose Valle","GENERAL LAGOS","Rosario","Asfalto","Natural","II","Dentro","Rural","Marca Vial","No existe","Recta","Bueno","Reducida","Nocturna","Buen Tiempo","Otro","S/D","Colisión","S/D","Faltante","Vegetación","Sin restricción"
2015,9521,29/11/2015,"Domingo",0,07:15:00,,"0.0",1,"Moto/Ciclomotor","Sarmiento 1500",2,0,0,0,0,2,0,"-32.018685, -61.228046","Calle",,"GÁLVEZ","San Jerónimo","S/D","S/D","XV","Dentro","Urbana","S/D","S/D","S/D","S/D","S/D","Diurna","S/D","Contra objeto fijo","S/D","Caída ocupante,Colisión","S/D","S/D","S/D","S/D"
2015,9522,29/11/2015,"Domingo",0,22:05:00,,"0.0",2,"Peatón,Automóvil","Junin 900",2,0,0,0,0,1,1,"-32.779131, -60.740583","Calle",,"FRAY LUIS BELTRÁN","San Lorenzo","S/D","S/D","XVII","Dentro","Urbana","S/D","S/D","S/D","S/D","S/D","Nocturna","S/D","S/D","S/D","Atropello","S/D","S/D","S/D","S/D"
2015,9523,26/12/2015,"Sabado",0,11:40:00,,"0.0",2,"Bicicleta,Automóvil","ESPAÑA  Y JUJUY",3,1,0,0,2,0,0,,"Calle",,"PUEBLO ESTHER","Rosario","Asfalto","S/D","II","S/D","Urbana","Ninguna","S/D","Recta","Bueno","S/D","Diurna","Lluvia","S/D","S/D","Atropello","Ninguna","Faltante","Ninguna","Sin restricción"
2015,9524,29/11/2015,"Domingo",0,10:20:00,"Ruta Provincial 21","28.3",1,"Automóvil"," ",1,1,0,0,0,0,0,,"Ruta",21,"VILLA GOBERNADOR GÁLVEZ","Rosario","Asfalto","Ripio","II","Fuera","Rural","Ninguna","No existe","Recta","Bueno","Buena","Diurna","Buen Tiempo","S/D","S/D","Despiste","Ninguna","Vertical","Línea divisoria pintada","Sin restricción"
2015,9525,01/12/2015,"Martes",0,13:50:00,,"0.0",2,"Moto/Ciclomotor,Automóvil","Av. Provincias Unidas Y White",2,1,0,0,1,0,0,,"Calle",,"ROSARIO","Rosario","Asfalto","S/D","II","Dentro","Urbana","S/D","S/D","Intersección","Bueno","Buena","Diurna","Buen Tiempo","Lateral","S/D","Colisión","S/D","S/D","S/D","Sin restricción"
2015,9526,01/12/2015,"Martes",0,12:45:00,,"0.0",2,"Moto/Ciclomotor,Otros","Tte.Agneta Y Rioja",2,1,0,0,1,0,0,,"Calle",,"ROSARIO","Rosario","Asfalto","No existe","II","Dentro","Urbana","Ninguna","No existe","Intersección","Bueno","Buena","Diurna","Buen Tiempo","Lateral","S/D","Colisión","S/D","S/D","Ninguna","Sin restricción"
2015,9527,02/12/2015,"Miercoles",0,16:15:00,,"0.0",2,"Moto/Ciclomotor,Camión","Peru Y Mendoza",2,1,0,0,1,0,0,,"Calle",,"ROSARIO","Rosario","Asfalto","No existe","II","Dentro","Urbana","Paso Peatonal","No existe","Intersección","Bueno","Buena","Diurna","Buen Tiempo","Lateral","S/D","Colisión","S/D","S/D","S/D","Sin restricción"
2015,9528,20/09/2015,"Domingo",0,,,"0.0",2,"Automóvil,Automóvil","Juan Jose Castelli Y Dr Jose Andres Valdez",4,1,0,0,3,0,0,,"Calle",,"VENADO TUERTO","General López","S/D","S/D","VIII","Dentro","Urbana","S/D","S/D","Intersección","S/D","S/D","Nocturna","S/D","S/D","S/D","Colisión","S/D","S/D","S/D","S/D"