"anio_acci","nro_acci","fecha","desc_dia","fecha_aprox","hora_aprox","desc_ruta","km","cant_participantes","desc_participante","calle_avenida_km","total","heridos_leves","heridos_graves","heridos_gravisimos","ilesos","fallecidos","sin_datos","posicion_XY","desc_tipo_via","desc_ruta_ori","desc_loc","desc_dpto","desc_tipo_calzada","desc_tipo_banquina","desc_unidad_regional","desc_lugar_calzada","desc_zona","desc_prioridad","desc_estado_semaforo","desc_lugar_via","desc_estado_via","desc_estado_visibilidad","desc_luminosidad","desc_estado_clima","desc_tipo_colision","desc_tipo_atropello","desc_tipo_hecho","desc_pres_calzada","desc_senializacion","desc_separacion_via","desc_restriccion"
2015,9529,02/12/2015,"Miercoles",0,11:35:00,,"0.0",2,"Moto/Ciclomotor,Automóvil","Montevideo Y Colombia",2,1,0,0,1,0,0,,"Calle",,"ROSARIO","Rosario","Asfalto","No existe","II","Dentro","Urbana","S/D","S/D","Intersección","Bueno","Buena","Diurna","Buen Tiempo","Lateral","S/D","Colisión","S/D","S/D","S/D","Sin restricción"
2015,9530,04/12/2015,"Viernes",0,12:00:00,,"0.0",2,"Moto/Ciclomotor,Automóvil","San Lorenzo Y Mejico",2,1,0,0,1,0,0,,"Calle",,"ROSARIO","Rosario","Asfalto","No existe","II","Dentro","Urbana","Ninguna","No existe","Intersección","Bueno","Buena","Diurna","Buen Tiempo","Lateral","S/D","Colisión","S/D","S/D","Ninguna","Sin restricción"
2015,9531,07/12/2015,"Lunes",0,21:50:00,,"0.0",2,"Moto/Ciclomotor,Automóvil","Av. Provincias Unidas Y Av. Eva Peron",2,1,0,0,1,0,0,,"Avenida",,"ROSARIO","Rosario","Asfalto","S/D","II","Dentro","Urbana","Semáforo","S/D","Intersección","Bueno","Buena","Nocturna","Buen Tiempo","Lateral","S/D","Colisión","S/D","S/D","Cordón divisorio","Sin restricción"
2015,9532,13/11/2015,"Viernes",0,15:50:00,"Ruta Provincial 13","80.0",1,"Automóvil"," ",4,2,0,0,1,1,0,"-31.820973, -61.827461","Ruta",13,"SASTRE","San Martín","Hormigón","Natural","XVIII","Dentro","Urbana","S/D","S/D","S/D","S/D","S/D","Diurna","Buen Tiempo","S/D","S/D","Vuelco","S/D","Horizontal","S/D","S/D"
2015,9533,09/12/2015,"Miercoles",0,23:05:00,,"0.0",2,"Moto/Ciclomotor,Automóvil","Mendoza Y Colombia",2,1,0,0,1,0,0,,"Calle",,"ROSARIO","Rosario","Asfalto","No existe","II","Dentro","Urbana","S/D","S/D","Intersección","Bueno","Buena","Nocturna,Con luz artificial","Buen Tiempo","Lateral","S/D","Colisión","S/D","S/D","S/D","Sin restricción"
2015,9534,20/09/2015,"Domingo",0,,,"0.0",1,"Automóvil","Marcos Ciani Y Bartolome Long",3,1,0,0,2,0,0,,"Calle",,"VENADO TUERTO","General López","S/D","S/D","VIII","Dentro","Urbana","S/D","S/D","Intersección","S/D","S/D","Nocturna","S/D","S/D","S/D","Vuelco","S/D","S/D","S/D","S/D"
2015,9535,09/12/2015,"Miercoles",0,19:05:00,,"0.0",2,"Moto/Ciclomotor,Automóvil","Peru Y Cerrito",2,1,0,0,1,0,0,,"Calle",,"ROSARIO","Rosario","Asfalto","No existe","II","Dentro","Urbana","S/D","No existe","Intersección","Bueno","Buena","Atardecer","Buen Tiempo","Lateral","S/D","Colisión","S/D","S/D","S/D","S/D"
2015,9536,14/12/2015,"Lunes",0,13:20:00,,"0.0",2,"Moto/Ciclomotor,Automóvil","Av. Pellegrini Y Solis",2,1,0,0,1,0,0,,"Calle",,"ROSARIO","Rosario","Asfalto","S/D","II","Dentro","Urbana","Semáforo","S/D","Intersección","Bueno","Buena","Diurna","Buen Tiempo","Lateral","S/D","Colisión","S/D","S/D","S/D","S/D"
2015,9537,19/09/2015,"Sabado",0,17:00:00,,"0.0",1,"Moto/Ciclomotor","Santa Fe Y Alvear",2,1,0,0,1,0,0,,"Calle",,"VENADO TUERTO","General López","S/D","S/D","VIII","Dentro","Urbana","S/D","S/D","Intersección","S/D","S/D","Diurna","S/D","S/D","S/D","Caída ocupante","S/D","S/D","S/D","S/D"
2015,9538,24/12/2015,"Jueves",0,18:15:00,,"0.0",2,"Moto/Ciclomotor,Automóvil","Av. Eva Peron Y Liniers",2,1,0,0,1,0,0,,"Calle",,"ROSARIO","Rosario","S/D","S/D","II","Dentro","Urbana","S/D","S/D","S/D","S/D","S/D","Atardecer","S/D","S/D","S/D","Colisión","S/D","S/D","S/D","S/D"
2015,9539,25/12/2015,"Viernes",0,11:40:00,,"0.0",2,"Peatón,Automóvil","Gazcon Y Marcos Paz",2,1,0,0,1,0,0,,"Calle",,"ROSARIO","Rosario","Asfalto","S/D","II","Dentro","Urbana","S/D","No existe","Intersección","Bueno","Buena","Diurna","Buen Tiempo","S/D","S/D","Atropello","S/D","S/D","S/D","S/D"
2015,9540,15/11/2015,"Domingo",0,08:30:00,,"0.0",2,"Moto/Ciclomotor,Automóvil","Cerrito Y Dante Alighieri",2,1,0,0,0,1,0,"-33.758189, -61.967888","Calle",,"VENADO TUERTO","General López","Hormigón","No existe","VIII","Dentro","Urbana","S/D","S/D","Recta","Bueno","S/D","Diurna","Buen Tiempo","Contra objeto fijo,Lateral","S/D","Colisión","Ninguna","S/D","S/D","S/D"
2015,9541,17/11/2015,"Martes",0,11:00:00,,"0.0",1,"Moto/Ciclomotor","Martin de Pueyrredon Y Italia",1,0,0,0,0,1,0,"-33.739866, -61.963041","Calle",,"VENADO TUERTO","General López","Hormigón","No existe","VIII","Dentro","Urbana","S/D","S/D","S/D","S/D","S/D","Diurna","S/D","S/D","S/D","Caída ocupante","S/D","S/D","S/D","S/D"
2015,9542,14/12/2015,"Lunes",0,10:50:00,,"0.0",2,"Moto/Ciclomotor,Pickup/Utilitario","Av San Martin 1800",3,2,0,0,1,0,0,,"Avenida",,"PEREZ","Rosario","Asfalto","Pavimento","II","S/D","Urbana","Ninguna","No existe","Otro","Otro","Buena","Diurna","Buen Tiempo","Otro","S/D","Colisión","S/D","Faltante","S/D","S/D"
2015,9543,09/12/2015,"Miercoles",0,16:30:00,"Ruta Nacional 33","0.0",2,"Automóvil,Camión","RTA.NAC.33 Y VIAS F.F.C.C.",4,3,0,0,1,0,0,,"Ruta",33,"PEREZ","Rosario","Asfalto","No existe","II","Dentro","Urbana","S/D","No existe","Paso a Nivel FFCC","Bueno","Reducida","Diurna","Buen Tiempo","Otro","S/D","Colisión","S/D","S/D","S/D","S/D"
2015,9544,01/12/2015,"Martes",0,10:30:00,"Ruta Provincial 21","0.0",2,"Automóvil,Automóvil"," ",2,2,0,0,0,0,0,,"Ruta",21,"ARROYO SECO","Rosario","Asfalto","Natural","II","S/D","Urbana","Ninguna","No existe","Recta","Bueno","Buena","Diurna","Buen Tiempo","Frontal,Lateral","S/D","Colisión","S/D","Faltante","Línea divisoria pintada","S/D"
2015,9545,17/12/2015,"Jueves",0,20:50:00,,"0.0",2,"Automóvil,Moto/Ciclomotor","Juarez Celman Y Libertad",2,1,0,0,1,0,0,,"Avenida",,"ARROYO SECO","Rosario","Asfalto","S/D","II","Fuera","Urbana","Ninguna","No existe","Intersección","Bueno","Buena","Diurna","Buen Tiempo","Lateral","S/D","Colisión","S/D","S/D","Cordón divisorio","S/D"
2015,9546,19/12/2015,"Sabado",0,,,"0.0",2,"Moto/Ciclomotor,Automóvil"," ",3,2,0,0,0,0,1,,"S/D",,"ARROYO SECO","Rosario","Asfalto","Pavimento","II","S/D","Rural","Ninguna","No existe","Recta","Bueno","S/D","S/D","Buen Tiempo","Otro","S/D","Colisión","Ninguna","Horizontal","Ninguna","Sin restricción"
2015,9547,25/12/2015,"Viernes",0,11:30:00,,"0.0",1,"Automóvil","Galvez Y Lisandro de la Torre",1,1,0,0,0,0,0,,"S/D",,"ARROYO SECO","Rosario","Asfalto","No existe","II","Dentro","Urbana","S/D","No existe","Recta","Bueno","S/D","Diurna","Buen Tiempo","Contra objeto fijo","S/D","Colisión","Ninguna","S/D","Ninguna","Sin restricción"
2015,9548,25/12/2015,"Viernes",0,17:45:00,,"0.0",1,"Moto/Ciclomotor","13 Antartida Argentina Y San Martin",2,1,0,0,1,0,0,,"Calle",,"SOLDINI","Rosario","S/D","S/D","II","S/D","Urbana","Ninguna","S/D","Intersección","S/D","Buena","Diurna","Buen Tiempo","S/D","S/D","S/D","S/D","S/D","S/D","S/D"
2015,9549,19/12/2015,"Sabado",0,18:00:00,,"0.0",1,"Peatón","Los Aromos 200",2,1,0,0,0,0,1,,"S/D",,"PEREZ","Rosario","Asfalto","No existe","II","S/D","S/D","Ninguna","No existe","S/D","Bueno","Buena","Diurna","Buen Tiempo","S/D","S/D","Atropello","S/D","Faltante","Ninguna","Sin restricción"
2015,9550,27/12/2015,"Domingo",0,07:40:00,,"0.0",1,"Moto/Ciclomotor","Roca 500",1,1,0,0,0,0,0,,"Calle",,"ACEBAL","Rosario","Asfalto","Pavimento","II","S/D","Urbana","Ninguna","S/D","Recta","Bueno","Buena","Diurna","Buen Tiempo","S/D","S/D","Caída ocupante","S/D","S/D","S/D","Sin restricción"
2015,9551,06/12/2015,"Domingo",0,19:20:00,,"0.0",2,"Automóvil,Moto/Ciclomotor","Irigoyen Y Bernardo Houssay",3,2,0,0,1,0,0,,"Calle",,"FUNES","Rosario","Asfalto","No existe","II","Dentro","Urbana","Ninguna","No existe","Intersección","Bueno","Buena","Atardecer","Buen Tiempo","De alcance","S/D","Colisión","S/D","Faltante","Ninguna","Sin restricción"
2015,9552,21/12/2015,"Lunes",0,18:50:00,,"0.0",2,"Moto/Ciclomotor,Peatón","Iguazu ",2,0,1,0,1,0,0,,"Calle",,"ROSARIO","Rosario","Asfalto","No existe","II","Dentro","Urbana","Ninguna","No existe","Recta","Bueno","Buena","Diurna","Buen Tiempo","Frontal","S/D","Atropello","Ninguna","S/D","Ninguna","Sin restricción"
2015,9553,24/12/2015,"Jueves",0,13:00:00,,"0.0",2,"Automóvil,Moto/Ciclomotor","Baigorria Y Zenon Pereyra",2,1,0,0,1,0,0,,"Calle",,"ROSARIO","Rosario","Asfalto","No existe","II","S/D","Urbana","S/D","S/D","S/D","Bueno","Buena","Diurna","S/D","S/D","S/D","S/D","Otro","Vertical","S/D","S/D"
2015,9554,18/12/2015,"Viernes",0,,,"0.0",2,"Taxi/Remis,Moto/Ciclomotor"," ",4,3,0,0,1,0,0,,"Calle",,"ROSARIO","Rosario","Asfalto","S/D","II","S/D","Urbana","S/D","S/D","S/D","Bueno","Buena","Diurna","S/D","S/D","S/D","S/D","Otro","Vertical","S/D","S/D"
2015,9555,18/12/2015,"Viernes",0,16:50:00,,"0.0",2,"Moto/Ciclomotor,Camión","Castagnino Y Esquivel",3,2,0,0,1,0,0,,"Calle",,"ROSARIO","Rosario","Asfalto","No existe","II","Dentro","Urbana","S/D","S/D","Recta","Bueno","Buena","Diurna","S/D","S/D","S/D","S/D","Otro","Vertical","S/D","S/D"
2015,9556,22/12/2015,"Martes",0,03:00:00,,"0.0",1,"Automóvil","Baigorria Y Camino de los Granaderos",2,0,1,0,1,0,0,,"Avenida",,"ROSARIO","Rosario","Asfalto","No existe","II","Dentro","Urbana","S/D","S/D","Recta","Bueno","Buena","Nocturna","S/D","S/D","S/D","S/D","Otro","Vertical","S/D","S/D"
2015,9557,26/12/2015,"Sabado",0,02:15:00,,"0.0",1,"Automóvil","Roullon Y Virasoro",6,1,3,0,0,2,0,"-32.961338, -60.701439","S/D",,"ROSARIO","Rosario","S/D","S/D","II","S/D","Urbana","S/D","S/D","Recta","S/D","S/D","Nocturna","S/D","Contra objeto fijo","S/D","Colisión","S/D","S/D","S/D","S/D"
2015,9558,12/12/2015,"Sabado",0,,,"0.0",2,"Automóvil,Moto/Ciclomotor","Camilo Aldao ",2,2,0,0,0,0,0,,"S/D",,"ROSARIO","Rosario","S/D","S/D","II","S/D","S/D","S/D","S/D","S/D","S/D","S/D","S/D","S/D","S/D","S/D","S/D","S/D","S/D","S/D","S/D"
2015,9559,16/12/2015,"Miercoles",0,,,"0.0",2,"Automóvil,Automóvil","Roullon Y Biedma",2,1,0,0,1,0,0,,"Calle",,"ROSARIO","Rosario","S/D","S/D","II","S/D","S/D","S/D","S/D","S/D","S/D","S/D","S/D","S/D","S/D","S/D","S/D","S/D","S/D","S/D","S/D"
2015,9560,05/12/2015,"Sabado",0,,,"0.0",2,"Automóvil,Automóvil","Bv. Segui Y Campbell",2,0,0,0,0,0,2,,"Avenida",,"ROSARIO","Rosario","S/D","S/D","II","S/D","S/D","S/D","S/D","S/D","S/D","S/D","S/D","Niebla","S/D","S/D","S/D","S/D","S/D","S/D","S/D"
2015,9561,03/12/2015,"Jueves",0,,,"0.0",2,"Moto/Ciclomotor,Automóvil","Bv. Segui Y Dr.Casal",2,1,0,0,0,0,1,,"S/D",,"ROSARIO","Rosario","S/D","S/D","II","S/D","S/D","S/D","S/D","S/D","S/D","S/D","S/D","S/D","S/D","S/D","S/D","S/D","S/D","S/D","S/D"
2015,9562,02/12/2015,"Miercoles",0,11:00:00,,"0.0",2,"Automóvil,Moto/Ciclomotor","Garay Y Bv. 27 De Febrero",2,1,0,0,1,0,0,,"Calle",,"ROSARIO","Rosario","S/D","S/D","II","S/D","Urbana","S/D","S/D","Recta","Bueno","S/D","Diurna","S/D","S/D","S/D","S/D","S/D","S/D","S/D","S/D"
2015,9563,11/12/2015,"Viernes",0,08:25:00,,"0.0",2,"Moto/Ciclomotor,Automóvil","Av San Martin Y Estanislao Lopez",2,0,1,0,1,0,0,,"Calle",,"PEREZ","Rosario","Asfalto","Natural","II","Dentro","Urbana","Ninguna","No existe","Curva","Bueno","Buena","Diurna","Buen Tiempo","Frontal","S/D","Colisión","S/D","Faltante","S/D","S/D"
2015,9564,10/12/2015,"Jueves",0,17:00:00,"Ruta Nacional 33","0.0",2,"Moto/Ciclomotor,Automóvil","Ruta Nac 33 Y Espa±a",2,1,0,0,1,0,0,,"Ruta",33,"PEREZ","Rosario","Asfalto","S/D","II","S/D","Urbana","Ninguna","No existe","Intersección","Bueno","Buena","Diurna","Buen Tiempo","Otro","S/D","Colisión","S/D","Faltante","S/D","Sin restricción"
2015,9566,07/12/2015,"Lunes",0,04:50:00,"Ruta Nacional A012","0.0",1,"Automóvil"," ",3,3,0,0,0,0,0,,"Ruta","A012","ZAVALLA","Rosario","Asfalto","Natural","II","Dentro","Rural","Otra Señal","No existe","Recta","Con baches","Reducida","Nocturna","Niebla","Contra objeto fijo","S/D","Colisión","Ninguna","S/D","Línea divisoria pintada","Sin restricción"
2015,9567,07/12/2015,"Lunes",0,,,"0.0",2,"Moto/Ciclomotor,Automóvil","Necochea Y Lavalle",2,0,1,0,1,0,0,,"Calle",,"ZAVALLA","Rosario","Asfalto","No existe","II","Dentro","Urbana","Ninguna","No existe","Recta","Bueno","Buena","Diurna","Buen Tiempo","S/D","S/D","Colisión","Ninguna","Faltante","Ninguna","Sin restricción"
2015,9568,08/12/2015,"Martes",0,13:10:00,,"0.0",2,"Automóvil,Moto/Ciclomotor","Villarino Bv Y Sarmiento",2,1,0,0,1,0,0,,"Calle",,"ZAVALLA","Rosario","Asfalto","S/D","II","Dentro","Urbana","Ninguna","S/D","Intersección","Bueno","Buena","Diurna","Buen Tiempo","Lateral","S/D","Colisión","Ninguna","S/D","Ninguna","Sin restricción"
2015,9569,09/12/2015,"Miercoles",0,05:00:00,"Ruta Nacional A012","999.9",1,"Camión"," ",2,1,0,0,1,0,0,,"Ruta","A012","ROSARIO","Rosario","Asfalto","Natural","II","S/D","Rural","Ninguna","No existe","Recta","Bueno","Buena","Amanecer","Buen Tiempo","S/D","S/D","Despiste","Ninguna","Faltante","Línea divisoria pintada","Sin restricción"
2015,9570,02/10/2015,"Viernes",0,,,"0.0",2,"Moto/Ciclomotor,Automóvil","Saavedra Y Av. de los Trabaj. Ferroviario",2,0,0,1,1,0,0,,"Avenida",,"SAN CRISTÓBAL","San Cristóbal","S/D","S/D","XIII","Dentro","Urbana","S/D","S/D","Intersección","S/D","S/D","S/D","S/D","S/D","S/D","Colisión","S/D","S/D","S/D","S/D"
2015,9571,31/12/2015,"Jueves",0,13:45:00,,"0.0",2,"Moto/Ciclomotor,Automóvil","E Lopez Y Fco Romero",2,1,0,0,1,0,0,,"Calle",,"SAN JUSTO","San Justo","Tierra","No existe","XVI","Dentro","Urbana","Ninguna","No existe","Intersección","Con baches","Buena","Diurna","Buen Tiempo","Frontal","S/D","Colisión","Ninguna","Faltante","Ninguna","Sin restricción"
2015,9572,03/12/2015,"Jueves",0,18:10:00,,"0.0",2,"Moto/Ciclomotor,Automóvil","Bv C Pellegrini Y Bv R S Pe±a",2,1,0,0,1,0,0,,"Avenida",,"SAN JUSTO","San Justo","Asfalto","No existe","XVI","Dentro","Urbana","Ninguna","No existe","Intersección","Bueno","Buena","Diurna","Buen Tiempo","De alcance","S/D","Colisión","Ninguna","Faltante","Cordón divisorio","Sin restricción"
2015,9573,03/10/2015,"Sabado",0,09:00:00,,"0.0",2,"Automóvil,Pickup/Utilitario","Av San Martin Y J C Orsetti",2,1,1,0,0,0,0,,"Calle",,"GRANADERO BAIGORRIA","Rosario","S/D","S/D","II","Dentro","Urbana","S/D","S/D","Intersección","S/D","S/D","Diurna","S/D","S/D","S/D","Colisión","S/D","S/D","S/D","S/D"
2015,9574,06/11/2015,"Viernes",0,20:30:00,,"0.0",2,"Moto/Ciclomotor,Automóvil","Bv R S Pe±a Y 9 de Julio",2,1,0,0,1,0,0,,"Avenida",,"SAN JUSTO","San Justo","Asfalto","No existe","XVI","Dentro","Urbana","Ninguna","No existe","Intersección","Bueno","Buena","Nocturna,Con luz artificial","Buen Tiempo","Lateral","S/D","Colisión","Ninguna","Vertical","Ninguna","Sin restricción"
2015,9575,10/11/2015,"Martes",0,18:00:00,,"0.0",2,"Moto/Ciclomotor,Automóvil","Fco Angeloni Y Independencia",3,1,0,0,2,0,0,,"Calle",,"SAN JUSTO","San Justo","Asfalto","No existe","XVI","S/D","Urbana","Ninguna","No existe","Recta","Bueno","Buena","Diurna","Buen Tiempo","Lateral","S/D","Colisión","Ninguna","Faltante","Ninguna","Sin restricción"
2015,9576,16/10/2015,"Viernes",0,22:10:00,,"0.0",2,"Bicicleta,Automóvil","BARRIO LA TABLADA ",2,1,0,0,0,0,1,,"Calle",,"SANTA FE","La Capital","S/D","S/D","I","Dentro","Urbana","S/D","S/D","S/D","S/D","S/D","Nocturna","S/D","S/D","S/D","Atropello","S/D","S/D","S/D","S/D"
2015,9577,21/09/2015,"Lunes",0,,,"0.0",2,"Automóvil,Pickup/Utilitario","Calle 19-Habegger Y Calle 8-Chacabuco",4,1,0,0,3,0,0,,"Calle",,"RECONQUISTA","General Obligado","S/D","S/D","IX","Dentro","Urbana","S/D","S/D","Intersección","S/D","S/D","S/D","S/D","Lateral","S/D","Colisión","S/D","S/D","S/D","S/D"
2015,9578,19/11/2015,"Jueves",0,11:00:00,"Ruta Nacional 11","0.0",2,"Automóvil,Pickup/Utilitario","RTA. NAC.11 Y CALLE 52",2,1,0,0,1,0,0,,"Ruta",11,"SAN JUSTO","San Justo","Asfalto","Pavimento","XVI","Dentro","Urbana","Ninguna","S/D","Recta","Bueno","Buena","Diurna","Buen Tiempo","Lateral","S/D","Colisión","Ninguna","Faltante","Línea divisoria pintada","Sin restricción"
2015,9579,21/09/2015,"Lunes",0,19:30:00,"Ruta Nacional 11","0.0",3,"Taxi/Remis,Automóvil,Pickup/Utilitario","ENTRE RECONQUISTA Y AVELLANEDA ",3,1,0,0,2,0,0,,"Ruta",11,"RECONQUISTA","General Obligado","S/D","S/D","IX","Dentro","S/D","S/D","S/D","Recta","S/D","S/D","Atardecer","S/D","Múltiple","S/D","Colisión","S/D","S/D","S/D","S/D"
2015,9580,18/11/2015,"Miercoles",0,09:20:00,,"0.0",2,"Automóvil,Bicicleta","Gdor Cabal Y N Figueredo",2,1,0,0,1,0,0,,"Calle",,"SAN JUSTO","San Justo","Asfalto","No existe","XVI","S/D","Urbana","Ninguna","No existe","Intersección","Bueno","Buena","Diurna","Buen Tiempo","S/D","S/D","Atropello","Ninguna","S/D","Ninguna","Sin restricción"
2015,9582,23/11/2015,"Lunes",0,18:00:00,,"0.0",2,"Pickup/Utilitario,Moto/Ciclomotor","Italia Y Gdor Cabal",3,1,0,0,2,0,0,,"Calle",,"SAN JUSTO","San Justo","Asfalto","No existe","XVI","Dentro","Urbana","Ninguna","No existe","Intersección","Bueno","Buena","Atardecer","Buen Tiempo","Frontal","S/D","Colisión","Ninguna","Vertical","Cordón divisorio","Sin restricción"
2015,9583,17/10/2015,"Sabado",0,03:45:00,"Ruta Nacional A008","0.0",2,"Automóvil,Camión","Baigorria ",6,3,1,0,2,0,0,,"Ruta","A008","ROSARIO","Rosario","Hormigón","S/D","II","Dentro","Urbana","S/D","S/D","Intersección","S/D","S/D","Nocturna","S/D","De alcance","S/D","Colisión","S/D","S/D","S/D","S/D"
2015,9584,25/11/2015,"Miercoles",0,18:30:00,,"0.0",2,"Moto/Ciclomotor,Peatón","Gdor Cabal 2500",2,2,0,0,0,0,0,,"Calle",,"SAN JUSTO","San Justo","Asfalto","No existe","XVI","Dentro","Urbana","Ninguna","No existe","Recta","Bueno","Buena","Diurna","Buen Tiempo","Otro","S/D","Atropello","Ninguna","Faltante","Cordón divisorio","Sin restricción"
2015,9585,27/11/2015,"Viernes",0,19:10:00,,"0.0",2,"Moto/Ciclomotor,Pickup/Utilitario","Fco Angeloni Y B de Tucuman",2,1,0,0,1,0,0,,"Calle",,"SAN JUSTO","San Justo","Asfalto","No existe","XVI","Dentro","Urbana","Ninguna","No existe","Intersección","Bueno","Buena","Diurna","Buen Tiempo","Lateral","S/D","Colisión","Ninguna","Vertical","Ninguna","Sin restricción"
2015,9586,07/07/2015,"Martes",0,16:40:00,,"0.0",2,"Moto/Ciclomotor,Automóvil","Bv C Pellegrini Y Fco Angeloni",3,2,0,0,1,0,0,,"Calle",,"SAN JUSTO","San Justo","Asfalto","No existe","XVI","Dentro","Urbana","Ninguna","No existe","Intersección","Bueno","Buena","Diurna","Buen Tiempo","De alcance","S/D","Colisión","Ninguna","Faltante","Ninguna","Sin restricción"
2015,9587,05/12/2015,"Sabado",0,12:20:00,,"0.0",2,"Automóvil,Moto/Ciclomotor","Balcarce Y Catamarca",2,1,0,0,1,0,0,,"Calle",,"ROSARIO","Rosario","Asfalto","No existe","II","Dentro","Urbana","Ninguna","No existe","Intersección","Bueno","Buena","Diurna","Buen Tiempo","Lateral","S/D","Colisión","S/D","Faltante","Ninguna","Sin restricción"
2015,9588,24/12/2015,"Jueves",0,10:30:00,,"0.0",2,"Moto/Ciclomotor,Automóvil","Av. Wheelwright Y Paraguay",2,1,0,0,1,0,0,,"Calle",,"ROSARIO","Rosario","Asfalto","No existe","II","S/D","Urbana","Señal Pare","No existe","Intersección","Bueno","Buena","Diurna","Buen Tiempo","Lateral","S/D","Colisión","S/D","Vertical","Línea divisoria pintada","Sin restricción"
2015,9589,21/12/2015,"Lunes",0,12:30:00,,"0.0",2,"Bicicleta,Automóvil","Bv. Oroño Y Urquiza",2,1,0,0,1,0,0,,"Calle",,"ROSARIO","Rosario","Asfalto","No existe","II","Dentro","Urbana","Semáforo","Funciona","Intersección","Bueno","Buena","Diurna","Buen Tiempo","S/D","S/D","Colisión","S/D","Vertical","Cordón divisorio","Sin restricción"
2015,9590,16/12/2015,"Miercoles",0,01:15:00,,"0.0",2,"Automóvil,Automóvil","Pte.Roca Y Catamarca",2,1,0,0,1,0,0,,"Calle",,"ROSARIO","Rosario","Asfalto","No existe","II","Dentro","Urbana","Señal Pare","No existe","Intersección","Bueno","Buena","Nocturna,Con luz artificial","Buen Tiempo","Lateral","S/D","Colisión","S/D","Vertical","Ninguna","Sin restricción"
2015,9591,13/12/2015,"Domingo",0,06:20:00,,"0.0",2,"Automóvil,Bicicleta","Brown Y España",2,1,0,0,1,0,0,,"Calle",,"ROSARIO","Rosario","Asfalto","No existe","II","Dentro","Urbana","Ninguna","No existe","Intersección","Bueno","Buena","Amanecer,Con luz artificial","Buen Tiempo","S/D","S/D","Atropello","S/D","Faltante","Ninguna","Sin restricción"
2015,9592,01/12/2015,"Martes",0,08:00:00,,"0.0",2,"Automóvil,Automóvil","Av. Illia 1700",2,1,0,0,1,0,0,,"Avenida",,"ROSARIO","Rosario","Asfalto","No existe","II","Dentro","Urbana","Semáforo","Funciona","Intersección","Bueno","Buena","Diurna,Con luz artificial","Buen Tiempo","De alcance","S/D","Colisión","S/D","Vertical","Ninguna","Sin restricción"
2015,9593,22/12/2015,"Martes",0,,,"0.0",2,"Automóvil,Moto/Ciclomotor","Gonzalez del Solar Y Av. Brassey",2,1,0,0,1,0,0,,"Calle",,"ROSARIO","Rosario","Asfalto","No existe","II","Dentro","Urbana","Ninguna","S/D","Intersección","Bueno","Buena","Diurna","Buen Tiempo","Lateral","S/D","Colisión","Ninguna","Faltante","Ninguna","Sin restricción"
2015,9594,19/12/2015,"Sabado",0,11:20:00,,"0.0",2,"Moto/Ciclomotor,Automóvil","Gorriti Y Solis",3,1,0,0,2,0,0,,"Calle",,"ROSARIO","Rosario","S/D","No existe","II","Dentro","Urbana","Ninguna","No existe","Intersección","S/D","S/D","Diurna","S/D","Frontal","S/D","Colisión","S/D","Faltante","Ninguna","Sin restricción"
2015,9595,19/12/2015,"Sabado",0,10:40:00,,"0.0",2,"Taxi/Remis,Moto/Ciclomotor","Gutenberg Y Santa Fe",2,1,0,0,1,0,0,,"Calle",,"ROSARIO","Rosario","S/D","No existe","II","S/D","Urbana","Ninguna","No existe","Intersección","S/D","S/D","Diurna","S/D","Lateral","S/D","Colisión","S/D","Faltante","Ninguna","Sin restricción"
2015,9596,05/10/2015,"Lunes",0,12:00:00,,"0.0",2,"Moto/Ciclomotor,Automóvil","Av Dr Luis Chapuis Y Rosa Maria Alarcon de Larriera",3,1,0,0,2,0,0,,"Calle",,"VENADO TUERTO","General López","Asfalto","No existe","VIII","Dentro","Urbana","S/D","S/D","Intersección","S/D","S/D","Diurna","S/D","Lateral","S/D","Colisión","S/D","S/D","S/D","S/D"
2015,9597,24/12/2015,"Jueves",0,20:00:00,,"0.0",2,"Automóvil,Moto/Ciclomotor","Elorza Y Velez Sarfield",2,1,0,0,1,0,0,,"Calle",,"FUNES","Rosario","Asfalto","No existe","II","Dentro","Urbana","Ninguna","No existe","Recta","Bueno","S/D","Nocturna","Buen Tiempo","Otro","S/D","Colisión","S/D","Faltante","Ninguna","Sin restricción"
2015,9598,09/12/2015,"Miercoles",0,16:30:00,,"0.0",2,"Automóvil,Pickup/Utilitario","Mitre Y Pedro Rios",3,3,0,0,0,0,0,,"Avenida",,"FUNES","Rosario","Asfalto","Natural","II","Dentro","Urbana","Ninguna","No existe","Intersección","Bueno","Buena","Diurna","Buen Tiempo","Lateral","S/D","Colisión","S/D","Faltante","Ninguna","Sin restricción"
2015,9599,31/12/2015,"Jueves",0,19:50:00,,"0.0",2,"Transporte Escolar,Moto/Ciclomotor","San Lorenzo 1100",2,1,0,0,1,0,0,,"S/D",,"SANTA FE","La Capital","S/D","S/D","I","S/D","S/D","S/D","S/D","S/D","S/D","S/D","Atardecer","S/D","S/D","S/D","S/D","S/D","S/D","S/D","S/D"
2015,9600,31/12/2015,"Jueves",0,22:50:00,,"0.0",2,"Automóvil,Automóvil"," ",4,2,0,0,2,0,0,,"S/D",,"SANTA FE","La Capital","S/D","S/D","I","S/D","S/D","S/D","S/D","S/D","S/D","S/D","Nocturna","S/D","S/D","S/D","S/D","S/D","S/D","S/D","S/D"
2015,9601,28/12/2015,"Lunes",0,11:45:00,,"0.0",2,"Automóvil,Moto/Ciclomotor","Saavedra Y Juan de Garay",2,1,0,0,1,0,0,,"Calle",,"SANTA FE","La Capital","S/D","S/D","I","Dentro","Urbana","S/D","S/D","S/D","S/D","S/D","Diurna","S/D","S/D","S/D","S/D","S/D","S/D","S/D","S/D"
2015,9602,27/12/2015,"Domingo",0,22:30:00,,"0.0",2,"Automóvil,Pickup/Utilitario"," ",2,1,0,0,1,0,0,,"S/D",,"SANTA FE","La Capital","S/D","S/D","I","Dentro","Urbana","S/D","S/D","S/D","S/D","S/D","Nocturna","S/D","S/D","S/D","S/D","S/D","S/D","S/D","S/D"