"anio_acci","nro_acci","fecha","desc_dia","fecha_aprox","hora_aprox","desc_ruta","km","cant_participantes","desc_participante","calle_avenida_km","total","heridos_leves","heridos_graves","heridos_gravisimos","ilesos","fallecidos","sin_datos","posicion_XY","desc_tipo_via","desc_ruta_ori","desc_loc","desc_dpto","desc_tipo_calzada","desc_tipo_banquina","desc_unidad_regional","desc_lugar_calzada","desc_zona","desc_prioridad","desc_estado_semaforo","desc_lugar_via","desc_estado_via","desc_estado_visibilidad","desc_luminosidad","desc_estado_clima","desc_tipo_colision","desc_tipo_atropello","desc_tipo_hecho","desc_pres_calzada","desc_senializacion","desc_separacion_via","desc_restriccion"
2015,9603,25/12/2015,"Viernes",0,21:30:00,,"0.0",2,"Pickup/Utilitario,Moto/Ciclomotor","Dr Zavalla Y Av Gral Lopez",3,2,0,0,1,0,0,,"Calle",,"SANTA FE","La Capital","S/D","S/D","I","Dentro","Urbana","S/D","S/D","S/D","S/D","S/D","Nocturna","S/D","S/D","S/D","S/D","S/D","S/D","S/D","S/D"
2015,9604,22/12/2015,"Martes",0,14:55:00,,"0.0",2,"Pickup/Utilitario,Moto/Ciclomotor","Intendente Manuel Irigoyen ",2,1,0,0,1,0,0,,"Avenida",,"SANTA FE","La Capital","S/D","S/D","I","Dentro","Urbana","S/D","S/D","S/D","S/D","S/D","Nocturna","S/D","S/D","S/D","S/D","S/D","S/D","S/D","S/D"
2015,9605,22/12/2015,"Martes",0,12:00:00,,"0.0",2,"Moto/Ciclomotor,Automóvil","Corrientes Y Roque Saenz Peña",3,2,0,0,1,0,0,,"Calle",,"SANTA FE","La Capital","S/D","S/D","I","Dentro","Urbana","S/D","S/D","S/D","S/D","S/D","Diurna","S/D","S/D","S/D","S/D","S/D","S/D","S/D","S/D"
2015,9606,21/12/2015,"Lunes",0,19:10:00,,"0.0",2,"Moto/Ciclomotor,Pickup/Utilitario","Av Freyre Y Moreno",3,1,0,0,2,0,0,,"Avenida",,"SANTA FE","La Capital","S/D","S/D","I","Dentro","Urbana","S/D","S/D","S/D","S/D","S/D","Atardecer","S/D","S/D","S/D","S/D","S/D","S/D","S/D","S/D"
2015,9607,19/12/2015,"Sabado",0,22:00:00,,"0.0",2,"Automóvil,Moto/Ciclomotor","3 de Febrero 3608",2,1,0,0,1,0,0,,"Calle",,"SANTA FE","La Capital","S/D","S/D","I","Dentro","Urbana","S/D","S/D","S/D","S/D","S/D","Nocturna","S/D","S/D","S/D","S/D","S/D","S/D","S/D","S/D"
2015,9608,19/12/2015,"Sabado",0,06:10:00,,"0.0",2,"Moto/Ciclomotor,Otros","J J Paso Y San Lorenzo",3,0,0,0,0,0,3,,"Avenida",,"SANTA FE","La Capital","S/D","S/D","I","Dentro","Urbana","S/D","S/D","S/D","S/D","S/D","Diurna","S/D","S/D","S/D","S/D","S/D","S/D","S/D","S/D"
2015,9609,18/12/2015,"Viernes",0,14:30:00,,"0.0",2,"Moto/Ciclomotor,Pickup/Utilitario","J J Paso Y Francia",2,1,0,0,1,0,0,,"Avenida",,"SANTA FE","La Capital","S/D","S/D","I","Dentro","Urbana","S/D","S/D","S/D","S/D","S/D","Diurna","S/D","S/D","S/D","S/D","S/D","S/D","S/D","S/D"
2015,9610,11/12/2015,"Viernes",0,19:50:00,,"0.0",2,"Moto/Ciclomotor,Automóvil","Monseñor Zaspe 3500",2,1,0,0,1,0,0,,"Calle",,"SANTA FE","La Capital","S/D","S/D","I","Dentro","Urbana","S/D","S/D","S/D","S/D","S/D","Nocturna","S/D","S/D","S/D","S/D","S/D","S/D","S/D","S/D"
2015,9611,10/12/2015,"Jueves",0,09:40:00,,"0.0",2,"Automóvil,Moto/Ciclomotor","Av J J Paso Y Gdor Freyre",2,1,0,0,1,0,0,,"Avenida",,"SANTA FE","La Capital","S/D","S/D","I","Dentro","Urbana","S/D","S/D","S/D","S/D","S/D","Diurna","S/D","S/D","S/D","S/D","S/D","S/D","S/D","S/D"
2015,9612,09/12/2015,"Miercoles",0,20:00:00,,"0.0",2,"Automóvil,Moto/Ciclomotor","Juan de Garay Y San Jose",5,4,0,0,1,0,0,,"Calle",,"SANTA FE","La Capital","S/D","S/D","I","Dentro","Urbana","S/D","S/D","S/D","S/D","S/D","Nocturna","S/D","S/D","S/D","S/D","S/D","S/D","S/D","S/D"
2015,9613,08/12/2015,"Martes",0,19:10:00,,"0.0",2,"Taxi/Remis,Peatón","3 de Febrero 3787",2,1,0,0,1,0,0,"-31.655555555556,-60.72575","Calle",,"SANTA FE","La Capital","S/D","S/D","I","Dentro","Urbana","S/D","S/D","S/D","S/D","S/D","Atardecer","S/D","S/D","S/D","Atropello","S/D","S/D","S/D","S/D"
2015,9614,07/12/2015,"Lunes",0,23:55:00,,"0.0",2,"Moto/Ciclomotor,Moto/Ciclomotor","J J Paso Y Francia",2,1,0,0,0,0,1,,"Avenida",,"SANTA FE","La Capital","S/D","S/D","I","Dentro","Urbana","S/D","S/D","S/D","S/D","S/D","Nocturna","S/D","S/D","S/D","Colisión","S/D","S/D","S/D","S/D"
2015,9615,04/12/2015,"Viernes",0,16:10:00,,"0.0",2,"Moto/Ciclomotor,Automóvil","Av Freyre Y Jujuy",3,2,0,0,1,0,0,,"Avenida",,"SANTA FE","La Capital","Asfalto","No existe","I","Dentro","Urbana","Ninguna","No existe","Intersección","Con baches","Buena","Diurna","Buen Tiempo","Lateral","S/D","Colisión","Ninguna","Faltante","Ninguna","Sin restricción"
2015,9616,02/12/2015,"Miercoles",0,12:00:00,,"0.0",2,"Bicicleta,Automóvil","Av Freyre Y Uruguay",2,1,0,0,1,0,0,"-31.659131, -60.722591","Avenida",,"SANTA FE","La Capital","Asfalto","No existe","I","Dentro","Urbana","Ninguna","No existe","Intersección","Con baches","Buena","Diurna","Buen Tiempo","S/D","S/D","Atropello","Ninguna","Faltante","Ninguna","Sin restricción"
2015,9617,02/12/2015,"Miercoles",0,11:45:00,,"0.0",2,"Moto/Ciclomotor,Pickup/Utilitario","San Lorenzo Y Uruguay",2,1,0,0,1,0,0,,"Calle",,"SANTA FE","La Capital","Asfalto","No existe","I","Dentro","Urbana","Ninguna","No existe","Intersección","Bueno","Buena","Diurna","Buen Tiempo","Lateral","S/D","Colisión","Ninguna","Faltante","Ninguna","Sin restricción"
2015,9618,02/12/2015,"Miercoles",0,08:45:00,,"0.0",2,"Moto/Ciclomotor,Automóvil","Monseñor Zaspe 3750",2,1,0,0,1,0,0,,"Calle",,"SANTA FE","La Capital","Asfalto","No existe","I","Dentro","Urbana","Ninguna","No existe","Recta","Con baches","Buena","Diurna","Buen Tiempo","Lateral","S/D","Colisión","Ninguna","Faltante","Ninguna","Sin restricción"
2015,9619,04/12/2015,"Viernes",0,02:00:00,,"0.0",1,"Automóvil"," ",3,2,0,0,1,0,0,,"S/D",,"SANTA FE","La Capital","Asfalto","No existe","I","S/D","Urbana","S/D","No existe","Otro","Bueno","Buena","Nocturna,Con luz artificial","S/D","Contra objeto fijo","S/D","Colisión","S/D","S/D","S/D","S/D"
2015,9621,09/12/2015,"Miercoles",0,19:15:00,,"0.0",2,"Moto/Ciclomotor,Automóvil","Alvear 4200",2,1,0,0,1,0,0,,"Calle",,"SANTA FE","La Capital","Asfalto","S/D","I","S/D","Urbana","S/D","S/D","Intersección","Bueno","Buena","Diurna","S/D","Lateral","S/D","Colisión","S/D","S/D","S/D","S/D"
2015,9622,12/12/2015,"Sabado",0,13:00:00,"Ruta Nacional 168","0.0",5,"Automóvil,Automóvil,Automóvil,Automóvil,Automóvil","Nicasio Oroño Y Ruta Nac 168",6,1,0,0,5,0,0,,"Ruta",168,"SANTA FE","La Capital","Asfalto","No existe","I","S/D","S/D","S/D","No existe","Recta","Bueno","Buena","Diurna","S/D","Múltiple","S/D","Colisión","S/D","Vertical","S/D","S/D"
2015,9623,12/12/2015,"Sabado",0,16:25:00,,"0.0",2,"Moto/Ciclomotor,Automóvil","Av Leandro Alem Y Calchines",2,1,0,0,1,0,0,,"S/D",,"SANTA FE","La Capital","Asfalto","No existe","I","S/D","Urbana","S/D","S/D","Intersección","Bueno","S/D","Diurna","S/D","Lateral","S/D","Colisión","S/D","S/D","S/D","S/D"
2015,9625,15/12/2015,"Martes",0,16:15:00,,"0.0",2,"Moto/Ciclomotor,Automóvil","Juan Del Campillo Y Candioti",2,1,0,0,1,0,0,,"Calle",,"SANTA FE","La Capital","Asfalto","No existe","I","S/D","Urbana","S/D","No existe","Intersección","Bueno","Buena","Diurna","S/D","Lateral","S/D","Colisión","S/D","S/D","S/D","S/D"
2015,9626,02/10/2015,"Viernes",0,06:30:00,,"0.0",1,"Moto/Ciclomotor","Salta 3100",1,1,0,0,0,0,0,,"Calle",,"SANTA FE","La Capital","Asfalto","No existe","I","Dentro","Urbana","S/D","S/D","Recta","Bueno","S/D","Diurna","S/D","Contra objeto fijo","S/D","Colisión,Despiste","S/D","S/D","S/D","S/D"
2015,9627,18/12/2015,"Viernes",0,15:25:00,,"0.0",2,"Moto/Ciclomotor,Automóvil","Maipu Y Alvear",2,1,0,0,1,0,0,,"Calle",,"SANTA FE","La Capital","Asfalto","No existe","I","S/D","Urbana","S/D","S/D","Intersección","Bueno","Buena","Diurna","S/D","Lateral","S/D","Colisión","S/D","S/D","S/D","S/D"
2015,9628,04/10/2015,"Domingo",0,09:50:00,,"0.0",2,"Bicicleta,Moto/Ciclomotor","Calle 42 - Misiones Y Calle 40 - Formosa",2,1,0,0,0,0,1,,"Calle",,"RECONQUISTA","General Obligado","Asfalto","No existe","IX","Dentro","Urbana","S/D","S/D","Intersección","S/D","S/D","Diurna","Buen Tiempo","S/D","S/D","Atropello","S/D","S/D","Ninguna","Sin restricción"
2015,9629,06/12/2015,"Domingo",0,19:30:00,,"0.0",2,"Moto/Ciclomotor,Taxi/Remis","Av A del Valle Y Salvador del Carril",3,2,0,0,1,0,0,,"Calle",,"SANTA FE","La Capital","Asfalto","No existe","I","S/D","Urbana","Semáforo","S/D","Intersección","Bueno","Buena","Atardecer","Buen Tiempo","Lateral","S/D","Colisión","Ninguna","Vertical","Ninguna","Sin restricción"
2015,9630,09/12/2015,"Miercoles",0,13:40:00,,"0.0",2,"Moto/Ciclomotor,Automóvil","Domingo Silva 2400",2,1,0,0,1,0,0,,"Calle",,"SANTA FE","La Capital","Asfalto","No existe","I","Dentro","Urbana","Ninguna","S/D","S/D","Bueno","Buena","Diurna","Buen Tiempo","Lateral","S/D","Colisión","Ninguna","Vertical","Ninguna","Sin restricción"
2015,9631,12/12/2015,"Sabado",0,10:45:00,,"0.0",2,"Automóvil,Automóvil","San Jeronimo Y M De Polonia",2,1,0,0,1,0,0,,"Calle",,"SANTA FE","La Capital","Asfalto","S/D","I","Dentro","Urbana","Ninguna","No existe","Intersección","Bueno","Buena","Diurna","Buen Tiempo","Lateral","S/D","Colisión","Ninguna","Vertical","Ninguna","Sin restricción"
2015,9632,13/12/2015,"Domingo",0,11:00:00,,"0.0",2,"Moto/Ciclomotor,Automóvil","Quintana Y Pje Lassaga",4,3,0,0,1,0,0,,"Calle",,"SANTA FE","La Capital","Asfalto","No existe","I","Dentro","Urbana","Ninguna","No existe","Intersección","Bueno","Buena","Diurna","Buen Tiempo","Lateral","S/D","Colisión","Ninguna","Vertical","Ninguna","Sin restricción"
2015,9633,05/10/2015,"Lunes",0,13:55:00,,"0.0",1,"Moto/Ciclomotor"," ",1,1,0,0,0,0,0,,"S/D",,"CORREA","Iriondo","S/D","S/D","X","S/D","S/D","S/D","S/D","S/D","S/D","S/D","S/D","S/D","S/D","S/D","Caída ocupante","S/D","S/D","S/D","S/D"
2015,9634,14/12/2015,"Lunes",0,19:30:00,,"0.0",2,"Moto/Ciclomotor,Automóvil","J Castelli Y San Jeronimo",2,1,0,0,1,0,0,,"Calle",,"SANTA FE","La Capital","Asfalto","No existe","I","Dentro","Urbana","Ninguna","No existe","Intersección","Bueno","Buena","Atardecer","Buen Tiempo","Lateral","S/D","Colisión","Ninguna","Vertical","Ninguna","Sin restricción"
2015,9635,15/12/2015,"Martes",0,18:40:00,,"0.0",2,"Automóvil,Automóvil","San Martin Y Vieytes",2,1,0,0,1,0,0,,"Calle",,"SANTA FE","La Capital","Asfalto","No existe","I","S/D","Urbana","Ninguna","No existe","Intersección","Bueno","Buena","Atardecer","Buen Tiempo","Lateral","S/D","Colisión","Ninguna","Vertical","Ninguna","Sin restricción"
2015,9636,16/12/2015,"Miercoles",0,10:50:00,,"0.0",2,"Automóvil,Camión","M De Polonia Y San Jeronimo",2,1,0,0,1,0,0,,"Calle",,"SANTA FE","La Capital","Asfalto","No existe","I","S/D","Urbana","Ninguna","No existe","Intersección","Bueno","Buena","Diurna","Buen Tiempo","Contra objeto fijo","S/D","Colisión","Ninguna","Vertical","Ninguna","Sin restricción"
2015,9637,22/12/2015,"Martes",0,20:00:00,,"0.0",2,"Moto/Ciclomotor,Automóvil","Av A del Valle Y Espora",2,1,0,0,1,0,0,,"Calle",,"SANTA FE","La Capital","Asfalto","No existe","I","Dentro","Urbana","Ninguna","No existe","Intersección","Bueno","Buena","Diurna","Buen Tiempo","Lateral","S/D","Colisión","Ninguna","Vertical","Ninguna","Sin restricción"
2015,9638,22/12/2015,"Martes",0,10:45:00,,"0.0",2,"Bicicleta,Taxi/Remis","Av A del Valle 5284",2,0,1,0,1,0,0,"-31.61925,-60.698527777778","Calle",,"SANTA FE","La Capital","Asfalto","No existe","I","Dentro","Urbana","Ninguna","No existe","Recta","Bueno","Reducida","Diurna","Otro","Otro","S/D","Atropello","Agua","Faltante","Ninguna","Sin restricción"
2015,9639,20/12/2015,"Domingo",0,17:20:00,,"0.0",2,"Automóvil,Pickup/Utilitario","San Jeronimo Y Quintana",3,1,0,0,2,0,0,,"Calle",,"SANTA FE","La Capital","Asfalto","No existe","I","S/D","Urbana","Ninguna","No existe","Intersección","Bueno","Buena","Diurna","Buen Tiempo","Lateral","S/D","Colisión","Ninguna","Vertical","Ninguna","Sin restricción"
2015,9640,19/12/2015,"Sabado",0,14:00:00,,"0.0",2,"Moto/Ciclomotor,Pickup/Utilitario","San Martin Y J P Lopez",2,1,0,0,1,0,0,,"Calle",,"SANTA FE","La Capital","Asfalto","No existe","I","Dentro","Urbana","Ninguna","No existe","Intersección","Bueno","Buena","Diurna","Buen Tiempo","Lateral","S/D","Colisión","Ninguna","Vertical","Ninguna","Sin restricción"
2015,9641,19/12/2015,"Sabado",0,07:50:00,,"0.0",2,"Moto/Ciclomotor,Automóvil","Alberti Y Pje Lassaga",2,0,1,0,1,0,0,,"Calle",,"SANTA FE","La Capital","Asfalto","No existe","I","Dentro","Urbana","Ninguna","No existe","Intersección","Bueno","Buena","Diurna","Buen Tiempo","Lateral","S/D","Colisión","Ninguna","Vertical","Ninguna","Sin restricción"
2015,9642,05/10/2015,"Lunes",0,01:20:00,"Ruta Nacional 8","0.0",2,"Moto/Ciclomotor,Automóvil","Ruta Nac 8 Y Alberdi Juan Bautista",3,1,0,0,2,0,0,,"Ruta",8,"VENADO TUERTO","General López","Hormigón","No existe","VIII","Dentro","Urbana","S/D","S/D","Intersección","S/D","S/D","Nocturna","S/D","Lateral","S/D","Colisión","Ninguna","Horizontal","S/D","S/D"
2015,9643,05/10/2015,"Lunes",0,22:55:00,,"0.0",2,"Moto/Ciclomotor,Moto/Ciclomotor","Gral Jose de San Martin Y Roque Saenz Peña",2,2,0,0,0,0,0,,"Calle",,"VENADO TUERTO","General López","S/D","S/D","VIII","Dentro","Urbana","S/D","S/D","Intersección","S/D","S/D","Nocturna","S/D","S/D","S/D","Colisión","S/D","S/D","S/D","S/D"
2015,9644,23/12/2015,"Miercoles",0,11:30:00,,"0.0",3,"Moto/Ciclomotor,Automóvil,Pickup/Utilitario","Av A del Valle 4600",3,1,0,0,2,0,0,,"Calle",,"SANTA FE","La Capital","Asfalto","No existe","I","Dentro","Urbana","Ninguna","No existe","Recta","Bueno","Buena","Diurna","Buen Tiempo","Múltiple","S/D","Colisión","Ninguna","Vertical","Cordón divisorio","Sin restricción"
2015,9645,23/12/2015,"Miercoles",0,22:20:00,,"0.0",2,"Moto/Ciclomotor,Automóvil","Av A del Valle Y Espora",3,1,1,0,1,0,0,,"Calle",,"SANTA FE","La Capital","Asfalto","No existe","I","Dentro","Urbana","Ninguna","No existe","Intersección","Bueno","Buena","Nocturna,Con luz artificial","Buen Tiempo","Lateral","S/D","Colisión","Ninguna","Vertical","Ninguna","Sin restricción"
2015,9646,05/10/2015,"Lunes",0,21:35:00,"Autopista Nacional Rosario -Cordoba","355.3",1,"Moto/Ciclomotor"," ",2,1,0,0,1,0,0,,"Autopista","Rosario -Cordoba","CARCARAÑÁ","San Lorenzo","Hormigón","S/D","XVII","Dentro","Rural","S/D","S/D","Recta","S/D","Reducida","Nocturna","S/D","S/D","S/D","Caída ocupante","S/D","S/D","S/D","S/D"
2015,9647,05/12/2015,"Sabado",0,17:00:00,,"0.0",2,"Automóvil,Moto/Ciclomotor","Diagonal Goyena Y San Lorenzo",2,1,0,0,1,0,0,,"Calle",,"SANTA FE","La Capital","Asfalto","No existe","I","Dentro","Urbana","Ninguna","No existe","Intersección","Bueno","Buena","Diurna","Buen Tiempo","Lateral","S/D","Colisión","Ninguna","Faltante","Ninguna","Sin restricción"
2015,9648,18/12/2015,"Viernes",0,20:30:00,,"0.0",2,"Moto/Ciclomotor,Automóvil","Necochea Y Angel Cassanello",2,1,0,0,1,0,0,,"Calle",,"SANTA FE","La Capital","Asfalto","No existe","I","Dentro","Urbana","Ninguna","No existe","Intersección","Bueno","Reducida","Nocturna","Buen Tiempo","Lateral","S/D","Colisión","Ninguna","S/D","Ninguna","Sin restricción"
2015,9649,19/12/2015,"Sabado",0,01:00:00,,"0.0",2,"Moto/Ciclomotor,Taxi/Remis","Salvador del Carril Y Alberdi",3,2,0,0,1,0,0,,"Avenida",,"SANTA FE","La Capital","Asfalto","No existe","I","S/D","Urbana","Ninguna","No existe","Intersección","Bueno","Reducida","Nocturna","Buen Tiempo","Lateral","S/D","Colisión","Ninguna","S/D","Ninguna","Sin restricción"
2015,9650,24/12/2015,"Jueves",0,04:00:00,,"0.0",2,"Automóvil,Moto/Ciclomotor","Gdor Freyre Y J Castelli",3,2,0,0,1,0,0,,"S/D",,"SANTA FE","La Capital","Asfalto","No existe","I","S/D","Urbana","S/D","S/D","Recta","S/D","S/D","Nocturna","Buen Tiempo","Lateral","S/D","Colisión","S/D","S/D","S/D","Sin restricción"
2015,9651,19/12/2015,"Sabado",0,14:45:00,,"0.0",2,"Moto/Ciclomotor,Automóvil","Independencia Y Nicasio Oroño",2,1,0,0,1,0,0,,"Calle",,"SANTA FE","La Capital","Asfalto","No existe","I","S/D","Urbana","Ninguna","No existe","Intersección","Bueno","Buena","Diurna","Buen Tiempo","Lateral","S/D","Colisión","Ninguna","Horizontal","Ninguna","Sin restricción"
2015,9652,22/12/2015,"Martes",0,02:00:00,,"0.0",2,"Automóvil,Automóvil"," ",4,4,0,0,0,0,0,,"S/D",,"SANTA FE","La Capital","Hormigón","No existe","I","S/D","Urbana","S/D","No existe","Puente","Bueno","Buena","Nocturna","Buen Tiempo","Otro","S/D","Colisión","Ninguna","S/D","S/D","S/D"
2015,9653,26/12/2015,"Sabado",0,19:00:00,,"0.0",2,"Moto/Ciclomotor,Peatón"," ",2,1,0,0,1,0,0,,"S/D",,"SANTA FE","La Capital","S/D","S/D","I","S/D","Urbana","S/D","S/D","S/D","S/D","S/D","Atardecer","S/D","S/D","S/D","S/D","S/D","S/D","S/D","S/D"
2015,9654,27/12/2015,"Domingo",0,06:20:00,,"0.0",2,"Automóvil,Moto/Ciclomotor"," ",2,1,0,0,1,0,0,,"S/D",,"SANTA FE","La Capital","S/D","S/D","I","S/D","Urbana","S/D","S/D","S/D","S/D","S/D","Diurna","S/D","S/D","S/D","S/D","S/D","S/D","S/D","S/D"
2015,9655,27/12/2015,"Domingo",0,10:50:00,,"0.0",2,"Moto/Ciclomotor,Moto/Ciclomotor","Av Leandro Alem Y Gdor Candioti",2,1,0,0,1,0,0,,"Avenida",,"SANTA FE","La Capital","Asfalto","S/D","I","Dentro","Urbana","S/D","S/D","Recta","Bueno","Buena","Diurna","Buen Tiempo","Lateral","S/D","Colisión","Ninguna","S/D","Vegetación","S/D"
2015,9656,30/12/2015,"Miercoles",0,07:45:00,,"0.0",2,"Automóvil,Moto/Ciclomotor","Bv Galvez Y Sarmiento",2,1,0,0,1,0,0,,"S/D",,"SANTA FE","La Capital","Asfalto","Natural","I","Dentro","Urbana","S/D","S/D","Intersección","Bueno","Buena","Diurna","Buen Tiempo","S/D","S/D","Colisión","Ninguna","S/D","S/D","S/D"
2015,9657,30/12/2015,"Miercoles",0,12:45:00,,"0.0",2,"Automóvil,Automóvil","Iturraspe Y Necochea",3,1,0,0,2,0,0,,"Calle",,"SANTA FE","La Capital","Asfalto","No existe","I","Dentro","Urbana","S/D","S/D","Intersección","Bueno","Buena","Diurna","Buen Tiempo","Lateral","S/D","Colisión","Ninguna","S/D","Ninguna","S/D"
2015,9658,31/12/2015,"Jueves",0,11:00:00,,"0.0",2,"Moto/Ciclomotor,Automóvil","Sarmiento Y Calchines",2,1,0,0,1,0,0,,"Calle",,"SANTA FE","La Capital","Asfalto","No existe","I","Dentro","Urbana","S/D","S/D","Intersección","Bueno","Buena","Diurna","Buen Tiempo","Lateral","S/D","Colisión","Ninguna","S/D","S/D","S/D"
2015,9659,01/12/2015,"Martes",0,19:10:00,,"0.0",2,"Moto/Ciclomotor,Automóvil"," ",2,1,0,0,1,0,0,,"Calle",,"SANTA FE","La Capital","Asfalto","No existe","I","S/D","Urbana","Ninguna","No existe","Intersección","Bueno","Buena","Atardecer","Buen Tiempo","Lateral","S/D","Colisión","Ninguna","S/D","Ninguna","Sin restricción"
2015,9660,02/12/2015,"Miercoles",0,12:30:00,,"0.0",2,"Automóvil,Automóvil","Av A del Valle Y Hernandarias",3,1,0,0,2,0,0,,"Avenida",,"SANTA FE","La Capital","Asfalto","No existe","I","S/D","Urbana","Semáforo","Funciona","Intersección","Bueno","Reducida","Nocturna","Buen Tiempo","De alcance","S/D","Colisión","Ninguna","S/D","Línea divisoria pintada","Sin restricción"
2015,9661,03/12/2015,"Jueves",0,14:30:00,,"0.0",2,"Moto/Ciclomotor,Automóvil","Av A del Valle Y Huergo",2,1,0,0,1,0,0,,"Avenida",,"SANTA FE","La Capital","Asfalto","No existe","I","S/D","Urbana","Ninguna","Funciona","Intersección","Bueno","Buena","Diurna","Buen Tiempo","Lateral","S/D","Colisión","Ninguna","S/D","Línea divisoria pintada","Sin restricción"
2015,9662,04/12/2015,"Viernes",0,20:00:00,,"0.0",2,"Cuatriciclo,Automóvil","Huergo Y Sarmiento",2,1,0,0,1,0,0,,"Calle",,"SANTA FE","La Capital","Asfalto","No existe","I","S/D","Urbana","Ninguna","No existe","Curva","Bueno","Reducida","Nocturna","Buen Tiempo","Lateral","S/D","Colisión","Ninguna","S/D","Ninguna","Sin restricción"
2015,9663,05/12/2015,"Sabado",0,10:40:00,,"0.0",2,"Moto/Ciclomotor,Pickup/Utilitario","J P Lopez Y Alberdi",2,1,0,0,1,0,0,,"Calle",,"SANTA FE","La Capital","Asfalto","No existe","I","S/D","Urbana","Ninguna","No existe","Intersección","Bueno","Buena","Diurna","Buen Tiempo","Lateral","S/D","Colisión","Ninguna","S/D","Ninguna","Sin restricción"
2015,9664,07/12/2015,"Lunes",0,02:55:00,,"0.0",2,"Moto/Ciclomotor,Automóvil","Velez Sarsfield Y Pje Calcena",3,2,0,0,1,0,0,,"Calle",,"SANTA FE","La Capital","Asfalto","No existe","I","S/D","Urbana","Ninguna","No existe","Intersección","Bueno","Reducida","Nocturna","Buen Tiempo","Lateral","S/D","Colisión","Ninguna","S/D","Ninguna","Sin restricción"
2015,9665,07/12/2015,"Lunes",0,20:40:00,,"0.0",2,"Automóvil,Moto/Ciclomotor","Av Gral Paz Y J M Zuviria",4,1,0,0,3,0,0,,"Avenida",,"SANTA FE","La Capital","Asfalto","No existe","I","S/D","Urbana","Ninguna","No existe","Intersección","Bueno","Reducida","Nocturna","Buen Tiempo","Lateral","S/D","Colisión","Ninguna","S/D","Ninguna","Sin restricción"
2015,9666,08/12/2015,"Martes",0,09:40:00,,"0.0",2,"Moto/Ciclomotor,Automóvil","R Godoy Y Sarmiento",2,1,0,0,1,0,0,,"Calle",,"SANTA FE","La Capital","Asfalto","No existe","I","S/D","Urbana","Ninguna","No existe","Intersección","Bueno","Buena","Diurna","Buen Tiempo","Lateral","S/D","Colisión","Ninguna","S/D","Ninguna","Sin restricción"
2015,9667,06/12/2015,"Domingo",0,11:40:00,,"0.0",2,"Moto/Ciclomotor,Moto/Ciclomotor","Pje Calcena Y Dorrego",2,1,0,0,1,0,0,,"Calle",,"SANTA FE","La Capital","Asfalto","No existe","I","S/D","Urbana","Ninguna","No existe","Intersección","Bueno","Reducida","Nocturna","Buen Tiempo","Lateral","S/D","Colisión","Ninguna","S/D","Ninguna","Sin restricción"
2015,9668,09/12/2015,"Miercoles",0,01:07:00,,"0.0",3,"Moto/Ciclomotor,Pickup/Utilitario,Automóvil","Candioti 5200",3,1,0,0,2,0,0,,"Calle",,"SANTA FE","La Capital","Asfalto","No existe","I","S/D","Urbana","Ninguna","No existe","Recta","Bueno","Reducida","Nocturna","Buen Tiempo","Lateral","S/D","Colisión","Ninguna","S/D","Ninguna","Sin restricción"
2015,9669,09/12/2015,"Miercoles",0,17:50:00,,"0.0",2,"Bicicleta,Automóvil","Pedro de Vega Y Necochea",2,1,0,0,1,0,0,"-31.612805555556,-60.687166666667","Calle",,"SANTA FE","La Capital","Asfalto","No existe","I","S/D","Urbana","Ninguna","No existe","Recta","Bueno","Buena","Diurna","Buen Tiempo","De alcance","S/D","Colisión,Atropello","Ninguna","S/D","Ninguna","Sin restricción"
2015,9670,10/12/2015,"Jueves",0,21:00:00,,"0.0",2,"Moto/Ciclomotor,Automóvil","Av Gral Lopez Y Derqui",2,1,0,0,1,0,0,,"Avenida",,"SANTA FE","La Capital","Asfalto","No existe","I","S/D","Urbana","Ninguna","No existe","Intersección","Bueno","Reducida","Nocturna","Buen Tiempo","Lateral","S/D","Colisión","Ninguna","S/D","Ninguna","Sin restricción"
2015,9671,03/12/2015,"Jueves",0,12:30:00,,"0.0",2,"Moto/Ciclomotor,Automóvil","Guemes Y Quintana",2,1,0,0,1,0,0,,"Calle",,"SANTA FE","La Capital","Asfalto","No existe","I","S/D","Urbana","Ninguna","No existe","Intersección","Bueno","Buena","Diurna","Buen Tiempo","Lateral","S/D","Colisión","Ninguna","S/D","Ninguna","Sin restricción"
2015,9672,11/12/2015,"Viernes",0,07:00:00,,"0.0",2,"Moto/Ciclomotor,Automóvil","Alvear Y Pedro de Vega",5,3,0,0,2,0,0,,"Calle",,"SANTA FE","La Capital","Asfalto","No existe","I","S/D","Urbana","Ninguna","No existe","Intersección","Bueno","Buena","Amanecer","Buen Tiempo","Lateral","S/D","Colisión","S/D","S/D","Ninguna","Sin restricción"
2015,9673,13/12/2015,"Domingo",0,23:10:00,,"0.0",2,"Automóvil,Moto/Ciclomotor","Av Galicia Y Alberdi",2,1,0,0,1,0,0,,"Avenida",,"SANTA FE","La Capital","Asfalto","No existe","I","S/D","Urbana","Ninguna","No existe","Intersección","Bueno","Reducida","Nocturna","Buen Tiempo","Lateral","S/D","Colisión","Ninguna","S/D","Ninguna","Sin restricción"
2015,9674,14/12/2015,"Lunes",0,00:30:00,,"0.0",3,"Automóvil,Transporte de Pasajeros Urbano (> 8 asientos),Automóvil","Av A del Valle Y J Castelli",3,2,0,0,1,0,0,,"Avenida",,"SANTA FE","La Capital","Asfalto","No existe","I","S/D","Urbana","Ninguna","No existe","Intersección","Bueno","Reducida","Nocturna","Buen Tiempo","Lateral","S/D","Colisión","Ninguna","S/D","Ninguna","Sin restricción"