"anio_acci","nro_acci","fecha","desc_dia","fecha_aprox","hora_aprox","desc_ruta","km","cant_participantes","desc_participante","calle_avenida_km","total","heridos_leves","heridos_graves","heridos_gravisimos","ilesos","fallecidos","sin_datos","posicion_XY","desc_tipo_via","desc_ruta_ori","desc_loc","desc_dpto","desc_tipo_calzada","desc_tipo_banquina","desc_unidad_regional","desc_lugar_calzada","desc_zona","desc_prioridad","desc_estado_semaforo","desc_lugar_via","desc_estado_via","desc_estado_visibilidad","desc_luminosidad","desc_estado_clima","desc_tipo_colision","desc_tipo_atropello","desc_tipo_hecho","desc_pres_calzada","desc_senializacion","desc_separacion_via","desc_restriccion"
2015,9675,15/12/2015,"Martes",0,12:30:00,,"0.0",2,"Automóvil,Taxi/Remis","Salvador del Carril Y Sarmiento",2,2,0,0,0,0,0,,"Avenida",,"SANTA FE","La Capital","Asfalto","No existe","I","S/D","Urbana","Ninguna","No existe","Intersección","Bueno","Buena","Diurna","Buen Tiempo","Lateral","S/D","Colisión","Ninguna","S/D","Ninguna","Sin restricción"
2015,9676,15/12/2015,"Martes",0,13:40:00,,"0.0",2,"Automóvil,Automóvil","Derqui Y Republica de Siria",2,1,0,0,1,0,0,,"Calle",,"SANTA FE","La Capital","Asfalto","No existe","I","S/D","Urbana","Ninguna","No existe","Intersección","Bueno","Buena","Diurna","Buen Tiempo","Lateral","S/D","Colisión","Ninguna","S/D","Ninguna","Sin restricción"
2015,9677,15/12/2015,"Martes",0,21:00:00,,"0.0",2,"Peatón,Automóvil","Av Gral Paz Y Salvador del Carril",2,1,0,0,1,0,0,"-31.620527777778,-60.686083333333","Avenida",,"SANTA FE","La Capital","Asfalto","No existe","I","S/D","Urbana","Ninguna","Funciona","Recta","Bueno","Reducida","Nocturna","Buen Tiempo","S/D","S/D","Atropello","Ninguna","S/D","Ninguna","Sin restricción"
2015,9678,14/12/2015,"Lunes",0,16:30:00,,"0.0",2,"Moto/Ciclomotor,Moto/Ciclomotor","Ricardo Aldao Y Las Heras",2,1,0,0,1,0,0,,"Calle",,"SANTA FE","La Capital","Asfalto","No existe","I","S/D","Urbana","Ninguna","No existe","Intersección","Bueno","Buena","Diurna","Buen Tiempo","Lateral","S/D","Colisión","Ninguna","S/D","Ninguna","Sin restricción"
2015,9679,17/12/2015,"Jueves",0,19:00:00,,"0.0",2,"Automóvil,Moto/Ciclomotor","Salvador del Carril Y Necochea",2,1,0,0,1,0,0,,"Avenida",,"SANTA FE","La Capital","Asfalto","No existe","I","S/D","Urbana","Ninguna","No existe","Intersección","Bueno","Buena","Atardecer","Buen Tiempo","Lateral","S/D","Colisión","Ninguna","S/D","Ninguna","Sin restricción"
2015,9680,17/12/2015,"Jueves",0,19:30:00,,"0.0",2,"Automóvil,Automóvil","Republica de Siria Y J M Zuviria",3,2,0,0,1,0,0,,"Calle",,"SANTA FE","La Capital","Asfalto","No existe","I","S/D","Urbana","Ninguna","No existe","Intersección","Bueno","Buena","Atardecer","Buen Tiempo","Lateral","S/D","Colisión","Ninguna","S/D","Ninguna","Sin restricción"
2015,9681,18/12/2015,"Viernes",0,22:10:00,,"0.0",2,"Moto/Ciclomotor,Moto/Ciclomotor","Candioti Y Ricardo Aldao",3,2,0,0,1,0,0,,"Calle",,"SANTA FE","La Capital","Asfalto","No existe","I","S/D","Urbana","Ninguna","No existe","Intersección","Bueno","Reducida","Nocturna","Buen Tiempo","Lateral","S/D","Colisión","Ninguna","Faltante","Ninguna","Sin restricción"
2015,9682,21/12/2015,"Lunes",0,07:40:00,,"0.0",2,"Bicicleta,Automóvil","Av Almte Brown Y Bv Muttis",2,1,0,0,1,0,0,"-31.629472222222,-60.678111111111","Avenida",,"SANTA FE","La Capital","Asfalto","No existe","I","S/D","Urbana","Ninguna","No existe","Intersección","Bueno","Buena","Amanecer","Buen Tiempo","S/D","S/D","Atropello","Ninguna","S/D","Ninguna","Sin restricción"
2015,9683,21/12/2015,"Lunes",0,23:35:00,,"0.0",2,"Moto/Ciclomotor,Pickup/Utilitario","Angel Cassanello Y Tucuman",2,1,0,0,1,0,0,,"Calle",,"SANTA FE","La Capital","Asfalto","No existe","I","S/D","Urbana","Ninguna","No existe","Recta","Bueno","Reducida","Nocturna","Buen Tiempo","De alcance","S/D","Colisión","Ninguna","S/D","Ninguna","Sin restricción"
2015,9684,22/12/2015,"Martes",0,08:40:00,,"0.0",2,"Automóvil,Moto/Ciclomotor","Candioti Y Agustin Delgado",2,1,0,0,1,0,0,,"Calle",,"SANTA FE","La Capital","Asfalto","No existe","I","S/D","Urbana","Ninguna","No existe","Intersección","Bueno","Buena","Diurna","Buen Tiempo","Lateral","S/D","Colisión","Ninguna","S/D","Ninguna","Sin restricción"
2015,9685,23/12/2015,"Miercoles",0,13:30:00,,"0.0",2,"Peatón,Automóvil","Ricardo Aldao Y Alvear",2,1,0,0,1,0,0,"-31.611444444444,-60.689","Calle",,"SANTA FE","La Capital","Asfalto","No existe","I","S/D","Urbana","Ninguna","No existe","Intersección","Bueno","Reducida","Diurna","Lluvia","S/D","S/D","Atropello","Agua","S/D","Ninguna","Sin restricción"
2015,9686,17/12/2015,"Jueves",0,14:00:00,,"0.0",2,"Taxi/Remis,Moto/Ciclomotor","Av Gral Paz 4600",2,1,0,0,1,0,0,,"Avenida",,"SANTA FE","La Capital","Asfalto","No existe","I","S/D","Urbana","Ninguna","No existe","Intersección","Bueno","Buena","Diurna","Buen Tiempo","Lateral","S/D","Colisión","Ninguna","S/D","Ninguna","Sin restricción"
2015,9687,25/12/2015,"Viernes",0,21:00:00,,"0.0",2,"Moto/Ciclomotor,Automóvil","Salvador del Carril Y Dorrego",3,2,0,0,1,0,0,,"Avenida",,"SANTA FE","La Capital","Asfalto","No existe","I","S/D","Urbana","Ninguna","No existe","Intersección","Bueno","Reducida","Nocturna","Buen Tiempo","Lateral","S/D","Colisión","Ninguna","S/D","Línea divisoria pintada","Sin restricción"
2015,9688,01/12/2015,"Martes",0,12:20:00,,"0.0",2,"Bicicleta,Automóvil","Buenos Aires Y Sanchez de Bustamante",2,1,0,0,1,0,0,,"Calle",,"ROSARIO","Rosario","Asfalto","No existe","II","Dentro","Urbana","Ninguna","S/D","Intersección","Bueno","Buena","Diurna","Buen Tiempo","S/D","S/D","Atropello","S/D","S/D","S/D","S/D"
2015,9689,18/12/2015,"Viernes",0,19:55:00,,"0.0",2,"Moto/Ciclomotor,Automóvil","Pje Facundo Zuviria ",3,1,0,0,2,0,0,,"Avenida",,"SANTA FE","La Capital","Asfalto","Pavimento","I","S/D","Urbana","Semáforo","Funciona","Intersección","Bueno","Buena","Diurna","Buen Tiempo","Lateral","S/D","Colisión","Ninguna","Horizontal","Ninguna","Sin restricción"
2015,9690,03/12/2015,"Jueves",0,12:20:00,,"0.0",2,"Moto/Ciclomotor,Automóvil","Av. Uriburu Y L.N.Alem",3,2,0,0,1,0,0,,"Avenida",,"ROSARIO","Rosario","Asfalto","No existe","II","Dentro","Urbana","S/D","No existe","Intersección","Bueno","Buena","Diurna","Buen Tiempo","Lateral","S/D","Colisión","S/D","S/D","Cordón divisorio","S/D"
2015,9691,16/12/2015,"Miercoles",0,,,"0.0",1,"Moto/Ciclomotor","Martin Zapata Y Saavedra",2,1,0,0,1,0,0,,"Calle",,"SANTA FE","La Capital","Asfalto","S/D","I","Dentro","Urbana","Ninguna","No existe","Intersección","Bueno","Buena","Diurna","Buen Tiempo","Lateral","S/D","Colisión","Ninguna","S/D","S/D","Sin restricción"
2015,9692,08/12/2015,"Martes",0,10:00:00,,"0.0",2,"Moto/Ciclomotor,Pickup/Utilitario","Cabildo Y Pje. Aguirre",2,1,0,0,1,0,0,,"Calle",,"ROSARIO","Rosario","Asfalto","No existe","II","Dentro","Urbana","Ninguna","No existe","Intersección","S/D","Buena","Diurna","Buen Tiempo","Lateral","S/D","Colisión","S/D","S/D","Ninguna","Sin restricción"
2015,9693,23/12/2015,"Miercoles",0,15:30:00,,"0.0",1,"Automóvil","Martin Zapata Y Saavedra",2,2,0,0,0,0,0,,"Calle",,"SANTA FE","La Capital","Asfalto","No existe","I","Dentro","Urbana","Ninguna","No existe","Intersección","Bueno","Buena","Diurna","Buen Tiempo","Lateral","S/D","Colisión","Ninguna","Faltante","Ninguna","Sin restricción"
2015,9694,05/12/2015,"Sabado",0,18:55:00,,"0.0",2,"Peatón,Automóvil","Grandoli Y Sanchez de Thompson",2,1,0,0,1,0,0,,"Calle",,"ROSARIO","Rosario","Asfalto","No existe","II","Dentro","Urbana","S/D","No existe","Intersección","Bueno","Buena","Atardecer","Buen Tiempo","S/D","S/D","Atropello","S/D","S/D","Cordón divisorio","S/D"
2015,9695,11/12/2015,"Viernes",0,11:10:00,,"0.0",2,"Moto/Ciclomotor,Taxi/Remis","Ayacucho Y Av. Arijon",3,2,0,0,1,0,0,,"Avenida",,"ROSARIO","Rosario","Asfalto","No existe","II","Dentro","Urbana","Semáforo","Funciona","Intersección","Bueno","Buena","Diurna","S/D","Lateral","S/D","Colisión","S/D","S/D","S/D","Sin restricción"
2015,9696,19/12/2015,"Sabado",0,20:00:00,,"0.0",2,"Automóvil,Automóvil","Av. Uriburu Y Necochea",2,1,0,0,1,0,0,,"Avenida",,"ROSARIO","Rosario","Asfalto","No existe","II","Dentro","Urbana","S/D","No existe","Intersección","S/D","Buena","Nocturna","Buen Tiempo","Lateral","S/D","Colisión","S/D","S/D","S/D","Sin restricción"
2015,9697,18/12/2015,"Viernes",0,01:45:00,,"0.0",2,"Automóvil,Moto/Ciclomotor","Pje Facundo Zuviria Y Ricardo Aldao",2,1,0,0,0,0,1,,"S/D",,"SANTA FE","La Capital","Asfalto","No existe","I","S/D","S/D","Ninguna","Intermitente","Intersección","Bueno","Buena","Nocturna","Buen Tiempo","Lateral","S/D","Colisión","Ninguna","Faltante","Cordón divisorio","Sin restricción"
2015,9698,21/12/2015,"Lunes",0,14:00:00,,"0.0",2,"Automóvil,Camión","Ayacucho Y Av. Battle y Ordoñez",3,2,0,0,1,0,0,,"Avenida",,"ROSARIO","Rosario","Asfalto","S/D","II","Dentro","Urbana","Semáforo","S/D","Intersección","S/D","Buena","Diurna","Buen Tiempo","Lateral","S/D","Colisión","S/D","S/D","Línea divisoria pintada","Sin restricción"
2015,9699,15/12/2015,"Martes",0,07:10:00,,"0.0",2,"Automóvil,Moto/Ciclomotor","Presidente Roca Y 9 de Julio",2,1,0,0,0,0,1,,"Calle",,"SANTA FE","La Capital","Asfalto","No existe","I","Dentro","Urbana","Ninguna","No existe","Intersección","Bueno","Buena","Diurna","Buen Tiempo","Lateral","S/D","Colisión","Ninguna","Faltante","Ninguna","Sin restricción"
2015,9700,14/12/2015,"Lunes",0,21:40:00,,"0.0",2,"Automóvil,Moto/Ciclomotor","Presidente Roca Y 9 de Julio",2,1,0,0,0,0,1,,"Calle",,"SANTA FE","La Capital","Asfalto","No existe","I","Dentro","Urbana","Ninguna","No existe","Intersección","Bueno","Buena","Nocturna","Buen Tiempo","Lateral","S/D","Colisión","Ninguna","Faltante","Ninguna","Sin restricción"
2015,9701,05/12/2015,"Sabado",0,20:30:00,,"0.0",2,"Automóvil,Otros","Pje Facundo Zuviria Y Gorostiaga",2,1,0,0,0,0,1,,"Calle",,"SANTA FE","La Capital","Asfalto","No existe","I","Dentro","Urbana","Ninguna","Funciona","Intersección","Bueno","Buena","Diurna","Buen Tiempo","Lateral","S/D","Colisión","Ninguna","Faltante","Cordón divisorio","Sin restricción"
2015,9702,07/12/2015,"Lunes",0,18:00:00,,"0.0",2,"Otros,Moto/Ciclomotor","Pje Facundo Zuviria Y J P Lopez",4,3,0,0,1,0,0,,"Calle",,"SANTA FE","La Capital","Asfalto","Pavimento","I","Dentro","Urbana","Semáforo","Funciona","Intersección","Bueno","Buena","Diurna","Buen Tiempo","Lateral","S/D","Colisión","Ninguna","Horizontal,Vertical","Cordón divisorio","Sin restricción"
2015,9703,07/12/2015,"Lunes",0,11:00:00,,"0.0",2,"Moto/Ciclomotor,Bicicleta","Pje Facundo Zuviria 5500",2,1,0,0,1,0,0,"-31.615722222222,-60.705277777778","Avenida",,"SANTA FE","La Capital","Asfalto","Pavimento","I","Dentro","Urbana","Semáforo","Funciona","Recta","Bueno","Buena","Diurna","Buen Tiempo","Lateral","S/D","Colisión","Ninguna","Horizontal,Vertical","Cordón divisorio","Sin restricción"
2015,9704,30/12/2015,"Miercoles",0,22:40:00,,"0.0",2,"Automóvil,Moto/Ciclomotor","San Martin Y Hilarion de la Quintana",3,2,0,0,1,0,0,,"Calle",,"ROSARIO","Rosario","Asfalto","S/D","II","Dentro","Urbana","Ninguna","S/D","Intersección","Bueno","Buena","Nocturna","Buen Tiempo","Lateral","S/D","Colisión","Ninguna","Faltante","Ninguna","S/D"
2015,9705,04/12/2015,"Viernes",0,11:00:00,,"0.0",2,"Automóvil,Moto/Ciclomotor"," ",3,2,0,0,1,0,0,,"Calle",,"SANTA FE","La Capital","Asfalto","S/D","I","Dentro","Urbana","Semáforo","Funciona","Intersección","Bueno","Buena","Diurna","Buen Tiempo","Lateral","S/D","Colisión","Ninguna","S/D","S/D","Sin restricción"
2015,9706,13/12/2015,"Domingo",0,,,"0.0",2,"Automóvil,Otros","Estanislao Zeballos 3700",3,2,0,0,1,0,0,,"Calle",,"SANTA FE","La Capital","Asfalto","S/D","I","S/D","Urbana","S/D","No existe","Recta","Bueno","Buena","Diurna","Buen Tiempo","Frontal","S/D","Colisión","Ninguna","S/D","Ninguna","Sin restricción"
2015,9707,24/12/2015,"Jueves",0,09:50:00,,"0.0",2,"Bicicleta,Otros","Pje Facundo Zuviria ",2,1,0,0,0,0,1,,"S/D",,"SANTA FE","La Capital","Asfalto","S/D","I","S/D","Urbana","Semáforo","Funciona","Recta","Bueno","Buena","Diurna","Buen Tiempo","S/D","S/D","Atropello","Ninguna","Horizontal","Barrera de hormigón","Sin restricción"
2015,9708,27/12/2015,"Domingo",0,02:30:00,,"0.0",2,"Moto/Ciclomotor,Peatón","Av Almte Brown Y Gutierrez",3,1,0,0,2,0,0,"-31.629340, -60.678103","Avenida",,"SANTA FE","La Capital","Asfalto","No existe","I","S/D","Urbana","Ninguna","No existe","Intersección","Bueno","Reducida","Nocturna","Buen Tiempo","S/D","S/D","Atropello","Ninguna","S/D","Línea divisoria pintada","Accidente Previo"
2015,9709,28/12/2015,"Lunes",0,09:30:00,,"0.0",2,"Moto/Ciclomotor,Automóvil","Salvador del Carril Y Rivadavia",2,1,0,0,1,0,0,,"Avenida",,"SANTA FE","La Capital","Asfalto","No existe","I","S/D","Urbana","Ninguna","No existe","Intersección","Bueno","Buena","Diurna","Buen Tiempo","Lateral","S/D","Colisión","Ninguna","S/D","Ninguna","Sin restricción"
2015,9710,29/12/2015,"Martes",0,13:00:00,,"0.0",2,"Automóvil,Automóvil","J Castelli Y Belgrano",3,3,0,0,0,0,0,,"Calle",,"SANTA FE","La Capital","Asfalto","No existe","I","S/D","Urbana","Ninguna","No existe","Intersección","Bueno","Buena","Diurna","Buen Tiempo","Lateral","S/D","Colisión","Ninguna","S/D","Ninguna","Sin restricción"
2015,9711,31/12/2015,"Jueves",0,11:40:00,,"0.0",2,"Automóvil,Moto/Ciclomotor","Las Heras Y Padilla",2,1,0,0,1,0,0,,"Calle",,"SANTA FE","La Capital","Asfalto","No existe","I","S/D","Urbana","Ninguna","No existe","Intersección","Bueno","Buena","Diurna","Buen Tiempo","De alcance","S/D","Colisión","Ninguna","S/D","Ninguna","Sin restricción"
2015,9712,31/12/2015,"Jueves",0,13:30:00,,"0.0",2,"Taxi/Remis,Moto/Ciclomotor","Av Galicia Y Lavalle",2,1,0,0,1,0,0,,"Avenida",,"SANTA FE","La Capital","Asfalto","No existe","I","S/D","Urbana","Ninguna","No existe","Intersección","Bueno","Buena","Diurna","Buen Tiempo","Lateral","S/D","Colisión","Ninguna","S/D","Ninguna","Sin restricción"
2015,9713,27/12/2015,"Domingo",0,07:30:00,,"0.0",2,"Taxi/Remis,Moto/Ciclomotor"," ",2,1,0,0,1,0,0,,"S/D",,"SANTA FE","La Capital","Asfalto","No existe","I","Dentro","Urbana","Ninguna","No existe","Intersección","Bueno","Buena","Amanecer","Buen Tiempo","Lateral","S/D","Colisión","Ninguna","Faltante","Cordón divisorio","Sin restricción"
2015,9714,01/12/2015,"Martes",0,16:30:00,,"0.0",2,"Bicicleta,Automóvil","Av A del Valle 5100",2,1,0,0,1,0,0,"-31.620972222222,-60.698777777778","Avenida",,"SANTA FE","La Capital","Asfalto","No existe","I","Dentro","Urbana","Ninguna","S/D","Recta","Bueno","Buena","Diurna","Buen Tiempo","S/D","S/D","Atropello","Ninguna","Vertical","Ninguna","Sin restricción"
2015,9715,10/12/2015,"Jueves",0,07:45:00,,"0.0",2,"Moto/Ciclomotor,Pickup/Utilitario","Bv. 27 De Febrero Y Colon",2,1,0,0,1,0,0,,"Avenida",,"ROSARIO","Rosario","Asfalto","S/D","II","Dentro","Urbana","S/D","S/D","Intersección","Bueno","Buena","Diurna","Buen Tiempo","Lateral","S/D","Colisión","S/D","Horizontal","S/D","S/D"
2015,9716,02/12/2015,"Miercoles",0,11:30:00,,"0.0",2,"Moto/Ciclomotor,Otros","Diagonal Aguirre 2700",2,0,1,0,1,0,0,,"Calle",,"SANTA FE","La Capital","Asfalto","No existe","I","Dentro","Urbana","Ninguna","No existe","Rotonda","Bueno","Buena","Nocturna,Con luz artificial","Buen Tiempo","S/D","S/D","Colisión","Ninguna","Faltante","Ninguna","S/D"
2015,9717,05/12/2015,"Sabado",0,16:50:00,,"0.0",1,"Moto/Ciclomotor","Calle sin Nombre ",1,1,0,0,0,0,0,,"Camino Rural",,"GREGORIA P. DE DENIS","9 de Julio","Tierra","No existe","XII","Dentro","Rural","S/D","No existe","Recta","Deteriorada","Buena","Diurna","S/D","S/D","S/D","Caída ocupante","S/D","Faltante","S/D","Sin restricción"
2015,9718,03/12/2015,"Jueves",0,23:30:00,,"0.0",2,"Moto/Ciclomotor,Automóvil","Pje Facundo Zuviria Y Gutierrez",3,1,0,0,2,0,0,,"Calle",,"SANTA FE","La Capital","Asfalto","No existe","I","Dentro","Urbana","Ninguna","S/D","Intersección","Bueno","Buena","Nocturna,Con luz artificial","Buen Tiempo","Lateral","S/D","Colisión","Ninguna","Vertical","Ninguna","Sin restricción"
2015,9719,04/12/2015,"Viernes",0,18:10:00,,"0.0",2,"Moto/Ciclomotor,Automóvil","5 de Noviembre Y Jujuy",2,1,0,0,1,0,0,,"Calle",,"TOSTADO","9 de Julio","Ripio","No existe","XII","Dentro","Urbana","S/D","No existe","Intersección","Bueno","Buena","Diurna","Buen Tiempo","Lateral","S/D","Colisión","Ninguna","Faltante","S/D","Sin restricción"
2015,9720,06/12/2015,"Domingo",0,18:30:00,,"0.0",2,"Moto/Ciclomotor,Automóvil","Iturraspe Y 4 de Enero",2,1,0,0,1,0,0,,"Calle",,"SANTA FE","La Capital","Asfalto","No existe","I","S/D","Urbana","Ninguna","S/D","Intersección","Bueno","Buena","Atardecer","Buen Tiempo","Lateral","S/D","Colisión","Ninguna","Vertical","S/D","Sin restricción"
2015,9721,16/12/2015,"Miercoles",0,,,"0.0",2,"Moto/Ciclomotor,Automóvil","Avenida Rivadavia Y 12 de Octubre",2,1,0,0,1,0,0,,"Avenida",,"TOSTADO","9 de Julio","Asfalto","S/D","XII","Dentro","Urbana","S/D","No existe","Recta","Bueno","Buena","Diurna","Buen Tiempo","Lateral","S/D","Colisión","Ninguna","S/D","S/D","S/D"
2015,9722,21/12/2015,"Lunes",0,06:44:00,"Ruta Nacional 98","0.0",1,"Pickup/Utilitario"," ",1,1,0,0,0,0,0,,"Ruta",98,"TRES POZOS","9 de Julio","Asfalto","Natural","XII","Dentro","Urbana","Ninguna","No existe","Recta","Bueno","Buena","Amanecer","Buen Tiempo","S/D","S/D","Vuelco","Ninguna","Faltante","Ninguna","Sin restricción"
2015,9723,14/12/2015,"Lunes",0,18:20:00,,"0.0",2,"Pickup/Utilitario,Moto/Ciclomotor","Las Heras Y 6 de Caballeria",2,0,1,0,1,0,0,,"Calle",,"TOSTADO","9 de Julio","Ripio","S/D","XII","Dentro","Urbana","Ninguna","No existe","Intersección","Bueno","Buena","Diurna","Buen Tiempo","Lateral","S/D","Colisión","Ninguna","Faltante","Ninguna","Sin restricción"
2015,9724,05/12/2015,"Sabado",0,16:50:00,,"0.0",1,"Moto/Ciclomotor"," ",1,0,1,0,0,0,0,,"Camino Rural",,"GREGORIA P. DE DENIS","9 de Julio","Tierra","No existe","XII","Dentro","Rural","Ninguna","No existe","Recta","Deteriorada","Buena","Diurna","Buen Tiempo","S/D","S/D","Caída ocupante","Otro","S/D","Ninguna","Sin restricción"
2015,9725,29/12/2015,"Martes",0,15:20:00,,"0.0",2,"Automóvil,Moto/Ciclomotor","Garibaldi Y Bv. Oroño",2,1,0,0,1,0,0,,"Avenida",,"ROSARIO","Rosario","Asfalto","No existe","II","Dentro","Urbana","Semáforo","Funciona","Intersección","Bueno","Buena","Diurna","Buen Tiempo","Lateral","S/D","Colisión","Ninguna","Horizontal","S/D","Sin restricción"
2015,9726,26/12/2015,"Sabado",0,10:15:00,,"0.0",2,"Automóvil,Automóvil","Uruguay Y Sarmiento",2,1,0,0,1,0,0,,"Calle",,"ROSARIO","Rosario","Asfalto","No existe","II","Dentro","Urbana","Ninguna","No existe","Intersección","Bueno","Buena","Diurna","Buen Tiempo","Lateral","S/D","Colisión","Ninguna","Faltante","Ninguna","Sin restricción"
2015,9727,22/12/2015,"Martes",0,14:20:00,,"0.0",2,"Automóvil,Moto/Ciclomotor","Fragata Sarmiento Y Pueyrredon",2,1,0,0,1,0,0,,"Calle",,"ROSARIO","Rosario","Asfalto","No existe","II","Dentro","Urbana","Ninguna","No existe","Intersección","Bueno","Buena","Diurna","Buen Tiempo","Lateral","S/D","Colisión","Ninguna","Faltante","Ninguna","Sin restricción"
2015,9728,06/12/2015,"Domingo",0,14:00:00,,"0.0",2,"Automóvil,Transporte de Pasajeros Urbano (> 8 asientos)","Cerrito Y Necochea",2,1,0,0,1,0,0,,"Calle",,"ROSARIO","Rosario","Asfalto","No existe","II","Dentro","Urbana","Señal Pare","No existe","Intersección","Bueno","Buena","Diurna","Buen Tiempo","Lateral","S/D","Colisión","Ninguna","Vertical","Cordón divisorio","S/D"
2015,9729,01/12/2015,"Martes",0,16:00:00,,"0.0",2,"Automóvil,Bicicleta","Ayacucho Y Riobamba",2,1,0,0,1,0,0,,"Calle",,"ROSARIO","Rosario","Asfalto","No existe","II","Dentro","Urbana","Ninguna","No existe","Intersección","Bueno","Buena","Diurna","Buen Tiempo","S/D","S/D","Atropello","Ninguna","Faltante","Ninguna","Sin restricción"
2015,9730,15/12/2015,"Martes",0,19:00:00,,"0.0",2,"Automóvil,Moto/Ciclomotor","Ituzaingo Y Colon",2,1,0,0,1,0,0,,"Calle",,"ROSARIO","Rosario","Asfalto","No existe","II","Dentro","Urbana","Ninguna","No existe","Intersección","Bueno","Buena","Diurna","Buen Tiempo","Lateral","S/D","Colisión","S/D","Horizontal","S/D","Sin restricción"
2015,9731,15/12/2015,"Martes",0,11:30:00,,"0.0",2,"Automóvil,Automóvil","Cerrito Y Buenos Aires",3,2,0,0,1,0,0,,"Calle",,"ROSARIO","Rosario","Asfalto","S/D","II","Dentro","Urbana","S/D","Funciona","Recta","Bueno","Buena","Diurna","Buen Tiempo","Lateral","S/D","Colisión","S/D","Horizontal","Ninguna","Sin restricción"
2015,9732,06/12/2015,"Domingo",0,16:00:00,,"0.0",2,"Moto/Ciclomotor,Automóvil","Rodriguez Y Hilarion de la Quintana",3,2,0,0,1,0,0,,"Calle",,"ROSARIO","Rosario","Asfalto","No existe","II","Dentro","Urbana","Ninguna","No existe","Intersección","Bueno","Buena","Diurna","Buen Tiempo","Lateral","S/D","Colisión","S/D","Faltante","Ninguna","Sin restricción"
2015,9733,20/12/2015,"Domingo",1,16:00:00,,"0.0",2,"Taxi/Remis,Bicicleta","9 De Julio Y Sarmiento",4,3,0,0,1,0,0,,"Calle",,"ROSARIO","Rosario","Asfalto","S/D","II","Dentro","Urbana","Ninguna","S/D","Intersección","Bueno","S/D","S/D","Buen Tiempo","Otro","S/D","Atropello","S/D","S/D","Cordón divisorio","Sin restricción"
2015,9734,21/12/2015,"Lunes",0,08:55:00,,"0.0",1,"Peatón","Italia 1000",2,1,0,0,1,0,0,,"Calle",,"ROSARIO","Rosario","S/D","S/D","II","Dentro","Urbana","S/D","S/D","S/D","S/D","S/D","Diurna","S/D","S/D","S/D","Atropello","S/D","S/D","S/D","S/D"
2015,9735,01/12/2015,"Martes",0,15:00:00,,"0.0",2,"Automóvil,Moto/Ciclomotor","Balcarce Y Santa Fe",2,1,0,0,1,0,0,,"Calle",,"ROSARIO","Rosario","Asfalto","No existe","II","Dentro","Urbana","S/D","S/D","Recta","Bueno","Buena","Diurna","Buen Tiempo","Lateral","S/D","Colisión","S/D","S/D","Cordón divisorio","Sin restricción"
2015,9736,18/12/2015,"Viernes",0,12:00:00,,"0.0",2,"Moto/Ciclomotor,Automóvil","Av. Corrientes Y Cordoba",3,2,0,0,1,0,0,,"Calle",,"ROSARIO","Rosario","Asfalto","No existe","II","Dentro","Urbana","Semáforo","Funciona","Recta","Bueno","Buena","Diurna","Buen Tiempo","Otro","S/D","Caída ocupante,Otro","S/D","Vertical","Cordón divisorio","Sin restricción"
2015,9737,02/12/2015,"Miercoles",0,08:40:00,,"0.0",2,"Moto/Ciclomotor,Automóvil","Dorrego Y E.Zeballos",2,1,0,0,1,0,0,,"Calle",,"ROSARIO","Rosario","Asfalto","S/D","II","Dentro","Urbana","S/D","S/D","Intersección","Bueno","S/D","Diurna","Buen Tiempo","Lateral","S/D","Colisión","S/D","S/D","Cordón divisorio","Sin restricción"
2015,9738,07/12/2015,"Lunes",0,20:15:00,,"0.0",2,"Moto/Ciclomotor,Automóvil","Mitre Y Montevideo",2,1,0,0,1,0,0,,"Calle",,"ROSARIO","Rosario","Asfalto","No existe","II","S/D","Urbana","Ninguna","No existe","Intersección","Bueno","Buena","Nocturna,Con luz artificial","Buen Tiempo","Lateral","S/D","Colisión","S/D","S/D","Cordón divisorio","Sin restricción"
2015,9739,18/12/2015,"Viernes",0,08:05:00,,"0.0",2,"Automóvil,Moto/Ciclomotor","Italia Y San Luis",2,1,0,0,1,0,0,,"Calle",,"ROSARIO","Rosario","Asfalto","No existe","II","Dentro","Urbana","S/D","S/D","Intersección","Bueno","Buena","Diurna","Buen Tiempo","Lateral","S/D","Colisión","S/D","S/D","Cordón divisorio","Sin restricción"
2015,9740,23/12/2015,"Miercoles",0,02:15:00,,"0.0",2,"Moto/Ciclomotor,Taxi/Remis","Santa Fe Y Dorrego",2,1,0,0,1,0,0,,"Calle",,"ROSARIO","Rosario","Asfalto","No existe","II","Dentro","Urbana","Semáforo","Funciona","Recta","Bueno","Buena","Nocturna,Con luz artificial","Buen Tiempo","Lateral","S/D","Colisión","S/D","Horizontal","Cordón divisorio","Sin restricción"
2015,9741,05/10/2015,"Lunes",0,12:30:00,,"0.0",2,"Moto/Ciclomotor,Automóvil","Independencia Y Almte. Brown",2,0,1,0,1,0,0,,"Calle",,"CAÑADA DE GÓMEZ","Iriondo","S/D","S/D","X","Dentro","Urbana","S/D","S/D","Intersección","S/D","S/D","Diurna","S/D","S/D","S/D","Colisión","S/D","S/D","S/D","S/D"