"anio_acci","nro_acci","fecha","desc_dia","fecha_aprox","hora_aprox","desc_ruta","km","cant_participantes","desc_participante","calle_avenida_km","total","heridos_leves","heridos_graves","heridos_gravisimos","ilesos","fallecidos","sin_datos","posicion_XY","desc_tipo_via","desc_ruta_ori","desc_loc","desc_dpto","desc_tipo_calzada","desc_tipo_banquina","desc_unidad_regional","desc_lugar_calzada","desc_zona","desc_prioridad","desc_estado_semaforo","desc_lugar_via","desc_estado_via","desc_estado_visibilidad","desc_luminosidad","desc_estado_clima","desc_tipo_colision","desc_tipo_atropello","desc_tipo_hecho","desc_pres_calzada","desc_senializacion","desc_separacion_via","desc_restriccion"
2015,9742,01/12/2015,"Martes",0,13:30:00,,"0.0",2,"Automóvil,Camión","3 De Febrero Y Entre Rios",2,1,0,0,1,0,0,,"Calle",,"ROSARIO","Rosario","Asfalto","No existe","II","S/D","Urbana","Semáforo","Funciona","Intersección","Bueno","Buena","Diurna","Buen Tiempo","Lateral","S/D","Colisión","S/D","S/D","Cordón divisorio","Sin restricción"
2015,9743,01/12/2015,"Martes",0,08:15:00,,"0.0",2,"Automóvil,Bicicleta","E.Zeballos Y Pte.Roca",2,1,0,0,1,0,0,,"Calle",,"ROSARIO","Rosario","Asfalto","S/D","II","S/D","Urbana","S/D","S/D","Intersección","Bueno","S/D","Diurna","Buen Tiempo","S/D","S/D","Atropello","S/D","S/D","Cordón divisorio","Sin restricción"
2015,9744,06/12/2015,"Domingo",0,02:30:00,,"0.0",2,"Moto/Ciclomotor,Automóvil","Pueyrredon Y Lamadrid",2,1,0,0,1,0,0,,"Calle",,"ROSARIO","Rosario","Asfalto","No existe","II","S/D","Urbana","Ninguna","S/D","Intersección","Bueno","Buena","Nocturna,Con luz artificial","Buen Tiempo","Lateral","S/D","Colisión","S/D","Faltante","Ninguna","Sin restricción"
2015,9745,09/12/2015,"Miercoles",0,21:00:00,,"0.0",2,"Automóvil,Automóvil","Bv. Oroño Y Av. Arijon",2,1,0,0,1,0,0,,"Avenida",,"ROSARIO","Rosario","Asfalto","No existe","II","S/D","Urbana","Semáforo","Funciona","Intersección","Bueno","Buena","Nocturna,Con luz artificial","Buen Tiempo","Lateral","S/D","Colisión","S/D","Vertical","Cordón divisorio","Sin restricción"
2015,9746,11/12/2015,"Viernes",0,21:30:00,,"0.0",2,"Moto/Ciclomotor,Automóvil","Av. Battle y Ordoñez Y Italia",3,1,0,0,2,0,0,,"Avenida",,"ROSARIO","Rosario","Asfalto","No existe","II","Dentro","Urbana","Semáforo","Funciona","Intersección","Bueno","Buena","Nocturna,Con luz artificial","Buen Tiempo","Lateral","S/D","Colisión","S/D","Vertical","Cordón divisorio","Sin restricción"
2015,9747,17/12/2015,"Jueves",0,11:50:00,,"0.0",2,"Automóvil,Pickup/Utilitario","Lamadrid Y Dorrego",4,2,0,0,2,0,0,,"Calle",,"ROSARIO","Rosario","Asfalto","No existe","II","S/D","Urbana","Ninguna","No existe","Intersección","Bueno","Buena","Diurna","Buen Tiempo","Lateral","S/D","Colisión","S/D","Faltante","Ninguna","Sin restricción"
2015,9748,18/12/2015,"Viernes",0,18:45:00,,"0.0",2,"Automóvil,Automóvil","Av. Ntra.Sra.del Rosario Y Rodriguez",2,2,0,0,0,0,0,,"Calle",,"ROSARIO","Rosario","Asfalto","No existe","II","Dentro","Urbana","Ninguna","No existe","Intersección","Bueno","Buena","Atardecer","Buen Tiempo","Lateral","S/D","Colisión","S/D","Faltante","Ninguna","Sin restricción"
2015,9749,06/10/2015,"Martes",0,,,"0.0",2,"Moto/Ciclomotor,Automóvil"," ",5,1,1,0,3,0,0,,"S/D",,"HUANQUEROS","San Cristóbal","S/D","S/D","XIII","S/D","S/D","S/D","S/D","S/D","S/D","S/D","Diurna","S/D","S/D","S/D","Colisión","S/D","S/D","S/D","S/D"
2015,9750,08/12/2015,"Martes",0,19:55:00,,"0.0",2,"Peatón,Automóvil","Av. Provincias Unidas 1050 ",2,1,0,0,1,0,0,,"Avenida",,"ROSARIO","Rosario","S/D","S/D","II","S/D","Urbana","S/D","S/D","S/D","S/D","S/D","Atardecer","S/D","S/D","S/D","Atropello","S/D","S/D","S/D","S/D"
2015,9751,10/12/2015,"Jueves",0,11:55:00,,"0.0",2,"Ambulancia,Bicicleta","Av. Provincias Unidas Y J.J.Paso",2,1,0,0,1,0,0,,"Calle",,"ROSARIO","Rosario","S/D","S/D","II","S/D","Urbana","S/D","S/D","S/D","S/D","S/D","Diurna","S/D","S/D","S/D","Atropello","S/D","S/D","S/D","S/D"
2015,9752,21/12/2015,"Lunes",0,19:20:00,,"0.0",2,"Peatón,Automóvil","J.J.Paso Y Mejico",3,1,0,0,2,0,0,,"S/D",,"ROSARIO","Rosario","S/D","S/D","II","S/D","Urbana","S/D","S/D","Recta","S/D","S/D","Atardecer","S/D","S/D","S/D","Atropello","S/D","S/D","S/D","S/D"
2015,9753,04/10/2015,"Domingo",0,07:00:00,"Ruta Provincial 4","0.0",1,"Moto/Ciclomotor","RP4 Y ALBERDI ",1,1,0,0,0,0,0,,"Ruta",4,"SAN CRISTÓBAL","San Cristóbal","S/D","S/D","XIII","Dentro","Urbana","S/D","S/D","Cruce","S/D","S/D","Diurna","S/D","S/D","S/D","Caída ocupante","S/D","S/D","S/D","S/D"
2015,9754,23/12/2015,"Miercoles",0,18:30:00,,"0.0",2,"Automóvil,Moto/Ciclomotor","Magallanes Y J.J.Paso",3,1,0,0,2,0,0,,"Calle",,"ROSARIO","Rosario","S/D","S/D","II","S/D","Urbana","S/D","S/D","S/D","S/D","S/D","Atardecer","S/D","S/D","S/D","Colisión","S/D","S/D","S/D","S/D"
2015,9755,02/12/2015,"Miercoles",0,04:50:00,,"0.0",2,"Moto/Ciclomotor,Automóvil","Bv. Rondeau Y Herrera",2,1,0,0,1,0,0,,"Calle",,"ROSARIO","Rosario","Asfalto","No existe","II","Dentro","Urbana","Semáforo","Funciona","Intersección","Bueno","Buena","Nocturna","Buen Tiempo","Frontal","S/D","Colisión","Ninguna","Vertical","Ninguna","Sin restricción"
2015,9756,11/12/2015,"Viernes",0,10:50:00,,"0.0",2,"Automóvil,Moto/Ciclomotor","Machain Y Blas Parera",2,0,0,0,1,1,0,"-32.901375, -60.697508","Calle",,"ROSARIO","Rosario","Asfalto","No existe","II","Dentro","Urbana","Ninguna","No existe","Intersección","Bueno","Buena","Diurna","Buen Tiempo","Frontal","S/D","Colisión","Ninguna","Faltante","Ninguna","Sin restricción"
2015,9757,02/12/2015,"Miercoles",0,16:30:00,,"0.0",2,"Transporte de Pasajeros Urbano (> 8 asientos),Bicicleta","Hilarion de la Quintana Y Av. Ovidio Lagos",2,1,0,0,1,0,0,,"Avenida",,"ROSARIO","Rosario","Asfalto","Pavimento","II","Dentro","Urbana","Ninguna","No existe","Intersección","Bueno","Buena","Diurna","Buen Tiempo","Lateral","S/D","Colisión","S/D","Faltante","Ninguna","Sin restricción"
2015,9758,12/11/2015,"Jueves",0,12:40:00,,"0.0",2,"Automóvil,Bicicleta","Zelaya Y Baigorria",2,1,0,0,1,0,0,,"Calle",,"ROSARIO","Rosario","Asfalto","No existe","II","Dentro","Urbana","Marca Vial","Intermitente","Intersección","Bueno","Buena","Diurna","Buen Tiempo","Frontal","S/D","Colisión","Ninguna","Horizontal","Ninguna","Sin restricción"
2015,9759,02/12/2015,"Miercoles",0,16:30:00,,"0.0",2,"Automóvil,Moto/Ciclomotor","Av. Battle y Ordoñez 3700",2,2,0,0,0,0,0,,"Avenida",,"ROSARIO","Rosario","Asfalto","Pavimento","II","Dentro","Urbana","Ninguna","No existe","Recta","Bueno","Buena","Diurna","Buen Tiempo","De alcance","S/D","Colisión","S/D","Faltante","Ninguna","Sin restricción"
2015,9760,25/12/2015,"Viernes",0,23:50:00,,"0.0",2,"Moto/Ciclomotor,Moto/Ciclomotor","Medrano Y Washington",3,0,2,0,1,0,0,,"Calle",,"ROSARIO","Rosario","Asfalto","No existe","II","Dentro","Urbana","Ninguna","No existe","Intersección","Bueno","Buena","Nocturna","Buen Tiempo","Frontal","S/D","Colisión","Ninguna","Faltante","Ninguna","Sin restricción"
2015,9761,05/12/2015,"Sabado",0,16:15:00,,"0.0",2,"Automóvil,Moto/Ciclomotor","Av. Ovidio Lagos Y Av. Arijon",4,3,0,0,1,0,0,,"Avenida",,"ROSARIO","Rosario","Asfalto","Pavimento","II","Dentro","Urbana","Ninguna","Funciona","Intersección","Bueno","Buena","Diurna","Buen Tiempo","Lateral","S/D","Colisión","S/D","Faltante","Cordón divisorio","Sin restricción"
2015,9762,06/12/2015,"Domingo",0,17:45:00,,"0.0",2,"Automóvil,Moto/Ciclomotor","Jujuy Y Av. Francia",3,1,0,0,2,0,0,,"Calle",,"ROSARIO","Rosario","Asfalto","No existe","II","S/D","Urbana","Ninguna","S/D","Recta","S/D","S/D","Diurna","Buen Tiempo","Otro","S/D","Colisión","Ninguna","Faltante","Ninguna","Sin restricción"
2015,9763,08/12/2015,"Martes",0,14:40:00,,"0.0",2,"Automóvil,Automóvil","Catamarca Y Callao",3,1,0,0,2,0,0,,"Calle",,"ROSARIO","Rosario","Asfalto","No existe","II","S/D","Urbana","Semáforo","Funciona","Recta","Bueno","Buena","S/D","Buen Tiempo","Otro","S/D","Colisión","Ninguna","Vertical","Ninguna","Sin restricción"
2015,9764,08/12/2015,"Martes",0,18:25:00,,"0.0",2,"Automóvil,Moto/Ciclomotor","Lavalle Y Bordabehere",2,1,0,0,1,0,0,,"Calle",,"ROSARIO","Rosario","S/D","No existe","II","S/D","Urbana","Ninguna","No existe","Recta","Bueno","Buena","Diurna","Lluvia","Otro","S/D","Colisión","Ninguna","Faltante","Ninguna","Sin restricción"
2015,9765,15/12/2015,"Martes",0,12:20:00,,"0.0",2,"Automóvil,Transporte de Pasajeros Urbano (> 8 asientos)","Urquiza Y Sunchales",2,1,0,0,1,0,0,,"Calle",,"ROSARIO","Rosario","Asfalto","No existe","II","S/D","Urbana","Ninguna","No existe","Recta","S/D","Buena","Diurna","Buen Tiempo","Otro","S/D","Colisión","Ninguna","Faltante","Ninguna","Sin restricción"
2015,9766,31/12/2015,"Jueves",0,04:10:00,,"0.0",1,"Moto/Ciclomotor"," ",2,1,1,0,0,0,0,,"Camino Rural",,"VILLA MINETTI","9 de Julio","Tierra","No existe","XII","Dentro","Rural","Ninguna","No existe","Intersección","Deteriorada","Buena","Nocturna","Buen Tiempo","Contra objeto fijo","S/D","Colisión","S/D","Faltante","Ninguna","Sin restricción"
2015,9767,22/12/2015,"Martes",0,16:55:00,,"0.0",2,"Automóvil,Moto/Ciclomotor","Crespo 200",2,1,0,0,1,0,0,,"Calle",,"ROSARIO","Rosario","Asfalto","No existe","II","S/D","Urbana","Ninguna","No existe","Recta","Bueno","Buena","Diurna","Buen Tiempo","S/D","S/D","Despiste","Ninguna","Faltante","Ninguna","Sin restricción"
2015,9768,31/12/2015,"Jueves",0,19:00:00,,"0.0",2,"Moto/Ciclomotor,Automóvil","Bartolome Mitre Y Sarmiento",4,3,0,0,1,0,0,,"Calle",,"TOSTADO","9 de Julio","Asfalto","No existe","XII","Dentro","Urbana","Ninguna","No existe","Intersección","Bueno","Buena","Atardecer","Buen Tiempo","Lateral","S/D","Colisión","Ninguna","Faltante","Ninguna","Sin restricción"
2015,9769,04/12/2015,"Viernes",0,13:10:00,,"0.0",2,"Automóvil,Moto/Ciclomotor","Bv. Avellaneda Y Olegario V.Andrade",3,1,0,0,2,0,0,,"S/D",,"ROSARIO","Rosario","Asfalto","S/D","II","S/D","Urbana","S/D","S/D","Intersección","Bueno","S/D","Diurna","S/D","Lateral","S/D","Colisión","S/D","Vertical","S/D","S/D"
2015,9770,07/12/2015,"Lunes",0,11:50:00,,"0.0",1,"Moto/Ciclomotor","Av. Ovidio Lagos 4400",2,2,0,0,0,0,0,,"Avenida",,"ROSARIO","Rosario","Asfalto","Pavimento","II","Dentro","Urbana","Ninguna","No existe","Recta","Bueno","Buena","Diurna","Buen Tiempo","S/D","S/D","Vuelco","S/D","Faltante","Ninguna","S/D"
2015,9771,13/12/2015,"Domingo",0,21:30:00,,"0.0",2,"Automóvil,Moto/Ciclomotor","J.B.Justo Y Fraga",2,1,0,0,1,0,0,,"S/D",,"ROSARIO","Rosario","S/D","S/D","II","S/D","Urbana","S/D","S/D","S/D","S/D","S/D","Nocturna","S/D","S/D","S/D","S/D","S/D","S/D","S/D","S/D"
2015,9772,07/12/2015,"Lunes",0,15:10:00,,"0.0",2,"Automóvil,Automóvil","Av. Provincias Unidas Y Av. Sorrento",2,1,0,0,1,0,0,,"S/D",,"ROSARIO","Rosario","S/D","S/D","II","S/D","Urbana","S/D","S/D","S/D","S/D","S/D","Diurna","S/D","S/D","S/D","S/D","S/D","S/D","S/D","S/D"
2015,9773,18/12/2015,"Viernes",0,17:30:00,,"0.0",2,"Moto/Ciclomotor,Taxi/Remis","Casilda 1100",2,1,0,0,0,0,1,,"Calle",,"ROSARIO","Rosario","Asfalto","S/D","II","Dentro","Urbana","S/D","S/D","Intersección","S/D","S/D","Diurna","S/D","S/D","S/D","Colisión","S/D","S/D","S/D","S/D"
2015,9774,18/12/2015,"Viernes",0,19:00:00,,"0.0",2,"Bicicleta,Automóvil","Humberto I Y Carriego",2,1,0,0,0,0,1,,"Calle",,"ROSARIO","Rosario","Asfalto","S/D","II","Dentro","Urbana","S/D","S/D","Intersección","S/D","S/D","Diurna","S/D","S/D","S/D","Atropello","S/D","S/D","S/D","S/D"
2015,9775,04/12/2015,"Viernes",0,19:00:00,,"0.0",2,"Bicicleta,Automóvil","Bv. Avellaneda 100",2,1,0,0,1,0,0,,"S/D",,"ROSARIO","Rosario","Asfalto","S/D","II","S/D","S/D","S/D","S/D","Puente","S/D","S/D","Atardecer","S/D","S/D","S/D","Atropello","S/D","S/D","S/D","S/D"
2015,9776,01/12/2015,"Martes",0,09:30:00,,"0.0",2,"Automóvil,Automóvil","Mar del Plata Y Pje. Polonia",2,2,0,0,0,0,0,,"Calle",,"ROSARIO","Rosario","Asfalto","S/D","II","Dentro","Urbana","S/D","S/D","Intersección","S/D","S/D","Diurna","S/D","S/D","S/D","Colisión","S/D","S/D","S/D","S/D"
2015,9777,01/12/2015,"Martes",0,08:00:00,,"0.0",2,"Moto/Ciclomotor,Automóvil","Albert Sabin Y Cangallo",3,1,0,0,2,0,0,,"Calle",,"ROSARIO","Rosario","Asfalto","S/D","II","Dentro","Urbana","S/D","S/D","Intersección","S/D","S/D","Diurna","S/D","S/D","S/D","Colisión","S/D","S/D","S/D","S/D"
2015,9778,01/12/2015,"Martes",0,13:10:00,,"0.0",2,"Camión,Pickup/Utilitario","Colon Y Dean Funes",4,1,0,0,3,0,0,,"Calle",,"ROSARIO","Rosario","Asfalto","No existe","II","Dentro","Urbana","Señal Pare","No existe","Intersección","Bueno","Buena","Diurna","Buen Tiempo","Lateral","S/D","Colisión","Ninguna","Vertical","Ninguna","Sin restricción"
2015,9779,07/12/2015,"Lunes",0,22:30:00,,"0.0",1,"Automóvil","Costanera Y Escauriza",2,0,0,0,1,0,1,,"Avenida",,"ROSARIO","Rosario","S/D","S/D","II","S/D","S/D","S/D","S/D","Recta","Bueno","Buena","Nocturna","Buen Tiempo","S/D","S/D","Despiste","S/D","S/D","S/D","S/D"
2015,9780,16/12/2015,"Miercoles",0,13:20:00,,"0.0",2,"Automóvil,Moto/Ciclomotor","Darragueira Y Mina Clavero",3,2,0,0,1,0,0,,"S/D",,"ROSARIO","Rosario","Asfalto","S/D","II","S/D","Urbana","Ninguna","S/D","Recta","Bueno","Buena","Diurna","Buen Tiempo","Lateral","S/D","Colisión","S/D","S/D","S/D","Sin restricción"
2015,9781,04/12/2015,"Viernes",0,01:35:00,"Ruta Secundaria 80-s","0.0",2,"Automóvil,Moto/Ciclomotor"," ",2,0,1,0,1,0,0,,"Ruta","80-s","AROCENA","San Jerónimo","Asfalto","Natural","XV","Dentro","Rural","Ninguna","No existe","Recta","Bueno","Reducida","Nocturna","Buen Tiempo","Lateral","S/D","Colisión","Ninguna","Faltante","Ninguna","Sin restricción"
2015,9782,13/12/2015,"Domingo",0,08:40:00,"Ruta Nacional 11","0.0",1,"Automóvil"," ",2,2,0,0,0,0,0,,"Ruta",11,"AROCENA","San Jerónimo","Asfalto","Natural","XV","Dentro","Rural","Ninguna","No existe","Recta","Bueno","Buena","Diurna","Buen Tiempo","S/D","S/D","Vuelco","Ninguna","Horizontal","Línea divisoria pintada","Sin restricción"
2015,9783,27/12/2015,"Domingo",0,20:40:00,,"0.0",1,"Automóvil","Ruta Provincial 64 Y Urquiza",2,2,0,0,0,0,0,,"Calle",,"LARRECHEA","San Jerónimo","Asfalto","Natural","XV","Dentro","Urbana","Ninguna","No existe","Intersección","Bueno","Buena","Atardecer","Buen Tiempo","S/D","S/D","Vuelco","Ninguna","Faltante","Línea divisoria pintada","Sin restricción"
2015,9784,06/12/2015,"Domingo",0,10:30:00,,"0.0",2,"Peatón,Moto/Ciclomotor","Varela Y Av. Irigoyen",3,2,0,0,0,0,1,,"S/D",,"ROSARIO","Rosario","S/D","S/D","II","S/D","Urbana","S/D","S/D","S/D","S/D","S/D","Diurna","S/D","S/D","S/D","Atropello","S/D","S/D","S/D","S/D"
2015,9785,22/12/2015,"Martes",0,11:40:00,,"0.0",2,"Automóvil,Moto/Ciclomotor","Amenabar Y Mariano Moreno",2,1,0,0,1,0,0,,"Calle",,"ROSARIO","Rosario","Asfalto","No existe","II","Dentro","Urbana","Ninguna","No existe","Intersección","Bueno","Buena","Diurna","Buen Tiempo","Lateral","S/D","Colisión","Agua","Faltante","Ninguna","Sin restricción"
2015,9786,22/12/2015,"Martes",0,11:20:00,,"0.0",2,"Automóvil,Moto/Ciclomotor","Sanchez de Bustamante Y Av. Corrientes",2,1,0,0,1,0,0,,"Calle",,"ROSARIO","Rosario","Asfalto","No existe","II","Dentro","Urbana","Señal Pare","No existe","Intersección","Bueno","Buena","Diurna","Buen Tiempo","Lateral","S/D","Colisión","Agua","Faltante","Ninguna","Sin restricción"
2015,9787,21/12/2015,"Lunes",0,22:50:00,,"0.0",2,"Taxi/Remis,Automóvil","Bv. Oroño Y Bv. Segui",3,3,0,0,0,0,0,,"Avenida",,"ROSARIO","Rosario","Asfalto","No existe","II","Dentro","Urbana","Ninguna","Funciona","Intersección","Bueno","Buena","Nocturna","Buen Tiempo","Lateral","S/D","Colisión","Ninguna","Horizontal","Ninguna","Sin restricción"
2015,9788,07/12/2015,"Lunes",0,14:00:00,,"0.0",2,"Automóvil,Moto/Ciclomotor","Mont Cenis ",3,0,0,0,1,0,2,,"S/D",,"ROSARIO","Rosario","Asfalto","S/D","II","S/D","Urbana","S/D","S/D","Intersección","Bueno","S/D","Diurna","S/D","S/D","S/D","S/D","S/D","S/D","S/D","S/D"
2015,9789,17/12/2015,"Jueves",0,18:00:00,,"0.0",2,"Automóvil,Moto/Ciclomotor","Bv. Rondeau Y Lopez Buchardo",2,1,0,0,1,0,0,,"Calle",,"ROSARIO","Rosario","S/D","S/D","II","S/D","Urbana","S/D","S/D","Intersección","Bueno","S/D","Diurna","S/D","S/D","S/D","S/D","S/D","S/D","S/D","S/D"
2015,9790,21/12/2015,"Lunes",0,18:45:00,,"0.0",2,"Moto/Ciclomotor,Automóvil","Bv. Segui Y Entre Rios",3,1,0,0,2,0,0,,"Avenida",,"ROSARIO","Rosario","Asfalto","No existe","II","Dentro","Urbana","Ninguna","No existe","Intersección","Bueno","Buena","Diurna","Buen Tiempo","Lateral","S/D","Colisión","Ninguna","Faltante","Ninguna","Sin restricción"
2015,9791,14/12/2015,"Lunes",0,19:00:00,,"0.0",2,"Bicicleta,Automóvil","Martin Fierro Y Francisco De Miranda",2,1,0,0,1,0,0,,"S/D",,"ROSARIO","Rosario","Asfalto","S/D","II","S/D","Urbana","S/D","S/D","Intersección","Bueno","S/D","Diurna","Buen Tiempo","S/D","S/D","Atropello","S/D","S/D","S/D","S/D"
2015,9792,20/12/2015,"Domingo",0,00:25:00,,"0.0",2,"Automóvil,Automóvil","Bv. Segui Y Entre Rios",2,1,0,0,1,0,0,,"Avenida",,"ROSARIO","Rosario","S/D","No existe","II","Dentro","Urbana","Ninguna","No existe","Intersección","Bueno","Buena","Nocturna","Buen Tiempo","Lateral","S/D","Colisión","Ninguna","Faltante","Ninguna","Sin restricción"
2015,9793,19/12/2015,"Sabado",0,20:50:00,,"0.0",2,"Pickup/Utilitario,Bicicleta","Av. Uriburu Y Mariano Moreno",2,1,0,0,1,0,0,,"Avenida",,"ROSARIO","Rosario","Asfalto","No existe","II","Dentro","Urbana","Ninguna","No existe","Paso a Nivel FFCC","Bueno","Buena","Nocturna","Buen Tiempo","S/D","S/D","Atropello","Ninguna","Faltante","Ninguna","Sin restricción"
2015,9794,18/12/2015,"Viernes",0,15:45:00,,"0.0",2,"Automóvil,Moto/Ciclomotor","Bv. Oroño Y Av. Uriburu",2,1,0,0,1,0,0,,"Avenida",,"ROSARIO","Rosario","Asfalto","Pavimento","II","Dentro","Urbana","Semáforo","Funciona","Intersección","Bueno","Buena","Diurna","Buen Tiempo","Lateral","S/D","Colisión","Ninguna","Horizontal","Ninguna","Sin restricción"
2015,9795,17/12/2015,"Jueves",0,20:45:00,,"0.0",2,"Taxi/Remis,Bicicleta","Gaboto Y Babbini",2,1,0,0,1,0,0,,"Calle",,"ROSARIO","Rosario","Asfalto","No existe","II","Dentro","Urbana","Ninguna","No existe","Intersección","Bueno","Buena","Nocturna","Buen Tiempo","S/D","S/D","Atropello","Ninguna","Faltante","Ninguna","S/D"
2015,9796,01/12/2015,"Martes",0,19:30:00,,"0.0",1,"Moto/Ciclomotor","Gaboto Y Cafferata",1,1,0,0,0,0,0,,"Calle",,"ROSARIO","Rosario","Asfalto","No existe","II","Dentro","Urbana","Ninguna","No existe","Intersección","Bueno","Buena","Atardecer","Buen Tiempo","Contra objeto fijo","S/D","Colisión","Ninguna","Faltante","Ninguna","Sin restricción"
2015,9797,15/12/2015,"Martes",0,21:40:00,,"0.0",1,"Moto/Ciclomotor","Av. Francia Y Aurora",2,2,0,0,0,0,0,,"Avenida",,"ROSARIO","Rosario","Asfalto","No existe","II","Dentro","Urbana","Ninguna","No existe","Intersección","Bueno","Buena","Nocturna","Buen Tiempo","S/D","S/D","Caída ocupante","Ninguna","Faltante","Cordón divisorio","Sin restricción"
2015,9798,15/12/2015,"Martes",0,11:40:00,,"0.0",1,"Automóvil","Av. De Las Palmeras Y Av. Uriburu",2,1,0,0,1,0,0,,"Avenida",,"ROSARIO","Rosario","Asfalto","Natural","II","Dentro","Urbana","Ninguna","No existe","Recta","Bueno","Buena","S/D","Buen Tiempo","Contra objeto fijo","S/D","Colisión","Ninguna","Faltante","Vegetación","Sin restricción"
2015,9799,18/12/2015,"Viernes",0,10:15:00,,"0.0",2,"Peatón,Moto/Ciclomotor","Italia Y Dean Funes",2,1,0,0,1,0,0,,"Calle",,"ROSARIO","Rosario","Asfalto","No existe","II","Dentro","Urbana","Ninguna","No existe","Intersección","Bueno","Buena","Diurna","Buen Tiempo","S/D","S/D","Atropello","Ninguna","Faltante","Ninguna","Sin restricción"
2015,9800,01/12/2015,"Martes",0,13:25:00,,"0.0",2,"Automóvil,Moto/Ciclomotor","Corrientes Y Rivadavia",2,1,0,0,1,0,0,,"Calle",,"ROLDÁN","San Lorenzo","Asfalto","No existe","XVII","Dentro","Urbana","Ninguna","S/D","Intersección","Bueno","Buena","Diurna","Buen Tiempo","Lateral","S/D","Colisión","S/D","Horizontal","Cordón divisorio","Sin restricción"
2015,9801,04/12/2015,"Viernes",0,19:00:00,"Ruta Nacional A012","0.0",2,"Moto/Ciclomotor,Moto/Ciclomotor","RUTA.NAC.A012 Y LARREA",2,2,0,0,0,0,0,,"Ruta","A012","ROLDÁN","San Lorenzo","Asfalto","S/D","XVII","Dentro","Urbana","S/D","S/D","Intersección","Bueno","Buena","Atardecer","Buen Tiempo","Lateral","S/D","Colisión","S/D","S/D","Vegetación","Sin restricción"
2015,9802,05/12/2015,"Sabado",0,19:30:00,"Ruta Nacional 9","0.0",2,"Automóvil,Moto/Ciclomotor"," ",2,2,0,0,0,0,0,,"Ruta",9,"ROLDÁN","San Lorenzo","Asfalto","Natural","XVII","Fuera","Urbana","S/D","S/D","Recta","Bueno","Buena","Diurna","Buen Tiempo","Lateral","S/D","Colisión","S/D","Vertical","Ninguna","S/D"
2015,9803,06/12/2015,"Domingo",0,00:30:00,"Ruta Nacional A012","35.0",1,"Moto/Ciclomotor","RUTA NAC. A012 Y AUTOPISTA ROSARIO-CORDOBA",1,1,0,0,0,0,0,,"Ruta","A012","ROLDÁN","San Lorenzo","Asfalto","Natural","XVII","Fuera","Urbana","S/D","No existe","Rotonda","Bueno","Reducida","Nocturna","Buen Tiempo","Otro","S/D","Colisión","S/D","Vertical","Guardarrail","S/D"
2015,9804,10/12/2015,"Jueves",0,23:00:00,"Autopista Nacional Rosario -Cordoba","311.0",2,"Automóvil,Pickup/Utilitario"," ",6,4,0,0,2,0,0,,"Autopista","Rosario -Cordoba","ROLDÁN","San Lorenzo","Asfalto","Natural","XVII","Dentro","Rural","S/D","No existe","Recta","Bueno","Reducida","Nocturna","Buen Tiempo","De alcance","S/D","Colisión","S/D","Vertical","Vegetación","S/D"
2015,9805,14/12/2015,"Lunes",0,10:00:00,,"0.0",2,"Moto/Ciclomotor,Automóvil","Belgrano Y Corrientes",2,1,0,0,1,0,0,,"Calle",,"ROLDÁN","San Lorenzo","Asfalto","No existe","XVII","Dentro","Urbana","S/D","S/D","Intersección","Bueno","Buena","Diurna","Buen Tiempo","Lateral","S/D","Colisión","S/D","Horizontal","S/D","S/D"
2015,9806,17/12/2015,"Jueves",0,19:45:00,,"0.0",2,"Moto/Ciclomotor,Pickup/Utilitario","Tronador Y Sgto. J Cabral",3,1,0,0,2,0,0,,"Calle",,"ROLDÁN","San Lorenzo","Asfalto","S/D","XVII","Dentro","Urbana","S/D","S/D","Intersección","Bueno","Buena","Atardecer","Buen Tiempo","De alcance","S/D","Colisión","S/D","S/D","Cordón divisorio","Sin restricción"
2015,9807,23/12/2015,"Miercoles",0,10:45:00,"Autopista Nacional Rosario -Cordoba","0.0",1,"Camión"," ",1,1,0,0,0,0,0,,"Autopista","Rosario -Cordoba","ROSARIO","Rosario","Asfalto","Natural","XVII","Fuera","Rural","S/D","No existe","Recta","Bueno","Buena","Diurna","Buen Tiempo","S/D","S/D","Vuelco","S/D","Vertical","Vegetación","S/D"
2015,9808,24/12/2015,"Jueves",0,12:10:00,"Ruta Nacional 9","0.0",2,"Moto/Ciclomotor,Moto/Ciclomotor","RUTA NAC.9 Y BUENOS AIRES",2,2,0,0,0,0,0,,"Ruta",9,"ROLDÁN","San Lorenzo","Asfalto","Natural","XVII","Dentro","Urbana","S/D","S/D","Intersección","Bueno","Buena","Diurna","Buen Tiempo","Lateral","S/D","Colisión","S/D","Vertical","Cordón divisorio","S/D"
2015,9809,25/12/2015,"Viernes",0,21:50:00,"Ruta Nacional A012","35.0",1,"Automóvil","RTA.NAC.A012 Y AUTOP. ROSARIO-CORDOBA",3,3,0,0,0,0,0,,"Ruta","A012","ROLDÁN","San Lorenzo","Asfalto","Natural","XVII","Dentro","Rural","S/D","No existe","Recta","Bueno","Buena","Nocturna,Con luz artificial","Buen Tiempo","Otro","S/D","Colisión","S/D","Vertical","Guardarrail","S/D"
2015,9810,29/12/2015,"Martes",0,17:00:00,"Ruta Nacional 9","0.0",2,"Automóvil,Moto/Ciclomotor","RTA. NAC9 Y BELGRANO",2,1,0,0,1,0,0,,"Ruta",9,"ROLDÁN","San Lorenzo","Asfalto","Natural","XVII","Dentro","Rural","S/D","S/D","Recta","Bueno","Buena","Diurna","Buen Tiempo","Lateral","S/D","Colisión","S/D","Vertical","Vegetación","S/D"
2015,9811,30/12/2015,"Miercoles",0,00:30:00,,"0.0",1,"Cuatriciclo","Bv San Martin 900",1,0,1,0,0,0,0,,"Calle",,"ROLDÁN","San Lorenzo","Asfalto","No existe","XVII","Dentro","Urbana","S/D","No existe","Recta","Bueno","Buena","Diurna","Buen Tiempo","Frontal","S/D","Colisión","S/D","Vertical","Cordón divisorio","S/D"