"anio_acci","nro_acci","fecha","desc_dia","fecha_aprox","hora_aprox","desc_ruta","km","cant_participantes","desc_participante","calle_avenida_km","total","heridos_leves","heridos_graves","heridos_gravisimos","ilesos","fallecidos","sin_datos","posicion_XY","desc_tipo_via","desc_ruta_ori","desc_loc","desc_dpto","desc_tipo_calzada","desc_tipo_banquina","desc_unidad_regional","desc_lugar_calzada","desc_zona","desc_prioridad","desc_estado_semaforo","desc_lugar_via","desc_estado_via","desc_estado_visibilidad","desc_luminosidad","desc_estado_clima","desc_tipo_colision","desc_tipo_atropello","desc_tipo_hecho","desc_pres_calzada","desc_senializacion","desc_separacion_via","desc_restriccion"
2015,9812,20/12/2015,"Domingo",0,07:45:00,,"0.0",1,"Automóvil","AMERICA  Y VUSETICH",1,1,0,0,0,0,0,,"Calle",,"PUERTO SAN MARTÍN","San Lorenzo","Asfalto","Natural","XVII","Dentro","Rural","Ninguna","No existe","Intersección","Ahuellamiento","Buena","Diurna","Buen Tiempo","S/D","S/D","Vuelco","Ninguna","Horizontal","Ninguna","Sin restricción"
2015,9813,22/12/2015,"Martes",0,19:00:00,,"0.0",2,"Moto/Ciclomotor,Automóvil","J B Alberdi Y Cayetano Nerbutti",3,2,0,0,1,0,0,,"Calle",,"PUERTO SAN MARTÍN","San Lorenzo","Asfalto","No existe","XVII","Dentro","Urbana","Ninguna","No existe","Intersección","Bueno","Buena","Atardecer","Buen Tiempo","Lateral","S/D","Colisión","Ninguna","Horizontal","Ninguna","Sin restricción"
2015,9814,21/12/2015,"Lunes",0,12:50:00,,"0.0",2,"Moto/Ciclomotor,Automóvil","Cordoba Y Rioja",2,1,0,0,1,0,0,,"Calle",,"PUERTO SAN MARTÍN","San Lorenzo","Asfalto","Natural","XVII","Dentro","Urbana","Ninguna","No existe","Intersección","Bueno","Buena","Diurna","Buen Tiempo","Otro","S/D","Colisión","Agua","Horizontal","Ninguna","Sin restricción"
2015,9815,26/12/2015,"Sabado",0,22:30:00,"Ruta Nacional 11","0.0",2,"Moto/Ciclomotor,Automóvil","RTA.NAC.11 Y SAAVEDRA",4,3,0,0,1,0,0,,"Ruta",11,"PUERTO SAN MARTÍN","San Lorenzo","Asfalto","Natural","XVII","Dentro","Urbana","Ninguna","No existe","Intersección","Ahuellamiento","Buena","Nocturna","Buen Tiempo","Lateral","S/D","Colisión","Ninguna","Horizontal","Ninguna","Sin restricción"
2015,9816,22/12/2015,"Martes",0,22:00:00,,"0.0",2,"Moto/Ciclomotor,Moto/Ciclomotor","Sgto Cabral Y G Kirk",2,2,0,0,0,0,0,,"Calle",,"PUERTO SAN MARTÍN","San Lorenzo","Asfalto","No existe","XVII","S/D","Urbana","Ninguna","No existe","Intersección","Bueno","Buena","Nocturna","Buen Tiempo","De alcance","S/D","Colisión","Otro","Horizontal","Ninguna","Sin restricción"
2015,9817,18/12/2015,"Viernes",0,01:40:00,,"0.0",2,"Moto/Ciclomotor,Moto/Ciclomotor","Mendoza Y Sgto Cabral",3,1,0,0,2,0,0,,"Calle",,"PUERTO SAN MARTÍN","San Lorenzo","Asfalto","No existe","XVII","Dentro","Urbana","Ninguna","No existe","Intersección","Bueno","Buena","Nocturna","Buen Tiempo","Lateral","S/D","Colisión","Ninguna","Horizontal","Ninguna","Sin restricción"
2015,9818,16/12/2015,"Miercoles",0,11:00:00,,"0.0",2,"Moto/Ciclomotor,Automóvil","Av San Martin Y Cayetano Nerbutti",2,1,0,0,1,0,0,,"Avenida",,"PUERTO SAN MARTÍN","San Lorenzo","Asfalto","No existe","XVII","S/D","Urbana","Ninguna","No existe","Intersección","Bueno","Buena","Diurna","Buen Tiempo","Lateral","S/D","Colisión","Ninguna","Horizontal","Ninguna","Sin restricción"
2015,9819,15/12/2015,"Martes",0,19:20:00,,"0.0",2,"Moto/Ciclomotor,Automóvil","Sgto Cabral Y G Kirk",2,1,0,0,1,0,0,,"Calle",,"PUERTO SAN MARTÍN","San Lorenzo","Asfalto","No existe","XVII","S/D","Urbana","Ninguna","No existe","Intersección","Bueno","Buena","Atardecer","Buen Tiempo","Lateral","S/D","Colisión","Ninguna","Horizontal","Ninguna","Sin restricción"
2015,9820,14/12/2015,"Lunes",0,08:30:00,,"0.0",2,"Moto/Ciclomotor,Automóvil","Cordoba 2000",3,1,0,0,2,0,0,,"Calle",,"PUERTO SAN MARTÍN","San Lorenzo","Asfalto","Natural","XVII","S/D","Urbana","Ninguna","No existe","Recta","Bueno","Buena","Diurna","Buen Tiempo","Otro","S/D","Colisión","Ninguna","Horizontal","Ninguna","Sin restricción"
2015,9821,10/12/2015,"Jueves",0,13:30:00,"Ruta Nacional 11","0.0",2,"Automóvil,Automóvil","Cordoba ",2,1,0,0,1,0,0,,"Ruta",11,"PUERTO SAN MARTÍN","San Lorenzo","Asfalto","Natural","XVII","S/D","Urbana","Ninguna","No existe","Intersección","Bueno","Buena","Diurna","Buen Tiempo","Lateral","S/D","Colisión","Ninguna","Horizontal","Ninguna","Sin restricción"
2015,9822,09/12/2015,"Miercoles",0,08:40:00,"Ruta Nacional 11","0.0",1,"Moto/Ciclomotor","RTA. NAC.11 Y AV. CORDOBA",2,2,0,0,0,0,0,,"Ruta",11,"PUERTO SAN MARTÍN","San Lorenzo","Asfalto","Pavimento","XVII","Dentro","Urbana","Ninguna","No existe","Intersección","Bueno","Buena","Diurna","Buen Tiempo","Otro","S/D","Caída ocupante","Ninguna","Faltante","Ninguna","Sin restricción"
2015,9823,22/09/2015,"Martes",0,05:00:00,"Autopista Provincial Brigadier E.López","57.0",1,"Camión"," ",1,1,0,0,0,0,0,,"Autopista","Brigadier E.López","MACIEL","San Jerónimo","Hormigón","Natural","XV","Dentro","Urbana","Ninguna","No existe","S/D","Resbaladiza","Reducida","Nocturna","Otro","S/D","S/D","Vuelco","Agua","Horizontal,Vertical","Vegetación","Sin restricción"
2015,9824,02/12/2015,"Miercoles",0,18:30:00,,"0.0",1,"Pickup/Utilitario","Heroes de Malvinas ",1,1,0,0,0,0,0,,"Calle",,"PUERTO SAN MARTÍN","San Lorenzo","Tierra","Natural","XVII","Dentro","Rural","Ninguna","No existe","Recta","Bueno","Buena","Diurna","Buen Tiempo","S/D","S/D","Vuelco","Ninguna","Faltante","Ninguna","Sin restricción"
2015,9825,05/12/2015,"Sabado",0,06:30:00,,"0.0",2,"Moto/Ciclomotor,Automóvil","J B Alberdi Y Buenos Aires",2,1,0,0,1,0,0,,"Calle",,"PUERTO SAN MARTÍN","San Lorenzo","Asfalto","Pavimento","XVII","Dentro","Urbana","Ninguna","No existe","Recta","Bueno","Buena","Diurna","Buen Tiempo","Contra objeto fijo","S/D","Colisión","Ninguna","Faltante","Ninguna","Sin restricción"
2015,9826,23/09/2015,"Miercoles",0,,,"0.0",1,"Camión","Bv. Oroño Y Av. Circunvalacion",1,1,0,0,0,0,0,,"Avenida",,"ROSARIO","Rosario","Hormigón","Natural","II","Dentro","Urbana","Policía de tránsito","No existe","Puente","S/D","Buena","Diurna","Buen Tiempo","Contra objeto fijo","S/D","Colisión","S/D","Horizontal,Vertical","Guardarrail","S/D"
2015,9827,08/12/2015,"Martes",0,20:50:00,"Ruta Nacional 11","0.0",2,"Moto/Ciclomotor,Automóvil","RTA.NAC.11 Y CORRIENTES",3,2,0,0,1,0,0,,"Ruta",11,"PUERTO SAN MARTÍN","San Lorenzo","Asfalto","Pavimento","XVII","Dentro","Urbana","Ninguna","No existe","Intersección","Bueno","Buena","Nocturna","Buen Tiempo","De alcance","S/D","Colisión","Ninguna","Faltante","Ninguna","Sin restricción"
2015,9828,17/12/2015,"Jueves",0,03:05:00,,"0.0",1,"Automóvil","Av San Martin Y Dorrego",1,1,0,0,0,0,0,,"Calle",,"FRAY LUIS BELTRÁN","San Lorenzo","Asfalto","Ripio","XVII","Dentro","Urbana","Ninguna","No existe","Intersección","Bueno","Buena","Nocturna","Lluvia","S/D","S/D","Despiste","Agua","S/D","Ninguna","Sin restricción"
2015,9829,20/12/2015,"Domingo",0,05:20:00,,"0.0",2,"Pickup/Utilitario,Moto/Ciclomotor","Av San Martin Y Pte Illia -Ex. Entre Rios",2,1,0,0,1,0,0,,"Avenida",,"FRAY LUIS BELTRÁN","San Lorenzo","Asfalto","Ripio","XVII","Dentro","Urbana","Semáforo","No funciona","Recta","Bueno","Buena","Diurna","Buen Tiempo","Lateral","S/D","Colisión","S/D","Vertical","Ninguna","Sin restricción"
2015,9830,05/12/2015,"Sabado",0,17:00:00,,"0.0",2,"Transporte de Pasajeros Urbano (> 8 asientos),Taxi/Remis","Rioja Y Buenos Aires",4,3,0,0,1,0,0,,"Calle",,"ROSARIO","Rosario","Asfalto","S/D","II","Dentro","Urbana","S/D","S/D","Intersección","Bueno","Buena","Diurna","Buen Tiempo","S/D","S/D","Colisión","S/D","S/D","Cordón divisorio","S/D"
2015,9831,26/12/2015,"Sabado",0,07:45:00,,"0.0",2,"Automóvil,Moto/Ciclomotor","Av. Francia Y 9 De Julio",2,1,0,0,1,0,0,,"Avenida",,"ROSARIO","Rosario","Asfalto","S/D","II","Dentro","Urbana","S/D","S/D","Intersección","S/D","Buena","Diurna","Buen Tiempo","Lateral","S/D","Colisión","S/D","S/D","S/D","S/D"
2015,9832,16/12/2015,"Miercoles",0,13:00:00,,"0.0",2,"Moto/Ciclomotor,Pickup/Utilitario","3 De Febrero Y 1 de Mayo",3,2,0,0,1,0,0,,"Calle",,"ROSARIO","Rosario","Asfalto","S/D","II","Dentro","Urbana","S/D","S/D","Intersección","Bueno","Buena","Diurna","S/D","Lateral","S/D","Colisión","S/D","S/D","Cordón divisorio","S/D"
2015,9833,22/12/2015,"Martes",0,01:00:00,,"0.0",2,"Automóvil,Automóvil","San Juan Y Santiago",3,1,0,0,2,0,0,,"Calle",,"ROSARIO","Rosario","Asfalto","S/D","II","Dentro","Urbana","S/D","S/D","Intersección","S/D","Buena","Nocturna","Buen Tiempo","Lateral","S/D","Colisión","S/D","S/D","S/D","S/D"
2015,9834,15/12/2015,"Martes",0,12:45:00,,"0.0",2,"Moto/Ciclomotor,Automóvil","Buenos Aires Y Cordoba",2,1,0,0,1,0,0,,"Calle",,"ROSARIO","Rosario","Asfalto","S/D","II","Dentro","Urbana","S/D","S/D","Intersección","S/D","Buena","Diurna","S/D","Lateral","S/D","Colisión","S/D","S/D","Cordón divisorio","S/D"
2015,9835,19/12/2015,"Sabado",0,15:40:00,,"0.0",2,"Moto/Ciclomotor,Automóvil","Cordoba Y Sucre",2,1,0,0,1,0,0,,"Calle",,"ROSARIO","Rosario","Asfalto","S/D","II","Dentro","Urbana","S/D","S/D","Intersección","S/D","Buena","Diurna","Buen Tiempo","Lateral","S/D","Colisión","S/D","S/D","S/D","S/D"
2015,9836,14/12/2015,"Lunes",0,12:00:00,,"0.0",2,"Automóvil,Automóvil","Maipu Y Mendoza",2,1,0,0,1,0,0,,"Calle",,"ROSARIO","Rosario","Asfalto","S/D","II","Dentro","Urbana","Semáforo","Funciona","Intersección","Bueno","S/D","Diurna","S/D","Lateral","S/D","Colisión","S/D","S/D","Cordón divisorio","S/D"
2015,9837,17/11/2015,"Martes",0,,,"0.0",1,"Automóvil"," ",5,5,0,0,0,0,0,,"S/D",,"RAFAELA","Castellanos","Asfalto","S/D","V","S/D","S/D","Ninguna","S/D","Recta","Bueno","S/D","S/D","Buen Tiempo","Frontal","S/D","Colisión","Ninguna","Faltante","Línea divisoria pintada","Sin restricción"
2015,9838,21/12/2015,"Lunes",0,,,"0.0",2,"Moto/Ciclomotor,Automóvil","E.Zeballos Y Rio De Janeiro",2,1,0,0,1,0,0,,"Calle",,"ROSARIO","Rosario","Asfalto","S/D","II","Dentro","Urbana","S/D","S/D","Intersección","S/D","S/D","S/D","S/D","Lateral","S/D","Colisión","S/D","S/D","S/D","S/D"
2015,9839,12/11/2015,"Jueves",0,,,"0.0",2,"Moto/Ciclomotor,Automóvil","Alvear Y Domingo Silva",2,1,0,0,0,0,1,,"Calle",,"RAFAELA","Castellanos","Asfalto","Pavimento","V","S/D","Urbana","Ninguna","No existe","Intersección","Bueno","Buena","Con luz artificial","Buen Tiempo","Lateral","S/D","Colisión","Ninguna","Faltante","Ninguna","Accidente Previo"
2015,9840,04/12/2015,"Viernes",0,13:00:00,,"0.0",2,"Taxi/Remis,Moto/Ciclomotor","Azcuenaga Y Av A del Valle",2,1,0,0,1,0,0,,"Avenida",,"SANTA FE","La Capital","Asfalto","Pavimento","I","Dentro","Urbana","S/D","No existe","Intersección","Bueno","Buena","Diurna","Buen Tiempo","Lateral","S/D","Colisión","S/D","Faltante","S/D","S/D"
2015,9841,09/12/2015,"Miercoles",0,12:15:00,,"0.0",1,"Moto/Ciclomotor","Reg 12 de Infanteria 3400",2,2,0,0,0,0,0,,"Calle",,"SANTA FE","La Capital","Asfalto","Natural","I","Dentro","Urbana","S/D","No existe","Recta","Con baches,Deteriorada","Buena","Diurna","Buen Tiempo","Frontal","S/D","Colisión","S/D","Faltante","S/D","S/D"
2015,9842,11/12/2015,"Viernes",0,16:40:00,,"0.0",1,"Moto/Ciclomotor","Larrea Y Av A del Valle",1,0,1,0,0,0,0,,"Avenida",,"SANTA FE","La Capital","Asfalto","Pavimento","I","Dentro","Urbana","S/D","No existe","Intersección","Bueno","Buena","Diurna","Buen Tiempo","S/D","S/D","Caída ocupante","S/D","Faltante","S/D","S/D"
2015,9843,16/12/2015,"Miercoles",0,13:20:00,,"0.0",2,"Peatón,Moto/Ciclomotor","French Y 1ro de Mayo",2,1,0,0,1,0,0,"-31.591833333333,-60.694694444444","Calle",,"SANTA FE","La Capital","Asfalto,Tierra","S/D","I","Dentro","Urbana","S/D","S/D","Intersección","Con baches,Deteriorada","S/D","Diurna","Buen Tiempo","S/D","S/D","Atropello","Material Suelto","Faltante","S/D","S/D"
2015,9844,06/12/2015,"Domingo",0,21:00:00,,"0.0",2,"Moto/Ciclomotor,Automóvil","Agustin Gilleta Y Aurelio V Blanda",3,2,0,0,1,0,0,,"Calle",,"FRONTERA","Castellanos","S/D","S/D","V","S/D","Urbana","S/D","S/D","Intersección","S/D","S/D","Con luz artificial","S/D","S/D","S/D","Colisión","S/D","S/D","S/D","S/D"
2015,9845,21/12/2015,"Lunes",0,,,"0.0",2,"Bicicleta,Automóvil","Alsina Y San Luis",2,1,0,0,1,0,0,,"Calle",,"ROSARIO","Rosario","Asfalto","S/D","II","Dentro","Urbana","S/D","S/D","Intersección","S/D","S/D","S/D","Buen Tiempo","S/D","S/D","Atropello","S/D","S/D","S/D","S/D"
2015,9846,09/12/2015,"Miercoles",0,09:30:00,,"0.0",2,"Moto/Ciclomotor,Automóvil","Calle 5 Y Calle 60",2,0,1,0,1,0,0,,"Calle",,"FRONTERA","Castellanos","Asfalto","S/D","V","S/D","Urbana","S/D","S/D","Intersección","S/D","S/D","Diurna","S/D","Lateral","S/D","Colisión","S/D","S/D","S/D","S/D"
2015,9847,24/12/2015,"Jueves",0,09:30:00,,"0.0",2,"Moto/Ciclomotor,Automóvil","Calle 102 ",3,0,1,0,2,0,0,,"Calle",,"FRONTERA","Castellanos","Asfalto","S/D","V","S/D","Urbana","S/D","S/D","Recta","S/D","S/D","Diurna","S/D","S/D","S/D","S/D","S/D","S/D","S/D","S/D"
2015,9848,19/12/2015,"Sabado",0,20:35:00,,"0.0",2,"Moto/Ciclomotor,Automóvil","Bv. Avellaneda 700",2,1,0,0,1,0,0,,"Avenida",,"ROSARIO","Rosario","S/D","S/D","II","Dentro","Urbana","S/D","S/D","Recta","S/D","Buena","Nocturna","Buen Tiempo","De alcance","S/D","Colisión","S/D","S/D","S/D","S/D"
2015,9849,21/12/2015,"Lunes",0,14:00:00,,"0.0",2,"Automóvil,Automóvil","E.Zeballos Y Bv. Avellaneda",3,1,0,0,2,0,0,,"Avenida",,"ROSARIO","Rosario","Asfalto","S/D","II","Dentro","Urbana","S/D","S/D","Intersección","S/D","Buena","Diurna","Buen Tiempo","Lateral","S/D","Colisión","S/D","S/D","S/D","S/D"
2015,9850,17/12/2015,"Jueves",0,08:25:00,,"0.0",2,"Automóvil,Automóvil","San Juan Y Lima",3,1,0,0,2,0,0,,"Calle",,"ROSARIO","Rosario","Asfalto","S/D","II","Dentro","Urbana","S/D","S/D","Intersección","S/D","Buena","Diurna","Buen Tiempo","Lateral","S/D","Colisión","S/D","S/D","S/D","S/D"
2015,9852,17/12/2015,"Jueves",0,,,"0.0",2,"Automóvil,Pickup/Utilitario","Vera Mujica Y San Juan",3,2,0,0,1,0,0,,"Calle",,"ROSARIO","Rosario","Asfalto","S/D","II","Fuera","Urbana","S/D","S/D","Intersección","S/D","S/D","S/D","S/D","Lateral","S/D","Colisión","S/D","S/D","S/D","S/D"
2015,9853,09/12/2015,"Miercoles",0,17:50:00,,"0.0",1,"Bicicleta","Pedro de Vega Y Necochea",2,1,0,0,1,0,0,"-31.612805555556,-60.687166666667","Calle",,"SANTA FE","La Capital","Asfalto","No existe","I","S/D","Urbana","Ninguna","No existe","Recta","Bueno","Buena","Diurna","Buen Tiempo","S/D","S/D","Atropello","Ninguna","S/D","Ninguna","Sin restricción"
2015,9854,30/12/2015,"Miercoles",0,07:45:00,,"0.0",1,"Bicicleta","Dorrego Y San Juan",2,1,0,0,1,0,0,,"Calle",,"SAN LORENZO","San Lorenzo","Asfalto","Natural","XVII","S/D","Urbana","Ninguna","Funciona","Intersección","Bueno","Buena","Diurna","Buen Tiempo","S/D","S/D","Caída ocupante","Fluidos","Faltante","Ninguna","Sin restricción"
2015,9855,29/12/2015,"Martes",0,18:30:00,,"0.0",2,"Automóvil,Otros","General Lopez Y L N Alem",2,1,0,0,0,0,1,,"S/D",,"SAN LORENZO","San Lorenzo","Asfalto","Pavimento","XVII","S/D","Urbana","S/D","No existe","Intersección","Bueno","Buena","Diurna","Buen Tiempo","Otro","S/D","Colisión","Ninguna","Faltante","S/D","Sin restricción"
2015,9856,28/12/2015,"Lunes",0,16:35:00,"Ruta Nacional 11","0.0",2,"Otros,Otros"," ",3,2,0,0,0,0,1,,"Ruta",11,"SAN LORENZO","San Lorenzo","Asfalto","Natural","XVII","S/D","Urbana","Ninguna","No existe","Recta","Bueno","Buena","Diurna","S/D","S/D","S/D","Colisión","S/D","S/D","Ninguna","Sin restricción"
2015,9857,24/12/2015,"Jueves",0,17:00:00,,"0.0",1,"Moto/Ciclomotor","Dorrego Y Artigas",1,1,0,0,0,0,0,,"S/D",,"SAN LORENZO","San Lorenzo","Asfalto","Pavimento","XVII","S/D","Urbana","Ninguna","No existe","Recta","Bueno","Buena","Diurna","Buen Tiempo","Lateral","S/D","Colisión","Ninguna","Faltante","Ninguna","Sin restricción"
2015,9858,17/12/2015,"Jueves",0,,,"0.0",2,"Moto/Ciclomotor,Automóvil"," ",2,1,0,0,1,0,0,,"Calle",,"ROSARIO","Rosario","S/D","S/D","II","Dentro","Urbana","S/D","S/D","Intersección","S/D","S/D","S/D","Buen Tiempo","Lateral","S/D","Colisión","S/D","S/D","S/D","S/D"
2015,9859,22/12/2015,"Martes",0,,,"0.0",2,"Moto/Ciclomotor,Automóvil","Misiones Y Independencia",2,1,0,0,1,0,0,,"Calle",,"VILLA CONSTITUCIÓN","Constitución","Asfalto","Pavimento","V","Dentro","Urbana","Ninguna","No existe","Intersección","Bueno","Buena","Diurna","Buen Tiempo","Lateral","S/D","Colisión","Ninguna","Faltante","Ninguna","Sin restricción"
2015,9860,10/12/2015,"Jueves",0,15:20:00,,"0.0",2,"Automóvil,Pickup/Utilitario","San Juan Y Rio De Janeiro",2,2,0,0,0,0,0,,"Calle",,"ROSARIO","Rosario","S/D","S/D","II","Dentro","Urbana","S/D","S/D","Intersección","S/D","Buena","Diurna","Buen Tiempo","Lateral","S/D","Colisión","S/D","S/D","S/D","S/D"
2015,9861,23/12/2015,"Miercoles",0,,,"0.0",2,"Moto/Ciclomotor,Automóvil","Juan Jose de Urquiza Y Formosa",2,1,0,0,1,0,0,,"Calle",,"VILLA CONSTITUCIÓN","Constitución","Hormigón","Pavimento","V","Dentro","Urbana","Ninguna","No existe","Intersección","Bueno","Buena","Diurna","Buen Tiempo","Lateral","S/D","Colisión","Ninguna","Faltante","Ninguna","Sin restricción"
2015,9862,11/12/2015,"Viernes",0,,,"0.0",2,"Pickup/Utilitario,Pickup/Utilitario","Bv. Avellaneda Y 3 De Febrero",2,1,0,0,1,0,0,,"Avenida",,"ROSARIO","Rosario","S/D","S/D","II","Dentro","Urbana","S/D","S/D","Intersección","S/D","S/D","S/D","Buen Tiempo","Lateral","S/D","Colisión","S/D","S/D","S/D","S/D"
2015,9863,23/12/2015,"Miercoles",0,,,"0.0",2,"Moto/Ciclomotor,Automóvil"," ",2,1,0,0,1,0,0,,"Avenida",,"VILLA CONSTITUCIÓN","Constitución","Hormigón","Pavimento","VI","Dentro","Urbana","Ninguna","Funciona","Intersección","Bueno","Buena","Diurna","Buen Tiempo","Lateral","S/D","Colisión","Ninguna","Horizontal","Ninguna","Sin restricción"
2015,9864,11/12/2015,"Viernes",0,21:40:00,,"0.0",2,"Automóvil,Taxi/Remis","San Luis Y Crespo",3,2,0,0,1,0,0,,"Calle",,"ROSARIO","Rosario","Asfalto","S/D","II","Dentro","Urbana","S/D","S/D","Intersección","S/D","Buena","Nocturna","Buen Tiempo","Lateral","S/D","Colisión","S/D","S/D","S/D","S/D"
2015,9865,12/12/2015,"Sabado",0,06:30:00,,"0.0",2,"Moto/Ciclomotor,Automóvil","Av. Pellegrini Y Iriondo",2,1,0,0,1,0,0,,"Avenida",,"ROSARIO","Rosario","Asfalto","S/D","II","Dentro","Urbana","S/D","S/D","Intersección","S/D","S/D","S/D","S/D","Lateral","S/D","Colisión","S/D","S/D","S/D","S/D"
2015,9866,23/12/2015,"Miercoles",0,,,"0.0",2,"Moto/Ciclomotor,Automóvil","Mendoza Y San Martin",2,1,0,0,1,0,0,,"Avenida",,"VILLA CONSTITUCIÓN","Constitución","Hormigón","Pavimento","VI","Dentro","Urbana","Ninguna","No existe","Intersección","Bueno","Buena","Diurna","Buen Tiempo","Lateral","S/D","Colisión","Ninguna","Faltante","Ninguna","Sin restricción"
2015,9867,12/12/2015,"Sabado",0,22:00:00,,"0.0",2,"Taxi/Remis,Automóvil","Parana Y Rioja",3,1,0,0,2,0,0,,"Calle",,"ROSARIO","Rosario","Asfalto","S/D","II","Dentro","Urbana","S/D","S/D","Intersección","S/D","Buena","Nocturna","Buen Tiempo","Lateral","S/D","Colisión","S/D","S/D","S/D","S/D"
2015,9868,20/12/2015,"Domingo",0,,,"0.0",2,"Bicicleta,Moto/Ciclomotor","Belgrano ",2,1,0,0,1,0,0,,"Calle",,"VILLA CONSTITUCIÓN","Constitución","Hormigón","Pavimento","VI","Dentro","Urbana","Ninguna","No existe","Intersección","Bueno","Buena","Diurna","Buen Tiempo","Lateral","S/D","Colisión","Ninguna","Faltante","Ninguna","Sin restricción"
2015,9869,11/12/2015,"Viernes",0,14:40:00,,"0.0",2,"Moto/Ciclomotor,Automóvil","Mendoza Y Castellanos",2,1,0,0,1,0,0,,"Calle",,"ROSARIO","Rosario","Asfalto","S/D","II","Dentro","Urbana","S/D","S/D","Intersección","S/D","Buena","Diurna","Buen Tiempo","Lateral","S/D","Colisión","S/D","S/D","S/D","S/D"
2015,9870,12/12/2015,"Sabado",0,21:00:00,,"0.0",1,"Automóvil","Carriego Y 9 De Julio",2,1,0,0,1,0,0,,"Calle",,"ROSARIO","Rosario","S/D","S/D","II","Dentro","Urbana","S/D","S/D","Intersección","S/D","Buena","Nocturna","Buen Tiempo","Lateral","S/D","Colisión","S/D","S/D","S/D","S/D"
2015,9871,13/12/2015,"Domingo",0,,,"0.0",2,"Moto/Ciclomotor,Automóvil","Av. Ovidio Lagos Y San Juan",2,1,0,0,1,0,0,,"Calle",,"ROSARIO","Rosario","Asfalto","S/D","II","Dentro","Urbana","S/D","S/D","Intersección","S/D","Buena","S/D","Buen Tiempo","Lateral","S/D","Colisión","S/D","S/D","S/D","S/D"
2015,9872,11/12/2015,"Viernes",0,17:50:00,,"0.0",2,"Moto/Ciclomotor,Automóvil","San Juan Y Bv. Avellaneda",2,1,0,0,1,0,0,,"Avenida",,"ROSARIO","Rosario","Asfalto","S/D","II","Dentro","Urbana","S/D","S/D","Recta","S/D","Buena","Diurna","Buen Tiempo","Lateral","S/D","Colisión","S/D","S/D","S/D","S/D"
2015,9873,14/12/2015,"Lunes",0,09:00:00,,"0.0",2,"Moto/Ciclomotor,Automóvil","Valparaiso ",2,1,0,0,1,0,0,,"Calle",,"ROSARIO","Rosario","Asfalto","S/D","II","Dentro","Urbana","S/D","S/D","Intersección","S/D","Buena","Diurna","Buen Tiempo","Lateral","S/D","Colisión","S/D","S/D","S/D","S/D"
2015,9874,20/12/2015,"Domingo",0,21:00:00,"Ruta Provincial 91","36.0",1,"Automóvil"," ",1,0,0,0,0,1,0,"-32.578435, -61.200257","Ruta",91,"TOTORAS","Iriondo","Hormigón","Natural","X","Dentro","Urbana","S/D","S/D","S/D","S/D","S/D","Nocturna","S/D","Contra objeto fijo","S/D","Colisión","S/D","S/D","S/D","S/D"
2015,9875,25/08/2015,"Martes",0,,,"0.0",1,"Moto/Ciclomotor"," ",1,0,0,0,0,1,0,"-34.372936, -62.126916","S/D",,"DIEGO DE ALVEAR","General López","S/D","S/D","VIII","Dentro","Urbana","S/D","S/D","S/D","S/D","S/D","S/D","S/D","S/D","S/D","S/D","S/D","S/D","S/D","S/D"
2015,9876,09/12/2015,"Miercoles",0,15:50:00,,"0.0",2,"Automóvil,Automóvil","Rio De Janeiro Y 3 De Febrero",2,1,0,0,1,0,0,,"Calle",,"ROSARIO","Rosario","Asfalto","S/D","II","Dentro","Urbana","S/D","S/D","S/D","S/D","S/D","Diurna","S/D","S/D","S/D","Colisión","S/D","S/D","S/D","S/D"
2015,9877,19/12/2015,"Sabado",0,18:50:00,,"0.0",2,"Taxi/Remis,Automóvil","San Juan Y San Nicolas",4,4,0,0,0,0,0,,"Calle",,"ROSARIO","Rosario","Asfalto","S/D","II","Dentro","Urbana","S/D","S/D","S/D","S/D","S/D","Atardecer","S/D","S/D","S/D","Colisión","S/D","S/D","S/D","S/D"
2015,9878,03/08/2015,"Lunes",0,,,"0.0",1,"Otros"," ",1,0,0,0,0,1,0,"-32.946389, -60.653828","S/D",,"ROSARIO","Rosario","S/D","S/D","II","S/D","S/D","S/D","S/D","S/D","S/D","S/D","S/D","S/D","S/D","S/D","S/D","S/D","S/D","S/D","S/D"
2015,9879,17/12/2015,"Jueves",0,17:15:00,,"0.0",2,"Automóvil,Moto/Ciclomotor","San Juan Y Av. Ovidio Lagos",2,1,0,0,1,0,0,,"Calle",,"ROSARIO","Rosario","Asfalto","S/D","II","Dentro","Urbana","S/D","S/D","S/D","S/D","S/D","Diurna","S/D","S/D","S/D","Colisión","S/D","S/D","S/D","S/D"
2015,9880,10/12/2015,"Jueves",0,21:00:00,"Autopista Provincial Brigadier E.López","1.5",2,"Peatón,Automóvil"," ",4,0,0,0,3,1,0,"-32.873230, -60.718066","Autopista","Brigadier E.López","ROSARIO","Rosario","Hormigón","Natural","II","Dentro","S/D","S/D","S/D","S/D","S/D","S/D","Nocturna","S/D","S/D","S/D","Atropello","S/D","S/D","S/D","S/D"
2015,9881,16/12/2015,"Miercoles",0,12:10:00,,"0.0",2,"Automóvil,Moto/Ciclomotor","San Luis Y Santiago",2,1,1,0,0,0,0,,"Calle",,"ROSARIO","Rosario","Asfalto","S/D","II","Dentro","Urbana","S/D","S/D","S/D","S/D","S/D","Diurna","S/D","S/D","S/D","Colisión","S/D","S/D","S/D","S/D"
2015,9882,04/12/2015,"Viernes",0,18:45:00,,"0.0",2,"Automóvil,Automóvil","Castellanos Y Marcos Paz",2,1,0,0,1,0,0,,"Calle",,"ROSARIO","Rosario","Asfalto","S/D","II","Dentro","Urbana","S/D","S/D","S/D","S/D","S/D","Diurna","S/D","S/D","S/D","Colisión","S/D","S/D","S/D","S/D"
2015,9883,30/08/2015,"Domingo",0,,,"0.0",1,"Otros"," ",1,0,0,0,0,1,0,"-32.861097, -60.705982","S/D",,"GRANADERO BAIGORRIA","Rosario","S/D","S/D","II","S/D","S/D","S/D","S/D","S/D","S/D","S/D","S/D","S/D","S/D","S/D","S/D","S/D","S/D","S/D","S/D"