"anio_acci","nro_acci","fecha","desc_dia","fecha_aprox","hora_aprox","desc_ruta","km","cant_participantes","desc_participante","calle_avenida_km","total","heridos_leves","heridos_graves","heridos_gravisimos","ilesos","fallecidos","sin_datos","posicion_XY","desc_tipo_via","desc_ruta_ori","desc_loc","desc_dpto","desc_tipo_calzada","desc_tipo_banquina","desc_unidad_regional","desc_lugar_calzada","desc_zona","desc_prioridad","desc_estado_semaforo","desc_lugar_via","desc_estado_via","desc_estado_visibilidad","desc_luminosidad","desc_estado_clima","desc_tipo_colision","desc_tipo_atropello","desc_tipo_hecho","desc_pres_calzada","desc_senializacion","desc_separacion_via","desc_restriccion"
2015,9884,02/12/2015,"Miercoles",0,14:00:00,"Ruta Nacional A007","0.0",2,"Moto/Ciclomotor,Camión","CIRCUNVALACION ALTURA BASURAL ",2,0,0,0,1,1,0,"-31.5922017,-60.7502483","Ruta","A007","SANTA FE","La Capital","Hormigón","Natural","I","Dentro","Rural","Ninguna","No existe","Curva","Bueno","Buena","Diurna","Buen Tiempo","Lateral","S/D","Colisión","Ninguna","Horizontal","Línea divisoria pintada","Sin restricción"
2015,9885,31/08/2015,"Lunes",0,,,"0.0",1,," ",1,0,0,0,0,1,0,"-31.611669, -60.697728","S/D",,"SANTA FE","La Capital","S/D","S/D","I","S/D","S/D","S/D","S/D","S/D","S/D","S/D","S/D","S/D","S/D","S/D","S/D","S/D","S/D","S/D","S/D"
2015,9886,31/08/2015,"Lunes",0,,,"0.0",1,"Otros"," ",1,0,0,0,0,1,0,"-31.611909, -60.696203","S/D",,"SANTA FE","La Capital","S/D","S/D","I","S/D","S/D","S/D","S/D","S/D","S/D","S/D","S/D","S/D","S/D","S/D","S/D","S/D","S/D","S/D","S/D"
2015,9887,01/08/2015,"Sabado",0,,,"0.0",2,"Bicicleta,Peatón"," ",2,0,0,0,0,1,1,"-32.947469, -60.654128","S/D",,"ROSARIO","Rosario","S/D","S/D","II","S/D","S/D","S/D","S/D","S/D","S/D","S/D","S/D","S/D","S/D","S/D","Atropello","S/D","S/D","S/D","S/D"
2015,9888,12/12/2015,"Sabado",0,02:40:00,"Ruta Nacional 33","675.0",2,"Camión,Camión","RN33 ALTURA CURVA  ",2,1,0,0,0,1,0,"-33.510415, -61.598464","Ruta",33,"CHOVET","General López","Hormigón","Natural","VIII","Dentro","S/D","Ninguna","S/D","Curva","S/D","S/D","Nocturna","S/D","Frontal","S/D","Colisión","S/D","Horizontal","S/D","Sin restricción"
2015,9889,24/08/2015,"Lunes",0,,,"0.0",1,"Otros"," ",1,0,0,0,0,1,0,"-32.946082, -60.655351","S/D",,"ROSARIO","Rosario","S/D","S/D","II","S/D","S/D","S/D","S/D","S/D","S/D","S/D","S/D","S/D","S/D","S/D","S/D","S/D","S/D","S/D","S/D"
2015,9890,15/12/2015,"Martes",0,21:10:00,,"0.0",2,"Automóvil,Moto/Ciclomotor","Valparaiso Y Santa Fe",2,1,0,0,1,0,0,,"Calle",,"ROSARIO","Rosario","Asfalto","S/D","II","Dentro","Urbana","S/D","S/D","S/D","S/D","S/D","Nocturna","S/D","S/D","S/D","Colisión","S/D","S/D","S/D","S/D"
2015,9891,25/12/2015,"Viernes",0,16:45:00,,"0.0",2,"Automóvil,Automóvil","Vera Mujica Y San Juan",4,1,0,0,3,0,0,,"Calle",,"ROSARIO","Rosario","Asfalto","S/D","II","Dentro","Urbana","S/D","S/D","S/D","S/D","S/D","Diurna","S/D","S/D","S/D","Colisión","S/D","S/D","S/D","S/D"
2015,9892,23/12/2015,"Miercoles",0,16:30:00,,"0.0",2,"Automóvil,Moto/Ciclomotor","San Juan Y Vera Mujica",2,1,0,0,1,0,0,,"Calle",,"ROSARIO","Rosario","Asfalto","S/D","II","Dentro","Urbana","S/D","S/D","S/D","S/D","S/D","Diurna","S/D","S/D","S/D","Colisión","S/D","S/D","S/D","S/D"
2015,9893,24/12/2015,"Jueves",0,19:40:00,,"0.0",2,"Moto/Ciclomotor,Taxi/Remis","Carriego Y Montevideo",2,1,0,0,1,0,0,,"Calle",,"ROSARIO","Rosario","Asfalto","S/D","II","Dentro","Urbana","S/D","S/D","S/D","S/D","S/D","Atardecer","S/D","S/D","S/D","Colisión","S/D","S/D","S/D","S/D"
2015,9894,19/12/2015,"Sabado",0,,,"0.0",2,"Automóvil,Automóvil","MANUEL DORREGO  Y EVA PERON",2,1,0,0,1,0,0,,"Avenida",,"VILLA CONSTITUCIÓN","Constitución","Hormigón","Pavimento","VI","Dentro","Urbana","Semáforo","Funciona","Intersección","Bueno","Buena","Diurna","Buen Tiempo","Lateral","S/D","Colisión","Ninguna","Faltante","Ninguna","Sin restricción"
2015,9895,13/12/2015,"Domingo",0,16:30:00,,"0.0",2,"Moto/Ciclomotor,Moto/Ciclomotor","Hipolito Irigoyen Y Saavedra",2,1,0,0,1,0,0,,"Calle",,"VILLA CONSTITUCIÓN","Constitución","Hormigón","Pavimento","VI","Dentro","Urbana","Semáforo","Funciona","Intersección","Bueno","Buena","Diurna","Buen Tiempo","Lateral","S/D","Colisión","Ninguna","Vertical","Ninguna","Sin restricción"
2015,9896,11/12/2015,"Viernes",0,19:00:00,,"0.0",2,"Moto/Ciclomotor,Pickup/Utilitario","Blas Olibero Y Francisco Saenz Diaz",2,1,0,0,1,0,0,,"Calle",,"RAFAELA","Castellanos","Asfalto","S/D","V","Dentro","Urbana","S/D","No existe","Intersección","Bueno","Buena","Diurna","Buen Tiempo","Lateral","S/D","Colisión","Ninguna","Faltante","S/D","Sin restricción"
2015,9897,04/12/2015,"Viernes",0,,,"0.0",2,"Moto/Ciclomotor,Automóvil","Simon Bolivar Y Rosario",2,1,0,0,1,0,0,,"Calle",,"RAFAELA","Castellanos","Asfalto","No existe","V","Dentro","Urbana","Ninguna","No existe","Intersección","Bueno","Buena","Diurna","Buen Tiempo","Lateral","S/D","Colisión","S/D","Horizontal","Ninguna","Sin restricción"
2015,9898,02/12/2015,"Miercoles",0,09:00:00,,"0.0",2,"Moto/Ciclomotor,Otros","Salta Y Simon Bolivar",3,2,0,0,1,0,0,,"Calle",,"VILLA CONSTITUCIÓN","Constitución","Hormigón","Pavimento","VI","Dentro","Urbana","Ninguna","No existe","Intersección","Bueno","Buena","Diurna","Buen Tiempo","Lateral","S/D","Colisión","Ninguna","Faltante","Ninguna","Sin restricción"
2015,9899,04/12/2015,"Viernes",0,18:45:00,,"0.0",2,"Automóvil,Moto/Ciclomotor","Suipacha Av Y 12 de Octubre",2,1,0,0,1,0,0,,"Calle",,"RAFAELA","Castellanos","Asfalto","S/D","V","Dentro","Urbana","Ninguna","No existe","Intersección","Bueno","Buena","Diurna","Buen Tiempo","Lateral","S/D","Colisión","S/D","S/D","Cordón divisorio","Sin restricción"
2015,9900,01/12/2015,"Martes",0,,,"0.0",2,"Moto/Ciclomotor,Automóvil","Manuel Dorrego Y Avelleneda",3,1,0,0,2,0,0,,"Calle",,"VILLA CONSTITUCIÓN","Constitución","Asfalto","Pavimento","VI","Dentro","Urbana","Ninguna","No existe","Intersección","Bueno","Buena","Diurna","Buen Tiempo","Lateral","S/D","Colisión","Ninguna","Faltante","Ninguna","Sin restricción"
2015,9901,02/12/2015,"Miercoles",0,18:30:00,,"0.0",2,"Bicicleta,Automóvil","Presidente Peron Y Juan Jose de Urquiza",2,1,0,0,1,0,0,,"S/D",,"VILLA CONSTITUCIÓN","Constitución","Hormigón","Pavimento","VI","Dentro","Urbana","Ninguna","No existe","Intersección","Bueno","Buena","Diurna","Buen Tiempo","S/D","S/D","Atropello","Ninguna","Faltante","Ninguna","Sin restricción"
2015,9902,05/12/2015,"Sabado",0,12:50:00,,"0.0",2,"Pickup/Utilitario,Moto/Ciclomotor","Gobernador Crespo 1000",2,1,0,0,1,0,0,,"Calle",,"ESPERANZA","Las Colonias","Tierra","No existe","XI","Dentro","Urbana","Ninguna","No existe","Recta","Bueno","Buena","Diurna","Buen Tiempo","Lateral","S/D","Colisión","S/D","Faltante","Ninguna","Sin restricción"
2015,9903,03/12/2015,"Jueves",0,20:30:00,,"0.0",1,"Moto/Ciclomotor","Misiones Y Independencia",2,1,0,0,1,0,0,,"Calle",,"VILLA CONSTITUCIÓN","Constitución","Hormigón","Pavimento","VI","Dentro","Urbana","Ninguna","No existe","Intersección","Bueno","Buena","Diurna","Buen Tiempo","Lateral","S/D","Colisión","Ninguna","Faltante","Ninguna","Sin restricción"
2015,9904,21/12/2015,"Lunes",0,17:15:00,,"0.0",2,"Automóvil,Moto/Ciclomotor","Mariano Moreno 1900",2,1,0,0,1,0,0,,"Calle",,"ESPERANZA","Las Colonias","Asfalto","No existe","XI","Dentro","Urbana","Ninguna","No existe","Recta","Bueno","Buena","Diurna","Buen Tiempo","Lateral","S/D","Colisión","Otro","Faltante","Ninguna","Sin restricción"
2015,9905,03/12/2015,"Jueves",0,,,"0.0",1,,"Catamarca Y Juan Jose de Urquiza",2,1,0,0,1,0,0,,"Calle",,"VILLA CONSTITUCIÓN","Constitución","Asfalto","Pavimento","VI","Dentro","Urbana","Ninguna","No existe","Intersección","Bueno","Buena","Diurna","Buen Tiempo","Frontal","S/D","Colisión","Ninguna","Faltante","Ninguna","Sin restricción"
2015,9906,03/12/2015,"Jueves",0,,,"0.0",2,"Moto/Ciclomotor,Automóvil","Catamarca Y Juan Jose de Urquiza",2,1,0,0,1,0,0,,"Calle",,"VILLA CONSTITUCIÓN","Constitución","Asfalto","Pavimento","VI","Dentro","Urbana","Ninguna","No existe","Intersección","Bueno","Buena","Diurna","Buen Tiempo","Frontal","S/D","Colisión","Ninguna","Faltante","Ninguna","Sin restricción"
2015,9907,21/12/2015,"Lunes",0,18:25:00,,"0.0",2,"Automóvil,Moto/Ciclomotor","Bartolome Mitre Y 25 de Mayo",2,0,1,0,1,0,0,,"Calle",,"ESPERANZA","Las Colonias","Asfalto","No existe","XI","Dentro","Urbana","Ninguna","No existe","Intersección","Bueno","Buena","Diurna","Buen Tiempo","Lateral","S/D","Colisión","S/D","Faltante","Ninguna","Sin restricción"
2015,9908,14/12/2015,"Lunes",0,19:30:00,,"0.0",1,"Moto/Ciclomotor","Bv Jaime Ferre Y A Marini",2,2,0,0,0,0,0,,"Avenida",,"RAFAELA","Castellanos","Asfalto","S/D","V","Dentro","Urbana","S/D","S/D","Intersección","Bueno","Buena","Diurna","Buen Tiempo","S/D","S/D","Caída ocupante","Agua","S/D","S/D","S/D"
2015,9909,21/12/2015,"Lunes",0,14:00:00,,"0.0",2,"Moto/Ciclomotor,Automóvil","J Buffa Y Av Brasil",3,2,0,0,1,0,0,,"Avenida",,"RAFAELA","Castellanos","Asfalto","No existe","V","Dentro","Urbana","Ninguna","No existe","Intersección","Bueno","Buena","Diurna","Buen Tiempo","Lateral","S/D","Colisión","Ninguna","Faltante","Ninguna","S/D"
2015,9910,24/12/2015,"Jueves",0,13:00:00,,"0.0",2,"Moto/Ciclomotor,Automóvil","Bv Jaime Ferre Y C Bolliger",2,1,1,0,0,0,0,,"Avenida",,"RAFAELA","Castellanos","Asfalto","No existe","V","Dentro","Urbana","S/D","No existe","Intersección","Bueno","Buena","Diurna","Buen Tiempo","Lateral","S/D","Colisión","Ninguna","Faltante","S/D","S/D"
2015,9911,03/12/2015,"Jueves",0,10:00:00,,"0.0",2,"Moto/Ciclomotor,Automóvil","Lisandro de la Torre Y Guillermo Brown",3,2,0,0,1,0,0,,"Calle",,"VILLA CONSTITUCIÓN","Constitución","Hormigón","Pavimento","VI","Dentro","Urbana","Ninguna","No existe","Intersección","Bueno","Buena","Diurna","Buen Tiempo","Lateral","S/D","Colisión","Ninguna","Faltante","Ninguna","Sin restricción"
2015,9912,09/02/2015,"Lunes",0,,,"0.0",2,"Moto/Ciclomotor,Automóvil","Juan Jose de Urquiza Y San Juan",2,1,0,0,1,0,0,,"Calle",,"VILLA CONSTITUCIÓN","Constitución","Hormigón","Pavimento","VI","Dentro","Urbana","Ninguna","No existe","Intersección","Bueno","Buena","Diurna","Buen Tiempo","Lateral","S/D","Colisión","Ninguna","Faltante","Ninguna","Sin restricción"
2015,9913,01/12/2015,"Martes",0,10:00:00,,"0.0",1,"Moto/Ciclomotor","Belgrano Y Gaboto",3,2,1,0,0,0,0,,"Calle",,"RAFAELA","Castellanos","Asfalto","S/D","V","Dentro","Urbana","Ninguna","No existe","Intersección","Bueno","Buena","Diurna","Buen Tiempo","Lateral","S/D","Colisión","Ninguna","S/D","Ninguna","Sin restricción"
2015,9914,06/12/2015,"Domingo",0,,,"0.0",2,"Moto/Ciclomotor,Peatón","Avelleneda Y Manuel Dorrego",2,1,0,0,1,0,0,,"Avenida",,"VILLA CONSTITUCIÓN","Constitución","Hormigón","Pavimento","VI","Dentro","Urbana","Ninguna","No existe","Intersección","Bueno","Buena","Diurna","Buen Tiempo","S/D","S/D","Atropello","Ninguna","Faltante","Ninguna","Sin restricción"
2015,9915,07/12/2015,"Lunes",0,,,"0.0",2,"Moto/Ciclomotor,Automóvil","San Martin Y Presidente Peron",2,1,0,0,1,0,0,,"S/D",,"VILLA CONSTITUCIÓN","Constitución","Hormigón","Pavimento","VI","Dentro","Urbana","Semáforo","Funciona","Intersección","Bueno","Buena","Diurna","Buen Tiempo","Lateral","S/D","Colisión","Ninguna","Horizontal","Ninguna","Sin restricción"
2015,9916,15/12/2015,"Martes",0,,,"0.0",2,"Transporte de Pasajeros,Bicicleta","14 de Febrero Y Alberdi",2,1,0,0,1,0,0,,"Avenida",,"VILLA CONSTITUCIÓN","Constitución","Hormigón","Pavimento","VI","Dentro","Urbana","Ninguna","No existe","Intersección","Bueno","Buena","Diurna","Buen Tiempo","S/D","S/D","Atropello","Ninguna","Faltante","Ninguna","Sin restricción"
2015,9917,13/12/2015,"Domingo",0,13:44:00,,"0.0",2,"Automóvil,Moto/Ciclomotor","Italia Y Moreno",2,1,0,0,1,0,0,,"Avenida",,"VILLA CONSTITUCIÓN","Constitución","Hormigón","Pavimento","VI","Dentro","Urbana","Ninguna","No existe","Intersección","Con baches","Buena","Diurna","Buen Tiempo","Lateral","S/D","Colisión","Ninguna","Horizontal","Ninguna","Sin restricción"
2015,9918,29/12/2015,"Martes",0,20:45:00,"Ruta Nacional 177","246.0",3,"Automóvil,Pickup/Utilitario,Automóvil"," ",5,1,0,0,4,0,0,,"Ruta",177,"VILLA CONSTITUCIÓN","Constitución","Asfalto","Pavimento","VI","Dentro","Rural","Ninguna","No existe","Puente","Con baches","Buena","Atardecer","Buen Tiempo","Múltiple","S/D","Colisión","Ninguna","Vertical","Cordón divisorio","Sin restricción"
2015,9919,06/12/2015,"Domingo",0,20:00:00,"Ruta Provincial 18","26.0",2,"Automóvil,Automóvil"," ",5,5,0,0,0,0,0,,"Ruta",18,"ROSARIO","Rosario","Asfalto","Ripio","II","S/D","Urbana","S/D","Intermitente","Recta","Bueno","Buena","S/D","Buen Tiempo","De alcance","S/D","Colisión","Ninguna","S/D","Línea divisoria pintada","Sin restricción"
2015,9920,09/12/2015,"Miercoles",0,20:30:00,,"0.0",2,"Automóvil,Pickup/Utilitario","Cordoba Y Las Heras",2,1,0,0,1,0,0,,"Calle",,"RAFAELA","Castellanos","Asfalto","S/D","V","S/D","Urbana","Ninguna","No existe","Intersección","Bueno","Buena","Diurna","Buen Tiempo","S/D","S/D","Despeñamiento,Explosión","Ninguna","S/D","S/D","Sin restricción"
2015,9921,10/12/2015,"Jueves",0,11:00:00,,"0.0",2,"Moto/Ciclomotor,Pickup/Utilitario","Bv Santa Fe Y Victor Manuel",2,1,0,0,1,0,0,,"Calle",,"RAFAELA","Castellanos","Asfalto","S/D","V","S/D","Urbana","Ninguna","No existe","Intersección","Bueno","Buena","Diurna","Buen Tiempo","S/D","S/D","Explosión","Ninguna","S/D","S/D","Sin restricción"
2015,9922,11/12/2015,"Viernes",0,17:00:00,,"0.0",2,"Moto/Ciclomotor,Automóvil","Barcelona Y Campoamor",2,1,0,0,1,0,0,,"Calle",,"RAFAELA","Castellanos","Asfalto","S/D","V","S/D","Urbana","Ninguna","No existe","Intersección","Bueno","Buena","Diurna","Buen Tiempo","Lateral","S/D","Colisión","Ninguna","S/D","Ninguna","Sin restricción"
2015,9923,11/12/2015,"Viernes",0,,,"0.0",2,"Moto/Ciclomotor,Automóvil","Belgrano Y Paraguay",2,0,1,0,1,0,0,,"Calle",,"RAFAELA","Castellanos","Asfalto","S/D","V","S/D","Urbana","Ninguna","No existe","Recta","Bueno","Buena","Nocturna,Con luz artificial","Buen Tiempo","Lateral","S/D","Colisión","Ninguna","S/D","Ninguna","Sin restricción"
2015,9924,16/12/2015,"Miercoles",0,17:15:00,,"0.0",2,"Moto/Ciclomotor,Automóvil","Gaboto 57",3,2,0,0,1,0,0,,"S/D",,"RAFAELA","Castellanos","Asfalto","No existe","V","S/D","Urbana","Ninguna","No existe","Recta","Bueno","Buena","Diurna","Buen Tiempo","Otro","S/D","Colisión","Ninguna","S/D","Ninguna","Sin restricción"
2015,9925,19/12/2015,"Sabado",0,20:00:00,,"0.0",2,"Moto/Ciclomotor,Pickup/Utilitario","America Y Bv Santa Fe",3,0,2,0,1,0,0,,"Avenida",,"RAFAELA","Castellanos","Asfalto","No existe","V","S/D","Urbana","Semáforo","Funciona","Intersección","Bueno","Buena","Atardecer","Buen Tiempo","Lateral","S/D","Colisión","Ninguna","S/D","Ninguna","Sin restricción"
2015,9926,21/12/2015,"Lunes",0,04:40:00,,"0.0",2,"Automóvil,Automóvil","Bv Santa Fe Y Sarmiento",2,1,0,0,1,0,0,,"S/D",,"RAFAELA","Castellanos","Asfalto","No existe","V","Dentro","Urbana","Semáforo","Funciona","Intersección","Bueno","Buena","Nocturna,Con luz artificial","Buen Tiempo","Otro","S/D","Colisión","Ninguna","S/D","Ninguna","Sin restricción"
2015,9927,23/12/2015,"Miercoles",0,18:50:00,,"0.0",2,"Pickup/Utilitario,Automóvil","Santiago Shine Y Bv Santa Fe",6,0,1,0,5,0,0,,"Calle",,"RAFAELA","Castellanos","Asfalto","No existe","V","S/D","Urbana","Ninguna","No existe","Intersección","Bueno","Buena","Diurna","Buen Tiempo","S/D","S/D","Explosión","Ninguna","S/D","Ninguna","Sin restricción"
2015,9928,22/12/2015,"Martes",0,18:20:00,,"0.0",2,"Moto/Ciclomotor,Automóvil"," ",2,1,0,0,0,0,1,,"Calle",,"RAFAELA","Castellanos","Asfalto","No existe","V","S/D","Urbana","Ninguna","No existe","Intersección","Bueno","Buena","Diurna","Buen Tiempo","Lateral","S/D","Colisión","Ninguna","Faltante","Ninguna","Sin restricción"
2015,9929,24/12/2015,"Jueves",0,02:20:00,,"0.0",2,"Moto/Ciclomotor,Automóvil"," ",2,0,1,0,1,0,0,,"Calle",,"RAFAELA","Castellanos","Asfalto","No existe","V","S/D","Urbana","Ninguna","No existe","Intersección","Bueno","Buena","Nocturna","Buen Tiempo","S/D","S/D","Atropello","Ninguna","Faltante","Ninguna","Sin restricción"
2015,9930,26/12/2015,"Sabado",0,19:30:00,"Ruta Provincial 70","0.0",2,"Moto/Ciclomotor,Automóvil","Ruta Prov 70 ",2,1,0,0,1,0,0,,"Ruta",70,"RAFAELA","Castellanos","Asfalto","No existe","V","S/D","Urbana","Señal Pare","No existe","Intersección","Bueno","Buena","Diurna","Buen Tiempo","Otro","S/D","Colisión","Ninguna","Vertical","Ninguna","Sin restricción"
2015,9931,27/12/2015,"Domingo",0,21:30:00,,"0.0",1,"Bicicleta","Primera Junta Y General Paz",2,2,0,0,0,0,0,,"Calle",,"RAFAELA","Castellanos","Hormigón","No existe","V","Dentro","Urbana","Ninguna","No existe","Intersección","Bueno","Buena","Nocturna","Buen Tiempo","S/D","S/D","Atropello","Ninguna","Faltante","Barrera de hormigón","Accidente Previo"
2015,9932,28/12/2015,"Lunes",0,13:00:00,"Ruta Provincial 70","0.0",2,"Moto/Ciclomotor,Automóvil"," ",2,0,1,0,1,0,0,,"Ruta",70,"RAFAELA","Castellanos","Asfalto","Natural","V","S/D","Urbana","Ninguna","No existe","Recta","Bueno","Buena","Diurna","Buen Tiempo","Frontal","S/D","Colisión","Ninguna","S/D","Ninguna","Sin restricción"
2015,9933,07/12/2015,"Lunes",0,12:45:00,"Ruta Nacional 33","675.0",4,"Camión,Camión,Camión,Camión"," ",4,1,0,0,2,1,0,"-33.510415, -61.598464","Ruta",33,"CHOVET","General López","Hormigón","Natural","VIII","Dentro","Rural","S/D","S/D","Curva","S/D","S/D","Diurna","S/D","Frontal,Múltiple","S/D","Colisión","S/D","S/D","S/D","S/D"
2015,9935,20/12/2015,"Domingo",0,15:00:00,"Ruta Provincial 92","18.0",2,"Automóvil,Tractor","RN178 Y RP92 ",6,3,1,0,1,1,0,"-33.111304, -61.358873","Ruta",92,"LOS MOLINOS","Caseros","Hormigón","Natural","IV","Dentro","Rural","S/D","No existe","Intersección","S/D","S/D","Diurna","Buen Tiempo","Lateral","S/D","Colisión","S/D","Horizontal","Ninguna","Sin restricción"
2015,9936,06/12/2015,"Domingo",0,21:00:00,,"0.0",2,"Moto/Ciclomotor,Automóvil","Aconcagua Y Barcelona",4,2,0,0,2,0,0,,"Calle",,"RAFAELA","Castellanos","Asfalto","S/D","V","S/D","Urbana","Ninguna","No existe","Intersección","Bueno","Buena","Nocturna,Con luz artificial","Buen Tiempo","Lateral","S/D","Colisión","Ninguna","S/D","Ninguna","Sin restricción"
2015,9937,30/12/2015,"Miercoles",0,00:30:00,,"0.0",2,"Moto/Ciclomotor,Moto/Ciclomotor","1ro de Mayo Y Av Roque Saenz Pe±a",2,1,0,0,1,0,0,,"S/D",,"RAFAELA","Castellanos","Hormigón","No existe","V","S/D","Urbana","Ninguna","No existe","Intersección","Bueno","Buena","Nocturna,Con luz artificial","Buen Tiempo","Lateral","S/D","Colisión","Ninguna","Faltante","Ninguna","Sin restricción"
2015,9938,31/12/2015,"Jueves",0,17:10:00,,"0.0",2,"Moto/Ciclomotor,Automóvil","A Lincoln Y J J Paso",2,1,0,0,1,0,0,,"Calle",,"RAFAELA","Castellanos","Asfalto","Pavimento","V","Dentro","Urbana","Ninguna","No existe","Intersección","Bueno","Buena","Diurna","Buen Tiempo","Frontal","S/D","Colisión","Ninguna","S/D","Ninguna","Sin restricción"
2015,9939,23/12/2015,"Miercoles",0,11:30:00,,"0.0",2,"Pickup/Utilitario,Moto/Ciclomotor"," ",2,1,0,0,1,0,0,,"S/D",,"RAFAELA","Castellanos","Asfalto","S/D","V","Dentro","Urbana","S/D","S/D","Intersección","Bueno","Buena","Diurna","Buen Tiempo","Lateral","S/D","Colisión","Ninguna","Horizontal","S/D","S/D"
2015,9940,22/12/2015,"Martes",0,11:40:00,,"0.0",2,"Moto/Ciclomotor,Automóvil","Bv Pte Roca Y Lamadrid",2,1,0,0,1,0,0,,"Avenida",,"RAFAELA","Castellanos","Asfalto","No existe","V","Dentro","Urbana","Ninguna","No existe","Intersección","Bueno","Buena","Diurna","Lluvia","Lateral","S/D","Colisión","Agua","Horizontal","Ninguna","Sin restricción"
2015,9941,24/12/2015,"Jueves",0,13:10:00,"Ruta Nacional 19","4.5",1,"Automóvil"," ",1,0,0,0,0,1,0,"-31.664869, -60.814909","Ruta",19,"SANTO TOMÉ","La Capital","Hormigón","Natural","I","Fuera","Urbana","S/D","S/D","S/D","S/D","S/D","Diurna","S/D","Contra objeto fijo","S/D","Colisión,Vuelco","S/D","S/D","S/D","S/D"
2015,9942,16/12/2015,"Miercoles",0,12:40:00,,"0.0",2,"Moto/Ciclomotor,Moto/Ciclomotor","Bv G L Lhemann Y Maipu",2,1,0,0,1,0,0,,"Avenida",,"RAFAELA","Castellanos","Asfalto","S/D","V","S/D","Urbana","Ninguna","No existe","Otro","Otro","Buena","Diurna","Buen Tiempo","Lateral","S/D","Colisión","S/D","S/D","S/D","Sin restricción"
2015,9943,16/12/2015,"Miercoles",0,12:40:00,,"0.0",2,"Moto/Ciclomotor,Pickup/Utilitario","Bv G L Lhemann Y Simon Bolivar",2,1,0,0,1,0,0,,"Avenida",,"RAFAELA","Castellanos","S/D","S/D","V","Dentro","Urbana","Otra Señal","No existe","Intersección","Bueno","Buena","Diurna","Buen Tiempo","Lateral","S/D","Colisión","Ninguna","Horizontal","S/D","Sin restricción"
2015,9944,07/09/2015,"Lunes",0,,,"0.0",1,"Moto/Ciclomotor"," ",1,0,0,0,0,1,0,"-31.254505, -61.492257","S/D",,"RAFAELA","Castellanos","S/D","S/D","V","S/D","S/D","S/D","S/D","S/D","S/D","S/D","S/D","S/D","S/D","S/D","Caída ocupante","S/D","S/D","S/D","S/D"
2015,9945,18/09/2015,"Viernes",0,,,"0.0",1,"Moto/Ciclomotor"," ",1,0,0,0,0,1,0,"-31.612412, -60.697963","S/D",,"SANTA FE","La Capital","S/D","S/D","I","S/D","S/D","S/D","S/D","S/D","S/D","S/D","S/D","S/D","S/D","S/D","Caída ocupante","S/D","S/D","S/D","S/D"
2015,9946,11/12/2015,"Viernes",0,12:15:00,,"0.0",2,"Moto/Ciclomotor,Automóvil","Bv Pte Roca Y J G Artigas",2,1,0,0,1,0,0,,"Avenida",,"RAFAELA","Castellanos","Asfalto","Pavimento","V","Dentro","Urbana","Ninguna","Funciona","Recta","Bueno","Buena","Diurna","Buen Tiempo","Lateral","S/D","Colisión","S/D","Faltante","Ninguna","Sin restricción"
2015,9947,27/12/2015,"Domingo",0,03:00:00,"Ruta Nacional 11","357.0",1,"Automóvil"," ",4,0,2,0,0,2,0,"-32.530252, -60.873303","Ruta",11,"OLIVEROS","Iriondo","Hormigón","Natural","X","Fuera","Rural","S/D","S/D","S/D","S/D","S/D","Nocturna","S/D","Contra objeto fijo","S/D","Colisión","S/D","S/D","S/D","S/D"
2015,9948,18/09/2015,"Viernes",0,,,"0.0",1,"Otros"," ",1,0,0,0,0,1,0,"-32.947171, -60.655662","S/D",,"ROSARIO","Rosario","S/D","S/D","II","S/D","S/D","S/D","S/D","S/D","S/D","S/D","S/D","S/D","S/D","S/D","S/D","S/D","S/D","S/D","S/D"
2015,9949,25/12/2015,"Viernes",0,02:00:00,,"0.0",2,"Pickup/Utilitario,Moto/Ciclomotor","Leandro N Alem Y Mariano Moreno",2,1,0,0,1,0,0,,"Calle",,"ESPERANZA","Las Colonias","Asfalto","No existe","XI","Dentro","Urbana","Ninguna","No existe","Intersección","Bueno","Buena","Nocturna,Con luz artificial","Buen Tiempo","Frontal","S/D","Colisión","Ninguna","Faltante","Ninguna","Sin restricción"
2015,9950,21/12/2015,"Lunes",0,07:35:00,"Ruta Provincial 21","0.0",1,"Moto/Ciclomotor"," ",2,2,0,0,0,0,0,,"Ruta",21,"VILLA CONSTITUCIÓN","Constitución","Asfalto","S/D","VI","Dentro","Urbana","Ninguna","No existe","Recta","Bueno","Buena","Diurna","Buen Tiempo","Otro","S/D","Caída ocupante","Ninguna","Faltante","Ninguna","Sin restricción"
2015,9951,14/12/2015,"Lunes",0,09:00:00,,"0.0",2,"Moto/Ciclomotor,Automóvil","Manuel Dorrego Y San Juan",3,2,0,0,1,0,0,,"Calle",,"VILLA CONSTITUCIÓN","Constitución","Hormigón","Pavimento","VI","Dentro","Urbana","Ninguna","No existe","Intersección","Bueno","Buena","Diurna","Buen Tiempo","Frontal","S/D","Colisión","Ninguna","Faltante","Ninguna","Sin restricción"
2015,9952,23/12/2015,"Miercoles",0,02:00:00,,"0.0",1,"Automóvil","Presidente Peron Y Independencia bis",1,1,0,0,0,0,0,,"Calle",,"VILLA CONSTITUCIÓN","Constitución","Tierra","Pavimento","VI","Dentro","Urbana","Ninguna","No existe","Recta","Bueno","Buena","Nocturna,Con luz artificial","Buen Tiempo","Otro","S/D","Otro","Ninguna","Faltante","Ninguna","Sin restricción"
2015,9953,01/12/2015,"Martes",0,09:40:00,,"0.0",2,"Moto/Ciclomotor,Automóvil","Moreno Y Cordoba",2,1,0,0,1,0,0,,"Calle",,"VILLA CONSTITUCIÓN","Constitución","Asfalto","Pavimento","VI","Dentro","Urbana","Ninguna","No existe","Intersección","Bueno","Buena","Diurna","Buen Tiempo","Lateral","S/D","Colisión","Ninguna","Faltante","Ninguna","Sin restricción"