"anio_acci","nro_acci","fecha","desc_dia","fecha_aprox","hora_aprox","desc_ruta","km","cant_participantes","desc_participante","calle_avenida_km","total","heridos_leves","heridos_graves","heridos_gravisimos","ilesos","fallecidos","sin_datos","posicion_XY","desc_tipo_via","desc_ruta_ori","desc_loc","desc_dpto","desc_tipo_calzada","desc_tipo_banquina","desc_unidad_regional","desc_lugar_calzada","desc_zona","desc_prioridad","desc_estado_semaforo","desc_lugar_via","desc_estado_via","desc_estado_visibilidad","desc_luminosidad","desc_estado_clima","desc_tipo_colision","desc_tipo_atropello","desc_tipo_hecho","desc_pres_calzada","desc_senializacion","desc_separacion_via","desc_restriccion"
2015,9954,17/12/2015,"Jueves",0,20:50:00,,"0.0",2,"Automóvil,Moto/Ciclomotor","Leandro N Alem Y Mariano Moreno",2,1,0,0,1,0,0,,"Calle",,"ESPERANZA","Las Colonias","Asfalto","No existe","XI","Dentro","Urbana","Ninguna","No existe","Intersección","Bueno","Buena","Nocturna,Con luz artificial","Buen Tiempo","Lateral","S/D","Colisión","Otro","Faltante","Ninguna","Sin restricción"
2015,9955,05/12/2015,"Sabado",0,18:25:00,"Ruta Provincial 6","0.0",2,"Moto/Ciclomotor,Pickup/Utilitario","RTA. 6 Y ALEM",4,1,0,0,3,0,0,,"Ruta",6,"ESPERANZA","Las Colonias","Asfalto","Ripio","XI","Dentro","Urbana","Ninguna","No existe","Recta","Bueno","Buena","Diurna","Buen Tiempo","Lateral","S/D","Colisión","Otro","Faltante","Ninguna","Sin restricción"
2015,9956,10/12/2015,"Jueves",0,17:00:00,,"0.0",2,"Moto/Ciclomotor,Pickup/Utilitario","MALVINAS ARGENTINAS Y CAMINO RURAL A LA RP64 ",4,1,1,0,1,1,0,"-31.759055, -61.821787","Camino Rural",,"SASTRE","San Martín","Tierra","Natural","XVIII","Dentro","Urbana","Ninguna","No existe","Intersección","S/D","S/D","Diurna","S/D","Lateral","S/D","Colisión","S/D","Faltante","Ninguna","Sin restricción"
2015,9957,28/12/2015,"Lunes",0,11:00:00,,"0.0",2,"Automóvil,Moto/Ciclomotor","Maipu Y Cullen",2,1,0,0,1,0,0,,"Calle",,"ESPERANZA","Las Colonias","Asfalto","Pavimento","XI","Dentro","Urbana","Ninguna","No existe","Intersección","Bueno","Buena","Diurna","Buen Tiempo","Otro","S/D","Colisión","S/D","S/D","S/D","Sin restricción"
2015,9958,26/12/2015,"Sabado",0,,,"0.0",2,"Moto/Ciclomotor,Moto/Ciclomotor","Juan de Garay Y Simon de Iriondo",2,2,0,0,0,0,0,,"Calle",,"RAFAELA","Castellanos","Asfalto","Ripio","V","Dentro","Urbana","Ninguna","No existe","Intersección","Bueno","Buena","Atardecer","Buen Tiempo","Lateral","S/D","Colisión","Ninguna","Faltante","Ninguna","Sin restricción"
2015,9959,22/12/2015,"Martes",0,20:00:00,,"0.0",2,"Automóvil,Moto/Ciclomotor","Mariano Moreno Y Las Heras",2,1,0,0,1,0,0,,"Calle",,"ESPERANZA","Las Colonias","Asfalto","No existe","XI","Dentro","Urbana","S/D","No existe","Intersección","Bueno","Buena","Nocturna","Buen Tiempo","Lateral","S/D","Colisión","S/D","Horizontal,Vertical","S/D","S/D"
2015,9960,11/12/2015,"Viernes",0,10:25:00,,"0.0",2,"Automóvil,Moto/Ciclomotor","Chacabuco 800",2,1,0,0,1,0,0,,"Calle",,"ESPERANZA","Las Colonias","Asfalto","Pavimento","XI","Dentro","Urbana","Ninguna","No existe","Intersección","Bueno","Buena","Diurna","Buen Tiempo","Lateral","S/D","Colisión","S/D","Vertical","Línea divisoria pintada","Sin restricción"
2015,9961,28/12/2015,"Lunes",0,12:35:00,,"0.0",2,"Moto/Ciclomotor,Moto/Ciclomotor","Simon de Iriondo Y Aristobulo del Valle",4,4,0,0,0,0,0,,"Calle",,"ESPERANZA","Las Colonias","Asfalto","No existe","XI","Dentro","Urbana","Ninguna","No existe","Intersección","Bueno","Buena","Diurna","Buen Tiempo","Lateral","S/D","Colisión","S/D","S/D","Cordón divisorio","Sin restricción"
2015,9962,27/12/2015,"Domingo",0,06:40:00,,"0.0",1,"Otros","Av San Martin Y Urquiza",1,1,0,0,0,0,0,,"Avenida",,"SAN LORENZO","San Lorenzo","Asfalto","Pavimento","XVIII","S/D","Urbana","Semáforo","Funciona","Recta","Bueno","Buena","Diurna","Buen Tiempo","S/D","S/D","Colisión","Ninguna","Faltante","Ninguna","Sin restricción"
2015,9963,20/12/2015,"Domingo",0,16:15:00,,"0.0",2,"Automóvil,Automóvil","R P L Kredder Y M M T de Hoenfels",2,1,0,0,1,0,0,,"Avenida",,"ESPERANZA","Las Colonias","Asfalto","Ripio","XI","Dentro","Urbana","S/D","Funciona","Intersección","Bueno","Buena","Diurna","Buen Tiempo","Lateral","S/D","Colisión","S/D","S/D","S/D","Sin restricción"
2015,9964,23/12/2015,"Miercoles",0,12:25:00,,"0.0",2,"Automóvil,Moto/Ciclomotor","Dr Galvez 1900",2,1,0,0,1,0,0,,"Calle",,"ESPERANZA","Las Colonias","Asfalto","Ripio","XI","Dentro","Urbana","Ninguna","No existe","Intersección","Bueno","Buena","Diurna","Buen Tiempo","Lateral","S/D","Colisión","S/D","Vertical","Línea divisoria pintada","Sin restricción"
2015,9965,27/12/2015,"Domingo",0,06:50:00,"Ruta Provincial 1","0.0",1,"Otros"," ",2,2,0,0,0,0,0,,"Ruta",1,"SAN LORENZO","San Lorenzo","Asfalto","Natural","XVII","S/D","Urbana","Ninguna","No existe","Recta","Bueno","Buena","Diurna","Buen Tiempo","S/D","S/D","S/D","Ninguna","S/D","Guardarrail","Sin restricción"
2015,9966,23/12/2015,"Miercoles",0,23:00:00,,"0.0",2,"Vehículo Oficial,Moto/Ciclomotor","San Juan Y Juan M De Rosas",2,1,0,0,0,0,1,,"Calle",,"SAN LORENZO","San Lorenzo","Tierra","Natural","XVII","S/D","Urbana","Ninguna","No existe","Intersección","Deteriorada","Buena","Nocturna","Buen Tiempo","S/D","S/D","Colisión","S/D","S/D","Ninguna","Sin restricción"
2015,9967,22/12/2015,"Martes",0,16:50:00,,"0.0",2,"Moto/Ciclomotor,Otros","C Pelegrini Y Lavalle",2,1,0,0,0,0,1,,"Calle",,"SAN LORENZO","San Lorenzo","Tierra","Natural","XVII","S/D","Urbana","Ninguna","No existe","Intersección","Bueno","Buena","Diurna","Buen Tiempo","Lateral","S/D","Colisión","Ninguna","S/D","Ninguna","Sin restricción"
2015,9968,23/12/2015,"Miercoles",0,09:00:00,,"0.0",2,"Otros,Otros","Estado de Israel Y Feliciano Silva",2,1,0,0,0,0,1,,"Calle",,"SAN LORENZO","San Lorenzo","Tierra","Natural","XVII","S/D","Urbana","Ninguna","No existe","Recta","Bueno","Buena","Diurna","Buen Tiempo","S/D","S/D","Colisión","Ninguna","Faltante","Ninguna","Sin restricción"
2015,9969,12/12/2015,"Sabado",0,10:30:00,,"0.0",2,"Automóvil,Moto/Ciclomotor","Almirante Brown Y Pringles",2,1,0,0,1,0,0,,"S/D",,"ESPERANZA","Las Colonias","Asfalto","No existe","XI","S/D","S/D","Ninguna","No existe","Intersección","Bueno","Buena","Diurna","Buen Tiempo","Lateral","S/D","Colisión","S/D","Horizontal","Cordón divisorio","S/D"
2015,9970,12/12/2015,"Sabado",0,13:00:00,,"0.0",2,"Automóvil,Moto/Ciclomotor","Simon de Iriondo Y F Soutomayor",2,1,0,0,1,0,0,,"Calle",,"ESPERANZA","Las Colonias","Asfalto","No existe","XI","Dentro","Urbana","Ninguna","No existe","Intersección","Bueno","Buena","Diurna","Buen Tiempo","Lateral","S/D","Colisión","S/D","Horizontal","Cordón divisorio","Sin restricción"
2015,9971,19/12/2015,"Sabado",0,04:20:00,"Ruta Nacional A012","0.0",2,"Automóvil,Tren","RNA012 Y VIAS FERREAS ",3,1,0,0,2,0,0,,"Ruta","A012","SAN LORENZO","San Lorenzo","Asfalto","Natural","XVII","S/D","Urbana","Señal Ceda el Paso","No existe","Paso a Nivel FFCC","Con baches","Buena","Nocturna","Buen Tiempo","Lateral","S/D","Colisión","Ninguna","Horizontal","Ninguna","Sin restricción"
2015,9972,04/12/2015,"Viernes",0,20:15:00,,"0.0",2,"Automóvil,Moto/Ciclomotor","Rivadavia Y Av Los Colonizadores",3,2,0,0,1,0,0,,"Avenida",,"ESPERANZA","Las Colonias","Asfalto","No existe","XI","Dentro","Urbana","Ninguna","No existe","Intersección","Bueno","Buena","Nocturna","Buen Tiempo","Lateral","S/D","Colisión","S/D","Horizontal","Cordón divisorio","Sin restricción"
2015,9973,13/12/2015,"Domingo",0,04:30:00,,"0.0",1,"Moto/Ciclomotor","General Lopez 1300",1,1,0,0,0,0,0,,"S/D",,"SAN LORENZO","San Lorenzo","Asfalto","Pavimento","XVII","S/D","S/D","Ninguna","No existe","Recta","Bueno","Reducida","Nocturna","Buen Tiempo","S/D","S/D","S/D","Ninguna","Faltante","Ninguna","Sin restricción"
2015,9974,11/12/2015,"Viernes",0,22:00:00,,"0.0",1,"Moto/Ciclomotor","Dorrego Y Moreno",1,1,0,0,0,0,0,,"S/D",,"SAN LORENZO","San Lorenzo","Asfalto","Pavimento","XVII","S/D","S/D","Ninguna","No existe","Intersección","Bueno","Buena","Nocturna","Buen Tiempo","Otro","S/D","Colisión","Ninguna","S/D","Ninguna","Sin restricción"
2015,9975,10/12/2015,"Jueves",0,16:30:00,,"0.0",2,"Automóvil,Moto/Ciclomotor","R P L Kredder Y Saavedra Lamas",2,1,0,0,1,0,0,,"Calle",,"ESPERANZA","Las Colonias","Asfalto","Ripio","XI","Dentro","Urbana","S/D","No existe","Recta","Bueno","Buena","Diurna","Buen Tiempo","Lateral","S/D","Colisión","Ninguna","Horizontal,Vertical","Línea divisoria pintada","Sin restricción"
2015,9976,10/12/2015,"Jueves",0,20:35:00,,"0.0",1,"Moto/Ciclomotor","Bv Oroño 1300",2,1,0,0,0,0,1,,"S/D",,"SAN LORENZO","San Lorenzo","Asfalto","Natural","XVII","S/D","Urbana","Ninguna","No existe","Recta","Bueno","Buena","Nocturna","Buen Tiempo","S/D","S/D","Colisión","Ninguna","Faltante","Ninguna","Sin restricción"
2015,9977,04/12/2015,"Viernes",0,13:40:00,,"0.0",2,"Moto/Ciclomotor,Bicicleta","Gral Lavalle Y Bv Poeta J Migno",2,1,0,0,1,0,0,,"Avenida",,"SAN JAVIER","San Javier","Asfalto","Pavimento","XIV","Dentro","Urbana","Ninguna","No existe","Intersección","Bueno","Buena","Diurna","Buen Tiempo","S/D","S/D","Atropello","Ninguna","Faltante","S/D","S/D"
2015,9978,15/12/2015,"Martes",0,16:00:00,,"0.0",1,"Automóvil","Simon Bolivar Y 2 de Abril",1,1,0,0,0,0,0,,"S/D",,"CAPITÁN BERMÚDEZ","San Lorenzo","S/D","S/D","XVII","S/D","S/D","S/D","S/D","S/D","S/D","S/D","Diurna","S/D","S/D","S/D","S/D","S/D","S/D","S/D","S/D"
2015,9979,09/12/2015,"Miercoles",0,19:30:00,,"0.0",1,"Otros","Carlos Pellegrini Y Honduras",1,1,0,0,0,0,0,,"S/D",,"CAPITÁN BERMÚDEZ","San Lorenzo","S/D","S/D","XVII","S/D","S/D","S/D","S/D","S/D","S/D","S/D","Atardecer","S/D","S/D","S/D","S/D","S/D","S/D","S/D","S/D"
2015,9980,04/12/2015,"Viernes",0,08:00:00,,"0.0",1,"Otros","Av San Lorenzo Y Laprida",1,1,0,0,0,0,0,,"Avenida",,"CAPITÁN BERMÚDEZ","San Lorenzo","S/D","S/D","XVII","S/D","S/D","S/D","S/D","S/D","S/D","S/D","Diurna","Buen Tiempo","S/D","S/D","S/D","S/D","S/D","S/D","S/D"
2015,9981,15/12/2015,"Martes",0,18:15:00,,"0.0",2,"Moto/Ciclomotor,Pickup/Utilitario"," ",2,1,0,0,1,0,0,,"Calle",,"SAN LORENZO","San Lorenzo","Hormigón","S/D","XVII","Dentro","Urbana","Ninguna","No existe","Intersección","Bueno","Buena","Diurna","Buen Tiempo","Lateral","S/D","Colisión","Ninguna","Faltante","Ninguna","Sin restricción"
2015,9982,06/12/2015,"Domingo",0,16:00:00,,"0.0",2,"Pickup/Utilitario,Moto/Ciclomotor","Belgrano Y Rivadavia",2,1,0,0,1,0,0,,"Calle",,"SAN LORENZO","San Lorenzo","Hormigón","No existe","XVII","Dentro","Urbana","Ninguna","No existe","Intersección","Bueno","Buena","Diurna","Buen Tiempo","Lateral","S/D","Colisión","Ninguna","S/D","Ninguna","Sin restricción"
2015,9983,17/12/2015,"Jueves",0,,,"0.0",1,"Moto/Ciclomotor","Av. Ovidio Lagos Y Calle 2106",1,1,0,0,0,0,0,,"Avenida",,"ROSARIO","Rosario","Hormigón","Pavimento","II","Dentro","Urbana","Ninguna","No existe","Intersección","Bueno","Buena","Diurna","Buen Tiempo","S/D","S/D","Vuelco","S/D","Faltante","Ninguna","S/D"
2015,9984,21/12/2015,"Lunes",0,,,"0.0",2,"Automóvil,Camión"," ",2,1,0,0,1,0,0,,"Avenida",,"ROSARIO","Rosario","Asfalto","Pavimento","II","Dentro","Urbana","Ninguna","No existe","Recta","Bueno","Buena","Diurna","Buen Tiempo","De alcance","S/D","Colisión","S/D","Faltante","Ninguna","S/D"
2015,9985,22/12/2015,"Martes",0,18:00:00,,"0.0",2,"Automóvil,Pickup/Utilitario","Av. Ovidio Lagos Y Av. Arijon",3,2,0,0,1,0,0,,"Avenida",,"ROSARIO","Rosario","Asfalto","Pavimento","II","Dentro","Urbana","Semáforo","Funciona","Intersección","Bueno","Buena","Diurna","Buen Tiempo","De alcance","S/D","Colisión","S/D","Vertical","Cordón divisorio","Sin restricción"
2015,9986,13/12/2015,"Domingo",0,12:30:00,,"0.0",2,"Moto/Ciclomotor,Pickup/Utilitario"," ",2,1,0,0,1,0,0,,"Calle",,"ROSARIO","Rosario","Asfalto","Pavimento","II","Dentro","Urbana","Ninguna","No existe","Recta","Bueno","Buena","Diurna","Buen Tiempo","De alcance","S/D","Colisión","S/D","Faltante","Ninguna","Sin restricción"
2015,9987,17/12/2015,"Jueves",0,20:30:00,,"0.0",2,"Pickup/Utilitario,Moto/Ciclomotor","Av. Ovidio Lagos 6300",3,2,0,0,1,0,0,,"Avenida",,"ROSARIO","Rosario","Asfalto","Pavimento","II","Dentro","Urbana","Ninguna","No existe","Recta","Bueno","Buena","Nocturna","Buen Tiempo","Lateral","S/D","Colisión","S/D","Horizontal","Ninguna","Sin restricción"
2015,9988,08/12/2015,"Martes",0,23:30:00,,"0.0",1,"Pickup/Utilitario","Sanchez de Bustamante Y Crespo",1,1,0,0,0,0,0,,"Calle",,"ROSARIO","Rosario","Asfalto","Pavimento","II","Dentro","S/D","Ninguna","No existe","Intersección","Bueno","Buena","Nocturna","Buen Tiempo","Contra objeto fijo","S/D","Atropello","S/D","Faltante","Ninguna","Sin restricción"
2015,9989,09/12/2015,"Miercoles",0,05:50:00,,"0.0",2,"Taxi/Remis,Otros","Bv. Avellaneda Y Av. Circunvalacion",3,1,0,0,2,0,0,,"S/D",,"ROSARIO","Rosario","Asfalto","Pavimento","II","Dentro","Urbana","Semáforo","Funciona","Intersección","Bueno","Buena","Diurna","Buen Tiempo","De alcance","S/D","Colisión","S/D","Faltante","Ninguna","Sin restricción"
2015,9990,10/12/2015,"Jueves",0,14:30:00,,"0.0",2,"Moto/Ciclomotor,Automóvil","Av San Lorenzo Y San Salvador",2,1,0,0,1,0,0,,"S/D",,"CAPITÁN BERMÚDEZ","San Lorenzo","Asfalto","Pavimento","XVII","S/D","Urbana","Ninguna","No existe","Intersección","Bueno","Buena","Diurna","Buen Tiempo","S/D","S/D","Otro","Ninguna","Faltante","Ninguna","Sin restricción"
2015,9991,07/12/2015,"Lunes",0,07:30:00,,"0.0",2,"Automóvil,Moto/Ciclomotor","Av San Lorenzo Y 9 de Julio",2,1,0,0,1,0,0,,"S/D",,"CAPITÁN BERMÚDEZ","San Lorenzo","Asfalto","Pavimento","XVII","S/D","Urbana","Ninguna","No existe","Intersección","Bueno","Buena","Diurna","Buen Tiempo","S/D","S/D","Otro","Ninguna","Horizontal","Cordón divisorio","Sin restricción"
2015,9992,01/12/2015,"Martes",0,11:50:00,,"0.0",2,"Bicicleta,Otros","Rosario Y Av Belgrano",2,1,0,0,1,0,0,,"S/D",,"CAPITÁN BERMÚDEZ","San Lorenzo","Asfalto","Pavimento","XVII","S/D","Urbana","Ninguna","No existe","Intersección","Bueno","Buena","Diurna","Buen Tiempo","S/D","S/D","Atropello","Ninguna","Faltante","Cordón divisorio","Sin restricción"
2015,9993,09/12/2015,"Miercoles",0,19:30:00,,"0.0",2,"Moto/Ciclomotor,Otros","Carlos Pellegrini Y Mexico",2,1,0,0,1,0,0,,"S/D",,"CAPITÁN BERMÚDEZ","San Lorenzo","S/D","S/D","XVII","S/D","S/D","S/D","S/D","S/D","S/D","S/D","Atardecer","S/D","S/D","S/D","Colisión","S/D","S/D","S/D","S/D"
2015,9994,04/12/2015,"Viernes",0,08:00:00,,"0.0",2,"Bicicleta,Automóvil","Av San Lorenzo Y Laprida",2,1,0,0,1,0,0,,"S/D",,"CAPITÁN BERMÚDEZ","San Lorenzo","S/D","S/D","XVII","S/D","S/D","S/D","S/D","S/D","S/D","S/D","Diurna","S/D","S/D","S/D","Atropello","S/D","S/D","S/D","S/D"
2015,9995,03/12/2015,"Jueves",0,12:10:00,,"0.0",2,"Automóvil,Moto/Ciclomotor","Cullen 1800",3,2,0,0,1,0,0,,"Calle",,"ESPERANZA","Las Colonias","Asfalto","Pavimento","XI","Dentro","Urbana","Ninguna","No existe","Intersección","Bueno","Buena","Diurna","Buen Tiempo","Lateral","S/D","Colisión","S/D","Faltante","Ninguna","Sin restricción"
2015,9996,07/12/2015,"Lunes",0,22:50:00,,"0.0",2,"Bicicleta,Automóvil","Pueyrredon 900",2,1,0,0,1,0,0,,"Calle",,"ESPERANZA","Las Colonias","Asfalto","Pavimento","XI","Dentro","Urbana","Ninguna","No existe","Intersección","Bueno","Buena","Nocturna","Buen Tiempo","S/D","S/D","Atropello","S/D","Faltante","Línea divisoria pintada","Sin restricción"
2015,9997,22/09/2015,"Martes",0,23:00:00,,"0.0",2,"Moto/Ciclomotor,Automóvil","Gral Jose de San Martin Y Nicolas Avellaneda",2,1,0,0,1,0,0,,"Calle",,"VENADO TUERTO","General López","Hormigón","No existe","VIII","Dentro","Urbana","Ninguna","S/D","Intersección","S/D","S/D","Nocturna","Buen Tiempo","S/D","S/D","Colisión","S/D","S/D","Ninguna","Sin restricción"
2015,9998,24/09/2015,"Jueves",0,07:46:00,,"0.0",2,"Moto/Ciclomotor,Automóvil","Lisandro de la Torre Y Lopez",2,1,0,0,1,0,0,,"Calle",,"VENADO TUERTO","General López","S/D","S/D","VIII","Dentro","Urbana","S/D","S/D","Intersección","S/D","S/D","Diurna","S/D","S/D","S/D","Colisión","S/D","S/D","S/D","S/D"
2015,9999,24/09/2015,"Jueves",0,08:25:00,,"0.0",2,"Moto/Ciclomotor,Pickup/Utilitario","Balcarce Y Lopez",2,1,0,0,1,0,0,,"Calle",,"VENADO TUERTO","General López","S/D","S/D","VIII","Dentro","Urbana","S/D","S/D","Intersección","S/D","S/D","Diurna","S/D","S/D","S/D","Colisión","S/D","S/D","S/D","S/D"
2015,10000,24/09/2015,"Jueves",0,10:00:00,,"0.0",1,"Moto/Ciclomotor","Cornelio Saavedra Y Cristobal Colon",1,1,0,0,0,0,0,,"Calle",,"VENADO TUERTO","General López","S/D","S/D","VIII","Dentro","Urbana","S/D","S/D","S/D","S/D","S/D","Diurna","S/D","S/D","S/D","S/D","S/D","S/D","S/D","S/D"
2015,10001,16/12/2015,"Miercoles",0,10:30:00,,"0.0",2,"Moto/Ciclomotor,Automóvil","Maipu Y Leandro N Alem",2,1,0,0,1,0,0,,"Calle",,"LAGUNA PAIVA","La Capital","Ripio","No existe","I","Dentro","Urbana","Ninguna","No existe","Intersección","Bueno","Buena","Diurna","Buen Tiempo","Lateral","S/D","Colisión","Ninguna","Horizontal,Vertical","Ninguna","Sin restricción"
2015,10002,06/12/2015,"Domingo",0,20:45:00,,"0.0",2,"Automóvil,Moto/Ciclomotor","Av San Martin Y 25 de Mayo",3,2,0,0,1,0,0,,"Calle",,"LAGUNA PAIVA","La Capital","Hormigón","No existe","I","Dentro","Urbana","Ninguna","No existe","Intersección","Bueno","Buena","Nocturna,Con luz artificial","Buen Tiempo","Lateral","S/D","Colisión","Ninguna","Horizontal,Vertical","Vegetación","Sin restricción"
2015,10003,20/12/2015,"Domingo",0,07:00:00,,"0.0",1,"Automóvil","Moreno Y Las Heras",2,1,0,0,1,0,0,,"Calle",,"LAGUNA PAIVA","La Capital","Asfalto","Natural","I","Dentro","Urbana","Ninguna","No existe","Intersección","Bueno","Buena","Amanecer","Buen Tiempo","S/D","S/D","Vuelco","Ninguna","Horizontal,Vertical","Ninguna","Sin restricción"
2015,10004,25/09/2015,"Viernes",0,08:05:00,,"0.0",2,"Moto/Ciclomotor,Automóvil","España Y Alvear",2,1,0,0,1,0,0,,"Calle",,"VENADO TUERTO","General López","S/D","S/D","VIII","Dentro","Urbana","S/D","S/D","Intersección","S/D","S/D","Diurna","S/D","S/D","S/D","Colisión","S/D","S/D","S/D","S/D"
2015,10005,29/12/2015,"Martes",0,20:00:00,,"0.0",2,"Automóvil,Moto/Ciclomotor","Entre Rios 885",2,1,0,0,1,0,0,,"Calle",,"LAGUNA PAIVA","La Capital","Hormigón","No existe","I","Dentro","Urbana","Ninguna","No existe","Recta","Bueno","Buena","Atardecer","Buen Tiempo","Lateral","S/D","Colisión","Ninguna","Horizontal,Vertical","Ninguna","Sin restricción"
2015,10006,12/12/2015,"Sabado",0,22:30:00,"Ruta Provincial 2","0.0",2,"Automóvil,Moto/Ciclomotor"," ",2,0,1,0,1,0,0,,"Ruta",2,"LAGUNA PAIVA","La Capital","Asfalto","Natural","I","Dentro","Rural","Ninguna","No existe","Intersección","Bueno","Buena","Nocturna,Con luz artificial","Buen Tiempo","De alcance","S/D","Colisión","Ninguna","Horizontal,Vertical","Ninguna","Sin restricción"
2015,10007,25/09/2015,"Viernes",0,08:25:00,"Ruta Nacional 33","0.0",1,"Bicicleta","RN8 Y RN33 ",1,1,0,0,0,0,0,,"Ruta",33,"VENADO TUERTO","General López","Hormigón","Natural","VIII","Dentro","Urbana","S/D","S/D","Cruce","S/D","S/D","Diurna","S/D","S/D","S/D","Caída ocupante","S/D","S/D","S/D","S/D"
2015,10008,27/12/2015,"Domingo",0,19:05:00,"Ruta Secundaria 80-s","0.0",1,"Moto/Ciclomotor"," ",2,1,0,0,1,0,0,,"Ruta","80-s","LAGUNA PAIVA","La Capital","Tierra","No existe","I","Dentro","Rural","Ninguna","No existe","Recta","Deteriorada","Buena","Amanecer","Buen Tiempo","Lateral","S/D","Colisión","Ninguna","Faltante","Ninguna","Sin restricción"
2015,10009,24/12/2015,"Jueves",0,17:00:00,,"0.0",2,"Moto/Ciclomotor,Automóvil","Moreno Y Guemes",3,2,0,0,1,0,0,,"S/D",,"LAGUNA PAIVA","La Capital","Ripio","No existe","I","Dentro","Urbana","Ninguna","No existe","Intersección","Con baches","Buena","Diurna","Buen Tiempo","Lateral","S/D","Colisión","Ninguna","Faltante","Ninguna","Sin restricción"
2015,10010,06/12/2015,"Domingo",0,04:35:00,,"0.0",1,,"Entre Rios 954",2,1,0,0,1,0,0,,"Calle",,"LAGUNA PAIVA","La Capital","Asfalto","No existe","I","Dentro","Urbana","Ninguna","No existe","Recta","Bueno","Buena","Nocturna,Con luz artificial","Buen Tiempo","De alcance","S/D","Colisión","Ninguna","Horizontal,Vertical","Ninguna","Sin restricción"
2015,10011,06/12/2015,"Domingo",0,04:35:00,,"0.0",2,"Moto/Ciclomotor,Pickup/Utilitario","Entre Rios 954",2,1,0,0,1,0,0,,"Calle",,"LAGUNA PAIVA","La Capital","Asfalto","No existe","I","Dentro","Urbana","Ninguna","No existe","Recta","Bueno","Buena","Nocturna,Con luz artificial","Buen Tiempo","De alcance","S/D","Colisión","Ninguna","Horizontal,Vertical","Ninguna","Sin restricción"
2015,10012,06/12/2015,"Domingo",0,06:50:00,,"0.0",1,"Automóvil","Pastor Barrios Y Obrero",4,4,0,0,0,0,0,,"Avenida",,"LAGUNA PAIVA","La Capital","Asfalto","Natural","I","Dentro","Urbana","Ninguna","No existe","Curva","Bueno","Buena","Amanecer","Buen Tiempo","Contra objeto fijo","S/D","Colisión","Ninguna","Horizontal,Vertical","Ninguna","Sin restricción"
2015,10013,02/12/2015,"Miercoles",0,19:30:00,,"0.0",2,"Moto/Ciclomotor,Automóvil","Juan B Alberdi Y Las Heras",2,1,0,0,1,0,0,,"Calle",,"LAGUNA PAIVA","La Capital","Ripio","No existe","I","Dentro","Urbana","Ninguna","No existe","Intersección","Con baches","Buena","Diurna","Buen Tiempo","Lateral","S/D","Colisión","Material Suelto","Faltante","Ninguna","Sin restricción"
2015,10014,09/12/2015,"Miercoles",0,18:40:00,,"0.0",2,"Moto/Ciclomotor,Automóvil","Moreno Y Libertad",2,1,0,0,1,0,0,,"S/D",,"LAGUNA PAIVA","La Capital","Tierra","No existe","I","S/D","S/D","Ninguna","No existe","Intersección","Con baches","Buena","Diurna","Buen Tiempo","Lateral","S/D","Colisión","Ninguna","Faltante","Ninguna","Sin restricción"
2015,10015,19/12/2015,"Sabado",0,22:50:00,"Ruta Provincial 2","12.0",2,"Automóvil,Moto/Ciclomotor"," ",3,2,0,0,1,0,0,,"Ruta",2,"ANGEL GALLARDO","La Capital","Hormigón","Ripio","I","Dentro","Rural","Ninguna","No existe","Recta","Bueno","Buena","Nocturna,Con luz artificial","Buen Tiempo","Lateral","S/D","Colisión","Ninguna","S/D","Ninguna","Sin restricción"
2015,10016,19/12/2015,"Sabado",0,23:20:00,"Ruta Provincial 2","0.0",2,"Moto/Ciclomotor,Bicicleta"," ",2,1,0,0,1,0,0,,"Ruta",2,"ANGEL GALLARDO","La Capital","Hormigón","Natural","I","Dentro","Rural","Ninguna","No existe","Intersección","S/D","Buena","Nocturna,Con luz artificial","Buen Tiempo","S/D","S/D","Atropello","S/D","S/D","Cordón divisorio","Sin restricción"
2015,10017,09/12/2015,"Miercoles",0,16:30:00,,"0.0",2,"Automóvil,Moto/Ciclomotor"," ",2,1,0,0,1,0,0,,"S/D",,"COLASTINE","La Capital","Asfalto","S/D","I","S/D","S/D","Ninguna","No existe","Intersección","Con baches","Buena","Diurna","Buen Tiempo","Lateral","S/D","Colisión","S/D","Horizontal","S/D","Sin restricción"
2015,10018,27/12/2015,"Domingo",0,21:25:00,"Ruta Provincial 1","5.0",2,"Automóvil,Moto/Ciclomotor"," ",2,1,0,0,1,0,0,,"Ruta",1,"SAN JOSÉ DEL RINCÓN","La Capital","Asfalto","Pavimento","I","Dentro","Urbana","S/D","No existe","Recta","Bueno","Buena","Nocturna","Buen Tiempo","De alcance","S/D","Colisión","S/D","Faltante","S/D","S/D"
2015,10019,30/09/2015,"Miercoles",0,,,"0.0",1,"Moto/Ciclomotor","La Rioja 2120",2,2,0,0,0,0,0,,"Calle",,"VERA","Vera","S/D","S/D","XIX","Dentro","Urbana","S/D","S/D","Recta","S/D","S/D","S/D","S/D","Atropello animal","S/D","Colisión","S/D","S/D","S/D","S/D"
2015,10020,04/12/2015,"Viernes",0,20:20:00,,"0.0",2,"Automóvil,Moto/Ciclomotor","4 de enero Y Martin Zavalla",2,1,0,0,1,0,0,,"Calle",,"SANTO TOMÉ","La Capital","Tierra","No existe","I","Dentro","Urbana","S/D","S/D","Intersección","Bueno","Buena","Nocturna","Buen Tiempo","Lateral","S/D","Colisión","S/D","S/D","S/D","S/D"