"anio_acci","nro_acci","fecha","desc_dia","fecha_aprox","hora_aprox","desc_ruta","km","cant_participantes","desc_participante","calle_avenida_km","total","heridos_leves","heridos_graves","heridos_gravisimos","ilesos","fallecidos","sin_datos","posicion_XY","desc_tipo_via","desc_ruta_ori","desc_loc","desc_dpto","desc_tipo_calzada","desc_tipo_banquina","desc_unidad_regional","desc_lugar_calzada","desc_zona","desc_prioridad","desc_estado_semaforo","desc_lugar_via","desc_estado_via","desc_estado_visibilidad","desc_luminosidad","desc_estado_clima","desc_tipo_colision","desc_tipo_atropello","desc_tipo_hecho","desc_pres_calzada","desc_senializacion","desc_separacion_via","desc_restriccion"
2015,10021,16/12/2015,"Miercoles",0,16:10:00,,"0.0",2,"Automóvil,Moto/Ciclomotor","3 de febrero Y 12 de septiembre",2,0,1,0,1,0,0,,"Calle",,"SANTO TOMÉ","La Capital","Tierra","No existe","I","Dentro","Urbana","S/D","S/D","Intersección","Bueno","Buena","Diurna","Buen Tiempo","Lateral","S/D","Colisión","S/D","S/D","S/D","S/D"
2015,10022,28/12/2015,"Lunes",0,08:00:00,"Ruta Provincial 1","1.0",2,"Moto/Ciclomotor,Automóvil"," ",2,1,0,0,1,0,0,,"Ruta",1,"COLASTINE","La Capital","Asfalto","No existe","I","Dentro","Urbana","Marca Vial","No existe","Intersección","Otro","Buena","Diurna","Buen Tiempo","Frontal","S/D","Colisión","S/D","Horizontal","S/D","Sin restricción"
2015,10023,10/12/2015,"Jueves",0,13:00:00,,"0.0",1,"Moto/Ciclomotor"," ",1,1,0,0,0,0,0,,"Calle",,"COLASTINE","La Capital","Tierra","Natural","I","Dentro","Urbana","Ninguna","No existe","Recta","Bueno","Buena","Diurna","Buen Tiempo","S/D","S/D","S/D","S/D","S/D","S/D","Sin restricción"
2015,10024,17/12/2015,"Jueves",0,06:30:00,"Ruta Nacional 11","0.0",2,"Moto/Ciclomotor,Bicicleta","Ruta 11 Avenida Richieri 3800",2,0,1,0,1,0,0,"-31.684611111111,-60.788333333333","Ruta",11,"SANTO TOMÉ","La Capital","S/D","S/D","I","Dentro","Urbana","S/D","S/D","Recta","S/D","Buena","Amanecer","S/D","S/D","S/D","Atropello","S/D","S/D","S/D","S/D"
2015,10025,19/12/2015,"Sabado",0,22:40:00,,"0.0",2,"Automóvil,Moto/Ciclomotor","12 de septiembre Y Dalmacio Velez Sarfield",2,1,0,0,1,0,0,,"Calle",,"SANTO TOMÉ","La Capital","Asfalto","S/D","I","Dentro","Urbana","S/D","S/D","Intersección","S/D","Buena","Nocturna","Buen Tiempo","Lateral","S/D","Colisión","S/D","S/D","S/D","S/D"
2015,10026,24/12/2015,"Jueves",0,17:30:00,"Ruta Nacional 11","0.0",2,"Moto/Ciclomotor,Automóvil","Avenida Nuestra Señora del Luj Y Ruta 11 Avenida Richieri",3,2,0,0,1,0,0,,"Ruta",11,"SANTO TOMÉ","La Capital","Asfalto","No existe","I","Dentro","Urbana","S/D","S/D","Cruce","Bueno","Buena","Diurna","Buen Tiempo","Lateral","S/D","Colisión","S/D","S/D","S/D","S/D"
2015,10027,22/12/2015,"Martes",0,16:30:00,"Ruta Provincial 1","2.0",2,"Automóvil,Moto/Ciclomotor"," ",3,1,0,0,2,0,0,,"Ruta",1,"COLASTINE","La Capital","Asfalto","Ripio","I","Dentro","Urbana","Ninguna","No existe","Recta","Bueno","Buena","Diurna","Buen Tiempo","Lateral","S/D","Colisión","S/D","S/D","S/D","Sin restricción"
2015,10028,15/12/2015,"Martes",0,23:00:00,,"0.0",1,"Moto/Ciclomotor","Maciel Cosme Y Independencia",1,1,0,0,0,0,0,,"Calle",,"SAN JOSÉ DEL RINCÓN","La Capital","Arena","No existe","I","Dentro","Urbana","Ninguna","No existe","Intersección","Ahuellamiento","Buena","Nocturna","Buen Tiempo","Lateral","S/D","Colisión","Ninguna","Faltante","Ninguna","Sin restricción"
2015,10029,17/12/2015,"Jueves",0,21:30:00,"Ruta Provincial 1","4.5",2,"Automóvil,Moto/Ciclomotor"," ",3,2,0,0,1,0,0,,"Ruta",1,"SAN JOSÉ DEL RINCÓN","La Capital","Asfalto","Natural","I","S/D","Urbana","Ninguna","No existe","Recta","Bueno","Buena","Nocturna","Buen Tiempo","Lateral","S/D","Colisión","Ninguna","Faltante","Cordón divisorio","Reparación de Vía"
2015,10030,05/12/2015,"Sabado",0,17:20:00,,"0.0",2,"Moto/Ciclomotor,Moto/Ciclomotor","Santa Rosa de Lima Y Maciel Cosme",2,1,0,0,0,0,1,,"Calle",,"SAN JOSÉ DEL RINCÓN","La Capital","Tierra","No existe","I","S/D","Urbana","Ninguna","No existe","Intersección","Bueno","Buena","Diurna","Buen Tiempo","Frontal","S/D","Colisión","Ninguna","Faltante","Ninguna","Sin restricción"
2015,10031,15/12/2015,"Martes",0,09:00:00,,"0.0",2,"Automóvil,Moto/Ciclomotor","Capitan Juan Viñas 2200",2,1,0,0,1,0,0,,"Calle",,"SAN JOSÉ DEL RINCÓN","La Capital","Arena","No existe","I","Dentro","Urbana","Ninguna","No existe","Recta","Deteriorada","Buena","Diurna","Buen Tiempo","Lateral","S/D","Colisión","Otro","Faltante","Ninguna","Sin restricción"
2015,10032,06/12/2015,"Domingo",0,08:15:00,,"0.0",2,"Automóvil,Automóvil","Gregorio Gamboa Y Busaniche",4,2,0,0,2,0,0,,"Calle",,"SAN JOSÉ DEL RINCÓN","La Capital","Asfalto","Natural","I","Dentro","Urbana","Ninguna","No existe","Recta","Bueno","Buena","Amanecer","Buen Tiempo","Lateral","S/D","Colisión","Ninguna","Faltante","Ninguna","Sin restricción"
2015,10033,25/12/2015,"Viernes",0,06:55:00,,"0.0",2,"Moto/Ciclomotor,Automóvil","Avenida Nuestra Señora del Luj Y 12 de septiembre",2,0,1,0,1,0,0,,"Calle",,"SANTO TOMÉ","La Capital","Asfalto","No existe","I","Dentro","Urbana","S/D","Funciona","Intersección","Bueno","Buena","Amanecer","Buen Tiempo","Lateral","S/D","Colisión","Otro","S/D","S/D","S/D"
2015,10034,27/12/2015,"Domingo",0,23:45:00,"Ruta Nacional 11","0.0",2,"Camión,Automóvil","Ruta Nac 11 Y Hungria",2,1,0,0,1,0,0,,"Ruta",11,"SAUCE VIEJO","La Capital","S/D","S/D","I","Dentro","Urbana","S/D","S/D","Intersección","S/D","Buena","Nocturna","S/D","Lateral","S/D","Colisión","S/D","S/D","S/D","S/D"
2015,10035,21/12/2015,"Lunes",0,15:50:00,"Ruta Nacional 11","0.0",2,"Automóvil,Moto/Ciclomotor","Ruta Nac 11 Y Calle 16 - Curupi",3,2,0,0,1,0,0,,"Ruta",11,"SAUCE VIEJO","La Capital","Asfalto","Pavimento","I","Dentro","Urbana","S/D","S/D","Recta","Deteriorada","Buena","Diurna","Buen Tiempo","Lateral","S/D","Colisión","S/D","S/D","S/D","S/D"
2015,10036,28/09/2015,"Lunes",0,07:50:00,,"0.0",1,"Moto/Ciclomotor","Av Peñaloza 9000",2,2,0,0,0,0,0,,"Avenida",,"SANTA FE","La Capital","Asfalto","Natural","I","Dentro","Urbana","S/D","S/D","Recta","S/D","S/D","Diurna","S/D","S/D","S/D","Caída ocupante","S/D","S/D","S/D","S/D"
2015,10037,29/09/2015,"Martes",0,,,"0.0",2,"Moto/Ciclomotor,Automóvil","Ituzaingo Y Alvear",2,1,0,0,1,0,0,,"Calle",,"SANTA FE","La Capital","Asfalto","No existe","I","Dentro","Urbana","S/D","S/D","Intersección","S/D","S/D","S/D","S/D","S/D","S/D","Colisión","S/D","S/D","S/D","S/D"
2015,10038,03/09/2015,"Jueves",0,,,"0.0",2,"Moto/Ciclomotor,Pickup/Utilitario"," ",2,1,0,0,1,0,0,,"Calle",,"FRONTERA","Castellanos","S/D","S/D","V","Dentro","Urbana","S/D","S/D","S/D","S/D","S/D","S/D","S/D","S/D","S/D","Colisión","S/D","S/D","S/D","S/D"
2015,10039,07/10/2015,"Miercoles",0,08:00:00,"Ruta Nacional 168","0.0",1,"Automóvil"," ",1,1,0,0,0,0,0,,"Ruta",168,"LA GUARDIA","La Capital","Hormigón","No existe","I","Dentro","Urbana","S/D","No existe","Recta","S/D","S/D","Diurna","Buen Tiempo","Contra objeto fijo","S/D","Colisión,Vuelco","S/D","Horizontal","Guardarrail","Sin restricción"
2015,10040,03/12/2015,"Jueves",0,18:00:00,,"0.0",2,"Moto/Ciclomotor,Automóvil","Bv. Segui Y L.N.Alem",3,2,0,0,1,0,0,,"Avenida",,"ROSARIO","Rosario","Hormigón","No existe","II","Dentro","Urbana","Ninguna","No existe","Intersección","Bueno","Buena","Diurna","Otro","Lateral","S/D","Colisión","Ninguna","Faltante","Ninguna","Sin restricción"
2015,10041,04/12/2015,"Viernes",0,23:25:00,,"0.0",2,"Pickup/Utilitario,Moto/Ciclomotor","Pedro Espinosa 5700",2,1,0,0,1,0,0,,"Calle",,"SANTA FE","La Capital","Tierra","No existe","I","S/D","Urbana","Ninguna","No existe","Recta","Bueno","Buena","Nocturna,Con luz artificial","Buen Tiempo","Frontal","S/D","Colisión","S/D","Faltante","Ninguna","Sin restricción"
2015,10042,30/12/2015,"Miercoles",0,18:25:00,,"0.0",2,"Moto/Ciclomotor,Automóvil","Av Peñaloza Y Alberti",4,3,0,0,1,0,0,,"Calle",,"SANTA FE","La Capital","Asfalto","Pavimento","I","Dentro","Urbana","Ninguna","No existe","Intersección","Deteriorada","Buena","Atardecer","Buen Tiempo","Lateral","S/D","Colisión","S/D","Faltante","Cordón divisorio","Sin restricción"
2015,10043,30/12/2015,"Miercoles",0,20:45:00,,"0.0",2,"Moto/Ciclomotor,Taxi/Remis","Av Blas Parera 7500",2,1,0,0,1,0,0,,"Avenida",,"SANTA FE","La Capital","Hormigón","Pavimento","I","Dentro","Urbana","Ninguna","No existe","Recta","Bueno","Buena","Nocturna,Con luz artificial","Buen Tiempo","Lateral","S/D","Colisión","S/D","Horizontal","Cordón divisorio","Sin restricción"
2015,10044,29/12/2015,"Martes",0,21:00:00,"Ruta Nacional 11","0.0",2,"Automóvil,Automóvil","RTA. NAC.11 Y ORTIZ",3,1,0,0,2,0,0,,"Ruta",11,"SANTA FE","La Capital","Asfalto","Natural","I","Dentro","Urbana","Ninguna","No existe","Intersección","Bueno","Buena","Nocturna,Con luz artificial","Buen Tiempo","Lateral","S/D","Colisión","S/D","Faltante","Línea divisoria pintada","Sin restricción"
2015,10045,18/12/2015,"Viernes",0,12:30:00,"Ruta Nacional 11","0.0",2,"Camión,Automóvil","RTA. NAC. 11 Y AMERICA",2,1,0,0,1,0,0,,"Ruta",11,"SAUCE VIEJO","La Capital","Asfalto","Pavimento","I","Dentro","Urbana","Ninguna","No existe","Recta","Deteriorada","Buena","Diurna","Buen Tiempo","Frontal","S/D","Colisión","Otro","S/D","Línea divisoria pintada","Sin restricción"
2015,10046,10/12/2015,"Jueves",0,13:30:00,"Ruta Nacional 11","452.0",2,"Moto/Ciclomotor,Camión"," ",2,1,0,0,1,0,0,,"Ruta",11,"SAUCE VIEJO","La Capital","Asfalto","Ripio","I","Dentro","Urbana","Marca Vial","No existe","Recta","Bueno","Buena","Diurna","Buen Tiempo","Lateral","S/D","Colisión","S/D","Horizontal","Ninguna","Sin restricción"
2015,10047,07/10/2015,"Miercoles",0,18:30:00,,"0.0",2,"Automóvil,Moto/Ciclomotor","Mariano Moreno Bis Y Necochea",2,1,0,0,1,0,0,,"S/D",,"CAÑADA DE GÓMEZ","Iriondo","S/D","S/D","X","S/D","S/D","S/D","S/D","Intersección","S/D","S/D","Atardecer","S/D","S/D","S/D","Colisión","S/D","S/D","S/D","S/D"
2015,10048,29/12/2015,"Martes",0,16:30:00,,"0.0",2,"Moto/Ciclomotor,Automóvil","Calle 63 Y Pje 12",2,1,0,0,1,0,0,,"Calle",,"SAUCE VIEJO","La Capital","Ripio","Natural","I","S/D","Urbana","Ninguna","No existe","Intersección","Bueno","Buena","Diurna","Buen Tiempo","Frontal","S/D","Colisión","Otro","Faltante","Ninguna","Sin restricción"
2015,10049,04/12/2015,"Viernes",0,15:50:00,,"0.0",2,"Moto/Ciclomotor,Automóvil","Calle 8 Y Calle 63",3,2,0,0,1,0,0,,"Calle",,"SAUCE VIEJO","La Capital","Ripio","Natural","I","S/D","Urbana","Ninguna","No existe","Intersección","Bueno","Buena","Diurna","Buen Tiempo","Lateral","S/D","Colisión","Otro","S/D","Ninguna","Sin restricción"
2015,10050,08/10/2015,"Jueves",0,08:20:00,"Ruta Nacional 11","0.0",2,"Moto/Ciclomotor,Automóvil","Viamonte ",2,1,0,0,1,0,0,,"Ruta",11,"GRANADERO BAIGORRIA","Rosario","Hormigón","S/D","II","Dentro","Urbana","S/D","S/D","Cruce","S/D","S/D","Diurna","S/D","S/D","S/D","Colisión","S/D","S/D","S/D","S/D"
2015,10051,14/12/2015,"Lunes",0,13:10:00,,"0.0",2,"Bicicleta,Moto/Ciclomotor","Pres Domingo Faustino Sarmient Y 3 de febrero",2,1,0,0,1,0,0,"-31.659027777778,-60.778","Calle",,"SANTO TOMÉ","La Capital","Asfalto","No existe","I","Dentro","Urbana","Ninguna","No existe","Intersección","Bueno","Buena","Diurna","Buen Tiempo","S/D","S/D","Atropello","Ninguna","Faltante","Ninguna","Sin restricción"
2015,10052,08/12/2015,"Martes",0,15:00:00,,"0.0",2,"Moto/Ciclomotor,Moto/Ciclomotor","Calle 8 Y Calle 27",2,2,0,0,0,0,0,,"Calle",,"SAUCE VIEJO","La Capital","Ripio","No existe","I","Fuera","Urbana","Ninguna","No existe","Intersección","Resbaladiza","Buena","Diurna","Buen Tiempo","Lateral","S/D","Colisión","Material Suelto","Faltante","Ninguna","Sin restricción"
2015,10053,14/12/2015,"Lunes",0,11:50:00,"Ruta Nacional 11","0.0",2,"Automóvil,Moto/Ciclomotor"," ",3,1,0,0,2,0,0,,"Ruta",11,"SAUCE VIEJO","La Capital","Asfalto","Pavimento","I","Dentro","Urbana","Ninguna","No existe","Recta","Bueno","Buena","Diurna","Buen Tiempo","De alcance","S/D","Colisión","S/D","Faltante","Ninguna","Sin restricción"
2015,10054,24/12/2015,"Jueves",0,01:00:00,"Ruta Nacional 11","0.0",2,"Automóvil,Moto/Ciclomotor"," ",2,1,0,0,1,0,0,,"Ruta",11,"SAUCE VIEJO","La Capital","Asfalto","Pavimento","I","Dentro","Urbana","Ninguna","No existe","Recta","Bueno","Reducida","Nocturna,Con luz artificial","Buen Tiempo","Lateral","S/D","Colisión","S/D","Faltante","Ninguna","Sin restricción"
2015,10055,09/10/2015,"Viernes",0,09:15:00,"Ruta Nacional 11","494.0",2,"Camión,Automóvil"," ",3,1,0,0,2,0,0,,"Ruta",11,"CANDIOTI","La Capital","S/D","S/D","I","Dentro","Urbana","S/D","S/D","S/D","S/D","S/D","Diurna","S/D","S/D","S/D","S/D","S/D","S/D","S/D","S/D"
2015,10056,01/12/2015,"Martes",1,,,"0.0",2,"Moto/Ciclomotor,Peatón","Lujan 4800",2,2,0,0,0,0,0,,"Calle",,"SAUCE VIEJO","La Capital","Ripio","No existe","I","Dentro","Urbana","Ninguna","No existe","Recta","Resbaladiza","Buena","Diurna","Buen Tiempo","De alcance","S/D","Atropello","Material Suelto","Faltante","Ninguna","Sin restricción"
2015,10057,10/12/2015,"Jueves",0,18:30:00,,"0.0",2,"Moto/Ciclomotor,Pickup/Utilitario","Balcarce Y  Saavedra Miguel de Cervantes",2,1,0,0,1,0,0,,"Calle",,"SANTO TOMÉ","La Capital","Asfalto","S/D","I","S/D","Urbana","S/D","S/D","Intersección","Bueno","S/D","Diurna","Buen Tiempo","Lateral","S/D","Colisión","S/D","Faltante","S/D","S/D"
2015,10058,22/12/2015,"Martes",0,19:00:00,,"0.0",2,"Moto/Ciclomotor,Automóvil","Mariano Candioti Y Aritobulo del Valle",2,1,0,0,1,0,0,,"Avenida",,"SANTO TOMÉ","La Capital","Asfalto","S/D","I","S/D","Urbana","S/D","S/D","Intersección","S/D","Buena","Atardecer","S/D","Contra objeto fijo","S/D","Colisión","S/D","Faltante","S/D","S/D"
2015,10059,16/12/2015,"Miercoles",0,20:50:00,,"0.0",2,"Moto/Ciclomotor,Automóvil","Balcarce Y General Manuel Belgrano",2,1,0,0,1,0,0,,"Calle",,"SANTO TOMÉ","La Capital","Asfalto","S/D","I","S/D","Rural","S/D","S/D","Intersección","S/D","Reducida","Nocturna","S/D","De alcance","S/D","Colisión","S/D","S/D","S/D","S/D"
2015,10060,01/12/2015,"Martes",0,13:30:00,,"0.0",1,"Moto/Ciclomotor","Juan Antonio Alvarez de Arenal Y Mariano Moreno",1,1,0,0,0,0,0,,"S/D",,"SANTO TOMÉ","La Capital","Asfalto","S/D","I","S/D","Urbana","S/D","No existe","Intersección","S/D","Buena","Diurna","Buen Tiempo","S/D","S/D","Caída ocupante","Material Suelto","S/D","S/D","S/D"
2015,10061,08/12/2015,"Martes",0,20:40:00,,"0.0",2,"Moto/Ciclomotor,Automóvil","Centenario Y La Rioja",2,1,0,0,1,0,0,,"Calle",,"SANTO TOMÉ","La Capital","Asfalto","Pavimento","I","S/D","Urbana","S/D","Intermitente","Intersección","Bueno","Buena","Nocturna","S/D","S/D","S/D","S/D","S/D","S/D","S/D","S/D"
2015,10062,05/12/2015,"Sabado",0,19:30:00,,"0.0",2,"Peatón,Automóvil","Centenario Y Lisandro de La Torre",2,1,0,0,1,0,0,"-31.68,-60.764972222222","Calle",,"SANTO TOMÉ","La Capital","Asfalto","S/D","I","S/D","Urbana","S/D","No existe","Recta","S/D","Buena","Diurna","S/D","S/D","S/D","Atropello","S/D","S/D","S/D","S/D"
2015,10063,05/12/2015,"Sabado",0,18:30:00,,"0.0",2,"Moto/Ciclomotor,Automóvil","Hernandarias Y Salta",2,1,0,0,1,0,0,,"Avenida",,"SANTO TOMÉ","La Capital","Asfalto","Pavimento","I","S/D","Rural","S/D","No existe","Intersección","Bueno","Buena","Diurna","S/D","S/D","S/D","S/D","S/D","S/D","S/D","S/D"
2015,10064,06/12/2015,"Domingo",0,11:15:00,,"0.0",2,"Moto/Ciclomotor,Automóvil"," ",2,1,0,0,1,0,0,,"Avenida",,"SANTO TOMÉ","La Capital","Asfalto","Pavimento","I","S/D","Urbana","S/D","Funciona","Intersección","Con baches","Buena","Diurna","S/D","S/D","S/D","S/D","S/D","S/D","S/D","S/D"
2015,10065,26/12/2015,"Sabado",0,08:00:00,,"0.0",2,"Moto/Ciclomotor,Automóvil","Martin Zavalla 2623",2,1,0,0,1,0,0,,"S/D",,"SANTO TOMÉ","La Capital","Ripio","No existe","I","S/D","Urbana","S/D","No existe","Otro","Con baches","Buena","Diurna","Buen Tiempo","Contra objeto fijo","S/D","Colisión","S/D","S/D","S/D","S/D"
2015,10066,03/12/2015,"Jueves",0,,"Ruta Nacional 11","517.0",2,"Automóvil,Camión"," ",3,1,0,0,2,0,0,,"Ruta",11,"LLAMBI CAMPBELL","La Capital","Asfalto","Natural","I","Dentro","Rural","Marca Vial","No existe","Recta","Bueno","Buena","Nocturna","Buen Tiempo","De alcance","S/D","Colisión","S/D","Horizontal","Línea divisoria pintada","Sin restricción"
2015,10067,11/12/2015,"Viernes",0,21:45:00,"Ruta Nacional 11","483.0",2,"Moto/Ciclomotor,Automóvil"," ",2,1,0,0,1,0,0,,"Ruta",11,"RECREO","La Capital","Asfalto","Natural","I","Dentro","Urbana","Ninguna","No existe","Recta","Bueno","Buena","Nocturna","Buen Tiempo","Lateral","S/D","Colisión","Ninguna","S/D","Línea divisoria pintada","Sin restricción"
2015,10068,12/12/2015,"Sabado",0,01:45:00,"Ruta Nacional 11","0.0",2,"Pickup/Utilitario,Pickup/Utilitario","Ruta Nacional 11 Y Av Mitre",2,1,0,0,1,0,0,,"Ruta",11,"RECREO","La Capital","Asfalto","Natural","I","Dentro","Urbana","Semáforo","Funciona","Intersección","Bueno","Buena","Nocturna,Con luz artificial","Buen Tiempo","Lateral","S/D","Colisión","Ninguna","S/D","Ninguna","Sin restricción"
2015,10069,12/12/2015,"Sabado",0,16:05:00,"Ruta Nacional 11","0.0",2,"Moto/Ciclomotor,Automóvil","Ruta Nacional 11 Y Av Mitre",2,1,0,0,1,0,0,,"Ruta",11,"RECREO","La Capital","Asfalto","Natural","I","Dentro","Urbana","S/D","Funciona","Intersección","Bueno","Buena","Diurna","Buen Tiempo","Lateral","S/D","Colisión","S/D","Vertical","S/D","Sin restricción"
2015,10070,26/12/2015,"Sabado",0,14:00:00,,"0.0",2,"Moto/Ciclomotor,Vehículo Oficial","1ro de Mayo Y Mendoza",3,1,0,0,2,0,0,,"Calle",,"NELSON","La Capital","Tierra","No existe","I","S/D","Urbana","Ninguna","No existe","Intersección","Con baches","Buena","Diurna","Buen Tiempo","Lateral","S/D","Colisión","Ninguna","Faltante","Ninguna","Sin restricción"
2015,10071,05/12/2015,"Sabado",0,18:30:00,,"0.0",2,"Peatón,Moto/Ciclomotor","Cafferata Y Callejon Mendez",2,2,0,0,0,0,0,"-31.576222222222,-60.73425","Calle",,"SANTA FE","La Capital","Asfalto","No existe","I","Dentro","Urbana","Ninguna","No existe","Intersección","Bueno","Buena","Diurna","Buen Tiempo","S/D","S/D","Atropello","Ninguna","Faltante","S/D","Sin restricción"
2015,10072,07/12/2015,"Lunes",0,21:00:00,,"0.0",2,"Moto/Ciclomotor,Automóvil","Luis Tion Y Pje Moreno",2,1,0,0,1,0,0,,"Calle",,"NELSON","La Capital","Tierra","No existe","I","S/D","Urbana","Ninguna","No existe","Intersección","Con baches","Buena","Con luz artificial","Buen Tiempo","Lateral","S/D","Colisión","Otro","S/D","Ninguna","Sin restricción"
2015,10073,05/12/2015,"Sabado",0,12:35:00,,"0.0",2,"Bicicleta,Pickup/Utilitario","Av Blas Parera Y Callejon Aguirre",2,1,0,0,1,0,0,"-31.580277777778,-60.727","Avenida",,"SANTA FE","La Capital","Asfalto","No existe","I","Dentro","Urbana","S/D","Funciona","Recta","Bueno","Buena","Diurna","Buen Tiempo","S/D","S/D","Atropello","Ninguna","Faltante","S/D","Sin restricción"
2015,10074,14/12/2015,"Lunes",0,19:00:00,"Ruta Nacional 11","0.0",2,"Pickup/Utilitario,Moto/Ciclomotor"," ",2,1,0,0,1,0,0,,"Ruta",11,"RECREO","La Capital","Asfalto","Ripio","I","S/D","Urbana","Señal Pare","No existe","Intersección","Bueno","Buena","Atardecer","Buen Tiempo","Frontal","S/D","Colisión","Ninguna","Horizontal,Vertical","Cordón divisorio","Sin restricción"
2015,10075,08/12/2015,"Martes",0,11:50:00,,"0.0",2,"Moto/Ciclomotor,Pickup/Utilitario","Gorriti Y Av Blas Parera",2,1,0,0,1,0,0,,"Calle",,"SANTA FE","La Capital","Asfalto","No existe","I","Dentro","Urbana","Semáforo","Funciona","Intersección","Bueno","Buena","Diurna","Buen Tiempo","Lateral","S/D","Colisión","Ninguna","Faltante","Ninguna","S/D"
2015,10076,05/12/2015,"Sabado",0,18:45:00,,"0.0",2,"Moto/Ciclomotor,Automóvil","Juan de Garay 6300",3,2,0,0,1,0,0,,"Avenida",,"RECREO","La Capital","Asfalto","Ripio","I","Dentro","Urbana","Ninguna","No existe","Recta","Bueno","Buena","Atardecer","Buen Tiempo","Lateral","S/D","Colisión","Ninguna","Horizontal","Línea divisoria pintada","Sin restricción"
2015,10077,02/12/2015,"Miercoles",0,08:15:00,,"0.0",2,"Moto/Ciclomotor,Automóvil","Av Peñaloza Y Angel Cassanello",2,1,0,0,1,0,0,,"Avenida",,"SANTA FE","La Capital","Hormigón","Pavimento","I","Dentro","Urbana","S/D","No existe","Intersección","Bueno","Buena","Diurna","Buen Tiempo","Lateral","S/D","Colisión","S/D","S/D","S/D","S/D"
2015,10078,11/12/2015,"Viernes",0,21:45:00,,"0.0",2,"Moto/Ciclomotor,Peatón","Beruti 5661",2,1,0,0,1,0,0,"-31.584444444444,-60.729138888889","Calle",,"SANTA FE","La Capital","Asfalto","Natural","I","Dentro","Urbana","Ninguna","No existe","Recta","Deteriorada","Buena","Nocturna","Buen Tiempo","S/D","S/D","Atropello","Material Suelto","Faltante","Ninguna","Sin restricción"
2015,10079,02/12/2015,"Miercoles",0,10:45:00,,"0.0",2,"Moto/Ciclomotor,Automóvil","Gorriti 4715",4,3,0,0,1,0,0,,"Avenida",,"SANTA FE","La Capital","Hormigón","Pavimento","I","Dentro","Urbana","S/D","No existe","Recta","Bueno","Buena","Diurna","Buen Tiempo","Lateral","S/D","Colisión","S/D","S/D","Cordón divisorio","Sin restricción"
2015,10080,03/12/2015,"Jueves",0,22:50:00,,"0.0",2,"Bicicleta,Moto/Ciclomotor","Av Blas Parera Y Millan Medina",2,2,0,0,0,0,0,"-31.593277777778,-60.723638888889","Avenida",,"SANTA FE","La Capital","Hormigón","Pavimento","I","Dentro","Urbana","S/D","Funciona","Intersección","Bueno","Buena","Nocturna","Buen Tiempo","S/D","S/D","Atropello","S/D","S/D","S/D","Sin restricción"
2015,10081,11/12/2015,"Viernes",0,22:15:00,,"0.0",2,"Moto/Ciclomotor,Automóvil","Av Blas Parera 8247",2,1,0,0,1,0,0,,"Avenida",,"SANTA FE","La Capital","Hormigón","Pavimento","I","Dentro","Urbana","Ninguna","No existe","Recta","Bueno","Buena","Nocturna","Buen Tiempo","Lateral","S/D","Colisión","S/D","Horizontal,Vertical","Cordón divisorio","Sin restricción"
2015,10082,04/12/2015,"Viernes",0,20:45:00,,"0.0",2,"Moto/Ciclomotor,Automóvil","Av Blas Parera 7200",3,1,0,0,2,0,0,,"Avenida",,"SANTA FE","La Capital","Hormigón","Pavimento","I","Dentro","Urbana","S/D","No existe","Recta","Bueno","Buena","Nocturna","Buen Tiempo","Lateral","S/D","Colisión","S/D","Horizontal,Vertical","S/D","S/D"
2015,10083,05/12/2015,"Sabado",0,09:00:00,,"0.0",2,"Moto/Ciclomotor,Automóvil","Av Blas Parera Y Beruti",2,1,0,0,1,0,0,,"Avenida",,"SANTA FE","La Capital","Hormigón","Pavimento","I","Dentro","Urbana","S/D","S/D","Intersección","Bueno","Buena","Diurna","Buen Tiempo","Lateral","S/D","Colisión","S/D","S/D","S/D","S/D"
2015,10084,05/12/2015,"Sabado",0,12:50:00,,"0.0",2,"Moto/Ciclomotor,Automóvil","Estanislao Zeballos Y Estrada",2,1,0,0,1,0,0,,"Calle",,"SANTA FE","La Capital","Hormigón","Pavimento","I","Dentro","Urbana","S/D","No existe","Intersección","Bueno","Buena","Diurna","Buen Tiempo","Lateral","S/D","Colisión","Material Suelto","Horizontal,Vertical","S/D","S/D"
2015,10085,05/12/2015,"Sabado",0,20:35:00,,"0.0",1,"Moto/Ciclomotor","Av Blas Parera Y Gorostiaga",3,2,0,0,1,0,0,,"Avenida",,"SANTA FE","La Capital","Hormigón","Pavimento","I","Dentro","Urbana","Ninguna","No existe","Intersección","Bueno","Buena","Diurna","Buen Tiempo","Lateral","S/D","Colisión","S/D","S/D","S/D","S/D"
2015,10086,05/12/2015,"Sabado",0,23:40:00,,"0.0",2,"Moto/Ciclomotor,Automóvil","Av Blas Parera Y Azcuenaga",2,1,0,0,1,0,0,,"Avenida",,"SANTA FE","La Capital","Hormigón","Pavimento","I","Dentro","Urbana","S/D","S/D","Intersección","Bueno","Buena","Nocturna","Buen Tiempo","Lateral","S/D","Colisión","S/D","S/D","S/D","Sin restricción"
2015,10087,12/12/2015,"Sabado",0,02:20:00,,"0.0",2,"Moto/Ciclomotor,Pickup/Utilitario","Av Peñaloza Y Risso",2,1,0,0,1,0,0,,"Avenida",,"SANTA FE","La Capital","Hormigón","Pavimento","I","Dentro","Urbana","Ninguna","S/D","Intersección","Bueno","Buena","Nocturna,Con luz artificial","Buen Tiempo","Lateral","S/D","Colisión","Agua","Vertical","Cordón divisorio","Sin restricción"