"anio_acci","nro_acci","fecha","desc_dia","fecha_aprox","hora_aprox","desc_ruta","km","cant_participantes","desc_participante","calle_avenida_km","total","heridos_leves","heridos_graves","heridos_gravisimos","ilesos","fallecidos","sin_datos","posicion_XY","desc_tipo_via","desc_ruta_ori","desc_loc","desc_dpto","desc_tipo_calzada","desc_tipo_banquina","desc_unidad_regional","desc_lugar_calzada","desc_zona","desc_prioridad","desc_estado_semaforo","desc_lugar_via","desc_estado_via","desc_estado_visibilidad","desc_luminosidad","desc_estado_clima","desc_tipo_colision","desc_tipo_atropello","desc_tipo_hecho","desc_pres_calzada","desc_senializacion","desc_separacion_via","desc_restriccion"
2015,10244,10/11/2015,"Martes",0,19:00:00,,"0.0",2,"Moto/Ciclomotor,Automóvil","Av A del Valle Y Risso",2,0,1,0,1,0,0,,"S/D",,"SANTA FE","La Capital","S/D","S/D","I","S/D","S/D","S/D","S/D","S/D","S/D","S/D","Atardecer","S/D","S/D","S/D","Colisión","S/D","S/D","S/D","S/D"
2015,10245,27/11/2015,"Viernes",0,19:00:00,,"0.0",1,"Pickup/Utilitario","Misiones 6500",1,1,0,0,0,0,0,,"Calle",,"SANTA FE","La Capital","S/D","S/D","I","S/D","S/D","S/D","S/D","S/D","S/D","S/D","S/D","S/D","S/D","S/D","Despiste","S/D","S/D","S/D","S/D"
2015,10246,30/11/2015,"Lunes",0,15:20:00,,"0.0",2,"Moto/Ciclomotor,Vehículo Oficial","Cordoba Y Mitre",2,1,0,0,1,0,0,,"S/D",,"OLIVEROS","Iriondo","S/D","S/D","X","S/D","S/D","S/D","S/D","S/D","S/D","S/D","Diurna","S/D","S/D","S/D","Colisión","S/D","S/D","S/D","S/D"
2015,10247,29/11/2015,"Domingo",0,06:25:00,,"0.0",2,"Pickup/Utilitario,Automóvil","Calle 9 Y Calle 26",4,4,0,0,0,0,0,,"S/D",,"AVELLANEDA","General Obligado","S/D","S/D","IX","S/D","S/D","S/D","S/D","S/D","S/D","S/D","Amanecer","S/D","S/D","S/D","Colisión","S/D","S/D","S/D","S/D"
2015,10248,27/11/2015,"Viernes",0,22:00:00,"Ruta Nacional 11","768.5",2,"Automóvil,Automóvil"," ",4,1,0,0,3,0,0,,"Ruta",11,"MALABRIGO","General Obligado","S/D","S/D","IX","S/D","S/D","S/D","S/D","S/D","S/D","S/D","Nocturna","S/D","S/D","S/D","S/D","S/D","S/D","S/D","S/D"
2015,10249,27/11/2015,"Viernes",0,11:55:00,,"740.0",1,"Pickup/Utilitario"," ",2,2,0,0,0,0,0,,"S/D",,"MALABRIGO","General Obligado","S/D","S/D","IX","S/D","S/D","S/D","S/D","S/D","S/D","S/D","Diurna","S/D","S/D","S/D","Vuelco","S/D","S/D","S/D","S/D"
2015,10250,27/11/2015,"Viernes",0,08:30:00,,"0.0",2,"Moto/Ciclomotor,Automóvil","Calle 44-27 de Abril Y Calle 31-Newbery",2,1,0,0,1,0,0,,"S/D",,"RECONQUISTA","General Obligado","S/D","S/D","IX","S/D","S/D","S/D","S/D","S/D","S/D","S/D","Diurna","S/D","S/D","S/D","Colisión","S/D","S/D","S/D","S/D"
2015,10251,02/12/2015,"Miercoles",0,18:30:00,,"0.0",1,"Moto/Ciclomotor"," ",3,2,0,0,0,1,0,"-31.661307, -60.698970","Calle",,"ALTO VERDE","La Capital","S/D","S/D","I","Dentro","Urbana","S/D","S/D","S/D","S/D","S/D","Atardecer","S/D","Contra objeto fijo","S/D","Colisión","S/D","S/D","S/D","S/D"
2015,10252,02/12/2015,"Miercoles",0,18:35:00,"Ruta Nacional 168","0.0",1,"Vehículo Oficial","PUENTE OROÑO ",1,1,0,0,0,0,0,,"Ruta",168,"SANTA FE","La Capital","Hormigón","No existe","I","Dentro","Urbana","S/D","No existe","Puente","Bueno","S/D","Atardecer","S/D","S/D","S/D","Caída ocupante","S/D","Horizontal,Vertical","S/D","S/D"
2015,10253,03/12/2015,"Jueves",0,12:10:00,"Ruta Nacional A007","0.0",1,"Pickup/Utilitario","AV CIRCUNVALACION ZONA ACCESO A LA AUTOPISTA ",1,1,0,0,0,0,0,,"Ruta","A007","SANTA FE","La Capital","Hormigón","S/D","I","Dentro","Urbana","S/D","S/D","S/D","S/D","S/D","Diurna","S/D","S/D","S/D","Despeñamiento,Vuelco,Despiste","S/D","S/D","S/D","S/D"
2015,10254,15/11/2015,"Domingo",0,07:00:00,,"0.0",2,"Automóvil,Automóvil","Pellegrini Y Ituzaingo",2,1,0,0,1,0,0,,"Calle",,"CAÑADA DE GÓMEZ","Iriondo","S/D","S/D","X","S/D","S/D","S/D","S/D","S/D","S/D","S/D","Diurna","S/D","S/D","S/D","Colisión","S/D","S/D","S/D","S/D"
2015,10255,03/12/2015,"Jueves",0,12:35:00,"Ruta Nacional 11","751.0",2,"Automóvil,Automóvil"," ",5,4,1,0,0,0,0,,"Ruta",11,"MALABRIGO","General Obligado","Hormigón","Natural","IX","Dentro","Urbana","S/D","S/D","S/D","S/D","S/D","Diurna","S/D","S/D","S/D","Colisión","S/D","S/D","S/D","S/D"
2015,10256,21/11/2015,"Sabado",0,16:20:00,"Autopista Nacional Rosario -Cordoba","302.0",1,"Automóvil"," ",1,1,0,0,0,0,0,,"Autopista","Rosario -Cordoba","ROSARIO","Rosario","S/D","S/D","II","S/D","S/D","S/D","S/D","S/D","S/D","S/D","Diurna","S/D","S/D","S/D","Vuelco","S/D","S/D","S/D","S/D"
2015,10257,01/12/2015,"Martes",0,07:20:00,,"0.0",2,"Moto/Ciclomotor,Automóvil","Mendoza Y 4 de Enero",2,1,0,0,1,0,0,,"Calle",,"SANTA FE","La Capital","Hormigón","No existe","I","Dentro","Urbana","S/D","No existe","Intersección","S/D","S/D","Diurna","Buen Tiempo","Lateral","S/D","Colisión","S/D","Horizontal","S/D","Sin restricción"
2015,10258,05/12/2015,"Sabado",0,18:30:00,,"0.0",1,"Moto/Ciclomotor","Av San Martin 100",1,1,0,0,0,0,0,,"Calle",,"FRAY LUIS BELTRÁN","San Lorenzo","S/D","S/D","XVII","Dentro","Urbana","S/D","S/D","Recta","S/D","S/D","Atardecer","S/D","S/D","S/D","Caída ocupante","S/D","S/D","S/D","S/D"
2015,10259,05/12/2015,"Sabado",0,12:20:00,"Autopista Provincial Brigadier E.López","22.0",2,"Automóvil,Automóvil"," ",4,3,0,0,1,0,0,,"Autopista","Brigadier E.López","SAN LORENZO","San Lorenzo","Hormigón","Natural","XVII","Dentro","Rural","S/D","No existe","S/D","S/D","S/D","Diurna","S/D","S/D","S/D","Colisión","S/D","Horizontal,Vertical","S/D","S/D"
2015,10260,12/12/2015,"Sabado",0,04:45:00,,"0.0",2,"Moto/Ciclomotor,Automóvil","Zuviria 200",2,1,0,0,1,0,0,,"Calle",,"ROSARIO","Rosario","S/D","S/D","II","Dentro","Urbana","S/D","S/D","Intersección","S/D","S/D","Nocturna","S/D","S/D","S/D","Colisión","S/D","S/D","S/D","S/D"
2015,10261,13/12/2015,"Domingo",0,,"Ruta Nacional 11","435.0",2,"Bicicleta,Automóvil"," ",2,0,0,1,1,0,0,,"Ruta",11,"DESVÍO ARIJÓN","San Jerónimo","Hormigón","Natural","XV","Dentro","Rural","S/D","S/D","S/D","S/D","S/D","S/D","S/D","S/D","S/D","Atropello","S/D","S/D","S/D","S/D"
2015,10262,15/12/2015,"Martes",0,23:30:00,,"0.0",1,"Moto/Ciclomotor","ISLAS MALVINAS Y CALLE PUBLICA",1,0,1,0,0,0,0,,"Calle",,"ARROYO SECO","Rosario","S/D","S/D","II","Dentro","Urbana","S/D","S/D","Intersección","S/D","S/D","Nocturna","S/D","Contra objeto fijo","S/D","Colisión","S/D","Vertical","S/D","Obra en Construcción"
2015,10263,19/12/2015,"Sabado",0,03:00:00,,"0.0",2,"Moto/Ciclomotor,Tren","Cochabamba Y Mejico",2,1,0,0,1,0,0,,"Calle",,"ROSARIO","Rosario","S/D","S/D","II","Dentro","Urbana","S/D","S/D","Paso a Nivel FFCC","S/D","S/D","Nocturna","S/D","Lateral","S/D","Colisión","S/D","S/D","S/D","S/D"
2015,10264,19/12/2015,"Sabado",0,05:30:00,,"0.0",2,"Moto/Ciclomotor,Automóvil","Av. Uriburu Y Grandoli",3,2,0,0,1,0,0,,"Calle",,"ROSARIO","Rosario","S/D","S/D","II","Dentro","Urbana","S/D","S/D","Intersección","S/D","S/D","Nocturna","S/D","S/D","S/D","Colisión","S/D","S/D","S/D","S/D"
2015,10265,14/11/2015,"Sabado",0,12:35:00,,"0.0",1,"Moto/Ciclomotor","Bv. Balcarce Y Quintana",2,2,0,0,0,0,0,,"S/D",,"CAÑADA DE GÓMEZ","Iriondo","S/D","S/D","X","S/D","S/D","S/D","S/D","S/D","S/D","S/D","Diurna","S/D","Atropello animal","S/D","Colisión","S/D","S/D","S/D","S/D"
2015,10266,20/11/2015,"Viernes",0,,,"0.0",2,"Camión,Automóvil"," ",2,1,0,0,1,0,0,,"S/D",,"SANTA FE","La Capital","S/D","S/D","I","S/D","S/D","S/D","S/D","S/D","S/D","S/D","S/D","S/D","S/D","S/D","Colisión","S/D","S/D","S/D","S/D"
2015,10267,21/11/2015,"Sabado",0,,,"0.0",2,"Moto/Ciclomotor,Moto/Ciclomotor","Furlong Y Santa Fe",4,1,0,0,3,0,0,,"S/D",,"ROSARIO","Rosario","S/D","S/D","II","S/D","S/D","S/D","S/D","S/D","S/D","S/D","S/D","S/D","S/D","S/D","Colisión","S/D","S/D","S/D","S/D"
2015,10268,21/11/2015,"Sabado",0,14:00:00,,"0.0",2,"Automóvil,Moto/Ciclomotor"," ",2,1,0,0,1,0,0,,"S/D",,"RECREO","La Capital","S/D","S/D","I","S/D","S/D","S/D","S/D","S/D","S/D","S/D","Diurna","S/D","S/D","S/D","Colisión","S/D","S/D","S/D","S/D"
2015,10269,19/12/2015,"Sabado",0,10:30:00,,"0.0",2,"Automóvil,Automóvil","Tte.Agneta Y F.M.Esquiu",3,3,0,0,0,0,0,,"Calle",,"ROSARIO","Rosario","S/D","S/D","II","Dentro","Urbana","S/D","S/D","Intersección","S/D","S/D","Diurna","S/D","S/D","S/D","Colisión","S/D","S/D","S/D","S/D"
2015,10270,30/12/2015,"Miercoles",0,09:30:00,"Ruta Provincial 20","0.0",1,"Automóvil","RP20 ZR A 3 KM DE ZU ",1,1,0,0,0,0,0,,"Ruta",20,"LAS PETACAS","San Martín","Ripio","No existe","XVIII","Dentro","Rural","Ninguna","No existe","Recta","Bueno","Buena","Diurna","Buen Tiempo","S/D","S/D","Vuelco","Material Suelto","Faltante","Ninguna","Sin restricción"
2015,10271,15/12/2015,"Martes",0,12:45:00,"Autopista Nacional Gral. Juan Jose Valle","253.0",1,"Automóvil"," ",2,1,1,0,0,0,0,,"Autopista","Gral. Juan Jose Valle","PAVÓN","Constitución","Hormigón","Natural","VI","Dentro","Urbana","S/D","No existe","S/D","S/D","S/D","Diurna","S/D","S/D","S/D","Vuelco,Despiste","S/D","S/D","S/D","S/D"
2015,10272,17/12/2015,"Jueves",0,12:40:00,"Ruta Nacional A012","0.0",2,"Automóvil,Camión"," ",6,5,0,0,1,0,0,,"Ruta","A012","RICARDONE","San Lorenzo","Hormigón","S/D","XVII","Dentro","Urbana","S/D","S/D","S/D","S/D","S/D","Diurna","S/D","S/D","S/D","S/D","S/D","S/D","S/D","S/D"
2015,10273,18/12/2015,"Viernes",0,08:00:00,"Autopista Provincial Brigadier E.López","7.0",1,"Pickup/Utilitario"," ",13,10,0,0,3,0,0,,"Autopista","Brigadier E.López","CAPITÁN BERMÚDEZ","San Lorenzo","Hormigón","S/D","XVII","Dentro","Rural","S/D","S/D","S/D","S/D","S/D","Diurna","S/D","S/D","S/D","Vuelco","S/D","S/D","S/D","S/D"
2015,10274,19/12/2015,"Sabado",0,13:00:00,"Autopista Provincial Brigadier E.López","0.0",3,"Transporte de Pasajeros,Camión,Automóvil","RNA012 Y RP18 ",3,1,0,0,2,0,0,,"Autopista","Brigadier E.López","PIÑERO","Rosario","Hormigón","Natural","II","Dentro","Urbana","S/D","S/D","Intersección","S/D","S/D","Diurna","S/D","Múltiple","S/D","Colisión","S/D","Horizontal,Vertical","S/D","S/D"
2015,10275,19/12/2015,"Sabado",0,21:40:00,"Ruta Provincial 18","0.0",2,"Pickup/Utilitario,Automóvil"," ",4,1,0,0,3,0,0,,"Ruta",18,"PIÑERO","Rosario","S/D","S/D","II","Dentro","S/D","S/D","S/D","S/D","S/D","S/D","Nocturna","S/D","S/D","S/D","S/D","S/D","S/D","S/D","S/D"
2015,10276,27/12/2015,"Domingo",0,21:30:00,"Autopista Provincial Brigadier E.López","2.0",2,"Automóvil,Automóvil"," ",3,1,0,0,2,0,0,,"Autopista","Brigadier E.López","ROSARIO","Rosario","Hormigón","Natural","II","S/D","Rural","S/D","S/D","S/D","S/D","S/D","Nocturna","S/D","S/D","S/D","Colisión","S/D","S/D","S/D","S/D"
2015,10277,28/12/2015,"Lunes",0,00:40:00,"Ruta Nacional 33","587.0",3,"Camión,Camión,Camión"," ",3,1,0,0,1,0,1,,"Ruta",33,"SANCTI SPÍRITU","General López","Hormigón","Natural","VIII","Dentro","S/D","S/D","S/D","S/D","S/D","S/D","Nocturna","S/D","Múltiple","S/D","Colisión,Vuelco","S/D","S/D","S/D","S/D"
2015,10278,29/12/2015,"Martes",0,13:50:00,"Ruta Nacional 19","111.0",1,"Automóvil"," ",6,6,0,0,0,0,0,,"Ruta",19,"FRONTERA","Castellanos","Hormigón","Natural","V","Dentro","S/D","S/D","S/D","S/D","S/D","S/D","Diurna","S/D","S/D","S/D","Despiste","S/D","S/D","S/D","S/D"
2015,10279,30/12/2015,"Miercoles",0,16:30:00,"Ruta Nacional 33","0.0",1,"Moto/Ciclomotor"," ",1,1,0,0,0,0,0,,"Ruta",33,"VENADO TUERTO","General López","Hormigón","S/D","II","Dentro","S/D","S/D","S/D","S/D","S/D","S/D","Diurna","S/D","S/D","S/D","Caída ocupante","S/D","S/D","S/D","S/D"
2015,10280,14/12/2015,"Lunes",0,11:00:00,,"0.0",2,"Bicicleta,Automóvil","Gral Manuel Belgrano Y Chacabuco",2,1,0,0,1,0,0,,"Calle",,"VENADO TUERTO","General López","S/D","S/D","VIII","Dentro","Urbana","S/D","S/D","Intersección","S/D","S/D","Diurna","S/D","S/D","S/D","Atropello","S/D","S/D","S/D","S/D"
2015,10281,14/12/2015,"Lunes",0,15:20:00,,"0.0",2,"Moto/Ciclomotor,Automóvil","Bernardo de Monteagudo Y 25 de Mayo",4,2,0,0,2,0,0,,"Calle",,"VENADO TUERTO","General López","S/D","S/D","VIII","Dentro","Urbana","S/D","S/D","Intersección","S/D","S/D","Diurna","S/D","Lateral","S/D","Colisión","S/D","S/D","S/D","S/D"
2015,10282,14/12/2015,"Lunes",0,15:20:00,,"0.0",1,"Moto/Ciclomotor"," ",1,1,0,0,0,0,0,,"Calle",,"VENADO TUERTO","General López","S/D","S/D","VIII","Dentro","Urbana","S/D","S/D","S/D","S/D","S/D","Diurna","S/D","S/D","S/D","Caída ocupante","S/D","S/D","S/D","S/D"
2015,10283,31/12/2015,"Jueves",0,10:00:00,,"0.0",2,"Moto/Ciclomotor,Pickup/Utilitario","Dr Galvez Y Domingo Faustino Sarmiento",2,0,1,0,1,0,0,,"Calle",,"ESPERANZA","Las Colonias","S/D","S/D","XI","Dentro","Urbana","S/D","S/D","Intersección","S/D","S/D","Diurna","S/D","S/D","S/D","Colisión","S/D","S/D","S/D","S/D"
2015,10284,31/12/2015,"Jueves",0,21:30:00,"Ruta Provincial 70","0.0",2,"Moto/Ciclomotor,Automóvil","Jose Maurer ",3,1,0,0,2,0,0,,"Ruta",70,"ESPERANZA","Las Colonias","Hormigón","Natural","XI","Dentro","Urbana","S/D","S/D","Cruce","S/D","S/D","Nocturna","S/D","S/D","S/D","Colisión","S/D","S/D","S/D","S/D"
2015,10285,01/12/2015,"Martes",1,19:30:00,,"0.0",2,"Moto/Ciclomotor,Automóvil","Hernandarias Y Presidente Bernardino Rivadavi",2,1,0,0,1,0,0,,"Calle",,"SANTO TOMÉ","La Capital","Hormigón","S/D","I","Dentro","Urbana","S/D","S/D","Intersección","S/D","S/D","Diurna","S/D","S/D","S/D","Colisión","S/D","S/D","S/D","S/D"
2015,10286,21/12/2015,"Lunes",0,12:00:00,,"0.0",2,"Automóvil,Bicicleta","Gral Manuel Belgrano Y Maipu",2,1,0,0,1,0,0,,"Calle",,"VENADO TUERTO","General López","S/D","S/D","VIII","Dentro","Urbana","S/D","S/D","Intersección","S/D","S/D","Diurna","S/D","S/D","S/D","Atropello","S/D","S/D","S/D","S/D"
2015,10287,20/12/2015,"Domingo",0,16:10:00,"Ruta Nacional 8","0.0",1,"Moto/Ciclomotor","P Jose T Maxwell Y Marcos Ciani",2,2,0,0,0,0,0,,"Ruta",8,"VENADO TUERTO","General López","Hormigón","Natural","VIII","Dentro","Urbana","S/D","No existe","Cruce","S/D","Buena","Diurna","Buen Tiempo","S/D","S/D","Caída ocupante","S/D","Horizontal","S/D","S/D"
2015,10288,20/12/2015,"Domingo",0,,,"0.0",2,"Moto/Ciclomotor,Moto/Ciclomotor","Laurencio Maradona ",2,2,0,0,0,0,0,,"Calle",,"SANTA FE","La Capital","Hormigón","Natural","I","Dentro","Urbana","S/D","No existe","S/D","S/D","S/D","Diurna","S/D","S/D","S/D","Colisión","S/D","Horizontal","S/D","S/D"
2015,10289,20/12/2015,"Domingo",0,01:05:00,,"0.0",2,"Moto/Ciclomotor,Automóvil","Calle 111 Y Calle 114",2,1,0,0,1,0,0,,"Calle",,"AVELLANEDA","General Obligado","S/D","S/D","IX","Dentro","Urbana","S/D","S/D","Intersección","S/D","S/D","Nocturna","S/D","S/D","S/D","Colisión","S/D","S/D","S/D","S/D"
2015,10290,21/12/2015,"Lunes",0,22:00:00,"Ruta Nacional 9","0.0",2,"Moto/Ciclomotor,Automóvil","Sarmiento ",2,1,0,0,1,0,0,,"Ruta",9,"CORREA","Iriondo","Hormigón","S/D","X","Dentro","Urbana","S/D","S/D","Cruce","S/D","S/D","Nocturna","S/D","S/D","S/D","Colisión","S/D","S/D","S/D","S/D"
2015,10291,20/12/2015,"Domingo",0,08:40:00,,"0.0",1,"Moto/Ciclomotor","Francisco Conti ",1,1,0,0,0,0,0,,"Calle",,"VILLA OCAMPO","General Obligado","Hormigón","No existe","IX","Dentro","Urbana","Ninguna","No existe","Rotonda","Bueno","S/D","Diurna","Buen Tiempo","S/D","S/D","Caída ocupante","Ninguna","Horizontal,Vertical","S/D","Sin restricción"
2015,10292,20/12/2015,"Domingo",0,21:00:00,,"0.0",1,"Moto/Ciclomotor","Avenida San Martin Y Alberdi",2,1,0,0,1,0,0,,"Calle",,"VILLA OCAMPO","General Obligado","Hormigón","No existe","IX","Dentro","Urbana","S/D","S/D","Recta","S/D","S/D","Nocturna","S/D","Contra objeto fijo","S/D","Colisión","S/D","S/D","Cordón divisorio","Sin restricción"
2015,10293,19/12/2015,"Sabado",0,22:10:00,,"0.0",2,"Moto/Ciclomotor,Moto/Ciclomotor","Cordoba Y Alvear",3,3,0,0,0,0,0,,"Calle",,"VILLA GUILLERMINA","General Obligado","S/D","S/D","IX","Dentro","Urbana","S/D","S/D","Intersección","S/D","S/D","Nocturna","S/D","S/D","S/D","S/D","S/D","S/D","S/D","S/D"
2015,10294,19/12/2015,"Sabado",0,21:35:00,,"0.0",2,"Moto/Ciclomotor,Pickup/Utilitario","Calle 44-27 de Abril Y Calle 17-Bartolome Mitre",3,2,0,0,1,0,0,,"Calle",,"RECONQUISTA","General Obligado","S/D","S/D","IX","Dentro","Urbana","S/D","S/D","Intersección","S/D","S/D","Nocturna","S/D","S/D","S/D","Colisión","S/D","S/D","S/D","S/D"
2015,10295,19/12/2015,"Sabado",0,13:40:00,,"0.0",2,"Moto/Ciclomotor,Pickup/Utilitario","Calle 47-Islas Malvinas 854",2,1,0,0,1,0,0,,"Calle",,"RECONQUISTA","General Obligado","S/D","S/D","IX","Dentro","Urbana","S/D","S/D","Recta","S/D","S/D","Diurna","S/D","S/D","S/D","Colisión","S/D","S/D","S/D","S/D"
2015,10296,18/12/2015,"Viernes",0,20:10:00,,"0.0",2,"Moto/Ciclomotor,Automóvil","Calle 13 Y Calle 2",3,2,0,0,1,0,0,,"Calle",,"AVELLANEDA","General Obligado","S/D","S/D","IX","Dentro","Urbana","S/D","S/D","Intersección","S/D","S/D","Nocturna","S/D","S/D","S/D","Colisión","S/D","S/D","S/D","S/D"
2015,10297,25/12/2015,"Viernes",0,,,"0.0",2,"Peatón,Pickup/Utilitario"," ",2,0,0,0,0,1,1,"-33.750907, -61.964580","S/D",,"VENADO TUERTO","General López","S/D","S/D","VIII","S/D","Urbana","S/D","S/D","S/D","S/D","S/D","S/D","S/D","S/D","S/D","Atropello","S/D","S/D","S/D","S/D"
2015,10298,06/12/2015,"Domingo",0,,,"0.0",1,"Camión"," ",2,0,0,0,0,1,1,"-32.955831, -60.649245","S/D",,"ROSARIO","Rosario","S/D","S/D","II","S/D","S/D","S/D","S/D","S/D","S/D","S/D","S/D","S/D","S/D","S/D","Vuelco","S/D","S/D","S/D","S/D"
2015,10299,31/12/2015,"Jueves",0,,,"0.0",1,"Otros"," ",1,0,0,0,0,1,0,"-32.956567, -60.645058","S/D",,"ROSARIO","Rosario","S/D","S/D","II","S/D","S/D","S/D","S/D","S/D","S/D","S/D","S/D","S/D","S/D","S/D","S/D","S/D","S/D","S/D","S/D"
2015,10300,25/12/2015,"Viernes",0,,,"0.0",1,"Otros"," ",1,0,0,0,0,1,0,"-33.024475, -60.631744","S/D",,"VILLA GOBERNADOR GÁLVEZ","Rosario","S/D","S/D","II","S/D","S/D","S/D","S/D","S/D","S/D","S/D","S/D","S/D","S/D","S/D","S/D","S/D","S/D","S/D","S/D"
2015,10301,21/12/2015,"Lunes",0,,,"0.0",1,"Otros"," ",1,0,0,0,0,1,0,"-32.934493, -60.677937","S/D",,"ROSARIO","Rosario","S/D","S/D","II","S/D","S/D","S/D","S/D","S/D","S/D","S/D","S/D","S/D","S/D","S/D","S/D","S/D","S/D","S/D","S/D"
2015,10302,13/11/2015,"Viernes",0,22:00:00,,"0.0",2,"Moto/Ciclomotor,Pickup/Utilitario","Quintana Y Juan Lavalle",3,1,1,0,1,0,0,,"Calle",,"VENADO TUERTO","General López","Asfalto","S/D","VIII","Dentro","Urbana","S/D","No existe","Intersección","Bueno","S/D","Nocturna","S/D","S/D","S/D","Colisión","S/D","S/D","S/D","S/D"
2015,10303,11/11/2015,"Miercoles",0,20:55:00,,"0.0",2,"Moto/Ciclomotor,Moto/Ciclomotor","Mariano Moreno Y Quintana",2,1,0,0,1,0,0,,"Calle",,"VENADO TUERTO","General López","Asfalto","S/D","VIII","Dentro","Urbana","S/D","S/D","Intersección","Bueno","S/D","Nocturna","S/D","S/D","S/D","Colisión","S/D","S/D","S/D","S/D"
2015,10304,11/11/2015,"Miercoles",0,03:00:00,,"0.0",2,"Automóvil,Moto/Ciclomotor","Leandro N Alem Y Dante Alighieri",2,0,0,1,1,0,0,,"Calle",,"VENADO TUERTO","General López","S/D","No existe","VIII","Dentro","Urbana","S/D","S/D","Intersección","Bueno","S/D","Nocturna","S/D","S/D","S/D","Colisión","S/D","S/D","S/D","S/D"
2015,10305,10/11/2015,"Martes",0,,,"0.0",2,"Automóvil,Pickup/Utilitario","Bv 12 de octubre Y Bartolome Mitre",3,1,0,0,2,0,0,,"Calle",,"VENADO TUERTO","General López","Asfalto","S/D","VIII","Dentro","Urbana","S/D","Funciona","Recta","Bueno","S/D","S/D","S/D","S/D","S/D","Colisión","S/D","S/D","S/D","S/D"
2015,10306,24/10/2015,"Sabado",0,05:30:00,,"0.0",2,"Automóvil,Moto/Ciclomotor","Guillermo Brown Y Juan Lavalle",2,1,0,0,1,0,0,,"Calle",,"VENADO TUERTO","General López","Asfalto","No existe","VIII","Dentro","Urbana","S/D","No existe","Intersección","Bueno","Buena","Nocturna","Buen Tiempo","Lateral","S/D","Colisión","S/D","S/D","S/D","S/D"
2015,10307,10/11/2015,"Martes",0,,,"0.0",2,"Moto/Ciclomotor,Automóvil","Casey Y Roca",2,0,1,0,1,0,0,,"Calle",,"VENADO TUERTO","General López","Asfalto","No existe","VIII","Dentro","Urbana","S/D","No existe","Intersección","Bueno","Buena","S/D","S/D","S/D","S/D","Colisión","S/D","S/D","S/D","S/D"
2015,10308,23/10/2015,"Viernes",0,21:45:00,,"0.0",2,"Automóvil,Moto/Ciclomotor","Coronel Dorrego Y P Jose T Maxwell",2,1,0,0,1,0,0,,"Calle",,"VENADO TUERTO","General López","Ripio","No existe","VIII","Dentro","Urbana","S/D","No existe","Intersección","Con baches,Deteriorada","Reducida","Nocturna,Con luz artificial","Buen Tiempo","Lateral","S/D","Colisión","S/D","S/D","S/D","S/D"
2015,10309,22/10/2015,"Jueves",0,,,"0.0",2,"Automóvil,Moto/Ciclomotor","Jujuy Y Corrientes",2,1,0,0,1,0,0,,"Calle",,"VENADO TUERTO","General López","Asfalto","No existe","VIII","Dentro","Urbana","S/D","No existe","Intersección","Bueno","Buena","S/D","S/D","Lateral","S/D","Colisión","S/D","S/D","S/D","S/D"
2015,10310,22/10/2015,"Jueves",0,,,"0.0",2,"Automóvil,Bicicleta","Av Dr Luis Chapuis Y Felix Goumonde",2,1,0,0,1,0,0,,"Avenida",,"VENADO TUERTO","General López","Asfalto","No existe","VIII","Dentro","Urbana","S/D","No existe","Intersección","Bueno","S/D","S/D","S/D","S/D","S/D","Atropello","S/D","S/D","S/D","S/D"
2015,10311,22/10/2015,"Jueves",0,10:00:00,,"0.0",2,"Automóvil,Peatón","25 de Mayo Y Gral Jose de San Martin",2,1,0,0,1,0,0,,"Calle",,"VENADO TUERTO","General López","Asfalto","No existe","VIII","Fuera","Urbana","S/D","No existe","Intersección","Bueno","Buena","Diurna","Buen Tiempo","S/D","S/D","Atropello","S/D","S/D","S/D","S/D"
2015,10312,09/11/2015,"Lunes",0,09:27:00,,"0.0",2,"Moto/Ciclomotor,Moto/Ciclomotor","Santa Fe Y Alvear",2,1,0,0,1,0,0,,"Calle",,"VENADO TUERTO","General López","Asfalto","No existe","VIII","Dentro","Urbana","S/D","No existe","Intersección","Bueno","Buena","Diurna","S/D","S/D","S/D","Colisión","S/D","S/D","S/D","S/D"
2015,10313,22/10/2015,"Jueves",0,06:50:00,"Ruta Nacional 8","0.0",2,"Bicicleta,Camión","Ruta Nac 8 Y 25 de Mayo",2,0,1,0,1,0,0,,"Ruta",8,"VENADO TUERTO","General López","Hormigón","No existe","VIII","S/D","Urbana","S/D","No existe","Recta","Bueno","Buena","Diurna","Buen Tiempo","S/D","S/D","Atropello","S/D","S/D","S/D","S/D"
2015,10314,10/10/2015,"Sabado",0,,,"0.0",2,"Moto/Ciclomotor,Pickup/Utilitario","Lisandro de la Torre Y Maipu",2,1,0,0,1,0,0,,"Avenida",,"VENADO TUERTO","General López","Asfalto","No existe","VIII","Dentro","Urbana","S/D","No existe","Intersección","Bueno","Buena","S/D","Buen Tiempo","Lateral","S/D","Colisión","S/D","Vertical","S/D","S/D"
2015,10315,29/10/2015,"Jueves",0,18:40:00,,"0.0",2,"Moto/Ciclomotor,Automóvil","Catamarca 497",3,2,0,0,1,0,0,,"Calle",,"VENADO TUERTO","General López","Asfalto","No existe","VIII","Dentro","Urbana","S/D","No existe","Recta","Bueno","Buena","Diurna","S/D","S/D","S/D","Colisión","S/D","S/D","S/D","S/D"
2015,10316,28/10/2015,"Miercoles",0,12:20:00,,"0.0",3,"Automóvil,Automóvil,Bicicleta","España Y Martin de Pueyrredon",4,2,0,0,2,0,0,,"Calle",,"VENADO TUERTO","General López","Asfalto","No existe","VIII","Dentro","Urbana","S/D","No existe","Intersección","Bueno","Buena","Diurna","S/D","Múltiple","S/D","Colisión","S/D","S/D","S/D","S/D"
2015,10317,13/12/2015,"Domingo",0,20:40:00,"Ruta Provincial 90","86.0",2,"Automóvil,Automóvil"," ",5,2,1,0,1,0,1,,"Ruta",90,"ALCORTA","Constitución","S/D","S/D","VI","Dentro","Urbana","S/D","S/D","Recta","S/D","S/D","S/D","Buen Tiempo","De alcance","S/D","Colisión","S/D","S/D","S/D","S/D"
2015,10318,26/12/2015,"Sabado",0,01:00:00,,"0.0",2,"Moto/Ciclomotor,Automóvil","Beruti Y Leumann",2,1,0,0,1,0,0,,"Calle",,"SANTA FE","La Capital","Asfalto","Natural","I","Dentro","Urbana","Ninguna","No existe","Intersección","Deteriorada","Reducida","Nocturna","Buen Tiempo","Lateral","S/D","Colisión","Material Suelto","Faltante","Ninguna","Sin restricción"
2015,10319,08/12/2015,"Martes",0,22:30:00,"Ruta Nacional A008","999.9",1,"Otros"," ",1,0,0,0,0,1,0,"-32.941333, -60.722500","Ruta","A008","ROSARIO","Rosario","Hormigón","S/D","II","Dentro","Urbana","S/D","S/D","S/D","S/D","S/D","Nocturna","S/D","S/D","S/D","S/D","S/D","S/D","S/D","S/D"